{"type":"FeatureCollection","features":[{"type":"Feature","properties":{"clues":"BCIMB000990"},"geometry":{"type":"Polygon","coordinates":[[[-117.05300808364305,32.49868878872249],[-117.05029273270391,32.493078185907166],[-117.04995194664941,32.48604485471479],[-117.06191577722852,32.48282353091899],[-117.06412432117442,32.48430591825042],[-117.06396576622109,32.48914008511532],[-117.07556054423503,32.498730024674074],[-117.07216649897805,32.507457710559436],[-117.06061521919847,32.49831699487521],[-117.05300808364305,32.49868878872249]]]}},{"type":"Feature","properties":{"clues":"BCIMB000874"},"geometry":{"type":"Polygon","coordinates":[[[-116.89630140681021,32.525523802728465],[-116.90184086705943,32.52896015251166],[-116.90258975013238,32.53315352151932],[-116.91015693613053,32.53758036175829],[-116.91210408246148,32.53650623970569],[-116.91375974170015,32.52702630739851],[-116.92306794855344,32.52930284400178],[-116.92252755847092,32.53724236810618],[-116.91457629575447,32.54777818332561],[-116.92184887741291,32.55151120355379],[-116.8443387393656,32.55792621959245],[-116.84653255564291,32.540316951469784],[-116.86392510435768,32.53513874758208],[-116.86753355453726,32.540284598227665],[-116.87293829518246,32.537524274095674],[-116.8779208990594,32.53798442677455],[-116.88148320728229,32.539969787337746],[-116.89039269329581,32.53205578990665],[-116.89289452682914,32.52698105553664],[-116.89630140681021,32.525523802728465]]]}},{"type":"Feature","properties":{"clues":"BCIMB001760"},"geometry":{"type":"MultiPolygon","coordinates":[[[[-117.0236965500722,32.282835155429616],[-117.02699085847726,32.29245177500958],[-117.02284248179005,32.29463061331812],[-117.01414154715104,32.28836072160594],[-117.01458194264832,32.28668156111176],[-117.0236965500722,32.282835155429616]]],[[[-116.98579635421002,32.30658816104277],[-116.98096472013086,32.315919196048874],[-116.97713504659008,32.31760633663168],[-116.97567482060298,32.32758744965429],[-116.96924676945721,32.32877246976119],[-116.95252220561169,32.326989714484306],[-116.95226598682788,32.32844801202105],[-116.96383955927273,32.34523942357655],[-116.95741973165785,32.350012835726204],[-116.96249697761536,32.36650411537272],[-116.98040914298768,32.3622505188547],[-116.98199197201177,32.3593459270795],[-116.99060575249266,32.357328313474575],[-117.0035892512428,32.3646963595972],[-117.00067114400797,32.37560458081532],[-116.98906945215163,32.380333312210155],[-116.99146091670742,32.39081598498987],[-117.00423697345425,32.38667178579232],[-117.00981548059487,32.38872512946739],[-117.00902865600246,32.39656951490134],[-117.0112015377181,32.401079911221906],[-117.00786578013643,32.40729027962023],[-116.99360478473783,32.40601996353615],[-116.99462438561365,32.41973073721431],[-116.97767812290098,32.420190276654],[-116.96938707515564,32.412169043309504],[-116.96593050272166,32.41785214600466],[-116.95994575287702,32.41565229838291],[-116.95005913093031,32.41722910322185],[-116.94769452631488,32.41962129701336],[-116.94492273100244,32.42003425250299],[-116.94088829881335,32.41769192315711],[-116.92594824578231,32.419377007530535],[-116.92297124780109,32.4242241559699],[-116.91464189887955,32.42321441314923],[-116.90746187028795,32.42616107961409],[-116.90747952024161,32.43020452784743],[-116.89770444574073,32.4358448459387],[-116.89121201945188,32.433612132952895],[-116.88919053531676,32.42514553913007],[-116.89338910795936,32.41106480162521],[-116.88549397385566,32.39867976621001],[-116.86265483505724,32.39989259676189],[-116.84811655821568,32.39098825159957],[-116.83979448632941,32.38853103924294],[-116.82968664160899,32.391445847768615],[-116.8075316753787,32.34374544421523],[-116.78561608112672,32.323534966852385],[-116.83973566271467,32.31678608574801],[-116.84456322417218,32.31188994861626],[-116.87221411022574,32.31107823375349],[-116.88370356119225,32.31290181542959],[-116.88949229960062,32.30779810985108],[-116.91278190958514,32.30935922279992],[-116.92255324241009,32.32347113611198],[-116.94986516225218,32.32250982872038],[-116.95689412671649,32.312514702046656],[-116.96306055279472,32.31046701791544],[-116.97145590259946,32.301828369799466],[-116.97318266171213,32.303328416422445],[-116.98418961064594,32.30486440099117],[-116.98695780932822,32.29798394468855],[-116.9904646016282,32.29783117234875],[-116.99470195728505,32.29489666329717],[-116.99852140023694,32.29850583307317],[-116.9932899005447,32.30911990273523],[-116.98579635421002,32.30658816104277]]]]}},{"type":"Feature","properties":{"clues":"BCIMB000512"},"geometry":{"type":"Polygon","coordinates":[[[-114.76464378038888,32.64316801934107],[-114.78142554031693,32.632557119136735],[-114.78543472045739,32.622369908820964],[-114.78685765713293,32.62184964211577],[-114.79056968504354,32.632660067963535],[-114.78776634451985,32.64479909479402],[-114.77620690451973,32.64972521931395],[-114.77492452651589,32.65389624792686],[-114.76804187382905,32.66117592977771],[-114.76801674901778,32.66688475693988],[-114.7885784477612,32.66915001344074],[-114.7944627560616,32.67239603328613],[-114.79829654470018,32.65823390865355],[-114.80255054710285,32.655462695289074],[-114.81893942424931,32.65007930471491],[-114.8227872645017,32.652503477978435],[-114.81811134822631,32.66737759989709],[-114.80847269300345,32.712790997382555],[-114.71971805985953,32.71865356953166],[-114.72914847969142,32.70539131950893],[-114.73425810979744,32.691475629537386],[-114.7376322897015,32.68909404913017],[-114.74610239952,32.67596196918424],[-114.75015925980911,32.661673849372484],[-114.76231257988997,32.651589229373684],[-114.76464378038888,32.64316801934107]]]}},{"type":"Feature","properties":{"clues":"BSIMB000696"},"geometry":{"type":"MultiPolygon","coordinates":[[[[-110.2864757469254,24.106003879490313],[-110.29238084362957,24.101313378679713],[-110.29962432226222,24.102148429309466],[-110.30762579447183,24.096296658783384],[-110.31221657752266,24.099839707692656],[-110.3126587438595,24.10610347648701],[-110.30796229893079,24.11206711496983],[-110.30573994764059,24.112379780609494],[-110.3038734440985,24.116604849033887],[-110.29970458334822,24.11921496074915],[-110.29566839571551,24.11834548681263],[-110.28954150995628,24.12525854068073],[-110.28550355576857,24.126043686312403],[-110.27851508143709,24.123734064053718],[-110.26706783509447,24.123342904431674],[-110.26072809061615,24.1094364073291],[-110.24803105065705,24.104297551262906],[-110.23393998082155,24.111423030582763],[-110.2234643096933,24.11046882857582],[-110.20092828409959,24.130300650529794],[-110.12730814733717,24.151071191060495],[-110.11169071975232,24.143713787522056],[-110.11371699016223,24.137434116123774],[-110.09736381781377,24.058358303999455],[-110.12492600653019,24.02104424081973],[-110.13080745866058,24.030935033699215],[-110.15453042550469,24.03167781500755],[-110.15884579878058,24.0342319936721],[-110.17220238055835,24.028497801019963],[-110.21936188410075,24.022152910251496],[-110.23279175302741,24.046654809778918],[-110.23258666436527,24.056145531352396],[-110.24339543817287,24.071030867967213],[-110.25026024225991,24.0770403952867],[-110.2695130030259,24.070395289885273],[-110.27986174655038,24.085567257110167],[-110.27209264765825,24.090995605496424],[-110.27070859725967,24.099102723324236],[-110.28148630269206,24.101739112466127],[-110.2864757469254,24.106003879490313]]],[[[-110.18723738968616,23.959180854559207],[-110.18779847385753,23.969128855085135],[-110.17871907171734,23.98874721758838],[-110.16672566970996,23.992386802883814],[-110.16004564777138,23.987364120722642],[-110.15987167392346,23.967786128615785],[-110.18723738968616,23.959180854559207]]]]}},{"type":"Feature","properties":{"clues":"SRIMB000470"},"geometry":{"type":"MultiPolygon","coordinates":[[[[-109.92698180044864,27.431407498897816],[-109.93370310383982,27.439007243595228],[-109.93184630015037,27.44333420751669],[-109.93248111299903,27.44593103101023],[-109.92887422293265,27.45098198845924],[-109.93297588216366,27.45572888600784],[-109.93358383593717,27.460114690948817],[-109.93129545166215,27.4640630983015],[-109.93129017762307,27.4676725264349],[-109.93352448119128,27.474040703997435],[-109.92846063255641,27.47686571149065],[-109.92596944602802,27.480198599104757],[-109.92155427544324,27.480764488961153],[-109.91707985179484,27.47492254156756],[-109.90468304550903,27.47588342894747],[-109.89686902225537,27.47070027382304],[-109.88520534690707,27.477051428543135],[-109.8834878933445,27.484050451504753],[-109.87704665077592,27.48523073031989],[-109.86533727602905,27.482885671478694],[-109.85883475178937,27.485863504251373],[-109.8553249786711,27.471528376983454],[-109.84586559506661,27.46409581403395],[-109.8322984403461,27.46451114578108],[-109.81843603645439,27.483003284054323],[-109.82633930212818,27.488682926311522],[-109.83290972040167,27.508863034872597],[-109.790349779819,27.5222980317525],[-109.7782563049595,27.516828066344264],[-109.77334819163875,27.511000728705966],[-109.76928051611517,27.49318389923055],[-109.75173911215755,27.472715933815792],[-109.81447231158282,27.440523484095717],[-109.82530571578813,27.44040038110579],[-109.82857440749513,27.43641080872675],[-109.84047167521413,27.428711571400065],[-109.83544067290502,27.410743878560943],[-109.85508768405063,27.41454715615486],[-109.85971294837644,27.409929601842848],[-109.86665585341898,27.41285694706125],[-109.86682889667402,27.434097381600427],[-109.87466255626236,27.43220160609168],[-109.88156069395292,27.435240747128255],[-109.88267084822768,27.439359430138143],[-109.89796771553596,27.444538628914252],[-109.8980470092042,27.436790636899435],[-109.900539668209,27.430359036601647],[-109.90528938900798,27.428698942623353],[-109.90599297356084,27.423913417271113],[-109.91816697356963,27.420411901685256],[-109.9149234185558,27.43143104824821],[-109.92007529198327,27.432921247188915],[-109.92698180044864,27.431407498897816]],[[-109.86873564860537,27.447641726220198],[-109.85059011922817,27.456285300740994],[-109.84921461834179,27.45963619152181],[-109.86149908231614,27.458188046820062],[-109.86873564860537,27.447641726220198]],[[-109.86260219205265,27.475773485282552],[-109.86535026858402,27.482044736854164],[-109.87752748609114,27.47761577826616],[-109.86260219205265,27.475773485282552]],[[-109.86497543790969,27.458507945921788],[-109.8625850478661,27.45902135239586],[-109.86760585288047,27.46660302365041],[-109.8726080083978,27.465225500649726],[-109.86497543790969,27.458507945921788]]],[[[-109.85858521820006,27.4950396651314],[-109.86684415527722,27.490905656719764],[-109.87610954484286,27.495455213831544],[-109.86749261610119,27.494713034246228],[-109.86715955028141,27.497622667805512],[-109.85858521820006,27.4950396651314]]]]}},{"type":"Feature","properties":{"clues":"SRIMB000774"},"geometry":{"type":"Polygon","coordinates":[[[-109.87359084849147,26.880050625384197],[-109.8876154016949,26.913270350581247],[-109.86986334713018,26.92887366503646],[-109.8454538959572,26.939075320124612],[-109.80321233410794,26.950604102915257],[-109.78887651014361,26.97181444620837],[-109.78722240526439,26.981200431507446],[-109.77837641038411,26.99457370097782],[-109.77770875640965,26.99983911105061],[-109.79736834770551,27.01578803654887],[-109.80255706245055,27.01719897416603],[-109.80992316156943,27.052712123339614],[-109.77062852670659,27.0638601909011],[-109.76688474978455,27.061010477930818],[-109.76280090062544,27.030497534108854],[-109.74332658161734,27.022981840019664],[-109.7178420614376,27.025968509024338],[-109.71576916996696,27.017397921817324],[-109.73543422013297,26.998525506669427],[-109.74396211898595,26.976428162418294],[-109.74267967244035,26.97146838259698],[-109.74054890510429,26.968815874788056],[-109.72709295799893,26.969428110493386],[-109.7162692455942,26.963137981840294],[-109.70034393205049,26.970247424682004],[-109.69190744261564,26.96203037153964],[-109.68741070884988,26.949923627440835],[-109.69611798331265,26.940329144886075],[-109.70721302069327,26.933278258740295],[-109.72306991645122,26.91552030488594],[-109.74488539814075,26.912628723746426],[-109.75912792836928,26.91833272531342],[-109.7674145743191,26.917844474758773],[-109.7770087072312,26.9044657554929],[-109.81836673763347,26.872710092022174],[-109.85074810358911,26.871211360035684],[-109.87359084849147,26.880050625384197]]]}},{"type":"Feature","properties":{"clues":"SRIMB001165"},"geometry":{"type":"Polygon","coordinates":[[[-109.7674145743191,26.917844474758773],[-109.75912792836928,26.91833272531342],[-109.74488539814075,26.912628723746426],[-109.72306991645122,26.91552030488594],[-109.71912300235431,26.912234513127427],[-109.7104625262143,26.910471443531403],[-109.69381130613857,26.913092740841957],[-109.68705562651186,26.911002526455057],[-109.683853897341,26.906361487085928],[-109.68253587587819,26.89475862684736],[-109.68538486760666,26.888101382701514],[-109.6942009515258,26.88961841010528],[-109.70033394102691,26.87877360163634],[-109.69979655306149,26.87406272695208],[-109.703361799376,26.87283274599778],[-109.71531207089265,26.875107361356967],[-109.71576824561039,26.889828226295027],[-109.71787114507714,26.894604461664162],[-109.73309661635443,26.872287204372956],[-109.74707278270012,26.8794174826125],[-109.77324889873456,26.857280372524894],[-109.79743983344463,26.86343169851756],[-109.81836673763347,26.872710092022174],[-109.7770087072312,26.9044657554929],[-109.7674145743191,26.917844474758773]]]}},{"type":"Feature","properties":{"clues":"SRIMB001713"},"geometry":{"type":"Polygon","coordinates":[[[-109.74493914491744,27.800405289167067],[-109.71317274909414,27.867621885153188],[-109.6891088291274,27.936354870135048],[-109.68779859158664,27.943888077472],[-109.70285352739975,27.960190752097017],[-109.70736490438952,27.97423914135809],[-109.70072252532243,28.06918453140821],[-109.69112940052018,28.073030585705826],[-109.60604340375546,28.083700730772865],[-109.58384819450642,28.13422136882346],[-109.5745821622215,28.132791851106717],[-109.50097302919247,28.148583130460583],[-109.49372860775851,28.18601392510821],[-109.40746287981558,28.222273922172594],[-109.3866784310251,28.203481898292097],[-109.37491140151018,28.165643052151296],[-109.37831148943415,28.15277189350951],[-109.39253414199331,28.116724886142965],[-109.36008233470852,28.061401924709994],[-109.36522251048162,28.036565269822812],[-109.38178382392893,28.00402968815796],[-109.34975484071379,27.966323316268266],[-109.32714413527567,27.949417325214075],[-109.28858912628972,27.999730783682736],[-109.23831411051671,27.974238332972117],[-109.22564200877694,27.988694072042435],[-109.18046128137202,27.979635561934153],[-109.12959199754188,28.004169862542508],[-109.12053932439898,28.030760270019357],[-109.10576728235887,28.038718056403],[-109.05481414243438,28.015606658800387],[-109.04490526048343,27.99989677127229],[-109.03329979334094,27.98705480039686],[-108.98449042286144,27.985013727552406],[-108.95549403091533,27.95541232190595],[-108.97870885879917,27.92386554299238],[-108.99243586518242,27.908394691674165],[-108.99726224614649,27.892263024785766],[-109.01034525942204,27.882593692972332],[-109.02137982873828,27.87161191596079],[-109.04381589385054,27.831074357690543],[-109.01473481794974,27.785998690044337],[-109.01601481291937,27.779625662458816],[-109.04557161646649,27.747168946110833],[-109.04587381797059,27.743814509415397],[-109.07788164128276,27.696750006047594],[-109.08648724402957,27.656051998952748],[-109.13911109880257,27.632481358707984],[-109.16514947952585,27.69258680676736],[-109.25110729776507,27.68757653411485],[-109.2681002856123,27.677363814682653],[-109.26943178264273,27.67432181150352],[-109.38983270778185,27.67872445070101],[-109.39348414857183,27.683483156938625],[-109.41473540735602,27.695462971284023],[-109.43908074367707,27.70200801083631],[-109.46439139181945,27.715652005148137],[-109.53299498386194,27.721170226204304],[-109.54464553270248,27.71806033129731],[-109.56266462699377,27.655592441789533],[-109.60645553484633,27.656206511373004],[-109.63428230706363,27.684466397227645],[-109.6463397869832,27.687721487811167],[-109.70027553336757,27.6594630969207],[-109.70868832720517,27.66086868739498],[-109.7125467892306,27.709801988763168],[-109.70062322391009,27.73967567892448],[-109.74493914491744,27.800405289167067]]]}},{"type":"Feature","properties":{"clues":"CCIMB000843"},"geometry":{"type":"Polygon","coordinates":[[[-92.33526307146275,18.541833960276467],[-92.34365325161464,18.580302844685402],[-92.34738066378308,18.588013225026717],[-92.34027226937528,18.62884050441634],[-92.33459153595767,18.62884667839637],[-92.33241881925134,18.631258804642933],[-92.32802707678235,18.64848283438281],[-92.33189048436395,18.654276101014098],[-92.3443520450828,18.66199529205845],[-92.35223441177779,18.670472305369636],[-92.28976039950994,18.67379446620225],[-92.25355923026366,18.67796101984957],[-92.25364985695379,18.64733502979577],[-92.26130333523074,18.640840806894538],[-92.26469915942037,18.635970452598603],[-92.26320656231914,18.6069405197296],[-92.26423108741974,18.58896210884909],[-92.25932885964518,18.550554512135314],[-92.25806717564029,18.52654350957242],[-92.33526307146275,18.541833960276467]]]}},{"type":"Feature","properties":{"clues":"TCIMB004810"},"geometry":{"type":"Polygon","coordinates":[[[-92.48193913174167,17.74652537649205],[-92.52331548085172,17.76730375828812],[-92.52308315556326,17.772057336308595],[-92.5168335995513,17.77778220327961],[-92.50800174411515,17.801702216187493],[-92.5130410380572,17.811130477956407],[-92.50394080800372,17.82327092082544],[-92.5014914560516,17.824035990701855],[-92.49714950000144,17.823155686175273],[-92.48582128248158,17.825323094710065],[-92.47769876701703,17.819685613553098],[-92.47044908424135,17.81790431166737],[-92.46409722517633,17.810388232338823],[-92.47083895517582,17.78754827858868],[-92.48652999693536,17.778225030603576],[-92.48193913174167,17.74652537649205]]]}},{"type":"Feature","properties":{"clues":"CCIMB000184"},"geometry":{"type":"Polygon","coordinates":[[[-92.00197121610913,18.4681686071584],[-92.0422942998741,18.48088648860737],[-92.0274629664276,18.615148176454408],[-92.01688586602006,18.620589588117838],[-92.01136045489558,18.69862105242096],[-91.97596338976071,18.699363642170695],[-91.95232847583995,18.694062363153055],[-91.93952392299144,18.67848133370595],[-91.92899697487383,18.669544309081193],[-91.92208797346738,18.659138109529366],[-91.91638875103847,18.644262406041424],[-91.9107450828576,18.63800849584306],[-91.89486346553319,18.626129976460025],[-91.8755472334414,18.61676912927393],[-91.85668616614707,18.612631581380782],[-91.84357964676802,18.6201186477662],[-91.82574885710507,18.593720029628752],[-91.812031163033,18.56735381453855],[-91.79105256163024,18.55667167611561],[-91.74242737968831,18.55368671908085],[-91.67613171561666,18.54473822042317],[-91.6506983394822,18.531748605517866],[-91.65603596210453,18.482466896540043],[-91.70135293786043,18.443340097367294],[-91.73960282418945,18.420672344398643],[-91.80185380147283,18.446148421130214],[-91.83305634707637,18.42627122255277],[-91.91487588027911,18.457853560478483],[-91.95554117215305,18.44380352142423],[-91.97813794093501,18.447732804559898],[-92.00197121610913,18.4681686071584]]]}},{"type":"Feature","properties":{"clues":"TCIMB004122"},"geometry":{"type":"Polygon","coordinates":[[[-92.2419368492872,18.137269771380108],[-92.27460935009923,18.192691659704955],[-92.27791541715406,18.193193323515967],[-92.28725867323898,18.24324829080923],[-92.27109263150727,18.25842353150443],[-92.26806663544755,18.265233655635754],[-92.26651769759974,18.288115692024036],[-92.2467204297277,18.289365886122564],[-92.23654492909488,18.28135833986187],[-92.23448317368094,18.276828664211816],[-92.22611786734186,18.271345565667744],[-92.21774010425382,18.26856669758428],[-92.19930580751033,18.276859914055663],[-92.16968847324422,18.31132592197007],[-92.16243613418197,18.316151702685204],[-92.15096503108147,18.283928431463043],[-92.14795158831224,18.28019439756439],[-92.14357008438577,18.257786391235406],[-92.14898031273614,18.224315768981313],[-92.15797917671989,18.212617007545724],[-92.14898029548011,18.193941208399202],[-92.15300451967018,18.17701324326363],[-92.14699501386006,18.141368112462644],[-92.14782799044377,18.138630435958092],[-92.16545281409839,18.14822770092088],[-92.2029859798651,18.153313870581123],[-92.2053506205736,18.151335130585608],[-92.2419368492872,18.137269771380108]]]}},{"type":"Feature","properties":{"clues":"CCIMB000242"},"geometry":{"type":"Polygon","coordinates":[[[-91.06409304385592,18.68843880059118],[-91.15257604610035,18.67932183266266],[-91.19993078794357,18.72221106503096],[-91.20663902812596,18.731105256576075],[-91.12316081591266,18.801977134894496],[-91.11761075324516,18.802651445765367],[-91.09336097656181,18.78744931710356],[-91.03478125218255,18.758528061414893],[-91.02697968918744,18.749895294669],[-91.02095263642383,18.74879199833586],[-91.00366161186881,18.719309074276595],[-90.98875312982035,18.719821337084518],[-90.98594610490791,18.703707041025023],[-90.99383884416054,18.694081977529507],[-91.00910804318103,18.697854436296698],[-91.02503324714428,18.691197300123033],[-91.04413194814224,18.703837038981238],[-91.05595433829912,18.699552332182645],[-91.06409304385592,18.68843880059118]]]}},{"type":"Feature","properties":{"clues":"CCIMS000511"},"geometry":{"type":"Polygon","coordinates":[[[-90.98163958234933,18.30023206082154],[-90.98913625166274,18.29712829602357],[-91.01286056691771,18.29882121626047],[-91.02369316411084,18.29568632760673],[-91.04788744104626,18.31120196692625],[-91.05711528915775,18.31470698520542],[-91.05790548414645,18.32643590469225],[-91.04366881679651,18.360903664998045],[-91.0383470878304,18.36609475589442],[-91.0419269479807,18.3903765624458],[-91.04654204754401,18.40108072895914],[-91.03396871645802,18.41852023855137],[-91.04351907335572,18.449143740807692],[-91.03321812088525,18.459126417268347],[-91.01738387016391,18.46654371338807],[-91.00941995394284,18.4743270330819],[-90.99465536986263,18.50264635192636],[-90.9897671513743,18.50184722692252],[-90.96443776300254,18.485801171859617],[-90.96522416200403,18.482557835750505],[-90.927406784812,18.452716273870813],[-90.93159658348144,18.44942824373464],[-90.94208280148975,18.429538784977687],[-90.93457415884629,18.401164857877042],[-90.92133521202562,18.421902804347933],[-90.89443300056911,18.423928418587817],[-90.87603357863402,18.430935678746994],[-90.86794920697764,18.417216938018996],[-90.871559002225,18.40242746726213],[-90.87610750577971,18.394081828338603],[-90.88339812203266,18.39027875402978],[-90.90508123842343,18.38399674317735],[-90.90873091465764,18.336959978455887],[-90.92072198738012,18.32745984410984],[-90.92679196990017,18.312419051017773],[-90.97977075945671,18.302801813128376],[-90.98163958234933,18.30023206082154]]]}},{"type":"Feature","properties":{"clues":"CCIMB000353"},"geometry":{"type":"Polygon","coordinates":[[[-90.74355502992167,18.92175243300682],[-90.7548905487744,18.89516815351349],[-90.77068381341026,18.884897357080863],[-90.79582627537324,18.896218149450807],[-90.81203711017577,18.895005986149663],[-90.80475166919993,18.987751941525673],[-90.78543215768245,18.96965847406167],[-90.76234578619352,18.9566191344808],[-90.75154179749715,18.960785254521575],[-90.74395668856673,18.95825091404971],[-90.72617068755206,18.961922287822787],[-90.7186473550578,18.951651222794894],[-90.71239348772426,18.94774871241754],[-90.67945755138119,18.955888689435607],[-90.66103314904665,18.979269120023226],[-90.65777532057476,18.915557457842578],[-90.65354945426297,18.907017897346286],[-90.67166965305638,18.88267746247536],[-90.6956902702402,18.892610009730593],[-90.6986575706414,18.90247929678559],[-90.71515160930011,18.91644782164535],[-90.74355502992167,18.92175243300682]]]}},{"type":"Feature","properties":{"clues":"CCIMB000621"},"geometry":{"type":"Polygon","coordinates":[[[-90.46428399428251,18.609401262695393],[-90.46150462813685,18.616094364921388],[-90.54054820754993,18.73580655201907],[-90.52353968669333,18.762396370151166],[-90.43483072465715,18.79508672125094],[-90.3880598681727,18.75149638643394],[-90.38090636396844,18.74008497065753],[-90.37627037106313,18.7375204927961],[-90.32984042310355,18.68554291865295],[-90.3190237575305,18.679792676104732],[-90.30516114471646,18.664634691956117],[-90.29967042851797,18.65266911905771],[-90.28465005462934,18.63718946940667],[-90.28414439485204,18.633262908760194],[-90.2868245705873,18.62631510290863],[-90.30488198665427,18.6202404340871],[-90.31877390777005,18.590070839736402],[-90.31559875681687,18.556180981295146],[-90.31862060255018,18.54670090848872],[-90.3282587606908,18.539119218178133],[-90.36066263240279,18.466749940296427],[-90.36816888556449,18.472914419645907],[-90.39434132601008,18.487575015142372],[-90.4250905416985,18.508002869221198],[-90.4249996192853,18.564192920582933],[-90.45199923285067,18.55607676545344],[-90.46428399428251,18.609401262695393]]]}},{"type":"Feature","properties":{"clues":"CCIMB000616"},"geometry":{"type":"Polygon","coordinates":[[[-90.31559875681687,18.556180981295146],[-90.31877390777005,18.590070839736402],[-90.30488198665427,18.6202404340871],[-90.2868245705873,18.62631510290863],[-90.26496154419415,18.604240314928685],[-90.2351095657614,18.61253528736661],[-90.20854485207519,18.594240816149803],[-90.2000851630171,18.58393310426274],[-90.17959328019272,18.579553331007663],[-90.13909937621443,18.552288725624873],[-90.08437623277382,18.48734548350761],[-90.05631849940843,18.464443059568442],[-90.05019778750408,18.447259755593095],[-89.98857772464441,18.170406317205163],[-90.30535268802441,18.320681554116724],[-90.33349500820944,18.36533013529956],[-90.33609724527196,18.38108735786876],[-90.35552276994707,18.412027552327842],[-90.36066263240279,18.466749940296427],[-90.3282587606908,18.539119218178133],[-90.31862060255018,18.54670090848872],[-90.31559875681687,18.556180981295146]]]}},{"type":"Feature","properties":{"clues":"YNIMS000795"},"geometry":{"type":"Polygon","coordinates":[[[-89.83684324111589,20.318135094415144],[-89.89534003366614,20.327059796372104],[-89.89690777335818,20.336674025246765],[-89.87519365078857,20.44661041330972],[-89.82424835442416,20.472644029858596],[-89.7732178314267,20.585924898396055],[-89.76519463559605,20.586057000327614],[-89.74584533472111,20.59351504948936],[-89.68750885390352,20.58801484614915],[-89.65982330008036,20.592410606843902],[-89.63870775785395,20.56184142845619],[-89.63753848119443,20.54828972989652],[-89.65518750424151,20.49789817247493],[-89.64120504409263,20.486217826747747],[-89.65398621322026,20.42597967214391],[-89.71074465646612,20.41380863391806],[-89.71726312196624,20.358150310474077],[-89.75215677570564,20.300772418865378],[-89.83684324111589,20.318135094415144]]]}},{"type":"Feature","properties":{"clues":"YNIMS000824"},"geometry":{"type":"Polygon","coordinates":[[[-89.56749584800157,20.13359274833423],[-89.5322618010176,20.18598821912544],[-89.54329424741758,20.20717581596864],[-89.59341379447983,20.225900124126188],[-89.6464232768813,20.189153505315595],[-89.68982513756703,20.202715315628456],[-89.70515218650114,20.222053362272515],[-89.70764761714936,20.235107420175613],[-89.69464419183663,20.24413602459578],[-89.59387439013808,20.301869567778148],[-89.57802162095616,20.308744713573137],[-89.57030626700617,20.26281470525385],[-89.54241189020476,20.244531161027346],[-89.52839145956153,20.24761635948797],[-89.50583993557946,20.27138536027274],[-89.49386001242571,20.29459104042945],[-89.48982706054385,20.293614423505637],[-89.483931781543,20.24571883312764],[-89.4728945141917,20.24049526559435],[-89.47020614933525,20.237797526300234],[-89.46716558004681,20.23826329213766],[-89.46208172823539,20.235593901891143],[-89.45484058293201,20.214832363566803],[-89.41709509717059,20.225836538660108],[-89.41439157256406,20.22258101135897],[-89.43446057843525,20.15958283596121],[-89.44515862371337,20.150022028270705],[-89.44134496676466,20.144005723416935],[-89.4284784275044,20.09382088723673],[-89.32758141485748,20.059743700838787],[-89.365666981788,19.979725819094817],[-89.41200920217052,19.964762207093617],[-89.41801490834818,19.950297406314093],[-89.44092666257282,19.939190309956857],[-89.51275629728973,19.951978550857657],[-89.55763790736323,19.97735597168679],[-89.58176823880866,19.96892057422466],[-89.6398703433613,19.972091698974065],[-89.65315287313238,20.024350305897336],[-89.61578428528026,20.071440706324395],[-89.58112157781837,20.120529443283086],[-89.57900821081975,20.129210916766368],[-89.56749584800157,20.13359274833423]]]}},{"type":"Feature","properties":{"clues":"YNSSA000973"},"geometry":{"type":"Polygon","coordinates":[[[-89.50901075458536,20.572257455993256],[-89.51497077809472,20.580084686320482],[-89.5410179576371,20.58353312214848],[-89.55295239112661,20.60441087783855],[-89.55506154500904,20.651932314864222],[-89.54073864265254,20.673007894517195],[-89.5132078025467,20.671178018994215],[-89.48245558153711,20.704112956646544],[-89.43383844484578,20.70992679101691],[-89.43179834039579,20.683531573776243],[-89.38659572054496,20.67430667265424],[-89.38002419597264,20.619112291945008],[-89.38190778827638,20.595311229420876],[-89.40723471322943,20.581283161481473],[-89.41993436866476,20.58801245260423],[-89.4786426610416,20.551887859748717],[-89.50901075458536,20.572257455993256]]]}},{"type":"Feature","properties":{"clues":"YNSSA001026"},"geometry":{"type":"Polygon","coordinates":[[[-89.31244626616919,20.277152663271313],[-89.31906555840222,20.297903785676677],[-89.30714847062316,20.34498061036306],[-89.27444263866508,20.343103273269026],[-89.24227957833949,20.33834679984318],[-89.2387732891698,20.291542129159808],[-89.26900184230799,20.25712747491527],[-89.28075474767851,20.256051630362958],[-89.31244626616919,20.277152663271313]]]}},{"type":"Feature","properties":{"clues":"QRIMB000906"},"geometry":{"type":"Polygon","coordinates":[[[-89.13375261576836,19.079778274633696],[-89.14542643361703,19.08101411160923],[-89.09564739127579,19.235382333223896],[-89.0981590370559,19.27716423921711],[-89.09476852608076,19.311501795596783],[-89.0115901390935,19.319680691315515],[-88.89786137951782,19.229196335340397],[-88.90714531416218,19.196584355209108],[-88.91180768912865,19.190989372977466],[-88.92982350747378,19.0976855157762],[-88.91460652887781,19.08264857938427],[-88.89451322142774,19.079233162059243],[-88.85267048187126,19.084438920858386],[-88.84325749898211,19.059559756253908],[-88.84619634311512,19.043672386081347],[-88.87788376944017,19.004053301429916],[-88.871196351408,18.96227152437412],[-88.91778071739154,18.926833671002253],[-88.99078159948156,18.930381905368744],[-88.99620183927067,18.949425382501552],[-88.99224572360262,18.981826479791348],[-89.13375261576836,19.079778274633696]]]}},{"type":"Feature","properties":{"clues":"ZSIMS001053"},"geometry":{"type":"Polygon","coordinates":[[[-101.85713095707,24.29644784940663],[-101.88337690608769,24.255285648623165],[-101.93187054583066,24.251840218203878],[-101.9649635845506,24.236378868592183],[-102.0427366175448,24.275846844454794],[-102.03817895802199,24.303359333263273],[-102.01964422935723,24.33489972908879],[-102.0213937942877,24.33785422324443],[-102.04689026817272,24.45100431588762],[-102.03921887670556,24.470806721491623],[-102.03651443265609,24.4829767197142],[-102.01959830375179,24.5037736965676],[-102.01621487370225,24.505394855462473],[-101.95409934815214,24.465181920084948],[-101.8977978266823,24.514063359744252],[-101.88198092789695,24.57617857519661],[-101.85385548776847,24.585689028598754],[-101.80639555244576,24.543144489462062],[-101.7778849976991,24.526469331344867],[-101.76001456856837,24.535808606601584],[-101.67082256364378,24.519185641984386],[-101.6361001419816,24.464618839561535],[-101.59529740431087,24.453289603050237],[-101.57924657448746,24.44009716634695],[-101.59367860066946,24.382871902186956],[-101.522228468476,24.27169957185768],[-101.61252646246925,24.253677236934628],[-101.66639420541398,24.21253097587286],[-101.6977032864305,24.22607645980721],[-101.7466429274214,24.216782143933752],[-101.75527926314744,24.224228411334728],[-101.81253693922892,24.296636055449206],[-101.85713095707,24.29644784940663]]]}},{"type":"Feature","properties":{"clues":"ZSIMS000546"},"geometry":{"type":"Polygon","coordinates":[[[-101.40002197127986,24.562231870706075],[-101.39795934384239,24.581566411297217],[-101.39434078620108,24.585637832933394],[-101.39310868920955,24.592253743139498],[-101.37005535213791,24.607496660001093],[-101.36931747054636,24.610665005441035],[-101.35843520900376,24.623288058054936],[-101.35127214355072,24.62741840282164],[-101.3418662163336,24.625384058779847],[-101.29287470580098,24.637800181561648],[-101.26560912294089,24.59279631650582],[-101.26437671448333,24.570292536727187],[-101.28504817726261,24.56839779392147],[-101.33634409930303,24.575350578653058],[-101.35526326605088,24.567166463407407],[-101.36684781097031,24.54818059109808],[-101.40002197127986,24.562231870706075]]]}},{"type":"Feature","properties":{"clues":"CMIMB000581"},"geometry":{"type":"Polygon","coordinates":[[[-104.16067381502769,19.271681457758156],[-104.15544743814837,19.278956968502573],[-104.13481216518286,19.280729323235846],[-104.11191893211956,19.232081202976296],[-104.13023498850275,19.222044004078285],[-104.13925043510454,19.218846072076126],[-104.1559800873291,19.21807629994967],[-104.18265210033537,19.248925390286825],[-104.18652023748338,19.260948947139106],[-104.16067381502769,19.271681457758156]]]}},{"type":"Feature","properties":{"clues":"CMIMB001281"},"geometry":{"type":"Polygon","coordinates":[[[-103.84764571644408,19.2085660050761],[-103.83298977408393,19.21930718494738],[-103.82650667949858,19.22173203930691],[-103.81769898182246,19.221542698906237],[-103.82110865158916,19.23874701738601],[-103.8145600667615,19.245587680858026],[-103.81193044044143,19.244392295405405],[-103.79664936918965,19.244075756802246],[-103.79033091656508,19.253796453147725],[-103.78194108755775,19.255682880953486],[-103.77500475929482,19.249516887471806],[-103.77787941570124,19.24087978497557],[-103.77539293989923,19.23609706115404],[-103.77772186543442,19.23280596846879],[-103.78181170135254,19.217291211684508],[-103.77440001585212,19.187219780362796],[-103.78021813933117,19.177729871923088],[-103.79061492710811,19.17064213837829],[-103.79058609231757,19.16840412522582],[-103.82423525605392,19.142846909576253],[-103.8237553336234,19.155253645378085],[-103.83411228133859,19.16725747493423],[-103.8386740365917,19.16115361375292],[-103.85323381229853,19.15074461731371],[-103.85332050450286,19.16451387268008],[-103.85027575159788,19.168993391407195],[-103.84603672996107,19.173812208503783],[-103.83898158231119,19.17433823540721],[-103.83254974178234,19.182750005535233],[-103.82886366720264,19.18425657193595],[-103.83117409206221,19.190983128559726],[-103.84764571644408,19.2085660050761]]]}},{"type":"Feature","properties":{"clues":"CMIMB001170"},"geometry":{"type":"MultiPolygon","coordinates":[[[[-103.77222066602229,19.292734754309496],[-103.78827045484977,19.29742302288675],[-103.78221229645288,19.31829829272873],[-103.78573020189107,19.32376637717897],[-103.80257676838627,19.333378406252354],[-103.81705752234996,19.345893982205],[-103.80855899490294,19.35874772252937],[-103.80669386374029,19.358823048443057],[-103.78644487158456,19.343930512954255],[-103.7801347627407,19.349859957623327],[-103.77753238548325,19.35621187046268],[-103.77438399095615,19.35822318740848],[-103.77055600158866,19.36449453651505],[-103.75395252470157,19.36791577576423],[-103.74805806556544,19.38136982670204],[-103.73895084744878,19.386348991740658],[-103.73241245223599,19.38498959162506],[-103.72957360020877,19.37802435970657],[-103.73124453729552,19.361926531281718],[-103.72145231082852,19.352911864854804],[-103.72141746704914,19.347401507962857],[-103.72352547592155,19.342316541420885],[-103.70812629618132,19.333428403749398],[-103.70935228369864,19.323237225601975],[-103.71272488325934,19.320498392637504],[-103.71514243562099,19.314432293790688],[-103.7194934433631,19.311871980044604],[-103.72658704669865,19.30897941853168],[-103.73447604033524,19.311756921202267],[-103.74522982043297,19.310418802565632],[-103.747901075542,19.303929998035173],[-103.76090395473285,19.30433953885228],[-103.77222066602229,19.292734754309496]]],[[[-103.75426206122225,19.292951832866134],[-103.75580781702435,19.294775266730298],[-103.74681390615281,19.300324150137936],[-103.74557254577046,19.296206073410588],[-103.74640268586093,19.293645442421013],[-103.74864276617187,19.291504574598342],[-103.75426206122225,19.292951832866134]]]]}},{"type":"Feature","properties":{"clues":"CMIMB000120"},"geometry":{"type":"Polygon","coordinates":[[[-103.7162020752327,19.215425863919958],[-103.73792849914538,19.21465059780222],[-103.74134521020508,19.21818334906364],[-103.74487032281269,19.218354958812196],[-103.75029314198481,19.223155884174524],[-103.75854724294014,19.221682959855567],[-103.76113979998269,19.21717733183323],[-103.77643591914816,19.21298081754526],[-103.77022345199907,19.227412928859746],[-103.76520141163304,19.231005666859982],[-103.76622033211851,19.23556447733043],[-103.75746423111833,19.237539059438838],[-103.75747163719296,19.242204198220083],[-103.75368469258814,19.247891208771637],[-103.7476916511367,19.246848642270084],[-103.74744900016374,19.24974623910229],[-103.74459244740149,19.252212835901652],[-103.73968005346036,19.248982040185652],[-103.7378062749204,19.24978725644544],[-103.72975370480168,19.24436958099181],[-103.72633693291525,19.246897694878516],[-103.72181880565282,19.243145439442728],[-103.7190634624586,19.24348713071481],[-103.7165229579004,19.241256445855242],[-103.71805874757254,19.23607264185654],[-103.71626634897342,19.23339460461735],[-103.71173785821132,19.23298594005714],[-103.71081775342431,19.230446376760476],[-103.70783768668967,19.229203641594463],[-103.71224930657975,19.222955139354134],[-103.71373677018818,19.22301105492233],[-103.7162020752327,19.215425863919958]]]}},{"type":"Feature","properties":{"clues":"CMIMB000465"},"geometry":{"type":"Polygon","coordinates":[[[-103.67390899244144,19.242843116789892],[-103.6781126818711,19.24632618457978],[-103.67622298059176,19.250379645624058],[-103.68069770919767,19.261301235744575],[-103.68466190381898,19.264065879835687],[-103.68684171149954,19.258460365988256],[-103.69093362709064,19.258940593839654],[-103.6948454759237,19.261183488390188],[-103.69562019468269,19.264900507557822],[-103.69167442009972,19.273511200155543],[-103.68449358379225,19.27293094691233],[-103.67633715183267,19.277433178667046],[-103.68527780608542,19.299198913350434],[-103.66260547661075,19.29260781748151],[-103.65609933797172,19.301753894138407],[-103.65547580354485,19.30974592590764],[-103.65199657080603,19.317067984687387],[-103.64151216943047,19.322966063683396],[-103.62833060475921,19.30624205015086],[-103.62512283099348,19.310079014428307],[-103.61562963560907,19.31269944629793],[-103.61142494128237,19.316358526720222],[-103.60834153055542,19.314093355554515],[-103.60779680942552,19.309735586515313],[-103.61316687259188,19.306068930482418],[-103.61019409152836,19.29598554865072],[-103.610447489347,19.293570014203997],[-103.61455855098698,19.289204055684845],[-103.6158288014502,19.278134730219673],[-103.62215654792487,19.27154604574603],[-103.62761801952148,19.26227967383492],[-103.6477311441069,19.25424514229191],[-103.64984180938794,19.249670550626],[-103.6513767979117,19.23554346457838],[-103.66407294813008,19.236588083445515],[-103.66819847654804,19.235190999950742],[-103.6731175360877,19.238609618778572],[-103.67390899244144,19.242843116789892]]]}},{"type":"Feature","properties":{"clues":"TCIMB001940"},"geometry":{"type":"Polygon","coordinates":[[[-93.94987052668395,17.802071460095863],[-93.95052867628382,17.81787624853933],[-93.99290346213719,17.810670793314898],[-93.99595089924348,17.808819341667697],[-94.00099028813239,17.81257268538995],[-94.00147305190744,17.819998929059516],[-94.01078229947872,17.858539579556552],[-94.00956892204911,17.882771683430267],[-94.04286808208776,17.892263018207718],[-94.04681694533674,17.906534745165448],[-94.0483142871942,17.93459791672865],[-94.02832437356435,17.95915973514947],[-94.00829881431798,17.97487431842776],[-94.00008787140816,17.985256490700532],[-93.99064330746761,17.987835156359775],[-93.9575219126192,17.970246587098302],[-93.94641253954894,17.94543062956848],[-93.91150785708034,17.936260504596177],[-93.89951610111707,17.93611656879305],[-93.88983976319058,17.91868292423383],[-93.89222003662103,17.904124704880388],[-93.88655965348198,17.88960874067441],[-93.88065190805393,17.88810952730401],[-93.87115232608834,17.874719832726814],[-93.86909993012777,17.85628604804403],[-93.84578688466672,17.8566033581003],[-93.83802001793141,17.846017537388832],[-93.84248413073317,17.834458261590413],[-93.84520993218031,17.815629493868272],[-93.84939399419696,17.810908262227414],[-93.88262853654125,17.806793616380688],[-93.87782978728693,17.77402218077303],[-93.9080478206621,17.76282814463682],[-93.91366076671166,17.754684743496238],[-93.93082420436862,17.749425258027713],[-93.93190786167285,17.75036513354817],[-93.93502953345498,17.76941775538126],[-93.94502699858043,17.774419525723662],[-93.94716712492665,17.777813501431623],[-93.94663432237782,17.782241793610726],[-93.95055452024481,17.784431334239553],[-93.95509317412295,17.796444396019155],[-93.94987052668395,17.802071460095863]]]}},{"type":"Feature","properties":{"clues":"CSIMS003495"},"geometry":{"type":"Polygon","coordinates":[[[-93.58647501980556,16.96686565987986],[-93.5937429695339,16.971883716076654],[-93.61013078489931,16.997380096944376],[-93.6437605071642,17.022099029386805],[-93.61235489292218,17.070321190646],[-93.62766062785974,17.111953326330607],[-93.62748500894197,17.118073400582336],[-93.64396269846877,17.12834378410813],[-93.65596886103356,17.159595726840898],[-93.65462431627822,17.17301200116789],[-93.65141093855827,17.177762968978925],[-93.64960963647347,17.177295406181027],[-93.6408735842321,17.173429462351177],[-93.61988285215915,17.160158160554204],[-93.61082781883553,17.158976842808112],[-93.599442097555,17.1749672963008],[-93.59418414695143,17.177964906326107],[-93.59176294162623,17.18123778077626],[-93.58342169350331,17.181818581061258],[-93.57496570661772,17.179371272991496],[-93.56596481382172,17.186136766432913],[-93.57018742395627,17.196848902748847],[-93.56885637337379,17.202085780719887],[-93.56560139892851,17.20551413158033],[-93.57237928781616,17.21581303980289],[-93.5708658945611,17.21819111380526],[-93.55645490255739,17.22541519738451],[-93.54804008909544,17.213340613077992],[-93.51888428533123,17.222144414302416],[-93.52125439380177,17.212503881063025],[-93.53441326967693,17.19578757704482],[-93.5364383325856,17.194885799444688],[-93.54028385664425,17.188406057316573],[-93.53896996027017,17.18299132524876],[-93.5319204396942,17.186420684839128],[-93.5263713690133,17.181490537010827],[-93.52482847699925,17.174553621335008],[-93.5352605459197,17.175345417888117],[-93.52923139001126,17.146711491093637],[-93.5371391731925,17.146868255970936],[-93.54569203373342,17.142424784497454],[-93.5534845979362,17.121183391962145],[-93.5642133874848,17.11926635225784],[-93.56302925746887,17.10029726565007],[-93.56617974406421,17.09713645670716],[-93.56086072674213,17.081617314958805],[-93.55313670188279,17.07246587953141],[-93.53422355063113,17.06359442677894],[-93.531616426371,17.049542802430793],[-93.51632284443993,17.044646934685925],[-93.51224591723633,17.039909722790874],[-93.51008716061236,17.026386677479497],[-93.49756699330042,17.02635006171713],[-93.49275605891025,17.01609316723066],[-93.47584636122434,17.01851058559652],[-93.47263656661565,17.012899067122696],[-93.46527121750049,17.02009532588366],[-93.46191529212808,17.020971069767555],[-93.44507173459289,17.006026893799277],[-93.44444099846217,17.003451681349222],[-93.44858568142375,16.990422376396936],[-93.45890712230573,16.98605831035978],[-93.4686605226506,16.994899488565007],[-93.47193869160319,16.994955143999523],[-93.48185814926893,16.982754555046448],[-93.48178844663533,16.98026678628956],[-93.47859001889374,16.976500417508504],[-93.48608874708607,16.963691202090967],[-93.48942856669544,16.962019862595536],[-93.50061879263625,16.946254825853902],[-93.50992825945708,16.94059514734912],[-93.51915180284475,16.94236243474831],[-93.53604723908937,16.95762025928587],[-93.57950556629771,16.958966584817805],[-93.58647501980556,16.96686565987986]]]}},{"type":"Feature","properties":{"clues":"CSIMB001196"},"geometry":{"type":"Polygon","coordinates":[[[-93.51544359754833,16.55000285085774],[-93.53117416699163,16.555273951948802],[-93.54698515399821,16.58144410177687],[-93.56767936371264,16.577506927285288],[-93.58307068506035,16.592247959507564],[-93.58319257455818,16.595121160927015],[-93.59016391148961,16.602481561974187],[-93.60122086515962,16.60764677882607],[-93.60638772916947,16.61488286764292],[-93.60198594917117,16.625159587654036],[-93.586386288117,16.634296465366276],[-93.57439811922433,16.633133149543973],[-93.56937868757326,16.63032429016586],[-93.56373425169993,16.625529623206344],[-93.55914174822209,16.618266072877457],[-93.55358197079161,16.615732458037193],[-93.55262805423273,16.599278135722084],[-93.5480512730315,16.591176253905257],[-93.54670224221725,16.582069041829918],[-93.53656455089195,16.587094768645986],[-93.52087374044248,16.584462137158035],[-93.51974844778475,16.577985794908958],[-93.51764513633464,16.574893639843346],[-93.5037789707161,16.58584627430626],[-93.49346458358048,16.58188208395758],[-93.495824795007,16.570067692880986],[-93.49091031200878,16.563217498431044],[-93.48848581777652,16.550200895111185],[-93.49080481992739,16.54944707532464],[-93.49910274002302,16.53690605718342],[-93.49880745671815,16.533727932333704],[-93.50356729824779,16.532010738325724],[-93.50777713205255,16.53783276736094],[-93.50611586273962,16.542569823219246],[-93.50794207447308,16.54543306941149],[-93.51544359754833,16.55000285085774]]]}},{"type":"Feature","properties":{"clues":"CSIMB001633"},"geometry":{"type":"Polygon","coordinates":[[[-93.4790010850108,16.657093364304842],[-93.46538865960495,16.66840796880679],[-93.45354148751385,16.688594749766214],[-93.4590921271705,16.69915931972993],[-93.48277507503457,16.706959263719007],[-93.48921627655538,16.716562300879367],[-93.49417750680614,16.71875091203036],[-93.50362357231123,16.73746181504578],[-93.52084278674396,16.741604511465727],[-93.53775015270645,16.737088505011084],[-93.54894966585402,16.745378576122235],[-93.56084745200101,16.773403813082385],[-93.54331130408065,16.804289172346916],[-93.53957199995862,16.808633009420085],[-93.54862044270067,16.848464879446954],[-93.53523761925014,16.855530421433677],[-93.52201980266253,16.858584374250402],[-93.5061882785937,16.865379385148984],[-93.49630355587936,16.866081799141238],[-93.48775233662515,16.86301242921093],[-93.48290015555668,16.85373683593646],[-93.46921647979134,16.846326310709294],[-93.46023867731128,16.859317507216932],[-93.45229692987512,16.857318960543388],[-93.44950814387673,16.850535631885606],[-93.44372590040226,16.846192081650038],[-93.44207856673304,16.846537708546425],[-93.43577007517689,16.84305998369984],[-93.43418564703063,16.836783449867198],[-93.43194647000372,16.83441195718943],[-93.43193789424654,16.81781786705162],[-93.41517079354604,16.817741380036832],[-93.40535300267133,16.80111480712184],[-93.39765677911241,16.808035544249137],[-93.3942241562923,16.813189565253932],[-93.40443966977863,16.823964193345304],[-93.3984881025313,16.82750121468576],[-93.38239608882913,16.822247425596846],[-93.37762941302572,16.817983733004723],[-93.37523238418481,16.803508410078177],[-93.37335578334728,16.800824984064093],[-93.35468862771528,16.797446028313463],[-93.35680586067042,16.788476496079923],[-93.34763711172064,16.777023219954202],[-93.35011789005193,16.769906521906613],[-93.33753677111388,16.76676350858775],[-93.33132568714389,16.771505959858253],[-93.3249426485058,16.76625379940318],[-93.31757032718589,16.766528236815613],[-93.31471378084319,16.7649403204185],[-93.31398452676748,16.76226723205312],[-93.314696142248,16.759907200869044],[-93.32054217149071,16.762110593387185],[-93.32169221115616,16.758556808843604],[-93.32460124056954,16.757573294035534],[-93.32573590779586,16.75889902885035],[-93.33036086601057,16.759118799954578],[-93.3322582427314,16.755989415118833],[-93.33658978093077,16.75766295098295],[-93.33674435690094,16.755704235888977],[-93.33278065794839,16.750773042756986],[-93.33020761747767,16.74926776195036],[-93.32393335582712,16.749175413510525],[-93.32161150491858,16.741738730094745],[-93.32431410672802,16.735906598048096],[-93.32863817147208,16.733414228685888],[-93.32954133495299,16.722866269849195],[-93.32858421527465,16.718099189822308],[-93.33665694331727,16.70687766175564],[-93.34323628407297,16.676674319456367],[-93.34658048307563,16.67466879672155],[-93.3654309192771,16.671797800236053],[-93.36749733629993,16.655774619012572],[-93.3670217507226,16.638990754574877],[-93.40222397820237,16.62614304381602],[-93.40334043973608,16.611628623166823],[-93.40941918591308,16.610997366377013],[-93.4189789189045,16.615129601478007],[-93.42855512178308,16.61525499680809],[-93.44059607867545,16.611717315974023],[-93.44725421930491,16.614599291905794],[-93.44977231338186,16.62561423775704],[-93.45949419703454,16.629089062453865],[-93.48219833266712,16.650862209299003],[-93.4790010850108,16.657093364304842]]]}},{"type":"Feature","properties":{"clues":"CSIMS004813"},"geometry":{"type":"Polygon","coordinates":[[[-93.44363679799585,17.248899542095263],[-93.46852518072566,17.24760448753782],[-93.46400377289282,17.269382474246903],[-93.46997587595997,17.286444009512408],[-93.48549154718177,17.28404606092171],[-93.49448970590683,17.286138192367037],[-93.50527907192806,17.29423956313489],[-93.51911898751246,17.313787532091403],[-93.52268301220757,17.314890821092725],[-93.53870540041319,17.33151174678878],[-93.53207788555468,17.349385257370212],[-93.5038518316961,17.34305413011716],[-93.49981571872226,17.344288384652582],[-93.49042668184397,17.337915019016165],[-93.48546618203926,17.331538127343773],[-93.4685116808643,17.325372940122904],[-93.44416976106561,17.33945069715271],[-93.42215110513968,17.354252404200047],[-93.40102531212354,17.34459779417821],[-93.39843911217221,17.34200806190927],[-93.39455379394103,17.326787792227485],[-93.3987763934175,17.320929238139026],[-93.43402566076617,17.312770063487807],[-93.43631206275433,17.298438483235362],[-93.4107370237474,17.289288064584532],[-93.4059905310862,17.279194450052525],[-93.38839254022541,17.276772704743426],[-93.3851806461446,17.27515944125364],[-93.39251549430193,17.235316546063025],[-93.394445682344,17.235213850694095],[-93.40881597571509,17.216051881654938],[-93.40530059608548,17.20688945259925],[-93.41126856851511,17.194452887879855],[-93.41700329146312,17.193644372042527],[-93.42460448265722,17.188490943034058],[-93.43010492510267,17.190559173520263],[-93.42786134975272,17.197359875757083],[-93.42503842311127,17.199066157443518],[-93.42435123854918,17.217723816434066],[-93.42584799617195,17.21824415789245],[-93.43657229126237,17.20898926027645],[-93.45851934844077,17.197574064316516],[-93.46288687694161,17.21340239776782],[-93.45502029090923,17.2270423490712],[-93.43783925825313,17.237769743288272],[-93.44363679799585,17.248899542095263]]]}},{"type":"Feature","properties":{"clues":"CSIMS005146"},"geometry":{"type":"Polygon","coordinates":[[[-93.3606109256232,15.782387850485232],[-93.37084830672565,15.788519578276064],[-93.37154017928569,15.795647747312845],[-93.37789599159608,15.806217394137173],[-93.38123820718815,15.816987391788606],[-93.383924240418,15.819693481227322],[-93.3999748691398,15.827974080815814],[-93.40574055446427,15.837162469550377],[-93.39281137415901,15.883733996541263],[-93.35157560339157,15.875570034889693],[-93.34149531190874,15.867116334456911],[-93.31438898348507,15.855412975506436],[-93.33046157380289,15.81424424248628],[-93.33150708674185,15.80544161233124],[-93.33411245273751,15.803969857527646],[-93.35079588233897,15.782210374510756],[-93.3606109256232,15.782387850485232]]]}},{"type":"Feature","properties":{"clues":"CSIMB004672"},"geometry":{"type":"Polygon","coordinates":[[[-93.21066328582708,17.887120236565558],[-93.2130362696464,17.87749074647198],[-93.23897082702135,17.86488305590464],[-93.25912520682144,17.87864668860184],[-93.26461221218831,17.89099747015424],[-93.28083146615145,17.893389211819766],[-93.3051682895255,17.86552067555198],[-93.31198550054125,17.867196160215855],[-93.32608165928553,17.89952982335098],[-93.31173250963417,17.92077725568366],[-93.29402971611142,17.915345361720952],[-93.26518506330383,17.949250948720724],[-93.2593941227857,17.950085179917572],[-93.24077434957759,17.93050039177151],[-93.24258611290591,17.909401709781967],[-93.21066328582708,17.887120236565558]]]}},{"type":"Feature","properties":{"clues":"CSIMS004760"},"geometry":{"type":"Polygon","coordinates":[[[-93.08362914820421,17.171725861348868],[-93.0916479691855,17.163235503801964],[-93.09582800418224,17.161463353068786],[-93.11926050658198,17.16496250604963],[-93.12246935654915,17.17008325663235],[-93.12048975726302,17.208756914759828],[-93.11702366292498,17.214261093884268],[-93.11472051818589,17.215710097066008],[-93.10105512355243,17.212528065592267],[-93.09392400419766,17.21270993839013],[-93.08051031722154,17.20222075811903],[-93.07591381083442,17.200924129061764],[-93.07839191415012,17.18776807324323],[-93.08621058925212,17.178839525227136],[-93.08362914820421,17.171725861348868]]]}},{"type":"Feature","properties":{"clues":"TCIMB003463"},"geometry":{"type":"Polygon","coordinates":[[[-93.03428314690005,17.659541261409434],[-93.06839728170942,17.67005059373029],[-93.06658031881044,17.69462267825745],[-93.07844522709965,17.706049597049642],[-93.07029146586643,17.74028660666485],[-93.0725075789142,17.744389110869253],[-93.06042048469604,17.771049898615892],[-93.00800660704137,17.747171063597122],[-93.00088062094724,17.734748159488326],[-92.99399345732763,17.7064271839049],[-93.02690409953374,17.6911313667971],[-93.01933178900241,17.67114912825006],[-93.03428314690005,17.659541261409434]]]}},{"type":"Feature","properties":{"clues":"CSIMS000835"},"geometry":{"type":"Polygon","coordinates":[[[-93.00774671943822,17.05275414586474],[-93.0531062307541,17.054495809999562],[-93.06152567582355,17.061064879853173],[-93.03599559797873,17.092610300696215],[-93.03060432284411,17.096607703905583],[-93.02697497487607,17.103205593382604],[-93.03303883908188,17.11149079198107],[-93.03609990922757,17.135292942046036],[-93.00660508262219,17.13912807265311],[-92.99233923473197,17.126149044232594],[-92.97018914854206,17.113129879965],[-92.96511775390847,17.096288861044098],[-92.98089385027379,17.083284063831215],[-92.98474676488097,17.069323487616074],[-93.00050788786707,17.060426518876877],[-93.00774671943822,17.05275414586474]]]}},{"type":"Feature","properties":{"clues":"TCIMB003545"},"geometry":{"type":"Polygon","coordinates":[[[-92.93415258430264,17.476195715326867],[-92.93581520483885,17.48559416384268],[-92.93417318067566,17.49380331195949],[-92.94057275286649,17.504036875857473],[-92.93790553742981,17.516367578454542],[-92.94302910512192,17.534232142293376],[-92.93836615475401,17.53976178085937],[-92.93154422204309,17.543981745625405],[-92.92116979376968,17.5430340656337],[-92.91600997246344,17.5401309864413],[-92.91239256582779,17.532955772655395],[-92.90611312378476,17.526417103523265],[-92.88420644993607,17.527422078038352],[-92.84788963330772,17.51128899488352],[-92.84778091252822,17.505004276256933],[-92.84391087085729,17.497059396862124],[-92.84011105673565,17.478671032979335],[-92.84210023935775,17.461836721928588],[-92.85451076649557,17.45767690213486],[-92.8676606638018,17.44837450267757],[-92.87310414777161,17.43513821572873],[-92.88618122887027,17.432108865833627],[-92.89128899004808,17.44396265420909],[-92.90505958509473,17.44237943441426],[-92.90338271007562,17.463799825525395],[-92.91487194304835,17.46180298405051],[-92.92819280616166,17.47371865417712],[-92.93415258430264,17.476195715326867]]]}},{"type":"Feature","properties":{"clues":"CSIMS001412"},"geometry":{"type":"Polygon","coordinates":[[[-92.76312158731484,16.83573042785235],[-92.76789525653068,16.8264396034516],[-92.78304542169204,16.82129207536441],[-92.78560342534875,16.82348781282341],[-92.78730451113105,16.830833117142017],[-92.80191328781906,16.835507569474437],[-92.8067556206063,16.827754770545898],[-92.82905748554788,16.822863226494597],[-92.8222885618098,16.848638715351917],[-92.8120325745878,16.85305143047529],[-92.80701641455715,16.8739917787954],[-92.7987259288769,16.87563903656042],[-92.79137594044657,16.8835438843307],[-92.77757164116863,16.882895606063265],[-92.76870438928653,16.87504285831804],[-92.77309696646572,16.854475325025625],[-92.77120435261412,16.845640374392314],[-92.76312158731484,16.83573042785235]]]}},{"type":"Feature","properties":{"clues":"TCIMB004583"},"geometry":{"type":"Polygon","coordinates":[[[-92.72352385347116,17.952598222136796],[-92.73205442740334,17.93787027084551],[-92.74347802337725,17.932311895614802],[-92.76308418127074,17.94680947645393],[-92.76908193099331,17.94601873696311],[-92.77431390108525,17.96384521363043],[-92.77251834921537,17.976630950172122],[-92.7666800654216,17.986262494373705],[-92.74158958049189,17.97997330953143],[-92.74111587724425,17.96630871287897],[-92.72352385347116,17.952598222136796]]]}},{"type":"Feature","properties":{"clues":"CSIMB002700"},"geometry":{"type":"Polygon","coordinates":[[[-92.53535529257611,17.46110823358739],[-92.527434829909,17.454866108202054],[-92.53180951359573,17.435595136887386],[-92.54327041381595,17.43119411818977],[-92.57329098179348,17.433691988465775],[-92.58158076343095,17.416164062181778],[-92.58575731682879,17.413746650420585],[-92.59508054418166,17.414162761526057],[-92.60497946546712,17.420225525401705],[-92.62427412851822,17.419909692093565],[-92.64076487288861,17.445932606262193],[-92.65227170814066,17.45195479726201],[-92.65142037808131,17.458920045638447],[-92.64516039214759,17.46887404217909],[-92.60928652431512,17.471167500703373],[-92.60532355897934,17.48478904143681],[-92.61425297091478,17.511508359399414],[-92.59075464465998,17.514956547396324],[-92.5841232776614,17.511600738776618],[-92.56787919314496,17.51099434285081],[-92.56039359648234,17.4797784348222],[-92.56424787415119,17.469346094901937],[-92.53535529257611,17.46110823358739]]]}},{"type":"Feature","properties":{"clues":"CSIMB001411"},"geometry":{"type":"MultiPolygon","coordinates":[[[[-92.61522272756667,16.817568896785616],[-92.62199215665544,16.818925992118135],[-92.62578786191916,16.836274531524904],[-92.63285449687433,16.841225293492226],[-92.63804995646748,16.847656718364522],[-92.63951344489615,16.85424430802193],[-92.63373486028078,16.865393115434607],[-92.62717441691795,16.859738859773692],[-92.62455154562312,16.86037675587907],[-92.62012288221771,16.86597716453307],[-92.61480674488313,16.864216532445717],[-92.61016745443064,16.856098125636578],[-92.61096819726527,16.85357244564537],[-92.61655812160647,16.84938864896364],[-92.61975224307986,16.83899018744532],[-92.59840036856514,16.829424379927612],[-92.59786347010031,16.822559964754483],[-92.61522272756667,16.817568896785616]]],[[[-92.63746946565944,16.87768097753468],[-92.63612658024654,16.879120001995634],[-92.62255594973851,16.87729378151611],[-92.62259555920434,16.869012720444857],[-92.63285823340118,16.868272887840188],[-92.63615008804355,16.871903531597233],[-92.63746946565944,16.87768097753468]]]]}},{"type":"Feature","properties":{"clues":"CSIMS001342"},"geometry":{"type":"Polygon","coordinates":[[[-92.5825361602448,16.86056940047082],[-92.58369378176178,16.844329477451314],[-92.59281837320262,16.838752550843058],[-92.5968531323145,16.833988782527463],[-92.59840036856514,16.829424379927612],[-92.61975224307986,16.83899018744532],[-92.61655812160647,16.84938864896364],[-92.61096819726527,16.85357244564537],[-92.61016745443064,16.856098125636578],[-92.61480674488313,16.864216532445717],[-92.62012288221771,16.86597716453307],[-92.62259555920434,16.869012720444857],[-92.62255594973851,16.87729378151611],[-92.61927279421208,16.883635280563684],[-92.61130480078285,16.87887636745754],[-92.60012604890028,16.878885784881934],[-92.59922152235575,16.876774752715622],[-92.58938812677167,16.874901885138836],[-92.5825361602448,16.86056940047082]]]}},{"type":"Feature","properties":{"clues":"CSIMB004754"},"geometry":{"type":"Polygon","coordinates":[[[-92.52770532102274,16.95757277276899],[-92.53386308414117,16.95306316630263],[-92.5415496704909,16.950099217941915],[-92.54842985775953,16.960555595176455],[-92.55019848944643,16.96130149581827],[-92.55245619684224,16.976174495656835],[-92.56561553175352,16.972458713064086],[-92.5663967687343,16.968119195101014],[-92.5688376749075,16.96737195520241],[-92.57507929085989,16.969219243040612],[-92.57787386496369,16.967804421218748],[-92.58751234200608,16.97424100260153],[-92.58288515538732,16.978691078109772],[-92.58128995984941,16.98371527649659],[-92.57314041595461,16.990785322344802],[-92.57265577302306,16.993988746923755],[-92.55855656295037,16.99923253614453],[-92.5492844251608,16.98678204327875],[-92.53783770429177,16.984923528756422],[-92.53311816194048,16.985514572532214],[-92.52921845845347,16.984076650267642],[-92.53095739869424,16.96608283463986],[-92.52690351398697,16.962907923504595],[-92.52770532102274,16.95757277276899]]]}},{"type":"Feature","properties":{"clues":"TCIMB002886"},"geometry":{"type":"Polygon","coordinates":[[[-92.56226656506566,17.91064828303079],[-92.54430159668777,17.941907706461905],[-92.51597721712994,17.917573001703055],[-92.5276681938856,17.907426983853224],[-92.55948364075914,17.904662476021386],[-92.56226656506566,17.91064828303079]]]}},{"type":"Feature","properties":{"clues":"CSIMB006726"},"geometry":{"type":"Polygon","coordinates":[[[-92.45147722338403,16.788269554818257],[-92.42767356277119,16.780026471342808],[-92.42876248913333,16.774739662389287],[-92.43791041379393,16.7596300519522],[-92.43818307937626,16.75626258119364],[-92.45653693647944,16.747548953889307],[-92.47357818147702,16.769975818476546],[-92.48046663351543,16.772754571568903],[-92.49155043770202,16.76980386197161],[-92.50340250462988,16.778338783665706],[-92.51789631802299,16.767788879221406],[-92.51925388617364,16.77123320721131],[-92.50554145813649,16.79307410371531],[-92.50402203866805,16.800455489494336],[-92.4786679995772,16.805322335006718],[-92.47384637561322,16.80506049677004],[-92.46121769305482,16.78362951816686],[-92.45147722338403,16.788269554818257]]]}},{"type":"Feature","properties":{"clues":"CSIMS001716"},"geometry":{"type":"Polygon","coordinates":[[[-92.37083458941773,17.1397296759521],[-92.3916475091454,17.119500932267957],[-92.40471780921733,17.11985460189459],[-92.41006290443472,17.12389499136258],[-92.41078104190585,17.129219077005548],[-92.45294634452046,17.15708969207563],[-92.45345853450058,17.162607642524257],[-92.42236029930213,17.172311287098985],[-92.41031818864973,17.16889626032409],[-92.40148856136298,17.1605127820957],[-92.38609143430611,17.157313462222337],[-92.37083458941773,17.1397296759521]]]}},{"type":"Feature","properties":{"clues":"CSIMS000695"},"geometry":{"type":"Polygon","coordinates":[[[-92.36258914184042,16.45132524915902],[-92.38248637465419,16.451269912293267],[-92.38349236798987,16.452215481360682],[-92.3791906166544,16.483842939357324],[-92.38057344317592,16.486898509125716],[-92.38029009887725,16.51828178146981],[-92.36263413566147,16.518725837188054],[-92.35323967905937,16.517531121015587],[-92.34676969630469,16.522696935148993],[-92.35637989794215,16.54583063382749],[-92.35461134612785,16.551358083902063],[-92.35972014534256,16.572138335330372],[-92.35593558286976,16.57452431845473],[-92.33788696018775,16.573462031736124],[-92.33986490325982,16.55961038341815],[-92.32914057549269,16.5518938013254],[-92.31051414229435,16.545186344520857],[-92.30230808562439,16.54581097333421],[-92.30260430525023,16.54058313753955],[-92.32064838568063,16.516274558536807],[-92.31996106441862,16.51101213513132],[-92.31419686724963,16.499759634454882],[-92.31500163855901,16.497032105858253],[-92.31593933730032,16.496110887047553],[-92.32889339024466,16.497203404636515],[-92.3318038901481,16.493323332319857],[-92.34296658319985,16.490226979998777],[-92.34580088544843,16.487645128361994],[-92.3426427109344,16.475633017286768],[-92.3432918596296,16.47397264778336],[-92.33688510662421,16.456800055895172],[-92.35606357280112,16.45495304800106],[-92.36258914184042,16.45132524915902]]]}},{"type":"Feature","properties":{"clues":"CSIMB003750"},"geometry":{"type":"Polygon","coordinates":[[[-92.34505410072326,17.238256038682444],[-92.34998420800555,17.240848364165693],[-92.34902954677925,17.2538036841472],[-92.35258938736098,17.265836793924105],[-92.3482789282731,17.277407059828857],[-92.34067237857252,17.283119379269927],[-92.34035236361696,17.284862918776],[-92.34046482933736,17.30380662569054],[-92.34335474312877,17.329112566170686],[-92.331207404149,17.332255948980595],[-92.3261970195225,17.331105046575168],[-92.32062800180077,17.324098097936965],[-92.32240689029724,17.313672622456114],[-92.31540459963276,17.306845693964274],[-92.31183179583529,17.305365708112816],[-92.30049396368494,17.30673032908029],[-92.29997709515501,17.296794013473903],[-92.30541520491815,17.28906557120368],[-92.30480350310606,17.284830699264734],[-92.30866181836086,17.27973406335932],[-92.30490405851828,17.27252733496397],[-92.32035514622207,17.26998861619889],[-92.3316551016623,17.275248466199063],[-92.32988297812477,17.2613980480899],[-92.33699994330091,17.25407501204556],[-92.3338140930647,17.247274186874158],[-92.33691049330031,17.240745374642565],[-92.34505410072326,17.238256038682444]]]}},{"type":"Feature","properties":{"clues":"CSIMB001715"},"geometry":{"type":"Polygon","coordinates":[[[-92.33317835758879,16.853880153127378],[-92.34762004141304,16.858255073165097],[-92.34464015347534,16.874187637981795],[-92.35063256237909,16.887160900016923],[-92.34564015837188,16.8932423410802],[-92.34357679880321,16.89841910241864],[-92.34899603853314,16.919378461709346],[-92.33688715791344,16.922208322633097],[-92.32219238826337,16.913920197881893],[-92.30462084344781,16.927650470035946],[-92.29842769329372,16.920503570298305],[-92.27978019062866,16.91219255218518],[-92.27913629616536,16.90527933292845],[-92.28759254931443,16.891690539459997],[-92.28519381234953,16.88257255748267],[-92.30403073646899,16.871579967142484],[-92.30967723183252,16.87605910586211],[-92.31856838873227,16.866371539369073],[-92.32574341205762,16.86694678813963],[-92.33317835758879,16.853880153127378]]]}},{"type":"Feature","properties":{"clues":"CSIMS003034"},"geometry":{"type":"Polygon","coordinates":[[[-92.27985177385767,15.220047677254],[-92.30919973136584,15.228217703040396],[-92.31875055739525,15.238419977097815],[-92.30651506475633,15.256217711603108],[-92.29139114544266,15.257987708361236],[-92.29090310469277,15.2664103806158],[-92.2852520569815,15.269165918810005],[-92.28062229966201,15.268685736377781],[-92.2761715640398,15.271788190626756],[-92.27031330777021,15.268189733774499],[-92.26529878060317,15.277050912511331],[-92.25813061854038,15.275639726715683],[-92.24917312298265,15.278446527924475],[-92.25066480637456,15.264812197100795],[-92.2551757389841,15.262296177580284],[-92.25982832090162,15.237987994479377],[-92.26681911255689,15.232571533978447],[-92.2720158779013,15.222054113754872],[-92.27985177385767,15.220047677254]]]}},{"type":"Feature","properties":{"clues":"CSIMB006422"},"geometry":{"type":"Polygon","coordinates":[[[-92.26439097182217,17.38936373319855],[-92.25019582908739,17.37020508174036],[-92.25246851712815,17.367748371532755],[-92.26631392409287,17.37378578356207],[-92.27480372753041,17.37224873713409],[-92.27674594074064,17.384185658964434],[-92.2889050757822,17.38625764636123],[-92.29264355212948,17.413648615484654],[-92.28650538146084,17.4182093844325],[-92.2790684167519,17.416089891074012],[-92.26763070165377,17.389721710958952],[-92.26439097182217,17.38936373319855]]]}},{"type":"Feature","properties":{"clues":"CSIMS001943"},"geometry":{"type":"Polygon","coordinates":[[[-92.24508399123769,14.707216207737087],[-92.23017881743054,14.72554985211615],[-92.24888232626208,14.741050244635483],[-92.24846416075853,14.742579276266186],[-92.23083554230483,14.755161555113906],[-92.21917298287693,14.754081136976732],[-92.21512511319035,14.742222826682251],[-92.20676596519223,14.73741438483899],[-92.19740627720003,14.737026008812082],[-92.1766197056307,14.714877111747647],[-92.17802112182505,14.69005518596554],[-92.1834262544215,14.68944000234237],[-92.1945718091785,14.692823792766603],[-92.20296815674045,14.68855762069571],[-92.2210888528185,14.694359990682635],[-92.22502127014211,14.692518707864043],[-92.239202711408,14.676757063538362],[-92.25141554070468,14.682309396272284],[-92.25939417610526,14.69287936433014],[-92.25645956134625,14.699811894204512],[-92.24508399123769,14.707216207737087]]]}},{"type":"Feature","properties":{"clues":"CSIMS005525"},"geometry":{"type":"Polygon","coordinates":[[[-92.19184616793868,16.181495895888975],[-92.20440977484097,16.175573484754807],[-92.21360567443477,16.166991921507943],[-92.22912355394256,16.17347370679211],[-92.23515719042106,16.180021653118153],[-92.24544102724697,16.194843312448825],[-92.22624931908234,16.228133751392924],[-92.2006256007206,16.218520574892814],[-92.1965449052436,16.21772551436263],[-92.19061084674898,16.219696674378188],[-92.18413800544161,16.21808046457031],[-92.17719877591861,16.212874241059346],[-92.17048282848359,16.203060876607175],[-92.17023772489486,16.196415481703365],[-92.1905508517367,16.18955417806962],[-92.19184616793868,16.181495895888975]]]}},{"type":"Feature","properties":{"clues":"CSIMB002176"},"geometry":{"type":"Polygon","coordinates":[[[-92.01389502985738,17.425029171759856],[-92.00669073113414,17.41681915123689],[-91.97028298562525,17.42973251494371],[-91.95924889951516,17.416454778287548],[-91.97129268252478,17.396513473678365],[-92.00885784118424,17.394297279910713],[-92.01095958233904,17.389890296641248],[-92.02917226905791,17.381143121522804],[-92.03956438857743,17.386125492400534],[-92.0497369029498,17.39382983417757],[-92.05679626819563,17.403621070427892],[-92.07853407517035,17.398316923125236],[-92.09054176237194,17.402963095370172],[-92.10121633288169,17.41375441016847],[-92.12099967613725,17.40714393702716],[-92.13084997350838,17.40866343080965],[-92.14028251878696,17.425041419347988],[-92.1406847548519,17.437583775555787],[-92.1785720312578,17.450337766909897],[-92.15521635089128,17.49009329498304],[-92.1381613041242,17.490395529498628],[-92.1254255628074,17.463575292449974],[-92.09079651451134,17.464039530997844],[-92.08094107287425,17.440819220269887],[-92.05392522810845,17.433922709033634],[-92.05237800293517,17.432243766990123],[-92.01389502985738,17.425029171759856]]]}},{"type":"Feature","properties":{"clues":"CSIMS004212"},"geometry":{"type":"Polygon","coordinates":[[[-92.13499187712057,17.287023393935133],[-92.14734054999046,17.28365255380367],[-92.15833576700965,17.286045594726783],[-92.13304320600083,17.31032093031614],[-92.13940975546825,17.318317359882446],[-92.15343930517,17.319774280606453],[-92.14394925287895,17.33336712397051],[-92.13833657092034,17.33505897864599],[-92.12903215530525,17.35158586531883],[-92.11868094794951,17.347892916543746],[-92.11646360695237,17.34401509887215],[-92.08978886676233,17.33153858845194],[-92.09540319313443,17.324154697215512],[-92.09765466902792,17.314733519334794],[-92.10234540852649,17.304818195772825],[-92.10193501798487,17.299642283159237],[-92.08595685434223,17.290309448392954],[-92.0751490937851,17.296196468068686],[-92.06880655667291,17.297481192948958],[-92.05523330665682,17.284757083896725],[-92.05548932942705,17.27919855632919],[-92.05010259612371,17.270925603308],[-92.06720685378907,17.24890427784854],[-92.08522162649032,17.263673956405817],[-92.0896818204551,17.272043419183017],[-92.09296613235387,17.271348768494406],[-92.11114274802738,17.27837269740441],[-92.11607336387482,17.275174556904886],[-92.12312137155114,17.278789975323274],[-92.1289043830295,17.27884729352983],[-92.13499187712057,17.287023393935133]]]}},{"type":"Feature","properties":{"clues":"CSIMS001721"},"geometry":{"type":"Polygon","coordinates":[[[-92.08686824467361,17.178610225015944],[-92.0975797613069,17.178349827727317],[-92.09920782740974,17.184725195900306],[-92.08100017766641,17.193088913232483],[-92.08740075642697,17.20696276276412],[-92.08620835825893,17.210995949667403],[-92.07183674122479,17.2110665757395],[-92.0610160907903,17.220566461848364],[-92.05786096868184,17.2215195626093],[-92.04914059694413,17.219279891790674],[-92.03971939936814,17.213058578347407],[-92.02959625199696,17.221824044918932],[-92.02760234131829,17.229560859750276],[-92.02064534720382,17.227684241385653],[-92.01547287633718,17.23360892099171],[-92.00737862566523,17.229978461987454],[-92.00170335436196,17.232217430305973],[-91.98211379055223,17.23321921516553],[-91.9770698105388,17.224878075603378],[-91.97258636791649,17.2224920132372],[-91.97806630976572,17.198128064358514],[-91.96090438346383,17.194982961894922],[-91.95420909257881,17.19130920085795],[-91.95356181417564,17.187714225716594],[-91.95387610634928,17.18057570731947],[-91.95922799633385,17.171625547083327],[-91.9575219215689,17.15363721620294],[-91.98588498567125,17.147998892773753],[-92.0150107603412,17.154100540522162],[-92.03618274568257,17.16702296326744],[-92.03865871968546,17.166178769518798],[-92.04680062997356,17.170574173887903],[-92.06821158204605,17.16967054433962],[-92.07086320786925,17.173140115102445],[-92.08686824467361,17.178610225015944]]]}},{"type":"Feature","properties":{"clues":"CSIMS001890"},"geometry":{"type":"Polygon","coordinates":[[[-92.06268548239218,15.643719437462659],[-92.08270385415706,15.64877637506723],[-92.08457639145833,15.650869447824237],[-92.08070749655522,15.660857992402649],[-92.0640884465411,15.669431859145769],[-92.06003673772365,15.67714399051904],[-92.05770828567249,15.678141741425403],[-92.04819391804543,15.69595106153836],[-92.03980544252497,15.69634029685185],[-92.03437652207282,15.694463892082736],[-92.02730272807736,15.697474226578656],[-92.01874669726821,15.694677804661262],[-92.01342557637597,15.695145326461313],[-92.00907867632412,15.700827138040905],[-92.00627092636479,15.7006270427363],[-92.00055579357684,15.694941477065784],[-92.00052456000029,15.699382374288797],[-91.99208677608785,15.697126357300183],[-91.98778660287928,15.685200168352239],[-91.98111528833849,15.680471146935663],[-91.97811430286775,15.676391564964606],[-92.00145964609557,15.671943620038808],[-92.01018708457097,15.67314435856199],[-92.01858121145534,15.668641447798556],[-92.02297257168163,15.66197551097034],[-92.02498173967014,15.655687176141097],[-92.02874921778586,15.653986835183794],[-92.03726205294211,15.641931401334698],[-92.05907658748123,15.64587675201374],[-92.06268548239218,15.643719437462659]]]}},{"type":"Feature","properties":{"clues":"CSIMB001341"},"geometry":{"type":"Polygon","coordinates":[[[-91.94030858667836,16.427001867505044],[-91.95572645717871,16.415866460344045],[-91.97659268964878,16.41908963251608],[-91.98800694713135,16.412725887320505],[-91.9914619696355,16.41367645152101],[-92.02094999488389,16.435112414291584],[-91.99759954968098,16.45553652694786],[-91.99468444888136,16.491325938787778],[-91.98567110180375,16.500104626281864],[-91.98862057579029,16.538089824355687],[-91.9392083482966,16.551531503324785],[-91.93725766181514,16.5531713710056],[-91.9196991638731,16.547704354578865],[-91.89785484904839,16.556759421269167],[-91.88199948396746,16.580193655543106],[-91.87323498912004,16.580180342079966],[-91.85228442065058,16.559303254787775],[-91.84979170371966,16.53241282754744],[-91.87064178416432,16.52518517382021],[-91.8819546985883,16.510688353760745],[-91.88544837185039,16.49755387494474],[-91.87306182286487,16.46825589935702],[-91.87907637224595,16.44971206831147],[-91.92302765455311,16.472321407855095],[-91.93336273819092,16.463959278781292],[-91.94209412956326,16.430468452571297],[-91.94030858667836,16.427001867505044]]]}},{"type":"Feature","properties":{"clues":"CSIMB001604"},"geometry":{"type":"Polygon","coordinates":[[[-91.82587262035683,16.932894859786565],[-91.83105848554939,16.934331669450593],[-91.83928947020048,16.93307433649061],[-91.84017284006883,16.93017993367367],[-91.84468312939525,16.92972119310446],[-91.85186479678485,16.933749748268447],[-91.85480310025757,16.940027172391023],[-91.85934775613201,16.9385879135276],[-91.86539301165901,16.94088665686775],[-91.86319443798797,16.95807696095425],[-91.84816752386,16.95271911729798],[-91.84093685829215,16.961278990446004],[-91.83992061624916,16.964572979918103],[-91.83155116512171,16.96963529121033],[-91.82872337955673,16.976962153965818],[-91.83336006992131,16.98653634035675],[-91.82772757113885,16.998202858551384],[-91.82962702314107,17.01869685736916],[-91.82851288228089,17.02052429932248],[-91.82500782084836,17.022071590879676],[-91.78499755876673,17.01123612521711],[-91.78161789680227,17.01212308602261],[-91.74964665771327,17.008957886668487],[-91.73258887058097,17.016965154087874],[-91.7222621128167,17.01332131654348],[-91.71073980554233,16.99492723929195],[-91.71391808297523,16.974024407306384],[-91.71690390515073,16.968463291162426],[-91.72501459040868,16.969010750304157],[-91.73766856838391,16.961934845187923],[-91.74477993563637,16.956190561184112],[-91.74050153978727,16.94449209528509],[-91.73582688727194,16.943050624711255],[-91.73677163047189,16.935007231948546],[-91.74356594159681,16.93071652152886],[-91.7431954256533,16.924522862881773],[-91.74965692439815,16.922204030298875],[-91.75927968631107,16.92425459642126],[-91.76054753110004,16.91833099068208],[-91.75617283813476,16.913233744147863],[-91.75352108737549,16.903324737331324],[-91.76192779097569,16.905061034949117],[-91.77392288678018,16.89875861113105],[-91.77607468831583,16.90175484139765],[-91.78512745448654,16.90386432464284],[-91.78813809377567,16.905940205191808],[-91.79139066307067,16.910389601621244],[-91.79790210548917,16.91410124157188],[-91.80777569136912,16.922789068869857],[-91.8134102002228,16.92214432431363],[-91.82587262035683,16.932894859786565]]]}},{"type":"Feature","properties":{"clues":"CSIMS002870"},"geometry":{"type":"Polygon","coordinates":[[[-91.78593171788236,16.490144256740656],[-91.79300295651532,16.49186312738],[-91.79730699822659,16.50703556583956],[-91.80079819834408,16.512103488019136],[-91.81425179059367,16.521430069963994],[-91.83966225639753,16.52506774235579],[-91.8423295125183,16.528166380460558],[-91.84979170371966,16.53241282754744],[-91.85228442065058,16.559303254787775],[-91.83017066121565,16.567584327017784],[-91.8145108090843,16.554585198816348],[-91.80051994033856,16.555123483777166],[-91.79894495099565,16.555859239626443],[-91.7913188065006,16.575719985952233],[-91.78687090805175,16.577065350418447],[-91.76544433983679,16.556048036232177],[-91.75449897797841,16.55082785748255],[-91.75015151171273,16.553125500720455],[-91.74501618788487,16.575510342341136],[-91.73793765405252,16.58114564090254],[-91.72049334975397,16.582332731886417],[-91.71236267505603,16.575360237137673],[-91.70874553267454,16.574380957714702],[-91.69771377921371,16.552341749809518],[-91.70476129740378,16.540114123070143],[-91.70817596517465,16.528746954601477],[-91.7117149741582,16.52669485184413],[-91.73036743989984,16.537538399887914],[-91.73932517060416,16.526822464472176],[-91.73379651354357,16.507914747543133],[-91.75321811844758,16.511874536462972],[-91.7526266925823,16.498655741706713],[-91.74995968775943,16.493325918318437],[-91.72306760395897,16.479617846754074],[-91.7225553580269,16.476092172756996],[-91.7507552333047,16.45160366017032],[-91.77936717839464,16.485546706914853],[-91.78593171788236,16.490144256740656]]]}},{"type":"Feature","properties":{"clues":"CSIMB006504"},"geometry":{"type":"Polygon","coordinates":[[[-90.95476145424061,16.074036387258733],[-91.12951198267795,16.074263663519968],[-91.12255594967193,16.102638702862173],[-91.08818354984092,16.157027425218065],[-91.05828597678887,16.19007836395135],[-91.0551468773565,16.200773883124132],[-91.01632703262015,16.252249209160006],[-90.98021966584454,16.185031232164807],[-90.95476145424061,16.074036387258733]]]}},{"type":"Feature","properties":{"clues":"SLIMS001246"},"geometry":{"type":"Polygon","coordinates":[[[-108.85740420905778,25.96842605646507],[-108.86764187071194,25.98221486214643],[-108.87505883236493,25.984298823788983],[-108.87935281893127,25.982082832126583],[-108.88567252662989,25.983119510229358],[-108.8885567359928,25.99939138190636],[-108.88413323144967,26.00173072318365],[-108.88158783984609,26.001236165771832],[-108.87108047502996,26.006593201495452],[-108.86022878517826,26.00813988331517],[-108.85959672608108,26.0122044186311],[-108.847825,26.019169717405276],[-108.847825,26.02518434223235],[-108.84436407177915,26.029423119800864],[-108.84497197700124,26.03739917878625],[-108.82987754216371,26.04200536436835],[-108.8279389618638,26.048845728239904],[-108.82250839953547,26.04918682075185],[-108.81660938428692,26.04710199351199],[-108.81591093744429,26.035577620608542],[-108.81470920562586,26.03482559642591],[-108.8077853298447,26.03752658077185],[-108.81617705865463,26.047019719297236],[-108.8101923413394,26.049336707253943],[-108.80298502919503,26.04711832793662],[-108.7982041989105,26.038689482577784],[-108.79975809729439,26.036455776400004],[-108.78575802271884,26.01286899229924],[-108.77212364202506,26.019943471923565],[-108.74875353268989,26.021679423459148],[-108.74123029343359,26.00804599263536],[-108.72130911574445,26.00147077550435],[-108.69818569266532,25.986678741512122],[-108.69676122606748,25.98226120744253],[-108.6661235728446,25.93236890385791],[-108.68592434053798,25.914388178925858],[-108.73513458119427,25.91872533675149],[-108.73762320786686,25.91761846008683],[-108.75509513261662,25.926586079631253],[-108.77472399953726,25.951914682428903],[-108.80102779387722,25.94989428458839],[-108.81371675914451,25.9369944832945],[-108.81806725370186,25.939226988738714],[-108.86719654282469,25.947394172334917],[-108.85740420905778,25.96842605646507]]]}},{"type":"Feature","properties":{"clues":"SLIMS001625"},"geometry":{"type":"Polygon","coordinates":[[[-108.49843518617415,25.92797138744319],[-108.56054286487347,25.896274389258412],[-108.56608565521843,25.914286158378403],[-108.57987832834579,25.936641106315918],[-108.61397837849289,25.96283419476796],[-108.61380556399303,25.96421232701598],[-108.60343432243818,25.984848342659696],[-108.57604438929624,25.984285649169173],[-108.5575380396537,25.977392753497195],[-108.54316103140566,25.980932263685606],[-108.54227577346391,25.97961393072326],[-108.50124085066102,25.980222536599236],[-108.49771527789933,26.005111879194242],[-108.50069363481724,26.011462585712028],[-108.50476627205138,26.01485316641672],[-108.50949832677398,26.046682531998133],[-108.47145172880805,26.13971970714513],[-108.44887843551024,26.1535816092871],[-108.4234866232523,26.121431691204126],[-108.33637501757788,26.130913754205707],[-108.31250938276753,26.147479097632566],[-108.25818641087425,26.122607033763053],[-108.29655526084343,26.09778859020015],[-108.31158882934562,26.073634000456327],[-108.3323230865699,26.05254732207912],[-108.29842303007469,26.01622979901777],[-108.2985904084477,26.010743631218293],[-108.29973444897085,26.00181748118115],[-108.30932247321462,25.987432021694786],[-108.35010691596459,25.990020384273393],[-108.3572620511921,25.977272196460735],[-108.34639400473309,25.939765525243686],[-108.36850900302488,25.947420627556937],[-108.37292351977338,25.9510850592156],[-108.39935792068357,25.954520963301178],[-108.40489952659955,25.94366063330498],[-108.41521010524771,25.93151741857202],[-108.41750771818087,25.931597463238873],[-108.4254693961717,25.919333288285973],[-108.42642833574304,25.911045432658028],[-108.41278849316961,25.87757799716401],[-108.41475999878472,25.875099090147234],[-108.43298215362162,25.88128615252078],[-108.43626562691765,25.88078757833712],[-108.4753460118866,25.889865897402125],[-108.47566516322418,25.903845280230687],[-108.48898916842323,25.911210719153605],[-108.49843518617415,25.92797138744319]]]}},{"type":"Feature","properties":{"clues":"SLIMB001962"},"geometry":{"type":"Polygon","coordinates":[[[-108.23996261079702,25.787862509190827],[-108.25819254987448,25.799149079971304],[-108.26628420879004,25.799447152114574],[-108.26111893509292,25.8276372117941],[-108.27458384713051,25.825298265183374],[-108.28882659283445,25.83206510225317],[-108.30468031737381,25.809825249166423],[-108.33469577479254,25.804010389374458],[-108.33721410758595,25.801993568795417],[-108.37300285925382,25.79652938055158],[-108.37984318042129,25.802272563176633],[-108.38472462306882,25.814958204865068],[-108.3640569552099,25.84553421318565],[-108.34089561672862,25.84952958908617],[-108.33720331938707,25.854542602352844],[-108.31632029945428,25.84755141208294],[-108.2996175790455,25.853070395290626],[-108.29400365536497,25.853197148145423],[-108.28362706124109,25.863228764766347],[-108.28230115671208,25.87951426498332],[-108.27273145712046,25.890706557861254],[-108.23984361619216,25.902756597659877],[-108.2284125726036,25.863780836048495],[-108.22200937368383,25.857048484047866],[-108.18935049679347,25.842928987847255],[-108.1868993999014,25.837950602867956],[-108.17440595590507,25.838139558135982],[-108.16321768884849,25.800204611623943],[-108.14565502352632,25.800717856356215],[-108.13951186074169,25.77577005023845],[-108.15226051272529,25.76527934403343],[-108.15787874696491,25.743955619903815],[-108.19101068232803,25.727485216610557],[-108.19691972667061,25.732440104637494],[-108.2265647577301,25.74401991453618],[-108.22796508665712,25.757160643134537],[-108.2256933414932,25.768454134026683],[-108.23402663686086,25.78233665232111],[-108.23996261079702,25.787862509190827]]]}},{"type":"Feature","properties":{"clues":"SLIMS001053"},"geometry":{"type":"Polygon","coordinates":[[[-108.2441678419886,26.55238795671535],[-108.29309836457011,26.575533355759916],[-108.31196561537578,26.576228157879736],[-108.3132669752174,26.581085702984783],[-108.35394276022501,26.608747282432486],[-108.36414718333741,26.623983019290925],[-108.33933957919105,26.647511092602148],[-108.3299371883497,26.652292439953378],[-108.320414196173,26.648949943824515],[-108.30324547593762,26.66002800275272],[-108.28541513102196,26.637806249780407],[-108.27245534311207,26.635952436755105],[-108.26364415774991,26.62457516296299],[-108.25666629377304,26.62158232589262],[-108.24761168616676,26.593249482473595],[-108.24086248261979,26.58567309067706],[-108.2441678419886,26.55238795671535]]]}},{"type":"Feature","properties":{"clues":"SLIMB001245"},"geometry":{"type":"Polygon","coordinates":[[[-108.19317594386831,25.497256923878354],[-108.23599062098769,25.5105800789021],[-108.23803912580817,25.50592773864652],[-108.24388043973761,25.503916939147633],[-108.27772182431654,25.508111867941196],[-108.28230021002344,25.510436947206607],[-108.28795728224158,25.52834220230852],[-108.28678396058712,25.529849767171708],[-108.26418608178636,25.53456941106895],[-108.26184262805474,25.53700900381888],[-108.26053064926658,25.54420371929074],[-108.26157895251056,25.56004837619442],[-108.25881857134502,25.564413065639457],[-108.25843010296923,25.569759640494414],[-108.2401546944378,25.58203979957036],[-108.21142377919358,25.553688496676436],[-108.20763108649861,25.55349119971382],[-108.19601509184028,25.528017391283758],[-108.19326397749938,25.525373970283393],[-108.18946327518356,25.50614102988975],[-108.19317594386831,25.497256923878354]]]}},{"type":"Feature","properties":{"clues":"MCIMB006526"},"geometry":{"type":"Polygon","coordinates":[[[-99.40643804386605,19.185000402679286],[-99.41197288883168,19.18552070416263],[-99.41387647788851,19.186970055946386],[-99.40838325697996,19.1932952182522],[-99.40892752070059,19.195415438811356],[-99.41268938289136,19.19587779274596],[-99.41745406107343,19.200095871734305],[-99.41644390847901,19.217122092318068],[-99.41445213767066,19.217960171764858],[-99.40824182880932,19.23352171870074],[-99.38062151454163,19.226050643490478],[-99.35311051453154,19.201285664404974],[-99.35856021720558,19.199515574101376],[-99.36733483277158,19.19308147507061],[-99.39640246432094,19.188352088261894],[-99.40456543169455,19.188871409452304],[-99.40643804386605,19.185000402679286]]]}},{"type":"Feature","properties":{"clues":"MCIMB004315"},"geometry":{"type":"Polygon","coordinates":[[[-99.3349304969982,19.08610518206534],[-99.34780890609663,19.03360843184232],[-99.40535206818151,19.04925884282445],[-99.41911441031849,19.046740777379533],[-99.41827959492898,19.069887450313715],[-99.40828559802162,19.083492017845444],[-99.36117980929562,19.105105765693462],[-99.35831472496972,19.10490183757352],[-99.3349304969982,19.08610518206534]]]}},{"type":"Feature","properties":{"clues":"MCIMB003801"},"geometry":{"type":"Polygon","coordinates":[[[-99.28403454620775,19.480524189158437],[-99.28561569754999,19.47776519991707],[-99.29236141258357,19.477090216462148],[-99.29520224471666,19.474105627367944],[-99.31009696371218,19.475547844202232],[-99.30415038017965,19.487745036560515],[-99.30018357230723,19.48928365318795],[-99.29765245480283,19.493926701495788],[-99.28974766152321,19.492780480186234],[-99.28582912647471,19.497696765146884],[-99.28060302699532,19.497650979873754],[-99.27912864256085,19.499916993578353],[-99.2713071622905,19.498413133303533],[-99.26954603207932,19.501163701231082],[-99.26404493031231,19.500657319842023],[-99.26387424433644,19.496025239915653],[-99.26792278988832,19.493555444644034],[-99.26762612019657,19.484476488615492],[-99.27097732231223,19.478016357674424],[-99.27596736742511,19.481564404915137],[-99.28403454620775,19.480524189158437]]]}},{"type":"Feature","properties":{"clues":"DFIMB000323"},"geometry":{"type":"Polygon","coordinates":[[[-99.29814326437373,19.349585777025773],[-99.29095909987045,19.362830907238205],[-99.28076639829575,19.360436741698805],[-99.27861726394993,19.351810135366886],[-99.27945476453496,19.34980465510882],[-99.28357912647775,19.34776291284124],[-99.29327202009127,19.344089938257728],[-99.29629485686802,19.344497128736673],[-99.29814326437373,19.349585777025773]]]}},{"type":"Feature","properties":{"clues":"DFIMB001344"},"geometry":{"type":"Polygon","coordinates":[[[-99.26530180164673,19.356516929243057],[-99.2658922528371,19.363253427979835],[-99.26745292315988,19.365454283932028],[-99.26540491727913,19.37355012281844],[-99.26700341439212,19.379998577895368],[-99.26423282583205,19.381542833118747],[-99.25357406721938,19.379244977692004],[-99.25028025577416,19.385346693755338],[-99.24274105757341,19.381914179651464],[-99.23671557322021,19.393713000648532],[-99.23439402127664,19.39480377999194],[-99.22383932215769,19.394632055251474],[-99.22048733512068,19.390007474897594],[-99.2208097066734,19.38429941726305],[-99.22560874351493,19.383363948886593],[-99.22726844128931,19.386587712820717],[-99.22927434362857,19.386127801533846],[-99.22858400900151,19.381524388405087],[-99.2307897691406,19.37942668116865],[-99.23401261471764,19.379548066508875],[-99.24244329097246,19.375865918180857],[-99.24153761189575,19.371968151153034],[-99.24492405095424,19.36910281470879],[-99.25163610768442,19.37173173741154],[-99.25148849688782,19.364879488131688],[-99.25597740411642,19.36337535661931],[-99.2559818644234,19.358963007766288],[-99.25953518030425,19.35703769353973],[-99.26530180164673,19.356516929243057]]]}},{"type":"Feature","properties":{"clues":"MCIMB003772"},"geometry":{"type":"Polygon","coordinates":[[[-99.23850244447691,19.415014658225264],[-99.24161206816426,19.419339930993587],[-99.25080442695872,19.41606301902416],[-99.25194920799757,19.421397988947387],[-99.25806290942133,19.42751525105867],[-99.25639040602255,19.433514305816345],[-99.25397394330608,19.435094617166783],[-99.2553485552536,19.438810843997842],[-99.25051529480263,19.44215097369895],[-99.2403518993888,19.439192516818483],[-99.24037955247071,19.4422659882703],[-99.23703263991482,19.447703425935543],[-99.22604117794269,19.44684874925258],[-99.22019439701327,19.442340893786827],[-99.21919497667373,19.438439666377768],[-99.22288150473041,19.435189159726296],[-99.22030829294197,19.431519830331094],[-99.21561323492483,19.433313516577364],[-99.21770635678632,19.426693874321064],[-99.2170880296964,19.422302189232926],[-99.22067832807392,19.41772733127459],[-99.22478703340327,19.420650570163453],[-99.22719372604018,19.41996199809119],[-99.23052755145588,19.422303989337966],[-99.23482431701028,19.41509929060741],[-99.23850244447691,19.415014658225264]]]}},{"type":"Feature","properties":{"clues":"DFIMB003123"},"geometry":{"type":"Polygon","coordinates":[[[-99.23795197046981,19.362186074937817],[-99.24030065396772,19.365056725654238],[-99.23798608008053,19.368241030345533],[-99.2384650891724,19.37055537304381],[-99.23406040966486,19.371673689301243],[-99.22976864344538,19.377525265262726],[-99.22652611046499,19.37762823153584],[-99.22591110269317,19.381550153481474],[-99.22053988695927,19.380081278612572],[-99.22078055098693,19.370729055115454],[-99.22701377984886,19.370445937608665],[-99.22242485600988,19.364283481866952],[-99.23234151271298,19.365489604308085],[-99.23492036169651,19.362576338449795],[-99.23795197046981,19.362186074937817]]]}},{"type":"Feature","properties":{"clues":"DFIMB001262"},"geometry":{"type":"Polygon","coordinates":[[[-99.22442480439919,19.341179017195685],[-99.22279373298488,19.34383710137929],[-99.21474069951111,19.347091696944954],[-99.21333914320539,19.34600988235632],[-99.20826688893479,19.346367152531236],[-99.20764831777618,19.35203004130432],[-99.20249590720664,19.355034290100896],[-99.1999574036714,19.35409908817818],[-99.1998233670545,19.349895465660726],[-99.20790267090793,19.34613130496543],[-99.2063382586273,19.34351489959517],[-99.20856271047809,19.338664121854773],[-99.21226798278312,19.338330207708513],[-99.21434898974648,19.340830835262956],[-99.22252238231516,19.337492006852784],[-99.22815113311789,19.330880646264024],[-99.23345352222061,19.331706684969145],[-99.23538687393926,19.33561194616164],[-99.24152407194006,19.337876444241573],[-99.23523569664847,19.3449207455777],[-99.23049169674172,19.34211255924513],[-99.22442480439919,19.341179017195685]]]}},{"type":"Feature","properties":{"clues":"DFIMB001373"},"geometry":{"type":"Polygon","coordinates":[[[-99.22079495149246,19.365860348587365],[-99.22242485600988,19.364283481866952],[-99.22701377984886,19.370445937608665],[-99.22078055098693,19.370729055115454],[-99.22144407718673,19.374866691915535],[-99.2200821270957,19.37597201217556],[-99.21507409852946,19.37406368723486],[-99.21415546968969,19.37814703430319],[-99.20766373640566,19.376327953334236],[-99.20739610222708,19.372505871402648],[-99.21013579275228,19.373394961496977],[-99.21360599807163,19.370643366180165],[-99.21359702633131,19.364606725604563],[-99.22079495149246,19.365860348587365]]]}},{"type":"Feature","properties":{"clues":"DFIMB001636"},"geometry":{"type":"Polygon","coordinates":[[[-99.20312521961459,19.288007227783933],[-99.20248819998677,19.275789830086527],[-99.2044808706695,19.27368908428037],[-99.21453009943104,19.278315707755485],[-99.21418152347272,19.280922671442333],[-99.2164270486586,19.284215937324674],[-99.2150023180386,19.28582263835636],[-99.21578391047328,19.290004770704268],[-99.208570206215,19.295360043591327],[-99.20697091295477,19.290610278965453],[-99.20312521961459,19.288007227783933]]]}},{"type":"Feature","properties":{"clues":"DFIMB000101"},"geometry":{"type":"Polygon","coordinates":[[[-99.18890938251084,19.490858628852138],[-99.18842658168008,19.495923304916115],[-99.18383485862793,19.497795915755734],[-99.181758263206,19.491979937005727],[-99.1842031994781,19.488221794509673],[-99.18890938251084,19.490858628852138]]]}},{"type":"Feature","properties":{"clues":"DFIMB001945"},"geometry":{"type":"MultiPolygon","coordinates":[[[[-99.13687220206037,19.449019943773035],[-99.14130009387387,19.44986487973885],[-99.13925678681132,19.452907003597485],[-99.14055609293622,19.45384507987581],[-99.13990370796353,19.457183227016465],[-99.14223845428809,19.45760195961668],[-99.14306293936464,19.462051373269496],[-99.1419497788768,19.46470465338661],[-99.13261793673782,19.465812015696184],[-99.13085199288614,19.46279804631625],[-99.12777131788688,19.463016854140655],[-99.1265426644869,19.461659215057125],[-99.12812319007236,19.45713722870074],[-99.12971709653927,19.453433960785105],[-99.13332532877874,19.454242439243398],[-99.13436073461544,19.45195620961197],[-99.13613748860577,19.452089352273394],[-99.13687220206037,19.449019943773035]]],[[[-99.1445783189047,19.457233320414876],[-99.14295403899722,19.457342248705316],[-99.14380347119273,19.454003366180828],[-99.14524246616692,19.45433196777942],[-99.1445783189047,19.457233320414876]]],[[[-99.13336195586969,19.447489479535115],[-99.1332507956151,19.450317397370164],[-99.1290896119022,19.45171547067743],[-99.1312910547357,19.447002256481763],[-99.13336195586969,19.447489479535115]]]]}},{"type":"Feature","properties":{"clues":"DFIMB000562"},"geometry":{"type":"Polygon","coordinates":[[[-99.08801997044242,19.50019558234299],[-99.08551568351969,19.50568788515725],[-99.08261788712547,19.506237972165227],[-99.07913652131865,19.503675417256034],[-99.08325478680516,19.497211095544657],[-99.08801997044242,19.50019558234299]]]}},{"type":"Feature","properties":{"clues":"MCIMB009705"},"geometry":{"type":"MultiPolygon","coordinates":[[[[-99.06660354269356,19.601497136415],[-99.07722373990525,19.595896243736185],[-99.08074066603906,19.591946535006418],[-99.0861856091137,19.591748383260295],[-99.08581598859739,19.598161302192853],[-99.08206312645629,19.60544110102027],[-99.07526896972021,19.612175790097567],[-99.07417009764075,19.617208118047024],[-99.07070008003701,19.61764538410793],[-99.06859386326384,19.619563738921215],[-99.0628459778719,19.61613832872257],[-99.05866661827618,19.62170690667384],[-99.05492289819384,19.620882315487062],[-99.04615432251073,19.625818272124025],[-99.0461438355779,19.632520133881933],[-99.04826997244706,19.633968204831127],[-99.05033648286334,19.643472722248184],[-99.0493068881291,19.648117516144527],[-99.0503714953637,19.65619277666023],[-99.03649593806013,19.650993657754444],[-99.03383753211608,19.652921186502393],[-99.03183353343098,19.651764251837797],[-99.02876638169761,19.639563178311395],[-99.02510489517043,19.6361595356972],[-99.02652060374535,19.632477711213497],[-99.02522267183282,19.627294617230763],[-99.02650431523266,19.623304426186806],[-99.02177049297373,19.619125614774262],[-99.0186418204783,19.620943284365676],[-99.01394220895921,19.616316240167375],[-99.0158878211674,19.61447719320276],[-99.02001099728093,19.61481566383521],[-99.0219886698963,19.617773633994542],[-99.0270274929947,19.6145486624454],[-99.03014785843372,19.616903234699283],[-99.03373140079842,19.614188316983963],[-99.03316118344183,19.610249148497957],[-99.03661984324032,19.607087230907116],[-99.04176056371612,19.61085854081487],[-99.04852410130218,19.613162150472217],[-99.05070355991406,19.60912634146856],[-99.05488925709382,19.6080103807106],[-99.05545545069856,19.6061272184041],[-99.05852933548755,19.60458437929049],[-99.06058065922916,19.605692252328076],[-99.06250369634668,19.60488303619654],[-99.06215358008836,19.600457221496008],[-99.06660354269356,19.601497136415]]],[[[-99.04813846062027,19.661217499921186],[-99.05040702454187,19.656436693479773],[-99.05657547058071,19.65750639593185],[-99.06085026914374,19.659987396925107],[-99.06358851071637,19.663872093152737],[-99.06274914828377,19.67201557594098],[-99.04744136998895,19.668058171583453],[-99.04813846062027,19.661217499921186]]],[[[-99.02448240089194,19.644414403907277],[-99.02164646087179,19.645399623258605],[-99.01726129377586,19.64100880729526],[-99.02507488466632,19.63618706581505],[-99.02448240089194,19.644414403907277]]]]}},{"type":"Feature","properties":{"clues":"DFIMB001040"},"geometry":{"type":"Polygon","coordinates":[[[-99.02670107052359,19.345055482729563],[-99.03145378261058,19.34532483786619],[-99.03323925084918,19.348998135593146],[-99.0403317604663,19.350468718611378],[-99.04247913934161,19.355261761890173],[-99.04043178928715,19.357269504952153],[-99.04203103536504,19.364708205044522],[-99.03068079159523,19.36243526470188],[-99.02893236344262,19.36616769396302],[-99.02602306678492,19.365353723665027],[-99.02453263302975,19.361196717297222],[-99.02157838277554,19.35887498290847],[-99.0217878196996,19.356656337297377],[-99.02632038288736,19.352097990622934],[-99.02670107052359,19.345055482729563]]]}},{"type":"Feature","properties":{"clues":"MCIMB004011"},"geometry":{"type":"Polygon","coordinates":[[[-99.00448213636956,19.407118006804254],[-99.00553214716528,19.401485209086232],[-99.00884828622034,19.399727256535833],[-99.01063046651355,19.40514190284698],[-99.01255190690831,19.40594858390732],[-99.01738817702574,19.4027050594659],[-99.021180099098,19.404690692378],[-99.01226318398794,19.418479241614033],[-99.00989520588645,19.418993318074335],[-99.00739813648235,19.416687543371513],[-98.99828010156095,19.421642355153168],[-98.99995236773387,19.413602764363112],[-99.00448213636956,19.407118006804254]]]}},{"type":"Feature","properties":{"clues":"DFIMB002510"},"geometry":{"type":"Polygon","coordinates":[[[-98.99315062180632,19.35895246655792],[-98.99827330643308,19.359057720462825],[-99.00520324580108,19.36361837016477],[-99.00272164242143,19.366593305462825],[-99.00247544703262,19.371592075485584],[-99.0007173102149,19.374377054949782],[-98.99597567981013,19.371984994732518],[-98.99739165407705,19.369019369768885],[-98.99542041984758,19.366019937847284],[-98.99083015587976,19.368370954360074],[-98.9933462600612,19.36319071764576],[-98.99208050602573,19.36129283324662],[-98.99315062180632,19.35895246655792]]]}},{"type":"Feature","properties":{"clues":"DFIMB001414"},"geometry":{"type":"MultiPolygon","coordinates":[[[[-98.9674921809649,19.291988835520137],[-98.97426270035216,19.282060328366814],[-98.97685484933403,19.28564277747507],[-98.9869290453693,19.290443881883366],[-98.98754522812563,19.29145335518736],[-98.98095305905642,19.301573262609605],[-98.99169021408144,19.309605627231495],[-98.98641938748834,19.31779934333685],[-98.97698344793227,19.315411255726204],[-98.97349616892845,19.324509818780903],[-98.96989822430794,19.32585681698104],[-98.9666382291089,19.324306848965893],[-98.96258854944814,19.32795113676918],[-98.9577631322085,19.324117363256217],[-98.96335828789886,19.3172172614734],[-98.95515212804614,19.304382894559087],[-98.95695758924833,19.299978197221098],[-98.96026162249908,19.29931576758359],[-98.9650870882746,19.302247659119818],[-98.96882712694104,19.29949563007058],[-98.96689157845942,19.295041076412],[-98.9674921809649,19.291988835520137]]],[[[-98.98788161954607,19.2916604092932],[-98.9983849844107,19.289151305834697],[-99.00084134541065,19.293166388959026],[-98.99576449940066,19.295740511889385],[-98.9901510600273,19.294722832822767],[-98.98788161954607,19.2916604092932]]]]}},{"type":"Feature","properties":{"clues":"SLIMB000463"},"geometry":{"type":"Polygon","coordinates":[[[-106.0719862072679,23.206862525391273],[-106.00772502854326,23.203275995875185],[-105.99136093688367,23.177322958609217],[-106.02287911762329,23.158156679491448],[-106.06907481495637,23.160737523421428],[-106.0883794976696,23.140121960542213],[-106.11289028853535,23.11817592536706],[-106.12594445810733,23.134319442715704],[-106.12688424350974,23.14764887395903],[-106.1357654632243,23.161088182421363],[-106.13673107771827,23.167472383571276],[-106.14364033534723,23.171765955563288],[-106.14923004250159,23.18858035780906],[-106.13282049702575,23.2127263726786],[-106.10162383587029,23.210511585902353],[-106.08856300678637,23.214957170869855],[-106.0719862072679,23.206862525391273]]]}},{"type":"Feature","properties":{"clues":"NTIMB000056"},"geometry":{"type":"Polygon","coordinates":[[[-105.41081485907802,22.41053391886752],[-105.4111747229324,22.419229112803052],[-105.40942116978763,22.421506586691365],[-105.38735889929232,22.422117891760287],[-105.37915166318632,22.417883497697368],[-105.36916355461987,22.394095242620054],[-105.37590817415315,22.381520294791553],[-105.39738680079026,22.379751123226306],[-105.41066756120075,22.388071249061824],[-105.41574747433305,22.40107539388405],[-105.41081485907802,22.41053391886752]]]}},{"type":"Feature","properties":{"clues":"NTIMB000061"},"geometry":{"type":"Polygon","coordinates":[[[-105.2709665282815,22.399135492216224],[-105.24833655517735,22.423844730651926],[-105.20809971566074,22.405760191576558],[-105.20492861757896,22.403664959676913],[-105.20194813973013,22.39751104601304],[-105.21867464778398,22.36299549812807],[-105.23449752681192,22.3553555960484],[-105.24524320073299,22.35388546348856],[-105.27018284385187,22.36871323822033],[-105.2709665282815,22.399135492216224]]]}},{"type":"Feature","properties":{"clues":"NTIMS000366"},"geometry":{"type":"Polygon","coordinates":[[[-105.12323327451178,22.339863477285572],[-105.15642627132401,22.3132504341261],[-105.21867464778398,22.36299549812807],[-105.20194813973013,22.39751104601304],[-105.20492861757896,22.403664959676913],[-105.24833655517735,22.423844730651926],[-105.25110016419514,22.431852555495364],[-105.26508780843741,22.4523051652605],[-105.28254592533172,22.46179061084366],[-105.28847352737526,22.47002636453645],[-105.2152492483698,22.49773625054732],[-105.20901093245598,22.49461852379617],[-105.20928916068134,22.48379807106001],[-105.1767162910769,22.454508100769758],[-105.14742992267551,22.451673242198392],[-105.12986907556848,22.423984667227575],[-105.14402927187496,22.397845275833753],[-105.12323327451178,22.339863477285572]]]}},{"type":"Feature","properties":{"clues":"MNIMB003165"},"geometry":{"type":"Polygon","coordinates":[[[-101.67262104086404,19.994799920759714],[-101.66832065404883,19.996197832857188],[-101.65145843822228,19.986041561777714],[-101.6442100654321,19.978267005911945],[-101.64920559881061,19.96835575799227],[-101.67120614877669,19.959006093179447],[-101.67262104086404,19.994799920759714]]]}},{"type":"Feature","properties":{"clues":"MNIMB000061"},"geometry":{"type":"Polygon","coordinates":[[[-101.0252821022466,19.891401287183857],[-101.0399255748353,19.879032111079486],[-101.04788893147825,19.889933883271212],[-101.05596093136157,19.895663334881018],[-101.06159556447575,19.928814710458465],[-101.05248630753468,19.932789868680963],[-101.02983173332595,19.937808449222796],[-101.02508385852333,19.934975246206516],[-101.01541134995297,19.910290760644823],[-101.0252821022466,19.891401287183857]]]}},{"type":"Feature","properties":{"clues":"SPIMB002446"},"geometry":{"type":"Polygon","coordinates":[[[-100.93351682252266,21.755771046366508],[-100.93660419448922,21.76360754502372],[-100.9304832947736,21.779299983427507],[-100.93806211772434,21.78507959277412],[-100.93915194174146,21.789340040588193],[-100.93637336713562,21.796934839020008],[-100.93814328722645,21.80147929391084],[-100.92947349809319,21.813769305721245],[-100.92589116779699,21.807087822456605],[-100.92291305129953,21.807423856669175],[-100.89392053398208,21.791628196218987],[-100.9072933839886,21.782669055076774],[-100.91178440146884,21.760657415795023],[-100.93351682252266,21.755771046366508]]]}},{"type":"Feature","properties":{"clues":"MNIMS003854"},"geometry":{"type":"Polygon","coordinates":[[[-100.92696415413138,19.837726030101233],[-100.93273170312715,19.835052165767465],[-100.94325490163801,19.874744121145138],[-100.92806203682083,19.89247533585887],[-100.92803642178762,19.91032464779405],[-100.91527462773301,19.920756465553644],[-100.90560890173703,19.920850095440553],[-100.88449253261678,19.92873769604835],[-100.8653879991551,19.924919312273033],[-100.85188615683252,19.887246161198856],[-100.85597415101074,19.880074414230336],[-100.86663100111693,19.8776879608231],[-100.88953407074233,19.88087519993145],[-100.89090473574595,19.8784691092039],[-100.91138512106521,19.874431972827583],[-100.92195647439087,19.870780557489013],[-100.92696415413138,19.837726030101233]]]}},{"type":"Feature","properties":{"clues":"MCIMB009401"},"geometry":{"type":"Polygon","coordinates":[[[-100.12841237905901,19.983204961830435],[-100.13143389292736,19.981955984164404],[-100.13917345167053,19.988216469646126],[-100.14565704491751,20.006784567563606],[-100.15389614868427,20.01983856721642],[-100.13403424819953,20.03656076023728],[-100.12388593566126,20.036041748791085],[-100.11903118567182,20.030798992998662],[-100.09665924425727,20.019460799673496],[-100.1080293065839,20.00146515854316],[-100.12841237905901,19.983204961830435]]]}},{"type":"Feature","properties":{"clues":"MCIMB009623"},"geometry":{"type":"Polygon","coordinates":[[[-100.02510420365465,19.891373785795768],[-100.04093387856074,19.894945766009887],[-100.04933925625139,19.898782642953442],[-100.05028128501372,19.908168274213278],[-100.03801560870279,19.923089295391666],[-100.02100625603876,19.920696045232187],[-100.01796190313716,19.926424593679975],[-100.00489236112979,19.924917513783875],[-99.99422922142861,19.92893069008257],[-99.97609860151405,19.929232119046183],[-99.97630488254342,19.921533610445373],[-99.98348961175873,19.906173861681776],[-99.99213591777176,19.908444448092908],[-99.9990753189446,19.903141702862285],[-99.99672113504116,19.887674925066822],[-100.01773761942005,19.894159052646632],[-100.02510420365465,19.891373785795768]]]}},{"type":"Feature","properties":{"clues":"GRIMS000346"},"geometry":{"type":"Polygon","coordinates":[[[-102.15579359012881,18.02092373037119],[-102.17014014627718,18.02942756045017],[-102.17275574540248,18.033771609253257],[-102.17043678201541,18.045581277329884],[-102.1675004570912,18.048135748340204],[-102.16771109008577,18.070505783792175],[-102.18123473503327,18.072350586475636],[-102.18659272368494,18.11586651774775],[-102.19989407622285,18.12926756461117],[-102.20305681716503,18.140865515428846],[-102.1955123085217,18.15503217946931],[-102.19001165561703,18.172317187380507],[-102.1606539557526,18.17781924678193],[-102.09307796347467,18.165136025426023],[-102.1157861050821,18.12925797910845],[-102.07429022278738,18.081778233581016],[-102.0740729665747,18.07536836656636],[-102.07802071520213,18.06711923988881],[-102.080730922969,18.048829270740057],[-102.103603722791,18.03386206813754],[-102.13131224337856,18.04282208940765],[-102.14970623848215,18.02966772605785],[-102.15579359012881,18.02092373037119]]]}},{"type":"Feature","properties":{"clues":"GRIMS000421"},"geometry":{"type":"Polygon","coordinates":[[[-101.71887461369955,18.51785061895574],[-101.72425663076312,18.562311199798735],[-101.72840254868217,18.566774044072634],[-101.72091006934878,18.61034871279249],[-101.69407427752996,18.608540642781414],[-101.668123466551,18.625488186667006],[-101.6485012878246,18.6223621637508],[-101.62464318100653,18.61373419903577],[-101.6415382207177,18.535922334262654],[-101.64972718516033,18.527042729502483],[-101.655297168591,18.523297182292726],[-101.69128782073037,18.526652499618972],[-101.71887461369955,18.51785061895574]]]}},{"type":"Feature","properties":{"clues":"GRIMS000416"},"geometry":{"type":"Polygon","coordinates":[[[-101.54566345128784,18.049802545961526],[-101.54448586786135,18.06399509655077],[-101.55209246556545,18.073103734193324],[-101.57079126375727,18.06125715202455],[-101.57328999709672,18.06311847682328],[-101.57242184348964,18.094656227514577],[-101.58137090773896,18.0996114999757],[-101.59092863643133,18.11468983442578],[-101.62435344408766,18.13348269621198],[-101.63133616485362,18.144633786748063],[-101.60846816916667,18.157698807598806],[-101.58589629455292,18.156744546160816],[-101.57906001580339,18.13422026872065],[-101.57486878496623,18.131208896173533],[-101.56092694903194,18.125753452726926],[-101.54713809829076,18.143921778712635],[-101.53883376187466,18.129596157893697],[-101.50829910084762,18.125289571180573],[-101.54631360777334,18.157883170958762],[-101.54687108260259,18.162047205093437],[-101.52748891441306,18.161703263861604],[-101.50406285869079,18.192150483475984],[-101.50530587379608,18.196662476346585],[-101.45807000078258,18.207167658640277],[-101.41377445764627,18.241265882342226],[-101.39837451340576,18.227099174220744],[-101.39464714585755,18.220524943799003],[-101.43727541767555,18.159536864386023],[-101.44172501911778,18.120297174732247],[-101.39029225432894,18.10848977786863],[-101.41488703703132,18.061888075884735],[-101.4323437329636,18.0511584078529],[-101.43974519429712,18.037755075110333],[-101.43553425787398,18.00158696573635],[-101.49037267352772,18.010661186080547],[-101.49871671249169,18.020511592435152],[-101.50406286271979,18.031117777004734],[-101.51050692087928,18.031053408720837],[-101.51842154631885,18.034698593711965],[-101.52251507576338,18.059795182342835],[-101.54107116456493,18.044462093548976],[-101.54566345128784,18.049802545961526]],[[-101.51348846657437,18.09292321508403],[-101.53683226889207,18.095226210193847],[-101.53746274919723,18.089997088411543],[-101.52244909968434,18.069483008620125],[-101.50215732058135,18.065005268170832],[-101.48729413811954,18.105764347879052],[-101.49198186840155,18.10894864627948],[-101.51348846657437,18.09292321508403]]]}},{"type":"Feature","properties":{"clues":"GRIMB007893"},"geometry":{"type":"Polygon","coordinates":[[[-101.07901568008612,18.30991463342937],[-101.09190484006314,18.306392820567073],[-101.09500273504808,18.303777491383947],[-101.12200106719402,18.292341821891238],[-101.13216704395936,18.295041069046412],[-101.14279078942134,18.30906321878026],[-101.14086988697365,18.336761240630505],[-101.1546163969323,18.366304578166137],[-101.15309095820983,18.368168430608485],[-101.12304668349998,18.367806865099706],[-101.1188301920229,18.366034228747395],[-101.10170823386923,18.370172479488975],[-101.08938212818448,18.381428135719457],[-101.08770943891079,18.385479460507277],[-101.06603226098666,18.410230536211817],[-101.06690332195879,18.421215126353502],[-101.03486969005908,18.42431575194917],[-101.02100488962381,18.40385422541205],[-101.00403562737092,18.407973181436944],[-100.99159292879584,18.406580553580042],[-100.9722369937822,18.399013318854013],[-100.97381758898311,18.369911100553608],[-100.95285307279632,18.33685580984062],[-101.01080024310984,18.3176431220236],[-101.02310094539106,18.327081669546],[-101.03239277887003,18.322361585743852],[-101.0490312035624,18.297127529848726],[-101.06620852437155,18.29366252121248],[-101.07901568008612,18.30991463342937]]]}},{"type":"Feature","properties":{"clues":"GRIMB002672"},"geometry":{"type":"Polygon","coordinates":[[[-100.85232472828032,18.360612518013056],[-100.85612317912255,18.319851252368515],[-100.87034712989451,18.309331704606414],[-100.88087963915845,18.31536900748305],[-100.93609553124828,18.32479674074568],[-100.941324799301,18.33174156032933],[-100.95285307279632,18.33685580984062],[-100.97381758898311,18.369911100553608],[-100.9722369937822,18.399013318854013],[-100.9583583995616,18.414503837331385],[-100.92634256512693,18.417030515214172],[-100.91955847425075,18.409451761567503],[-100.8751042069336,18.42164846999866],[-100.85049621713576,18.391989328357326],[-100.83644350617452,18.385613362491757],[-100.84395589830764,18.370227789550572],[-100.85232472828032,18.360612518013056]]]}},{"type":"Feature","properties":{"clues":"GRIMB006476"},"geometry":{"type":"Polygon","coordinates":[[[-100.89245500509178,17.252411774012046],[-100.88971797669987,17.267124167823845],[-100.88707185588186,17.272599193208563],[-100.88406401104506,17.271115244083752],[-100.88353980557883,17.267453636576263],[-100.87985506060728,17.266320473264106],[-100.87955763206851,17.2629623595418],[-100.8541964936864,17.257472825089184],[-100.85943822161572,17.244581749198016],[-100.88657742567493,17.214790385342862],[-100.89245500509178,17.252411774012046]]]}},{"type":"Feature","properties":{"clues":"GRIMB002754"},"geometry":{"type":"Polygon","coordinates":[[[-100.78040565764495,17.931033539632818],[-100.78093560791751,17.940792224268844],[-100.8266873407978,17.94139429484906],[-100.83386925906835,17.954460501863387],[-100.82944244476413,17.96612501107763],[-100.8336485848058,17.9875045278018],[-100.85879551738874,18.015088369237436],[-100.84679288145871,18.065485362516927],[-100.84000619215335,18.071025851052667],[-100.82525864550549,18.10371626472203],[-100.80028414598648,18.120989638589478],[-100.79811826462223,18.145941125241034],[-100.79843889858432,18.164242867264566],[-100.7518381085867,18.191137892070433],[-100.7513484816348,18.21969896894054],[-100.75430043031224,18.226538185497773],[-100.73106070142326,18.24408196687848],[-100.72072126296159,18.2479931124612],[-100.75000229132175,18.261788128546154],[-100.75869562342157,18.263179843054722],[-100.76957810273859,18.28212967431198],[-100.75126975191127,18.291647472017075],[-100.73369331923833,18.307256481082007],[-100.7184529916602,18.28202126576972],[-100.69961048039679,18.27317688824042],[-100.68950112132299,18.257263708160465],[-100.70966873327257,18.243726991625987],[-100.67349241803221,18.243775428209197],[-100.66806398868927,18.238276093988837],[-100.66115210813811,18.183100387517243],[-100.6632599963865,18.182036907747094],[-100.67611867149078,18.159296276374143],[-100.68406067896645,18.135467126550363],[-100.69832791377283,18.119929716783243],[-100.73385066180498,18.096384150692764],[-100.71948950401242,18.067545948420506],[-100.72281185108461,18.02726270219334],[-100.7182414147586,17.965116770924563],[-100.70226258181128,17.95181281514893],[-100.69921695356867,17.93777120110222],[-100.72041994854412,17.911821566278487],[-100.7524077928902,17.92638099199328],[-100.77143534317817,17.92742739666347],[-100.78040565764495,17.931033539632818]]]}},{"type":"Feature","properties":{"clues":"MNIMS002804"},"geometry":{"type":"Polygon","coordinates":[[[-100.80411185598368,18.483647678917386],[-100.80350757526192,18.486113133431573],[-100.7980397868859,18.4901899532476],[-100.79602759894472,18.499613554022577],[-100.77503833970161,18.516553736507305],[-100.77116109448842,18.516576566074146],[-100.76797956534132,18.514805158831727],[-100.74358687760727,18.51556968749231],[-100.73578634972388,18.51452956984854],[-100.72860951829462,18.51012205924251],[-100.7349775145618,18.459845601848315],[-100.7422928755043,18.459966729186643],[-100.80764644204156,18.41043420629995],[-100.81449737926634,18.433748743187778],[-100.7785840285208,18.46503893921734],[-100.80411185598368,18.483647678917386]]]}},{"type":"Feature","properties":{"clues":"GRIMB003145"},"geometry":{"type":"Polygon","coordinates":[[[-100.59917120703997,18.491694760673777],[-100.6008499651525,18.48750610282433],[-100.61067636415548,18.47460322210431],[-100.62382912744938,18.474738067358576],[-100.63738361853255,18.44630899922237],[-100.65614993381323,18.466032957187377],[-100.6582873872889,18.474394297489923],[-100.67211609401662,18.479437926868453],[-100.68255119290467,18.493371871543598],[-100.68624135229416,18.512611301726416],[-100.66303021304421,18.531907500267103],[-100.63179637386067,18.517160031220858],[-100.59917120703997,18.491694760673777]]]}},{"type":"Feature","properties":{"clues":"GRIMB000041"},"geometry":{"type":"Polygon","coordinates":[[[-99.93873917934094,16.870169660344448],[-99.94150390085493,16.87401748789665],[-99.94407227235122,16.873201891710575],[-99.94318693875935,16.874134767034437],[-99.9457346486759,16.876619459111502],[-99.94530658012756,16.87934850981786],[-99.95361163544537,16.88103685195342],[-99.9514983621653,16.88347919894927],[-99.95096050116561,16.887391391327395],[-99.94821757375107,16.888993234436995],[-99.94467050650415,16.88622415694815],[-99.94689763874689,16.882364450976688],[-99.94468069927679,16.879802189205165],[-99.94404548011346,16.876784565313148],[-99.9399888734291,16.881962283135337],[-99.94106497723226,16.88418989101388],[-99.93746876580845,16.885846049204194],[-99.93475294742304,16.886452594926553],[-99.93624581558366,16.88334402342089],[-99.93239146775666,16.880819149177647],[-99.92362320480588,16.88489400291329],[-99.92217559416227,16.88205756164021],[-99.92953832921339,16.86890540308936],[-99.92704739983775,16.863947575788856],[-99.9267371961267,16.860368250648445],[-99.92822100040219,16.860948767193467],[-99.92962418526254,16.859467642899606],[-99.93297934867545,16.860484779600885],[-99.93221400026758,16.86320210988888],[-99.9346710220065,16.86624434754904],[-99.93644430990112,16.86615031910481],[-99.93767866083708,16.869213915719076],[-99.94065298670468,16.868897446739716],[-99.93873917934094,16.870169660344448]]]}},{"type":"Feature","properties":{"clues":"MNIMS002833"},"geometry":{"type":"Polygon","coordinates":[[[-100.61420141258824,18.383350817145306],[-100.6185901977595,18.37161034591251],[-100.62513678314112,18.373841743856374],[-100.63796648797255,18.363544397043054],[-100.63793688276598,18.38237616883766],[-100.64420134818288,18.382260160218813],[-100.6509413661571,18.384611329279632],[-100.66008390281173,18.39166294872893],[-100.66177196925166,18.402037186518342],[-100.65845770909871,18.41281873533344],[-100.65399797949532,18.417090479661805],[-100.64795836790807,18.419452164867216],[-100.63352666158137,18.436572130215545],[-100.63007940521025,18.435898662956493],[-100.61153971692349,18.418541108237328],[-100.61565221232836,18.399212379834445],[-100.61991590021178,18.393641858665827],[-100.61420141258824,18.383350817145306]]]}},{"type":"Feature","properties":{"clues":"GRIMB003063"},"geometry":{"type":"Polygon","coordinates":[[[-100.60778680787219,18.397182831599334],[-100.61565221232836,18.399212379834445],[-100.61153971692349,18.418541108237328],[-100.63007940521025,18.435898662956493],[-100.63352666158137,18.436572130215545],[-100.63738361853255,18.44630899922237],[-100.62382912744938,18.474738067358576],[-100.61067636415548,18.47460322210431],[-100.6008499651525,18.48750610282433],[-100.59917120703997,18.491694760673777],[-100.63179637386067,18.517160031220858],[-100.62772627743367,18.519781254230015],[-100.60279507675452,18.52159817079179],[-100.59554864359484,18.515858630614932],[-100.58770709061486,18.52123461753539],[-100.56590284691957,18.520614000587905],[-100.56001765133696,18.52386578629376],[-100.55469690051119,18.52233493865793],[-100.53911915431488,18.500431140077634],[-100.52381252606978,18.497356480490268],[-100.5043309038724,18.47378207787804],[-100.51664590246862,18.452793278575058],[-100.54815273525114,18.454939321984142],[-100.55396530512294,18.45167818090148],[-100.55811586041081,18.445996073663753],[-100.57408122423314,18.445631719556438],[-100.584474944766,18.43881603958441],[-100.58518718957632,18.43358636543595],[-100.57687277182748,18.427092143388702],[-100.57988698615509,18.41678645624747],[-100.58170909182437,18.415295701106377],[-100.58596925842785,18.41778209409068],[-100.59263241926482,18.406923865697088],[-100.59191461527863,18.405461152333785],[-100.60169657879993,18.39794567237568],[-100.60778680787219,18.397182831599334]]]}},{"type":"Feature","properties":{"clues":"GRIMB005496"},"geometry":{"type":"Polygon","coordinates":[[[-100.60169657879993,18.39794567237568],[-100.59191461527863,18.405461152333785],[-100.57554710341896,18.39560228787967],[-100.58170909182437,18.415295701106377],[-100.57988698615509,18.41678645624747],[-100.55852180223226,18.419468553045437],[-100.5564341697882,18.41887951930936],[-100.55364203512204,18.41461948890388],[-100.55502007339307,18.406057341091355],[-100.56334870324939,18.388971926879062],[-100.56824425849204,18.388095793237895],[-100.58136653559818,18.37737439408037],[-100.58899112830233,18.360502641641713],[-100.60372278791715,18.36463421682528],[-100.61562019364015,18.363872031924718],[-100.6185901977595,18.37161034591251],[-100.61420141258824,18.383350817145306],[-100.61991590021178,18.393641858665827],[-100.61906879810779,18.39601250257512],[-100.61565221232836,18.399212379834445],[-100.60778680787219,18.397182831599334],[-100.60169657879993,18.39794567237568]]]}},{"type":"Feature","properties":{"clues":"MCIMB006840"},"geometry":{"type":"Polygon","coordinates":[[[-100.28387306260771,18.414773352938514],[-100.29871340591468,18.39387645582015],[-100.3028019823749,18.381953269763333],[-100.31506664362495,18.37705604950376],[-100.34128135902495,18.37579686487591],[-100.35548683887826,18.38099996539661],[-100.36189870412058,18.391041968187146],[-100.36126622095098,18.397575790550853],[-100.39645756302377,18.448237388962227],[-100.39077455360292,18.453284835177357],[-100.3654720611718,18.499481355000817],[-100.3326242460301,18.498975897648062],[-100.32512465987223,18.490580186020473],[-100.30306704339169,18.497589125164435],[-100.29927165839673,18.4954757335907],[-100.29099483405494,18.49797536044538],[-100.28503057323073,18.493673515563387],[-100.26730527501202,18.464488836871634],[-100.2686639396532,18.46277208030527],[-100.26797654237203,18.446287937994487],[-100.25365600692618,18.441485605506323],[-100.23645580339722,18.444404196869804],[-100.22831357071748,18.465096621507485],[-100.22355591429627,18.465590421014465],[-100.20900484959566,18.442116177734036],[-100.20196996825617,18.43571242913044],[-100.20012963486315,18.41186842885597],[-100.20240369572635,18.410820446026754],[-100.2152408420539,18.407116657327446],[-100.2258450077372,18.408578401620918],[-100.24318525885857,18.404117528532833],[-100.2664887210026,18.404657900777554],[-100.27046159437369,18.405728854971464],[-100.28387306260771,18.414773352938514]]]}},{"type":"Feature","properties":{"clues":"GRIMB002450"},"geometry":{"type":"Polygon","coordinates":[[[-100.24610402346555,17.064613333156146],[-100.26724560046297,17.025076169109695],[-100.27921339161041,17.03416547681549],[-100.29335967417734,17.03880824743539],[-100.30349767228726,17.038586250288024],[-100.31226421748723,17.04665918749051],[-100.30521464431612,17.05867101440453],[-100.2919889221237,17.06560507215257],[-100.28635512637834,17.073818878563795],[-100.29489368621591,17.088930414404516],[-100.28234153617245,17.107319138417736],[-100.2483790438195,17.08943433590334],[-100.24970425589564,17.068994059977314],[-100.24610402346555,17.064613333156146]]]}},{"type":"Feature","properties":{"clues":"MCIMB000750"},"geometry":{"type":"Polygon","coordinates":[[[-100.18928216364166,18.71082433983619],[-100.19540134458657,18.712271511773032],[-100.2068835356999,18.72569073011803],[-100.20422766102818,18.733560898905406],[-100.20746270349815,18.747578320276443],[-100.21144869789259,18.750568088824046],[-100.2114490403003,18.76688450052918],[-100.22007934223673,18.785905724677633],[-100.200477660664,18.7962582854001],[-100.19839862516076,18.79935051175942],[-100.1903402299773,18.803373206181973],[-100.18349605937297,18.79833784257617],[-100.17581519051403,18.777905739722133],[-100.17875461968113,18.773666435969616],[-100.15771071737434,18.765896416278274],[-100.15928448093759,18.75651704416336],[-100.13472648968124,18.750906295953953],[-100.13475432557667,18.747721546489434],[-100.1044492098486,18.724485262840357],[-100.142038054805,18.725031628609017],[-100.1485584301859,18.71406959301938],[-100.15472004257352,18.714762711457848],[-100.16222423927992,18.712598876303275],[-100.18210013186098,18.71413052156604],[-100.18928216364166,18.71082433983619]]]}},{"type":"Feature","properties":{"clues":"GRIMB006592"},"geometry":{"type":"Polygon","coordinates":[[[-99.83508947048773,18.43848599796569],[-99.84025966275225,18.413059813719844],[-99.85479881125615,18.412055721708597],[-99.87472647439331,18.425021878473103],[-99.88894297535677,18.417675009498634],[-99.89245047196799,18.419865201276505],[-99.89931983402707,18.440551396801162],[-99.88745943155833,18.45110794560541],[-99.88892583539905,18.456347164658617],[-99.87985010005666,18.475005880337733],[-99.87617661866626,18.475708932702805],[-99.86066037493052,18.464940501673915],[-99.85032612692854,18.46509779776373],[-99.84980220511692,18.446670195663096],[-99.83508947048773,18.43848599796569]]]}},{"type":"Feature","properties":{"clues":"MCIMB010352"},"geometry":{"type":"Polygon","coordinates":[[[-99.85971482945094,18.75254436750859],[-99.86152507219803,18.76417593443155],[-99.85676159665671,18.76698580699713],[-99.8524869885901,18.766773932327595],[-99.84062461095708,18.757525320466023],[-99.83579449323514,18.74057859840245],[-99.83135864646279,18.732644256307807],[-99.83993139448808,18.715989431096023],[-99.84537540441822,18.714262287581587],[-99.8572500332526,18.71476777198068],[-99.85983107466356,18.715472700264993],[-99.86476907922393,18.720714930392525],[-99.85971482945094,18.75254436750859]]]}},{"type":"Feature","properties":{"clues":"GRIMB000263"},"geometry":{"type":"Polygon","coordinates":[[[-99.84016245760856,16.893666721662466],[-99.84169496103071,16.887830386337843],[-99.84366889227648,16.888242575833324],[-99.84727701391678,16.885355397443213],[-99.85265864142379,16.89251909655123],[-99.85486136907645,16.89132598205702],[-99.8581441727646,16.89366508503625],[-99.86071388356208,16.892948558987126],[-99.86268966488673,16.895191563149996],[-99.86053816222781,16.898761371029213],[-99.85636053513754,16.89896322449096],[-99.85340607253055,16.896951325238177],[-99.84988444843906,16.897956421958646],[-99.84826547834075,16.89459722988672],[-99.84487694344737,16.89674429100021],[-99.84016245760856,16.893666721662466]]]}},{"type":"Feature","properties":{"clues":"GRIMB008605"},"geometry":{"type":"Polygon","coordinates":[[[-99.83909995885904,16.89931529359615],[-99.84065683983837,16.894236370005334],[-99.84289437836584,16.89449928771617],[-99.84487694344737,16.89674429100021],[-99.84914458373288,16.89493511432628],[-99.84988444843906,16.897956421958646],[-99.85340607253055,16.896951325238177],[-99.85636053513754,16.89896322449096],[-99.86058608351973,16.898884219981422],[-99.85893914977656,16.902654398862193],[-99.84598718887453,16.90152311549081],[-99.84413201527497,16.904123778065827],[-99.83909995885904,16.89931529359615]]]}},{"type":"Feature","properties":{"clues":"MCIMB001363"},"geometry":{"type":"Polygon","coordinates":[[[-99.76761838507998,18.882650355746414],[-99.76968609225136,18.865942446618217],[-99.78078665425112,18.865357561403858],[-99.79443125528292,18.88254081865653],[-99.81305065054843,18.871522694356248],[-99.82007101779196,18.875134427047236],[-99.8222636072134,18.890979007651513],[-99.81284239212,18.903517883111846],[-99.79746447160313,18.91223296173837],[-99.79434152690102,18.91692681271342],[-99.79489688659086,18.923231609900522],[-99.80259492614694,18.932620383328874],[-99.80195860081616,18.93548464526648],[-99.81757352549542,18.957288787203993],[-99.81633904341021,18.95955616781011],[-99.7977859681431,18.959381961655616],[-99.79251108496145,18.949960055301005],[-99.78443887657423,18.949961027822752],[-99.77787227336663,18.941375723928534],[-99.77982845980507,18.935456602768703],[-99.77942560207191,18.931995317107262],[-99.77459387220715,18.932079448047812],[-99.75421213591814,18.94442530646175],[-99.74438586275828,18.942031063730308],[-99.74401364654157,18.93582672912407],[-99.754328776496,18.922049129100667],[-99.75446204947701,18.901875033803588],[-99.76290828360533,18.91208565889967],[-99.760726267891,18.920101718974447],[-99.76892575489605,18.921918391671927],[-99.77825336783985,18.912296363736075],[-99.77217541902196,18.90653161422526],[-99.7706115901554,18.90321131621493],[-99.77812468055286,18.890423710840825],[-99.76761838507998,18.882650355746414]]]}},{"type":"Feature","properties":{"clues":"MCIMB001404"},"geometry":{"type":"Polygon","coordinates":[[[-99.75893980645559,18.836455350193578],[-99.74965840542319,18.8189720973405],[-99.77790297952468,18.808030071236814],[-99.77985599892861,18.808659982266096],[-99.79907724158316,18.830163298844358],[-99.79392874021377,18.84207349693052],[-99.78313892502969,18.840563071588033],[-99.76695893265894,18.849431668759497],[-99.76215154592101,18.839295210240394],[-99.75893980645559,18.836455350193578]]]}},{"type":"Feature","properties":{"clues":"MCIMB001433"},"geometry":{"type":"Polygon","coordinates":[[[-99.72548976727603,18.8613326024376],[-99.73421798778318,18.869860655291863],[-99.7408489693021,18.870072533606365],[-99.75805500875607,18.860446690975824],[-99.76482408820657,18.860252130305373],[-99.76968609225136,18.865942446618217],[-99.76761838507998,18.882650355746414],[-99.77812468055286,18.890423710840825],[-99.7706115901554,18.90321131621493],[-99.77217541902196,18.90653161422526],[-99.77825336783985,18.912296363736075],[-99.77351410530389,18.915855958540693],[-99.76919827324521,18.921791029431013],[-99.760726267891,18.920101718974447],[-99.76290828360533,18.91208565889967],[-99.75176237822787,18.897705799606612],[-99.74152238344537,18.900666074790557],[-99.73901832866471,18.898355470603835],[-99.71928259068093,18.891645440637994],[-99.72050201938897,18.88615104265568],[-99.71090908583722,18.876369375257003],[-99.72548976727603,18.8613326024376]]]}},{"type":"Feature","properties":{"clues":"GRIMB000345"},"geometry":{"type":"Polygon","coordinates":[[[-99.60684993102828,17.073586020138862],[-99.58541434088242,17.078249489947716],[-99.57767150388544,17.105095796460212],[-99.5742913852672,17.129709327770573],[-99.57054888111175,17.131297296162465],[-99.54789577597016,17.125438973038698],[-99.54782530364606,17.10264792803542],[-99.5523454488482,17.09196662372709],[-99.55795279920396,17.06777252447224],[-99.53982225822358,17.047782470934404],[-99.54188264979864,17.04011285084457],[-99.54450788569122,17.03743304990365],[-99.57523504102635,17.029386846556367],[-99.59357373936753,17.033963843401295],[-99.62154358233632,17.011843303988393],[-99.6456077191822,17.056270870283605],[-99.64434507553432,17.060900361291132],[-99.62872502572378,17.08051209829283],[-99.60684993102828,17.073586020138862]]]}},{"type":"Feature","properties":{"clues":"GRIMB008086"},"geometry":{"type":"Polygon","coordinates":[[[-99.55508728452222,17.632596707635585],[-99.55141024001607,17.61012144478569],[-99.5630479697041,17.595097480499447],[-99.58833552568865,17.59391322828663],[-99.60865259068292,17.58373073411291],[-99.62695488191603,17.593414807767292],[-99.62708509325935,17.610435068656557],[-99.6414087023176,17.63002346025401],[-99.64509618443196,17.663127062391684],[-99.6349634205469,17.678609029079933],[-99.62557858912861,17.677271348022188],[-99.58890032431795,17.688673853849767],[-99.57067507131752,17.672759566277225],[-99.56523232975496,17.663883592775797],[-99.56227201024407,17.657516887242938],[-99.55997126813276,17.642263012969263],[-99.55508728452222,17.632596707635585]]]}},{"type":"Feature","properties":{"clues":"GRIMB006015"},"geometry":{"type":"Polygon","coordinates":[[[-99.6028379431437,18.564962187465742],[-99.60526566401039,18.57308547823009],[-99.60351500417441,18.576261575029754],[-99.59969931530378,18.575617740225965],[-99.597309474377,18.580018682364145],[-99.60626027412808,18.581885019333573],[-99.61348913849419,18.588934875257255],[-99.60366550612719,18.60481919602349],[-99.5879421625498,18.600467918054985],[-99.5850753429856,18.597981921511845],[-99.58623798812438,18.585893780051084],[-99.58381121783803,18.575254876459283],[-99.591712039182,18.565254013665985],[-99.59085779715356,18.55962225353779],[-99.5970005746538,18.56010075214553],[-99.59938720046055,18.56479968995094],[-99.6028379431437,18.564962187465742]]]}},{"type":"Feature","properties":{"clues":"GRIMB004183"},"geometry":{"type":"Polygon","coordinates":[[[-99.53263710365115,18.37369131989281],[-99.5346934630701,18.37698258052438],[-99.53413446560911,18.37939312690967],[-99.54087508147786,18.379128093054028],[-99.54425690492907,18.382527738691582],[-99.54723879313701,18.381751038946852],[-99.55975877674513,18.387877062345904],[-99.56893045407334,18.3968326844168],[-99.57941930341123,18.398865846315385],[-99.58394997750158,18.418715740071157],[-99.58196652156677,18.42224619297075],[-99.55901150387461,18.44527094643218],[-99.53676177598568,18.46149333566804],[-99.5167211557294,18.451033865154916],[-99.5174928802262,18.423699110301623],[-99.51286688784094,18.411070878914746],[-99.51886660948476,18.396786677120534],[-99.5135029178427,18.383653695290224],[-99.51988872362375,18.37679695760842],[-99.52776148452269,18.38000662710964],[-99.52817072786266,18.37467188652779],[-99.53263710365115,18.37369131989281]]]}},{"type":"Feature","properties":{"clues":"GRIMB000415"},"geometry":{"type":"Polygon","coordinates":[[[-99.59677089794322,16.82736313961263],[-99.58224075515902,16.84246785065952],[-99.55335663647215,16.861835107763614],[-99.54741774985655,16.859125285267943],[-99.54173419093539,16.83635119245776],[-99.56448085072012,16.81530365274365],[-99.59119610554947,16.817015816148118],[-99.59677089794322,16.82736313961263]]]}},{"type":"Feature","properties":{"clues":"GRIMB009655"},"geometry":{"type":"Polygon","coordinates":[[[-99.4573583223186,17.536999077538987],[-99.4576102784691,17.55239524287925],[-99.44608626103283,17.575357331714613],[-99.43633372463988,17.578776966976434],[-99.42985429025241,17.588487028920753],[-99.43017969975041,17.641390506805813],[-99.42222008699949,17.637602878178143],[-99.39301118621958,17.606229748089916],[-99.3745637035474,17.603582708887256],[-99.36716054630892,17.604316441519103],[-99.35868755012744,17.60858004254228],[-99.33980211175997,17.63050239710558],[-99.33302863009128,17.634200777989502],[-99.33017852154995,17.630845895970538],[-99.33081731666314,17.579710242094276],[-99.31475590878098,17.560804951750196],[-99.31533651315009,17.557302780011046],[-99.32001871216517,17.550646699292997],[-99.30076958485073,17.51314803207512],[-99.31686694421367,17.492559103433823],[-99.32470333918776,17.493730889377726],[-99.33641605542351,17.520537522953013],[-99.35893699064648,17.508330110278266],[-99.36701149085182,17.500514726754243],[-99.38644523174466,17.504776424668055],[-99.39281669080546,17.503428981241225],[-99.4133160069106,17.515750701142334],[-99.4252101783474,17.516583511080107],[-99.42946284348928,17.5209650681132],[-99.44412776716304,17.52712063885543],[-99.45518661118915,17.534126705959824],[-99.4573583223186,17.536999077538987]]]}},{"type":"Feature","properties":{"clues":"MSIMB001103"},"geometry":{"type":"Polygon","coordinates":[[[-99.28277013912124,18.801259526055407],[-99.29164504889147,18.786758257161065],[-99.29548760575736,18.784046423164504],[-99.3040118583814,18.785920393750864],[-99.30278880675826,18.814318514072163],[-99.31696581247465,18.823582003128212],[-99.29839014977172,18.851968147075585],[-99.28942522670613,18.848663407808342],[-99.27659504566061,18.848198363132145],[-99.26839764145898,18.844065691240594],[-99.26436899648928,18.839104216949327],[-99.26439106647848,18.837639248885022],[-99.27652745289201,18.83049107828644],[-99.27670094839341,18.822711406429526],[-99.28843789975954,18.809128298406204],[-99.28277013912124,18.801259526055407]]]}},{"type":"Feature","properties":{"clues":"GRIMB005641"},"geometry":{"type":"Polygon","coordinates":[[[-99.26263401696298,17.449532000170983],[-99.26261414054352,17.454393003735465],[-99.28422042729555,17.477521272214805],[-99.30825620754861,17.482926699760654],[-99.31686694421367,17.492559103433823],[-99.30076958485073,17.51314803207512],[-99.28690417876335,17.511618446280544],[-99.28293289492187,17.51238180991048],[-99.27901808980128,17.515699682590547],[-99.2622648609802,17.513358824811707],[-99.25312858879772,17.502729645418167],[-99.24085835568829,17.50568170138258],[-99.2345834692088,17.49761434617282],[-99.23077763560406,17.485279407479698],[-99.21690670943029,17.478892811248944],[-99.21736256207915,17.470075352512016],[-99.21022085600876,17.457521417953643],[-99.20323035949295,17.450201641048473],[-99.20349929884475,17.436832633135786],[-99.20539989648093,17.43536949385228],[-99.22726199633739,17.43198034535779],[-99.23909697085823,17.436390916192007],[-99.26263401696298,17.449532000170983]]]}},{"type":"Feature","properties":{"clues":"MSIMB002491"},"geometry":{"type":"Polygon","coordinates":[[[-99.1728206923586,18.73298492960718],[-99.15689706264534,18.75231217117512],[-99.15373906310803,18.75335415183094],[-99.14501356433591,18.73669385403814],[-99.15297809783632,18.72261180517818],[-99.16266596203313,18.722125382733477],[-99.16861219910928,18.7228802294055],[-99.1728206923586,18.73298492960718]]]}},{"type":"Feature","properties":{"clues":"GRIMB001692"},"geometry":{"type":"Polygon","coordinates":[[[-99.10430481421531,16.90025371240487],[-99.08780462567742,16.889562432729864],[-99.0662930144693,16.90959329006513],[-99.05681710410835,16.89458242718952],[-99.0628948936336,16.880214728191806],[-99.08128186305446,16.877009262010205],[-99.08462292011373,16.873912842253947],[-99.09741786699779,16.87923382284887],[-99.10790677565744,16.895369586941428],[-99.12772394217293,16.881374745986037],[-99.13750748051406,16.918891327978553],[-99.13182798703312,16.931242985585392],[-99.14850231496563,16.944729703628415],[-99.15264163774249,16.955498990287794],[-99.15251288830315,16.96553979607872],[-99.13752302871521,16.978955495836743],[-99.1280189563843,17.004031992479042],[-99.12333770204546,17.005762702859638],[-99.11748364948166,17.002130533181465],[-99.110251984869,16.99315829328234],[-99.10277539461393,16.9877637315516],[-99.0933030162716,16.992278996924636],[-99.09085855566524,17.004100698075888],[-99.07168073325438,17.012558835492367],[-99.06899804811891,17.012367541579113],[-99.06852821348575,16.998644704528203],[-99.07967445538392,16.981824869770957],[-99.07470943815287,16.969361512330206],[-99.05390957458916,16.97140958861493],[-99.04802547852123,16.967100264372228],[-99.03695801529061,16.970109055894472],[-99.02965544949873,16.94657527956061],[-99.04619868170651,16.938602812798234],[-99.05289270473732,16.931766893186825],[-99.05692519667248,16.923602850891886],[-99.06408212523492,16.9168284940494],[-99.0666431865393,16.910456913131675],[-99.08722293747323,16.913682580564302],[-99.1034705624054,16.904083858700908],[-99.10430481421531,16.90025371240487]]]}},{"type":"Feature","properties":{"clues":"GRIMB009911"},"geometry":{"type":"MultiPolygon","coordinates":[[[[-99.12355006735105,17.492735950115375],[-99.11032967063227,17.492781201260605],[-99.09799954234265,17.480752768702295],[-99.10317057434453,17.470194142150287],[-99.12017212245043,17.464903548376224],[-99.13298645511144,17.470473604060242],[-99.13132213512904,17.486156438922038],[-99.12355006735105,17.492735950115375]]],[[[-99.13883077397884,17.505414245320154],[-99.1349819822622,17.506166413047612],[-99.1326464863494,17.487960474897843],[-99.14181690313524,17.493315926691864],[-99.14913560997607,17.481906011102897],[-99.15589979176005,17.486234810171467],[-99.15899144491489,17.493525401532278],[-99.15699050017938,17.49620881948493],[-99.14508914353999,17.497439596682725],[-99.13883077397884,17.505414245320154]]]]}},{"type":"Feature","properties":{"clues":"MSIMB000712"},"geometry":{"type":"Polygon","coordinates":[[[-99.1344503896068,18.88213327492302],[-99.13944344426697,18.883509476725422],[-99.13913776208744,18.88710421730288],[-99.1405913759204,18.888870404932103],[-99.13922816055377,18.89167229704771],[-99.14188468537156,18.902738951591708],[-99.13904807152356,18.907013647770654],[-99.11695987130855,18.927132904696577],[-99.11195877383123,18.92592550289352],[-99.10984379823242,18.9247239144679],[-99.1178342126319,18.8983198990131],[-99.12717385110565,18.891373234404842],[-99.12631559674345,18.88693916198244],[-99.13274958226465,18.878745441446267],[-99.13447405991823,18.87972000583279],[-99.1344503896068,18.88213327492302]]]}},{"type":"Feature","properties":{"clues":"GRIMB002211"},"geometry":{"type":"Polygon","coordinates":[[[-99.02884407146323,16.578192005456685],[-99.08853128741211,16.59594200521684],[-99.08459034873518,16.61471340496251],[-99.08094218296408,16.61646145533801],[-99.07099925685033,16.64933733689938],[-99.05870080336548,16.649932843746207],[-99.04348650644165,16.643324709020618],[-99.02534386988083,16.65730479777028],[-99.0052658028006,16.652788901650553],[-98.99626543512379,16.658830185161968],[-98.97980947823069,16.661309087923314],[-98.96205613980915,16.64031369778889],[-98.96187414331608,16.635467594586927],[-98.96465652254652,16.633619302278564],[-98.98565767265524,16.622388017877267],[-98.99055519382898,16.62152211415599],[-98.99150979287705,16.60912144073275],[-98.99526912441834,16.59837546319067],[-99.00162411701159,16.589978330732684],[-99.01945211887251,16.597746536444294],[-99.02306947205913,16.595781800483426],[-99.02884407146323,16.578192005456685]]]}},{"type":"Feature","properties":{"clues":"GRIMB001832"},"geometry":{"type":"Polygon","coordinates":[[[-99.0666431865393,16.910456913131675],[-99.06408212523492,16.9168284940494],[-99.05692519667248,16.923602850891886],[-99.05289270473732,16.931766893186825],[-99.04619868170651,16.938602812798234],[-99.04420853183957,16.938592008922107],[-99.0304266003452,16.92344890916237],[-99.03089428972561,16.92110222242325],[-99.02328216609631,16.90599157387906],[-99.02570077342108,16.895695222719755],[-99.0332266839463,16.894106213161947],[-99.04495011444202,16.895537789959562],[-99.05681710410835,16.89458242718952],[-99.0662930144693,16.90959329006513],[-99.08780462567742,16.889562432729864],[-99.10430481421531,16.90025371240487],[-99.1034705624054,16.904083858700908],[-99.08722293747323,16.913682580564302],[-99.0666431865393,16.910456913131675]]]}},{"type":"Feature","properties":{"clues":"GRIMS000725"},"geometry":{"type":"Polygon","coordinates":[[[-99.01476786145405,16.927848906659992],[-99.01517987963464,16.938795529620798],[-99.00415920458701,16.939582451593463],[-99.0011596576948,16.941187899699603],[-98.99221698052578,16.956251625970772],[-98.97118007208232,16.935638026859653],[-98.99188585389551,16.925863563976197],[-98.99938992231388,16.91775945220719],[-98.9921445798086,16.902720305315643],[-98.99175823282955,16.88473769392535],[-98.99550364591917,16.874325815058956],[-99.02570077342108,16.895695222719755],[-99.02328216609631,16.90599157387906],[-99.00658460422615,16.919132415313996],[-99.01476786145405,16.927848906659992]]]}},{"type":"Feature","properties":{"clues":"MSIMB000164"},"geometry":{"type":"Polygon","coordinates":[[[-98.89595794661534,18.65329569360337],[-98.90474757809953,18.658748884020593],[-98.91137856188303,18.688600226560624],[-98.92615961071907,18.69262689410506],[-98.91491903726454,18.708137400403725],[-98.91414934128777,18.714301077764656],[-98.91868297010079,18.725829790400088],[-98.93260595383558,18.73608632711035],[-98.92473495939937,18.74339881685992],[-98.91885348874465,18.744743349649386],[-98.90595243407799,18.754319150224447],[-98.89876051324049,18.75622498815866],[-98.8947756101766,18.75073272408019],[-98.88221414025793,18.74428883596396],[-98.87345362060864,18.73296001118617],[-98.87307506475716,18.726423827625133],[-98.86695688448587,18.722227496040162],[-98.86403173273678,18.70906370091798],[-98.86500050498766,18.700942940224692],[-98.86390835700388,18.691815691370774],[-98.86055786578984,18.67889481033287],[-98.85677429544403,18.673667748527393],[-98.86378331361628,18.658498666923112],[-98.88642430630236,18.651309662979692],[-98.89595794661534,18.65329569360337]]]}},{"type":"Feature","properties":{"clues":"PLIMS002061"},"geometry":{"type":"Polygon","coordinates":[[[-98.55679184140664,18.334344748102986],[-98.55882147827019,18.343198694616156],[-98.55361749798858,18.357051482400625],[-98.57348086599383,18.40146699789757],[-98.59694238328878,18.40681181275575],[-98.60015516602232,18.409634391536795],[-98.58858328995132,18.44343104863182],[-98.57590277372258,18.46084205752864],[-98.57210907699931,18.464591631752214],[-98.55329714625918,18.47118175022468],[-98.54278703855704,18.46012122157947],[-98.51371354384511,18.464539626429517],[-98.50312503795949,18.454960355326307],[-98.4886484257381,18.457911550532646],[-98.47730522754115,18.445606676793435],[-98.47338372162913,18.445607021966044],[-98.46092779897702,18.432310004553212],[-98.43222157157341,18.42050611798688],[-98.43475782392416,18.41390605568791],[-98.43642516905996,18.401024952681112],[-98.43182485994548,18.389984549676917],[-98.4013741571905,18.37785468585129],[-98.39275073481754,18.359666672927567],[-98.39790573080565,18.315068851061152],[-98.46113532466906,18.317784289993277],[-98.47486985941954,18.31276262273208],[-98.4913678963302,18.318332151597858],[-98.53795183229431,18.310105644223068],[-98.55679184140664,18.334344748102986]]]}},{"type":"Feature","properties":{"clues":"GRIMB001914"},"geometry":{"type":"Polygon","coordinates":[[[-98.53238632852488,16.797563866373],[-98.48348888679132,16.804139935629042],[-98.47464950591161,16.78532392017308],[-98.48205395128133,16.77682352101182],[-98.53260413269031,16.766757064791683],[-98.53369181610906,16.779266488483554],[-98.53238632852488,16.797563866373]]]}},{"type":"Feature","properties":{"clues":"PLIMB006086"},"geometry":{"type":"Polygon","coordinates":[[[-98.49511086257753,18.549496177417087],[-98.50194088029454,18.546481971581755],[-98.50955716751781,18.548477644851186],[-98.52220866070371,18.558958500984943],[-98.51208848068013,18.568768428498515],[-98.50007850346337,18.571962714601916],[-98.49511086257753,18.549496177417087]]]}},{"type":"Feature","properties":{"clues":"PLIMS002056"},"geometry":{"type":"Polygon","coordinates":[[[-98.46266782916138,18.545350973320495],[-98.46380369399245,18.56576203247064],[-98.46848809020939,18.569491896490426],[-98.4720568821529,18.57748772118481],[-98.46956999694807,18.58696524545989],[-98.46437707573374,18.58823741926568],[-98.46478770054362,18.597270348835337],[-98.45957655954265,18.599375985466718],[-98.45432075053229,18.59407446389791],[-98.45202513459448,18.593932375733953],[-98.44983661309598,18.607290962044427],[-98.44749245979476,18.607501074984278],[-98.43108448939405,18.595481545303098],[-98.42954929179152,18.59002607470787],[-98.41864858720982,18.58717869997814],[-98.41152167892776,18.589415478107355],[-98.40138072396847,18.58503335628425],[-98.3775151288804,18.58767849334577],[-98.37517729942296,18.585625916348203],[-98.34357321404377,18.582757080102123],[-98.3372747774311,18.559859522556653],[-98.33890880293511,18.551681173822594],[-98.36524830917355,18.531465582787074],[-98.38109866873603,18.527512048099755],[-98.39622016537785,18.532653125072187],[-98.40509675031498,18.531677249129892],[-98.41910876373973,18.523457943067477],[-98.44651780227113,18.54151051659426],[-98.46266782916138,18.545350973320495]]]}},{"type":"Feature","properties":{"clues":"OCIMS000556"},"geometry":{"type":"Polygon","coordinates":[[[-98.28375110789868,17.505613620311042],[-98.28818997243012,17.50093560018043],[-98.30708703673044,17.499916008765712],[-98.32705893636775,17.50385622577132],[-98.3308059662887,17.508285790933556],[-98.31981907279176,17.536923514607842],[-98.30595811386364,17.544241825735952],[-98.30048888913835,17.55311014993684],[-98.2722898848121,17.567092946182317],[-98.26008528218247,17.547659828151318],[-98.23391416789838,17.516552511420045],[-98.28375110789868,17.505613620311042]]]}},{"type":"Feature","properties":{"clues":"OCIMS002620"},"geometry":{"type":"Polygon","coordinates":[[[-98.23767993619629,17.31524812426925],[-98.25153484477926,17.326084816402705],[-98.25421715064606,17.331854459305877],[-98.25590883692705,17.332722959030466],[-98.26684167566366,17.332506603017265],[-98.27474904406681,17.32964972193085],[-98.28309461396516,17.353427951365376],[-98.3059566307323,17.37195156865817],[-98.3026456853873,17.38768696804476],[-98.28049626133985,17.386077786986725],[-98.26649633179643,17.379824039621077],[-98.26017533400697,17.3813647760392],[-98.24544668132278,17.381101694738998],[-98.23186915347728,17.3885507156756],[-98.22735176870204,17.395144349672595],[-98.21473517720649,17.399030701959383],[-98.20958706305842,17.384821834206605],[-98.20124490666055,17.382159015527478],[-98.17339887909634,17.405925045599208],[-98.16590430330385,17.400258010666565],[-98.18554789606286,17.35958393420995],[-98.18435729170373,17.34108664579014],[-98.16266896512843,17.339765600964498],[-98.15308934720508,17.326497847476205],[-98.1536469714863,17.324271010376933],[-98.17621428798779,17.30392690078831],[-98.18231398055526,17.30261322244033],[-98.19293588982062,17.304439140691905],[-98.19947012761138,17.302043574922273],[-98.22908381610551,17.284933739759065],[-98.23390791693058,17.284717738891413],[-98.23909600207743,17.291034673436858],[-98.23767993619629,17.31524812426925]]]}},{"type":"Feature","properties":{"clues":"OCIMS005065"},"geometry":{"type":"Polygon","coordinates":[[[-98.21222172271784,17.67770147448045],[-98.26037340700015,17.696617924339836],[-98.2304316569172,17.734412731859393],[-98.23202756424753,17.74935131123187],[-98.23445927203521,17.755993836976625],[-98.23092377176725,17.767231954682124],[-98.22974443176462,17.78180266904294],[-98.25203028581969,17.81293181084239],[-98.21518304495908,17.839120277310947],[-98.18924722580756,17.8220824279103],[-98.17930070425041,17.78890401874254],[-98.18506736725587,17.771911919196853],[-98.18632149567982,17.759692254924808],[-98.18408260008688,17.751597898285073],[-98.17176504683242,17.74584017519353],[-98.13582633550115,17.71681126229349],[-98.16266251253286,17.692806511288392],[-98.17877378179026,17.699277297002517],[-98.19200159264932,17.694607840637147],[-98.21222172271784,17.67770147448045]]]}},{"type":"Feature","properties":{"clues":"OCIMS004674"},"geometry":{"type":"Polygon","coordinates":[[[-98.091026474747,16.35172369837835],[-98.09620121572307,16.343216361286498],[-98.11144420230758,16.345969141152143],[-98.12513639671205,16.36199454162742],[-98.1560753486245,16.341038018777052],[-98.16233860791257,16.348226801135922],[-98.18641123361294,16.358859918053366],[-98.17461702770258,16.39738141653091],[-98.16381883745656,16.398389956942726],[-98.14469923743614,16.422356655141446],[-98.12410708311762,16.417130887832787],[-98.11752846194156,16.42405291611959],[-98.10785247464568,16.428053424314133],[-98.09135004483868,16.425491344734347],[-98.08317289663766,16.426818618385703],[-98.08071478649316,16.40964901024585],[-98.0815938200641,16.406227878210625],[-98.06065501763786,16.38993337854148],[-98.06395128202438,16.381715514398593],[-98.07254684123994,16.377310959157477],[-98.08460735224983,16.376891429425967],[-98.0920094723363,16.371696388971696],[-98.08834259091304,16.363616843307987],[-98.09156849015302,16.355424371468732],[-98.091026474747,16.35172369837835]]]}},{"type":"Feature","properties":{"clues":"PLIMS000690"},"geometry":{"type":"Polygon","coordinates":[[[-98.07882159466124,18.154456250281207],[-98.10368102099491,18.1599758064616],[-98.10831462858143,18.17265609467465],[-98.10572463720051,18.183501425155608],[-98.08427191057541,18.18651301334843],[-98.07289682265244,18.19084865525846],[-98.0863601419988,18.207753572396623],[-98.07657305379578,18.218963246020387],[-98.07197128406926,18.221253749715416],[-98.06980113241207,18.217909042512733],[-98.06700081269271,18.20689895580599],[-98.0716903077315,18.19088183111718],[-98.05830273788075,18.193977261879244],[-98.05410148026233,18.204836048406623],[-98.0447041070637,18.198273596451518],[-98.03440546003489,18.19894399321731],[-98.02983011530732,18.1908223948532],[-98.00837202564712,18.182112198834933],[-98.00593457321403,18.17020545327824],[-97.99992968624744,18.16101908978737],[-98.01682045762564,18.137475072191727],[-98.01594893860512,18.132930536259174],[-98.02493217378485,18.11467576770201],[-98.04133492089133,18.118103268268893],[-98.05150190723677,18.128283663459143],[-98.05385892676067,18.131661723781097],[-98.05802291821125,18.153977623705792],[-98.07561786224117,18.15214576667676],[-98.07882159466124,18.154456250281207]]]}},{"type":"Feature","properties":{"clues":"PLIMB002393"},"geometry":{"type":"Polygon","coordinates":[[[-97.93709171062714,18.837439376364202],[-97.93790862611877,18.83301384703445],[-97.9542185255884,18.808752534713843],[-97.97203479438342,18.82097490922033],[-98.00874282008947,18.827237696264447],[-98.01399804268723,18.84778316719161],[-98.01301978963681,18.852272006571162],[-98.01475457503578,18.869941217108963],[-98.01159661519259,18.87579911404233],[-98.00301072665364,18.879519541776503],[-97.98980358668453,18.88255164495877],[-97.98495292535851,18.881138868692013],[-97.9720927306064,18.87149141849748],[-97.97529524542962,18.860896226030246],[-97.96457853899389,18.85742758063789],[-97.96240959714575,18.853234843333677],[-97.95635645688488,18.854570265138292],[-97.95302461594227,18.846668672622034],[-97.93709171062714,18.837439376364202]]]}},{"type":"Feature","properties":{"clues":"MCIMS001521"},"geometry":{"type":"Polygon","coordinates":[[[-99.8086283348487,19.722430517934885],[-99.81048975624607,19.73651514546789],[-99.78282578472744,19.750406953952332],[-99.77720613753085,19.744362523352557],[-99.79529407565106,19.719593422166916],[-99.80181771292285,19.716115164021804],[-99.8067727469101,19.707966628086464],[-99.81248388295734,19.70870305549363],[-99.81690174454494,19.715390673977],[-99.82441714016036,19.71360173602718],[-99.82868219371892,19.72382704242832],[-99.82479917044482,19.725047806323623],[-99.81524859166522,19.720110824598375],[-99.8086283348487,19.722430517934885]]]}},{"type":"Feature","properties":{"clues":"HGIMB002140"},"geometry":{"type":"Polygon","coordinates":[[[-99.59715664690853,20.226669115636504],[-99.60152901777627,20.229006769098344],[-99.61038341458408,20.219340716070246],[-99.61763336405185,20.227491053354495],[-99.61851756667284,20.231269606370248],[-99.62863531864019,20.229778377581614],[-99.63541419489718,20.237096553163283],[-99.63248204535921,20.24519032492987],[-99.6276080988089,20.252144964510357],[-99.6304712595003,20.26164855018055],[-99.60256552645349,20.283125324444644],[-99.59361498870202,20.26527062700651],[-99.58028590391926,20.252149706644467],[-99.57851976417415,20.232895798061307],[-99.58165313979707,20.229954171595185],[-99.59715664690853,20.226669115636504]]]}},{"type":"Feature","properties":{"clues":"HGIMB003214"},"geometry":{"type":"Polygon","coordinates":[[[-99.39065657866936,20.16763726600457],[-99.4149640762818,20.166547729521522],[-99.41775514582945,20.179246202686514],[-99.39250397526558,20.192604088321154],[-99.37939647652976,20.217364404877724],[-99.34602807619738,20.227252463101372],[-99.34554190072485,20.223411549127306],[-99.35556772487587,20.19039445286409],[-99.36549764546247,20.17869691916996],[-99.36407460646161,20.16875400337507],[-99.38234424273116,20.161407432597986],[-99.39065657866936,20.16763726600457]]]}},{"type":"Feature","properties":{"clues":"HGIMB003815"},"geometry":{"type":"Polygon","coordinates":[[[-99.29820941218188,20.02220987816263],[-99.3035736170091,20.02569136757671],[-99.31417861343029,20.028390549052638],[-99.3191699838362,20.026418223466333],[-99.32547972359778,20.030902534903234],[-99.32580318432515,20.039204004476225],[-99.32815486495338,20.041690696214125],[-99.32771831934816,20.047594156160237],[-99.31995681266527,20.049357099726333],[-99.31741329762917,20.05533101763423],[-99.30823176676292,20.056758905132288],[-99.3069885240045,20.05190552942874],[-99.29489847318439,20.047853741198484],[-99.28394189534525,20.049954647236312],[-99.2812432052752,20.035111112187998],[-99.28304535856465,20.032519414312638],[-99.29820941218188,20.02220987816263]]]}},{"type":"Feature","properties":{"clues":"HGIMS001161"},"geometry":{"type":"Polygon","coordinates":[[[-99.10717473130312,20.86282842511212],[-99.12199306937586,20.85540055054141],[-99.15034416203248,20.879379849026034],[-99.150408837813,20.8853019999345],[-99.16508575774051,20.89745978982612],[-99.15930291565338,20.92848992936553],[-99.16888179571531,20.93022523372459],[-99.1885241516506,20.92170970301734],[-99.19913049648066,20.938719637539176],[-99.1767649332876,20.95322358626175],[-99.17000707346017,20.97463864833013],[-99.16039884768702,20.978271096097806],[-99.14400639018503,20.971072825574737],[-99.1224826396766,20.978177279307477],[-99.10188238896565,20.962336616831895],[-99.1035646217052,20.922202364604992],[-99.08957299599415,20.906827311631574],[-99.09463098971061,20.874622084538263],[-99.10717473130312,20.86282842511212]]]}},{"type":"Feature","properties":{"clues":"HGIMB001983"},"geometry":{"type":"Polygon","coordinates":[[[-99.13544290986096,20.28223562098395],[-99.13771431145125,20.271162564719262],[-99.15421761143921,20.264126220207945],[-99.1641710027093,20.26855097780962],[-99.16962593899201,20.277618965283366],[-99.17053558878457,20.28849463891044],[-99.16478803528746,20.29278396128404],[-99.15848512649218,20.293686063141198],[-99.1504345018101,20.286242905676616],[-99.13544290986096,20.28223562098395]]]}},{"type":"Feature","properties":{"clues":"HGIMS001156"},"geometry":{"type":"Polygon","coordinates":[[[-99.08957299599415,20.906827311631574],[-99.06533840585496,20.91403848845837],[-99.03742854881926,20.883412191146626],[-99.06710977295592,20.85508165270228],[-99.09463098971061,20.874622084538263],[-99.08957299599415,20.906827311631574]]]}},{"type":"Feature","properties":{"clues":"MCIMB007226"},"geometry":{"type":"Polygon","coordinates":[[[-99.09297000827019,19.64361888941285],[-99.10595879929781,19.645419228450226],[-99.10775491576135,19.648704457549535],[-99.10505137045676,19.654892406981666],[-99.10588943930678,19.659293174991145],[-99.10391019255883,19.663088264371847],[-99.10114120428693,19.663267598388007],[-99.09992008627442,19.66522205640512],[-99.09977961545472,19.671923971505922],[-99.0976291328282,19.675503446454837],[-99.09082611936486,19.676656062816487],[-99.08886792088256,19.674211827137672],[-99.0865746708362,19.674287703264575],[-99.08462385842422,19.670801659562816],[-99.07857878431204,19.66908145713809],[-99.07918294673759,19.664952153889967],[-99.07520622762684,19.663585815623513],[-99.07511397480782,19.660165828596497],[-99.07874768900756,19.659251809096297],[-99.07821275226347,19.657575307866026],[-99.07333875443881,19.656642509258187],[-99.07352628386181,19.654083340937905],[-99.0783371456036,19.65392717097026],[-99.07862245629087,19.65673985384195],[-99.08128850173028,19.656394455101754],[-99.08158848353156,19.65497420035135],[-99.08594747491195,19.65557607595386],[-99.09227848384056,19.65257003202287],[-99.09297000827019,19.64361888941285]]]}},{"type":"Feature","properties":{"clues":"HGIMB002432"},"geometry":{"type":"Polygon","coordinates":[[[-99.02495171948463,21.16723995289035],[-99.03208373466198,21.176043962910406],[-99.02803976026865,21.18349156170907],[-99.0279480827952,21.186979141577932],[-99.0372359074941,21.19304823467477],[-99.03419546396643,21.203937574427247],[-99.03835963839232,21.207716795368718],[-99.04032454639746,21.21516964393022],[-99.03921231949177,21.220293365905267],[-99.03506877248604,21.221424360024876],[-99.0330598276992,21.22060244821368],[-99.02582849922483,21.224697027482513],[-99.02011863313268,21.222407316738913],[-99.01274461684714,21.224612714890256],[-99.00898461917467,21.221824458131486],[-99.00501329264681,21.221845053047087],[-98.99502054082097,21.212962075383178],[-98.99146088399723,21.21471372105337],[-98.97720368983896,21.227856141561684],[-98.97438060462265,21.224775286579884],[-98.97113473928795,21.209777644616157],[-98.96718833869345,21.208559369781508],[-98.95886640303115,21.209576888184543],[-98.95721315497586,21.221805589277135],[-98.95573543508378,21.222553183049275],[-98.94912138909926,21.221870050667903],[-98.94566527319175,21.22573651617513],[-98.93537805123754,21.230142318664328],[-98.9301809558617,21.230525390826106],[-98.92397726022733,21.227876139595296],[-98.92253095836675,21.220090324945307],[-98.93936342256261,21.205099880419894],[-98.9369609599518,21.198887290424587],[-98.93727011648463,21.191609298096285],[-98.95487680812893,21.18754413919246],[-98.96190938379812,21.183361872065365],[-98.96050344845911,21.175200264884822],[-98.96208261170938,21.162077217068116],[-98.97274233206458,21.15289532019942],[-98.98832811730887,21.15028914300609],[-99.00101398732755,21.145016205323813],[-99.0059473866305,21.14652068956749],[-99.00827131322556,21.15450074471632],[-99.01827819582195,21.167199167755484],[-99.02495171948463,21.16723995289035]]]}},{"type":"Feature","properties":{"clues":"HGIMB002736"},"geometry":{"type":"Polygon","coordinates":[[[-98.83983292720222,20.463567877444564],[-98.82418172809315,20.46222619805722],[-98.805958335542,20.421752756759513],[-98.80640771054152,20.409252960069722],[-98.81157973478477,20.4004745373609],[-98.83950304123955,20.392558764893657],[-98.87623088692145,20.400860686152573],[-98.91813784627382,20.403112041905207],[-98.92266826672378,20.418868346080348],[-98.93228466104215,20.427739451951417],[-98.93840582669621,20.44550708191115],[-98.93937831752744,20.456155364567504],[-98.93329512396862,20.465364666720383],[-98.91450377532796,20.468527859391582],[-98.90106846271875,20.464270767419013],[-98.89078563670357,20.467104587197305],[-98.85777341405225,20.45684409356099],[-98.83983292720222,20.463567877444564]]]}},{"type":"Feature","properties":{"clues":"HGIMB002514"},"geometry":{"type":"MultiPolygon","coordinates":[[[[-98.88661822556523,20.05365341353167],[-98.90239084865479,20.057037740482635],[-98.92408854770876,20.05081218407902],[-98.93052967737432,20.060950666187683],[-98.92881293878776,20.063637579748328],[-98.90782423700502,20.0787321206157],[-98.90158378351965,20.091740596077713],[-98.90586381393298,20.09788111416467],[-98.92077219833807,20.10341494543189],[-98.9219009845351,20.1068152190959],[-98.90924612405419,20.115500407533766],[-98.90497997751521,20.130598674846016],[-98.90661547438266,20.13800737490052],[-98.91770953141571,20.141169175151102],[-98.91616940451858,20.15841655316825],[-98.89655683019181,20.16303057396171],[-98.89844213004264,20.143495806503697],[-98.90343543571427,20.138753143577542],[-98.89368805347237,20.133475779651185],[-98.88465270800987,20.13616277962143],[-98.87991447257087,20.13116803793904],[-98.8757788761823,20.137269566769028],[-98.86754332995946,20.14031420457334],[-98.86535451888554,20.143141805296093],[-98.84823709553953,20.137353824773736],[-98.85286506381345,20.119405304548064],[-98.85788503963268,20.116627136234797],[-98.84453793577967,20.10048557221804],[-98.84450282547691,20.09432343001239],[-98.85094580401889,20.082992197291656],[-98.84728798899192,20.07530655948751],[-98.84849017418765,20.068066083262732],[-98.87714958548774,20.06670876736075],[-98.8785247372307,20.06195010918269],[-98.88661822556523,20.05365341353167]]],[[[-98.92397509750332,20.18801075260201],[-98.90565083747966,20.186949279630362],[-98.89988360700896,20.173270247157436],[-98.91783373820664,20.165589333470514],[-98.92397509750332,20.18801075260201]]]]}},{"type":"Feature","properties":{"clues":"SPIMB001121"},"geometry":{"type":"Polygon","coordinates":[[[-98.83418408665635,21.22934600029059],[-98.83458308868244,21.217270571619835],[-98.84002806409798,21.210168973853005],[-98.8508679617796,21.214335394537787],[-98.8561695801023,21.210987059528986],[-98.87365009803773,21.215374282511725],[-98.87014103638285,21.22101105530409],[-98.86366693087898,21.21960348292768],[-98.85480993669906,21.22267873347292],[-98.85294271206477,21.234299900003013],[-98.84972859466556,21.23427485816718],[-98.8414234679027,21.241700679231997],[-98.83103912146179,21.243949608367643],[-98.83225456923488,21.231208408972783],[-98.83418408665635,21.22934600029059]]]}},{"type":"Feature","properties":{"clues":"HGIMS001424"},"geometry":{"type":"Polygon","coordinates":[[[-98.83276484956657,20.99106245828021],[-98.82704089071929,20.99359398079957],[-98.82066900938895,20.992973573366466],[-98.79844676910518,20.97678450173364],[-98.80289614802726,20.95138095826332],[-98.82311842997353,20.950535403851774],[-98.8349555825839,20.976155562741617],[-98.83276484956657,20.99106245828021]]]}},{"type":"Feature","properties":{"clues":"MCIMB004472"},"geometry":{"type":"Polygon","coordinates":[[[-98.7751129152078,19.725966189566375],[-98.78045457601888,19.716109254995665],[-98.78577890441493,19.717424829161743],[-98.8044815134487,19.707663152886543],[-98.80769267232075,19.716670315518034],[-98.81010553121004,19.719464975780188],[-98.81407807243875,19.73952718789074],[-98.80586258302867,19.74757593481113],[-98.79563764921616,19.763723827724217],[-98.79177386739548,19.761969843902587],[-98.7733589452423,19.76058102210376],[-98.76458018473177,19.748594919202866],[-98.76495036904545,19.737436732377358],[-98.77621866612992,19.731877201773994],[-98.7751129152078,19.725966189566375]]]}},{"type":"Feature","properties":{"clues":"SPIMS001810"},"geometry":{"type":"Polygon","coordinates":[[[-98.81795228304395,21.211253302389476],[-98.81052968205137,21.21882441071185],[-98.81315266382632,21.224273328861912],[-98.81086793655568,21.231749007864668],[-98.80503087604843,21.22806347990883],[-98.79657927406859,21.226581321959788],[-98.792091714525,21.23061934094828],[-98.78425271840905,21.212166163884486],[-98.79544968468441,21.204485162738273],[-98.8055201380337,21.193819729673322],[-98.80886620147197,21.19343878698561],[-98.81104191912952,21.19733496053502],[-98.80803124838333,21.20785207163477],[-98.81795228304395,21.211253302389476]]]}},{"type":"Feature","properties":{"clues":"HGIMB002362"},"geometry":{"type":"Polygon","coordinates":[[[-98.7340498939595,20.126594359303937],[-98.73556415828646,20.12753092176196],[-98.74082989067506,20.141860290468987],[-98.73111990933664,20.147026347915315],[-98.72299716969762,20.141901963463376],[-98.72627731760643,20.133070231129913],[-98.72909229934388,20.13337498767782],[-98.73087556769609,20.128435069134785],[-98.7340498939595,20.126594359303937]]]}},{"type":"Feature","properties":{"clues":"SPIMS001583"},"geometry":{"type":"Polygon","coordinates":[[[-98.72394152940774,21.300831885747908],[-98.72851919500353,21.299511134978268],[-98.72923195715599,21.310570623234998],[-98.73829815345191,21.326307358236598],[-98.73993272579472,21.337335532512064],[-98.73806576835814,21.342516066604244],[-98.72705501398507,21.34587139824698],[-98.72423189533123,21.345134647074147],[-98.7178612281355,21.336879316442555],[-98.71377094094869,21.33392195254187],[-98.71067857196441,21.318626364017494],[-98.70252860222882,21.31442142369582],[-98.70679523615689,21.306165680942538],[-98.70700124023875,21.302411918899757],[-98.70249166627697,21.286801723188102],[-98.71036337924762,21.285468599166865],[-98.71365943050426,21.291513755823306],[-98.71784695810072,21.293069661630245],[-98.72394152940774,21.300831885747908]]]}},{"type":"Feature","properties":{"clues":"MCIMB004204"},"geometry":{"type":"Polygon","coordinates":[[[-98.67176360449498,19.819654130155858],[-98.66426660990224,19.815330407151514],[-98.66190929387855,19.81228240463229],[-98.6861727906204,19.78671764715952],[-98.73623080832121,19.801993655690172],[-98.73589739064614,19.815667959052494],[-98.7209490876078,19.831366837881973],[-98.69993279032012,19.831876563272406],[-98.69322558075146,19.829982666906897],[-98.68208323227502,19.822325687664065],[-98.67176360449498,19.819654130155858]]]}},{"type":"Feature","properties":{"clues":"HGIMB001073"},"geometry":{"type":"Polygon","coordinates":[[[-98.64174105588727,19.990424793547113],[-98.64768415216716,19.990765483090684],[-98.65005669286016,19.989404635156113],[-98.66074330529567,19.981683590055084],[-98.66293349754667,19.977062920656063],[-98.68539515333538,19.990435940092105],[-98.68274774610265,20.0046828626446],[-98.68939064314571,20.013602997738285],[-98.685281585604,20.01689556716409],[-98.66645523977522,20.021762140688647],[-98.66745535122864,20.037033502738744],[-98.664179583284,20.038266360782984],[-98.65231707706224,20.03518350966998],[-98.64815438317234,20.032765339000214],[-98.63817656253975,20.052886502359783],[-98.63375934475678,20.049601860139497],[-98.62339794803248,20.05083814308823],[-98.61505780077758,20.041313621163166],[-98.60824750136234,20.040467073432005],[-98.60044537059346,20.034154397070587],[-98.59626212524702,20.033404841616367],[-98.596960338929,20.023392156710386],[-98.5788517527101,20.012963475684497],[-98.58379415288529,20.007908332765744],[-98.59837631172982,20.00740738414837],[-98.60863592878201,20.014418650852658],[-98.61359509823988,20.01422395725411],[-98.61778610927585,20.006856484965468],[-98.62311103640629,20.002304839261924],[-98.6351642079751,19.99770971310232],[-98.64174105588727,19.990424793547113]]]}},{"type":"Feature","properties":{"clues":"HGIMS000770"},"geometry":{"type":"Polygon","coordinates":[[[-98.60044537059346,20.034154397070587],[-98.60824750136234,20.040467073432005],[-98.61505780077758,20.041313621163166],[-98.62339794803248,20.05083814308823],[-98.63375934475678,20.049601860139497],[-98.63827498610911,20.05300979829296],[-98.64727363411146,20.056199199713415],[-98.6481469616064,20.07728835742909],[-98.64300764710025,20.082014933188848],[-98.6400340263598,20.091170411208925],[-98.62418848324306,20.09483213289932],[-98.59754336780975,20.083699998390923],[-98.58684277360317,20.09045332794032],[-98.56976966497862,20.09725374881015],[-98.55435029877611,20.109875427638347],[-98.5437257640631,20.1091431406014],[-98.53878350783816,20.076300613666437],[-98.54080238125417,20.065896992554226],[-98.5535705900577,20.049383140080604],[-98.56365158456319,20.04413132413687],[-98.5627631443304,20.03594566962985],[-98.56568228712248,20.013293450683584],[-98.57724119422464,20.01360056244682],[-98.58392147272156,20.033466397535747],[-98.60044537059346,20.034154397070587]]]}},{"type":"Feature","properties":{"clues":"HGIMB001044"},"geometry":{"type":"Polygon","coordinates":[[[-98.55731627849684,19.648444821533165],[-98.56482059280806,19.63801913239306],[-98.57994441284261,19.64788791055252],[-98.63644067986374,19.65618102303626],[-98.63958151591541,19.65965635636968],[-98.63848575588545,19.668868390916305],[-98.62433300794984,19.68490459958527],[-98.60224363617353,19.687189569579825],[-98.57906138995148,19.670124171636367],[-98.5545202236008,19.683082056594177],[-98.55377545638807,19.661289000030536],[-98.55675497541237,19.655120877087537],[-98.55731627849684,19.648444821533165]]]}},{"type":"Feature","properties":{"clues":"HGIMS001535"},"geometry":{"type":"Polygon","coordinates":[[[-98.62053659836376,21.296946546918385],[-98.63085177375817,21.30660683573752],[-98.63759627809287,21.30391938933529],[-98.6503303863366,21.317576654626123],[-98.6368276438078,21.321761141703174],[-98.63448663710395,21.33602812550607],[-98.65251941781779,21.340345593286912],[-98.65640071346456,21.34410489489379],[-98.64800991010434,21.353389481661463],[-98.63225881685892,21.351392356906608],[-98.6255574329446,21.359488733313004],[-98.61952389190904,21.360311970024878],[-98.61290869722396,21.352350021597857],[-98.60622307799714,21.347737090359928],[-98.60000289341333,21.345856658378676],[-98.58750460753653,21.330149957670102],[-98.57967601121366,21.31134358077945],[-98.57965832946081,21.307035887504938],[-98.58401418956973,21.302966358023546],[-98.59722674188102,21.2786049412451],[-98.60933667468896,21.287290832697632],[-98.61595390088073,21.296667292710545],[-98.62053659836376,21.296946546918385]]]}},{"type":"Feature","properties":{"clues":"HGIMB000566"},"geometry":{"type":"Polygon","coordinates":[[[-98.58698665934956,20.87906428392971],[-98.58357826942294,20.856120898379313],[-98.59898440708027,20.850354159764674],[-98.62052707906388,20.862446926387708],[-98.62059344444812,20.87085848288722],[-98.62873727822252,20.899492991299436],[-98.64669247295305,20.92482722510065],[-98.62881014436725,20.93465620594196],[-98.61308514240163,20.915198581944622],[-98.60399578580684,20.917751061897636],[-98.60096983217754,20.92057508480547],[-98.5859190126326,20.917755493959984],[-98.58356688332582,20.915864965008026],[-98.57249513718342,20.915534465123226],[-98.56586215023968,20.918791735497383],[-98.55490666389507,20.911263096747167],[-98.55939435658156,20.907486286510654],[-98.56359198480598,20.882868384605775],[-98.5694985905115,20.885167416075532],[-98.57909251010499,20.88446762272199],[-98.58698665934956,20.87906428392971]]]}},{"type":"Feature","properties":{"clues":"HGIMB001155"},"geometry":{"type":"Polygon","coordinates":[[[-98.61035094438108,20.19217398301221],[-98.60619968933993,20.19728159176067],[-98.60753705527414,20.221893718776347],[-98.60529532015576,20.223850732726174],[-98.60270717080446,20.236546760626652],[-98.59136816738194,20.245197657492962],[-98.58041896582736,20.22398851051806],[-98.56938745957186,20.22462810185103],[-98.56911890801034,20.222945295394116],[-98.57671579205865,20.210782054729464],[-98.57303569351305,20.20926264194158],[-98.56333057910948,20.210262202857187],[-98.55465577452343,20.204372251514677],[-98.55092905426083,20.2000472193411],[-98.54414023719279,20.17419229976568],[-98.54014878908237,20.171928451558063],[-98.52936546436628,20.147147074583497],[-98.53276526973477,20.114970128903828],[-98.5437257640631,20.1091431406014],[-98.55435029877611,20.109875427638347],[-98.56342669091241,20.118413638192834],[-98.57355235904781,20.156639529243137],[-98.58616740051596,20.161585060101036],[-98.59366530916559,20.169423456517492],[-98.59488462878315,20.176039061783456],[-98.6089462350454,20.183260838466698],[-98.61035094438108,20.19217398301221]]]}},{"type":"Feature","properties":{"clues":"HGIMB001382"},"geometry":{"type":"Polygon","coordinates":[[[-98.53006007835624,21.19556600793823],[-98.54859454464778,21.194171328170867],[-98.5450881213779,21.20922452470891],[-98.5344430915485,21.214658868224024],[-98.5302982726486,21.222754688230673],[-98.52657377997673,21.22495525685139],[-98.51566594904726,21.212130619634557],[-98.51625663926782,21.200841687795325],[-98.52717568040721,21.19883966469679],[-98.53006007835624,21.19556600793823]]]}},{"type":"Feature","properties":{"clues":"HGIMB000023"},"geometry":{"type":"MultiPolygon","coordinates":[[[[-98.46790359915715,20.173622041711482],[-98.478744317344,20.165216062082063],[-98.48837487817678,20.163899044818574],[-98.49979549211574,20.17103287303857],[-98.50082139802014,20.179637701560498],[-98.49536974848795,20.188679347674398],[-98.47637383111822,20.18992562965731],[-98.46790359915715,20.173622041711482]]],[[[-98.44752727504836,20.20437596205285],[-98.45523143688999,20.189865776630004],[-98.47031463419978,20.196330920992658],[-98.47535242959242,20.191851421935244],[-98.48304233640394,20.206430074485308],[-98.46379584176228,20.211261563721745],[-98.48306045667599,20.22124128274863],[-98.479589905903,20.231855934862075],[-98.46420048807167,20.23553825665374],[-98.46201875319483,20.2385780737538],[-98.44046779033076,20.243119397476747],[-98.43527930519687,20.237169926222354],[-98.41262536380968,20.242712957014863],[-98.40302431326533,20.238139527218408],[-98.39820363655029,20.222131060755533],[-98.40336889663214,20.218164948708203],[-98.4339956202649,20.229249686451194],[-98.43854423154492,20.21506236575433],[-98.44768724976606,20.20868325460531],[-98.44752727504836,20.20437596205285]]]]}},{"type":"Feature","properties":{"clues":"VZIMB003684"},"geometry":{"type":"Polygon","coordinates":[[[-98.37863578431741,21.24653316365566],[-98.38727006277642,21.23702187670822],[-98.4060257064901,21.246708524561342],[-98.40559022461589,21.249049881569622],[-98.39480860005763,21.25262397180074],[-98.39668107985543,21.264297420548772],[-98.39154574534497,21.265564339906465],[-98.39160262908766,21.279087027641136],[-98.38957377410736,21.28017162670857],[-98.38741783729077,21.289453501727646],[-98.38479572007014,21.291899642213725],[-98.37694077385653,21.28569897542634],[-98.36321987064213,21.28496339635329],[-98.36104097486145,21.28329397330173],[-98.35655978380457,21.284864674219847],[-98.34949341047195,21.280352062884322],[-98.34660064878113,21.286988532044283],[-98.33697451215662,21.28646475904837],[-98.33143159082562,21.282960174789295],[-98.32430305819264,21.28744067423742],[-98.31146057098852,21.28443855439234],[-98.30391704430905,21.276600386956734],[-98.30420761186012,21.272892533002782],[-98.30107910438343,21.263612585909424],[-98.30925158585953,21.254381668018787],[-98.31797385754182,21.258345594749574],[-98.32896618407601,21.251703731435832],[-98.33350004266875,21.254379862707168],[-98.33549334449539,21.257516403300315],[-98.35345564856408,21.254897268191574],[-98.352128476682,21.243876050234963],[-98.3587006707634,21.237464414512367],[-98.36156956027096,21.23984098472401],[-98.36707087444094,21.25458766534889],[-98.37261508795702,21.248848367736954],[-98.37863578431741,21.24653316365566]]]}},{"type":"Feature","properties":{"clues":"VZIMS005522"},"geometry":{"type":"Polygon","coordinates":[[[-98.3401645545841,21.370978785263624],[-98.34012548367724,21.37689790896591],[-98.32467253714329,21.386541605381414],[-98.32447989212658,21.3911448811466],[-98.33239554272366,21.392490522110094],[-98.34185525663838,21.385416721306427],[-98.34817888211563,21.393825073226264],[-98.33781837487774,21.40276844671799],[-98.33765953361808,21.405897818707416],[-98.3396922781333,21.410818711826405],[-98.34902903920725,21.413859154627904],[-98.35285008910448,21.42129669279496],[-98.34550913010281,21.437677141901762],[-98.33662964278855,21.44477693758813],[-98.32852017379292,21.42441789260453],[-98.32674481881028,21.42454992709758],[-98.31809691583418,21.416940570909144],[-98.30919782616364,21.413077951416465],[-98.30330259568406,21.399820686185205],[-98.30030874459374,21.40012718705911],[-98.28914723952667,21.388130759928195],[-98.29183071936576,21.38248883103045],[-98.30542791325013,21.387363206346755],[-98.30859629875896,21.381662471719242],[-98.29639981108002,21.370194273320905],[-98.29644390290994,21.36835565309508],[-98.31004903896458,21.364576169418296],[-98.31451371663076,21.365349640755987],[-98.31839058418696,21.372992935551462],[-98.3401645545841,21.370978785263624]]]}},{"type":"Feature","properties":{"clues":"VZIMS006292"},"geometry":{"type":"Polygon","coordinates":[[[-98.19164262759695,20.637586534493604],[-98.20987575055219,20.63139940583259],[-98.21770972648372,20.631924892827755],[-98.21995703325463,20.65183191339491],[-98.22196990785271,20.654950710307556],[-98.21456747028805,20.67522058015076],[-98.20223117901325,20.67874987161888],[-98.19190926849116,20.66815339328479],[-98.19171160848872,20.6601334262414],[-98.17924993477702,20.65027787013816],[-98.18053230287371,20.648022859023705],[-98.19046142696956,20.643993107067345],[-98.19164262759695,20.637586534493604]]]}},{"type":"Feature","properties":{"clues":"HGIMB002963"},"geometry":{"type":"Polygon","coordinates":[[[-98.19550978809632,20.35141656438327],[-98.20317988848926,20.353298649143472],[-98.21029112478132,20.34901232267358],[-98.21326467226638,20.350124236123246],[-98.21579850566,20.3617689957662],[-98.20834573602745,20.36586159878082],[-98.20949605752925,20.369850797750303],[-98.20493508471299,20.378259638402596],[-98.19575723324601,20.372665752346244],[-98.19402024568247,20.374864704082132],[-98.183699429434,20.374987998133804],[-98.18202061688704,20.380905112557585],[-98.18012127403018,20.38174530857261],[-98.17127780664373,20.380815749915854],[-98.16554051424,20.373136579906024],[-98.17086836820016,20.366209679447792],[-98.17927403596666,20.363920115465998],[-98.18182492794091,20.361757865336415],[-98.187419519058,20.361426182048362],[-98.19550978809632,20.35141656438327]]]}},{"type":"Feature","properties":{"clues":"HGIMB000105"},"geometry":{"type":"Polygon","coordinates":[[[-98.1397936860251,20.237167360569888],[-98.148815404085,20.21460327073866],[-98.16848030570713,20.20694521765045],[-98.17019992739375,20.20675573008914],[-98.17793269877538,20.211942696205597],[-98.18921203666359,20.226536134713268],[-98.18030073112585,20.239754777847907],[-98.16628058612558,20.25294546378851],[-98.1630189994396,20.253435627558197],[-98.14545114484407,20.243594244827825],[-98.1397936860251,20.237167360569888]]]}},{"type":"Feature","properties":{"clues":"HGIMB001266"},"geometry":{"type":"Polygon","coordinates":[[[-98.07635515011991,20.451851556272324],[-98.08218447029223,20.44944254227911],[-98.08537543009328,20.445472912083677],[-98.09964420246659,20.45030287554761],[-98.11362130117249,20.444839750624638],[-98.11816857548412,20.447271836943475],[-98.12221035988645,20.453070057014955],[-98.12228735423234,20.469628349244843],[-98.11873537706275,20.471276491773946],[-98.10958115604816,20.494954493705112],[-98.09988385060157,20.49135957419456],[-98.09316601301813,20.482507360424563],[-98.08685331220477,20.47740557671528],[-98.07667228541791,20.472781414236156],[-98.055061269494,20.471155370775506],[-98.05557918521278,20.4578523794851],[-98.06943897041131,20.45768801855189],[-98.07635515011991,20.451851556272324]]]}},{"type":"Feature","properties":{"clues":"PLIMS001385"},"geometry":{"type":"Polygon","coordinates":[[[-98.06508020459916,19.92435145084892],[-98.06717179699697,19.919669698159073],[-98.0765721130117,19.913607232898805],[-98.08154678587614,19.91474842422147],[-98.0884843556432,19.904726433245468],[-98.09221097345471,19.905678109167813],[-98.10006498014052,19.919943602917684],[-98.10563238579273,19.921053493210845],[-98.11593568292943,19.93817532644332],[-98.09708491830649,19.963267489844096],[-98.08029305788835,19.94814871882628],[-98.08122053268784,19.94400794972718],[-98.08009351117838,19.935113174859378],[-98.06508020459916,19.92435145084892]]]}},{"type":"Feature","properties":{"clues":"NTIMB001490"},"geometry":{"type":"Polygon","coordinates":[[[-105.30039598695902,21.94059184466693],[-105.30702585771401,21.92487422990561],[-105.30911559722054,21.899430194335366],[-105.31224989451594,21.89614448010582],[-105.32418614445885,21.890689984754953],[-105.33320244661634,21.891271978926238],[-105.35482706501953,21.877965594450995],[-105.36751532119473,21.874268696528464],[-105.4154695269406,21.88395748885043],[-105.42331410140207,21.925393407148526],[-105.40409634106543,21.9474677578754],[-105.34699331152665,21.94925019872961],[-105.34498767181769,21.952995784122404],[-105.31085770702462,21.958226494556243],[-105.30426748756598,21.949376720873246],[-105.29889450221732,21.947776703150957],[-105.3012575374224,21.942139150910492],[-105.30039598695902,21.94059184466693]]]}},{"type":"Feature","properties":{"clues":"NTIMB001794"},"geometry":{"type":"Polygon","coordinates":[[[-105.29265756732515,21.81943464684791],[-105.30590588316123,21.812960021848703],[-105.31839638404611,21.826159919240173],[-105.32740414472231,21.827720722437817],[-105.33461642900122,21.820089573796512],[-105.34209233447638,21.819314969442267],[-105.351717347633,21.819115648779615],[-105.36706056234473,21.824062381840452],[-105.36751532119473,21.874268696528464],[-105.35482706501953,21.877965594450995],[-105.33320244661634,21.891271978926238],[-105.32418614445885,21.890689984754953],[-105.30248020821264,21.85263228847748],[-105.29265756732515,21.81943464684791]]]}},{"type":"Feature","properties":{"clues":"NTIMB000435"},"geometry":{"type":"Polygon","coordinates":[[[-104.95401395902962,21.36720895981122],[-104.95194134020687,21.35984967251186],[-104.96585253320234,21.338837869185333],[-104.96979608513602,21.338233218026044],[-104.99980079731455,21.344762200416096],[-105.00376689821661,21.347606144951204],[-105.00301067851093,21.355325007011587],[-105.01259050519933,21.405503281758747],[-105.01146534052153,21.412614400029387],[-104.9870667300933,21.401181188771858],[-104.96129879735099,21.404023635832484],[-104.95004598524125,21.380155662431324],[-104.95401395902962,21.36720895981122]]]}},{"type":"Feature","properties":{"clues":"NTIMS000436"},"geometry":{"type":"Polygon","coordinates":[[[-104.4651761926246,20.833603559707594],[-104.46731917858423,20.844944540350912],[-104.47038749185342,20.851028309618204],[-104.39994077544856,20.90651197338232],[-104.38284722031445,20.89796795136374],[-104.37961826607193,20.895082143245414],[-104.38241953743534,20.870941040428807],[-104.40460039525806,20.84913507845634],[-104.41156659034903,20.834029758058882],[-104.43415715536923,20.81152155193376],[-104.4476491689885,20.807587987536074],[-104.4651761926246,20.833603559707594]]]}},{"type":"Feature","properties":{"clues":"NTIMB000365"},"geometry":{"type":"MultiPolygon","coordinates":[[[[-104.26275733178738,21.00758260112926],[-104.19792382401079,20.976646924866085],[-104.17704919395916,20.94888403435462],[-104.22818001517267,20.9074721992491],[-104.2640903892248,20.915803608289654],[-104.31589048638862,20.89687349446485],[-104.32561569682476,20.899457208245515],[-104.31152097248648,20.97002875530289],[-104.32139501737328,20.972494430917163],[-104.32508134102015,20.99666952377221],[-104.32148812490227,21.001885213940884],[-104.30279509004149,20.996692242536767],[-104.29197087691378,21.0017616752416],[-104.26480961114031,21.005241509693402],[-104.26275733178738,21.00758260112926]]],[[[-104.29991877405352,21.03121106500881],[-104.29646879348519,21.038707055656385],[-104.31008430765823,21.065500654060287],[-104.31016249462397,21.06882595650154],[-104.29953875255522,21.075957769417666],[-104.29202471887433,21.085109862542048],[-104.28695271983952,21.088525294335707],[-104.26864089170103,21.08439578771867],[-104.25286772083129,21.06689222933354],[-104.24916956428369,21.040223375938375],[-104.26138920468456,21.017623503128526],[-104.26267502611782,21.011528709534833],[-104.29991877405352,21.03121106500881]]]]}},{"type":"Feature","properties":{"clues":"NTIMB001543"},"geometry":{"type":"Polygon","coordinates":[[[-104.08158570632516,21.203915684912193],[-104.11430640134078,21.198186280035646],[-104.11203630708638,21.239796134821198],[-104.11883285007927,21.2522234720817],[-104.11857779406316,21.25912601125545],[-104.09368345115318,21.297126455310636],[-104.08657579799733,21.316436819858925],[-104.07413354199674,21.33650953123996],[-104.06438347871321,21.341984725715918],[-104.05321853108481,21.35411256990068],[-104.03555751399368,21.36042332830017],[-104.01318897856001,21.42109985675877],[-104.00989857376398,21.42275186534679],[-103.97550424900756,21.406438057105696],[-103.9651755761247,21.40664135749821],[-103.95338708736726,21.394653711546738],[-103.9572522577017,21.37969805916953],[-103.97169685743559,21.35278992105425],[-103.94091931460224,21.35454452892663],[-103.92297626016442,21.352501230897797],[-103.91657015139126,21.341110609177502],[-103.93707578071768,21.282187149679153],[-103.96659866992809,21.287558205129802],[-103.9932260799352,21.274573369202923],[-103.99675349036052,21.270886556479862],[-104.00945959299723,21.231566082014805],[-104.01162222455677,21.229495617501076],[-104.02561458462591,21.19695802928523],[-104.04843468227058,21.200935300172983],[-104.0697700658182,21.196248830458366],[-104.08158570632516,21.203915684912193]]]}},{"type":"Feature","properties":{"clues":"ZSIMS001625"},"geometry":{"type":"Polygon","coordinates":[[[-103.32782432488611,21.363639166495307],[-103.33560148211279,21.37441643939156],[-103.35089664557249,21.38133744760461],[-103.35631289429237,21.39149559814059],[-103.3668814758278,21.404893713783952],[-103.3487300244625,21.430837219867627],[-103.38665363402056,21.464913165421578],[-103.37467933015968,21.47667754958293],[-103.34446805736484,21.46615048651466],[-103.32500640153663,21.467547195540092],[-103.31120978043913,21.44907674255344],[-103.28766914060851,21.44854180603246],[-103.28609351014788,21.449697711668048],[-103.2781465911103,21.477655458309126],[-103.25474570046731,21.48105203301697],[-103.2247095721028,21.464356856165274],[-103.20868582778859,21.42998547863675],[-103.19747715402568,21.41990719656993],[-103.19884968447343,21.40880587276061],[-103.23492673347461,21.374814671159502],[-103.26208048431182,21.33505292587696],[-103.2952733458106,21.337806688670263],[-103.31040546701301,21.346466073243217],[-103.32782432488611,21.363639166495307]]]}},{"type":"Feature","properties":{"clues":"ZSIMB001245"},"geometry":{"type":"Polygon","coordinates":[[[-102.94097816358509,21.922521682115217],[-102.96231374636956,21.914596810312524],[-102.97752597602336,21.93272023212287],[-102.97768952693744,21.939840851348563],[-102.98268713246472,21.94749517062962],[-103.01096346529552,21.96213766767717],[-103.0144055120164,21.96539145284424],[-103.01223818191211,21.98028795657047],[-103.01400562446432,21.993767902875117],[-103.0131300149746,22.019859559538297],[-103.00635150365746,22.031822613175308],[-102.99369938145892,22.04236576502384],[-102.93619918613417,22.034654894573695],[-102.93423921641063,22.031751681516635],[-102.95225293528654,21.997150397880652],[-102.96092675300896,21.987762414259567],[-102.96142517259983,21.976864056642803],[-102.9601976882719,21.97466377905399],[-102.94867182580556,21.95949691850442],[-102.9345987257534,21.949451152421567],[-102.94097816358509,21.922521682115217]]]}},{"type":"Feature","properties":{"clues":"MNIMB001934"},"geometry":{"type":"Polygon","coordinates":[[[-102.4777108155535,19.531630665570656],[-102.47602332550456,19.554665201501223],[-102.47183505896515,19.56111376532981],[-102.46974575749002,19.568132036246077],[-102.45124269719888,19.57142390836717],[-102.44837780984975,19.568533224892526],[-102.44084498877343,19.5669324837899],[-102.43793311449502,19.557193916685684],[-102.43980989917841,19.55213878807184],[-102.44972335953418,19.542659862675542],[-102.45044384858086,19.539482856431892],[-102.45394257503145,19.53784126414657],[-102.45631214875108,19.53457273170617],[-102.4777108155535,19.531630665570656]]]}},{"type":"Feature","properties":{"clues":"ZSIMS001246"},"geometry":{"type":"Polygon","coordinates":[[[-102.37630866006245,22.623737188158636],[-102.3848182097703,22.622102756233677],[-102.40089368512619,22.623869509983706],[-102.42033280006405,22.634797480559623],[-102.42889502351225,22.649677532855765],[-102.4296661004508,22.66497723977662],[-102.41748030770013,22.692090183349627],[-102.40701251923045,22.69206406298323],[-102.38995462845577,22.688631096394424],[-102.36980796594486,22.690932428909786],[-102.35482390832267,22.689376274433208],[-102.3380378256629,22.678181421641327],[-102.31646308832146,22.657893062072862],[-102.30994897745911,22.65755702245128],[-102.29919016125487,22.64593504812921],[-102.27770905804886,22.645809072448003],[-102.25806132437744,22.65103264390381],[-102.25062442660523,22.657462110807632],[-102.23571681612712,22.631880304505565],[-102.24314486868982,22.621301544944533],[-102.26270573048522,22.622591636710784],[-102.26523509251058,22.621183269791842],[-102.27416512777015,22.622505944052495],[-102.2991482131034,22.64580512346452],[-102.301224441627,22.616880527154482],[-102.30642306703115,22.60804768418512],[-102.30343188908613,22.593785144572152],[-102.29570741318622,22.582408693559444],[-102.30398385455202,22.567607340389667],[-102.32264498520075,22.566188127228447],[-102.32836219579482,22.55925348530939],[-102.35614321186335,22.538796813913166],[-102.36662787615609,22.537865872494205],[-102.37487157999041,22.554530084770036],[-102.35264760996284,22.59881320435482],[-102.35976559788294,22.61843078630937],[-102.37630866006245,22.623737188158636]]]}},{"type":"Feature","properties":{"clues":"MNIMS003166"},"geometry":{"type":"Polygon","coordinates":[[[-102.38982978763262,20.283502129271767],[-102.35822279531033,20.25466164008229],[-102.37616288225837,20.217717810398987],[-102.39789180572075,20.218526942664596],[-102.42436579143607,20.230478918689954],[-102.43742450973708,20.25060558042906],[-102.43701145664615,20.271963543701556],[-102.41388860804257,20.29207188484512],[-102.4079483997801,20.293707456624908],[-102.3934112254894,20.28371362925772],[-102.38982978763262,20.283502129271767]]]}},{"type":"Feature","properties":{"clues":"MNIMB001794"},"geometry":{"type":"Polygon","coordinates":[[[-102.17726219768012,19.109351642581448],[-102.1695015985153,19.113671597981313],[-102.1707748333563,19.144524461491503],[-102.16828594567531,19.159344781754605],[-102.16586144535574,19.163216980567192],[-102.13992611616523,19.16888664447018],[-102.1208492174668,19.162015733113076],[-102.11236105794885,19.155478188649173],[-102.10721982108667,19.125781385235964],[-102.10174418465668,19.11201538196589],[-102.11002232239753,19.093635652741643],[-102.11594195539655,19.089035802862334],[-102.14369456654418,19.086797759203385],[-102.16155181974644,19.044746213828546],[-102.20905194329943,19.065395443000437],[-102.19445729514297,19.09348251545942],[-102.17726219768012,19.109351642581448]]]}},{"type":"Feature","properties":{"clues":"MNIMS002232"},"geometry":{"type":"Polygon","coordinates":[[[-102.09399777173473,19.028426701057057],[-102.09497404694635,19.02659039509125],[-102.09923879103826,19.027527836870576],[-102.10265859315689,19.02223445548256],[-102.11023280309935,19.025495263573582],[-102.12236391343289,19.015850819875208],[-102.14026772759017,19.020878157122254],[-102.15963076336507,19.02956645594954],[-102.16155181974644,19.044746213828546],[-102.14369456654418,19.086797759203385],[-102.11594195539655,19.089035802862334],[-102.10532906683174,19.056934073353244],[-102.09567692581155,19.041994602910737],[-102.09700218066662,19.033875900178845],[-102.09399777173473,19.028426701057057]]]}},{"type":"Feature","properties":{"clues":"MNIMS002314"},"geometry":{"type":"Polygon","coordinates":[[[-101.83238262897694,19.24672961304884],[-101.83848775012089,19.244457429303363],[-101.87752353133341,19.24311518840249],[-101.88463764745467,19.249763620273278],[-101.90749358645398,19.2582262787355],[-101.9030050084134,19.276973601592104],[-101.87896093654395,19.29763494256098],[-101.86143747591746,19.29454855283597],[-101.85509830494883,19.29212651732594],[-101.8434973025747,19.296447214520974],[-101.84199649027086,19.29923985187108],[-101.82511543101936,19.29901216844673],[-101.79566286903928,19.267930843370568],[-101.83238262897694,19.24672961304884]]]}},{"type":"Feature","properties":{"clues":"MNIMS002915"},"geometry":{"type":"Polygon","coordinates":[[[-101.70919149368453,19.38276048335015],[-101.72051877737083,19.392088763602974],[-101.72782451484184,19.40577794039879],[-101.72741586945325,19.415542044324376],[-101.73560366358892,19.429761593485715],[-101.74358341891997,19.43783554800158],[-101.75676906533157,19.461172290076906],[-101.77882627212071,19.47141992686199],[-101.74213923316834,19.50426939591792],[-101.71823105874155,19.48795029606529],[-101.696966368739,19.498660543067928],[-101.69299966947501,19.499116899029737],[-101.67185940514027,19.49155350359733],[-101.65626642950015,19.46341015922108],[-101.65663940535038,19.459969984275137],[-101.68854587374804,19.440990678046678],[-101.69430836667195,19.4342774034822],[-101.69811374195984,19.403985275089155],[-101.69384555707758,19.399641202166016],[-101.70919149368453,19.38276048335015]]]}},{"type":"Feature","properties":{"clues":"MNIMB000435"},"geometry":{"type":"Polygon","coordinates":[[[-101.71686834949466,19.77755889174132],[-101.71913024532091,19.787017074612034],[-101.72395219755666,19.794151087377546],[-101.72635393968366,19.801458132186724],[-101.71851573031408,19.804946063348222],[-101.69731639071209,19.826106574758015],[-101.68853584809368,19.811768724357037],[-101.66161098937542,19.797880113756186],[-101.66763582296967,19.780460970991868],[-101.68799862476577,19.77362550979784],[-101.70145686174673,19.76606186574887],[-101.71686834949466,19.77755889174132]]]}},{"type":"Feature","properties":{"clues":"MNIMS002693"},"geometry":{"type":"Polygon","coordinates":[[[-101.62463563133032,19.70485454434422],[-101.6016683096202,19.706209701613943],[-101.59713848305243,19.660507285913894],[-101.60379194819376,19.657304696485536],[-101.61252342505564,19.656022626373854],[-101.62160973714141,19.674437442645875],[-101.62463563133032,19.70485454434422]]]}},{"type":"Feature","properties":{"clues":"ZSIMB001962"},"geometry":{"type":"Polygon","coordinates":[[[-101.55885765489187,21.98433457524416],[-101.5574941470604,21.99000383312988],[-101.5249199891608,22.02368900562104],[-101.52123888770029,22.0323296161975],[-101.46898485573524,22.0247156362102],[-101.46344225501271,22.012603673328744],[-101.46294617376999,22.002427190896004],[-101.46069206900184,21.994633272950743],[-101.47743432864816,21.956797766529018],[-101.5044445086576,21.932959171436963],[-101.51682922309621,21.928217187878527],[-101.54693310237595,21.92572904542399],[-101.5502574911813,21.926624604967675],[-101.5556786341171,21.932153803857428],[-101.56111171194527,21.981805937990693],[-101.55885765489187,21.98433457524416]]]}},{"type":"Feature","properties":{"clues":"MNIMB002231"},"geometry":{"type":"Polygon","coordinates":[[[-101.46916747379494,19.104705232398494],[-101.47898743979512,19.104189315724668],[-101.49717295441917,19.123334099330066],[-101.50780132605185,19.114633590142017],[-101.51576824372833,19.125267126231403],[-101.5172757240013,19.14031319642615],[-101.51559015607307,19.144651073122848],[-101.50294864505976,19.155070653027845],[-101.49209011095313,19.161383656898312],[-101.48235873062141,19.187834537989637],[-101.463091393687,19.187488473168152],[-101.45669119457337,19.161938972138028],[-101.43255469934559,19.15940685118668],[-101.4389109651053,19.14066807516416],[-101.43645175364408,19.132095896224623],[-101.42843030708194,19.122735899857055],[-101.43034576385834,19.11558486122525],[-101.42769410307403,19.09382514397772],[-101.4626156738328,19.095905485766654],[-101.46916747379494,19.104705232398494]]]}},{"type":"Feature","properties":{"clues":"MNIMS002010"},"geometry":{"type":"Polygon","coordinates":[[[-100.52696836722949,19.391313501108485],[-100.52219386204213,19.380153837580945],[-100.5348393953081,19.36440905849017],[-100.55911685381112,19.373180004730244],[-100.56329968637246,19.397324911296398],[-100.56850093114286,19.40838809277105],[-100.56924217954261,19.413803432453765],[-100.55831444194568,19.420372310111343],[-100.5515646720497,19.420566178653438],[-100.5413907844136,19.431152179081906],[-100.54219766846153,19.44164416708676],[-100.54621105980715,19.44419717070264],[-100.54729478362117,19.454989150824638],[-100.53198358226587,19.46204578374517],[-100.53073043639324,19.461794855597514],[-100.53158071084893,19.45828624823243],[-100.53592481777486,19.44717740287131],[-100.51513207781451,19.435013475048425],[-100.51022700210434,19.425474485829792],[-100.52008793131148,19.415239612371618],[-100.52696836722949,19.391313501108485]]]}},{"type":"Feature","properties":{"clues":"MCIMB005254"},"geometry":{"type":"Polygon","coordinates":[[[-100.11122836589603,18.96083264329096],[-100.0971417659304,18.938963204335586],[-100.09629978393183,18.930045743335025],[-100.10537369074632,18.924854259525496],[-100.11355498242807,18.923125535105292],[-100.12004823375031,18.919110387886835],[-100.1294453725349,18.929644829151595],[-100.12577051144204,18.947317816740192],[-100.14664959488987,18.935300370174783],[-100.14846643165957,18.936553797803008],[-100.13852400176178,18.957781480906977],[-100.14618347083861,18.9646376540662],[-100.16158577513356,18.95567362385229],[-100.17011046196062,18.95988548865067],[-100.17406698537164,18.973709364873923],[-100.1652852969915,18.986910506680726],[-100.14750309736183,18.996145640305862],[-100.11368241997992,18.99005078482208],[-100.11122836589603,18.96083264329096]]]}},{"type":"Feature","properties":{"clues":"MCIMB010731"},"geometry":{"type":"Polygon","coordinates":[[[-100.13110827242134,19.443959010961425],[-100.14312079602446,19.44732733027275],[-100.14605709612822,19.446493200057528],[-100.15820054059816,19.45377863929289],[-100.16375182525984,19.46669471482547],[-100.15598504710609,19.472000149017365],[-100.15292503842282,19.479863421085035],[-100.14900727772212,19.482248641382316],[-100.13265235034068,19.47430162489663],[-100.12770119266425,19.4806537885032],[-100.12297775233012,19.48108815059806],[-100.1093378698275,19.47469937853013],[-100.105458873684,19.476453555379127],[-100.10414690639861,19.490124054192528],[-100.10890595967744,19.495018570486938],[-100.10696278581148,19.50168479989069],[-100.0909982723981,19.50104974047569],[-100.09106954860916,19.49602616198966],[-100.08869384880805,19.492689113582127],[-100.08971156607144,19.475873151457677],[-100.06795576621504,19.47822249738507],[-100.06946713411152,19.467113327570914],[-100.07849105357745,19.455511145400436],[-100.07877620063627,19.452727550386218],[-100.08917777186964,19.447046162042106],[-100.09881037758734,19.453295304872974],[-100.11436485222347,19.454027227805454],[-100.11777368701028,19.453446392394838],[-100.13110827242134,19.443959010961425]]]}},{"type":"Feature","properties":{"clues":"MCIMB007576"},"geometry":{"type":"Polygon","coordinates":[[[-100.06567022638863,19.407955676743313],[-100.06336536842596,19.417404675687465],[-100.05490792112478,19.431391414154557],[-100.0356712151121,19.42494309922905],[-100.02820062272473,19.429051563555696],[-100.01666179053424,19.42438407692493],[-100.01530124385,19.40369137224932],[-100.03476895453743,19.404271978938812],[-100.03694977253782,19.401595323787017],[-100.04046788868,19.390155541078435],[-100.05366201409248,19.38295577857971],[-100.07279609993805,19.386491365541847],[-100.07246981229287,19.39748619398444],[-100.06567022638863,19.407955676743313]]]}},{"type":"Feature","properties":{"clues":"MCIMB004776"},"geometry":{"type":"Polygon","coordinates":[[[-99.99988993123257,19.71157691887236],[-99.99519620821849,19.70570061930912],[-99.9729221022024,19.703626509897756],[-99.97749352853403,19.69235611390058],[-99.99027598925052,19.687468527891216],[-99.99745515438082,19.671624760762548],[-100.01275360008101,19.681088645889712],[-100.0212312471082,19.680409558090048],[-100.03207655719656,19.702790200540772],[-100.02964206049434,19.707155448593472],[-100.01165923938788,19.704090838835253],[-100.00292191811782,19.710820105131994],[-99.99988993123257,19.71157691887236]]]}},{"type":"Feature","properties":{"clues":"MCIMB003311"},"geometry":{"type":"Polygon","coordinates":[[[-99.92004395959059,19.720710025327552],[-99.93667935678306,19.724305820593273],[-99.95190810619819,19.742293405602744],[-99.9499176519474,19.74637658103345],[-99.94525671216368,19.750284483056873],[-99.94277743171094,19.76322053339098],[-99.93343109748075,19.76470219961133],[-99.92222646577905,19.77267679430974],[-99.91938552960775,19.773085145651237],[-99.9109531065166,19.78477731669971],[-99.89391707624164,19.77154226626102],[-99.8886105120057,19.759814505049405],[-99.88894629179005,19.756767844340008],[-99.89841959244947,19.757350487266613],[-99.92234989796778,19.744798382882166],[-99.92357051925485,19.74153263537555],[-99.91534775027993,19.732642869678553],[-99.91667931841933,19.723673780664445],[-99.92004395959059,19.720710025327552]]]}},{"type":"Feature","properties":{"clues":"MCIMB004805"},"geometry":{"type":"Polygon","coordinates":[[[-99.91950282614516,19.638741300470535],[-99.90713914479292,19.635262269615488],[-99.90729757074398,19.631643059777247],[-99.92231126258248,19.620270845749292],[-99.92960088370258,19.623395178332814],[-99.93981136849939,19.622358554011406],[-99.94441899499631,19.641110466558835],[-99.93603796140629,19.650668944400383],[-99.92415149163695,19.634874459918635],[-99.91950282614516,19.638741300470535]]]}},{"type":"Feature","properties":{"clues":"MCIMB002722"},"geometry":{"type":"Polygon","coordinates":[[[-99.80351451043691,19.558224932843295],[-99.78752929286054,19.576789159516846],[-99.78225124919659,19.573085461334085],[-99.77754656472396,19.55412970982564],[-99.8015726676873,19.549845362927183],[-99.80351451043691,19.558224932843295]]]}},{"type":"Feature","properties":{"clues":"MCIMB003200"},"geometry":{"type":"Polygon","coordinates":[[[-99.74776470618004,19.537207920971948],[-99.73851834421623,19.53810372997127],[-99.73247551829726,19.54790242752844],[-99.70834418234053,19.545022412623833],[-99.70364482509812,19.53695306645539],[-99.68702482887633,19.546208175821583],[-99.66890512018638,19.532275004464125],[-99.6694456877599,19.526692750431103],[-99.70176487458207,19.516961226761943],[-99.70754357075445,19.520545443956117],[-99.71395625514428,19.518129060433793],[-99.71976871667624,19.511872016812326],[-99.73376805387244,19.50646258238638],[-99.75571558498766,19.524262186689153],[-99.74776470618004,19.537207920971948]]]}},{"type":"Feature","properties":{"clues":"MCIMB007033"},"geometry":{"type":"Polygon","coordinates":[[[-99.7263344217002,19.265011671520764],[-99.71988904509837,19.266835961640577],[-99.7118022912466,19.278700255523],[-99.7065838186761,19.276244947430197],[-99.70557823335814,19.264259892863507],[-99.71033442301876,19.257627479250225],[-99.71471298212731,19.255557328120613],[-99.7174462613534,19.24982100355344],[-99.7206693098858,19.24821807441045],[-99.72933101579498,19.26093460451691],[-99.7263344217002,19.265011671520764]]]}},{"type":"Feature","properties":{"clues":"MCIMB007004"},"geometry":{"type":"Polygon","coordinates":[[[-99.68831519136351,19.325476029165134],[-99.69178526730299,19.316278260642484],[-99.69716841877747,19.31376172382675],[-99.7050745865622,19.314717232143646],[-99.70765939068113,19.317283464503515],[-99.70696802208644,19.32933524147823],[-99.71097446350102,19.33487648700558],[-99.70472132670771,19.345114596282762],[-99.69347193970441,19.353420728089926],[-99.69382901749033,19.369125755247204],[-99.6911625486798,19.370206997422212],[-99.68243591135551,19.355374885089],[-99.68036920284975,19.34500648619158],[-99.66908210409376,19.3410438540727],[-99.6675396752284,19.33692075178969],[-99.67101167607525,19.32959136552027],[-99.67407154330724,19.32841351251601],[-99.67965844485514,19.33074608461441],[-99.68831519136351,19.325476029165134]]]}},{"type":"Feature","properties":{"clues":"MCIMB007115"},"geometry":{"type":"Polygon","coordinates":[[[-99.63571747666698,19.4485375344914],[-99.6414211291063,19.443394414703768],[-99.65484191368705,19.445529309534084],[-99.65666842223088,19.4568479169908],[-99.66794649123707,19.461820446274476],[-99.68135302243853,19.460276458071302],[-99.68018615759445,19.46571015621678],[-99.66267668771741,19.498683769601495],[-99.65451286031852,19.50209248873319],[-99.64821304858972,19.501600765958965],[-99.63751393788534,19.491372898922926],[-99.6392134341491,19.48299828676537],[-99.65016286760384,19.459023404386887],[-99.63589182276338,19.45043375005501],[-99.63571747666698,19.4485375344914]]]}},{"type":"Feature","properties":{"clues":"MCIMB005855"},"geometry":{"type":"Polygon","coordinates":[[[-99.57896658744292,19.489199904648608],[-99.57183783585768,19.481086934792888],[-99.57327741858599,19.475334013689466],[-99.5716804363041,19.468770434754486],[-99.57900123085071,19.46534071879917],[-99.58469984186956,19.4692462925081],[-99.58426944783953,19.478791749530977],[-99.59184475550404,19.482057131776262],[-99.59071490104628,19.492645912793588],[-99.57896658744292,19.489199904648608]]]}},{"type":"Feature","properties":{"clues":"MCIMB003550"},"geometry":{"type":"Polygon","coordinates":[[[-99.51244770825683,18.970457611909023],[-99.51078444144369,18.979905979401497],[-99.51967677229162,18.9924642841016],[-99.5242256155121,18.99532379522765],[-99.52732078850389,19.0012498116305],[-99.52098828779918,19.02398383587585],[-99.51671422300637,19.023096529801933],[-99.49412929982026,19.024982018353953],[-99.48460587340752,19.005494571806985],[-99.46021720548801,19.000476735134804],[-99.45045682292816,18.98095560061042],[-99.45300655837269,18.961240181121614],[-99.44858489367287,18.954598929328817],[-99.44920697108192,18.95122957997018],[-99.45626221386917,18.937990817645403],[-99.46507339148553,18.93468786302371],[-99.4802932341479,18.94200595215931],[-99.48844128662903,18.95089596214286],[-99.49138449358507,18.949022629702373],[-99.49782419386551,18.949563666163353],[-99.50022303181856,18.960833130778067],[-99.5094037741371,18.963793205946526],[-99.51244770825683,18.970457611909023]]]}},{"type":"Feature","properties":{"clues":"MCIMB004233"},"geometry":{"type":"MultiPolygon","coordinates":[[[[-99.46162866124868,19.27081240194646],[-99.46527916857288,19.272281432926302],[-99.46648883744844,19.278897928102488],[-99.46502994608615,19.281321045304562],[-99.45787344126818,19.28468208266353],[-99.44281956606002,19.28414229227498],[-99.44989086538516,19.276965800190112],[-99.45479787491516,19.275547585924173],[-99.46162866124868,19.27081240194646]]],[[[-99.38629308286522,19.288458570064293],[-99.3865687294644,19.28341520109874],[-99.42601972074002,19.28172941487537],[-99.4350746998889,19.31191817979955],[-99.43442790570832,19.31328705991477],[-99.4326398975044,19.314189849775712],[-99.41123177462195,19.30962647690963],[-99.39735539980389,19.30886556185085],[-99.38629308286522,19.288458570064293]]]]}},{"type":"Feature","properties":{"clues":"MCIMB002500"},"geometry":{"type":"MultiPolygon","coordinates":[[[[-98.91362334235394,19.323733594621736],[-98.90975118954083,19.324012964440694],[-98.90571418558206,19.32892363241533],[-98.90155798292732,19.326081594621144],[-98.90794202152748,19.317849042183354],[-98.91459937197547,19.31809752814472],[-98.91526726007085,19.320101993504366],[-98.91362334235394,19.323733594621736]]],[[[-98.91526128177146,19.32567193651135],[-98.91991573294496,19.326508009704465],[-98.92051702217356,19.32724472550182],[-98.91580855018552,19.327978989978728],[-98.91526128177146,19.32567193651135]]]]}},{"type":"Feature","properties":{"clues":"MCIMB001626"},"geometry":{"type":"Polygon","coordinates":[[[-98.82956137221558,19.256809231131793],[-98.83198897247928,19.2605711958438],[-98.82989880427195,19.268245549278735],[-98.82211080795719,19.268815892855603],[-98.81984985347522,19.267138662027445],[-98.8148734139914,19.26711843925341],[-98.80601771747732,19.2773798675172],[-98.79602352940937,19.297717667891437],[-98.78696859113522,19.297459760471117],[-98.74618185870717,19.270825247566588],[-98.76987416600895,19.252057572074527],[-98.78787314773338,19.243321961711114],[-98.79754907482285,19.245169072457962],[-98.80604333022382,19.24989895175967],[-98.81985139028535,19.246807710603576],[-98.82398684356143,19.243001452702824],[-98.83421583906052,19.245122157022895],[-98.83467570388179,19.248973265179163],[-98.82956137221558,19.256809231131793]]]}},{"type":"Feature","properties":{"clues":"MCIMB004554"},"geometry":{"type":"Polygon","coordinates":[[[-98.80995632979275,19.008317999945785],[-98.80979121737253,19.0185682883347],[-98.80557621271845,19.02595551708463],[-98.80512342815872,19.030720593711038],[-98.80773323733838,19.034861557066886],[-98.81100162727606,19.03647203439013],[-98.8135482896468,19.03605582903676],[-98.8206275386814,19.045376724879503],[-98.80873641814455,19.052454543435143],[-98.80811106767621,19.06456023403342],[-98.79939471571855,19.065918400840303],[-98.79079152213771,19.070967281276964],[-98.78222457143318,19.066051731202858],[-98.78416089876862,19.05367955922523],[-98.77926307659988,19.042690031416203],[-98.77952724206258,19.040335068834704],[-98.79256287520919,19.03068390232569],[-98.79433825825572,19.027164864636244],[-98.79397625530213,19.021977792510974],[-98.79707078471921,19.020638183428236],[-98.80382877734031,19.011309241590205],[-98.80995632979275,19.008317999945785]]]}},{"type":"Feature","properties":{"clues":"MCIMB001141"},"geometry":{"type":"Polygon","coordinates":[[[-98.7827287191817,19.010771500232774],[-98.78822000995673,19.0190151338588],[-98.79397625530213,19.021977792510974],[-98.79433825825572,19.027164864636244],[-98.79256287520919,19.03068390232569],[-98.77960540993226,19.040187505095954],[-98.77926307659988,19.042690031416203],[-98.76470137940775,19.04171824714321],[-98.74824099045973,19.03362380274644],[-98.73534464239889,19.04255572513321],[-98.7194105544706,19.042934492500645],[-98.71615446132752,19.042448140288712],[-98.6447907049661,19.000721423883228],[-98.65516014522287,18.988742158669556],[-98.73277859272822,18.98439275865309],[-98.7553613944712,18.98852505326435],[-98.76109376616255,18.99424941368592],[-98.76561515559462,18.99637393207753],[-98.77236110246955,18.99166173044363],[-98.77298700573617,19.010736878970857],[-98.7827287191817,19.010771500232774]]]}},{"type":"Feature","properties":{"clues":"MCIMB006350"},"geometry":{"type":"Polygon","coordinates":[[[-98.7428943975486,19.52254383226618],[-98.73884337212431,19.52018610462695],[-98.74075000134158,19.496105387458776],[-98.75843445976824,19.509730871053396],[-98.76209668471505,19.510690890170686],[-98.7764306810084,19.50790311796017],[-98.78448118448023,19.513002447109848],[-98.78871347919018,19.51873076722732],[-98.77346247596014,19.535962562819552],[-98.76840331844262,19.534628389024597],[-98.76097944938488,19.53695443870765],[-98.74998144641182,19.523698578855356],[-98.7428943975486,19.52254383226618]]]}},{"type":"Feature","properties":{"clues":"MNIMB003713"},"geometry":{"type":"Polygon","coordinates":[[[-101.45629095050403,19.040685785991784],[-101.46471389213025,19.056892935723315],[-101.48055488788415,19.062742312506334],[-101.4637213215683,19.07980790054368],[-101.46225149499689,19.08381525126363],[-101.4626156738328,19.095905485766654],[-101.42769410307403,19.09382514397772],[-101.42351905763104,19.0897091267048],[-101.41184990394783,19.087193838294603],[-101.39211960457514,19.07736062736081],[-101.387479304736,19.06648725835448],[-101.39564583661527,19.06133043387083],[-101.38969489588612,19.053815990013778],[-101.3944525057363,19.04513283895142],[-101.39352437005482,19.039025140373447],[-101.40426239623088,19.028407003965754],[-101.40566375282995,19.018490966348537],[-101.40050914973645,19.008500684434214],[-101.39966708548313,18.99776552186668],[-101.39225837803036,18.982688132494463],[-101.40490139006343,18.96623136632976],[-101.42449038917518,18.97613267231393],[-101.44163487717923,18.971411874228878],[-101.4522531219682,18.97533642373068],[-101.45814604696683,19.001027307453093],[-101.44614150099495,19.009728278978486],[-101.44396688983646,19.037849462040374],[-101.45629095050403,19.040685785991784]]]}},{"type":"Feature","properties":{"clues":"MNIMB001543"},"geometry":{"type":"Polygon","coordinates":[[[-101.26645862559157,19.759699174801355],[-101.29875316748125,19.737009669600177],[-101.30143220330298,19.73344453939932],[-101.31363792165254,19.730684013104447],[-101.3451403193634,19.75371648634912],[-101.35535486610237,19.748578607117445],[-101.36283252661444,19.740691026978773],[-101.37002797666214,19.742733240050917],[-101.38712088759331,19.75889986329628],[-101.38822253699837,19.7773808655139],[-101.38368268728846,19.782063747335524],[-101.37920410392286,19.792080608471647],[-101.37668855686017,19.806706716580567],[-101.33859333769774,19.803610115135992],[-101.33211076351752,19.805487546151294],[-101.32046608760037,19.789315169148235],[-101.29339918586258,19.78582693973871],[-101.28573615804046,19.783307158254036],[-101.26645862559157,19.759699174801355]]]}},{"type":"Feature","properties":{"clues":"MNIMB001490"},"geometry":{"type":"MultiPolygon","coordinates":[[[[-101.2457357361325,19.690170966474597],[-101.24441383373043,19.70200766454413],[-101.24148534515638,19.708602321519276],[-101.24268921722273,19.709640496172558],[-101.24953348035005,19.707361667276654],[-101.250971720072,19.708319844960904],[-101.24907665436221,19.71692901692481],[-101.2538203258653,19.72085810961725],[-101.25933800281094,19.731036300871548],[-101.25880610386231,19.736378791775902],[-101.26577492568752,19.75985752834161],[-101.25851402693672,19.761017108732066],[-101.2469891895795,19.75367636081118],[-101.23940173390632,19.7409160599357],[-101.22943938975783,19.734557048002593],[-101.228165384684,19.735840413295314],[-101.22229937979091,19.736034641108233],[-101.2218654338215,19.73123993489486],[-101.21545780971876,19.729071313051023],[-101.21779086718584,19.726101133795826],[-101.22385227451794,19.727804224038522],[-101.22494658530405,19.726999337586356],[-101.21988125479727,19.722417342664684],[-101.22096200900562,19.719007419632327],[-101.21679387828914,19.717954819756933],[-101.21601358784223,19.71436573878255],[-101.21171569280523,19.708816673705183],[-101.21407749277547,19.70269479732893],[-101.21629403869923,19.702100831825575],[-101.2179122513327,19.697510622656285],[-101.22155951263174,19.69689742839548],[-101.22325011620912,19.69222254096375],[-101.22553945863001,19.691982584363487],[-101.22886874721922,19.695650189740565],[-101.23201223023727,19.694479398735798],[-101.22883716444208,19.68358746781649],[-101.23508851258106,19.67849763649562],[-101.23628113291696,19.679278642585203],[-101.24469201730987,19.675843789193287],[-101.24894329555889,19.669713907628907],[-101.25247013530372,19.67851885173796],[-101.24697427060673,19.678736762670084],[-101.24377877734693,19.68364831840459],[-101.24696884348283,19.686034270551318],[-101.24748350925377,19.68880202444854],[-101.2457357361325,19.690170966474597]]],[[[-101.35303485806902,19.680106571373575],[-101.36677821365006,19.6819685641641],[-101.3722923629836,19.686500234179082],[-101.37906738958733,19.701666347858854],[-101.36333236644488,19.713517954161667],[-101.34674400102483,19.69843791422558],[-101.35303485806902,19.680106571373575]]]]}},{"type":"Feature","properties":{"clues":"MNIMB003602"},"geometry":{"type":"Polygon","coordinates":[[[-101.1623899529786,19.712697663558455],[-101.16437602976569,19.716789943383656],[-101.16668596461257,19.7163313246241],[-101.17482527566467,19.725834214275604],[-101.17189568855547,19.73141640686892],[-101.17342708902801,19.734632365749846],[-101.17753584367169,19.736847533696302],[-101.17606080417374,19.743596131019284],[-101.16984111331405,19.74221128022394],[-101.16913391621068,19.74770399436426],[-101.15975592159644,19.74892867269291],[-101.15980075719291,19.751557707355083],[-101.15412515812861,19.75604055572724],[-101.15097050255173,19.754794147306534],[-101.15077530426458,19.74871762124755],[-101.14796398209018,19.745150991431235],[-101.14503111104175,19.74408209420202],[-101.143008839141,19.74645685733253],[-101.14048912014785,19.745756723723474],[-101.13871599991569,19.74230416628342],[-101.13571069416747,19.744382157614908],[-101.13565804160876,19.747162460157888],[-101.13163513873862,19.747519650959315],[-101.13239001905055,19.74267477906664],[-101.12993330332294,19.738910216942436],[-101.12510064042999,19.742181665377245],[-101.12159268430602,19.75073862845154],[-101.11193941616419,19.746193157530406],[-101.10544361575305,19.74498328053879],[-101.10643701249883,19.735894985887125],[-101.11118322804853,19.73263553530278],[-101.12448221954409,19.708544245923484],[-101.12582677092053,19.707862539483543],[-101.13905933073272,19.722804745099968],[-101.14328171136455,19.72562410470172],[-101.14681617364631,19.72258718772101],[-101.1527508188481,19.723540178268134],[-101.15568312854201,19.720776528414692],[-101.1568365274035,19.715687232571007],[-101.16020637005178,19.712508435026866],[-101.1623899529786,19.712697663558455]]]}},{"type":"Feature","properties":{"clues":"MNIMB000056"},"geometry":{"type":"Polygon","coordinates":[[[-101.06282422940312,19.788874888188225],[-101.05678946239456,19.806758814159323],[-101.05431850722505,19.807748172760064],[-101.04850624995055,19.808117014651728],[-101.04148767781113,19.804266392116944],[-101.03623335640064,19.794123553194723],[-101.04902925412911,19.787207025852286],[-101.06019036334071,19.783617890587884],[-101.06282422940312,19.788874888188225]]]}},{"type":"Feature","properties":{"clues":"SPIMS000615"},"geometry":{"type":"Polygon","coordinates":[[[-100.87500936328976,23.505369622639556],[-100.88547438324764,23.517028623390082],[-100.90026005852035,23.520518888311013],[-100.91478458230524,23.519497715721887],[-100.92147093704062,23.5396028492622],[-100.93456417146848,23.566419081973123],[-100.9065689018557,23.571067969904156],[-100.899195278324,23.56232934728135],[-100.88032564173973,23.550024448364933],[-100.87403806864135,23.555889070766057],[-100.86727313524837,23.557366088939972],[-100.86493443046615,23.580956925083964],[-100.85831607027187,23.59042637129999],[-100.84724676151878,23.59175901126153],[-100.82721225874333,23.61422667121396],[-100.82251563656733,23.61677726866599],[-100.81670013058235,23.61335818014779],[-100.79394646125061,23.56828791122246],[-100.81466568991989,23.55543923720461],[-100.81900644066377,23.54902161526381],[-100.81565304536109,23.527292841214788],[-100.7987875389223,23.495408872686685],[-100.80847152850147,23.485895273105974],[-100.84638472321559,23.4937151563416],[-100.85520444061945,23.50384846803528],[-100.87500936328976,23.505369622639556]]]}},{"type":"Feature","properties":{"clues":"TSIMS000882"},"geometry":{"type":"Polygon","coordinates":[[[-99.48490865382956,24.302589898400143],[-99.49723236331702,24.311433389627016],[-99.4964424147528,24.31759186534113],[-99.50749161327794,24.326889667665913],[-99.47523765750105,24.349801362956185],[-99.42967585653236,24.339336212670112],[-99.44990566647742,24.30938194190901],[-99.47845729649737,24.29572795393866],[-99.48485791746887,24.300893388604543],[-99.48490865382956,24.302589898400143]]]}},{"type":"Feature","properties":{"clues":"TSIMS001541"},"geometry":{"type":"Polygon","coordinates":[[[-99.21419755443685,23.821351743247035],[-99.23957473253,23.808868178729224],[-99.27975630296501,23.83229010580564],[-99.22121548868893,23.883443887291893],[-99.2388110296916,23.896162278899567],[-99.24409754329407,23.910592351920915],[-99.23106407975517,23.916431012358974],[-99.21261580372135,23.91832641450448],[-99.21029091429709,23.920346221446252],[-99.20007060191028,23.915079387830612],[-99.19620292487514,23.899516059725652],[-99.16308061767732,23.900123546490104],[-99.15604323496922,23.885060412251434],[-99.14536243590322,23.871807096827524],[-99.11864067252905,23.880899322245323],[-99.11503972245677,23.86538255519867],[-99.11981717959239,23.85991099607902],[-99.12990337996771,23.85866452641299],[-99.13897733170644,23.862476593235925],[-99.13716113625476,23.83648615314491],[-99.14024615517829,23.834514070333967],[-99.14405629343138,23.823736466165833],[-99.14883490763701,23.81968705451118],[-99.15975508721509,23.818252753690803],[-99.1754355363497,23.820124763008444],[-99.18102947914564,23.822586978727163],[-99.21419755443685,23.821351743247035]]]}},{"type":"Feature","properties":{"clues":"TSIMB002025"},"geometry":{"type":"Polygon","coordinates":[[[-99.14346854776535,23.743143685349718],[-99.145464691561,23.742251207792656],[-99.14768742335607,23.744107798625937],[-99.14535473186389,23.75161218677895],[-99.14209265612665,23.751932237513433],[-99.14011232275192,23.75391069406269],[-99.14280059426699,23.757988981468856],[-99.14274082494637,23.761750671752026],[-99.13976473697504,23.76617648625069],[-99.13675703271186,23.763339660592532],[-99.12912491648024,23.762626924523246],[-99.12927798281491,23.760171569997507],[-99.12485870115319,23.75377915033472],[-99.12329944841001,23.754180123076036],[-99.11871670743923,23.750841102804266],[-99.11978115857488,23.74444919310666],[-99.12395539019029,23.740203049247114],[-99.12466159270922,23.735494868620933],[-99.12987753325838,23.735984928671094],[-99.13165218701089,23.740088382445556],[-99.1342380968438,23.740531749155284],[-99.1365548630213,23.738954170662616],[-99.14346854776535,23.743143685349718]]]}},{"type":"Feature","properties":{"clues":"TSIMB000280"},"geometry":{"type":"Polygon","coordinates":[[[-98.78404398243532,23.643374975591183],[-98.83796831521747,23.61191880185387],[-98.85332661772908,23.609310924474247],[-98.85804875734253,23.61096268118654],[-98.87032661426818,23.633655815378855],[-98.872011831999,23.665038568172722],[-98.87852473929983,23.673273339549116],[-98.87733280120307,23.68075386975938],[-98.88517983344667,23.699827351609958],[-98.90605599663888,23.709328124238752],[-98.8944789241934,23.7416731521801],[-98.88909505554976,23.741523949463673],[-98.85748814409031,23.749387171439682],[-98.83331562431145,23.774243674772528],[-98.80866854356947,23.78729911378275],[-98.7825422290959,23.838510813941507],[-98.78203545640952,23.869599790438052],[-98.77418833686755,23.878683726197927],[-98.7669729946366,23.89558115677143],[-98.76204637418228,23.933378571226655],[-98.73015857363427,23.968068240965103],[-98.65692953280045,24.037658145996367],[-98.58183163542193,24.000239073870492],[-98.5907947731446,23.891634865830582],[-98.58836897903075,23.875185454358338],[-98.50387928868244,23.845514844406978],[-98.47279250591706,23.786400701831223],[-98.48730499341524,23.704493912614744],[-98.52878933342369,23.70603105473594],[-98.56926268745417,23.613156616825115],[-98.59849874961304,23.616519102818124],[-98.604632156953,23.608222126672192],[-98.6243994799547,23.596633924502836],[-98.64699353227407,23.614692397968973],[-98.66703498688946,23.61299946151981],[-98.68186533357502,23.609131940971157],[-98.67770496143876,23.590646960634672],[-98.68925143525895,23.577109970722724],[-98.72411492153718,23.558976859589553],[-98.73228476060503,23.615240877292706],[-98.7587492429894,23.61787075101383],[-98.78404398243532,23.643374975591183]]]}},{"type":"Feature","properties":{"clues":"TSIMB000275"},"geometry":{"type":"Polygon","coordinates":[[[-98.70959367974669,26.268166059328117],[-98.69270928037993,26.26489445547927],[-98.72045118490647,26.24325789184421],[-98.73350033368206,26.223484555752897],[-98.73288326015891,26.25962310699177],[-98.72973665946157,26.27056435818332],[-98.71882233206738,26.288026851092123],[-98.71498377049082,26.286098369012453],[-98.70721115210839,26.289180291817306],[-98.70103572150613,26.285559852388058],[-98.69967498028079,26.280439908842666],[-98.70161298017463,26.27751677910223],[-98.71287288018205,26.2790350289425],[-98.71832551953514,26.277659979439004],[-98.720026920439,26.27584287958191],[-98.71892186032619,26.27179061967592],[-98.70959367974669,26.268166059328117]]]}},{"type":"Feature","properties":{"clues":"OCIMB003582"},"geometry":{"type":"Polygon","coordinates":[[[-97.67954163427528,15.962109285800295],[-97.74470705016715,15.973853539754645],[-97.76699273954938,15.976341199877021],[-97.78527636281494,15.980638102378936],[-97.78945001933438,15.982694542912592],[-97.7935951801647,15.98979131972981],[-97.81118374683089,16.00142191947727],[-97.75407777565346,16.00726579300022],[-97.75196056386469,16.009533502116348],[-97.73256592569636,16.00931353705741],[-97.72517781527566,16.00773302635482],[-97.7085207853412,15.996930743180071],[-97.68893507426833,16.0019413394653],[-97.67403173872964,16.002158271230176],[-97.6587580025643,16.0133323427402],[-97.62465485683721,16.011883723459672],[-97.5976788266037,15.982323879990956],[-97.59757548501379,15.970891683654594],[-97.62569926268212,15.976334706999957],[-97.65835917978251,15.977658309562372],[-97.66979302186974,15.974516588842524],[-97.67545078467512,15.96982131657361],[-97.676250283899,15.967322882159802],[-97.67493682065376,15.966430585399719],[-97.67815871854708,15.967522261631798],[-97.67834504064295,15.96617968874228],[-97.67464232281534,15.965452428322582],[-97.67673387023972,15.963448922471454],[-97.67954163427528,15.962109285800295]]]}},{"type":"Feature","properties":{"clues":"OCIMB006983"},"geometry":{"type":"Polygon","coordinates":[[[-97.90341196805545,17.68391746841435],[-97.92896292804126,17.64914777832605],[-97.93385658879492,17.63951009724404],[-97.97511176831864,17.641196105287914],[-97.98214742269478,17.675463991150917],[-97.96914832776969,17.683321869969973],[-97.97098524216113,17.70792366336916],[-97.98926780535379,17.707145927997647],[-98.00212347861749,17.732766316471125],[-98.00192815086955,17.737030702589102],[-97.99840896379568,17.741564531744373],[-97.97150449895705,17.75247821800477],[-97.94018957228003,17.740764187168747],[-97.93407492893827,17.728199241531872],[-97.9208671534095,17.719651859893688],[-97.91148109207896,17.706954656969224],[-97.90341196805545,17.68391746841435]]]}},{"type":"Feature","properties":{"clues":"OCIMS002352"},"geometry":{"type":"Polygon","coordinates":[[[-97.89261103754856,17.368569040983132],[-97.90455913300188,17.35482159185608],[-97.91560568805494,17.353032990159036],[-97.91748307332283,17.35104411814593],[-97.9305244093068,17.351347979107707],[-97.95695041487284,17.379893466685928],[-97.95863631248767,17.38730864799248],[-97.93626283950401,17.403886989977753],[-97.89649094004668,17.420959024878528],[-97.90023527324135,17.378342402423744],[-97.89261103754856,17.368569040983132]]]}},{"type":"Feature","properties":{"clues":"PLIMS002365"},"geometry":{"type":"Polygon","coordinates":[[[-97.88501517885474,18.046773271230098],[-97.89625850241814,18.056428386707463],[-97.88894429213721,18.072875022904498],[-97.85477825465846,18.075515115318588],[-97.85294677177131,18.08711224066011],[-97.8290515103486,18.11101183296522],[-97.8224514258613,18.109838384246455],[-97.81252724687349,18.10392325320844],[-97.79082313786878,18.105332926831558],[-97.77768156920699,18.076829499265866],[-97.80444545578223,18.04942091079018],[-97.80222185735093,18.03395256760236],[-97.83412965241078,18.022594242962747],[-97.8398602776095,18.026033188755346],[-97.85512749704858,18.02838004941629],[-97.8728068792721,18.01522640399758],[-97.88088960502357,18.01751341156946],[-97.88995975015705,18.010106938783416],[-97.91558947571743,18.01059258001774],[-97.91545563805948,18.01948080475114],[-97.90339385387965,18.027197870373247],[-97.88385492534503,18.02314066416021],[-97.88501517885474,18.046773271230098]]]}},{"type":"Feature","properties":{"clues":"OCIMB002351"},"geometry":{"type":"Polygon","coordinates":[[[-97.84991820861724,17.449259269287683],[-97.81583092065532,17.45159446194281],[-97.79798838385969,17.456933961513347],[-97.78595246472706,17.46774627292743],[-97.76239820813196,17.47503681370764],[-97.77940686208687,17.448791736594735],[-97.78730730966001,17.445337056742208],[-97.79068325965693,17.440405558514666],[-97.79068067119455,17.4214314822117],[-97.80322493906667,17.39276461942087],[-97.81129420943026,17.3962604112212],[-97.81315220045693,17.3983980215328],[-97.84991820861724,17.449259269287683]]]}},{"type":"Feature","properties":{"clues":"OCIMS003670"},"geometry":{"type":"Polygon","coordinates":[[[-97.77753909321737,16.892345713671734],[-97.7562441791299,16.907232585432254],[-97.77101904495872,16.914269969623238],[-97.786294084264,16.912424708352667],[-97.79248149672404,16.927833244558606],[-97.81130227048651,16.931549618332134],[-97.81214508218102,16.93603803635205],[-97.79075405985914,16.96421962132845],[-97.7774256113996,16.96810469510196],[-97.77195476111542,16.967076558056895],[-97.75589306878935,16.94664080770566],[-97.751996590865,16.94472125287763],[-97.7473464831846,16.907136717088747],[-97.74973825901802,16.87975092978116],[-97.74893397222169,16.876402922002054],[-97.75472637678142,16.865148626227022],[-97.76405954047128,16.860142284673035],[-97.78170804696687,16.863556013671804],[-97.78264011315173,16.86715617386607],[-97.77340058755608,16.88244324825736],[-97.77753909321737,16.892345713671734]]]}},{"type":"Feature","properties":{"clues":"OCIMS001256"},"geometry":{"type":"Polygon","coordinates":[[[-97.51113787640894,17.52711174760942],[-97.54320305255753,17.524525220166],[-97.54641340269505,17.55120469129358],[-97.55248679532802,17.55998966635029],[-97.5520570987298,17.60397873760632],[-97.5832587636497,17.62077057998949],[-97.56281880127966,17.644565168448956],[-97.55514852844924,17.651100275933434],[-97.54933786621983,17.653794632601528],[-97.51993270527039,17.645761819257118],[-97.50599052612019,17.62681930931904],[-97.4964451550995,17.62542365510751],[-97.486008251235,17.616782193662853],[-97.47958461204624,17.60049339343642],[-97.50039049201506,17.574111614468578],[-97.50324893382779,17.555567645359496],[-97.49756140708844,17.54153718254342],[-97.51113787640894,17.52711174760942]]]}},{"type":"Feature","properties":{"clues":"OCIMS002953"},"geometry":{"type":"Polygon","coordinates":[[[-97.4960471822151,16.955123338053173],[-97.50893681867453,16.95156075278553],[-97.52260401788305,16.963584405776018],[-97.52143058941658,16.971579666164867],[-97.53785322568157,16.98657167006116],[-97.51959965237384,16.99772104646654],[-97.51749394057565,17.015321511626624],[-97.52785161049889,17.032936326637063],[-97.51213361322618,17.053121044094443],[-97.4945042801221,17.05290214552225],[-97.48628515232332,17.048334199034766],[-97.47816978205128,17.039731939326725],[-97.47872492675289,17.032938942299324],[-97.47324825109186,17.02147613277624],[-97.47584051994578,17.01653207954448],[-97.47797151748655,17.000407226823324],[-97.48875832674193,16.999723370045754],[-97.49920551159904,16.98232581331113],[-97.502530799494,16.981180730254245],[-97.4960471822151,16.955123338053173]]]}},{"type":"Feature","properties":{"clues":"OCIMB006382"},"geometry":{"type":"Polygon","coordinates":[[[-97.41321032684387,16.219771522795746],[-97.47002356679478,16.187201844606435],[-97.48151828169117,16.200912832196607],[-97.50226355896945,16.19910353540962],[-97.52586652191546,16.254610333254178],[-97.4851546057374,16.258125296291407],[-97.48057003050957,16.267496739788335],[-97.46017315581442,16.29854102504516],[-97.41422454452328,16.27443618619258],[-97.42346303449177,16.232703528430015],[-97.41321032684387,16.219771522795746]]]}},{"type":"Feature","properties":{"clues":"PLIMB005140"},"geometry":{"type":"Polygon","coordinates":[[[-97.37538979599036,18.435203213309467],[-97.37528969217774,18.44334368452776],[-97.36607228640915,18.452877732861303],[-97.36035936274982,18.453267003426756],[-97.34213901858752,18.463600987990276],[-97.3321664232708,18.466690134642445],[-97.3271954282609,18.45110532950642],[-97.3212949097729,18.446021398966142],[-97.32203524268796,18.422973916129877],[-97.33472474090742,18.413191063257198],[-97.3480168718136,18.41551945924111],[-97.34817112801687,18.424281500309927],[-97.35323211258937,18.424600188732583],[-97.36460426294859,18.422023699106717],[-97.36636598994332,18.430979055998037],[-97.37538979599036,18.435203213309467]]]}},{"type":"Feature","properties":{"clues":"OCIMB005093"},"geometry":{"type":"Polygon","coordinates":[[[-97.15594720191888,16.752146473242714],[-97.10077350228839,16.669507764500242],[-97.11817890035906,16.64111821216251],[-97.134633971827,16.637488338302177],[-97.1459701765979,16.639692476950227],[-97.16106499296203,16.647887523480794],[-97.22136806250572,16.650667313980936],[-97.2253107367398,16.66034249164777],[-97.22184530036553,16.707550949520275],[-97.24302864364486,16.70604595558334],[-97.27060957803081,16.71542254874238],[-97.27586314364268,16.721171000882308],[-97.2491927185388,16.743862659068608],[-97.24011353852585,16.739556736549385],[-97.19831011044269,16.7491022123825],[-97.18815374019937,16.740300229296533],[-97.15594720191888,16.752146473242714]]]}},{"type":"Feature","properties":{"clues":"PLIMB005432"},"geometry":{"type":"Polygon","coordinates":[[[-97.09002231587424,18.463426321316245],[-97.09686036208927,18.44718658592056],[-97.1063537914131,18.453832108338673],[-97.11750869270755,18.449649511915688],[-97.12792889675795,18.46358420660739],[-97.12708656344202,18.465743616416813],[-97.12883732014053,18.47698140534795],[-97.13813175427387,18.4819195450114],[-97.14179701791113,18.492642878333964],[-97.12330915148607,18.507546738877824],[-97.11658080008934,18.50669178190237],[-97.11318518296262,18.50159826779628],[-97.08995473948352,18.506013504806646],[-97.08602632225434,18.497542788352508],[-97.07792623080115,18.494966916366792],[-97.0780511479947,18.48573686821448],[-97.0887231166177,18.480114661564507],[-97.0889599842818,18.47440051518904],[-97.09241957877198,18.46879420797371],[-97.09002231587424,18.463426321316245]]]}},{"type":"Feature","properties":{"clues":"OCIMB008663"},"geometry":{"type":"Polygon","coordinates":[[[-97.04744252785592,17.41184707275939],[-97.04712286877299,17.37795873529925],[-97.04982501578773,17.374490232871295],[-97.08356871961585,17.37086502152151],[-97.08749387437484,17.38331068865999],[-97.10260586451513,17.391752286857745],[-97.111709690343,17.406786262447103],[-97.13654635564251,17.41161979960768],[-97.1325526829099,17.416427536390934],[-97.1132137025445,17.41774981150819],[-97.09808590027176,17.43734575145237],[-97.09184430073128,17.43022171289215],[-97.06906689686797,17.42145869097095],[-97.06424571793285,17.41750723292283],[-97.04935118345003,17.414664584314366],[-97.04744252785592,17.41184707275939]]]}},{"type":"Feature","properties":{"clues":"OCIMB006266"},"geometry":{"type":"Polygon","coordinates":[[[-97.04972644336695,17.524330102910866],[-97.03622272764524,17.54149988836671],[-97.01926083317906,17.544743769131788],[-97.00154660305579,17.57091013305684],[-96.99474078980343,17.576653387414545],[-96.97528668227525,17.551803247549113],[-96.9770917261136,17.5282736422197],[-97.00403429780151,17.518338302253813],[-97.00494505882307,17.516128331879603],[-97.01698209409487,17.51043646108191],[-97.02274914552872,17.50545825836869],[-97.04148191892747,17.5052814686349],[-97.05283982876732,17.484916130448248],[-97.08405104795499,17.499426576474733],[-97.0885051163243,17.503257678494823],[-97.07929795471725,17.52017201144201],[-97.04972644336695,17.524330102910866]]]}},{"type":"Feature","properties":{"clues":"PLIMB006605"},"geometry":{"type":"Polygon","coordinates":[[[-97.06555047122667,18.426396788620902],[-97.08020430948133,18.42070728652665],[-97.08092941266298,18.430326579389153],[-97.0895562562988,18.439819384439893],[-97.07680555303548,18.44587652309388],[-97.07681326072192,18.453537137586252],[-97.07256266900316,18.458218756380717],[-97.06632484562326,18.456699266504693],[-97.05519215258788,18.44447447574396],[-97.05903539612434,18.437856474761762],[-97.06096637284308,18.4370881461196],[-97.06555047122667,18.426396788620902]]]}},{"type":"Feature","properties":{"clues":"PLIMS001081"},"geometry":{"type":"Polygon","coordinates":[[[-97.0403603319359,18.216767448668968],[-97.05208989924002,18.220151263108455],[-97.06188415790037,18.219830779326475],[-97.06941018993736,18.227103982793533],[-97.06870636437527,18.231478060431233],[-97.07067075800948,18.23705695476187],[-97.07163225798337,18.257023616405263],[-97.07349356211894,18.261777348961058],[-97.08377910622946,18.26931247039956],[-97.08318524289498,18.274715910027563],[-97.05280087202756,18.297916012991223],[-97.04974501482121,18.296326133373434],[-97.04325961398742,18.282049553259576],[-97.04277219169198,18.260832948541356],[-97.01484276662391,18.25884812944898],[-97.02175253272405,18.245954681493814],[-97.02444928854835,18.234424493214107],[-97.02340275206167,18.232349294297418],[-97.0403603319359,18.216767448668968]]]}},{"type":"Feature","properties":{"clues":"OCIMS001261"},"geometry":{"type":"Polygon","coordinates":[[[-97.04629689838936,17.20595862052921],[-97.05839688141077,17.212493304922443],[-97.0620259722178,17.219394812070455],[-97.04413822744448,17.221910905585055],[-97.02867691778965,17.23762693592367],[-97.02779338774027,17.25450752340655],[-97.02555920592035,17.256167198869385],[-97.01807442249005,17.275852825476957],[-97.01585930447986,17.27848237041318],[-97.00584597963893,17.277345270820117],[-96.98956149971413,17.27992032438592],[-96.94452465544163,17.23606748207261],[-96.94543108439643,17.231885570945764],[-96.94301660171686,17.201789367777245],[-96.9482025886517,17.191608856646955],[-96.96166525515217,17.1929697101066],[-96.989316023181,17.20392000751922],[-97.01258919539751,17.202653047051548],[-97.02249349343272,17.200886917519977],[-97.02859837497135,17.19759191250251],[-97.03496597154516,17.19630988392118],[-97.04372301974729,17.199874160537046],[-97.04629689838936,17.20595862052921]]]}},{"type":"Feature","properties":{"clues":"OCIMS004790"},"geometry":{"type":"Polygon","coordinates":[[[-96.99448168086185,17.006831963221536],[-96.98667972872863,17.012395254925725],[-96.98165411807899,17.023805132765684],[-96.9743047435257,17.02300721789951],[-96.97041912270934,17.025054013079902],[-96.96258724130561,17.02448555450976],[-96.95878146206327,17.025769304090772],[-96.95034089343129,17.02286101414135],[-96.94802206494843,17.01855391566955],[-96.94182296157156,17.016853527252835],[-96.93877950419557,17.01225580970622],[-96.94555402172077,17.008861219214715],[-96.94579122523933,17.002610283231363],[-96.94144901849381,16.99732686429264],[-96.94017362288689,16.991917165414478],[-96.9513236125066,16.978961663277154],[-96.96594940785033,16.982815942367285],[-96.98031553149806,16.978474940274655],[-96.98995354064803,16.959326774046875],[-97.00919688236945,16.961692186604704],[-97.01473002988575,16.970551456884422],[-97.01350096989255,16.98996641479976],[-97.00971422818897,16.99272905894994],[-97.00512288831652,17.011206258349485],[-96.99448168086185,17.006831963221536]]]}},{"type":"Feature","properties":{"clues":"OCIMB001255"},"geometry":{"type":"Polygon","coordinates":[[[-96.87424067955874,17.18436229181671],[-96.89445899865969,17.18908945253933],[-96.92222489182183,17.20439523446439],[-96.88635447927629,17.215330810789535],[-96.86128933266994,17.212637304570087],[-96.85630079516932,17.20259743678911],[-96.84974608250484,17.195358386575936],[-96.84651291782444,17.187266430031986],[-96.85249598594194,17.174894088143404],[-96.85546550249204,17.15996189067416],[-96.87424067955874,17.18436229181671]]]}},{"type":"Feature","properties":{"clues":"OCIMS001635"},"geometry":{"type":"Polygon","coordinates":[[[-96.88578382884228,17.09266232675699],[-96.90294025473456,17.10058442944852],[-96.9098323695628,17.102364733021737],[-96.9124160447144,17.132353072504074],[-96.88679945725214,17.135893381424104],[-96.86413896593123,17.11509587261827],[-96.8629064779161,17.1086222143112],[-96.85883720404772,17.108474644003547],[-96.85292429108036,17.100056450317744],[-96.85252802912335,17.0899676958355],[-96.86211255184263,17.078173131452672],[-96.87489030432924,17.083565391752163],[-96.88578382884228,17.09266232675699]]]}},{"type":"Feature","properties":{"clues":"OCIMB000666"},"geometry":{"type":"Polygon","coordinates":[[[-96.83479140104933,17.230428035608522],[-96.83601428558894,17.229454432508703],[-96.84583306152186,17.233666180732527],[-96.8496898168124,17.233071777664435],[-96.85409934463966,17.23789815233694],[-96.85113265456114,17.24316441891941],[-96.85623207462632,17.2484126079242],[-96.83943046188851,17.254640743900126],[-96.83662487515952,17.276257750393206],[-96.8193004667876,17.26081303988463],[-96.79236412642635,17.259209715770368],[-96.78922717666856,17.25733135242962],[-96.79140050973439,17.23533913493266],[-96.7886799231394,17.23239802755098],[-96.79524852150004,17.219274617812886],[-96.8036707053122,17.218702214390103],[-96.80608345197126,17.22242388806663],[-96.8102987130814,17.223798958859483],[-96.8163323105977,17.221778796336604],[-96.82366805379249,17.226554236747823],[-96.82427850934167,17.228545010605657],[-96.83479140104933,17.230428035608522]]]}},{"type":"Feature","properties":{"clues":"OCIMB000555"},"geometry":{"type":"Polygon","coordinates":[[[-96.7624182475878,18.144380723170034],[-96.76780424825866,18.14398565581881],[-96.7733542260135,18.13938196467282],[-96.78193532038838,18.142295810008523],[-96.7786374340933,18.148655261860284],[-96.7834424355556,18.154974799397326],[-96.78045121922472,18.15912179788171],[-96.77991505097216,18.16278889447649],[-96.77516508498736,18.167493200122525],[-96.77565739680284,18.16933785883025],[-96.78340093838324,18.17378292090663],[-96.78191328883095,18.181764577726955],[-96.77048167420001,18.186954837891545],[-96.76940461257361,18.191155542859924],[-96.77304794297939,18.19615763617473],[-96.76588093979849,18.2121734206033],[-96.75252234578524,18.20171819497516],[-96.74849804144078,18.19635130686735],[-96.74453958950463,18.186060441555664],[-96.74653284643647,18.180073460011563],[-96.74321143218772,18.170610397166346],[-96.73513611959575,18.166874936609197],[-96.74006908359148,18.159585588975776],[-96.74540539709864,18.155679813197416],[-96.74971677016693,18.158066444043193],[-96.75785013994901,18.156447550483527],[-96.76132195519888,18.153614648330475],[-96.7624182475878,18.144380723170034]]]}},{"type":"Feature","properties":{"clues":"OCIMB000922"},"geometry":{"type":"Polygon","coordinates":[[[-96.701193719094,17.080042825805982],[-96.70357879967757,17.079079681219632],[-96.7048395554549,17.08016899666474],[-96.71561551864005,17.080010996525484],[-96.7181978201328,17.08110039394668],[-96.71827614795374,17.08663000787882],[-96.71561560888134,17.088563798834812],[-96.7154151683701,17.09057201327327],[-96.72008560108817,17.09413938875615],[-96.71734925648424,17.099028066100946],[-96.71119997212519,17.096633951862028],[-96.7095694236393,17.098866490742285],[-96.70585106525327,17.0994660489209],[-96.70269159023024,17.102988755690966],[-96.70068700226768,17.107492240450092],[-96.70437107862813,17.116794409057707],[-96.68804663154278,17.16849899129735],[-96.68313102228781,17.173532425815786],[-96.67664154965586,17.158510179031985],[-96.68196808406478,17.11821950402044],[-96.67935421173782,17.109091597059173],[-96.6823237148325,17.100927676330524],[-96.68312193026429,17.09372432348528],[-96.6854318117759,17.091388332390583],[-96.6886379204391,17.09196081375123],[-96.69088554246152,17.08873042095422],[-96.68795904695061,17.083790285778477],[-96.69335032543488,17.085042712112102],[-96.69502697380152,17.077776066437337],[-96.701193719094,17.080042825805982]]]}},{"type":"Feature","properties":{"clues":"OCIMS000561"},"geometry":{"type":"Polygon","coordinates":[[[-96.51593311290831,15.891251049944891],[-96.52291236095228,15.894889303956909],[-96.52512085459735,15.900228272577529],[-96.52032052801712,15.91014922219439],[-96.51385869380898,15.911213670061938],[-96.50598092464912,15.909488027885663],[-96.50497744127601,15.921077061181348],[-96.51088112999727,15.925434884291892],[-96.52721041908326,15.923278910597013],[-96.53402101358404,15.934388207980021],[-96.52729917333176,15.940753983386148],[-96.52633896742293,15.94936515229952],[-96.53097845621814,15.953302218020552],[-96.53083884666273,15.961916772444022],[-96.52916459410379,15.965764816456149],[-96.53779539989179,15.974153879907108],[-96.53393519042763,15.977994336996723],[-96.523560587583,15.975548641177477],[-96.52002664852226,15.972048632546302],[-96.51477885036888,15.970912860896439],[-96.51597017272121,15.955315714817958],[-96.50752351058173,15.95143084855982],[-96.50646108245913,15.94762324873062],[-96.49803198882248,15.940534580487414],[-96.48457146056165,15.939689823979805],[-96.48126834069029,15.943413500014453],[-96.48084833337448,15.949220066952977],[-96.48311279334538,15.953843601609439],[-96.47220142760928,15.963309392838331],[-96.4720852280776,15.957358331158371],[-96.47574702642913,15.950948411519148],[-96.4723928252262,15.94990225677971],[-96.4686802283104,15.950777349143756],[-96.46648992444342,15.949758913523375],[-96.45554486571287,15.959977560064043],[-96.44996513987346,15.958167332610632],[-96.44764043835961,15.94910946781309],[-96.45832225048186,15.938261648946801],[-96.46434492274687,15.920218254917103],[-96.46923135670394,15.916818098583025],[-96.46367226188428,15.906313275253058],[-96.46690877182748,15.895556368013459],[-96.46535400688859,15.887939625282993],[-96.46875397807946,15.881417531061318],[-96.48026001230974,15.886287350814763],[-96.49145237975837,15.883060430715119],[-96.49619721884808,15.87630830798051],[-96.49976925406914,15.86541647684301],[-96.51662989190658,15.867318359698732],[-96.51593311290831,15.891251049944891]]]}},{"type":"Feature","properties":{"clues":"OCIMB000444"},"geometry":{"type":"Polygon","coordinates":[[[-96.51010257473781,17.29218627478465],[-96.508912428072,17.262259656907702],[-96.52905944694822,17.277920795157662],[-96.53820009069658,17.293395248323844],[-96.55319399529078,17.299979864808957],[-96.54094930920267,17.33251621497057],[-96.53196882684638,17.332710890595468],[-96.51405205344031,17.336838343726715],[-96.49267767913437,17.357149096692837],[-96.48230866855148,17.363713636843443],[-96.45110285747771,17.39070829726416],[-96.47311838926728,17.33042196584705],[-96.4650072576907,17.313632532010427],[-96.46712731137619,17.3076780443415],[-96.46484045329095,17.295541065146356],[-96.47546364577714,17.290532410004577],[-96.484842742762,17.28798720034033],[-96.49219159485182,17.297729346410872],[-96.49960636764447,17.300084324997417],[-96.51010257473781,17.29218627478465]]]}},{"type":"Feature","properties":{"clues":"OCIMB000782"},"geometry":{"type":"Polygon","coordinates":[[[-96.43002984174652,16.312331393400683],[-96.41872472200033,16.29572885809214],[-96.42118581063151,16.2847885968982],[-96.43367393726764,16.27250889451091],[-96.46310348335732,16.280802315113828],[-96.46463482340391,16.296439386319243],[-96.47282915832349,16.309278466515984],[-96.46898709956089,16.326877900798902],[-96.45484276936925,16.353924216419102],[-96.43160287416215,16.358171645027586],[-96.43292664194178,16.321369198361715],[-96.43002984174652,16.312331393400683]]]}},{"type":"Feature","properties":{"clues":"OCIMS005181"},"geometry":{"type":"Polygon","coordinates":[[[-96.37401018815866,17.779773282255817],[-96.3893625303286,17.783896632309347],[-96.40599094575143,17.782428733685013],[-96.43863437228772,17.787857221192507],[-96.43937549700254,17.79274647752504],[-96.4626122559187,17.825436252706613],[-96.46515581650979,17.826379061113276],[-96.49102784605778,17.86030071434291],[-96.48176707934802,17.872212037746433],[-96.4394831710974,17.885151503099447],[-96.41781295421043,17.879488949276134],[-96.40278450635797,17.893145301875933],[-96.3916664365306,17.89164850190828],[-96.36441569919658,17.879900828166075],[-96.3566656391955,17.857234003953444],[-96.34983107377413,17.85292948610961],[-96.34855506842301,17.831711531178772],[-96.33280054530404,17.824657994091044],[-96.33768054618338,17.801881258155788],[-96.33718585136249,17.798808876186744],[-96.3196856826326,17.790537097158666],[-96.31934114309625,17.782199010398728],[-96.32088119652549,17.779119696140715],[-96.32900820051454,17.77967668799869],[-96.3308830790982,17.760578380723647],[-96.33724466064201,17.75910756441674],[-96.34862570995422,17.77152415800902],[-96.35925342334232,17.77941028476161],[-96.36649427345819,17.780842953550216],[-96.37401018815866,17.779773282255817]]]}},{"type":"Feature","properties":{"clues":"OCIMS002842"},"geometry":{"type":"Polygon","coordinates":[[[-96.47093422836056,18.15716315354957],[-96.45635683171056,18.163984395821785],[-96.45086925197438,18.13965759300882],[-96.45474950319073,18.13174930440584],[-96.46864926414891,18.124197568981504],[-96.4726245135133,18.130822678104966],[-96.47224125073865,18.15427437796246],[-96.47093422836056,18.15716315354957]]]}},{"type":"Feature","properties":{"clues":"OCIMB003466"},"geometry":{"type":"Polygon","coordinates":[[[-96.36579337442329,15.76134765929016],[-96.38333732186302,15.742018718745058],[-96.39346143186184,15.740150101414132],[-96.41440161212464,15.74999118107206],[-96.4199520251166,15.757952523978563],[-96.42890686478242,15.757993251081805],[-96.4459612087502,15.779563401769465],[-96.44287089763104,15.792663338925692],[-96.44712154667306,15.806590545530417],[-96.44296581754972,15.814765818885151],[-96.42839230578598,15.818385214486664],[-96.42429781958225,15.842984906667667],[-96.40858793048908,15.853231857943525],[-96.39491873019527,15.845272898597907],[-96.39256592913439,15.842404864493199],[-96.39440220069298,15.82612811566225],[-96.40208098140134,15.808403902087914],[-96.3883333572443,15.798818277920196],[-96.38404685190015,15.792172600286586],[-96.38003102574368,15.781931603573906],[-96.37987031952478,15.777427123172078],[-96.36579337442329,15.76134765929016]]]}},{"type":"Feature","properties":{"clues":"OCIMB006155"},"geometry":{"type":"Polygon","coordinates":[[[-96.28738861655184,16.356803618688165],[-96.2689387707903,16.29410500514603],[-96.28868473463136,16.294049258064504],[-96.31009283970805,16.304000011431626],[-96.31469980149036,16.301757769302082],[-96.3645376822121,16.321147016557994],[-96.36319358764753,16.32476314271574],[-96.33973922025375,16.348410812317972],[-96.31784462746485,16.351858334563865],[-96.29764787319276,16.350636261876623],[-96.28738861655184,16.356803618688165]]]}},{"type":"Feature","properties":{"clues":"VZIMB006291"},"geometry":{"type":"Polygon","coordinates":[[[-96.25372741956325,18.233325343509613],[-96.26126712273567,18.225720253809293],[-96.26960886141632,18.22895481505157],[-96.27137435649217,18.235105425932744],[-96.27803724514261,18.244088158274963],[-96.27626845117932,18.249217009057848],[-96.28673163979084,18.261908388373396],[-96.27948859662474,18.274131292630372],[-96.27856468858793,18.284477608616818],[-96.27527368859988,18.292591390402592],[-96.26904907348079,18.29515870011431],[-96.26714093928648,18.301964589823765],[-96.25983331920168,18.31257559626313],[-96.24906333932711,18.31181910400663],[-96.24744501209572,18.3006113447512],[-96.2344655630275,18.295079999502864],[-96.22625289178262,18.30274117279434],[-96.21871665912579,18.296824032154458],[-96.21628026713792,18.29096003436705],[-96.20510346006239,18.276023819261766],[-96.20562086996365,18.269587247617924],[-96.21406141354664,18.2610483101544],[-96.21701244479132,18.251722215501765],[-96.215873524908,18.24795858037556],[-96.23237907573979,18.228910177143625],[-96.23391795103124,18.230424051617454],[-96.25372741956325,18.233325343509613]]]}},{"type":"Feature","properties":{"clues":"OCIMB004586"},"geometry":{"type":"Polygon","coordinates":[[[-96.28283181146732,17.282372537668213],[-96.25378550615099,17.25930028887225],[-96.25282978750735,17.23608683770997],[-96.26924575961813,17.21686231278382],[-96.29564637439215,17.280768976819243],[-96.28283181146732,17.282372537668213]]]}},{"type":"Feature","properties":{"clues":"OCIMB002841"},"geometry":{"type":"Polygon","coordinates":[[[-96.23616349951283,15.840753828214345],[-96.25368078578789,15.839492367761197],[-96.25802116427997,15.841550823381258],[-96.24816224469694,15.869187292137552],[-96.2511612206659,15.872747615698648],[-96.25242080161476,15.887638969841555],[-96.2662971750272,15.90285233513349],[-96.25740140011638,15.909775307193133],[-96.24805835701727,15.925168363258798],[-96.23553823726004,15.922583010216421],[-96.22205060277152,15.951681619820198],[-96.2188659592212,15.955202070156268],[-96.21941082917549,15.95653220120253],[-96.20794404127507,15.983818885033571],[-96.19950131977762,15.989578760343806],[-96.19036662897163,15.983321042326185],[-96.14803950093552,15.975022575511844],[-96.14488022001542,15.97281392955002],[-96.13900807451452,15.962446877235633],[-96.14032382489656,15.958355197308272],[-96.10926731685319,15.901290038532396],[-96.13760831735397,15.885485626871858],[-96.1563453431909,15.865453568357259],[-96.1778767819037,15.864703957729931],[-96.20308544058626,15.855878366640923],[-96.20833123530228,15.829128122523912],[-96.23002451640515,15.834374302299548],[-96.23616349951283,15.840753828214345]]]}},{"type":"Feature","properties":{"clues":"OCIMB008745"},"geometry":{"type":"MultiPolygon","coordinates":[[[[-96.16180352027526,15.718414253698073],[-96.16381973893758,15.717530534471775],[-96.16235282857747,15.72103956527639],[-96.16021829730488,15.71818003811517],[-96.16154794411354,15.7184041706487],[-96.16041962499807,15.717138900766585],[-96.16145548970309,15.716388194553469],[-96.16180352027526,15.718414253698073]]],[[[-96.16318705886941,15.722316511763992],[-96.16646325972627,15.722625840054928],[-96.1662181751741,15.719772867728254],[-96.17034480009453,15.716539459348919],[-96.17182026295983,15.717265500677163],[-96.17288622956946,15.713718369264837],[-96.1753088272119,15.713697786363745],[-96.17507801931562,15.71541813665141],[-96.17803082020029,15.716552519631941],[-96.17902316502338,15.712434292302582],[-96.18225394633141,15.7143034989996],[-96.1835346241094,15.71082101758745],[-96.18461821989759,15.711967319545453],[-96.19065754040402,15.709989396825623],[-96.19196921791935,15.708297004573092],[-96.19089548628666,15.707630755081036],[-96.19274603335616,15.70744154231619],[-96.19227854798586,15.704852734574033],[-96.19453903553938,15.706777123741086],[-96.19684428412688,15.706014390412856],[-96.19827181459064,15.708073929380882],[-96.19693634266986,15.708984073355793],[-96.19749848968813,15.710997692400639],[-96.20128183334917,15.712368857146334],[-96.20453043165638,15.71067575856497],[-96.20928670312463,15.717332197032551],[-96.2111278226872,15.739117401953111],[-96.24003583125794,15.750665499083013],[-96.24800833166012,15.773988307188207],[-96.24251033514568,15.78512771918707],[-96.23812108579783,15.787669268905614],[-96.23955020003223,15.811841666070993],[-96.24485489322849,15.813042447147865],[-96.25368078578789,15.839492367761197],[-96.23616349951283,15.840753828214345],[-96.23002451640515,15.834374302299548],[-96.20833123530228,15.829128122523912],[-96.20308544058626,15.855878366640923],[-96.1778767819037,15.864703957729931],[-96.15670575296853,15.865637548038103],[-96.14041079069024,15.837860919309255],[-96.1501442799116,15.82665756996322],[-96.14786580654541,15.804009312007732],[-96.1376596802968,15.785083002484418],[-96.12464676824808,15.78255676152204],[-96.11837543370652,15.784282274956244],[-96.11138730667598,15.78221773057228],[-96.08740134475443,15.799612773324114],[-96.07960367086758,15.795258218185943],[-96.07752462725209,15.791060212327707],[-96.06730762387114,15.779739823383242],[-96.06745933785037,15.777791284203719],[-96.07190493963319,15.778167749235205],[-96.07510905255674,15.774979844742354],[-96.07632815948311,15.770207412271054],[-96.07358942478274,15.768723753497003],[-96.0760688230329,15.766061136501438],[-96.0783346470931,15.76792116420236],[-96.0796975012295,15.767360322336668],[-96.07976603002486,15.769273999846309],[-96.0828717024231,15.769018806390505],[-96.08387345503765,15.767324630608599],[-96.08794777722633,15.770356452112626],[-96.08944448143835,15.769693013394795],[-96.09119029835169,15.773268524081267],[-96.09666745637546,15.77256682391095],[-96.09918630950631,15.770361550115421],[-96.09987846132856,15.766585392012054],[-96.0985568569154,15.764548469953965],[-96.09617764780286,15.764564455540539],[-96.09575172470618,15.762161200561794],[-96.0970567336113,15.763135576282531],[-96.09662498676919,15.761295076114168],[-96.09872129172156,15.762180235734562],[-96.10013753563848,15.761197924842557],[-96.09942085341244,15.758344544673994],[-96.10398227978513,15.759136905371484],[-96.10332316880894,15.757592635849297],[-96.10611427742349,15.757647362410525],[-96.10569073307444,15.755681927162636],[-96.10722072662641,15.755670030396386],[-96.10763951227568,15.758408790651234],[-96.11172691037534,15.76320050958593],[-96.11478741264719,15.76159488861254],[-96.11828460145772,15.76224771811616],[-96.11977476325411,15.760381363446918],[-96.12054332929912,15.761906597777497],[-96.11870876388925,15.765846985173356],[-96.11882192266441,15.766933972400333],[-96.12047570894663,15.762607710422971],[-96.12275661942323,15.765043829367425],[-96.12051001562125,15.76011010488404],[-96.12359052033972,15.758750569793499],[-96.12319166930115,15.756381489117445],[-96.12516483685329,15.753240600510669],[-96.12273064833313,15.749837971378785],[-96.12527548164755,15.74940015050542],[-96.12501152023293,15.751097919336763],[-96.12822492016274,15.754317149558682],[-96.1296993961987,15.754237861313884],[-96.12944429811397,15.753956818701397],[-96.12945381466841,15.753057382708844],[-96.12793028053753,15.750782411001506],[-96.12803346865275,15.750717769048649],[-96.1296061011572,15.753012172184809],[-96.1298958663033,15.75417735877143],[-96.13149301343869,15.752455378514822],[-96.1306292693878,15.748955191260738],[-96.12827836202969,15.748272286499832],[-96.12931325478706,15.744080764339602],[-96.1283343199327,15.743290179734164],[-96.12565991430044,15.74467087387878],[-96.12408054607403,15.740676352295887],[-96.127207814997,15.740226364864801],[-96.12715480981629,15.737890598636513],[-96.13196845992512,15.736370123292684],[-96.13278461527051,15.737381394073086],[-96.13132362569394,15.73848308412502],[-96.13319626126471,15.739035119203312],[-96.14092891526833,15.734241100319261],[-96.14324413011667,15.735052496349116],[-96.14406891771145,15.737823996760605],[-96.14560638870486,15.737747867542243],[-96.14679428602936,15.733310731854033],[-96.15087728011451,15.73386726429001],[-96.15202199368788,15.731396534726443],[-96.1437468632296,15.727694092871868],[-96.14633095837354,15.726411563910608],[-96.15359307324468,15.726773241599494],[-96.15269185201721,15.722934728834709],[-96.15605478006616,15.72326937959875],[-96.15855524974877,15.725695059675585],[-96.16318705886941,15.722316511763992]]],[[[-96.11891316392466,15.747929214044],[-96.11868591894185,15.7476268950545],[-96.11976036120782,15.74745856129562],[-96.11891316392466,15.747929214044]]],[[[-96.11759387076529,15.747976329630852],[-96.11689910588704,15.748066082691828],[-96.11689014270473,15.747857048456199],[-96.11759387076529,15.747976329630852]]],[[[-96.11603147504175,15.748570399226077],[-96.11592768857034,15.748985940651258],[-96.11588891316326,15.748564731603476],[-96.11603147504175,15.748570399226077]]],[[[-96.11652629444974,15.749152805539818],[-96.11624372941567,15.749139188242937],[-96.11642759078022,15.748867513998999],[-96.11652629444974,15.749152805539818]]],[[[-96.08274432024771,15.76360366423711],[-96.08479689805827,15.76293618091722],[-96.08478893958925,15.76556483821247],[-96.08307866148637,15.76471339705146],[-96.08274432024771,15.76360366423711]]],[[[-96.09511322254502,15.771789512483437],[-96.09460120417118,15.771843009065627],[-96.0948580511264,15.771536103504989],[-96.09511322254502,15.771789512483437]]]]}},{"type":"Feature","properties":{"clues":"OCIMB002614"},"geometry":{"type":"Polygon","coordinates":[[[-96.17026769787834,17.15153163722804],[-96.16908030521263,17.147617098686162],[-96.18594812641703,17.133563277889955],[-96.20288730596258,17.12719657793925],[-96.20888980075024,17.139200712132382],[-96.22804741415307,17.1670020145548],[-96.22193817003492,17.190483202746186],[-96.21711094815386,17.191923563403442],[-96.20168016870223,17.175167419476168],[-96.17026769787834,17.15153163722804]]]}},{"type":"Feature","properties":{"clues":"OCIMB001972"},"geometry":{"type":"MultiPolygon","coordinates":[[[[-95.96644980108148,17.968217142764587],[-95.97525930107246,17.9303415305434],[-96.00219605889966,17.94787865725965],[-96.00325605664187,17.962308574674278],[-95.97493617352691,17.974765301095065],[-95.96644980108148,17.968217142764587]]],[[[-96.00695855761822,17.970457235728137],[-96.01825544191642,17.98038613442754],[-96.01748283557559,17.990966909948664],[-96.01537856289403,17.997605578028782],[-96.02341221190052,18.014107067072132],[-96.01030320955329,18.022374737683176],[-96.00388403793833,18.013556440440425],[-95.99609067628941,18.017055034427585],[-95.98762260906994,18.014740729525947],[-95.98477938348188,18.01598730796125],[-95.96887644774037,18.005865164469263],[-95.98662335870654,17.994328226037226],[-96.00695855761822,17.970457235728137]]]]}},{"type":"Feature","properties":{"clues":"OCIMS003006"},"geometry":{"type":"Polygon","coordinates":[[[-95.88081037982033,15.850194539115142],[-95.88134241998127,15.847767179274884],[-95.88468538043205,15.844536479560483],[-95.88998823096848,15.84278874095201],[-95.93766446606922,15.83416604681329],[-95.9380315344088,15.842161023471116],[-95.88866320714234,15.886014292819189],[-95.89561068246591,15.90138727688858],[-95.88565643395965,15.958342467628684],[-95.83408427076674,15.977617168634637],[-95.82522581342155,15.984471359205433],[-95.81460746796468,15.998820934044648],[-95.76805007585753,15.971332681989676],[-95.76241649112494,15.918253672593039],[-95.76452594449572,15.896688807097707],[-95.77302274000672,15.892675309372763],[-95.78003358024972,15.884754399703677],[-95.78035903514592,15.88100707953864],[-95.77622482996216,15.874160659381227],[-95.77657665484138,15.871329165885252],[-95.8061535102595,15.869356139545499],[-95.81102173169621,15.866670181155841],[-95.83362141972042,15.863718739589723],[-95.83668045208061,15.86108637914946],[-95.84864507981584,15.859319779456571],[-95.854640169598,15.856191539143948],[-95.87028171014009,15.853785369354153],[-95.88081037982033,15.850194539115142]]]}},{"type":"Feature","properties":{"clues":"OCIMB006073"},"geometry":{"type":"Polygon","coordinates":[[[-95.84928313665326,17.862292818644182],[-95.85116442260473,17.867107472294677],[-95.84996607745589,17.89488803404465],[-95.83993546717647,17.905998986284526],[-95.83870126229557,17.911092353309623],[-95.85241984969282,17.928556507811606],[-95.86549884746445,17.940505835984702],[-95.86350787558013,17.943494738130713],[-95.8696694644831,17.95646507026751],[-95.89102374604626,17.95939224301539],[-95.87547350089044,17.97014344863163],[-95.88441685756692,17.98524375702771],[-95.88841572411594,17.98781022053067],[-95.88740371108477,17.99583296153799],[-95.88172555961513,18.001726232478696],[-95.86754796626099,17.992362381511185],[-95.86009865408771,18.00094849022261],[-95.85633628921562,18.00330004537795],[-95.85234221582778,18.00139427983984],[-95.84244601474649,18.004237842799558],[-95.83650308852881,18.008668223727817],[-95.83249348124568,18.016496054365057],[-95.814560347549,18.00578506984649],[-95.81196215796933,17.984538699804077],[-95.81603212222535,17.975484977746376],[-95.79714872994282,17.963565728331748],[-95.79543360534475,17.93862556663582],[-95.79325511434158,17.93416296471566],[-95.78661553069423,17.928279234871784],[-95.79552431610631,17.896082625809978],[-95.80256052404714,17.877701074076867],[-95.80088413410257,17.864869295303443],[-95.7981419547772,17.859611265157685],[-95.80728512873068,17.84043348570805],[-95.81264511983551,17.836831035096367],[-95.82020675616835,17.84119789718456],[-95.8335552110694,17.838758342764407],[-95.84418406920908,17.861127438477823],[-95.84928313665326,17.862292818644182]]]}},{"type":"Feature","properties":{"clues":"VZIMS003796"},"geometry":{"type":"Polygon","coordinates":[[[-95.42604061975469,17.71030846259145],[-95.43610222212676,17.7217222186638],[-95.43654638302326,17.742708516247514],[-95.43532646729255,17.744099651397853],[-95.44963157315628,17.777666007599205],[-95.46629704239658,17.76876064396169],[-95.47438536579709,17.768465936571182],[-95.48944689188387,17.776358847016116],[-95.49227886775743,17.779374472738017],[-95.47263308899716,17.799544417272397],[-95.47052551035695,17.813364201247445],[-95.46694038151962,17.81944242664884],[-95.45724526732043,17.84617947874911],[-95.45576356623502,17.84734758790967],[-95.42815255936252,17.8446188318621],[-95.42236178505723,17.850816371470785],[-95.42956605957208,17.890176954110895],[-95.39622052175282,17.88619271568201],[-95.38665947125492,17.871784394362194],[-95.36767118632376,17.873298505869652],[-95.3587342504889,17.867668175754304],[-95.35703901229851,17.86284542760557],[-95.35753488635974,17.85309230123957],[-95.37682817385766,17.83947132880729],[-95.3709567165216,17.82302974859249],[-95.3729123736159,17.818981105336384],[-95.39791659454876,17.807782434023277],[-95.3966389996166,17.793778674353888],[-95.39374417018108,17.788618209873682],[-95.35874721521628,17.774614610961628],[-95.36106295959624,17.767306472528386],[-95.35357708344634,17.736714900456672],[-95.36555971836759,17.729634737841685],[-95.38703212224983,17.737912288258222],[-95.38880042918402,17.739951820743784],[-95.39317534513982,17.737388935898466],[-95.40318607113086,17.719683712465404],[-95.41405066008541,17.717022288549455],[-95.42604061975469,17.71030846259145]]]}},{"type":"Feature","properties":{"clues":"OCIMS004930"},"geometry":{"type":"Polygon","coordinates":[[[-95.39341474148334,16.975759952632462],[-95.37599886002423,17.030196544714336],[-95.40941108917157,17.099548553978313],[-95.36113938259257,17.133058067372854],[-95.33887189101442,17.141441327753817],[-95.31119664175303,17.13515176327465],[-95.27522024391462,17.079492822518215],[-95.29271655799255,17.037526875518875],[-95.28192212235739,17.018176760585636],[-95.27936416285024,16.989293834964496],[-95.24806277156624,16.976737267162054],[-95.23480008822344,16.963197350170248],[-95.21759620025266,16.958263421399607],[-95.21805356630715,16.948703983799803],[-95.23557314045529,16.936566765399796],[-95.24938467164768,16.9388670081768],[-95.27435200243973,16.921494775093993],[-95.28012944120584,16.91944132480869],[-95.28977341242914,16.925394668345902],[-95.33691894706199,16.89548061552604],[-95.39935697062342,16.920796085250164],[-95.40343655227429,16.92587792557919],[-95.4078810420652,16.935539177222736],[-95.41240377212056,16.952927503593102],[-95.39341474148334,16.975759952632462]]]}},{"type":"Feature","properties":{"clues":"OCIMB000473"},"geometry":{"type":"Polygon","coordinates":[[[-95.42666786918628,16.842022917334234],[-95.38625617987675,16.84333258114909],[-95.38563806654446,16.83765286353871],[-95.40609912555435,16.827628693806624],[-95.42666786918628,16.842022917334234]]]}},{"type":"Feature","properties":{"clues":"OCIMB002240"},"geometry":{"type":"Polygon","coordinates":[[[-95.40798747172329,17.279783733258334],[-95.37653493728455,17.372323061028197],[-95.34573649751668,17.338284567319278],[-95.34515817912482,17.321566166917176],[-95.36246706101998,17.287102682304862],[-95.40051953185849,17.275637795073933],[-95.40798747172329,17.279783733258334]]]}},{"type":"Feature","properties":{"clues":"VZIMB007913"},"geometry":{"type":"Polygon","coordinates":[[[-95.2601715020547,18.247034305984158],[-95.24662421301895,18.231396258895757],[-95.24902279326182,18.215707264874585],[-95.27268581572805,18.20594543334303],[-95.29572313890873,18.22318185012806],[-95.31537874396348,18.222796692448362],[-95.32695035950371,18.249865198695314],[-95.3404441180374,18.243642103572583],[-95.35996226775005,18.250581152448515],[-95.3691379720415,18.268153636399884],[-95.35902676414915,18.28202566748297],[-95.35866591683813,18.29198441504684],[-95.34182246707275,18.31369667238753],[-95.33876560614195,18.31527728922078],[-95.32617363449913,18.333757786736182],[-95.32308401785572,18.333739113691813],[-95.31307566033726,18.3263285525701],[-95.3100341357963,18.31557830284219],[-95.3098251115679,18.305763093368167],[-95.31183619014327,18.30007960075109],[-95.29660096415313,18.271997367825122],[-95.2971573857759,18.268488662928846],[-95.2853081134217,18.256464599409572],[-95.27284660002837,18.256001912514485],[-95.2601715020547,18.247034305984158]]]}},{"type":"Feature","properties":{"clues":"VZIMB004034"},"geometry":{"type":"MultiPolygon","coordinates":[[[[-95.15656648308827,17.49923455646187],[-95.16209950444477,17.501035338751393],[-95.17809772901671,17.529309000116385],[-95.16165039292741,17.538123762572628],[-95.15716929965832,17.542960250976257],[-95.16834676378681,17.561978747084247],[-95.19679012827416,17.56154503597976],[-95.2057531771004,17.573117319114047],[-95.19971030628395,17.58295590850861],[-95.19802996871533,17.591256798136357],[-95.18586899614978,17.60038341713956],[-95.19073042658812,17.61238315432018],[-95.19240224113936,17.62396510283589],[-95.17533402986462,17.62399224211398],[-95.1607927175288,17.61177411574902],[-95.15368246859475,17.61761970310041],[-95.13580660012666,17.60888280415009],[-95.12041191322197,17.621786717619088],[-95.10645245135558,17.611783576684868],[-95.10006920566951,17.608793326271],[-95.09566887269473,17.59355841630128],[-95.09750773461145,17.58736661624881],[-95.08960091177144,17.58023875407139],[-95.08340568390358,17.57087120661761],[-95.07882307039874,17.557374765093535],[-95.08423232358405,17.550729215165745],[-95.08460434099109,17.54629606088833],[-95.10257303862602,17.53651397965524],[-95.10147497347829,17.516101745200995],[-95.10934707492444,17.5055980339425],[-95.10640125740721,17.493975415801003],[-95.12754958771556,17.47777242511945],[-95.13100439701309,17.478934377572863],[-95.14569388354853,17.499133868422252],[-95.15656648308827,17.49923455646187]]],[[[-95.0603504180516,17.58340780027481],[-95.04996221630451,17.58269915617023],[-95.0445748762848,17.56602219018361],[-95.06435266668674,17.564311339870194],[-95.0603504180516,17.58340780027481]]]]}},{"type":"Feature","properties":{"clues":"OCIMB000205"},"geometry":{"type":"Polygon","coordinates":[[[-95.14516576801196,16.699239190754522],[-95.16356535013588,16.694973283511914],[-95.20620664266164,16.72182014994366],[-95.20730321023854,16.73311155712086],[-95.18260101394219,16.749429971037287],[-95.1630136152665,16.752106595243113],[-95.14744654254491,16.76631524009883],[-95.14580579185002,16.77062568349603],[-95.13193857275323,16.780769222705143],[-95.12602401397885,16.79293151660355],[-95.13186751442763,16.801557643375663],[-95.12562982530538,16.812058875641984],[-95.11254844427613,16.80845759396414],[-95.09866729445488,16.822977861321483],[-95.09262854952537,16.821498342416],[-95.085733240863,16.82436422691571],[-95.07566144206628,16.84004518843868],[-95.05743027742763,16.83051127031298],[-95.04299848865195,16.8317226295463],[-95.04050063078827,16.82609086795951],[-95.04231641451292,16.819598068212827],[-95.05446715872867,16.816052967080456],[-95.05909095770147,16.808795507251993],[-95.05759049207263,16.803739165199982],[-95.05421910016605,16.799777201249064],[-95.05327464300524,16.788678435874047],[-95.07358806967895,16.785162766047925],[-95.08022210570614,16.780327844712346],[-95.08488520691344,16.77200414718413],[-95.0907412429717,16.76981964267133],[-95.10163380087211,16.774631395224485],[-95.11647435610648,16.764110529714877],[-95.11763645443426,16.760662241446674],[-95.11401107378249,16.74880773919703],[-95.11835168156934,16.74546033709042],[-95.11542937870516,16.704026696258218],[-95.13544508967286,16.696442817544362],[-95.14516576801196,16.699239190754522]]]}},{"type":"Feature","properties":{"clues":"OCIMB006044"},"geometry":{"type":"Polygon","coordinates":[[[-95.11359850706603,16.40352534699181],[-95.1377001067657,16.403238581521627],[-95.13748661422568,16.40996456386301],[-95.12589491161079,16.425753292864094],[-95.10999076433718,16.429302420877267],[-95.10178833955176,16.442211091808385],[-95.10253616256965,16.44779681836329],[-95.09596547873271,16.45034810049026],[-95.08053613540889,16.449964369626233],[-95.07309320675037,16.444716456214223],[-95.0713675769456,16.441366162397063],[-95.0613658483785,16.437209093771493],[-95.05549050861282,16.438523641492996],[-95.04949811552224,16.446711777071755],[-95.04003329435419,16.441351950751976],[-95.04161727414542,16.435322959376922],[-95.03699818348176,16.439169251253926],[-95.03388652188708,16.436482072376297],[-95.03152851837899,16.441074538638265],[-95.0287300166894,16.440703872976805],[-95.0274173217168,16.44496599168822],[-95.03047103003408,16.44727976822935],[-95.02915569236458,16.45165734714816],[-95.02691741436412,16.453584515400998],[-95.0317753309082,16.45835484663502],[-95.02973819104618,16.465279736008853],[-95.02429820713037,16.46046372308592],[-95.02502861464515,16.45345223030588],[-95.02342605775614,16.446781030523766],[-95.02132079517123,16.445593830290086],[-95.02043946638184,16.442052988062827],[-95.02432375252474,16.438668790975356],[-95.0247484971938,16.431495040298],[-95.0296689506623,16.425913067007613],[-95.03033330385672,16.423042741621554],[-95.03456512006865,16.420877924976516],[-95.03918058173883,16.420701279790965],[-95.04279311694947,16.418367787950906],[-95.0416324993976,16.415249114484883],[-95.03399887752568,16.41111966796429],[-95.0430175539924,16.39971282793879],[-95.04330953390667,16.388628733653473],[-95.04482979398223,16.38469352878999],[-95.06764943650356,16.374254061280585],[-95.06956728464394,16.378956028803387],[-95.09313940926215,16.38512700304937],[-95.10317472333753,16.37305827788577],[-95.11359850706603,16.40352534699181]]]}},{"type":"Feature","properties":{"clues":"VZIMB008770"},"geometry":{"type":"Polygon","coordinates":[[[-94.84096750217093,18.464787443042972],[-94.8193261410717,18.45989959797922],[-94.81743148286367,18.45678247345379],[-94.80598036643937,18.46655516494085],[-94.80130191220931,18.468770838408158],[-94.80005994364713,18.476117081172305],[-94.79834873491758,18.478015920289305],[-94.79543381168321,18.478261886696714],[-94.78947545435403,18.492232001210972],[-94.78305186173507,18.492275222974033],[-94.77948861998628,18.474122258991766],[-94.77425457955073,18.463842889446077],[-94.77569657029643,18.456379719015796],[-94.77369968966148,18.44920542941626],[-94.76011039962712,18.43535988955837],[-94.7437930301291,18.421747139512018],[-94.74413420006654,18.41182353906435],[-94.74148011037182,18.40289328904222],[-94.7365063047576,18.393865357543355],[-94.75883711409095,18.387105150218044],[-94.76268613372709,18.39191211869104],[-94.77024443633249,18.408530157481415],[-94.77627403808238,18.41434766480342],[-94.79695283429722,18.41428392190177],[-94.79692057616015,18.38635140605534],[-94.85181280100505,18.365741897588457],[-94.85991803842667,18.376604169149605],[-94.87024574951944,18.405743018877658],[-94.84810798570602,18.418300519113192],[-94.84219514857159,18.463315359323264],[-94.84096750217093,18.464787443042972]]]}},{"type":"Feature","properties":{"clues":"OCIMB005286"},"geometry":{"type":"Polygon","coordinates":[[[-94.75087606299935,16.517549209404496],[-94.78035821525647,16.48658918140883],[-94.79226230302893,16.493492120054267],[-94.80432399871492,16.5087372920457],[-94.81063183506804,16.51251296498811],[-94.81530694605655,16.53367141530964],[-94.80658971546377,16.551618524671458],[-94.79048099818561,16.558096179540577],[-94.79558525608444,16.581632375508658],[-94.80324988931199,16.596532842121356],[-94.78162989377985,16.62063010439609],[-94.76254783022387,16.625678313132944],[-94.74497322038037,16.63271426335936],[-94.72583723018325,16.620630569242337],[-94.72563426233373,16.601971287180113],[-94.73036968729765,16.585642333627305],[-94.73572759177065,16.554881801044115],[-94.75028383969973,16.542167317277045],[-94.75087606299935,16.517549209404496]]]}},{"type":"Feature","properties":{"clues":"OCIMS002731"},"geometry":{"type":"Polygon","coordinates":[[[-94.59195498585703,16.62654386268547],[-94.64572861326525,16.60636872544543],[-94.67491829837886,16.62237488869213],[-94.70232615553687,16.62641334044103],[-94.72583723018325,16.620630569242337],[-94.74497322038037,16.63271426335936],[-94.74929702239206,16.65556964433873],[-94.7429043509712,16.68072994983477],[-94.73728417941544,16.68426411271364],[-94.70787355209839,16.691751693117887],[-94.70277823519588,16.694518027476168],[-94.69264896379524,16.76719005234774],[-94.67731419475967,16.78794217025225],[-94.64153545807505,16.80259938241742],[-94.63595813701295,16.80718164906959],[-94.60284667902364,16.8200063712522],[-94.51612683667169,16.845405991481346],[-94.41803658318148,16.89046250976632],[-94.46993400731442,16.657521491210815],[-94.56394720572605,16.61559827097838],[-94.59195498585703,16.62654386268547]]]}},{"type":"Feature","properties":{"clues":"VZIMB005994"},"geometry":{"type":"Polygon","coordinates":[[[-94.65256039877757,17.1949227886969],[-94.6727602006523,17.123071971628345],[-94.67666199658379,17.122277597840977],[-94.74860539894172,17.16505838166984],[-94.75444490265485,17.166152817624102],[-94.75866112942498,17.174489716355755],[-94.75155993797027,17.213759411394165],[-94.73600560595494,17.234469054175573],[-94.72850752529229,17.24691258202981],[-94.71191752497859,17.261631573502008],[-94.6898179920169,17.27159450086509],[-94.67588903139078,17.246835040451167],[-94.67533926687828,17.21015991027197],[-94.65256039877757,17.1949227886969]]]}},{"type":"Feature","properties":{"clues":"VZIMB000831"},"geometry":{"type":"Polygon","coordinates":[[[-94.47641443323333,18.106003775970347],[-94.49802723582684,18.09649326687195],[-94.50724267937991,18.088974428878664],[-94.5014213103027,18.111155858831086],[-94.49278308030497,18.128085835228827],[-94.48713963536858,18.131486101864034],[-94.48249057041727,18.129552145026373],[-94.47981502642065,18.130718766459818],[-94.47936811604018,18.13418152738543],[-94.47414648431986,18.137178071778973],[-94.472446799147,18.14367169226019],[-94.48196030376656,18.143347396712322],[-94.48276884261608,18.150873695742106],[-94.45167093536627,18.15227158649406],[-94.45076534227434,18.14606236661539],[-94.44598391052759,18.144373362317246],[-94.44430865049263,18.138840998973397],[-94.44580218116138,18.13303998946672],[-94.44195312887045,18.130120558522727],[-94.43896781232515,18.132652769949487],[-94.43547461672479,18.132430557535148],[-94.43325234666777,18.127520873493527],[-94.43351346589914,18.12607206683987],[-94.44220002210633,18.126299903717772],[-94.44635015913899,18.117541747419896],[-94.44141623163182,18.114186778220382],[-94.43637318931232,18.116352742594387],[-94.43173848974703,18.114589717701357],[-94.4233568991318,18.10369128189502],[-94.42112648123874,18.096900362081936],[-94.42707722046609,18.092754939657365],[-94.44030056746452,18.10503364382526],[-94.45499057742946,18.10774346471756],[-94.4573974778732,18.118919293394327],[-94.46157154969224,18.11867248122044],[-94.464039802358,18.113475074335213],[-94.47273551234849,18.10981277616241],[-94.47641443323333,18.106003775970347]]]}},{"type":"Feature","properties":{"clues":"VZIMB001164"},"geometry":{"type":"Polygon","coordinates":[[[-94.5853587910435,18.087667309909882],[-94.57602831999291,18.10416348368122],[-94.580846960168,18.118469929935518],[-94.59110195411417,18.13107043913784],[-94.59031136394962,18.13524981653237],[-94.57658318397463,18.13825200870013],[-94.57096556602288,18.135195166487023],[-94.54607747286953,18.135567655254032],[-94.54965756193769,18.125698104706924],[-94.54181169380624,18.12015462148389],[-94.52958408098705,18.101349175730352],[-94.52214498589947,18.08297674067833],[-94.52853277466825,18.08153358326588],[-94.53134420295628,18.078567377827955],[-94.56853806647234,18.073918953832568],[-94.57503427359595,18.074662421793683],[-94.57806278619778,18.077294795455277],[-94.57804676842039,18.080076615789817],[-94.5853587910435,18.087667309909882]]]}},{"type":"Feature","properties":{"clues":"PLIMB002282"},"geometry":{"type":"Polygon","coordinates":[[[-98.50978122742777,19.246328281152312],[-98.52267381831831,19.246258147963555],[-98.5227455445372,19.249405641306574],[-98.52071052792643,19.25508391313299],[-98.51613653879552,19.26057353902422],[-98.51682202657653,19.264691455020124],[-98.50918067845025,19.264526079448096],[-98.5037855311822,19.275114355916163],[-98.50382988512119,19.278593234823596],[-98.49031155074321,19.270907159237627],[-98.48903069216404,19.263595457844048],[-98.49470239280228,19.25826299879159],[-98.49554312610337,19.255124867420783],[-98.5047869741379,19.25350273124047],[-98.50978122742777,19.246328281152312]]]}},{"type":"Feature","properties":{"clues":"TLIMB000671"},"geometry":{"type":"Polygon","coordinates":[[[-98.29931256685306,19.342587712683958],[-98.29408516379108,19.363972234347095],[-98.28387566195352,19.362533520710144],[-98.27281606626684,19.354456094636728],[-98.27119621232421,19.34559089379372],[-98.2733027254792,19.34234494572247],[-98.27932951453016,19.338630192843127],[-98.29192124950187,19.336635558169633],[-98.29931256685306,19.342587712683958]]]}},{"type":"Feature","properties":{"clues":"TLIMB002153"},"geometry":{"type":"Polygon","coordinates":[[[-98.15680273422453,19.452351338657508],[-98.16560078953572,19.45668918316015],[-98.16636221026904,19.45940816639291],[-98.18015576884734,19.46673599438762],[-98.1829874297705,19.465576805898227],[-98.18674547117529,19.471688801512045],[-98.18516972125033,19.480697433954553],[-98.18640293799008,19.482027162305826],[-98.18211199383495,19.48781492481221],[-98.18254332247666,19.491183486991996],[-98.19481472134754,19.4967476296206],[-98.19302149336981,19.501407462444902],[-98.17328467238426,19.500823013009608],[-98.16546468435119,19.494621390202276],[-98.1624204664273,19.485112511210087],[-98.15210994404754,19.480590643420015],[-98.15658340596555,19.47556902907557],[-98.15325881795162,19.470689481693668],[-98.15401673560919,19.464514740395458],[-98.151158078778,19.461363679128507],[-98.1548140540057,19.453250472058865],[-98.15680273422453,19.452351338657508]]]}},{"type":"Feature","properties":{"clues":"PLIMB005362"},"geometry":{"type":"Polygon","coordinates":[[[-97.9937944855511,18.986273128608005],[-98.00293869351927,18.988084493937496],[-98.01235359420666,18.998221840518752],[-98.01362734234463,19.01430497796408],[-97.9997833587444,19.02862281679016],[-97.99075173098137,19.02938001158639],[-97.99090105092974,19.040861259796877],[-97.97637869116613,19.043110695768743],[-97.96845119817277,19.040275600015196],[-97.95970875290169,19.0426608182542],[-97.9520838037353,19.03921366816853],[-97.94840129111407,19.032463407125494],[-97.94284091318724,19.026914190594564],[-97.94236146745561,19.01819784976092],[-97.9463665646791,19.012227350074742],[-97.96053174884668,19.0065540420046],[-97.97225668696524,18.98754400088685],[-97.98245518560344,18.988191175462827],[-97.9937944855511,18.986273128608005]]]}},{"type":"Feature","properties":{"clues":"PLIMB002055"},"geometry":{"type":"Polygon","coordinates":[[[-97.85908111486869,18.982440292780055],[-97.8720763258091,18.987870902047582],[-97.87636840984203,18.9814457545958],[-97.88408290555671,18.981160737887645],[-97.88791244246605,18.983015284913428],[-97.88198875719773,18.99994359349701],[-97.87814671069887,19.005628620458975],[-97.90488257829388,19.007905723895703],[-97.90802271579591,19.011320625315186],[-97.89737935749167,19.02004794849936],[-97.8909854334906,19.023035660119877],[-97.87562404704127,19.013118912810242],[-97.86946183079,19.017177611933533],[-97.85506296768465,19.03493584685274],[-97.84516922084941,19.01940240576423],[-97.83237266988621,19.01832197347181],[-97.82708018272332,19.00555795986301],[-97.8233761759143,19.0039427287748],[-97.81966068548252,18.993663953073984],[-97.82182756602715,18.986857897127397],[-97.82942014863183,18.98241041518089],[-97.83544184216075,18.984781354000376],[-97.84633598122281,18.996614103864975],[-97.85908111486869,18.982440292780055]]]}},{"type":"Feature","properties":{"clues":"PLIMB005514"},"geometry":{"type":"Polygon","coordinates":[[[-97.83773936227834,20.486484174676924],[-97.84929347431387,20.499855745625243],[-97.85315003248884,20.501338045452012],[-97.86088984702106,20.51830237237025],[-97.85522518100751,20.525630594643467],[-97.85617631222438,20.531232566951076],[-97.8476654494997,20.53562836447302],[-97.86364354701247,20.547181402168455],[-97.8727622130543,20.538764019741528],[-97.88763856221134,20.552818631154633],[-97.88473276439817,20.559711251796266],[-97.87012432723614,20.559459586380996],[-97.8692766853175,20.5678788467131],[-97.86021697954901,20.57127630738153],[-97.86155499185247,20.58005324788648],[-97.85722221288506,20.585378276635264],[-97.84323470337574,20.576268548685757],[-97.84215836108064,20.57408092823802],[-97.8511283249095,20.565576660139424],[-97.84423534296353,20.553484196762362],[-97.83214168221436,20.556285627044613],[-97.82266602154682,20.548292305449948],[-97.82196149056284,20.54541453680873],[-97.8180075258805,20.54406671544916],[-97.80188943410704,20.521746756492696],[-97.78570598305394,20.517716238209477],[-97.78384151822881,20.51426808355596],[-97.78616684867725,20.494401934767897],[-97.79096123708027,20.488880785559026],[-97.79990953803112,20.48601544893904],[-97.82135319787967,20.490148445659294],[-97.83773936227834,20.486484174676924]]]}},{"type":"Feature","properties":{"clues":"PLIMB005736"},"geometry":{"type":"Polygon","coordinates":[[[-97.87841020415219,19.051982930566847],[-97.87231140022743,19.087214042521595],[-97.86241181614662,19.099625384492278],[-97.85527485162886,19.104048027621687],[-97.84654196618119,19.102345228386504],[-97.84283145340441,19.096945949458437],[-97.84536538768924,19.05944887994997],[-97.84937567242078,19.0390303706679],[-97.85505673126482,19.03500334310485],[-97.86946183079,19.017177611933533],[-97.87562404704127,19.013118912810242],[-97.8909854334906,19.023035660119877],[-97.8879308082542,19.048392271142756],[-97.87841020415219,19.051982930566847]]]}},{"type":"Feature","properties":{"clues":"PLIMS000743"},"geometry":{"type":"Polygon","coordinates":[[[-97.86954934271095,20.017963406177056],[-97.85947073150524,20.030817005238728],[-97.85473611032188,20.027349718891134],[-97.85984883853021,20.011320468095292],[-97.86474810334471,20.00784383261258],[-97.87671377893498,20.007089488542846],[-97.87893954324903,20.013160025101197],[-97.86954934271095,20.017963406177056]]]}},{"type":"Feature","properties":{"clues":"PLIMB000136"},"geometry":{"type":"Polygon","coordinates":[[[-97.80713195269031,20.021645220302123],[-97.81787245277962,20.008006460046875],[-97.83336783447795,20.015525244968774],[-97.83757124296159,20.021602594972315],[-97.84223950980221,20.023280737366377],[-97.83189503450464,20.054446188929067],[-97.82988415195724,20.053156197149864],[-97.81570011879445,20.02966116122181],[-97.80713195269031,20.021645220302123]]]}},{"type":"Feature","properties":{"clues":"PLIMB000486"},"geometry":{"type":"Polygon","coordinates":[[[-97.80089431534559,19.876402160828576],[-97.79132047977424,19.890919117050306],[-97.80487228981889,19.906077535998374],[-97.80264939170796,19.92145214936148],[-97.80439593842178,19.925332453941024],[-97.79886883262863,19.936157328769777],[-97.7847514336349,19.9315539749295],[-97.77918767613366,19.939143195157662],[-97.74846929516755,19.940001772289094],[-97.74896531960025,19.933537717618883],[-97.75324970961299,19.920161761262747],[-97.75001708484466,19.904380302903984],[-97.77112352946315,19.88963798834079],[-97.76770054512409,19.87892183898257],[-97.76894184719623,19.87116631240661],[-97.7775139716995,19.86354095271194],[-97.79120065423399,19.860386663445922],[-97.80089431534559,19.876402160828576]]]}},{"type":"Feature","properties":{"clues":"PLIMB005963"},"geometry":{"type":"Polygon","coordinates":[[[-97.64781467636013,18.951767899578524],[-97.66465477004354,18.957703353825742],[-97.66586052918015,18.96307124226302],[-97.67419641802282,18.96343101674429],[-97.68500243106813,18.96885816154577],[-97.66894196909145,18.984314268320187],[-97.65869463174771,18.97586656276748],[-97.64940515665015,18.974209907020175],[-97.63544433480374,18.967643238151414],[-97.6460664017708,18.95620443644661],[-97.64781467636013,18.951767899578524]]]}},{"type":"Feature","properties":{"clues":"VZIMB004495"},"geometry":{"type":"Polygon","coordinates":[[[-97.57909198092129,20.79513018109572],[-97.57313635688493,20.77866467641383],[-97.59524430947869,20.770639434472194],[-97.59776266055648,20.791080292736428],[-97.61488008676385,20.784981064088484],[-97.6173114918401,20.78605148158169],[-97.6406306994664,20.77015853236453],[-97.65047729366277,20.77181590825759],[-97.65722831742191,20.778246851787323],[-97.64028165289926,20.803205944710857],[-97.62462820047777,20.80192578803187],[-97.60934040721902,20.81338077102406],[-97.60304736186754,20.811906154427536],[-97.59173575781855,20.813632064180513],[-97.58584887966605,20.81087387511191],[-97.5805415991771,20.79598202608232],[-97.57909198092129,20.79513018109572]]]}},{"type":"Feature","properties":{"clues":"PLIMB002883"},"geometry":{"type":"Polygon","coordinates":[[[-97.26289155910011,19.075417247980855],[-97.26057895731748,19.055700298101105],[-97.27349101965713,19.033963034275253],[-97.28645285015327,19.02017295609432],[-97.29588655832728,19.017423110309625],[-97.33631348586104,19.068272073221852],[-97.33477581292361,19.090576476870115],[-97.35325383089103,19.113966256817946],[-97.33795013683404,19.128036340550004],[-97.32380915550743,19.147293502565514],[-97.31162279205445,19.174945475387506],[-97.28364923836087,19.18423487599736],[-97.26863754384536,19.180985651356803],[-97.2636542217582,19.177141416214198],[-97.25882019816153,19.160702841724977],[-97.26635596257157,19.08613734975983],[-97.26289155910011,19.075417247980855]]]}},{"type":"Feature","properties":{"clues":"PLIMS003490"},"geometry":{"type":"Polygon","coordinates":[[[-97.34851687522186,19.747418573089398],[-97.34376867974292,19.75698488322338],[-97.33976662009772,19.75671700173886],[-97.33341371354032,19.763562764937866],[-97.33877556624576,19.768501857141377],[-97.34169298476887,19.774869120755202],[-97.33281275460944,19.78073568989322],[-97.32988525856132,19.77648539973505],[-97.33098340708452,19.770799339657856],[-97.32889072174018,19.767523337626],[-97.32091360839506,19.76996217092409],[-97.32017647343838,19.763063416701613],[-97.32836182759249,19.76186092234731],[-97.32830128402087,19.759903075928904],[-97.324446051733,19.7559709024601],[-97.32496620434786,19.749125022884048],[-97.33575559247869,19.746775036834375],[-97.33820461183225,19.74088540520855],[-97.34851687522186,19.747418573089398]]]}},{"type":"Feature","properties":{"clues":"VZIMS004496"},"geometry":{"type":"Polygon","coordinates":[[[-97.25505374782753,20.489885956436368],[-97.2701202585332,20.485318314771803],[-97.27727884055527,20.485629376091516],[-97.28757191534281,20.493687647269137],[-97.28717313704288,20.505548313056508],[-97.29551352749455,20.518602323850008],[-97.30426778028753,20.52038946872238],[-97.30573691186304,20.52241551866977],[-97.305829024722,20.536940966772168],[-97.30849684973093,20.54173812582385],[-97.30591889639237,20.55415934602898],[-97.29070150408337,20.559098949278273],[-97.28635720306033,20.579397764106048],[-97.26557863187094,20.57248936162614],[-97.26498843554523,20.565379636138836],[-97.24533611057291,20.561356354865445],[-97.2432737774222,20.551674883162487],[-97.23869977466777,20.547785710177717],[-97.22953300503254,20.546994076616816],[-97.22443705682079,20.543251631776105],[-97.21493435068828,20.545931204114645],[-97.21253181148273,20.548414901162804],[-97.20320421288338,20.552365987930404],[-97.19366452534227,20.55235155346627],[-97.18692898012183,20.5393674795403],[-97.18810603956844,20.53197607278464],[-97.1936030334574,20.517490989876105],[-97.21172334354193,20.517937054311712],[-97.22404874016206,20.505816000560827],[-97.23765189097499,20.508469530485733],[-97.25360813494781,20.498111029146067],[-97.25505374782753,20.489885956436368]]]}},{"type":"Feature","properties":{"clues":"VZIMS003936"},"geometry":{"type":"Polygon","coordinates":[[[-97.21059882776837,18.934474355871167],[-97.22139990774618,18.941950170917295],[-97.22223805948809,18.944540314750963],[-97.23736497869209,18.946084498463016],[-97.24439874586795,18.96157170019922],[-97.2356568920215,18.961251492631796],[-97.22176186273866,18.96754457538468],[-97.20853468131763,18.963081214611076],[-97.19561074150191,18.965825884055075],[-97.18826122716156,18.96064263087525],[-97.1860162868402,18.961125396994824],[-97.17859414970745,18.957325916225322],[-97.17241058290101,18.960577726358352],[-97.16393518237749,18.959133333738656],[-97.16370797788213,18.957636985533973],[-97.17079168594768,18.949097263159423],[-97.17872070744039,18.92681937399025],[-97.20431948566821,18.93635799961099],[-97.21059882776837,18.934474355871167]]]}},{"type":"Feature","properties":{"clues":"VZIMS002145"},"geometry":{"type":"Polygon","coordinates":[[[-97.16871889932831,19.09813876776191],[-97.17414791943108,19.094114643170485],[-97.17919194105309,19.09396931819374],[-97.18805692922048,19.08800981993735],[-97.19487306742046,19.074989339797888],[-97.2034457661379,19.067132005382593],[-97.26057895731748,19.055700298101105],[-97.26289155910011,19.075417247980855],[-97.26635596257157,19.08613734975983],[-97.25882019816153,19.160702841724977],[-97.21396501877533,19.133429521633712],[-97.19760089670643,19.136262238004292],[-97.1836543341015,19.133518056669566],[-97.16490885631696,19.139174933904755],[-97.15731895816528,19.13723218789527],[-97.15299981746615,19.128974560679403],[-97.16871889932831,19.09813876776191]]]}},{"type":"Feature","properties":{"clues":"VZIMB003795"},"geometry":{"type":"Polygon","coordinates":[[[-97.12939977933159,19.590487008004118],[-97.15415064995295,19.600135326013568],[-97.16283992167878,19.602156460646956],[-97.16575222057263,19.6258516740805],[-97.1761344859466,19.63977455390769],[-97.17195353183894,19.65455900093851],[-97.16168556571189,19.656309678504048],[-97.14534150835401,19.65307096841965],[-97.1423870235466,19.65413502764824],[-97.13494595323617,19.652127022734746],[-97.12881293272197,19.652666802598617],[-97.107894870145,19.66735266461121],[-97.0999184840269,19.663312654002294],[-97.09502218760024,19.679545724096467],[-97.09652491222712,19.683004877840226],[-97.08955773766691,19.686506528695375],[-97.0875062343905,19.69301290915957],[-97.08206296476234,19.7008299366951],[-97.08015013118616,19.70038607580309],[-97.07163534136225,19.68831401582494],[-97.063524816465,19.68476142080357],[-97.07206706849499,19.67022005062087],[-97.06897908256539,19.66751086898195],[-97.06530369383049,19.655303035952315],[-97.06763309989097,19.65166461755586],[-97.06707378218813,19.64902240624467],[-97.06337109027716,19.642832511898103],[-97.0483622829074,19.64927185409074],[-97.04619325882932,19.640681697964414],[-97.04799097793853,19.636153306954824],[-97.04184215781437,19.62745793900476],[-97.04999529497353,19.625600315485585],[-97.0563932055917,19.62810295611714],[-97.05987975361941,19.62320152303621],[-97.05747970749482,19.613989085805915],[-97.05172993494412,19.60891961573978],[-97.05015102652013,19.599685754043687],[-97.06945831369563,19.60954474744938],[-97.07638546269791,19.61582293389453],[-97.07831620167843,19.615559694018266],[-97.0992866608429,19.597573553974797],[-97.10498628984169,19.598502610275002],[-97.11242791127836,19.593181791383778],[-97.12939977933159,19.590487008004118]]]}},{"type":"Feature","properties":{"clues":"VZIMS002063"},"geometry":{"type":"Polygon","coordinates":[[[-97.03528002332455,19.855578411185842],[-97.04339364620374,19.857447049037813],[-97.0498382528417,19.86602313487361],[-97.05823755863558,19.864077460347094],[-97.06618553841048,19.865977370864385],[-97.06888197650716,19.87153008233285],[-97.0642118279984,19.89329303357436],[-97.07186986385426,19.901196408859395],[-97.07331498037821,19.908304574554553],[-97.07140632784434,19.91167213518307],[-97.05727962865332,19.916990836840775],[-97.05342838621891,19.911899295060387],[-97.04632014814793,19.907629853478202],[-97.04154687865791,19.907114921080375],[-97.02804952953437,19.909997076629402],[-97.0173319682314,19.90320314916096],[-97.01891200090249,19.88370987626481],[-97.02356423525961,19.87773912880568],[-97.02313994625229,19.8753003168001],[-97.03033583698368,19.86618349198214],[-97.02977428638815,19.860370364425485],[-97.03528002332455,19.855578411185842]]]}},{"type":"Feature","properties":{"clues":"VZIMB006974"},"geometry":{"type":"Polygon","coordinates":[[[-97.04528469037355,18.983693466710093],[-97.04859035990037,18.989188397878365],[-97.05223691155221,19.008947558522124],[-97.06049608900578,19.018166070801513],[-97.05256011209921,19.02568498245477],[-97.05178743186256,19.042852689573586],[-97.0382476147297,19.045488192365134],[-97.03363532807724,19.037048710977604],[-97.02376627831052,19.03427945345119],[-97.01844971861227,19.023673614439446],[-97.00706853993236,19.01253318339632],[-97.00526652750305,19.00783905500357],[-97.0100966732429,19.00344564261978],[-97.01161899919099,18.98938346683199],[-97.01750057840098,18.98689333491706],[-97.02745905893644,18.985582575943884],[-97.0327996933723,18.988126267019524],[-97.04528469037355,18.983693466710093]]]}},{"type":"Feature","properties":{"clues":"PLIMS002435"},"geometry":{"type":"Polygon","coordinates":[[[-97.01576480264569,19.26481960857088],[-97.02066821875742,19.277886990473004],[-97.02933275113632,19.284926682205683],[-97.03911242796732,19.296064035946294],[-97.0425470112605,19.297357672910206],[-97.05008783529024,19.306353243532772],[-97.04969217218267,19.309319852337403],[-97.03457563510045,19.319025946784507],[-97.02336731624031,19.315949280978952],[-97.01303443879962,19.317669910812835],[-97.00303826263419,19.308434938664757],[-96.9980654968691,19.293892823386408],[-96.9938689811582,19.289507163518472],[-96.9943661080669,19.280719302087075],[-96.99083644622088,19.273515892661823],[-96.99616739226244,19.251679122480073],[-97.00579734655773,19.237521869809214],[-97.0151107203593,19.235191619853698],[-97.01866360440697,19.240101475681048],[-97.01866849548298,19.25703228463201],[-97.01576480264569,19.26481960857088]]]}},{"type":"Feature","properties":{"clues":"VZIMB005142"},"geometry":{"type":"MultiPolygon","coordinates":[[[[-96.97103413930222,19.68968358778539],[-96.98026605053859,19.67486134029871],[-96.99021541578689,19.67232163916138],[-97.00331646084538,19.680395262098177],[-97.00469844843545,19.68692020370944],[-97.0201536954314,19.696885755024717],[-97.01411209069988,19.71529311681751],[-97.00002848228837,19.719374504324716],[-96.99686775527736,19.732250806725087],[-96.99812822056359,19.737627152367338],[-96.98188702558345,19.749212389239403],[-96.97385556011848,19.748878449626073],[-96.96768240531071,19.74509308826841],[-96.97124600158037,19.726325346660136],[-96.97857498022073,19.718814095753846],[-96.97678459033231,19.69761649099341],[-96.97103413930222,19.68968358778539]]],[[[-96.9461241656817,19.682864952724984],[-96.95387967264503,19.673919502249312],[-96.96728314030202,19.68886143456856],[-96.9508849711638,19.698403851106693],[-96.94712550394755,19.698807123887317],[-96.94549128017994,19.695567982052598],[-96.9461241656817,19.682864952724984]]],[[[-97.01448873474264,19.792182638557232],[-97.01332646324101,19.78380097930172],[-97.0354611719811,19.780245552758867],[-97.04079476301466,19.783857834629707],[-97.0432102805143,19.806748076653296],[-97.01668457764843,19.795672564123365],[-97.01448873474264,19.792182638557232]]]]}},{"type":"Feature","properties":{"clues":"VZIMS003492"},"geometry":{"type":"Polygon","coordinates":[[[-96.93052120713175,19.077218621594056],[-96.92780511710893,19.066246857505334],[-96.92877084863963,19.06448633153265],[-96.9337863878282,19.06126161814294],[-96.95513091354469,19.058831826893513],[-96.9561111329164,19.069873377527117],[-96.97523914076062,19.093664782890965],[-96.94743374959218,19.095200233155307],[-96.94566920318722,19.092018510435427],[-96.94594451442197,19.077892076288318],[-96.93052120713175,19.077218621594056]]]}},{"type":"Feature","properties":{"clues":"VZIMB003030"},"geometry":{"type":"Polygon","coordinates":[[[-96.88661537670977,19.78271908075685],[-96.88334232389762,19.79851520516851],[-96.87522975096336,19.800839225401006],[-96.8652593443754,19.786542498085282],[-96.86861281888282,19.779757619351738],[-96.87502799077444,19.77712501788318],[-96.88152712600619,19.778744317555354],[-96.88160847648436,19.762703114880257],[-96.88404997405524,19.75767373840618],[-96.89666690844233,19.75356576880339],[-96.90582654716113,19.762509594869492],[-96.90187268176471,19.774353591194764],[-96.88661537670977,19.78271908075685]]]}},{"type":"Feature","properties":{"clues":"SPIMB000095"},"geometry":{"type":"Polygon","coordinates":[[[-99.03836201309528,21.62384812147111],[-99.04213770333506,21.63798364911605],[-99.04919323411428,21.642882696498003],[-99.05511209431788,21.650225005567368],[-99.05957311968389,21.651961908510938],[-99.06406928169673,21.659486185522155],[-99.0882257598139,21.668434459981512],[-99.06351304895036,21.693613613181224],[-99.07088990680178,21.70976507722106],[-99.07198279751361,21.722491112599545],[-99.05733983578729,21.72002863168451],[-99.05192420051205,21.721240086117106],[-99.0304815293953,21.718769669807365],[-99.0249842240664,21.72825849240203],[-99.02010216241712,21.730720911297546],[-98.99064394493229,21.720890525767295],[-98.98686500724087,21.713772597735495],[-98.9882068839364,21.709851410402248],[-98.99341047982671,21.70751454470201],[-99.0111717455657,21.703896323490767],[-99.01800355168797,21.699476056432083],[-99.0125528215782,21.685380531607457],[-99.00448903751467,21.681136942692373],[-98.99927171072704,21.67533857339959],[-99.00051981546943,21.662119256301203],[-98.99410684424278,21.656402030199796],[-98.99362757001161,21.645611659618975],[-98.99629155359443,21.64125773556597],[-99.00725268374883,21.6357947794805],[-99.0082720702085,21.622544255247103],[-99.00700067883936,21.620745815273548],[-98.99751853599426,21.617111340413352],[-98.9951335037296,21.610418399174694],[-98.99688175308518,21.605217945430297],[-99.00111517065778,21.60168119137409],[-99.00878438706611,21.58696728219689],[-99.01295997656872,21.588210222478157],[-99.02192991208008,21.600782531150877],[-99.03108080155289,21.606183474977534],[-99.03332201401867,21.611194039617065],[-99.0390838762745,21.616608899234677],[-99.03836201309528,21.62384812147111]]]}},{"type":"Feature","properties":{"clues":"YNIMS000935"},"geometry":{"type":"Polygon","coordinates":[[[-89.11768336731056,20.97888112935557],[-89.12250253733438,20.985814471882094],[-89.15297438581385,21.000007369966962],[-89.15214330463935,21.019020627505284],[-89.16526302662423,21.028091596717037],[-89.18194469643899,21.045829111697834],[-89.1722528693983,21.06171188189861],[-89.11336066600683,21.063034454721464],[-89.11128600546874,21.051258973643947],[-89.08998785805622,21.033887020724876],[-89.05949195069647,21.026316680324594],[-89.05514278244254,21.02075093349693],[-89.04565538695635,20.993209043566978],[-89.06490162740585,20.976164896353673],[-89.07293725108707,20.971963166890255],[-89.0803988864901,20.975364745410953],[-89.09959982182063,20.9782819004089],[-89.11768336731056,20.97888112935557]]]}},{"type":"Feature","properties":{"clues":"YNSSA000944"},"geometry":{"type":"Polygon","coordinates":[[[-88.98053403698502,20.19398574899771],[-88.9928383932509,20.201278094536335],[-88.99304224150397,20.215560108847097],[-89.02759153031836,20.239391530979383],[-88.98122453580453,20.273272111633847],[-88.99733642187212,20.301025654280682],[-88.99725566677975,20.30340286993815],[-89.01471828391217,20.33104559404338],[-89.00012667992198,20.356378863870017],[-88.9947086000144,20.356151115621103],[-88.9772752981408,20.32989670655984],[-88.94996280990738,20.33640692423347],[-88.93956332359097,20.347389827803987],[-88.9066835978309,20.3266050343258],[-88.8870361172291,20.36425476241271],[-88.88759633801611,20.37712706980891],[-88.87431276348963,20.391340646575962],[-88.86429977942146,20.417491962594934],[-88.80751956072963,20.404905225865154],[-88.8023222571716,20.39075145703791],[-88.82560611868858,20.36063530180928],[-88.84643477011656,20.350336612030286],[-88.85106131970767,20.343613690037806],[-88.8575877842123,20.339993573958864],[-88.86515108267074,20.329725794262718],[-88.90111532394943,20.317522501997725],[-88.90390804276545,20.27173034761478],[-88.9008917475113,20.267777255527182],[-88.89226697723585,20.262606601929388],[-88.8776144651052,20.261165627277684],[-88.83328122101662,20.273558043585453],[-88.80815495191784,20.267480843413193],[-88.7957587146669,20.249844855581408],[-88.79225174276777,20.23697251009655],[-88.82020743200766,20.188124177205474],[-88.84383225750821,20.184319568702247],[-88.84515783667797,20.183027526415007],[-88.88052476815277,20.196009532709038],[-88.90028228379055,20.20138543838153],[-88.9084417683234,20.194688149202285],[-88.91420571411147,20.17191200808089],[-88.91277529946036,20.16813079392574],[-88.93840728336845,20.146051297749917],[-88.94488680085284,20.144763456577536],[-88.95950246271767,20.147693505896186],[-88.96583975387534,20.154508363327793],[-88.95407378470182,20.172174880420602],[-88.95940982266166,20.190988138552843],[-88.96375528569226,20.199152497235556],[-88.98053403698502,20.19398574899771]]]}},{"type":"Feature","properties":{"clues":"YNIMS000491"},"geometry":{"type":"Polygon","coordinates":[[[-88.61939693768751,20.55184391262457],[-88.60736771623927,20.55319367078399],[-88.56220372323745,20.539762676821276],[-88.55202447327149,20.506842210383976],[-88.55293084135297,20.48030451385364],[-88.59977005865562,20.472447129601157],[-88.61994277533843,20.495484056185422],[-88.62475728273688,20.542797843505724],[-88.62298778705598,20.5488620316744],[-88.61939693768751,20.55184391262457]]]}},{"type":"Feature","properties":{"clues":"QRIMB001961"},"geometry":{"type":"Polygon","coordinates":[[[-88.27857549696176,18.53259977474494],[-88.28023888416266,18.542868182147203],[-88.27585936393335,18.545038533549015],[-88.27414749756953,18.547570778812698],[-88.27556607509787,18.54893476185951],[-88.27175044754179,18.550342333530292],[-88.27521515743776,18.558320347052152],[-88.27467874464979,18.563230406122003],[-88.27086515882199,18.568401767148632],[-88.27424675731523,18.580064342791495],[-88.2740311896978,18.59208986529118],[-88.27693198545872,18.600513936200564],[-88.26773939330327,18.611584763872685],[-88.25384478185902,18.61085878731594],[-88.2416980889279,18.606492284282744],[-88.23939378659988,18.61637574105357],[-88.21039215133635,18.60594238519654],[-88.09466272645857,18.57779235905794],[-88.07288744743796,18.507661160816617],[-88.05226030949554,18.44976525089673],[-88.04592328949259,18.43671693990252],[-88.04776608211179,18.433654147763974],[-88.2621885745762,18.539252114531784],[-88.26301359210204,18.542463012137954],[-88.26860443178828,18.543664841870648],[-88.26782262912623,18.534909980863272],[-88.27093247084088,18.535669986757917],[-88.2765128587745,18.531752280910386],[-88.27857549696176,18.53259977474494]]]}},{"type":"Feature","properties":{"clues":"QRIMB000112"},"geometry":{"type":"Polygon","coordinates":[[[-88.13537108666495,19.17085527552733],[-88.12609547206303,19.153202634765893],[-88.11961746565831,19.111406664125617],[-88.1370887228069,19.10128138512082],[-88.1561087773185,19.107168120063193],[-88.16654592403967,19.106795764262927],[-88.18981550595278,19.067809884053805],[-88.2021321739213,19.05915541054377],[-88.2240404474385,19.051909052637868],[-88.31326208344038,19.093112036539882],[-88.31412925433015,19.096988596779067],[-88.287681207394,19.16024336018735],[-88.28470229169838,19.18965307585679],[-88.18166011925526,19.240201959220705],[-88.15445322146032,19.215804796393556],[-88.13537108666495,19.17085527552733]]]}},{"type":"Feature","properties":{"clues":"QRIMB001430"},"geometry":{"type":"Polygon","coordinates":[[[-87.28865105789863,20.433160031233662],[-87.28817611804764,20.43136663160582],[-87.29031430235364,20.428678316050068],[-87.29173198453567,20.429787621341685],[-87.2929621659529,20.4287531506191],[-87.29136733213747,20.426720401828423],[-87.2976812247908,20.416868389132542],[-87.3000394469882,20.418686183746143],[-87.29914115342704,20.42828293505521],[-87.28972962741197,20.434912821127053],[-87.30493303544513,20.44975678548129],[-87.31156918117334,20.4515150616955],[-87.31674352687423,20.450173473087162],[-87.34070297161371,20.45131883104788],[-87.34925382196143,20.457862086256707],[-87.3561613138527,20.490409762121296],[-87.37721268561393,20.51217019998842],[-87.50044661602111,20.53483204874971],[-87.48561114125692,20.584043352247335],[-87.38456590673964,20.638813278129085],[-87.37342553162483,20.64786173249212],[-87.41099787449235,20.761850565411947],[-87.39909005185669,20.779293840865282],[-87.33056952087638,20.768374097502004],[-87.31937392007586,20.758370597092068],[-87.31759856196278,20.75282352159687],[-87.31294776155438,20.64741193416888],[-87.2638847129759,20.708005287144722],[-87.2597087497736,20.717853080965117],[-87.23301872600022,20.738394639831828],[-87.20178971048539,20.743248673155176],[-87.19146908679099,20.75147328942711],[-87.18190996743297,20.775750913878742],[-87.15396702249872,20.78955815903096],[-87.1448640890027,20.796826787441017],[-87.0970506621748,20.747403386016277],[-87.09069544945056,20.745204984552654],[-87.08476089855093,20.74058546683835],[-87.08175421379275,20.732883014465404],[-87.09588732109522,20.71670741014069],[-87.10226111195496,20.705507461101753],[-87.09538994508634,20.69542022702562],[-87.09285065468984,20.687885040277187],[-87.08639679615376,20.681709967386357],[-87.06995510987066,20.680688016863076],[-87.06846025299092,20.68205998102944],[-87.05986673778114,20.678768364387583],[-87.05760623538103,20.67383097226381],[-87.06196848316856,20.671214939739794],[-87.06590825461753,20.670818183727768],[-87.06681157933447,20.66843731409431],[-87.06968338566166,20.666798515759265],[-87.07106194256562,20.66240923348782],[-87.07359865335461,20.663060621121424],[-87.07653072796668,20.658205329186824],[-87.07824846534592,20.657856012639826],[-87.07996288358856,20.650993886802954],[-87.07841406743627,20.649301983436036],[-87.07892441888228,20.644752306643348],[-87.08226100334834,20.642346022749557],[-87.08080691941758,20.63766914111462],[-87.08277629881046,20.635588577593747],[-87.0830731116413,20.63242293254322],[-87.08092634026711,20.629150326525043],[-87.08500226363432,20.625358969778315],[-87.08610409285814,20.621976064249292],[-87.08470702792236,20.61920047935343],[-87.08594637259255,20.6158394508179],[-87.08462474117012,20.609326588161128],[-87.09600481412488,20.610047299808176],[-87.09903933394745,20.605699939994114],[-87.1012796808633,20.590544002379332],[-87.11807165992305,20.578914339786554],[-87.11853939977284,20.577354719590772],[-87.12144041433059,20.57651879752924],[-87.13023149143122,20.566921321349586],[-87.13249720027336,20.56509471955016],[-87.13358445464978,20.565679806681963],[-87.13379877932168,20.563986017359962],[-87.13693771969493,20.565112579434427],[-87.1428078601576,20.562412779443417],[-87.14639685962408,20.556004849454247],[-87.15269245954677,20.551424689526122],[-87.15328525556781,20.548542007083118],[-87.15713644980949,20.546886579596304],[-87.168982665455,20.53581281923604],[-87.17489372171671,20.5320975282034],[-87.18381265050698,20.531299259033087],[-87.187670830293,20.527754979072768],[-87.18888639997395,20.522678139383174],[-87.1929349698004,20.52191048932605],[-87.19321069300699,20.519160978054867],[-87.19569937052253,20.51728584373087],[-87.20702348042266,20.511003859098732],[-87.21827821944107,20.502389200096225],[-87.21745573904761,20.503334089373734],[-87.21864344983283,20.503840999698458],[-87.22364388852131,20.496954969697686],[-87.2269182598963,20.498992659600027],[-87.23130822857837,20.49737082043765],[-87.23229076862344,20.49566084929305],[-87.23071928880259,20.494191619609722],[-87.232460379219,20.49562203025225],[-87.23259059170516,20.493265497982925],[-87.23034794974762,20.492888258408193],[-87.23462985023048,20.492577481192942],[-87.23671688733286,20.488120036701417],[-87.2389489404164,20.489134879659915],[-87.24171642961777,20.486981629129478],[-87.24159787494293,20.485555453721318],[-87.24634858032556,20.484854079781243],[-87.24690942114633,20.483064097451326],[-87.24504211962076,20.479719319113897],[-87.24812377861328,20.47785240317506],[-87.25139763001029,20.478523769370646],[-87.25510638048478,20.47545568917447],[-87.26090838008191,20.467522859089947],[-87.25987400927663,20.465658570591582],[-87.26686569952017,20.45718090698929],[-87.27574493537577,20.451514104746384],[-87.27484488222753,20.451123079640016],[-87.27654515662552,20.451334350599097],[-87.28223963000686,20.4460630595349],[-87.28511114008029,20.44210031947181],[-87.28414080010472,20.4375859697859],[-87.28865105789863,20.433160031233662]]]}},{"type":"Feature","properties":{"clues":"QRIMB001360"},"geometry":{"type":"Polygon","coordinates":[[[-87.17570831339464,20.898834501337365],[-87.15714913492228,20.883737750536742],[-87.12883834046876,20.886254322759655],[-87.09514128268007,20.855680796052035],[-87.08755706801874,20.8342565042812],[-87.08638004694888,20.82416605798482],[-87.10716635493883,20.807940926573757],[-87.14088293918239,20.80138495125264],[-87.15396702249872,20.78955815903096],[-87.18190996743297,20.775750913878742],[-87.21333343523982,20.801683266739268],[-87.24154801594203,20.812496050322302],[-87.24994916012467,20.813764343645918],[-87.28226113925233,20.854683122318317],[-87.28551119515288,20.87744700481954],[-87.26825249173785,20.90355010125214],[-87.24373659597774,20.908742952188536],[-87.23410673692364,20.91041774554551],[-87.22160208311281,20.90920118119504],[-87.20397655424081,20.90292534668392],[-87.17570831339464,20.898834501337365]]]}},{"type":"Feature","properties":{"clues":"QRIMB001734"},"geometry":{"type":"Polygon","coordinates":[[[-86.86365929672735,20.964430179568925],[-86.90028788297019,20.977318645866198],[-86.92512880524409,20.96293942813885],[-86.95419131417353,20.953615596306253],[-86.97761308858578,20.96006925629054],[-86.98872807515217,20.967454080010153],[-86.97153820243332,21.001352338278938],[-86.96367978981883,21.006567381740737],[-86.93784580142113,21.020732915294168],[-86.90188368155405,21.03041296565724],[-86.8756659191874,21.032733573849786],[-86.87249187417407,21.03736335105982],[-86.87495517820783,21.04998676789633],[-86.88019846878248,21.056354227262343],[-86.90447543735004,21.05826822196399],[-86.91183624749797,21.07222265935686],[-86.90926901416435,21.08252375818493],[-86.90511016645027,21.086859679462606],[-86.9015815766244,21.086328664738904],[-86.88296706923987,21.07701439275718],[-86.88021753339899,21.082574810806594],[-86.88033759245944,21.085409086774096],[-86.88389181428985,21.09367983998745],[-86.89145510347595,21.099386584678125],[-86.89188179306385,21.10737856365916],[-86.88476310792994,21.107893186819577],[-86.88235994963816,21.103746336063104],[-86.88148223294455,21.097637003730984],[-86.87354019843723,21.102927454845034],[-86.87225459937702,21.108891797884013],[-86.86768953533878,21.113195924197814],[-86.86369248804903,21.112272888104833],[-86.85504267686528,21.12089520263176],[-86.84727672189653,21.117297600639688],[-86.84497270465907,21.120809889606004],[-86.84229354075958,21.120855406353567],[-86.84015187442698,21.12330555325851],[-86.83135099661727,21.121612961020414],[-86.83812255054185,21.11596415385856],[-86.83027368117135,21.101058510136497],[-86.80500523751556,21.09610494575112],[-86.80024801291131,21.107706013515287],[-86.78529642170348,21.105187124870216],[-86.76567203397482,21.09611141400239],[-86.78098948523419,21.052147976260976],[-86.7815988644981,21.040749406547228],[-86.77973717496936,21.036816632933125],[-86.77737274990704,21.03689144978492],[-86.77862886040496,21.03253497970529],[-86.77981945043433,21.031015019762645],[-86.78208158026852,21.031947058970015],[-86.78765510991569,21.02980467968946],[-86.7921057096249,21.03402153964417],[-86.79984795809739,21.035336093402098],[-86.80731112032008,21.031548059182605],[-86.8129683501449,21.02305424939239],[-86.82094572028754,21.004034889833893],[-86.82872086032918,20.979592019475543],[-86.83015172029576,20.97021447357256],[-86.86365929672735,20.964430179568925]]]}},{"type":"Feature","properties":{"clues":"SPIMB000730"},"geometry":{"type":"Polygon","coordinates":[[[-100.8534111742389,22.096283880742995],[-100.859515626519,22.100295651175134],[-100.85894612914207,22.105180967697134],[-100.86335722513336,22.110055653867967],[-100.86142591549397,22.114123240360748],[-100.86272635043103,22.1270171668353],[-100.85261778607477,22.130941405992377],[-100.84849691713218,22.135030759800237],[-100.83847964042066,22.12756193009403],[-100.83694390616643,22.121104550634243],[-100.82416042686778,22.11325773574217],[-100.82428529256156,22.10291701330428],[-100.82608413198494,22.099856251458835],[-100.78110618062327,22.05951459995636],[-100.83313862053973,22.05951625445139],[-100.83634148300331,22.069356706062347],[-100.83652097680988,22.08438464919321],[-100.83264390578944,22.093307100880207],[-100.85097272600534,22.097537466754424],[-100.8534111742389,22.096283880742995]]]}},{"type":"Feature","properties":{"clues":"TSIMS000993"},"geometry":{"type":"Polygon","coordinates":[[[-99.05456458458985,22.64512215833657],[-99.0692793816152,22.674766731012852],[-99.08024928693537,22.68093659685968],[-99.06894949104714,22.7256453797215],[-99.06394090104095,22.727698328127],[-99.05660444637878,22.72784151505116],[-99.03723090592614,22.73802625794747],[-99.03090850682258,22.734763742951383],[-99.02253669482276,22.71700014298213],[-99.01478298626796,22.713033827183253],[-99.02113295118997,22.703786420924427],[-99.01821275756812,22.695946223729532],[-99.01403338080576,22.691904438055083],[-99.00545044202916,22.687912743348647],[-99.00390279943963,22.655086976829285],[-99.00555531993015,22.652140848783016],[-99.0307631825768,22.6537600863209],[-99.0381877467668,22.647767012959644],[-99.05456458458985,22.64512215833657]]]}},{"type":"Feature","properties":{"clues":"SPIMS001122"},"geometry":{"type":"Polygon","coordinates":[[[-98.98919700902427,21.499911117932502],[-98.99243367544621,21.511128811516123],[-98.99734145219895,21.51355081097503],[-98.99844679029155,21.51862530037464],[-98.99687919665074,21.523586088641547],[-98.99877950425923,21.529576307851475],[-98.99686685241542,21.535239203418538],[-98.99185238866075,21.540814183214774],[-98.98607195134208,21.539420152889125],[-98.98173148670655,21.53303820429886],[-98.98426790383319,21.523172333804574],[-98.974344331804,21.521724264957882],[-98.96778644080926,21.52413131201346],[-98.96378129532937,21.5117193008903],[-98.9688711533977,21.512078145576204],[-98.97476843247286,21.510130350540937],[-98.9787196588738,21.512489047577272],[-98.9829560203759,21.51128836786883],[-98.98919700902427,21.499911117932502]]]}},{"type":"Feature","properties":{"clues":"TSIMB000403"},"geometry":{"type":"Polygon","coordinates":[[[-98.69233466217206,22.598201682597836],[-98.71343216941348,22.593797492165038],[-98.72950711651973,22.628324535592416],[-98.74951180047157,22.652218932614097],[-98.7503232120234,22.66607036771948],[-98.68830742093276,22.712347258633102],[-98.68851343406914,22.719383751085253],[-98.68666349274753,22.721431865104787],[-98.67112843832668,22.72925759046052],[-98.6395537358673,22.738130400843666],[-98.63570195165559,22.685118227743505],[-98.63242824414364,22.67063742128882],[-98.6311107837375,22.670357104119514],[-98.61235779252563,22.630348814038495],[-98.58688354888749,22.632153324454944],[-98.57893727537412,22.627268457505004],[-98.55662649549801,22.62338327708199],[-98.54089581810713,22.61465160332456],[-98.5589254482634,22.58110575759785],[-98.56679238541676,22.57414882493611],[-98.58437379163121,22.568933740373474],[-98.60219635316777,22.559824749185335],[-98.61455490351435,22.564078420359312],[-98.62178323865683,22.57298043890674],[-98.62870285039214,22.584869661377507],[-98.63868135684818,22.58863036608978],[-98.69233466217206,22.598201682597836]]]}},{"type":"Feature","properties":{"clues":"SPIMB000952"},"geometry":{"type":"Polygon","coordinates":[[[-98.62359875766037,21.680390295278418],[-98.63320514471678,21.678952008516003],[-98.63482167749926,21.68035828234672],[-98.65323815819177,21.71109457399735],[-98.66044510916315,21.707753217112124],[-98.6857155655096,21.714125962381672],[-98.67979945035455,21.763487262541783],[-98.66497845213287,21.76765172219032],[-98.66332278572628,21.769358032392017],[-98.65392942131432,21.767596980444193],[-98.63761012203543,21.763015936715238],[-98.62507525472577,21.749713549357804],[-98.62035998458748,21.75244421580441],[-98.59070765216224,21.759045971973993],[-98.58931220454903,21.750038738584834],[-98.58400218949315,21.746900912932706],[-98.55597017088016,21.75088681128419],[-98.55332240568478,21.752555653186906],[-98.5474378337387,21.76481304741308],[-98.53564873385845,21.760748599689865],[-98.51704575865556,21.740453634395145],[-98.5166969085699,21.738161902048006],[-98.53020620760581,21.722702753303288],[-98.53324609371033,21.721098399723136],[-98.55702772962262,21.721958306682378],[-98.56567760101443,21.70984839228751],[-98.5558279833929,21.69861605255744],[-98.55954694087328,21.691636039486138],[-98.57294366931023,21.689113815316823],[-98.59424631217225,21.67311019005001],[-98.59610399884949,21.673308246372155],[-98.61040468325234,21.665825031277826],[-98.62359875766037,21.680390295278418]]]}},{"type":"Feature","properties":{"clues":"TSIMB000391"},"geometry":{"type":"Polygon","coordinates":[[[-98.42881356967341,22.45205421384547],[-98.47303723698909,22.459158490261427],[-98.47641676728347,22.45492252080498],[-98.5030892420742,22.441143337903814],[-98.5290222289005,22.4853492028368],[-98.56293323845165,22.49926037467881],[-98.5630463891354,22.502909325274114],[-98.5272347292907,22.53748159759561],[-98.52284416545542,22.538363665575794],[-98.49097702787681,22.537174203691478],[-98.48123522483435,22.549426448652984],[-98.43345953917019,22.55693898645449],[-98.42458222973244,22.531181873566037],[-98.4221701715204,22.508167720933223],[-98.42447506595744,22.501256428578987],[-98.43121834822213,22.49414139791874],[-98.42881356967341,22.45205421384547]]]}},{"type":"Feature","properties":{"clues":"SLIMB002196"},"geometry":{"type":"Polygon","coordinates":[[[-107.69626183288574,24.79448899448443],[-107.69785071167172,24.812348124032955],[-107.69508187781948,24.82103980235252],[-107.70779086034756,24.825404572586788],[-107.71087195076318,24.828092742860466],[-107.71120017812409,24.833979849862402],[-107.70824251405554,24.845726770144456],[-107.68525636429989,24.85965986036418],[-107.6851555279646,24.869069376879246],[-107.62961922533923,24.862010004306587],[-107.61968751980655,24.857770199159006],[-107.61103944525885,24.84894058350162],[-107.60097497322995,24.833764368951616],[-107.58894962295436,24.823681468181015],[-107.59076711293666,24.81073133988211],[-107.58090372910343,24.803223073866203],[-107.59109775358793,24.79604898770226],[-107.59347762910829,24.792159404205787],[-107.59823284773077,24.79548713456611],[-107.61047013299408,24.790632835413575],[-107.61368532671851,24.78380885245194],[-107.61732870907531,24.782704320815405],[-107.63299770872506,24.78742081932089],[-107.64054433379995,24.783561195327284],[-107.65261523084556,24.780436829866332],[-107.6649826907827,24.77935158782198],[-107.67048221670723,24.78615516359364],[-107.67135475002429,24.797418241714798],[-107.67676166524139,24.804902567189373],[-107.68231632540407,24.800821753957088],[-107.69626183288574,24.79448899448443]]]}},{"type":"Feature","properties":{"clues":"SRIMB001602"},"geometry":{"type":"MultiPolygon","coordinates":[[[[-111.04576676023933,29.851886511686978],[-111.06190619417481,29.917424790164304],[-111.07586039073294,29.930273884298792],[-111.07922533164015,29.940507668324333],[-111.15805302649738,29.95389408485039],[-111.21966448589494,29.93329067867349],[-111.24761147989949,29.969983582564407],[-111.19350293311182,30.02771253195032],[-111.15053339140141,30.02347241914122],[-111.1308369511573,30.032825824329862],[-111.07269868640189,29.968209549637976],[-111.06869967884133,29.972501771135942],[-111.05394264494818,30.018702134864938],[-111.07253620606268,30.05522665233766],[-111.06517715452352,30.06926620210284],[-111.03555750485062,30.07158979899424],[-111.0087061155449,30.10710825142428],[-111.01951366226268,30.13624376003437],[-110.99846428163386,30.187780436990973],[-110.93725444979944,30.160834956037622],[-110.92719281714308,30.15885844695145],[-110.8845593016229,30.20697978870764],[-110.84835985875927,30.193412411896695],[-110.84476074776222,30.19592256110486],[-110.7767069705604,30.219723239322303],[-110.75603260852937,30.16799285823765],[-110.76547076734768,30.152971688433343],[-110.76855404156969,30.123563640142947],[-110.75711416364558,30.072206751961886],[-110.75551119255734,30.070283503315437],[-110.75963239576416,30.048484119597475],[-110.74080108691943,30.001465699485212],[-110.79527549703809,29.957427419268342],[-110.81466604062004,29.970467132456733],[-110.82208644483583,29.972255124239098],[-110.88718418386127,29.9662055863346],[-110.9047485830263,29.943821195878634],[-110.94572627201265,29.949437193566926],[-110.9816813389539,29.923424521179605],[-110.9800562948866,29.89434048823547],[-110.99467864676927,29.85519443681748],[-111.00677134179611,29.834608512542232],[-111.01034925636766,29.831771862830326],[-111.00583137814507,29.816325914617664],[-111.05361351169235,29.795913333131615],[-111.0905180069909,29.81796413607746],[-111.04576676023933,29.851886511686978]]],[[[-111.13805143487468,30.08759233798512],[-111.10810576855322,30.11540175487711],[-111.0683799437073,30.115254570983733],[-111.07346639098978,30.096932898216426],[-111.13108291962573,30.077063895238368],[-111.13805143487468,30.08759233798512]]]]}},{"type":"Feature","properties":{"clues":"SRIMB000231"},"geometry":{"type":"Polygon","coordinates":[[[-110.15965523996611,30.22293357248274],[-110.24518261843714,30.285305060316652],[-110.24843479380907,30.296577047942357],[-110.32134105661443,30.299456134196284],[-110.33019918058702,30.296204549210625],[-110.36163243922734,30.265481752586215],[-110.37461467019116,30.269465042681],[-110.43383975132414,30.348157862520722],[-110.4282468689649,30.3758021364706],[-110.37929800864303,30.434659858784105],[-110.38084198982274,30.463566986882014],[-110.37558321720637,30.495982307350364],[-110.2989593786976,30.517936039304193],[-110.26339604732881,30.497899557802796],[-110.2203852530794,30.458695459863673],[-110.1918870475415,30.485147736517124],[-110.15684272696066,30.494713742538323],[-110.08836809134075,30.479289447831864],[-110.10516530859034,30.439182020492993],[-110.112347289625,30.426579642514874],[-110.1111819201581,30.416261544427304],[-110.09580590041904,30.40018906290557],[-110.01116808454394,30.235889664309447],[-110.06947427230457,30.24781684381424],[-110.15965523996611,30.22293357248274]]]}},{"type":"Feature","properties":{"clues":"TCIMB002092"},"geometry":{"type":"Polygon","coordinates":[[[-93.80966868606038,18.04922721986582],[-93.83076840049269,18.042380549797482],[-93.83751396361434,18.071629239826947],[-93.84855184426756,18.07373979483457],[-93.84453614040136,18.09014293544506],[-93.85941522403085,18.134106325301047],[-93.84898479845606,18.150770028418677],[-93.8316361969284,18.15800482844877],[-93.80994614778433,18.1384833516858],[-93.80667354198626,18.12245138904698],[-93.79620455341401,18.09400693342402],[-93.8001552634474,18.08401268607358],[-93.80603367328801,18.07821314945204],[-93.80966868606038,18.04922721986582]]]}},{"type":"Feature","properties":{"clues":"TCIMB000745"},"geometry":{"type":"Polygon","coordinates":[[[-92.90982506854272,18.415251128200357],[-92.90780203613026,18.40701111645941],[-92.9214449189449,18.36725559208542],[-92.93621403857274,18.364841318189768],[-92.94618290977238,18.360888978605995],[-92.94608020595783,18.40094584216308],[-92.95543616139327,18.40139189650066],[-92.95657024118894,18.408128442653112],[-92.96931051349411,18.40414843977235],[-92.96188319229142,18.425030967883362],[-92.96366129116342,18.43439687583921],[-92.93509144384467,18.43662003112982],[-92.90970274609245,18.440541562023068],[-92.90982506854272,18.415251128200357]]]}},{"type":"Feature","properties":{"clues":"TCIMB000441"},"geometry":{"type":"Polygon","coordinates":[[[-93.40063989204077,18.147534232965622],[-93.4046407773188,18.13629208301308],[-93.41682722388732,18.122148391598596],[-93.43820531773451,18.13957798385929],[-93.43906791402955,18.14720563626512],[-93.47073048551846,18.16077131345319],[-93.46849284858914,18.175750134109897],[-93.455551491546,18.18304344566602],[-93.45342993994328,18.205407971271296],[-93.44659910889334,18.208414543154664],[-93.43406316685403,18.20462057943648],[-93.43002164746926,18.197064760030994],[-93.42407938682088,18.192266737168364],[-93.42042263355201,18.19229891147617],[-93.40996613340057,18.186175459690126],[-93.40916843776611,18.167844193194615],[-93.41364955178597,18.159299647279074],[-93.40063989204077,18.147534232965622]]]}},{"type":"Feature","properties":{"clues":"TCIMB000663"},"geometry":{"type":"Polygon","coordinates":[[[-92.8283029726194,18.3971365752964],[-92.83958569666535,18.395258696780232],[-92.84700246620878,18.387049449874983],[-92.86360326009458,18.403640911402814],[-92.86295041773968,18.406682083706972],[-92.8590660746812,18.408237515588493],[-92.85034166258173,18.42287414324224],[-92.83679948476069,18.4212740779486],[-92.83463162481269,18.432734234600577],[-92.8204173008082,18.426322138134132],[-92.81497663491214,18.428124634743405],[-92.80916169710748,18.406701158750057],[-92.8283029726194,18.3971365752964]]]}},{"type":"Feature","properties":{"clues":"TSIMB003191"},"geometry":{"type":"Polygon","coordinates":[[[-98.3029171157099,26.081327665805006],[-98.30953636593715,26.077634525714632],[-98.31121064245583,26.07808776632821],[-98.31369546581249,26.08521991462211],[-98.31742668255322,26.08570120132169],[-98.31868244488727,26.08863604849485],[-98.32499894315097,26.089079925469328],[-98.32699336882646,26.085327139783885],[-98.32899104819424,26.085157253004102],[-98.33417637550389,26.088913024479705],[-98.33240261133861,26.096477627711124],[-98.32506999766692,26.09452054359947],[-98.31928542900984,26.09693496745496],[-98.31758734455397,26.093374308899637],[-98.31193502407257,26.092354322189898],[-98.31010290961453,26.096470205677505],[-98.30040919208372,26.097038018543447],[-98.2994265756765,26.094292489688577],[-98.30084487387053,26.088021621394297],[-98.3029198879472,26.086816412558292],[-98.3029171157099,26.081327665805006]]]}},{"type":"Feature","properties":{"clues":"TSIMB003080"},"geometry":{"type":"Polygon","coordinates":[[[-98.12353121000385,22.85735181652629],[-98.1477369201281,22.86716068083536],[-98.15973425668814,22.866196368616215],[-98.16205114167383,22.88086570798781],[-98.17563456919693,22.906470423310683],[-98.20255163499131,22.9149580737474],[-98.2126133282128,22.919982197113427],[-98.15909867432666,22.932547074086838],[-98.14868352351999,22.93696525563868],[-98.15113685731014,22.96116523875229],[-98.12611525964282,22.967493062658033],[-98.11553190187844,22.965195601381343],[-98.09298857087758,22.99279788595922],[-98.10041226318022,23.008602452840424],[-98.11578994606693,23.011486553921525],[-98.14568403079359,23.05558008528866],[-98.12500586270028,23.07321623183595],[-98.10138340625582,23.067625461580548],[-98.08510790725691,23.05886678540112],[-98.05742703360869,23.072665311186203],[-98.0501793020649,23.066499775472344],[-98.02803578612695,23.062801911346263],[-97.99807197252842,23.075735263617638],[-97.98758326710333,23.07359267092876],[-97.98556592611676,23.071720416726354],[-97.97788473113721,23.02717958292522],[-97.97162968252005,23.02061943710127],[-97.96827894187103,23.01912127400054],[-97.94429904485555,22.99361558544587],[-97.94404115249817,22.988242361973064],[-97.92747365361694,22.97903157380785],[-97.91269582244459,22.973622928300202],[-97.91336970570474,22.95338752050642],[-97.89439343157677,22.92422278068068],[-97.89871375166359,22.91319473520813],[-97.89742418519015,22.909791487179707],[-97.93826206506013,22.875046595592302],[-97.9376815371494,22.86497369590652],[-97.95173580959802,22.85423816721619],[-97.9572850907518,22.844379404143087],[-97.95633568400729,22.840433918502804],[-97.98002575444369,22.807445526973275],[-98.005490724546,22.808642846586636],[-98.0170339231381,22.803552538888347],[-98.05675808045568,22.82145364335019],[-98.07342699374882,22.857226932645883],[-98.08742215329052,22.86747761563972],[-98.10236318501418,22.869064217225457],[-98.12353121000385,22.85735181652629]]]}},{"type":"Feature","properties":{"clues":"TSIMB001453"},"geometry":{"type":"Polygon","coordinates":[[[-98.04294883969592,25.54107522954691],[-98.04855986967411,25.488332688720494],[-98.0945806970036,25.52610345572994],[-98.14394406226707,25.528165696394613],[-98.15940545249414,25.55582324132092],[-98.12086427154293,25.57199540459212],[-98.09259692552747,25.56942083531581],[-98.0852416739315,25.570986297942536],[-98.04294883969592,25.54107522954691]]]}},{"type":"Feature","properties":{"clues":"TSIMB001902"},"geometry":{"type":"Polygon","coordinates":[[[-97.84983039338417,25.819785574077788],[-97.86044710973086,25.810285839808415],[-97.8740853219694,25.805241063206232],[-97.88273197034034,25.816500205312032],[-97.88853382736102,25.841929606815903],[-97.90652944236398,25.83818426944344],[-97.909205650288,25.838938370488723],[-97.91918734304745,25.85321335486694],[-97.91820487447413,25.86326804279294],[-97.92412857889003,25.87176304738018],[-97.94351510347221,25.871997503643524],[-97.94089836053315,25.88673834742719],[-97.9360470179143,25.893453381182685],[-97.91105781046095,25.892916504952893],[-97.90795499728237,25.89448634632627],[-97.90563301305853,25.904404608097437],[-97.89716946543827,25.909216062548296],[-97.88112822285889,25.91365605896401],[-97.87255553853409,25.912046932832244],[-97.86753208789091,25.914279168521396],[-97.85279189901983,25.902641150582337],[-97.8456626012836,25.890030418742494],[-97.84017730303779,25.889326155181973],[-97.83199280431593,25.884442235158847],[-97.82414693565418,25.872424838406623],[-97.83274360584026,25.862606101812375],[-97.83660612517008,25.8534718195462],[-97.83474968892035,25.83976201783608],[-97.83853350861972,25.829586287098113],[-97.8475344972171,25.824028978211643],[-97.84983039338417,25.819785574077788]]]}},{"type":"Feature","properties":{"clues":"TSIMB001646"},"geometry":{"type":"Polygon","coordinates":[[[-97.79670106166151,24.888897761206366],[-97.81740780580868,24.888279735495647],[-97.85004957877634,24.86417715297469],[-97.85445289374736,24.86940600302209],[-97.8805804207628,24.890977915154973],[-97.88303154625932,24.971593849472573],[-97.87406631711214,24.97173641477766],[-97.85845598195051,24.976777969887628],[-97.83502176294252,24.978181355721304],[-97.77447428228538,25.0151557513669],[-97.77291209168426,25.02232747930091],[-97.78065105887639,25.063268192944548],[-97.73727598809943,25.12345203624847],[-97.71421567920532,25.121707218246737],[-97.63689419267129,25.083441782885068],[-97.54717290403404,25.149070258355234],[-97.48430010717206,25.118359953054853],[-97.51771297054502,25.039371651369706],[-97.52917404070539,25.009310238555663],[-97.53031903802284,25.004927747570367],[-97.52919859502352,25.0027221069488],[-97.53039184920173,25.00370761168451],[-97.53089658992285,25.00609886545069],[-97.53246520986522,25.001576212898357],[-97.52988028538913,25.000695145151322],[-97.53174102334724,25.000805591983738],[-97.53869242232275,24.985369866641783],[-97.57270532838939,24.885724482040594],[-97.5822993146304,24.85083206654782],[-97.5826140905571,24.844667062887616],[-97.58064131379795,24.844025100880444],[-97.5854817796127,24.84516950266972],[-97.58625406047153,24.843283999111012],[-97.58123163766,24.84199694417142],[-97.58385750018667,24.842489569843444],[-97.58794054071116,24.834646020705847],[-97.60554248127964,24.77404768608592],[-97.6580671352623,24.8070857733836],[-97.68491466166381,24.833917301044647],[-97.685443369105,24.836459371007614],[-97.79670106166151,24.888897761206366]]]}},{"type":"Feature","properties":{"clues":"VZIMB003824"},"geometry":{"type":"Polygon","coordinates":[[[-97.82543868320361,22.21677318694164],[-97.83242466549054,22.21771018574546],[-97.83474653761643,22.220771596015595],[-97.8302361958252,22.2257172328735],[-97.83040819413732,22.22959842535911],[-97.83575491004946,22.23145551968279],[-97.83566407452965,22.235586856391816],[-97.82998863187785,22.239183407019393],[-97.82423676609588,22.24586441960546],[-97.81360391583004,22.247983746566483],[-97.80958814327272,22.247003687947103],[-97.79287995009464,22.229708007456495],[-97.7930914664375,22.220521668853305],[-97.80407197229343,22.20546728244889],[-97.81527663319086,22.199824839849004],[-97.82162024517702,22.205916140702115],[-97.82161255281758,22.21003954558898],[-97.82543868320361,22.21677318694164]]]}},{"type":"Feature","properties":{"clues":"TSIMB003384"},"geometry":{"type":"Polygon","coordinates":[[[-97.52492803055691,25.804188305621803],[-97.52860840996308,25.795513972565082],[-97.53580947879752,25.80068583237781],[-97.53727530704901,25.806694927942175],[-97.55304211718827,25.797850779728225],[-97.55759869717261,25.80370396168163],[-97.55076673590739,25.81349170104203],[-97.54418491787702,25.813898570822133],[-97.53749428120844,25.80948959492275],[-97.53520576175748,25.81107216395566],[-97.53254071561746,25.817776078067585],[-97.53598090914276,25.825085868334053],[-97.53421242365388,25.829172099949613],[-97.53048852278911,25.830396693030533],[-97.52740282949689,25.828948812097266],[-97.52520471098788,25.832388377295157],[-97.5199429717336,25.83253282349653],[-97.51662370613653,25.834466465636616],[-97.51313474238485,25.833973251003265],[-97.51068697434641,25.83182793531683],[-97.5107316922838,25.829765386337687],[-97.51555385714803,25.818823431728408],[-97.51836200679617,25.816707619425287],[-97.51814304329089,25.81330168787008],[-97.52107836434627,25.809865647866264],[-97.52608174816356,25.81139568612843],[-97.527465002898,25.81055869755614],[-97.52764373977024,25.806980657086037],[-97.52492803055691,25.804188305621803]]]}},{"type":"Feature","properties":{"clues":"TSIMB000881"},"geometry":{"type":"Polygon","coordinates":[[[-97.52722893927506,25.865473721716214],[-97.52973692390376,25.861633566986963],[-97.53330011079639,25.863457743091175],[-97.53532421740198,25.871265865697357],[-97.53537068452796,25.874005617931253],[-97.53016636116939,25.879732464705075],[-97.52475252747251,25.877780604362215],[-97.52345102102147,25.8723558396975],[-97.52786872882645,25.868978709482025],[-97.52722893927506,25.865473721716214]]]}},{"type":"Feature","properties":{"clues":"VZIMB003334"},"geometry":{"type":"Polygon","coordinates":[[[-98.27089780412578,21.980413215428968],[-98.28059008134319,21.984784195561414],[-98.27915246846811,22.004863843433412],[-98.26979124867883,22.01058999457912],[-98.26888779377165,22.017042157217798],[-98.25005340461426,22.0245633324602],[-98.24531905286521,22.035601968420462],[-98.26067460495848,22.050946462380907],[-98.26758129606688,22.053254126478837],[-98.26523908245915,22.069354233307607],[-98.26009809336513,22.074781045844727],[-98.24079307662883,22.061836176460478],[-98.22823827904743,22.06706231372222],[-98.23654602302052,22.092398102053338],[-98.23655354080184,22.096476975428356],[-98.22870075199204,22.100242435606205],[-98.22508106580946,22.10963739442519],[-98.19755802988786,22.11143411098682],[-98.1973003524926,22.103333528385836],[-98.20329038456825,22.09504324888301],[-98.18614964384778,22.09631848756815],[-98.1878168526607,22.082860285779596],[-98.18206624831912,22.07642202753585],[-98.1706019248228,22.078093558790663],[-98.17546611453395,22.107693326650754],[-98.1705913899269,22.117461493959595],[-98.1664170715572,22.11834543967287],[-98.15661887838584,22.101294035054075],[-98.14501008665985,22.09497009046336],[-98.13848654360666,22.07926785447291],[-98.13210719068749,22.079577139183094],[-98.12846279512897,22.077771246130762],[-98.124931955217,22.072142492709634],[-98.12844573682557,22.05804256055915],[-98.14693349987805,22.06507203236212],[-98.14537636280282,22.07455768337547],[-98.15959776977645,22.080235582506],[-98.1693570257611,22.077117079134307],[-98.16986020556426,22.071565575478015],[-98.15924080476115,22.05125054698258],[-98.17621039573804,22.05547320390396],[-98.17881909218505,22.053541202296078],[-98.1855118507376,22.054716880745822],[-98.1870883230056,22.052628038431756],[-98.18298690571686,22.0472678501743],[-98.18478086758672,22.0443293199651],[-98.19079007409614,22.04273884365949],[-98.1881335668431,22.037008564380102],[-98.19109026562585,22.029836968619513],[-98.18893322058186,22.027780719509373],[-98.18970483864625,22.017055778800177],[-98.19998236928923,22.00988728376556],[-98.19493455891299,21.9905692728311],[-98.21869159331904,21.981198012998227],[-98.22265347819618,21.981708468138713],[-98.23967055154954,21.975993691141138],[-98.25387092932,21.987308541815054],[-98.25803574916787,21.984579334291944],[-98.27089780412578,21.980413215428968]]]}},{"type":"Feature","properties":{"clues":"VZIMB005516"},"geometry":{"type":"Polygon","coordinates":[[[-96.63821682040984,19.881389078411964],[-96.64076561867213,19.88996200338037],[-96.64117913320507,19.91885223190183],[-96.64548546750744,19.923297258846347],[-96.65905026684416,19.926986588386427],[-96.66332766537315,19.947873539685624],[-96.6524838009346,19.960698170828188],[-96.66487020923289,19.966259936037265],[-96.68118084886403,19.958818797224914],[-96.68994983582704,19.960673280816085],[-96.6875984769395,19.96655800875309],[-96.67940798238693,19.974200538769896],[-96.67165541674447,19.974147593340223],[-96.67087783676823,19.985998652168263],[-96.65567660597459,19.993105882415048],[-96.65305506344869,19.991322393969586],[-96.64513882379453,19.970572276123264],[-96.63601614169968,19.974851760476305],[-96.63110365160144,19.985420383615878],[-96.6253743775222,19.990757102913232],[-96.6249481972689,19.996611707304588],[-96.62689663912695,19.998901595037495],[-96.6344292939282,20.00216593058774],[-96.63695328138655,20.00823229365977],[-96.63524370442919,20.010301222998752],[-96.62885323007404,20.01107914425296],[-96.62315199175436,20.015644430652305],[-96.61465999536671,20.01728600789934],[-96.60365886787648,20.014985211451126],[-96.59265895145931,20.02398056394454],[-96.57874888985238,20.00791516930941],[-96.57432985954885,20.005207579101555],[-96.57411466029528,19.991902849637487],[-96.56739045041063,19.977808979224744],[-96.56100335012994,19.966545549442376],[-96.54550265741143,19.947333183425545],[-96.55419355099194,19.94648211127052],[-96.5578634381125,19.94347526124183],[-96.5653283159444,19.944651377072947],[-96.56908139913554,19.946782875116707],[-96.58259739890161,19.94581848091613],[-96.58450081169109,19.947400150232806],[-96.58805255021167,19.94709642199103],[-96.6002915091841,19.92879333144915],[-96.60097881225309,19.9253144278112],[-96.5950863777086,19.914901493562045],[-96.60395196621457,19.906405022797916],[-96.603760221178,19.90232649496096],[-96.61110678014849,19.882777954364553],[-96.63541572860191,19.87747803945373],[-96.63821682040984,19.881389078411964]],[[-96.5873978290159,19.968837202940193],[-96.58121188475901,19.980629756320653],[-96.58469287348197,19.98244621382142],[-96.59218714937128,19.98062115781268],[-96.59578615130098,19.975419790183718],[-96.59599359630647,19.973570577811287],[-96.5873978290159,19.968837202940193]]]}},{"type":"Feature","properties":{"clues":"VZIMS004641"},"geometry":{"type":"Polygon","coordinates":[[[-96.58941044716371,18.934867179351393],[-96.59328944280905,18.940875130487154],[-96.60069948119217,18.94479135097077],[-96.61209971286783,18.943357783128913],[-96.61321462250015,18.945668437643413],[-96.62884232906086,18.95633462405557],[-96.64391155131143,18.954142668181802],[-96.64645538425324,18.95711315281925],[-96.66211422722238,18.957946924804848],[-96.66485637196689,18.96849602045276],[-96.65750930000111,18.984489302365986],[-96.65892821854001,18.994919300828656],[-96.65397311810412,19.00238971079342],[-96.64514385121561,19.00904676181006],[-96.61577111414086,18.986726729918253],[-96.5966216967595,18.990564346937052],[-96.59558172746564,18.992159732256944],[-96.5876066507805,18.995067082136224],[-96.57759436937917,18.984583599686246],[-96.56305689583496,18.983783924480605],[-96.55487263925062,18.98792923229639],[-96.54778121581069,18.987048944897527],[-96.54071130805778,18.97835008400195],[-96.53125019670041,18.976244760869925],[-96.53181144697152,18.95438783903226],[-96.51856383262455,18.9456485851681],[-96.51660348770852,18.936558295644083],[-96.52266246584564,18.93307630147291],[-96.52830863480473,18.915060571692205],[-96.52832521257208,18.908557574597623],[-96.54594328321714,18.910372011088516],[-96.56086116020586,18.91373198984309],[-96.56655339862161,18.921622636975986],[-96.57557138509887,18.925365435519037],[-96.57721868139451,18.929639359078543],[-96.58941044716371,18.934867179351393]]]}},{"type":"Feature","properties":{"clues":"VZIMB001712"},"geometry":{"type":"Polygon","coordinates":[[[-96.57335497012795,19.318796627216432],[-96.58210066678008,19.333486874620018],[-96.58935872399289,19.341395436379248],[-96.5915552031021,19.34214292418634],[-96.59958308488929,19.352228945964168],[-96.59950799105901,19.35575671305597],[-96.61258019500788,19.3718682437991],[-96.61962263219415,19.375370409045527],[-96.62504541531165,19.376082104969687],[-96.62810509250308,19.40496472618314],[-96.63594054233558,19.41038151765557],[-96.64404691704028,19.430713245422837],[-96.6391448326107,19.434268185982816],[-96.61342814709573,19.42151200939939],[-96.5986821258944,19.40747912481471],[-96.58426242468579,19.401769622032038],[-96.56963965419816,19.419726128452233],[-96.54752663330451,19.422328448503638],[-96.5439230684851,19.41608055268592],[-96.54430554662386,19.41066570230827],[-96.55785822975199,19.381925946527364],[-96.51060895592023,19.375598834851242],[-96.49885783661276,19.378955199810918],[-96.492912979066,19.36603839180482],[-96.49786684447076,19.352834435872996],[-96.49820511596187,19.347043336192137],[-96.50475209742311,19.334188276734064],[-96.51131011308408,19.338932997312643],[-96.51169877834982,19.34209548252468],[-96.51961222847764,19.35136180348215],[-96.5323703185369,19.332294508030593],[-96.54419272126131,19.334853471367857],[-96.54962103919553,19.328385108979965],[-96.55459822103818,19.31904357141086],[-96.57335497012795,19.318796627216432]]]}},{"type":"Feature","properties":{"clues":"VZIMB005521"},"geometry":{"type":"Polygon","coordinates":[[[-96.62935432444003,20.024100181111983],[-96.62987633370294,20.03612627845857],[-96.63510205010343,20.044509481625944],[-96.6214515688222,20.045927043996365],[-96.62044886639755,20.04827779656563],[-96.61447729536758,20.049980165089785],[-96.61053555689672,20.045390431895324],[-96.61389446501505,20.034574581882346],[-96.61689649597649,20.034944495086915],[-96.62340815320673,20.03177224351561],[-96.62317866366121,20.02527904998742],[-96.62935432444003,20.024100181111983]]]}},{"type":"Feature","properties":{"clues":"ZSIMB000463"},"geometry":{"type":"Polygon","coordinates":[[[-102.40130454764848,22.79212298536251],[-102.43180690760123,22.805469722124016],[-102.42582406233015,22.809695651203935],[-102.42401611965363,22.814439089094165],[-102.4172385340337,22.821675313844896],[-102.41552507923278,22.830154420814868],[-102.41157902601135,22.829116728373144],[-102.40426630555467,22.834876190801264],[-102.39814327497488,22.843715252208806],[-102.38119291256159,22.854155248032107],[-102.41124317757671,22.865936345781606],[-102.41292361853223,22.883049789187353],[-102.40830603027347,22.88767780539224],[-102.38429965778508,22.890466972097688],[-102.3674737336036,22.8557709594177],[-102.34365059670799,22.849797603769932],[-102.33980611949382,22.845379190488444],[-102.33050664871674,22.816859444990055],[-102.33183094336852,22.811485393950164],[-102.38375299568959,22.80738029152167],[-102.39689689285998,22.791451583614904],[-102.40130454764848,22.79212298536251]]]}}]}