{"type":"FeatureCollection","features":[{"type":"Feature","properties":{"clues":"BCIMB001060"},"geometry":{"type":"Polygon","coordinates":[[[-117.04874953950832,32.50708408546094],[-117.04874791657421,32.50271853799446],[-117.0510738840143,32.50159889512694],[-117.05570518344109,32.50595426507754],[-117.06025429004448,32.50549999515675],[-117.0617373885757,32.49990947474914],[-117.06358258577163,32.50001715269063],[-117.07216649897805,32.507457710559436],[-117.07544474540637,32.51609634370206],[-117.06923822770757,32.51890861029407],[-117.06550899603738,32.51806311291549],[-117.0638215878113,32.52272816883553],[-117.04892323748435,32.52446177001475],[-117.04642243891045,32.52050582530893],[-117.05172704763899,32.510119417503496],[-117.04874953950832,32.50708408546094]]]}},{"type":"Feature","properties":{"clues":"BCIMB001434"},"geometry":{"type":"MultiPolygon","coordinates":[[[[-116.80196261830132,31.81278214379527],[-116.80090486379555,31.81134157446478],[-116.80892695354157,31.810871130946644],[-116.80729549742006,31.81322088395154],[-116.80196261830132,31.81278214379527]]],[[[-116.73118480508275,31.900603953164993],[-116.73445709891757,31.90225012236189],[-116.74599843565812,31.901888444386792],[-116.75518696327893,31.91113978788353],[-116.75640715087026,31.914311133840087],[-116.7552250343107,31.926463517165413],[-116.7571780962312,31.93154223837568],[-116.75629293702575,31.943717464274968],[-116.76429757390066,31.96549655558138],[-116.72167630708418,31.976003568553402],[-116.72127524041211,31.97763752003034],[-116.6944687630459,31.979699802474578],[-116.69222362653515,31.97571707927372],[-116.69895347484173,31.956364441532006],[-116.68508952763536,31.947950715567504],[-116.68500269553006,31.93551460991295],[-116.67440909904354,31.930265718659506],[-116.66991761898014,31.925920075031623],[-116.66862218590049,31.910480672099016],[-116.65433176391286,31.906435351500782],[-116.6540747509354,31.903043390476874],[-116.66197279164378,31.886966835983344],[-116.66851990336882,31.881805540028385],[-116.67007380251214,31.874280627032462],[-116.67491451895147,31.868504743920674],[-116.67754598253048,31.869216617364746],[-116.68648442889425,31.88265224447372],[-116.69936908559015,31.894775723882187],[-116.70246357456749,31.892911416067687],[-116.70108430542132,31.894696589309458],[-116.70417512238724,31.89566159698904],[-116.70582408788574,31.893881760507025],[-116.70250495055383,31.8906250075711],[-116.71064381929455,31.896643223221897],[-116.71632216391225,31.898272677879604],[-116.72063374800923,31.9023558335726],[-116.73118480508275,31.900603953164993]]],[[[-116.77212121737325,31.972760609932383],[-116.7824860430696,31.978392873984983],[-116.79078941046082,31.97673296225362],[-116.79948238095392,31.98206948283014],[-116.80962785434455,31.980124146187354],[-116.80102050950799,32.01001500256152],[-116.78949751358088,32.00555505272609],[-116.7821198211838,31.999459606131687],[-116.77134119368444,31.980786649112922],[-116.77212121737325,31.972760609932383]]]]}},{"type":"Feature","properties":{"clues":"BCIMB000121"},"geometry":{"type":"MultiPolygon","coordinates":[[[[-116.62074598405407,31.84120376479141],[-116.62162567128641,31.844025092574423],[-116.62101533920655,31.846040495870955],[-116.61992993760772,31.845135136307572],[-116.61610294236263,31.84603216792363],[-116.61746875204621,31.847752517704308],[-116.61920380675798,31.847290425281265],[-116.61755012978595,31.847898141551987],[-116.62020703614431,31.85123462097533],[-116.61783852118151,31.85288787138932],[-116.62099170948923,31.856252756897714],[-116.62317732890254,31.855172959968236],[-116.6204111940049,31.853754470117934],[-116.62357064252672,31.85224541620271],[-116.62527957073186,31.85398718239172],[-116.62240669351564,31.85712311190411],[-116.62334137147701,31.857924811580663],[-116.62179841789367,31.857571539690287],[-116.62620280233264,31.85914354468605],[-116.62301545962316,31.866722891018263],[-116.62115167013843,31.867539563322126],[-116.61776109726974,31.865715518687587],[-116.61327906891704,31.869138670815],[-116.6080226425941,31.86780064729187],[-116.60263702379271,31.870404107024363],[-116.59939060233546,31.876438881041523],[-116.59693048235928,31.87492551952804],[-116.59534649642796,31.86909999483217],[-116.60060863663719,31.864606162538585],[-116.5962422973181,31.853798001715013],[-116.59688327813087,31.852355539338102],[-116.6054034827732,31.85066485283106],[-116.60388805868676,31.84458013425405],[-116.59910955039587,31.84449726085645],[-116.59718808708644,31.835792111679115],[-116.59006810730837,31.836351874918805],[-116.5867952693193,31.834392839711732],[-116.57892824783588,31.837376419492685],[-116.56671104919658,31.831449413417985],[-116.55757691096487,31.824750120869943],[-116.57677688340313,31.819230020168852],[-116.5807850907223,31.816042004759836],[-116.58650797538763,31.81857624515668],[-116.58838863791804,31.822005120701675],[-116.59507884175889,31.819886959208073],[-116.60388837058164,31.82212048271169],[-116.60958731146762,31.81971951003503],[-116.61280989200695,31.840978696872135],[-116.61438655104246,31.842894980132844],[-116.61649983575674,31.842321398051464],[-116.61776118842947,31.84495284402275],[-116.6211295531903,31.84373170548571],[-116.62074598405407,31.84120376479141]]],[[[-116.63172611567306,31.85853527407173],[-116.62947123005776,31.855829121816154],[-116.63143380901774,31.857213017512905],[-116.63352012003902,31.855044851924777],[-116.62880498131926,31.851506118063487],[-116.62836144923429,31.84790075831022],[-116.62526624614586,31.843985117448824],[-116.62583351005114,31.84034168753109],[-116.6262047054672,31.84436963798645],[-116.63965341856203,31.85993511974231],[-116.65059251483878,31.859916560275384],[-116.65476091932281,31.86128259883803],[-116.64864553130901,31.868989768082233],[-116.64018783248036,31.86593099063419],[-116.63568263229854,31.85722089086197],[-116.63172611567306,31.85853527407173]]],[[[-116.62930614508622,31.859061425396586],[-116.62901380727695,31.858109426750506],[-116.630568763124,31.85878690629415],[-116.62930614508622,31.859061425396586]]],[[[-116.6290938307893,31.859107586886804],[-116.62910236830116,31.859098390786865],[-116.6291116461623,31.859103713458705],[-116.6290938307893,31.859107586886804]]],[[[-116.62685223390186,31.859489408840755],[-116.62684377034442,31.859596796255943],[-116.62677156252026,31.85961249572046],[-116.62685223390186,31.859489408840755]]]]}},{"type":"Feature","properties":{"clues":"SCCSA000008"},"geometry":{"type":"Polygon","coordinates":[[[-116.60649227708105,31.901281974852377],[-116.6111833256789,31.904408321898348],[-116.62317529850657,31.90661078294976],[-116.62595798856931,31.908923148165343],[-116.63099179544163,31.906036410293844],[-116.65354531554071,31.905293656612393],[-116.6478026038556,31.938737786032608],[-116.64498377669746,31.941766616962212],[-116.6223622623745,31.94291644246302],[-116.61844116732823,31.945806323629],[-116.60257643588821,31.95210469474554],[-116.58687563311692,31.95242948426801],[-116.59599258270187,31.928510726946513],[-116.59042038779046,31.914245605071024],[-116.59075464885863,31.91085841592449],[-116.59167164419213,31.908860407290568],[-116.60649227708105,31.901281974852377]]]}},{"type":"Feature","properties":{"clues":"BCIMB000116"},"geometry":{"type":"Polygon","coordinates":[[[-116.58272416927427,31.87902194037689],[-116.58465012643406,31.87149403894048],[-116.58840988195593,31.8733723500662],[-116.5908312698389,31.878249706690212],[-116.59693048235928,31.87492551952804],[-116.59939060233546,31.876438881041523],[-116.60040719494488,31.88007723862056],[-116.60401867561839,31.884050655598262],[-116.60424575390564,31.88822722869333],[-116.5999633088633,31.892381443035365],[-116.59736466436175,31.890131524232924],[-116.58959309653925,31.89329035359874],[-116.58717379155077,31.890811299715775],[-116.58348158666003,31.893772714500674],[-116.57754369535542,31.89185449621619],[-116.57835652276628,31.88773447423986],[-116.58066300367751,31.886578529984263],[-116.58382427834604,31.887202756158665],[-116.58657675880137,31.880811235173898],[-116.58272416927427,31.87902194037689]]]}},{"type":"Feature","properties":{"clues":"BCIMS000583"},"geometry":{"type":"Polygon","coordinates":[[[-115.59052327257676,31.80569515803579],[-115.574820165523,31.83385542839403],[-115.48097709258805,31.97759382021908],[-115.44980158011452,32.0027456961515],[-115.44710175519819,32.03059269933422],[-115.44566334338116,32.088990446795464],[-115.45061585834986,32.16775150685534],[-115.45343397564811,32.190324190057645],[-115.41568046292723,32.20116370523894],[-115.36792867340408,32.21824874179303],[-115.34063605116238,32.21784686826714],[-115.31329246451148,32.2244983146296],[-115.32451530440915,32.216888957733964],[-115.31055051333664,32.21318381373165],[-115.30380090312877,32.21755758894886],[-115.28372454173092,32.20881989312811],[-115.27883207134511,32.21387517332156],[-115.27052053220532,32.217642213106345],[-115.24951821548734,32.19882809182935],[-115.24878419119341,32.195334572958956],[-115.24512221538318,32.193782062488395],[-115.20745225432765,32.15182121355821],[-115.20934442597928,32.13917789457016],[-115.19363919412095,32.113160202481104],[-115.16915549674162,32.06087157592829],[-115.21042463530299,31.91307164776162],[-115.18549072144745,31.886104336596965],[-115.10622412795992,31.893603880114433],[-115.02388551245856,31.882381031561206],[-114.8809159945273,31.83901615655577],[-114.80857681960843,31.660615866083383],[-114.80958425946298,31.612604766643415],[-114.81174398571713,31.61348532344471],[-114.81125024812584,31.612334259405706],[-114.81321330289965,31.61250974396104],[-114.81029846354058,31.609440239385783],[-114.81455769949255,31.609104141144435],[-114.81262736122387,31.608134510102918],[-114.81414129323,31.60649565616011],[-114.81660106142618,31.60668898808105],[-114.81439411132914,31.60810476710022],[-114.81940852748383,31.60853574717499],[-114.82169281024453,31.615788344240546],[-114.83007058520387,31.621133674352762],[-114.8325727768952,31.61770912823476],[-114.83589212494364,31.617352208791527],[-114.83778379577701,31.610249518441314],[-114.84035361451312,31.609535680508547],[-114.83889024647183,31.604074817525337],[-114.84163852288286,31.602789908296213],[-114.84020187562602,31.60162988794831],[-115.13479098441928,31.586448358485143],[-115.25299138186134,31.495867261349243],[-115.42593108991711,31.630660507052422],[-115.46989979289681,31.642821203232547],[-115.58655500434922,31.793086710322115],[-115.59052327257676,31.80569515803579]]]}},{"type":"Feature","properties":{"clues":"SCCSA000041"},"geometry":{"type":"Polygon","coordinates":[[[-115.27105891005768,32.4897536893093],[-115.27038099882516,32.49874565210406],[-115.26664066860336,32.51107151049987],[-115.25760196739951,32.51327854176806],[-115.25125538489387,32.50708334794687],[-115.24391883997637,32.50405554420119],[-115.2457181171496,32.472337901170334],[-115.25627736217079,32.470639279406164],[-115.26650130947198,32.46039161261504],[-115.28083130112597,32.46632102288188],[-115.28391478129095,32.47028185956404],[-115.29270911544334,32.47413493210986],[-115.2960392212973,32.482135825628454],[-115.28928847646802,32.490964951757796],[-115.28436339880159,32.489077184055965],[-115.28313967283788,32.47273327306021],[-115.27105891005768,32.4897536893093]]]}},{"type":"Feature","properties":{"clues":"SCCSA000167"},"geometry":{"type":"MultiPolygon","coordinates":[[[[-114.02789742964728,27.656253970329605],[-114.0270735426075,27.65815158939187],[-114.0234746072238,27.657416931297796],[-114.02392670625217,27.658505534989427],[-114.02001249117703,27.660376385113867],[-114.0207947394223,27.66143822036527],[-114.01267780364728,27.65956439387707],[-114.00260078499349,27.66064407660641],[-113.99417816548512,27.65808063192625],[-113.98879761143924,27.659392308820905],[-113.98007985986638,27.657143719035535],[-113.97432309094374,27.659106178406237],[-113.96965642072024,27.658584478285512],[-113.96192635434325,27.65633862401333],[-113.96074893253207,27.65414721526521],[-113.98759185772941,27.64549331060168],[-114.02789742964728,27.656253970329605]]],[[[-113.69802549994321,27.68593449657606],[-113.8749773291464,27.681799167244563],[-113.95741542987629,27.655221904926194],[-113.95921812040304,27.660053072321343],[-113.96362012282903,27.66484054858534],[-113.959260950251,27.660569413995233],[-113.95711467659198,27.657000223095757],[-113.95596539637397,27.655817631352544],[-113.95667685565267,27.656978807898234],[-113.95432012747622,27.661234664097183],[-113.9475339028143,27.665993585511313],[-113.9393866288212,27.667180937155095],[-113.93920566843146,27.66977930801718],[-113.94073102468246,27.670307548308333],[-113.92579752764156,27.678771290871666],[-113.92519790357758,27.682823513356034],[-113.92656371288518,27.686047683454053],[-113.92478149657619,27.68435112754074],[-113.92098863748362,27.69727160140003],[-113.92507179164232,27.70087410416787],[-113.92281606276828,27.701319062890025],[-113.92206415452982,27.703815118450823],[-113.91696715696042,27.70778432035689],[-113.91751379706477,27.709454776879152],[-113.91581890666151,27.709543339536356],[-113.9173702649229,27.710264049653397],[-113.92038441961151,27.719419502656955],[-113.92749684552462,27.727283175795257],[-113.93501237808812,27.73146084735941],[-113.9416361870348,27.731595216799885],[-113.94107122270532,27.733757345926993],[-113.94250042732503,27.732288441217698],[-113.94321197607287,27.73308244351966],[-113.94270198104115,27.732013595494106],[-113.94575583485438,27.734160455152807],[-113.94597265910738,27.7330183145633],[-113.94833023480685,27.7333420211877],[-113.94235078849958,27.74156910438513],[-113.94515117214334,27.74494361205032],[-113.94768281683993,27.7444366736131],[-113.94796987941984,27.746849215857893],[-113.94815005584312,27.743914463511942],[-113.94379526191351,27.74180730300062],[-113.94771030228694,27.73676844562228],[-113.95262089881864,27.737739571020136],[-113.96120967195452,27.743494298185016],[-113.9615832458062,27.741883402483662],[-113.96138812987412,27.743993984275825],[-113.95992000304544,27.743111205067763],[-113.95982720483913,27.744027296476595],[-113.97162457205718,27.75091821522569],[-113.97342106596425,27.749871252399515],[-113.97277147300093,27.74868628126894],[-113.97444423343832,27.74883142844154],[-113.97304035075078,27.751986593070743],[-113.97482732624421,27.748691040935615],[-113.97746733899211,27.74505879271009],[-113.97698430907059,27.742976765161558],[-113.97750779007046,27.743990413819795],[-113.97756489607566,27.744977892291473],[-113.97742212779578,27.745520408018297],[-113.97307366251233,27.752974069118824],[-113.97224204229917,27.752773005263606],[-113.98186220292345,27.7593165243604],[-113.98706132513527,27.757322535592028],[-113.98695662911041,27.758574131698033],[-113.9878560662334,27.754207819968148],[-113.98756339196952,27.757865051887336],[-113.98886495616664,27.75999228992786],[-113.99023076809173,27.759406943250216],[-113.99060434189298,27.7621242868927],[-113.99258405505297,27.758343322885565],[-113.99540609493481,27.76031589712073],[-113.99499206824159,27.758907255263676],[-113.99835269048391,27.760056473247047],[-113.99734950896483,27.75822333624008],[-113.99873530851194,27.757098327542952],[-113.99973277703154,27.75885341716661],[-114.00164015310061,27.7530803691832],[-114.01027045928147,27.74938030696927],[-114.01011681812597,27.745994722355405],[-114.01129893416345,27.747896387368414],[-114.02409472394035,27.74326101909714],[-114.03048690708513,27.7434399544557],[-114.02800465262614,27.740986254637757],[-114.03101312573814,27.74354566181277],[-114.03058482249169,27.742680134318952],[-114.03193814015029,27.74528564349905],[-114.03157229840119,27.743738994002747],[-114.03545022503747,27.750377828855434],[-114.00679824832872,27.787995501380895],[-113.91116541391757,27.887485798158284],[-113.90138222788606,27.915008927602567],[-113.85606015581305,27.980799761695785],[-113.76011337522934,27.98074496998432],[-113.61056416411715,28.01507662354052],[-113.62817059201207,28.135733628192266],[-113.61256486792058,28.173351757093318],[-113.61120959289862,28.182949115373805],[-113.64617029003729,28.243316705535488],[-113.63325395840894,28.318715857285593],[-113.53571561645957,28.382091947211343],[-113.50127487588671,28.469624394320604],[-113.33868100047314,28.406040058154804],[-113.3011103390628,28.4066793863831],[-113.26784771446191,28.429671073636953],[-113.14547050217878,28.41574457461203],[-113.0395699031262,28.475177368926747],[-113.03766627316377,28.47379864385471],[-113.0354504001699,28.467222409444958],[-113.02793130432944,28.463742446776276],[-113.02801755912317,28.462073850066645],[-113.0194306794476,28.46047663705716],[-113.0156384125661,28.457535028389966],[-113.00124671945593,28.454470164346027],[-112.98381954727917,28.454970802257947],[-112.95831662864701,28.459285261835703],[-112.92811636550209,28.46688761909701],[-112.90304719645616,28.475065469098247],[-112.89574915108248,28.471784906398767],[-112.89256114998062,28.46809864540069],[-112.89291806920123,28.46668381854769],[-112.8894992594251,28.46417110753454],[-112.88498982156109,28.4633340894595],[-112.88817214522325,28.45671179462774],[-112.88590951440034,28.454917918969375],[-112.8833558770665,28.4565008556411],[-112.88270914000024,28.450972891604952],[-112.88091740643982,28.450354707004145],[-112.87708837699604,28.452017951538235],[-112.87422874061188,28.450119141645366],[-112.87498255370359,28.446487131222494],[-112.87764231602658,28.4464614329124],[-112.88249464795624,28.4379137840123],[-112.88014622252791,28.434320947325208],[-112.86851840716561,28.432068876084987],[-112.86672463501033,28.42528708639168],[-112.86254749087057,28.426604116893195],[-112.86638437243148,28.432187760447757],[-112.86069436698884,28.433907873558944],[-112.85900140414877,28.440244928940082],[-112.85020839063333,28.44208163539409],[-112.84652807857184,28.44079553668999],[-112.84778598054781,28.43011907326352],[-112.84417173011279,28.421970463282797],[-112.84874323772142,28.421662135051953],[-112.8510649966293,28.419421873587478],[-112.8598490155555,28.403883833895247],[-112.85501593218878,28.398733215196415],[-112.85345974804419,28.38744712292767],[-112.85112692429833,28.386249303588365],[-112.84930949155303,28.382097619017408],[-112.85229571644119,28.379409114069194],[-112.85465756870606,28.37359513917441],[-112.85285401262671,28.365990779403887],[-112.8555747321343,28.365779026054383],[-112.86026633984308,28.356862746276164],[-112.87228267156281,28.327520941680866],[-112.87563866440107,28.309249495736598],[-112.87349024921375,28.303727956819806],[-112.86997054969433,28.302406879802525],[-112.86826495258025,28.29966003102284],[-112.87117265369224,28.296048009658815],[-112.87327805980856,28.28334049733757],[-112.86342135093388,28.268032720877393],[-112.84288677000362,28.25363730076719],[-112.83416203984582,28.24026044782051],[-112.82676132190404,28.233612234350666],[-112.82631160405835,28.231444545390534],[-112.82473901828901,28.231450493295984],[-112.82387061015818,28.228708323325524],[-112.816707425609,28.223334033606832],[-112.81160781948525,28.21614215237453],[-112.80905370611134,28.215536341087194],[-112.80456488988199,28.208261845159168],[-112.80139291004268,28.20835416812063],[-112.8026183815084,28.205373606205825],[-112.80171033044006,28.20368852094653],[-112.79752866503613,28.201671452452008],[-112.79360541040218,28.20204074410308],[-112.7866212163806,28.196743111744063],[-112.78694291866898,28.19479576089887],[-112.79020182864859,28.193440420382935],[-112.78941755935321,28.191384566285315],[-112.79425476510967,28.190272168511587],[-112.79597154575528,28.187830841358437],[-112.79757256002108,28.174416345277287],[-112.8061508804457,28.160733539523594],[-112.81060459948682,28.146037623270065],[-112.8124037540504,28.1277226841772],[-112.97886415275948,28.202103910780448],[-113.0197902292731,28.20082674380986],[-113.04012888013598,28.181718410545223],[-113.10348967849507,28.157115217608133],[-113.1379818814713,28.12861313139184],[-113.21741933106908,28.109485478063437],[-113.25850072756943,28.115719578664624],[-113.31350974518413,28.08936596872327],[-113.31681035016939,27.95359879003456],[-113.3916616533329,27.912552024091895],[-113.49554571628208,27.901652166002723],[-113.53239426278527,27.913874886231177],[-113.57700391611239,27.973630420572462],[-113.7334947370094,27.82758838080794],[-113.71979643008859,27.769510941640625],[-113.68350804165523,27.71949620601825],[-113.69802549994321,27.68593449657606]]],[[[-114.04373613675348,27.73949911299315],[-114.04430772042535,27.737393544944773],[-114.04561404481322,27.73675584919659],[-114.04373613675348,27.73949911299315]]],[[[-112.88718309439,28.677736773186236],[-112.88686607660888,28.676603691747832],[-112.87749317855524,28.675493435609805],[-112.87213485568957,28.672897775014885],[-112.870510162291,28.673709526501675],[-112.86742884430736,28.671101576333925],[-112.86024143758341,28.672997574102503],[-112.85820616914201,28.670321830647985],[-112.85548265567539,28.670814637544545],[-112.8534477848399,28.666364552480996],[-112.84785508556469,28.661979514491563],[-112.84149003838282,28.65944609759284],[-112.83866542865609,28.66116345569425],[-112.83748880199757,28.657022740412703],[-112.82469870243384,28.649521280942913],[-112.820289177491,28.64511502862996],[-112.80304864766843,28.635841407081056],[-112.7977734388495,28.62743459293184],[-112.79007130216903,28.621183813910715],[-112.78432834372892,28.618810548986826],[-112.77997272373081,28.610329868386668],[-112.76396682623486,28.60225145676299],[-112.75897316624312,28.59386098235569],[-112.75256022743808,28.591528838481487],[-112.75804906066837,28.585799825796546],[-112.77216002838492,28.576860419024964],[-112.77589940482387,28.576911710761642],[-112.77796737751586,28.579262045918657],[-112.78261125881133,28.580362073246057],[-112.78348372462803,28.58620872074317],[-112.78932232996648,28.58727550789223],[-112.79180723130224,28.598979130018996],[-112.79623225306518,28.607265673402097],[-112.7994952408358,28.611010435264777],[-112.80854171452044,28.615597188122223],[-112.80946496145982,28.61891704694846],[-112.82983211381656,28.627348086528407],[-112.84376963334456,28.64017706170053],[-112.85349182122707,28.641090412882516],[-112.8557270056668,28.644192023595096],[-112.86784550599295,28.64396869611706],[-112.86573938937954,28.649076081051998],[-112.86655335725628,28.652530281567454],[-112.87208519953528,28.654983546816382],[-112.87628758185804,28.65988339374046],[-112.8785266884023,28.6661432151823],[-112.89029307787227,28.674225227144394],[-112.88718309439,28.677736773186236]]]]}},{"type":"Feature","properties":{"clues":"SCCSA000076"},"geometry":{"type":"Polygon","coordinates":[[[-111.68513964525621,25.302623087524083],[-111.6930712830231,25.311621855347845],[-111.72157689587942,25.32603102697115],[-111.72678331773042,25.33246201408736],[-111.73241368895273,25.335071025494965],[-111.73459288677029,25.34320354968194],[-111.72657715363945,25.363565947266164],[-111.72143349992368,25.36815693186869],[-111.70380142581828,25.395473507185695],[-111.73240327905512,25.436386877612858],[-111.74029391361667,25.458552802296857],[-111.73560669379201,25.49819997390579],[-111.72107497032626,25.521306044551046],[-111.69395991379382,25.51430667874527],[-111.63244454049342,25.54539506229857],[-111.5864218014039,25.560550938446568],[-111.52408006023306,25.500371772394356],[-111.52036140967044,25.501583826705552],[-111.51121636854089,25.512781536213847],[-111.45058368851456,25.54431922607953],[-111.4418420350086,25.545201217062342],[-111.40868398380309,25.523551242242128],[-111.41165688417402,25.499486109242216],[-111.4146571000061,25.492654288266696],[-111.38456233095097,25.44111683831434],[-111.4019446276707,25.426697224362492],[-111.4222928273028,25.41642541953514],[-111.43552384791305,25.389089410531724],[-111.44947385254636,25.38400676893155],[-111.46847745003963,25.356716225650185],[-111.51272612166127,25.30888127303331],[-111.56166133495103,25.329586855527097],[-111.59060961508578,25.30388579853507],[-111.62887871359523,25.298544940570153],[-111.63744282613955,25.29168687078935],[-111.64642325580596,25.27185830958412],[-111.63865568197316,25.23390272574567],[-111.64260828027703,25.227975762252488],[-111.6632068904596,25.22421705285264],[-111.68287531820904,25.246160338210263],[-111.6841616837426,25.25286314619833],[-111.68234934735248,25.271631771521623],[-111.69485040435747,25.28319749010552],[-111.68513964525621,25.302623087524083]]]}},{"type":"Feature","properties":{"clues":"SCCSA000083"},"geometry":{"type":"Polygon","coordinates":[[[-111.65526192574468,25.091207722433108],[-111.66780817244256,25.100483297301455],[-111.66055397637666,25.126842259339295],[-111.63721108722959,25.134746975719892],[-111.6294885141552,25.132424160122007],[-111.61595586799709,25.105573916223804],[-111.6241321884379,25.097767802948212],[-111.62353909159816,25.067268260968795],[-111.63112902146365,25.05811434764815],[-111.63809833640359,25.05600100658048],[-111.64418742050104,25.056160379212713],[-111.6599236897095,25.06597048214989],[-111.66228332574002,25.07200729510463],[-111.65526192574468,25.091207722433108]]]}},{"type":"Feature","properties":{"clues":"SCCSA000119"},"geometry":{"type":"Polygon","coordinates":[[[-111.01144965654707,24.413044522297458],[-110.98823941842852,24.41723716344961],[-110.94476499573143,24.432502599075065],[-110.91502045148479,24.432839261866977],[-110.86207604660898,24.428053805196303],[-110.82833842461358,24.419684793625766],[-110.82439262118277,24.389617974793207],[-110.84130933144621,24.360646973939893],[-110.92430814819888,24.331204696325937],[-110.9701874426903,24.349999147744086],[-110.98584606085343,24.347814371843814],[-111.0123967839556,24.359026845777326],[-111.00705546863949,24.394115192627066],[-111.01144965654707,24.413044522297458]]]}},{"type":"Feature","properties":{"clues":"SCCSA002645"},"geometry":{"type":"Polygon","coordinates":[[[-110.91885834559794,27.948269734069516],[-110.92241371309449,27.947815526858307],[-110.92198331290174,27.950725271808867],[-110.92365069695708,27.95194279069763],[-110.92244345827667,27.956395705762564],[-110.92613022099766,27.95980138058046],[-110.91840893980323,27.96229514345128],[-110.91535349912382,27.965613408968544],[-110.91849057728658,27.977972611697144],[-110.90815834850395,27.97408671143837],[-110.90433969573795,27.970263075390957],[-110.88718220457989,27.96178808485623],[-110.89040328458995,27.955374901166323],[-110.89780192006184,27.950221595159505],[-110.900662483375,27.94522884200052],[-110.90515376898281,27.943374472959764],[-110.91521496871894,27.94838520058119],[-110.91664865027421,27.94702540898916],[-110.91885834559794,27.948269734069516]]]}},{"type":"Feature","properties":{"clues":"SCCSA002687"},"geometry":{"type":"Polygon","coordinates":[[[-110.17072035877993,27.452921825327586],[-110.16572121618884,27.429700061967544],[-110.18082438920723,27.42963659863336],[-110.19032981054387,27.439089318840782],[-110.20493312279234,27.433477206816818],[-110.20906038847986,27.436025808912554],[-110.20898090009769,27.452725573553007],[-110.202275641221,27.46601664568548],[-110.20152977920499,27.47055632286129],[-110.19747472630267,27.465116034745606],[-110.19329984012394,27.45445152743419],[-110.1871026673489,27.45187726217428],[-110.17072035877993,27.452921825327586]]]}},{"type":"Feature","properties":{"clues":"SRIMB000506"},"geometry":{"type":"MultiPolygon","coordinates":[[[[-110.0123447886516,27.38620752697014],[-110.02451093487441,27.38814536869465],[-110.03039005660531,27.395905260439672],[-110.04541321632742,27.395324389388154],[-110.04797057286906,27.38346747889438],[-110.05959324274416,27.38396739959029],[-110.06758401400039,27.39263046091873],[-110.06924576795596,27.396402231349253],[-110.06183022076996,27.401588756986012],[-110.05736707435435,27.402164655764665],[-110.05702160123145,27.40931383426697],[-110.07252519219115,27.42544573730744],[-110.06972578229644,27.4437198679383],[-110.04593982831346,27.443313645170253],[-110.04117790343075,27.43877470924464],[-110.03723994316158,27.441113108612086],[-110.01295360687685,27.470126948450645],[-110.02398970998613,27.474027147115496],[-110.02039936271936,27.48527794719629],[-110.02576183758433,27.487744289252735],[-110.02547381762363,27.494305690724026],[-110.01975725782282,27.501001387943145],[-110.01516905954567,27.497523250222685],[-110.0080072452949,27.495981952128243],[-110.00661860596126,27.491029020334068],[-110.00737668713087,27.48746729578286],[-110.00540037696423,27.48562371338292],[-110.00396184234563,27.479681199912793],[-110.00464173887467,27.467962693012698],[-109.98899818514205,27.45949979177075],[-109.98747807235077,27.456678303530886],[-109.98644512662196,27.44145769763983],[-109.9818514384656,27.434671139823845],[-109.96374320825142,27.423577746494495],[-109.96279646722445,27.421615394631974],[-109.97087805887338,27.41270759559856],[-109.96803992317986,27.405175760041192],[-109.96023134498519,27.402875823458235],[-109.95662625003334,27.399654453233385],[-109.96433758575698,27.38916495256649],[-109.95764254583287,27.369507932008254],[-109.96766404844145,27.369327830560298],[-109.97570720768904,27.373125566923743],[-109.9822063449014,27.38032772377343],[-109.98312568969986,27.383579492276812],[-109.98897928770262,27.384625193932898],[-109.99411378613013,27.388090898576287],[-110.00207588854552,27.383116881962113],[-110.00785010334236,27.388286866291317],[-110.0123447886516,27.38620752697014]]],[[[-110.04345156054896,27.474784626179876],[-110.04350349690397,27.484297772029137],[-110.03205452036278,27.484575022467492],[-110.02888915674131,27.482686359105983],[-110.02843470261796,27.47452708326579],[-110.03712211634173,27.472862052137312],[-110.04345156054896,27.474784626179876]]]]}},{"type":"Feature","properties":{"clues":"SCCSA000150"},"geometry":{"type":"Polygon","coordinates":[[[-109.8087234118353,23.26567525818254],[-109.82639322564499,23.25605684453314],[-109.87879489520367,23.279618958275442],[-109.88526288276226,23.287008824284907],[-109.92339069134674,23.29473158095014],[-109.94669343452347,23.3076332670431],[-109.94605792602887,23.34231734150043],[-109.944340260757,23.352890181112326],[-109.87200756688728,23.39361673459358],[-109.86301263285927,23.37830786727395],[-109.84073019002297,23.364085186910277],[-109.81064541090475,23.35052177202121],[-109.79475560251822,23.32813780312072],[-109.7851087177286,23.339857977661836],[-109.76463886559064,23.34554977087289],[-109.76710199956767,23.358217835020675],[-109.76570133224998,23.37448843255864],[-109.75650356257016,23.38724118945376],[-109.73239809846228,23.404999220960747],[-109.71716649403977,23.403228480224534],[-109.72175245239802,23.382424541464523],[-109.73416033539138,23.36019319185061],[-109.73279463208326,23.35111040486813],[-109.71785579591524,23.334793864147446],[-109.71958079080193,23.331598522368942],[-109.73830008577679,23.32795035057505],[-109.74489172501013,23.30756522558262],[-109.74426655657479,23.299344961715022],[-109.7320628820977,23.289235200499082],[-109.72754996083856,23.267103479204113],[-109.74169646192769,23.262248990325677],[-109.75923588672859,23.250187362680087],[-109.76655448852294,23.252908866528323],[-109.78316257669988,23.244886654554666],[-109.80066336904405,23.261138913287745],[-109.8087234118353,23.26567525818254]]]}},{"type":"Feature","properties":{"clues":"SRSSA018062"},"geometry":{"type":"Polygon","coordinates":[[[-109.77770875640965,26.99983911105061],[-109.79736834770551,27.01578803654887],[-109.80255706245055,27.01719897416603],[-109.82089840953235,27.01193493490261],[-109.83081384567093,27.015356405868364],[-109.8242299051972,27.033268907590468],[-109.8099502251617,27.05271745790988],[-109.77062852670659,27.0638601909011],[-109.77559912229289,27.090448794131795],[-109.7687797718761,27.096150959178626],[-109.7383209567378,27.102497168680824],[-109.72311519399685,27.089926339758314],[-109.7598515507388,27.062119806671408],[-109.71412615577768,27.048111514696913],[-109.71556119993267,27.030309295455346],[-109.7178420614376,27.025968509024338],[-109.74332658161734,27.022981840019664],[-109.76280090062544,27.030497534108854],[-109.77770875640965,26.99983911105061]]]}},{"type":"Feature","properties":{"clues":"SRIMB001206"},"geometry":{"type":"Polygon","coordinates":[[[-109.70841121013207,26.79756917494529],[-109.70691386357936,26.810125238793166],[-109.71119327673368,26.8132226322925],[-109.69141297875831,26.824859527355542],[-109.68529573334678,26.819574080718755],[-109.6793974575557,26.818319065886662],[-109.67633692503593,26.81203423759354],[-109.66771356668455,26.804010887736776],[-109.65592358231238,26.805566838176162],[-109.6486205203305,26.79531926626472],[-109.64561630410458,26.79361089283945],[-109.65938265489288,26.7790389654835],[-109.6706351995029,26.78202536505422],[-109.67669628019215,26.780777142240698],[-109.6847255655199,26.78636349189691],[-109.69130458607192,26.784228865372707],[-109.69318658566822,26.76407495008978],[-109.70284950134413,26.76265860348428],[-109.7178806494453,26.776901554561388],[-109.70263245585882,26.78460762364546],[-109.70841121013207,26.79756917494529]]]}},{"type":"Feature","properties":{"clues":"CCIMB000225"},"geometry":{"type":"Polygon","coordinates":[[[-91.63860257611269,18.73327369780839],[-91.55005211794271,18.76901915338884],[-91.53363490199025,18.779978779620045],[-91.53059260084473,18.77996752810669],[-91.5284713098186,18.76898589709012],[-91.52239859254578,18.765615877159156],[-91.49826167602723,18.781637988841684],[-91.50071061805833,18.785857449527047],[-91.4974713950963,18.791964960479625],[-91.44995412907517,18.830490398428818],[-91.4211571430621,18.864972550979985],[-91.39649022470589,18.89007083504142],[-91.36028077656367,18.91203920928384],[-91.32944891107938,18.92876087104482],[-91.28901591971264,18.94755861383157],[-91.24966050865811,18.962485951801806],[-91.23758244122938,18.929885262373382],[-91.24544276119055,18.92877232783901],[-91.27184203421231,18.950308417396347],[-91.29644310663767,18.91889595099711],[-91.32898429990819,18.92486026816355],[-91.3321744677639,18.91013772234936],[-91.33810368074442,18.8930673596868],[-91.38105987038428,18.861902088395095],[-91.3780928949253,18.826036090604184],[-91.38910829415506,18.801948963137193],[-91.39641044632813,18.75838945672003],[-91.38943662585243,18.700804802661818],[-91.42081415307233,18.666881316639856],[-91.45828365134571,18.608355241345308],[-91.53044111809734,18.605391660664743],[-91.57355383038667,18.588321595300123],[-91.60175222248856,18.629069051327445],[-91.62784077415694,18.696922114235672],[-91.64769513470742,18.727757717477978],[-91.63860257611269,18.73327369780839]]]}},{"type":"Feature","properties":{"clues":"CSIMS001016"},"geometry":{"type":"Polygon","coordinates":[[[-92.06782051142588,17.748655736737824],[-92.07730653853758,17.74015147647566],[-92.07935019618171,17.75576351922241],[-92.09184419976091,17.754970876346402],[-92.0968965491788,17.75858578676889],[-92.11386679780811,17.746225949466265],[-92.1199463688409,17.756354833124288],[-92.11968204219521,17.765176572819062],[-92.09897436922526,17.783461700579057],[-92.07220019175647,17.81591639371827],[-92.05977286042561,17.813451850802284],[-92.04527777115155,17.815052554028895],[-92.03403641475437,17.808848425492226],[-92.0202377545778,17.780910723425894],[-92.02994167880733,17.77319024057326],[-92.03380350955898,17.76390668931555],[-92.03587134720499,17.752112270503716],[-92.03334601667214,17.742701432058574],[-92.03765417170922,17.73345241162133],[-92.0569580399293,17.728109821613703],[-92.06284104459937,17.747185158450975],[-92.06782051142588,17.748655736737824]]]}},{"type":"Feature","properties":{"clues":"SCCSA002859"},"geometry":{"type":"Polygon","coordinates":[[[-92.0385835527601,17.963211297984728],[-92.0522583970843,17.993349966701665],[-92.01822549097186,17.98124654543514],[-92.01793725616923,17.973076554066985],[-91.98958334603657,17.97071603688371],[-92.02373371152095,17.946390558394558],[-92.03681688119337,17.952303669793995],[-92.0385835527601,17.963211297984728]]]}},{"type":"Feature","properties":{"clues":"CCIMB000580"},"geometry":{"type":"Polygon","coordinates":[[[-90.92072198738012,18.32745984410984],[-90.90873091465764,18.336959978455887],[-90.89602686441218,18.34186957766694],[-90.88203730599886,18.34334165330524],[-90.84644552735844,18.316677280517435],[-90.84192907599937,18.308602810220226],[-90.840136861731,18.29233946377952],[-90.8436512223595,18.288779721715287],[-90.85619662275796,18.289327450833465],[-90.91141060642781,18.268032214318286],[-90.92669970426218,18.281421932701946],[-90.92679196990017,18.312419051017773],[-90.92072198738012,18.32745984410984]]]}},{"type":"Feature","properties":{"clues":"CCIMB000575"},"geometry":{"type":"Polygon","coordinates":[[[-90.87142358109226,18.58203431336383],[-90.88479213382539,18.592125510044525],[-90.88707087291463,18.59535139346267],[-90.88055964688583,18.622302216127522],[-90.878542951134,18.644949164367745],[-90.88631953124967,18.645220381556207],[-90.89939419974469,18.67353875162654],[-90.89390511007336,18.68731331240139],[-90.88356913193037,18.69624077861382],[-90.8731030893126,18.71079701807571],[-90.8697504001992,18.712269325124932],[-90.84744695058133,18.695602212562925],[-90.84215259367029,18.658692627131547],[-90.82982383287226,18.65681750331492],[-90.81824645304535,18.648504889814166],[-90.81437897697627,18.636023883866642],[-90.80428380368528,18.62939806091328],[-90.79753166405209,18.627725366728512],[-90.78774399314176,18.611480295763734],[-90.8019185476307,18.592751858095514],[-90.80781110940683,18.57989694330965],[-90.81786831010996,18.56912041833798],[-90.82559372821898,18.55524958423971],[-90.84682019322918,18.571618037025207],[-90.87142358109226,18.58203431336383]]]}},{"type":"Feature","properties":{"clues":"CCIMS000226"},"geometry":{"type":"Polygon","coordinates":[[[-90.2116187303454,19.455516177325897],[-90.22738364347805,19.4497308229346],[-90.26336707174698,19.449151087653462],[-90.27069391717798,19.466607629416924],[-90.28189992776004,19.51185893524715],[-90.25736155732268,19.533968723336113],[-90.25320589071893,19.55234669643671],[-90.26965110396137,19.602850377037935],[-90.27695144352802,19.638098783160327],[-90.26995296363053,19.658801461774146],[-90.2637984278568,19.69527062689454],[-90.26159467136755,19.695788708621777],[-90.24156714921016,19.69802985979918],[-90.18070901656728,19.624092431943385],[-90.17617632012032,19.62044949145066],[-90.17136134284262,19.619586718304138],[-90.15831071184544,19.612039047511058],[-90.09104775009207,19.588518993432697],[-90.08904397524597,19.574029036159217],[-90.12927286451605,19.52895145772816],[-90.14545577586675,19.465510221820416],[-90.15958997297311,19.45277854109806],[-90.16145432562877,19.44646468164974],[-90.2116187303454,19.455516177325897]]]}},{"type":"Feature","properties":{"clues":"CCIMS000576"},"geometry":{"type":"Polygon","coordinates":[[[-89.91203637332373,19.463541375278744],[-89.91835760729805,19.436105780853694],[-89.95277441517571,19.40224451293798],[-90.04033925505195,19.455578022891288],[-90.04070145662261,19.462365242208975],[-90.06821603836907,19.510608462366545],[-90.0688685270203,19.51612140970154],[-90.08904397524597,19.574029036159217],[-90.09104775009207,19.588518993432697],[-90.03856979795167,19.63812430857358],[-90.01598447395057,19.642592325473238],[-89.94566074605784,19.638565337837367],[-89.92531275257565,19.601042703706177],[-89.92127687303596,19.547340017254275],[-89.90607907377023,19.52827235799963],[-89.91226340938165,19.47504950247088],[-89.91203637332373,19.463541375278744]]]}},{"type":"Feature","properties":{"clues":"SCCSA003449"},"geometry":{"type":"Polygon","coordinates":[[[-89.77906776894065,20.813712730108094],[-89.79881312258067,20.832849934230783],[-89.8051751110731,20.850343699385856],[-89.80937136168005,20.850562717121836],[-89.83580103217666,20.874226048265538],[-89.83533643521571,20.879933522202776],[-89.81556000013865,20.88491194789586],[-89.80427087381518,20.88996587643003],[-89.8056889422505,20.899428902889703],[-89.79353876229982,20.90785219986032],[-89.78302335664927,20.926539430259798],[-89.79772277748528,20.94027019132161],[-89.80141328162523,20.961485979465166],[-89.77432225753462,20.985591680021194],[-89.76758222807426,20.98574180058256],[-89.7408207461791,20.952438149674492],[-89.7395642146464,20.936737560332897],[-89.72962807395648,20.93039626852655],[-89.72593751215526,20.930988424758322],[-89.70730469936207,20.926100927350817],[-89.7029152677802,20.927671877505812],[-89.69471169442633,20.924712256666368],[-89.70293212212135,20.91472998372996],[-89.70949907289241,20.916613811542515],[-89.71956146785405,20.911699989920745],[-89.71487638819816,20.90392285764667],[-89.72183476703144,20.895926101905847],[-89.72754765402203,20.896036426294494],[-89.72908297478826,20.891777516196186],[-89.73749808220732,20.893476835716264],[-89.73793489088168,20.89147046754762],[-89.74237512058905,20.888222960032756],[-89.74109103882573,20.88019879303997],[-89.74499644869962,20.87942341526525],[-89.74865512048181,20.87407989930246],[-89.74701745011426,20.87022251778375],[-89.74133144213172,20.869263665373023],[-89.73903466207962,20.86212415388183],[-89.72695002678526,20.85059191848814],[-89.72549734899061,20.833466945443497],[-89.71425461734768,20.819790696054156],[-89.71901552618097,20.781918091367594],[-89.69859307126923,20.772142165196843],[-89.73352870098203,20.724935510520634],[-89.74371490118715,20.723606208119694],[-89.76306400663647,20.73299561376481],[-89.75948679837573,20.771074337864537],[-89.77483237609304,20.787023901318083],[-89.77379089119556,20.797567120206306],[-89.77906776894065,20.813712730108094]]]}},{"type":"Feature","properties":{"clues":"CCIMB000464"},"geometry":{"type":"Polygon","coordinates":[[[-89.64825089115652,19.522274255260818],[-89.68008774405591,19.563300796606296],[-89.69548977963191,19.57207114359468],[-89.72249989264584,19.56894275207687],[-89.73080029729415,19.597704033281502],[-89.71860038377112,19.624934669926635],[-89.73412790665849,19.64355879527141],[-89.72029650194644,19.669162034892768],[-89.72027992695473,19.681421910111794],[-89.75967486943007,19.723125869696297],[-89.72200761795737,19.73389290422226],[-89.66956490322022,19.761942093956595],[-89.64978028922609,19.76110792461468],[-89.60413899432841,19.775218711928716],[-89.58887731185656,19.75497318597159],[-89.56283752257791,19.735579015509174],[-89.56030101579255,19.73064731142909],[-89.46335667847949,19.706273412660423],[-89.44561574721149,19.681534121147138],[-89.45532172018447,19.577256984517685],[-89.43351215711837,19.565596765270385],[-89.36214870259214,19.55049397674732],[-89.31633102872122,19.555518593977745],[-89.22109331342965,19.47163744287799],[-89.20121801563727,19.458214036656795],[-89.17663288358581,19.423985531106336],[-89.16432302939756,19.372464490604493],[-89.25172629296384,19.308415609628504],[-89.30242183398863,19.30403142106738],[-89.35813923937897,19.307935045592373],[-89.37561384284577,19.30112542587514],[-89.48176962074237,19.290900971237612],[-89.48328930867623,19.319944625043128],[-89.50685368047299,19.385823898832278],[-89.52315224974822,19.407937118999996],[-89.56627443636701,19.430244474280983],[-89.58973366963508,19.45855013500878],[-89.605926866358,19.484542861452553],[-89.64288487311306,19.4924623710656],[-89.64825089115652,19.522274255260818]]]}},{"type":"Feature","properties":{"clues":"YNSSA001422"},"geometry":{"type":"Polygon","coordinates":[[[-89.73903466207962,20.86212415388183],[-89.74133144213172,20.869263665373023],[-89.74701745011426,20.87022251778375],[-89.74865512048181,20.87407989930246],[-89.74499644869962,20.87942341526525],[-89.73557711798037,20.88057130654544],[-89.73351526009337,20.881960369965316],[-89.72776773332625,20.87511633763141],[-89.72517868773394,20.875661258959692],[-89.72516290603447,20.884854324364753],[-89.71968399826959,20.886163459833174],[-89.71546695546445,20.88452737061698],[-89.71071269284124,20.879626014666854],[-89.70861329295231,20.87405321498288],[-89.7009944796402,20.864891803089403],[-89.69032906167045,20.845939346583414],[-89.70753512228374,20.822565082471662],[-89.71425461734768,20.819790696054156],[-89.72284252964873,20.828971036661663],[-89.72549734899061,20.833466945443497],[-89.72695002678526,20.85059191848814],[-89.73903466207962,20.86212415388183]]]}},{"type":"Feature","properties":{"clues":"YNIMS000952"},"geometry":{"type":"Polygon","coordinates":[[[-89.56030101579255,19.73064731142909],[-89.56283752257791,19.735579015509174],[-89.58887731185656,19.75497318597159],[-89.60413899432841,19.775218711928716],[-89.60329928356482,19.78954827431337],[-89.67432204534416,19.912996571597184],[-89.67096648165082,19.927489585289585],[-89.6398703433613,19.972091698974065],[-89.58176823880866,19.96892057422466],[-89.55763790736323,19.97735597168679],[-89.51275629728973,19.951978550857657],[-89.44092666257282,19.939190309956857],[-89.41801490834818,19.950297406314093],[-89.40908554482519,19.931863674703116],[-89.4059108799183,19.919457242412385],[-89.38389618392871,19.86148361344334],[-89.3769199939572,19.854874262908357],[-89.3695931648392,19.85310521434705],[-89.3539919349549,19.822835786413755],[-89.35539179132869,19.804872676885143],[-89.34970243455022,19.79552463975362],[-89.3132238834429,19.69501471344523],[-89.28079373579958,19.671594898869838],[-89.31633102872122,19.555518593977745],[-89.36214870259214,19.55049397674732],[-89.43351215711837,19.565596765270385],[-89.45532172018447,19.577256984517685],[-89.44561574721149,19.681534121147138],[-89.46335667847949,19.706273412660423],[-89.56030101579255,19.73064731142909]]]}},{"type":"Feature","properties":{"clues":"SCCSA003392"},"geometry":{"type":"Polygon","coordinates":[[[-89.56749584800157,20.13359274833423],[-89.5322618010176,20.18598821912544],[-89.50090187050561,20.20654621231659],[-89.48722385759713,20.20569938982531],[-89.4731148184554,20.198772590977637],[-89.44856258689813,20.15066936445638],[-89.45649669049145,20.147544662106004],[-89.49029037108852,20.123338134001582],[-89.56749584800157,20.13359274833423]]]}},{"type":"Feature","properties":{"clues":"SCCSA003437"},"geometry":{"type":"Polygon","coordinates":[[[-89.44253909777011,20.309368339724404],[-89.46720736734444,20.295269427649043],[-89.47203395065539,20.290077910717624],[-89.49386001242571,20.29459104042945],[-89.51052987006098,20.307862559157517],[-89.48139197015009,20.360603297443586],[-89.46227916885647,20.357929016814648],[-89.43353904217827,20.357515210956002],[-89.43257756356759,20.347243308726064],[-89.43455466890201,20.324964262452923],[-89.44253909777011,20.309368339724404]]]}},{"type":"Feature","properties":{"clues":"SCCSA003319"},"geometry":{"type":"Polygon","coordinates":[[[-89.47608245117972,20.808947834641202],[-89.47938978782588,20.829771414933557],[-89.48401258813438,20.832188183151658],[-89.4768018250051,20.84766704972864],[-89.47713349659783,20.859073324126932],[-89.4660609764184,20.87099748974304],[-89.45550419322377,20.86249326845488],[-89.4528514077306,20.85575434966017],[-89.43255949491929,20.850890473819746],[-89.41995988449467,20.841229011415045],[-89.4159333726812,20.830935061674378],[-89.39694113448883,20.821154102368414],[-89.3956049794446,20.819518663715197],[-89.3951548701533,20.803109425189355],[-89.37365510525179,20.785228143813004],[-89.41318836176781,20.738152666734365],[-89.43354148037751,20.775595780174967],[-89.46396681331969,20.781200983023844],[-89.47099553945756,20.786799092543724],[-89.48011220531929,20.79105330245059],[-89.47608245117972,20.808947834641202]]]}},{"type":"Feature","properties":{"clues":"YNIMS000730"},"geometry":{"type":"Polygon","coordinates":[[[-89.3501924300293,20.441580019444235],[-89.34452156925133,20.442543934036948],[-89.33174469992753,20.422729600073364],[-89.31877527691424,20.379141569376014],[-89.323110235961,20.356167871657192],[-89.34506647352708,20.366572443789167],[-89.35969510879025,20.385561515715303],[-89.37770447852428,20.430512275243675],[-89.3501924300293,20.441580019444235]]]}},{"type":"Feature","properties":{"clues":"SCCSA000192"},"geometry":{"type":"Polygon","coordinates":[[[-89.19817343370292,17.844659066334152],[-89.21367617999162,17.907816233887498],[-89.21122931544106,17.9136815299157],[-89.21296738073227,17.91817495248707],[-89.2736253689462,17.967624797596066],[-89.27234656309393,17.970770739307554],[-89.25264182234233,17.98633377440173],[-89.24505703236434,18.00422449441298],[-89.22311254082709,18.02229626518084],[-89.19373172402015,17.988142969765995],[-89.18443105661892,17.982435274845756],[-89.14497693560142,17.991146862971675],[-89.11808525705372,17.98457726503995],[-89.10881440008116,17.97247650120287],[-89.11100068026275,17.969995489882795],[-89.11443867968845,17.970432969558356],[-89.11669404970469,17.968862219038865],[-89.11994582028376,17.971979079595435],[-89.12240859957065,17.972157799538085],[-89.1242139998494,17.97527834951429],[-89.13396755042483,17.97121828975972],[-89.13268271974228,17.968619939152543],[-89.13345917050208,17.96084474905096],[-89.13560031978236,17.95951008987894],[-89.13621084984968,17.955439919324437],[-89.14497091034278,17.951071089117086],[-89.14576862983819,17.94610770899015],[-89.14812226022427,17.94237090929522],[-89.15195662962803,17.94025690967723],[-89.15171384957115,17.815614249692963],[-89.18671149380307,17.815527361083692],[-89.19817343370292,17.844659066334152]]]}},{"type":"Feature","properties":{"clues":"SCCSA001149"},"geometry":{"type":"Polygon","coordinates":[[[-104.5517916922851,19.140882798910813],[-104.56809319377048,19.14501181366764],[-104.5722244570822,19.172842243832033],[-104.5615407302365,19.184962155176844],[-104.57259301008749,19.192234497277475],[-104.57268154045947,19.20072067811521],[-104.56805231360985,19.20327655938773],[-104.56206107118868,19.21224414747364],[-104.55425258320177,19.21670571130308],[-104.55571853341144,19.223112429004946],[-104.55160010105074,19.238169307148645],[-104.5389202145986,19.24034155947309],[-104.53855237415766,19.230649459360723],[-104.54200247784688,19.213688967144286],[-104.52383354445651,19.20496787911689],[-104.54071439738982,19.174995752480203],[-104.53849985294562,19.15451187554892],[-104.5517916922851,19.140882798910813]]]}},{"type":"Feature","properties":{"clues":"SCCSA001137"},"geometry":{"type":"Polygon","coordinates":[[[-104.32115659855945,19.09543183577063],[-104.32820516329355,19.099628557293734],[-104.33478529426603,19.102391589455017],[-104.32982706698608,19.10628435078581],[-104.3257585770119,19.1018149354082],[-104.3218583336687,19.103455764965016],[-104.3160144298377,19.10088169351892],[-104.32115659855945,19.09543183577063]]]}},{"type":"Feature","properties":{"clues":"SCCSA001100"},"geometry":{"type":"Polygon","coordinates":[[[-103.73783058344347,19.25485872749954],[-103.73733530389698,19.262064772983642],[-103.7306165704522,19.259924836617685],[-103.73190223417599,19.2547836210764],[-103.73099322902085,19.25232121594237],[-103.73424066014111,19.247357435219232],[-103.74459244740149,19.252212835901652],[-103.74245946808334,19.254965164866512],[-103.73783058344347,19.25485872749954]]]}},{"type":"Feature","properties":{"clues":"CMIMB000243"},"geometry":{"type":"Polygon","coordinates":[[[-103.73122385212133,19.457798150993483],[-103.71231070900254,19.46901805633618],[-103.70617318600931,19.468571765471452],[-103.69906252332358,19.471169663448933],[-103.69868309975065,19.482122547166473],[-103.7027874061065,19.512793937434946],[-103.6466323305778,19.55273801509727],[-103.6114568874831,19.543783947906768],[-103.60874020332146,19.538555959269374],[-103.60876596714553,19.508993725273516],[-103.61917859917968,19.498182179280256],[-103.65433049010348,19.47017247655352],[-103.67646949136916,19.449404308680577],[-103.68112163032642,19.45009023408322],[-103.689900965536,19.446282629343532],[-103.70574080162545,19.445546980248587],[-103.7186267978421,19.439356362944846],[-103.73489451417433,19.43892311938865],[-103.74190610536193,19.44388177123882],[-103.73122385212133,19.457798150993483]]]}},{"type":"Feature","properties":{"clues":"CMIMB000185"},"geometry":{"type":"Polygon","coordinates":[[[-103.71217994977158,19.150986898386854],[-103.72271919105367,19.157100726845723],[-103.72493849085436,19.16627041151025],[-103.72096876707805,19.171927987657913],[-103.72634213383552,19.18021198005858],[-103.7243850590143,19.182567414918683],[-103.71327754054151,19.18795116451215],[-103.7108235219684,19.18569463582048],[-103.70294129599372,19.187557682884737],[-103.68970016803229,19.1798875656655],[-103.6754081023039,19.19918295723241],[-103.67153699775554,19.20134425634974],[-103.66309679941286,19.20128701576361],[-103.65819426762855,19.19972301789376],[-103.62624534447868,19.20067737419964],[-103.62135012919896,19.182728251507363],[-103.62255195843325,19.164166666666677],[-103.63444444444445,19.164166666666677],[-103.64676889714994,19.168040066088402],[-103.66678133714959,19.16108120504916],[-103.67354281701763,19.15599335881181],[-103.67423068120067,19.180053812439347],[-103.68941375594164,19.17727532768739],[-103.68851389805661,19.168671028000247],[-103.68090305381091,19.15911196146836],[-103.67392482095794,19.155642778481084],[-103.66662266800772,19.113885442432846],[-103.66694467685055,19.108937843049727],[-103.68613860692193,19.103328235650125],[-103.70142484647411,19.12120010277449],[-103.70839918052563,19.139335915690875],[-103.70863270674327,19.146383531865297],[-103.71217994977158,19.150986898386854]]]}},{"type":"Feature","properties":{"clues":"CSIMB000426"},"geometry":{"type":"Polygon","coordinates":[[[-93.99062682831097,16.485622522690086],[-93.9889769041544,16.48983212170989],[-93.97941352482016,16.493107789324224],[-93.97406554718934,16.503940586726735],[-93.98593106241113,16.503602049576905],[-93.98997203492439,16.507800205872048],[-93.99551810127089,16.506953582392168],[-94.00447365632179,16.532251567662193],[-94.00669751392275,16.533369186561302],[-94.01099034667995,16.53083483079797],[-94.01577969773213,16.53030344708755],[-94.0376964159649,16.53727716644995],[-94.07142621387652,16.575657563090587],[-94.01660891560896,16.60293006651978],[-94.01178284801288,16.59261599260641],[-94.00316402955362,16.57955785681082],[-94.00266837157366,16.574936382612215],[-93.9896948309693,16.553254642109884],[-93.98356771432503,16.556578590903666],[-93.97230630504012,16.548923132023564],[-93.96525836011702,16.55738545118869],[-93.94792773718623,16.561237865615855],[-93.94450748847001,16.56393589952985],[-93.92839598399584,16.555846547117696],[-93.92656146237017,16.552377716923132],[-93.92614428765154,16.550114802060165],[-93.93592735671955,16.526997443026087],[-93.93411657392723,16.520718013332278],[-93.92512354893542,16.50509820983682],[-93.92988170743664,16.498274327207675],[-93.94129754226842,16.492025320908013],[-93.94557298880746,16.493543362136094],[-93.96110948938733,16.4909054895202],[-93.96879890689652,16.47556843428173],[-93.97616018395343,16.481042994152823],[-93.99062682831097,16.485622522690086]]]}},{"type":"Feature","properties":{"clues":"CSIMB003272"},"geometry":{"type":"Polygon","coordinates":[[[-93.66202248145059,16.26202040081996],[-93.64232274240457,16.220034998671785],[-93.67474318999581,16.200673950627685],[-93.74143311027056,16.211166479162653],[-93.74218637149964,16.236367528482496],[-93.74806578086434,16.248317222209888],[-93.73776981911267,16.290702085753594],[-93.72976448356789,16.29843218003938],[-93.69823744566988,16.266002177321027],[-93.6900380736201,16.267811824318557],[-93.6833811052612,16.265479922117628],[-93.66202248145059,16.26202040081996]]]}},{"type":"Feature","properties":{"clues":"SCCSA002810"},"geometry":{"type":"Polygon","coordinates":[[[-93.4839710136689,17.744622260049255],[-93.46802107149665,17.751061401109492],[-93.4447450698627,17.731827532811224],[-93.44690496074088,17.71335457205691],[-93.44912000641084,17.712341227006753],[-93.48712717902066,17.720004170305554],[-93.4839710136689,17.744622260049255]]]}},{"type":"Feature","properties":{"clues":"SCCSA000372"},"geometry":{"type":"MultiPolygon","coordinates":[[[[-93.38588842083541,16.76935250701737],[-93.38841223358338,16.77217152933196],[-93.39039745690724,16.78238046364188],[-93.39541491111888,16.783134991438104],[-93.40318451363352,16.790212919498167],[-93.40933269171978,16.787621782478723],[-93.4179575117939,16.786902044429805],[-93.42145667999763,16.789798212007916],[-93.42085004715594,16.793436574937868],[-93.42530327042053,16.80158832818176],[-93.41517079354604,16.817741380036832],[-93.40535300267133,16.80111480712184],[-93.39765677911241,16.808035544249137],[-93.3942241562923,16.813189565253932],[-93.40443966977863,16.823964193345304],[-93.3984881025313,16.82750121468576],[-93.38239608882913,16.822247425596846],[-93.37762941302572,16.817983733004723],[-93.37523238418481,16.803508410078177],[-93.37335578334728,16.800824984064093],[-93.35468862771528,16.797446028313463],[-93.35680586067042,16.788476496079923],[-93.3553486510238,16.78533924171457],[-93.34763711172064,16.777023219954202],[-93.34193285175422,16.77686734928422],[-93.3356260587164,16.769103930154067],[-93.33753677111388,16.76676350858775],[-93.35729549860683,16.770737938890743],[-93.36073872145349,16.769042810588875],[-93.35987215560961,16.75698276915794],[-93.353351113094,16.755131031266348],[-93.34793657945521,16.74441951791055],[-93.35470833369905,16.74240658653472],[-93.3631200892604,16.751665885599824],[-93.36266185647376,16.754372203094835],[-93.36718047006049,16.754401929685613],[-93.3718688865921,16.759451752260688],[-93.37367152986425,16.757716796008168],[-93.38047633670219,16.756776849967302],[-93.3826405121999,16.768523403589246],[-93.38588842083541,16.76935250701737]]],[[[-93.34537285333136,16.744215502144357],[-93.3468278894032,16.744492600774],[-93.34310088821172,16.752666826289367],[-93.33761845937305,16.754813173980125],[-93.34537285333136,16.744215502144357]]]]}},{"type":"Feature","properties":{"clues":"CSSSA004472"},"geometry":{"type":"Polygon","coordinates":[[[-93.3229307588371,17.333742937608978],[-93.32926699792678,17.33744983141496],[-93.33650186281301,17.335470513699583],[-93.35839099437524,17.33706937464361],[-93.36412358585171,17.34971693395824],[-93.36925872033008,17.3538433554106],[-93.36597802863834,17.36861700845847],[-93.35984870616969,17.37258203577121],[-93.35724431501517,17.384765999470403],[-93.34158356544081,17.392280053319716],[-93.32950467380294,17.38008554967737],[-93.31968026520394,17.38038080700637],[-93.31068769097764,17.375121157255172],[-93.30617769944071,17.364424675386736],[-93.30908875625774,17.358827926402167],[-93.30272140739613,17.342563620184404],[-93.29724887244167,17.336219999787787],[-93.3229307588371,17.333742937608978]]]}},{"type":"Feature","properties":{"clues":"CSIMB002000"},"geometry":{"type":"Polygon","coordinates":[[[-93.15296968083929,15.4357949808252],[-93.19188523683775,15.470694128212095],[-93.17536828408923,15.48828540884874],[-93.15201631615965,15.447178736898957],[-93.15296968083929,15.4357949808252]]]}},{"type":"Feature","properties":{"clues":"CSSSA005855"},"geometry":{"type":"Polygon","coordinates":[[[-93.2176366842746,16.913077770840705],[-93.22302557562486,16.914285378156546],[-93.2306429988627,16.913669422891726],[-93.23246919055983,16.915502563112963],[-93.23319060879612,16.9235765753506],[-93.24024648933043,16.930734314619425],[-93.23834342148379,16.93448373637025],[-93.23865512190864,16.944690066170946],[-93.24681923829796,16.951380377388976],[-93.24443617661628,16.956845316735787],[-93.21864265043045,16.973504451899004],[-93.2180881690754,16.96342227975173],[-93.21519094178838,16.950625135230194],[-93.20414116113564,16.936011442772045],[-93.1970902940179,16.93228623532777],[-93.18885494503485,16.924190441823743],[-93.19074565824738,16.906680005879615],[-93.19872923431898,16.903919611667295],[-93.20114299898869,16.900898748158593],[-93.20794289713953,16.901314563070752],[-93.21331320895884,16.90515149459644],[-93.2176366842746,16.913077770840705]]]}},{"type":"Feature","properties":{"clues":"SCCSA000387"},"geometry":{"type":"Polygon","coordinates":[[[-93.14882398161934,17.877152789117396],[-93.14943132751927,17.863837337115555],[-93.15244184374441,17.86182755409918],[-93.1590246834768,17.86537539155517],[-93.15175653481872,17.879195371945354],[-93.14882398161934,17.877152789117396]]]}},{"type":"Feature","properties":{"clues":"CSIMB003050"},"geometry":{"type":"Polygon","coordinates":[[[-93.11687160737723,16.684472353590913],[-93.12209607488604,16.679707353436914],[-93.13700074198957,16.68611857128043],[-93.1367530495409,16.6934846992491],[-93.14654031710964,16.716031116993797],[-93.1399822936466,16.72320219199142],[-93.10930957506737,16.723036536329733],[-93.10696763087736,16.719156572232862],[-93.10997398698261,16.714496765379455],[-93.11722382109006,16.711483188772654],[-93.11453876611913,16.70242556610548],[-93.1152603400979,16.701160881979785],[-93.1254643354691,16.695571136698806],[-93.11975017763501,16.692696470235646],[-93.11687160737723,16.684472353590913]]]}},{"type":"Feature","properties":{"clues":"CSIMB004882"},"geometry":{"type":"Polygon","coordinates":[[[-92.98791029212107,15.799005381515622],[-93.00167500410056,15.798038102105789],[-93.00406083727775,15.809578652792606],[-93.00125875239182,15.811714482869212],[-92.98244810062045,15.815788003362314],[-92.98417798338235,15.826073583720946],[-93.01004357699756,15.851792717141961],[-93.01898619611713,15.84096318345026],[-93.03393740875812,15.827034925383378],[-93.05675244727938,15.832533760713712],[-93.07108952354506,15.82533455361196],[-93.07969464670596,15.823294205957858],[-93.10582132973632,15.826783375988562],[-93.10944222986693,15.838199829798755],[-93.12693698392809,15.853628365094153],[-93.16794714967604,15.86787850490961],[-93.16303492506401,15.903682853009563],[-93.1444440096952,15.918795322911487],[-93.10446080799254,15.891183527171586],[-93.08781603041446,15.90706702796484],[-93.06897687225683,15.907641637797019],[-93.0555772592458,15.898990840465187],[-93.04713922371863,15.884891000463686],[-93.03525622075225,15.880185635269521],[-93.01077586813044,15.863486026797956],[-92.98958919801309,15.878230909820713],[-92.98314809723654,15.89157283591101],[-92.97887127429844,15.894498837648124],[-92.97020305561158,15.917134443205663],[-92.95939266645205,15.922509660258486],[-92.94671733742004,15.920768498586396],[-92.94431895658153,15.922197654381874],[-92.94010686580687,15.933740672832599],[-92.94014927205768,15.937889846049305],[-92.93587122320669,15.941888282170117],[-92.92690506582319,15.93664854432177],[-92.93087177571422,15.929471813116189],[-92.93256824280718,15.921402238804816],[-92.90707138033834,15.908229666842919],[-92.9057744880244,15.893898616120868],[-92.89754809469594,15.881953388670848],[-92.87555388659561,15.870035071247644],[-92.87605199337595,15.861766991119435],[-92.8861152153748,15.830616057356215],[-92.88264218421807,15.817921109753788],[-92.87238095869353,15.797087870593426],[-92.8722955752005,15.792908413098642],[-92.89604923253222,15.789762048879716],[-92.91700569755425,15.801461493496545],[-92.92242330770559,15.793409988541773],[-92.93904722115366,15.791718689417252],[-92.94329955365689,15.795772234018903],[-92.94886065802167,15.79818441927466],[-92.95368535959639,15.797416720283653],[-92.96112455543901,15.790248314871633],[-92.96852986312567,15.810764733413425],[-92.97591207901472,15.809517081526858],[-92.9792259898284,15.810570643300982],[-92.98791029212107,15.799005381515622]]]}},{"type":"Feature","properties":{"clues":"SCCSA000415"},"geometry":{"type":"Polygon","coordinates":[[[-93.0961176738534,16.60123742173525],[-93.09204218048734,16.607111263586734],[-93.1019407159315,16.61334370345272],[-93.1001876736224,16.61611735124202],[-93.09951909212597,16.623133002723975],[-93.10575647474667,16.62266981465579],[-93.10724774227641,16.627113818286563],[-93.11088250038723,16.629386666412373],[-93.11365682560252,16.644134992631866],[-93.11029574851341,16.653056467430957],[-93.09683086725524,16.655899231320287],[-93.0874164763864,16.663506066934143],[-93.08375958007117,16.670632105224684],[-93.08548525237244,16.684841307106097],[-93.07972091288106,16.68722994935837],[-93.06368896716009,16.680093055891366],[-93.04310362527346,16.678822484838868],[-93.03898103965984,16.6717540162662],[-93.03905904712579,16.658956712467237],[-93.04985121311479,16.643799848699775],[-93.04962485751824,16.635693744791418],[-93.05610576061297,16.63211970796515],[-93.06028720901736,16.623472515427],[-93.0603816721775,16.61729967079883],[-93.06422666058766,16.611747117720032],[-93.0606851595001,16.605244585275795],[-93.06464215505906,16.600513521077307],[-93.06555065051997,16.59613378391268],[-93.07000065426377,16.59237855767529],[-93.07246741298322,16.58440615536963],[-93.06807218481913,16.577097793230905],[-93.07139590720688,16.56497354322919],[-93.08546494116507,16.539759134827595],[-93.10745866510356,16.545522337956395],[-93.13227550206626,16.557968655475662],[-93.13368031734434,16.563936379504018],[-93.13438798012527,16.587848586353495],[-93.13002980934698,16.589667913697273],[-93.10714443779483,16.590496468210556],[-93.0961176738534,16.60123742173525]]]}},{"type":"Feature","properties":{"clues":"CSIMS001564"},"geometry":{"type":"Polygon","coordinates":[[[-93.02067980893821,16.79197320710922],[-93.03166801249216,16.795719311958074],[-93.03832573297373,16.803435614903453],[-93.05024772965406,16.812171374644514],[-93.04801028991348,16.827351071731936],[-93.05144068282617,16.853818249881424],[-93.06508405790083,16.866663709349115],[-93.1078970140534,16.876958480242315],[-93.10812435064524,16.87829060245164],[-93.05634928785862,16.88628341089045],[-93.05214586485023,16.882379245366277],[-93.04689488326164,16.881902995980333],[-93.0380572215186,16.890692608734252],[-93.02538571229583,16.897579007854038],[-93.01497050358844,16.882095605130175],[-93.01081966993695,16.878573661449785],[-93.00077651656719,16.878284305535182],[-92.99518580029141,16.8705643104463],[-92.97870710836781,16.86151908331462],[-92.98118501302685,16.8507465609062],[-92.98460607414614,16.84443071568657],[-92.96961023816267,16.832076271288795],[-92.97484021715583,16.824807310029637],[-92.97424942029754,16.813379389665165],[-92.97726421776822,16.81462316662873],[-92.98557068211532,16.809023601214832],[-93.01504853287621,16.796379435393558],[-93.02067980893821,16.79197320710922]]]}},{"type":"Feature","properties":{"clues":"CSIMB003844"},"geometry":{"type":"Polygon","coordinates":[[[-93.08865957324839,15.546281986183349],[-93.08705478848493,15.55669230444202],[-93.09111664475932,15.558094246355502],[-93.09200980524471,15.563855166185506],[-93.08870788823693,15.573956454244847],[-93.07807743072911,15.576687911161796],[-93.07485066885384,15.572634951767483],[-93.07684440563239,15.565977563204145],[-93.06687578811419,15.556853723427812],[-93.07058212079075,15.536520851920432],[-93.05212049937677,15.53785748663053],[-93.04673740469416,15.535874128907782],[-93.04887699486166,15.531567474925204],[-93.04727426111897,15.523408528220683],[-93.05470449593814,15.519884423090781],[-93.05693509641515,15.508623460489368],[-93.06525106808243,15.496947610423897],[-93.08037711745118,15.496250996067465],[-93.0816014437107,15.500447493980019],[-93.09084017850728,15.507717735392502],[-93.10472724181292,15.521942451368828],[-93.10482226909768,15.534960869960935],[-93.11499959160089,15.537591015981318],[-93.1217932941674,15.552322644057815],[-93.10120178266213,15.553959272961261],[-93.09997646879644,15.552753724089479],[-93.09985471659564,15.543728622130674],[-93.08865957324839,15.546281986183349]]]}},{"type":"Feature","properties":{"clues":"CSIMS004060"},"geometry":{"type":"MultiPolygon","coordinates":[[[[-93.01952765844274,17.18330141788284],[-93.02425099014162,17.192064624309875],[-93.03558071260471,17.194633159600407],[-93.03964038732427,17.203805000333293],[-93.0372522235213,17.22469523977435],[-93.03537554558797,17.22676073537607],[-93.02787035475329,17.224543552432678],[-93.01850284651896,17.230414340898946],[-93.00928692558104,17.227688360952524],[-93.00972268740483,17.2242602457414],[-93.0066412532594,17.22120140226107],[-93.00660907941185,17.215385941550057],[-93.00510937288969,17.21327945285361],[-93.01273688726106,17.208599917803017],[-93.01098852274595,17.2043522738946],[-93.01294588658253,17.202712718193474],[-93.01161291732805,17.19790568925697],[-93.00580538595737,17.20209090425599],[-92.99940390472173,17.197131270031175],[-92.99496678885588,17.196055710236912],[-93.00144542487884,17.176695904797377],[-93.01286672178313,17.182387890487192],[-93.01952765844274,17.18330141788284]]],[[[-92.98367687969491,17.195536285579593],[-92.99239968237234,17.19786585085327],[-93.00027466170172,17.211884943109602],[-92.99380914606877,17.22131008564974],[-92.9870965755395,17.219834726036957],[-92.97691254803402,17.23540710860096],[-92.96827894771562,17.238254704345273],[-92.96485766085623,17.23430689393957],[-92.97187066564226,17.21372011977032],[-92.96974712457873,17.20901314624132],[-92.97551388746379,17.196869645071096],[-92.98367687969491,17.195536285579593]]]]}},{"type":"Feature","properties":{"clues":"CSIMS000852"},"geometry":{"type":"Polygon","coordinates":[[[-92.8809427395811,16.918561045647916],[-92.9059592572504,16.914484294912125],[-92.92194934869632,16.926155386763703],[-92.96576899673606,16.931150763615804],[-92.97030916843352,16.95703452023417],[-92.97542739719265,16.96806531808786],[-92.96545491510179,16.982130909564283],[-92.9501301029021,16.998585821930178],[-92.93316711630672,16.989802123149605],[-92.9297539095255,16.977569459636225],[-92.91717862817696,16.975799000150037],[-92.91256978402309,16.971052629549625],[-92.9112864110555,16.960698141266146],[-92.9079178180838,16.95131608690186],[-92.89257396085895,16.954748978933825],[-92.88981972583011,16.95261410590345],[-92.88540846575692,16.94238661449641],[-92.87863870786121,16.936738695279544],[-92.8809427395811,16.918561045647916]]]}},{"type":"Feature","properties":{"clues":"SCCSA002827"},"geometry":{"type":"Polygon","coordinates":[[[-92.83226792996429,17.652466129231783],[-92.83535727130183,17.654742818438077],[-92.85153728394681,17.678813956422115],[-92.83123021655418,17.701512333316575],[-92.82972727103278,17.700725962064435],[-92.81432920966837,17.66016971620497],[-92.80195742996095,17.65814499760734],[-92.80219834829474,17.639652016694125],[-92.83631622381667,17.627236188308647],[-92.83659125042676,17.63716312968438],[-92.83226792996429,17.652466129231783]]]}},{"type":"Feature","properties":{"clues":"CSIMB002333"},"geometry":{"type":"Polygon","coordinates":[[[-92.7205937772797,17.09562409265384],[-92.7305695763498,17.11467632507658],[-92.7088665487702,17.11832002548112],[-92.7124768055645,17.129420953478473],[-92.70930514993125,17.13371314771417],[-92.70979154707132,17.136427541653216],[-92.71520917878395,17.138711131448066],[-92.71474831394951,17.141841121701706],[-92.71049535905786,17.142019355030765],[-92.71002997155811,17.147895936768947],[-92.71115199978928,17.150018515299255],[-92.71808665439652,17.149124627371037],[-92.72040274829128,17.150382991653093],[-92.72709749866445,17.161900343826684],[-92.73311520890374,17.164883685067075],[-92.74341616844664,17.16327957829283],[-92.75053262034959,17.166192746068827],[-92.74678951269478,17.17538676043002],[-92.74321045537972,17.17990651212033],[-92.74862146347296,17.185394597856156],[-92.74765400096148,17.187823668541995],[-92.74886206539465,17.193529992716435],[-92.74569261711788,17.19719616563428],[-92.73365939889408,17.20342322042626],[-92.72973651448633,17.19824536919728],[-92.72738622533124,17.197635699168924],[-92.72340927414143,17.186938408250143],[-92.70757272721414,17.18279097680321],[-92.70578016840139,17.18105376200055],[-92.70830411139424,17.17561416209185],[-92.70882755886463,17.167080813661208],[-92.70231650591433,17.157380900306908],[-92.69234702390607,17.15187147747525],[-92.68486640146168,17.150302069126038],[-92.67832068911088,17.15230708161202],[-92.66520004699056,17.13835093751236],[-92.65431615135554,17.14297418521576],[-92.64561408108824,17.138366875614263],[-92.62531103445454,17.155264507141247],[-92.62076419362118,17.155281727386317],[-92.61644770985235,17.149598532332927],[-92.62503448841684,17.125604437353505],[-92.64195928075166,17.128422698534983],[-92.65300700248443,17.11757559035568],[-92.66941162519676,17.116547105039086],[-92.68467167211492,17.125724224066282],[-92.69629619822398,17.12214430325068],[-92.70420141352739,17.117197138929676],[-92.70217124579152,17.110269115348228],[-92.7205937772797,17.09562409265384]]]}},{"type":"Feature","properties":{"clues":"CSIMS002112"},"geometry":{"type":"Polygon","coordinates":[[[-92.68365425061552,17.174688596046195],[-92.6751018103068,17.16377836756293],[-92.6747419286717,17.160619071267412],[-92.67832068911088,17.15230708161202],[-92.68486640146168,17.150302069126038],[-92.69234702390607,17.15187147747525],[-92.70231650591433,17.157380900306908],[-92.70882755886463,17.167080813661208],[-92.70830411139424,17.17561416209185],[-92.70578016840139,17.18105376200055],[-92.70335474621245,17.181678311498665],[-92.69790473162483,17.181538514801847],[-92.69413657239929,17.176682314740287],[-92.68365425061552,17.174688596046195]]]}},{"type":"Feature","properties":{"clues":"CSIMS001325"},"geometry":{"type":"MultiPolygon","coordinates":[[[[-92.68803524561086,16.765444988085388],[-92.69433917390218,16.76097474028913],[-92.69773163083894,16.7607550001792],[-92.69935865717768,16.762083433310337],[-92.70711820863747,16.76102582969042],[-92.71510191512198,16.76948350015439],[-92.71234614226418,16.772567984554158],[-92.70163258736571,16.772444684789185],[-92.6983782691333,16.781162108674863],[-92.7014002132747,16.787102701343873],[-92.69786550685745,16.791189060853803],[-92.69999750361765,16.79840486777723],[-92.69463964577488,16.801835498217656],[-92.69385528153553,16.808621875449866],[-92.68726541918876,16.81418695912899],[-92.68187010706693,16.8162693191032],[-92.66960622294528,16.80262035067516],[-92.67719039486774,16.793415493639085],[-92.67667262576192,16.788056354440847],[-92.68106323562478,16.774937616188645],[-92.67957812315672,16.76604589601762],[-92.68803524561086,16.765444988085388]]],[[[-92.71783435909916,16.788328612299892],[-92.71090050891347,16.791544814150324],[-92.70736490766184,16.788041433240785],[-92.7154586062694,16.7830422073748],[-92.71783435909916,16.788328612299892]]]]}},{"type":"Feature","properties":{"clues":"CSIMB002823"},"geometry":{"type":"Polygon","coordinates":[[[-92.67708242183733,16.564548699576598],[-92.67264688892014,16.544222670588233],[-92.67477274343817,16.53812282609625],[-92.67926564846296,16.54768468797205],[-92.67708242183733,16.564548699576598]]]}},{"type":"Feature","properties":{"clues":"CSIMB006026"},"geometry":{"type":"Polygon","coordinates":[[[-92.64134259529546,16.827994458598408],[-92.64291381315806,16.833410763135973],[-92.65587268854401,16.838175427198074],[-92.65316139211743,16.84174534113374],[-92.64981513579556,16.853113384243848],[-92.63951344489615,16.85424430802193],[-92.63804995646748,16.847656718364522],[-92.63285449687433,16.841225293492226],[-92.62578786191916,16.836274531524904],[-92.63936071030548,16.826134515421096],[-92.63886250472007,16.82398119784354],[-92.64568826759331,16.81231877906248],[-92.654618313211,16.81180392858345],[-92.65685910738974,16.81819915888817],[-92.65647558885411,16.824369980822883],[-92.64134259529546,16.827994458598408]]]}},{"type":"Feature","properties":{"clues":"SCCSA002901"},"geometry":{"type":"Polygon","coordinates":[[[-92.63657374063784,17.56844408318858],[-92.63401635468429,17.56873852096055],[-92.60678086583692,17.554985924297643],[-92.61780262446118,17.527042131498842],[-92.6496758711488,17.546402998813416],[-92.63657374063784,17.56844408318858]]]}},{"type":"Feature","properties":{"clues":"CSIMS004434"},"geometry":{"type":"Polygon","coordinates":[[[-92.53930338703029,17.11378202224538],[-92.54326254839296,17.098744595709704],[-92.57048737294073,17.094326253567697],[-92.57654795071741,17.089626337377062],[-92.59671319287945,17.105167146008654],[-92.59745564209979,17.107989139021864],[-92.60640316653918,17.11467092278218],[-92.62371740217357,17.12207722698757],[-92.62503448841684,17.125604437353505],[-92.61644770985235,17.149598532332927],[-92.61088405043391,17.14823824464532],[-92.59751924636033,17.141146523851695],[-92.58216504262711,17.146962162372194],[-92.57087093489162,17.1382869781696],[-92.55914432565649,17.14869537492335],[-92.54978502061486,17.146716863103304],[-92.54367782214544,17.139992016447522],[-92.54787499639316,17.125269889043853],[-92.53930338703029,17.11378202224538]]]}},{"type":"Feature","properties":{"clues":"CSIMB003873"},"geometry":{"type":"Polygon","coordinates":[[[-92.59708416395435,16.73988688780109],[-92.59940393075188,16.74871492175092],[-92.59379478694184,16.75694083523437],[-92.59210940058193,16.762638671512825],[-92.59286337987328,16.767262925664173],[-92.58573364883097,16.773903547767244],[-92.57959675413706,16.775336633701716],[-92.57681571394083,16.77316528677738],[-92.56950439434009,16.750645564145053],[-92.57671186156813,16.74201449464178],[-92.58440744985265,16.738241131819613],[-92.59708416395435,16.73988688780109]]]}},{"type":"Feature","properties":{"clues":"CSIMS004965"},"geometry":{"type":"Polygon","coordinates":[[[-92.58210050623634,17.41548909637699],[-92.57329098179348,17.433691988465775],[-92.5413218841492,17.43129585497396],[-92.53180951359573,17.435595136887386],[-92.527434829909,17.454866108202054],[-92.51268970338326,17.459421620280263],[-92.49667544935397,17.458338583367727],[-92.50193436241807,17.439439339831935],[-92.50022990173503,17.423202496952005],[-92.4906243942649,17.420333795378138],[-92.48669813850451,17.407213088604376],[-92.49246209041392,17.390580335390954],[-92.51884079791334,17.40091895860782],[-92.53127533177269,17.3934740311154],[-92.5422124686073,17.370552013462852],[-92.55976854384592,17.373439417897895],[-92.57010845673123,17.401470103665517],[-92.58210050623634,17.41548909637699]]]}},{"type":"Feature","properties":{"clues":"CSIMB002304"},"geometry":{"type":"Polygon","coordinates":[[[-92.49876397221193,15.476776056883782],[-92.49742919526918,15.483423385715206],[-92.50572689175581,15.512891916709497],[-92.49621528164808,15.53492631735677],[-92.49273113005485,15.533760197040136],[-92.46022785950278,15.538833444737993],[-92.45646240432356,15.543526166117962],[-92.44930742400761,15.541395732812662],[-92.43877156604484,15.534335510357804],[-92.43546055190698,15.527033627079712],[-92.43097123675403,15.493241617839544],[-92.43630129479443,15.47656136730384],[-92.43793385647001,15.45126558618614],[-92.44020730753999,15.441134312556136],[-92.44237851377473,15.440558105647272],[-92.46344474378631,15.452977384603647],[-92.47075508456575,15.460763979433445],[-92.49876397221193,15.476776056883782]]]}},{"type":"Feature","properties":{"clues":"TCIMB002792"},"geometry":{"type":"Polygon","coordinates":[[[-92.46118710619577,17.66398857436809],[-92.45735843156119,17.62248634629945],[-92.46199229813926,17.622622870021114],[-92.49424559655526,17.643901374780253],[-92.49670509533422,17.666607187300684],[-92.49859084471012,17.669749267681496],[-92.47235088309101,17.709189292183137],[-92.4625216128917,17.69757239976495],[-92.46118710619577,17.66398857436809]]]}},{"type":"Feature","properties":{"clues":"TCIMB002932"},"geometry":{"type":"Polygon","coordinates":[[[-92.47083895517582,17.78754827858868],[-92.46409722517633,17.810388232338823],[-92.44804809789271,17.81238241280314],[-92.42502160791014,17.801735148441278],[-92.4144339906464,17.77818699993894],[-92.42454379542548,17.760988750888064],[-92.4517404359439,17.759177464374762],[-92.47273389600635,17.73791693983071],[-92.48193913174167,17.74652537649205],[-92.48652999693536,17.778225030603576],[-92.47083895517582,17.78754827858868]]]}},{"type":"Feature","properties":{"clues":"CSSSA020304"},"geometry":{"type":"Polygon","coordinates":[[[-92.4474955995144,15.268209418248286],[-92.44047762034917,15.265847855366705],[-92.44031153673093,15.256370673410423],[-92.45952463656265,15.246867802954014],[-92.4656814701493,15.248091396420664],[-92.48523349777477,15.257973700231434],[-92.49144292435838,15.278013442598754],[-92.49071377567091,15.281190183770537],[-92.4834350863999,15.284758886849266],[-92.4744182384001,15.28385219462501],[-92.46705997370931,15.290215584961569],[-92.45731118285703,15.286229396937584],[-92.45604005441011,15.276869506566607],[-92.4474955995144,15.268209418248286]]]}},{"type":"Feature","properties":{"clues":"CSIMS004171"},"geometry":{"type":"Polygon","coordinates":[[[-92.4138484348554,17.552093516231324],[-92.40190130434104,17.526950765464903],[-92.41909515204554,17.507865682021883],[-92.44959553604318,17.525098300382066],[-92.45848191718912,17.523795413002187],[-92.47171611700178,17.539597657360087],[-92.46339201395037,17.563004471207787],[-92.43893442442563,17.56541869538562],[-92.42397032094425,17.55161780819543],[-92.4138484348554,17.552093516231324]]]}},{"type":"Feature","properties":{"clues":"CSIMB002111"},"geometry":{"type":"Polygon","coordinates":[[[-92.43286732752159,16.320247935455257],[-92.43808114433959,16.321219861731038],[-92.44853929768644,16.3182299335774],[-92.4542461093156,16.329781286629714],[-92.45356025823642,16.33398389241925],[-92.4472891260822,16.341547451749296],[-92.44615940473194,16.359767322334143],[-92.44312832456107,16.362229653609024],[-92.42921110080215,16.35399721629599],[-92.42904577004575,16.352635549835973],[-92.41893490892345,16.349065049341696],[-92.41358238286007,16.35173476292942],[-92.4124965541761,16.354156056974055],[-92.40512353862506,16.35208828768347],[-92.4024594282726,16.353283095633174],[-92.39150075009893,16.350904421365872],[-92.39113736586442,16.346118975603968],[-92.38888312841549,16.34260924463712],[-92.3969694832177,16.32881937272226],[-92.40027521754621,16.329210036860307],[-92.40427210215148,16.322297067759475],[-92.4075880567921,16.32110165547129],[-92.41376805179354,16.315623394624488],[-92.42255327106592,16.313670142979348],[-92.4244850542924,16.31614907622802],[-92.43286732752159,16.320247935455257]]]}},{"type":"Feature","properties":{"clues":"CSIMB001476"},"geometry":{"type":"Polygon","coordinates":[[[-92.41108287915544,15.354073662976269],[-92.43210319746045,15.345686122362974],[-92.43835249594882,15.354999416909692],[-92.43431162355355,15.370673287296883],[-92.4363613692908,15.374436801520575],[-92.44394708544655,15.373953443296662],[-92.44631917684985,15.375482511392166],[-92.44415539712236,15.39142494225373],[-92.44139006237312,15.395104375429561],[-92.43347678318531,15.389745911766653],[-92.42103897480406,15.387026549669178],[-92.41582124630021,15.4006492163945],[-92.41498267991055,15.434471814909102],[-92.40266543633179,15.43483505622846],[-92.39269783131658,15.401738812283314],[-92.38223322491413,15.39341615271869],[-92.37286505809703,15.38972370111121],[-92.37111396942699,15.383604162437221],[-92.38383447038449,15.376601156675214],[-92.39237843166542,15.382426132726577],[-92.40578744136742,15.375842894003704],[-92.40637521128173,15.374241226916673],[-92.38916398521768,15.357713107731005],[-92.39230927037266,15.350092135843205],[-92.39663165085305,15.346681677428558],[-92.41108287915544,15.354073662976269]]]}},{"type":"Feature","properties":{"clues":"CSSSA003772"},"geometry":{"type":"Polygon","coordinates":[[[-92.33692856052535,15.371053371829063],[-92.34083313051484,15.385591773530471],[-92.3470545736917,15.388365075971713],[-92.35202738968516,15.384407488734745],[-92.36674478135727,15.380817796522724],[-92.37111396942699,15.383604162437221],[-92.37286505809703,15.38972370111121],[-92.38223322491413,15.39341615271869],[-92.39269783131658,15.401738812283314],[-92.40266543633179,15.43483505622846],[-92.38683960812459,15.443396783977379],[-92.35876334729795,15.426639573735708],[-92.35516272250946,15.419682290736555],[-92.33932668557085,15.413869975005362],[-92.33703454037456,15.41526217751566],[-92.32615655212162,15.41409603221503],[-92.32433901906239,15.39885709239867],[-92.31382816783668,15.397053329407044],[-92.311844561611,15.39338550004194],[-92.3033758280714,15.387329836874738],[-92.29180841910731,15.389119050160568],[-92.29086198496333,15.38184597752601],[-92.28835883426726,15.378358619692436],[-92.28778708881718,15.369736470839195],[-92.29288632255748,15.36645184282711],[-92.2999637713417,15.36853600291137],[-92.30099450720343,15.371771712522303],[-92.30566069925372,15.376472495979021],[-92.31275867296962,15.37527889121641],[-92.31441818889049,15.372224443150351],[-92.32012067684269,15.367664947724535],[-92.32533711317889,15.373836207771943],[-92.33692856052535,15.371053371829063]]]}},{"type":"Feature","properties":{"clues":"CSIMB002572"},"geometry":{"type":"Polygon","coordinates":[[[-92.31419127122916,14.671695708260529],[-92.31821700726336,14.664383453649966],[-92.3231395815988,14.659351175035706],[-92.3355851643618,14.650420612414631],[-92.35093049223097,14.67641696767548],[-92.35695643073134,14.674506495792057],[-92.3859384851684,14.686869239668829],[-92.38244472310596,14.696574993443715],[-92.38034697667528,14.724858886769084],[-92.36929957302563,14.726171669797923],[-92.35306803907481,14.721992484575898],[-92.34612299901808,14.741441562463972],[-92.333857350368,14.738360842762626],[-92.32952188687685,14.735810296808287],[-92.33514700665079,14.720396576214904],[-92.32915456777292,14.714804315908887],[-92.33571718152054,14.688090268073342],[-92.3120574826379,14.682165405154409],[-92.31419127122916,14.671695708260529]]]}},{"type":"Feature","properties":{"clues":"CSSSA003801"},"geometry":{"type":"Polygon","coordinates":[[[-92.30182589976702,15.297465320341532],[-92.30550008402436,15.305838362393416],[-92.31871179650446,15.302845497671234],[-92.32279485584857,15.305869325778303],[-92.333213234047,15.303453528552375],[-92.33162116004446,15.314811623273702],[-92.3263615397262,15.315843861483003],[-92.32312576035224,15.321116306693133],[-92.32106007935143,15.321376619627832],[-92.31673337462483,15.314407600611883],[-92.30630101517691,15.315093069526391],[-92.30328934927226,15.329551463691928],[-92.30021125161082,15.336306059194918],[-92.31232506153974,15.346202549293457],[-92.31802672346231,15.336780144634128],[-92.33401492360436,15.337817843074843],[-92.3385771299951,15.34935676767092],[-92.33686098475667,15.351864247554603],[-92.3377165806232,15.367494083861434],[-92.3515390800579,15.367794726097108],[-92.35202738968516,15.384407488734745],[-92.3470545736917,15.388365075971713],[-92.34083313051484,15.385591773530471],[-92.33692856052535,15.371053371829063],[-92.32533711317889,15.373836207771943],[-92.32012067684269,15.367664947724535],[-92.31441818889049,15.372224443150351],[-92.31275867296962,15.37527889121641],[-92.30566069925372,15.376472495979021],[-92.30099450720343,15.371771712522303],[-92.2999637713417,15.36853600291137],[-92.29288632255748,15.36645184282711],[-92.28778708881718,15.369736470839195],[-92.28545814387833,15.36918743542306],[-92.27446037933505,15.36072107466464],[-92.26981950496115,15.353137815267138],[-92.26201141835675,15.348841038613921],[-92.26253295052781,15.342352564838555],[-92.25312347733424,15.330952503204944],[-92.2655357526375,15.321683573769436],[-92.2610555493115,15.30503625721696],[-92.261737768781,15.302490330994685],[-92.27991194342954,15.305496882621933],[-92.2820843384924,15.300111193862863],[-92.28177272301397,15.288099759238616],[-92.28758375057122,15.286455091640418],[-92.2923136175999,15.288033008840673],[-92.29424867964654,15.293712719928662],[-92.29688484755987,15.29611852745479],[-92.30182589976702,15.297465320341532]],[[-92.29453945486327,15.354216008018104],[-92.28472840439946,15.353304322790523],[-92.28273424030536,15.356171914194235],[-92.29251912288427,15.365015882564412],[-92.29453945486327,15.354216008018104]]]}},{"type":"Feature","properties":{"clues":"CSIMB001015"},"geometry":{"type":"Polygon","coordinates":[[[-92.31087463990463,16.65347246719727],[-92.30108858743985,16.635577514280246],[-92.30507034270858,16.63107281307127],[-92.34309476088548,16.622477514628837],[-92.3404132558772,16.647823180613862],[-92.33828026760636,16.649220335752467],[-92.33008502396795,16.666755831583558],[-92.3125602520944,16.67528455103896],[-92.31092988565251,16.674890246257895],[-92.30644581891148,16.667849869165213],[-92.31087463990463,16.65347246719727]]]}},{"type":"Feature","properties":{"clues":"SCCSA000296"},"geometry":{"type":"Polygon","coordinates":[[[-92.30272053904329,17.09303211688552],[-92.30182651094131,17.100404869487512],[-92.30858800746873,17.100046235838782],[-92.31775881007584,17.107253391508024],[-92.3194484122645,17.105942187519624],[-92.33017584067497,17.107284510450782],[-92.32514443824522,17.12334279229689],[-92.3238922343593,17.124369243377057],[-92.31433316754,17.123934454571657],[-92.31327570762805,17.128536434746024],[-92.31499295066877,17.1302059907476],[-92.31664945654856,17.136697149416744],[-92.31543306453152,17.1414838230143],[-92.30954800044357,17.139034922163894],[-92.30805482325631,17.14192612839035],[-92.30384209836075,17.14037607992282],[-92.3002932688216,17.13535057370944],[-92.29831378240856,17.13599729481863],[-92.29434106222055,17.132345291932616],[-92.28405978765753,17.13427469133834],[-92.27952944661868,17.12424639621548],[-92.28009547445632,17.12214044056786],[-92.27795227022007,17.11579371053772],[-92.27392931999864,17.11622170355197],[-92.27157730927794,17.114904764389706],[-92.27000869495683,17.1111674332282],[-92.2680750908357,17.110998789364682],[-92.267801923466,17.107252267661778],[-92.27050483203034,17.10634564741304],[-92.26907957401491,17.09996876561193],[-92.26706532493571,17.100872109942255],[-92.26320843920405,17.099847682167283],[-92.26222669540613,17.089848688828017],[-92.26332008718337,17.078968882185457],[-92.2608943548704,17.074794573832616],[-92.26580409963366,17.07138086851095],[-92.2675418839628,17.068002443782515],[-92.27332044599102,17.064064200347172],[-92.27567376070078,17.060658591650697],[-92.2853556250217,17.057438140468697],[-92.29395621403641,17.06432051815627],[-92.29466679860151,17.072373018542216],[-92.29779598870297,17.075219093676708],[-92.29864991455027,17.086768470189853],[-92.30272053904329,17.09303211688552]]]}},{"type":"Feature","properties":{"clues":"CSIMS005542"},"geometry":{"type":"Polygon","coordinates":[[[-92.29048734829055,16.161376538138658],[-92.30219574147345,16.161787978011134],[-92.31579663845983,16.176282659739343],[-92.30853274070843,16.185449331790373],[-92.30525609144726,16.19244064408314],[-92.29795715446828,16.200945331907604],[-92.27824782759204,16.212081694927377],[-92.27727492719875,16.211187457706046],[-92.27896856080729,16.17808392821609],[-92.2892023910114,16.165246880861286],[-92.29048734829055,16.161376538138658]]]}},{"type":"Feature","properties":{"clues":"CSIMB002222"},"geometry":{"type":"Polygon","coordinates":[[[-92.22155589246778,17.369910281196443],[-92.22327301834923,17.378585854144504],[-92.23224627808537,17.38503693449345],[-92.23366350724356,17.390735098493963],[-92.24340131811479,17.39354180194057],[-92.2593841979976,17.392433625560503],[-92.25864914506816,17.40294045772802],[-92.27427811631894,17.41668718568625],[-92.2790684167519,17.416089891074012],[-92.28650538146084,17.4182093844325],[-92.28157076921376,17.44432532703623],[-92.27766966916975,17.453244341556687],[-92.25748058377414,17.45167682907899],[-92.25691621017107,17.442139774639294],[-92.23927977589392,17.434212300368088],[-92.23130690207647,17.436695171888335],[-92.22668576149695,17.419921148834906],[-92.22065975999277,17.40852367124081],[-92.20842577461006,17.409237579908304],[-92.20432545576024,17.410864120612377],[-92.18695414778858,17.40796496601664],[-92.1794865803768,17.399894721157718],[-92.16697524757386,17.393561358345668],[-92.14987650834271,17.37125462004695],[-92.15348342443632,17.363417426205633],[-92.16259728777405,17.357089710146735],[-92.16376660324534,17.353352184296597],[-92.16154382449682,17.35228743092576],[-92.15505037851455,17.336492253524348],[-92.16755324114003,17.327518107819948],[-92.17054626856243,17.327663015562607],[-92.1758813688344,17.325101032873565],[-92.19785639022506,17.33581067621493],[-92.20063799445298,17.34270219246322],[-92.19906708601441,17.346725479294403],[-92.20603832477437,17.357647015529476],[-92.2136133529663,17.361343405418456],[-92.22155589246778,17.369910281196443]]]}},{"type":"Feature","properties":{"clues":"CSIMS003956"},"geometry":{"type":"Polygon","coordinates":[[[-92.2285813500875,15.385867367456546],[-92.23715244807921,15.389342964827003],[-92.24516309213963,15.388459451386591],[-92.24665655217892,15.39256207932552],[-92.25645700160617,15.398932135752178],[-92.26132626007613,15.399128199331487],[-92.26327589930112,15.405834215635887],[-92.2836659034095,15.40365893674873],[-92.28598403549051,15.410383265229092],[-92.28143082237713,15.4159596331118],[-92.27747140190387,15.417327524020415],[-92.27648497831778,15.420135891567815],[-92.26692799540555,15.422730505482054],[-92.26339402242745,15.430239278277647],[-92.25829110874594,15.431111169461113],[-92.25550488271708,15.428018153256236],[-92.25668344992644,15.412231985696197],[-92.2479453084395,15.410700540512352],[-92.24505937177959,15.405199480398498],[-92.23497534856551,15.403532432127857],[-92.23240152137157,15.405886385265404],[-92.23070349113009,15.411171993952124],[-92.23565350917904,15.426474091220085],[-92.2199789585667,15.43253213856422],[-92.2137399678729,15.425905022342594],[-92.21276804724161,15.420799849638012],[-92.20695844754374,15.413293571664521],[-92.19919649196105,15.408520382095269],[-92.1867162384316,15.40966087285321],[-92.18866379848481,15.395236318211978],[-92.19365287871683,15.391725429301887],[-92.19796045802005,15.391607578193522],[-92.20352825351362,15.393707598320118],[-92.2086564418165,15.390586208346884],[-92.21602615636888,15.391926431534362],[-92.22255196215713,15.38660248524211],[-92.2285813500875,15.385867367456546]]]}},{"type":"Feature","properties":{"clues":"CSIMS004364"},"geometry":{"type":"Polygon","coordinates":[[[-92.23770483481935,15.486173789127296],[-92.2422931964293,15.4823731836384],[-92.24535799786027,15.481645419831054],[-92.24860480032544,15.484180517433868],[-92.26701672564695,15.485023949613627],[-92.27450188236621,15.493271750246924],[-92.27712946431194,15.510824981376556],[-92.27009651405199,15.52591864048566],[-92.26306490256198,15.531854131314327],[-92.26102260421827,15.531301908734582],[-92.25435268890902,15.521574127749355],[-92.24163682993893,15.528504418538152],[-92.23867236492767,15.526644546007361],[-92.23836697172861,15.512578052499954],[-92.2342085812921,15.508100017031369],[-92.2324585116184,15.50236079133013],[-92.2327149130603,15.499908910887257],[-92.23665890067866,15.495806023872913],[-92.23770483481935,15.486173789127296]]]}},{"type":"Feature","properties":{"clues":"TCIMB002676"},"geometry":{"type":"Polygon","coordinates":[[[-92.24656387486561,17.719364281381278],[-92.2473422848135,17.715114309599254],[-92.27774985285525,17.697618940740444],[-92.2804849072665,17.69755270698579],[-92.29184089264776,17.71276377138211],[-92.29125312570076,17.745056593107247],[-92.2561333264214,17.72265175707151],[-92.24656387486561,17.719364281381278]]]}},{"type":"Feature","properties":{"clues":"CSIMB000250"},"geometry":{"type":"Polygon","coordinates":[[[-92.24246481183741,15.580556363914628],[-92.24656162803504,15.576789912188234],[-92.25966375919673,15.579754146779267],[-92.26143614621235,15.583093556969196],[-92.25966501697854,15.586737034936982],[-92.26121088705942,15.60220736696424],[-92.24870227225666,15.602370027419651],[-92.24291368171593,15.595457690501414],[-92.24525932502036,15.591825067510584],[-92.24246481183741,15.580556363914628]]]}},{"type":"Feature","properties":{"clues":"SCCSA000422"},"geometry":{"type":"Polygon","coordinates":[[[-92.2613592112057,14.935184345681424],[-92.25842473334602,14.941410377608754],[-92.26168970128232,14.952783690692891],[-92.25899040225342,14.955959063444158],[-92.25785369876284,14.969949970585121],[-92.24856582861082,14.967609590413097],[-92.24591057173993,14.975942549781516],[-92.2403498109046,14.979534533585866],[-92.23869190952394,14.966176525977833],[-92.22951587268885,14.977023808121924],[-92.22419932804826,14.978346262286092],[-92.21962395422585,14.9762157108737],[-92.23183335844345,14.962903267335221],[-92.22384394545962,14.95514456920569],[-92.23226450905534,14.941327306662538],[-92.23025704149305,14.937110302553021],[-92.24082529435637,14.929392499241077],[-92.24466793454447,14.92933623175582],[-92.24731640482214,14.933495869394035],[-92.25151370712769,14.9315480018908],[-92.25227685674011,14.928506729832096],[-92.25708852148593,14.928544120895195],[-92.25811639249568,14.934459001661695],[-92.2613592112057,14.935184345681424]]]}},{"type":"Feature","properties":{"clues":"CSIMS003961"},"geometry":{"type":"Polygon","coordinates":[[[-92.2479453084395,15.410700540512352],[-92.25668344992644,15.412231985696197],[-92.25550488271708,15.428018153256236],[-92.24542163181086,15.424340163021835],[-92.238755418991,15.427442682922557],[-92.23565350917904,15.426474091220085],[-92.23070349113009,15.411171993952124],[-92.23240152137157,15.405886385265404],[-92.23497534856551,15.403532432127857],[-92.24505937177959,15.405199480398498],[-92.2479453084395,15.410700540512352]]]}},{"type":"Feature","properties":{"clues":"CSIMS002906"},"geometry":{"type":"Polygon","coordinates":[[[-92.18808279918522,15.352733272818039],[-92.19995054440885,15.337955452325195],[-92.20162176477481,15.33341542175134],[-92.20477985139784,15.334765029796241],[-92.21669432865566,15.34797702631998],[-92.22300367485873,15.34954769990662],[-92.22719078738353,15.358653586177608],[-92.22641589023381,15.3650470370426],[-92.2175032118304,15.372212154282748],[-92.20842573126788,15.373134334359944],[-92.20591382366234,15.375512098996936],[-92.19318836736127,15.374954530076094],[-92.18394590831655,15.360779634513486],[-92.18808279918522,15.352733272818039]]]}},{"type":"Feature","properties":{"clues":"CSIMS003430"},"geometry":{"type":"Polygon","coordinates":[[[-92.17498852099877,16.793127252003412],[-92.18512016972294,16.801055494729283],[-92.18858448354311,16.800527234277123],[-92.19432377164023,16.804534339329855],[-92.19270424696522,16.808991469777325],[-92.18475071121722,16.814516092065958],[-92.18454918584267,16.823915273203],[-92.18894749660318,16.828695680292558],[-92.18021630821914,16.83534221835662],[-92.161474805836,16.839686274298828],[-92.15880048204113,16.84299343771704],[-92.14153693255881,16.843224052060723],[-92.13439795222877,16.844847380062703],[-92.1365492575154,16.82692813055985],[-92.13608244123634,16.819106346582632],[-92.14113739224281,16.81594003793799],[-92.14219688540585,16.80241787917424],[-92.14862578067272,16.79876811824781],[-92.16188665329561,16.798483673280757],[-92.16539269725966,16.783042356294693],[-92.17517973388523,16.78899450974169],[-92.17498852099877,16.793127252003412]]]}},{"type":"Feature","properties":{"clues":"CSIMB005541"},"geometry":{"type":"Polygon","coordinates":[[[-92.09920782740974,17.184725195900306],[-92.10414102664696,17.192548541693597],[-92.11006421505714,17.194506942722363],[-92.1208738590067,17.193885891909204],[-92.13127998934716,17.19783609621149],[-92.15258100884604,17.226402917102394],[-92.13465254873418,17.241728612237],[-92.12552325808065,17.23635663429708],[-92.12253390084483,17.229303420404797],[-92.11776286273661,17.227730522436996],[-92.1054862796092,17.235276256117025],[-92.10103047583216,17.227166141327572],[-92.08894123572851,17.216665593682723],[-92.08620835825893,17.210995949667403],[-92.08740075642697,17.20696276276412],[-92.08100017766641,17.193088913232483],[-92.09920782740974,17.184725195900306]]]}},{"type":"Feature","properties":{"clues":"CSIMS000630"},"geometry":{"type":"Polygon","coordinates":[[[-92.13604789375619,15.400633021759178],[-92.14537759572276,15.406791846392073],[-92.13275791231501,15.417145177202565],[-92.13502773256084,15.424396402373542],[-92.12735624291597,15.435893951341185],[-92.11401656787409,15.437653393185457],[-92.11573733823802,15.426174237095259],[-92.11413220214767,15.424762589253254],[-92.12608754396743,15.40439982350507],[-92.13604789375619,15.400633021759178]]]}},{"type":"Feature","properties":{"clues":"SCCSA000254"},"geometry":{"type":"Polygon","coordinates":[[[-92.09552509133252,15.456443236888974],[-92.11413220214767,15.424762589253254],[-92.11573733823802,15.426174237095259],[-92.11401656787409,15.437653393185457],[-92.12735624291597,15.435893951341185],[-92.12454033847253,15.451839682840747],[-92.12658001285565,15.453753803981959],[-92.12670412487205,15.462382471344123],[-92.122441512973,15.465735660846448],[-92.11250985171078,15.465940435050719],[-92.1071861070561,15.464653996894679],[-92.10554209793241,15.459880034849062],[-92.09552509133252,15.456443236888974]]]}},{"type":"Feature","properties":{"clues":"CSIMS005303"},"geometry":{"type":"Polygon","coordinates":[[[-92.09293994178002,15.819070735256782],[-92.10122551242901,15.83369617604757],[-92.07226952665876,15.874520022847623],[-92.04392567517137,15.871194450606366],[-92.03472722115423,15.862609981670818],[-92.03266567229191,15.854656941091527],[-92.04439815476985,15.833800652441035],[-92.05662229786671,15.823122277758852],[-92.09293994178002,15.819070735256782]]]}},{"type":"Feature","properties":{"clues":"CSSSA009623"},"geometry":{"type":"Polygon","coordinates":[[[-92.07363899518441,17.035409555718523],[-92.05440828375188,17.030587674406988],[-92.04539823909016,16.974915772822584],[-92.05389751409605,16.972857375967255],[-92.06912753238302,16.978074912908315],[-92.07247442313358,16.982198732065154],[-92.08199146905567,16.98749917518224],[-92.09316030594587,17.003311128154145],[-92.10647819102564,17.00512298008695],[-92.11328435508067,17.01626296250116],[-92.10680034749497,17.020193255600734],[-92.10123283537503,17.021474141086955],[-92.09851483255804,17.046497149579583],[-92.09735166702848,17.047016710808304],[-92.08000745014891,17.039733374182724],[-92.07363899518441,17.035409555718523]]]}},{"type":"Feature","properties":{"clues":"CSIMS001021"},"geometry":{"type":"Polygon","coordinates":[[[-91.97180956033604,17.745728969951973],[-91.98658893591963,17.733580975447452],[-91.99398503522647,17.73236290478064],[-92.00411257768238,17.74117023331674],[-92.03334601667214,17.742701432058574],[-92.03587134720499,17.752112270503716],[-92.03380350955898,17.76390668931555],[-92.03052804162468,17.772188381588112],[-92.0202377545778,17.780910723425894],[-92.01412122671017,17.780869698130587],[-92.00781391275191,17.78936018337622],[-91.99190186275263,17.794838450185246],[-91.98128653139312,17.794117157353053],[-91.97269231378446,17.79114259501546],[-91.96754343017348,17.785379775905664],[-91.97187030235798,17.77844736381626],[-91.97692416133403,17.753792426112632],[-91.97180956033604,17.745728969951973]]]}},{"type":"Feature","properties":{"clues":"CSIMS003734"},"geometry":{"type":"Polygon","coordinates":[[[-91.98412201610691,17.480066193384644],[-91.98127692019486,17.458844019364445],[-92.00622086014211,17.462162504755238],[-92.00970307197277,17.465463976248227],[-92.00825733470043,17.485246515926345],[-92.00332547777798,17.49220862377066],[-91.99486046543879,17.48982858003524],[-91.99136327982075,17.494569796596082],[-91.9867582143774,17.489913385027926],[-91.98782206422598,17.486000309358435],[-91.98412201610691,17.480066193384644]]]}},{"type":"Feature","properties":{"clues":"CSIMB002905"},"geometry":{"type":"Polygon","coordinates":[[[-91.98256905851946,15.962857474845048],[-91.981851881646,15.971092724214667],[-91.98851837275558,15.98483080565003],[-91.98645069186942,15.991941098265553],[-91.98636719135877,16.004206964689267],[-91.98443535796186,16.00603144736119],[-91.95456124553272,15.99914089410867],[-91.95278406062528,16.00035270474823],[-91.92889421282514,15.996420539698256],[-91.92895698141061,15.986856840255433],[-91.92118128431954,15.968888531922321],[-91.9163921949378,15.96963480337547],[-91.90672175566414,15.959936217183731],[-91.90518528689711,15.95072041073591],[-91.907290467271,15.947448885297531],[-91.9159717008,15.944317291837333],[-91.92243024723936,15.94887710037699],[-91.93148992775977,15.94523938500042],[-91.9360232480802,15.939808106336422],[-91.9433214329586,15.939685069948437],[-91.95097539278082,15.947689100577524],[-91.96360871783371,15.945949546694205],[-91.97051978367635,15.933155381883589],[-91.97765736210559,15.932747326380031],[-91.98130043210978,15.93585115369198],[-91.98964140875889,15.95077469184679],[-91.98256905851946,15.962857474845048]]]}},{"type":"Feature","properties":{"clues":"CSIMB000851"},"geometry":{"type":"Polygon","coordinates":[[[-91.95015840988921,17.111168314311332],[-91.95820489358853,17.114696427000343],[-91.97748246377783,17.11654413435906],[-91.98346301882879,17.11884281266769],[-91.98588498567125,17.147998892773753],[-91.9575219215689,17.15363721620294],[-91.95922799633385,17.171625547083327],[-91.95387610634928,17.18057570731947],[-91.95420909257881,17.19130920085795],[-91.94839455138538,17.2025807921422],[-91.92879411442112,17.20137143138963],[-91.92271225234924,17.209253966264683],[-91.90832774606558,17.21534308281959],[-91.8951985109373,17.211347343673744],[-91.89012960295128,17.19939361692272],[-91.90111726954174,17.179695834626997],[-91.91845791545305,17.177427202297526],[-91.92558231029142,17.172572141478447],[-91.93771475697511,17.149965968911054],[-91.928799565961,17.143908543768486],[-91.91437210184299,17.144867938153535],[-91.90687288888745,17.138097623580258],[-91.8896592344841,17.13260599325716],[-91.89231263534298,17.12193126223334],[-91.9037787744126,17.11177703425967],[-91.90596959997447,17.09206329052211],[-91.9330596207126,17.10409945026931],[-91.93588146268374,17.108172076915494],[-91.95015840988921,17.111168314311332]]]}},{"type":"Feature","properties":{"clues":"CSSSA020000"},"geometry":{"type":"Polygon","coordinates":[[[-91.77342170522351,16.14110582607982],[-91.792537907732,16.164107419712632],[-91.79939423154111,16.167624350405344],[-91.80741163993557,16.175385372707737],[-91.82403217221488,16.19494526347196],[-91.8222799552169,16.218983776445658],[-91.81348005908745,16.223258130442442],[-91.80259698878922,16.232821335788742],[-91.77355894143432,16.229355706449688],[-91.75896044656692,16.21194392135972],[-91.74028101138714,16.224517177410345],[-91.73557316521502,16.237449395830534],[-91.71568461846937,16.240956310389734],[-91.70781667400985,16.236255679954777],[-91.70573430383409,16.2335487196537],[-91.70618260415071,16.201507171501362],[-91.71428252305527,16.183875403985393],[-91.73982928815259,16.17777922768353],[-91.73992670104566,16.15763832645272],[-91.73544261179666,16.146101383057168],[-91.74273193330228,16.120419665956565],[-91.74758416549585,16.119446438869033],[-91.76815939013144,16.13264258252473],[-91.77342170522351,16.14110582607982]]]}},{"type":"Feature","properties":{"clues":"SCCSA000345"},"geometry":{"type":"Polygon","coordinates":[[[-91.71952760727189,17.688382854368747],[-91.72793495841358,17.696202896904992],[-91.72381323715685,17.70534354696442],[-91.71838508310661,17.705997062564247],[-91.69758709579543,17.691271767981842],[-91.69355302406743,17.683240560272875],[-91.70714055005743,17.671648292048605],[-91.72082793089744,17.68398944293442],[-91.71952760727189,17.688382854368747]]]}},{"type":"Feature","properties":{"clues":"CSIMB001592"},"geometry":{"type":"MultiPolygon","coordinates":[[[[-91.64989862790578,16.765088901667948],[-91.65105809030842,16.76759802357158],[-91.6432110479811,16.77323700225351],[-91.64410441539579,16.769106181421975],[-91.64989862790578,16.765088901667948]]],[[[-91.58744010804746,16.773367649300088],[-91.62335034974,16.768576651239474],[-91.62858792461162,16.766003207556277],[-91.63448557916995,16.767268734317398],[-91.64223026391558,16.77547989189773],[-91.64212436758541,16.783771402205844],[-91.64940768335785,16.79011496564442],[-91.64949902916149,16.795170592657215],[-91.65526043480916,16.805862898393826],[-91.6427079626825,16.81615268570775],[-91.63855233267516,16.80341223198659],[-91.63058096988175,16.797904216865042],[-91.61715621608111,16.838316992950894],[-91.61340457221583,16.838170707960394],[-91.58694658451051,16.8230855749983],[-91.59212213981738,16.798514306655516],[-91.58744010804746,16.773367649300088]]]]}},{"type":"Feature","properties":{"clues":"SCCSA002796"},"geometry":{"type":"Polygon","coordinates":[[[-91.58370607318935,17.70031395013126],[-91.56052358302024,17.677653804909884],[-91.56625905589627,17.65861578394808],[-91.57891388798049,17.64280455459326],[-91.58726405326885,17.648631532161282],[-91.59564163779483,17.648367134059537],[-91.60581448684465,17.651172791912554],[-91.60872186359623,17.6852624863368],[-91.58370607318935,17.70031395013126]]]}},{"type":"Feature","properties":{"clues":"CSSSA003550"},"geometry":{"type":"Polygon","coordinates":[[[-91.43659832157455,16.334747801606845],[-91.44497420723663,16.337545991797572],[-91.45151023671085,16.35192532598009],[-91.46490503061673,16.36244138703203],[-91.47022239941886,16.370136048168888],[-91.47010083550043,16.37581518105397],[-91.44773113453226,16.389176121096952],[-91.4417267623814,16.414237503451716],[-91.43688681446406,16.417958035791937],[-91.407105251066,16.405632465194433],[-91.40167247648522,16.37683676505772],[-91.40503102874402,16.372869623874553],[-91.4106149430227,16.37090512586683],[-91.43659832157455,16.334747801606845]]]}},{"type":"Feature","properties":{"clues":"CSIMS003360"},"geometry":{"type":"Polygon","coordinates":[[[-91.25673298129288,16.81867703506739],[-91.27631621602963,16.87075801267419],[-91.30159128580787,16.864154591544818],[-91.328148664555,16.868265627080106],[-91.33278840019807,16.872062409567896],[-91.32737609200495,16.913204103152776],[-91.31653600162174,16.923976425393978],[-91.26737742437984,16.93411442738459],[-91.24111416421349,16.917989167986363],[-91.22567217142698,16.929732304648038],[-91.20366816370112,16.93291479698003],[-91.16206753050402,16.911001536514764],[-91.15013951157968,16.881950063201206],[-91.13300318483459,16.85848846314142],[-91.16414747634607,16.81036581809098],[-91.18713720455145,16.794069196112908],[-91.20931137397707,16.81877696805349],[-91.24291778473331,16.81766254072777],[-91.25673298129288,16.81867703506739]]]}},{"type":"Feature","properties":{"clues":"TCIMB000045"},"geometry":{"type":"Polygon","coordinates":[[[-91.1281726658821,17.7386750846004],[-91.1618194681679,17.726013632171387],[-91.18801056333412,17.75701558750733],[-91.19336314577195,17.75826616393404],[-91.19359547104288,17.766468779544475],[-91.19051485136357,17.784118413005274],[-91.16348743352215,17.801408696152436],[-91.15693606123527,17.807776576102953],[-91.14050569929061,17.803695276399488],[-91.10447951328237,17.803357304908268],[-91.09515386627677,17.788320921249074],[-91.12659959462285,17.746310531731524],[-91.1281726658821,17.7386750846004]]]}},{"type":"Feature","properties":{"clues":"SCCSA000263"},"geometry":{"type":"Polygon","coordinates":[[[-90.67896520773695,16.460897400986],[-90.71375548947022,16.496358485238602],[-90.73954262551892,16.515917329476252],[-90.86858327594139,16.539095239100913],[-90.87991362118987,16.53178838449005],[-90.9927391731685,16.649604779617693],[-90.94130102754971,16.760387803205443],[-90.89516465755368,16.758962847627622],[-90.8683052962555,16.755662101174863],[-90.7440320276299,16.728915273035213],[-90.73334543119813,16.73722420519274],[-90.72251511962726,16.729739689495375],[-90.71572065004719,16.72817368923508],[-90.71062254957054,16.723366519330813],[-90.70739156972212,16.716089019382192],[-90.70989920010938,16.709402229290063],[-90.70951229004159,16.704754749033007],[-90.69867877043467,16.699711489182842],[-90.68944909013773,16.6915570197282],[-90.68169163028702,16.688570339932284],[-90.67943615028693,16.683447829717096],[-90.67937893991788,16.67351082907766],[-90.67594307956631,16.66465537971182],[-90.67594822979383,16.660561489704723],[-90.66418390990269,16.648174859713496],[-90.65733988966949,16.638644509560933],[-90.66198451957773,16.62796587953088],[-90.66018371015052,16.61950185918415],[-90.6555859697158,16.61105991937194],[-90.6562091199437,16.60347614979196],[-90.65335788986867,16.594503049701068],[-90.65622258749409,16.591848711401703],[-90.66697372700705,16.589185581215133],[-90.66684143782469,16.581806450621627],[-90.66135560764063,16.57799209123051],[-90.65755952728462,16.57718178077371],[-90.64463491765896,16.579077220710953],[-90.64080677780234,16.584535021245447],[-90.64040335755459,16.588581691409857],[-90.64249322760293,16.595069350998298],[-90.64049252711327,16.595814260692162],[-90.63517978738882,16.592342340894195],[-90.62560072760287,16.57770434083566],[-90.62615942769395,16.575450570899587],[-90.63911328776676,16.569201201023937],[-90.64707757733625,16.56051778091495],[-90.64648771747349,16.550788080529173],[-90.64856266760519,16.544760151297776],[-90.64260925765556,16.534347851135905],[-90.6454100871837,16.518643480997365],[-90.64208622728353,16.514489780716634],[-90.6355948276805,16.513520850639757],[-90.61947655778619,16.521994541026285],[-90.61658369780127,16.52178962082323],[-90.60921625761898,16.514366460885768],[-90.60576365769434,16.502039091151296],[-90.60921868774122,16.4941937110007],[-90.618591627708,16.488638200809362],[-90.62354092763194,16.487780311217133],[-90.63105860770723,16.490151121107825],[-90.63344191775003,16.48911154060141],[-90.63499355782396,16.484977050667077],[-90.63397182785536,16.4812705705749],[-90.62768745977985,16.477565319443865],[-90.62042263010316,16.4771780895378],[-90.61659775003521,16.479800979369347],[-90.61344956979478,16.488449969229904],[-90.60420787979054,16.4873363393903],[-90.5983217697031,16.490468489146803],[-90.59436846040055,16.49065157957114],[-90.59235095013342,16.487657259557658],[-90.5936695996819,16.47534533915463],[-90.58978398034125,16.470082139659667],[-90.58667004987078,16.469512979376507],[-90.56946798024568,16.47476656919714],[-90.56496916984833,16.477532969474037],[-90.55693515002129,16.478658199543872],[-90.5502149104183,16.482121999357695],[-90.54401746005328,16.481706509793085],[-90.54317028991053,16.478714689241805],[-90.54722128030181,16.473886709381333],[-90.54786984984224,16.469437769567204],[-90.54569193981406,16.466707849613982],[-90.53222968202641,16.460274950133623],[-90.54715963653706,16.442337552151923],[-90.54262570927044,16.398573284191055],[-90.53909135855686,16.394442364307363],[-90.49383194241969,16.3993376462826],[-90.48472180540517,16.391972866521783],[-90.50755266628363,16.342847075996687],[-90.50429886004552,16.333612044590865],[-90.51962332257138,16.301887442518137],[-90.58492099584825,16.3320602846499],[-90.59495742085548,16.33163777355214],[-90.61629088520816,16.346821216051563],[-90.6219310416823,16.37544816764447],[-90.63444961319922,16.387464481771858],[-90.65889664821626,16.40249701608832],[-90.66285492596356,16.428564841504347],[-90.67896520773695,16.460897400986]]]}},{"type":"Feature","properties":{"clues":"SLIMS000703"},"geometry":{"type":"Polygon","coordinates":[[[-109.06925445181818,25.966529614720613],[-109.07280655136519,25.969179690596725],[-109.07862580119004,26.007578589461854],[-109.07611803301187,26.019472161909423],[-109.08780120503359,26.036215407722096],[-109.08593365993521,26.047031368294967],[-109.03481013203488,26.053973023010553],[-109.01775031693015,26.047403141724395],[-109.0006835380341,26.03711573783921],[-108.98926178422941,26.018388698418686],[-109.00181666300819,26.010394143416956],[-109.0050871707012,25.992835358797286],[-109.01292730303506,25.97984274877019],[-109.02630513292948,25.970732833766373],[-109.02464427471071,25.96419901840716],[-109.01854767778724,25.95285792383566],[-109.01995464377518,25.95115998316135],[-109.02968979231305,25.950910463323517],[-109.03720856218874,25.956477918770585],[-109.0398735329831,25.953610329185047],[-109.04750288836932,25.952170852494003],[-109.05100246696844,25.956758678671097],[-109.0550461412262,25.9571734184383],[-109.06185984877486,25.95077020313257],[-109.06925445181818,25.966529614720613]]]}},{"type":"Feature","properties":{"clues":"SRSSA005853"},"geometry":{"type":"Polygon","coordinates":[[[-109.04220235266534,27.02470793426066],[-109.04255026533504,27.043635291449],[-109.05456662078376,27.05599173485434],[-109.05121389107622,27.123688992204652],[-109.05857135425724,27.13957627234891],[-109.05414655719137,27.16003276340724],[-109.03731250256772,27.17555761814065],[-109.01170854059265,27.161372090075695],[-108.97223344254407,27.13656610160267],[-108.92847725263817,27.139036697560655],[-108.90989097481508,27.115359738149845],[-108.8669067108501,27.115243524673943],[-108.82643775232317,27.073468602984754],[-108.82668915236323,27.070821675951446],[-108.81183273024625,27.04651465898407],[-108.78767542436604,27.0274119594116],[-108.78625370839167,27.02374750540119],[-108.72035526813237,26.98560016920484],[-108.72486902852316,26.951732101417],[-108.74016028921177,26.94033454419541],[-108.78691001092919,26.94129428845376],[-108.7907095799635,26.939693011187654],[-108.8047315227458,26.944822364559702],[-108.84425624298883,26.95028117896389],[-108.86102707143394,26.968406457517037],[-108.89687019552738,26.958111518236212],[-108.90457919339396,26.9451229380349],[-108.99296768537322,26.956107818124675],[-108.99197947123614,26.960292658049067],[-108.99545533886547,26.97682363852812],[-109.04220235266534,27.02470793426066]]]}},{"type":"Feature","properties":{"clues":"SRIMB000190"},"geometry":{"type":"Polygon","coordinates":[[[-108.84883111015803,26.805320662920106],[-108.85232572603455,26.797292072508704],[-108.87757355930749,26.78110707136448],[-108.89129627021205,26.76965973608898],[-108.9191304176378,26.793828188484976],[-108.92753965333729,26.79769598560326],[-108.92387433012844,26.810792409422938],[-108.92974288034954,26.830794540828553],[-108.92454295244572,26.847142597882197],[-108.88602610146005,26.837269728678738],[-108.87735392073743,26.838041808363478],[-108.86370243887019,26.831685108440062],[-108.85796024842341,26.81872681884599],[-108.84883111015803,26.805320662920106]]]}},{"type":"Feature","properties":{"clues":"SRIMB000074"},"geometry":{"type":"Polygon","coordinates":[[[-108.729105687252,26.68561699570255],[-108.70017665343074,26.70411514639956],[-108.67815710507087,26.710654966107693],[-108.66202571610519,26.65882422733504],[-108.66280635930245,26.65557330870632],[-108.70831202500892,26.621000557809],[-108.71681924989197,26.625903972537106],[-108.73778726309943,26.64721270662297],[-108.729105687252,26.68561699570255]]]}},{"type":"Feature","properties":{"clues":"SRSSA006174"},"geometry":{"type":"Polygon","coordinates":[[[-108.5722712494949,27.337734513723117],[-108.56308607705985,27.309243985640972],[-108.58646279178241,27.264125149277362],[-108.60390487736157,27.262781411670982],[-108.62051831115242,27.2771311624566],[-108.66097970865704,27.29536296728366],[-108.67499670868635,27.29345768310483],[-108.68572637465263,27.276174154916873],[-108.73225512589786,27.274398457506166],[-108.73960080222199,27.275530480166],[-108.7583438716433,27.30495875386921],[-108.74321895996133,27.343585798093315],[-108.69808373784754,27.332844705062726],[-108.65258704638447,27.378375944417137],[-108.6423911829169,27.38052923607542],[-108.62894600514484,27.360673698199104],[-108.60538577125787,27.346162660856212],[-108.5722712494949,27.337734513723117]]]}},{"type":"Feature","properties":{"clues":"SCCSA002576"},"geometry":{"type":"Polygon","coordinates":[[[-108.15730939969347,25.982970953777844],[-108.14823771251635,26.001549547327553],[-108.13167602739026,26.008496189794382],[-108.10369114979349,26.011919373579772],[-108.09391469795872,25.986738381973414],[-108.10439332133102,25.949970388182294],[-108.12662534124047,25.93622327992611],[-108.13409905733613,25.919272276894496],[-108.15421066256422,25.90327978183099],[-108.16280686107756,25.903556559190626],[-108.1636644591544,25.904662212279092],[-108.18846207984163,25.951512479970525],[-108.18349342951136,25.965109570943653],[-108.15730939969347,25.982970953777844]]]}},{"type":"Feature","properties":{"clues":"SCCSA002492"},"geometry":{"type":"Polygon","coordinates":[[[-108.12490119778161,26.680184711829614],[-108.13018601103737,26.665321384626328],[-108.14492225550008,26.643287002027645],[-108.16189363761782,26.676057608900397],[-108.17213447898061,26.68153456300256],[-108.1712110540843,26.68355192282586],[-108.17820095896538,26.71878183456084],[-108.17119692317716,26.72255100073212],[-108.14466928093013,26.725070972279383],[-108.14161586295883,26.712881806659876],[-108.12336500378153,26.692537803188337],[-108.12545628545088,26.684283106153103],[-108.12490119778161,26.680184711829614]]]}},{"type":"Feature","properties":{"clues":"SLIMB002015"},"geometry":{"type":"MultiPolygon","coordinates":[[[[-108.09461490188671,25.79721680703973],[-108.09641366349264,25.8097329544789],[-108.11910613695748,25.822343472509147],[-108.11823134235217,25.825191052645344],[-108.14515626050996,25.852424180743952],[-108.14031605038566,25.861429937922207],[-108.13493506366004,25.86157686476908],[-108.1229685544189,25.870167629603905],[-108.12342703998526,25.877326989528118],[-108.10189961297507,25.88335424697589],[-108.0892788793387,25.896533759451067],[-108.08312728920505,25.89624249303836],[-108.07693270678702,25.89805419140171],[-108.06271739944691,25.893966295570717],[-108.05100603443434,25.89634255746755],[-108.04577660164584,25.899513677196644],[-108.03624249561801,25.914944984602883],[-108.0255450620866,25.915527970439275],[-108.00954463963937,25.88921594689992],[-108.01283560529798,25.884426125069304],[-108.00910606997327,25.875053675773728],[-107.99755590317973,25.86967949113376],[-107.99349780535658,25.857745556177075],[-107.99897498092251,25.841382920135484],[-108.01906401062664,25.83002876493359],[-108.03843945661643,25.83788665453938],[-108.0585381837524,25.816048986046873],[-108.05915889803678,25.813723795911656],[-108.08166010094989,25.805010151166943],[-108.0837157169974,25.789086231462562],[-108.08719205621709,25.790154885971248],[-108.09461490188671,25.79721680703973]]],[[[-108.12689744145374,25.93502770430053],[-108.09547266751856,25.921258721632128],[-108.0896286091818,25.896897245487263],[-108.13409905733613,25.919272276894496],[-108.12689744145374,25.93502770430053]]]]}},{"type":"Feature","properties":{"clues":"SLIMS001642"},"geometry":{"type":"MultiPolygon","coordinates":[[[[-107.9163127554094,26.09934082032197],[-107.91954643370555,26.136815981190043],[-107.93163541789524,26.146231887146143],[-107.93068861776142,26.14907184166722],[-107.9360731617544,26.180641316120266],[-107.93498999953901,26.182633986163808],[-107.90292829370966,26.205877544991267],[-107.89728985017446,26.20482858590788],[-107.8667701610016,26.228296668501052],[-107.84686117196016,26.21994079662773],[-107.82524747689281,26.176380204415207],[-107.77297035379114,26.187793367088425],[-107.74873172305107,26.166452769025454],[-107.73824414766553,26.143640336116253],[-107.74479297469813,26.101838652770336],[-107.76816473187034,26.0813132221108],[-107.77618239785765,26.080270416463453],[-107.82155719327466,26.02299006006506],[-107.82745129513667,26.01941204078645],[-107.89048101058437,26.06308844487374],[-107.89483016543035,26.06351569925411],[-107.89832183308934,26.075228040078738],[-107.9163127554094,26.09934082032197]]],[[[-107.96010371823898,26.117812556338002],[-107.9790601351036,26.153766167679272],[-107.9824512893875,26.170664080995977],[-107.97857846080366,26.169997587838246],[-107.9374401450808,26.145078286277627],[-107.96010371823898,26.117812556338002]]]]}},{"type":"Feature","properties":{"clues":"SCCSA002583"},"geometry":{"type":"Polygon","coordinates":[[[-107.93121148156692,25.957702908488713],[-107.96162572253219,26.01460010309088],[-107.94401905009659,26.02573519590457],[-107.92941691088394,26.032070620549533],[-107.91389334157529,26.048301664540332],[-107.89483016543035,26.06351569925411],[-107.89048101058437,26.06308844487374],[-107.82745129513667,26.01941204078645],[-107.83054971526683,26.007438594968896],[-107.83126431257556,25.99627071799616],[-107.8576888969756,25.960948823185866],[-107.84924161169079,25.928544192575938],[-107.8525326779419,25.901084292451696],[-107.85105617954135,25.895183188381527],[-107.85525361792605,25.885434593684646],[-107.9029555889195,25.884321692925894],[-107.92685868077777,25.910728604009762],[-107.92903860759588,25.92306791561216],[-107.92667999539017,25.928733958309863],[-107.9276255178514,25.941242277699914],[-107.93121148156692,25.957702908488713]]]}},{"type":"Feature","properties":{"clues":"CHIMS001722"},"geometry":{"type":"Polygon","coordinates":[[[-107.92869113429042,26.311835537710568],[-107.93059345969901,26.33146622903717],[-107.92847680857857,26.335794311858027],[-107.9214187311047,26.335933696688823],[-107.91431723501094,26.31477944500347],[-107.91665016763173,26.30789076774028],[-107.92869113429042,26.311835537710568]]]}},{"type":"Feature","properties":{"clues":"SLIMS001584"},"geometry":{"type":"Polygon","coordinates":[[[-107.77159207102652,25.74017536858085],[-107.78121540790004,25.735965268942167],[-107.7919948320347,25.743212567005],[-107.79828907264543,25.743211602729318],[-107.81740299034125,25.72565381159027],[-107.83940175007672,25.744569606534366],[-107.83879953978321,25.76592711204562],[-107.87748315646833,25.778569311008553],[-107.88494601741293,25.793832323917734],[-107.8825791133497,25.801673508349687],[-107.84624577112795,25.793115292707334],[-107.83916034558813,25.803338215741867],[-107.84954715929675,25.81699869250926],[-107.87331368329299,25.828636694106596],[-107.85298125909782,25.8669242170846],[-107.82022077331601,25.847875846616386],[-107.79048925837927,25.852875311785695],[-107.78702674221029,25.850991699372283],[-107.75989978061236,25.858494803822165],[-107.7463899545269,25.850193145477167],[-107.71394583869439,25.849031512633072],[-107.70138707904097,25.820347826312315],[-107.68250444285903,25.798912495703348],[-107.71221500544112,25.777442113614434],[-107.71311799047375,25.731236770604113],[-107.72305927719965,25.717364166599566],[-107.72643912102816,25.71519144765535],[-107.7370472626694,25.723240958408468],[-107.73735668218644,25.734617940799208],[-107.74247947520513,25.749287980710985],[-107.75499734901452,25.754324901490506],[-107.75676507759208,25.749906373699048],[-107.76852778736418,25.746083482756486],[-107.77159207102652,25.74017536858085]]]}},{"type":"Feature","properties":{"clues":"SLIMB001641"},"geometry":{"type":"Polygon","coordinates":[[[-107.72307731524903,25.56796795847528],[-107.72664434775831,25.573247320620123],[-107.72609711350204,25.599027531153606],[-107.72174226212644,25.61159083129745],[-107.69729125421993,25.626895744711156],[-107.69378314892971,25.637129444304588],[-107.68459742795356,25.650528633245642],[-107.65532834864797,25.655863534258494],[-107.61323855946875,25.646565904313324],[-107.61638740392296,25.62394393100194],[-107.61573716804375,25.600326316062215],[-107.6128557515153,25.581909087165624],[-107.60260252838395,25.562692048299116],[-107.60303062340186,25.558830852811674],[-107.64085477704094,25.53206489190318],[-107.65745958708142,25.518587530398964],[-107.68536264414566,25.52149581729749],[-107.70200663986202,25.5163685434724],[-107.73180180746546,25.540318550684685],[-107.72307731524903,25.56796795847528]]]}},{"type":"Feature","properties":{"clues":"DGIMS001886"},"geometry":{"type":"Polygon","coordinates":[[[-107.16427105660487,25.63429644143435],[-107.13579622448097,25.638191421005722],[-107.10788161352183,25.632630744692854],[-107.10292213866629,25.593430151236916],[-107.11044756893324,25.584536894536313],[-107.13337558990197,25.57121719655588],[-107.16324822774232,25.563106757140602],[-107.16427105660487,25.63429644143435]]]}},{"type":"Feature","properties":{"clues":"MCIMB003866"},"geometry":{"type":"Polygon","coordinates":[[[-99.34160064645707,19.42561221847801],[-99.34670280076392,19.42445020779398],[-99.35901048636056,19.40760661817693],[-99.36638072827053,19.409972810145348],[-99.38170002449476,19.427387552783944],[-99.3726376186581,19.432591121907997],[-99.36508419052541,19.44423977595877],[-99.3728062134324,19.465293458743286],[-99.36470878674939,19.468239572545727],[-99.35741250025072,19.466048866326258],[-99.33163859246054,19.466591322007183],[-99.32844994966348,19.454437965807497],[-99.31892959083086,19.44944272773443],[-99.31184397761191,19.4489681792706],[-99.30620789026925,19.444457163631814],[-99.30612530129766,19.44252936527514],[-99.31478510681727,19.433444828149597],[-99.31468042576454,19.428312272646682],[-99.31979710279572,19.42788263629999],[-99.32678656095491,19.42447403215048],[-99.33261687305873,19.427752323100723],[-99.3344708507734,19.430933089566484],[-99.33771118355311,19.4318874385567],[-99.34160064645707,19.42561221847801]]]}},{"type":"Feature","properties":{"clues":"SCCSA001011"},"geometry":{"type":"Polygon","coordinates":[[[-99.25180631914402,19.238594111369604],[-99.25833510008597,19.239866621790245],[-99.26747742155028,19.248812965685595],[-99.27312764721192,19.25210918770718],[-99.2662579689737,19.26454057564489],[-99.25062644853804,19.262460355383357],[-99.24781596374525,19.260714926077025],[-99.24283160743113,19.26324483606878],[-99.24490551197037,19.26925242432625],[-99.24365277472168,19.27145195668653],[-99.23978100899127,19.269042368843454],[-99.23950877683669,19.266527265615515],[-99.23401565856746,19.26424381601555],[-99.23355840180538,19.25921216079396],[-99.23540379850228,19.2532448041428],[-99.22595007116954,19.245597556375674],[-99.22731447395235,19.242717571466624],[-99.23309621079993,19.239643746746943],[-99.2381659967103,19.2336683369502],[-99.24603599901225,19.235250631584737],[-99.25180631914402,19.238594111369604]]]}},{"type":"Feature","properties":{"clues":"MCIMB000955"},"geometry":{"type":"Polygon","coordinates":[[[-99.23106075649795,19.57875503110535],[-99.22058728343306,19.58569326005782],[-99.21617152613008,19.59172903663535],[-99.21287186583886,19.590965461066986],[-99.21366568391359,19.583253141405137],[-99.20892131333282,19.57960267508549],[-99.21358392320612,19.574898404654256],[-99.22025863046215,19.576735686968593],[-99.23085498633833,19.573221112117256],[-99.23241345847164,19.57539820880658],[-99.23106075649795,19.57875503110535]]]}},{"type":"Feature","properties":{"clues":"SCCSA000944"},"geometry":{"type":"Polygon","coordinates":[[[-99.21699458961949,19.4225759404157],[-99.21770635678632,19.426693874321064],[-99.22412250249711,19.428132886767635],[-99.22030829294197,19.431519830331094],[-99.22288150473041,19.435189159726296],[-99.21919497667373,19.438439666377768],[-99.22019439701327,19.442340893786827],[-99.21197630745363,19.443190020316457],[-99.21011208418521,19.439611336600134],[-99.19616009536261,19.43654614253655],[-99.19623429559607,19.433622435785125],[-99.19977769890934,19.432088419018974],[-99.20213021382833,19.434010250655795],[-99.20546448905296,19.431456838807335],[-99.20357343339586,19.426571414085426],[-99.21177398640114,19.423809486427885],[-99.21068686914195,19.420104051091837],[-99.2124581198103,19.418607227718894],[-99.21699458961949,19.4225759404157]]]}},{"type":"Feature","properties":{"clues":"DFIMB000166"},"geometry":{"type":"Polygon","coordinates":[[[-99.21456660998818,19.47363907640222],[-99.21162573268793,19.47903659916813],[-99.2086227972989,19.477030218378772],[-99.2100224625158,19.472284162857814],[-99.21456660998818,19.47363907640222]]]}},{"type":"Feature","properties":{"clues":"SCCSA000504"},"geometry":{"type":"Polygon","coordinates":[[[-99.1992585218801,19.39196131072379],[-99.19198159444201,19.400398885924954],[-99.18777775711561,19.396931243078885],[-99.19025159785163,19.39293964881866],[-99.19073184449977,19.385489854190592],[-99.19614451280442,19.384519864847757],[-99.20047344004661,19.387433439202198],[-99.1992585218801,19.39196131072379]]]}},{"type":"Feature","properties":{"clues":"SCCSA001026"},"geometry":{"type":"Polygon","coordinates":[[[-99.18948939916493,19.265364829664424],[-99.18037319051662,19.272353641533325],[-99.17782204847006,19.271089502521686],[-99.17247393324402,19.272575185159646],[-99.17006731151837,19.269576304004794],[-99.17554276628617,19.26132263732251],[-99.18143157121649,19.261139455149227],[-99.18948939916493,19.265364829664424]]]}},{"type":"Feature","properties":{"clues":"DFIMB002032"},"geometry":{"type":"MultiPolygon","coordinates":[[[[-99.1589125034535,19.445321763160866],[-99.16018618000183,19.44090333643016],[-99.16537313873587,19.442533964128167],[-99.16389223223807,19.446432990818952],[-99.1589125034535,19.445321763160866]]],[[[-99.1519687724907,19.45084744600389],[-99.15449355096709,19.445163905668686],[-99.15807607513636,19.446077911402373],[-99.1580375109975,19.450495327330742],[-99.15310195008738,19.451697287506526],[-99.1519687724907,19.45084744600389]]],[[[-99.17266831783319,19.448993667014076],[-99.17320615050937,19.453711588687035],[-99.17085513500152,19.458340844987514],[-99.16490130964503,19.457461877641272],[-99.16386945487346,19.455312087042323],[-99.16506658131448,19.44999949116958],[-99.16941289220728,19.44801562459592],[-99.17266831783319,19.448993667014076]]]]}},{"type":"Feature","properties":{"clues":"SCCSA000637"},"geometry":{"type":"MultiPolygon","coordinates":[[[[-99.15449355096709,19.445163905668686],[-99.1495136407028,19.452404464517482],[-99.1501382650389,19.45670497169843],[-99.14364074936779,19.453801075174596],[-99.14471682969572,19.451357577108592],[-99.14705500239461,19.450438750698424],[-99.14592723890276,19.44793707942202],[-99.14858772706184,19.44429030874682],[-99.15238168231406,19.44238904424369],[-99.15449355096709,19.445163905668686]]],[[[-99.1589125034535,19.445321763160866],[-99.16389223223807,19.446432990818952],[-99.16500934145157,19.449945432830255],[-99.1585347674364,19.449654376054287],[-99.1589125034535,19.445321763160866]]]]}},{"type":"Feature","properties":{"clues":"SCCSA000649"},"geometry":{"type":"MultiPolygon","coordinates":[[[[-99.15099966267263,19.450740808502168],[-99.15310195008738,19.451697287506526],[-99.15369819255959,19.45466382724882],[-99.15018116281045,19.45665181596111],[-99.1495136407028,19.452404464517482],[-99.15099966267263,19.450740808502168]]],[[[-99.14228305431618,19.45364371962357],[-99.1501382650389,19.45670497169843],[-99.14948317764602,19.45864463733477],[-99.15385998564992,19.46003682891408],[-99.15347013411709,19.46363921297146],[-99.14870821592494,19.463050529163205],[-99.14208727841918,19.46456448899479],[-99.14228305431618,19.45364371962357]]],[[[-99.13687220206037,19.449019943773035],[-99.14130009387387,19.44986487973885],[-99.13925678681132,19.452907003597485],[-99.14055609293622,19.45384507987581],[-99.1395439463154,19.457261781302044],[-99.13683089426621,19.457018747444433],[-99.13332532877874,19.454242439243398],[-99.13436073461544,19.45195620961197],[-99.13613748860577,19.452089352273394],[-99.13687220206037,19.449019943773035]]]]}},{"type":"Feature","properties":{"clues":"SCCSA000711"},"geometry":{"type":"MultiPolygon","coordinates":[[[[-99.14349706490403,19.52143940460864],[-99.14545870276149,19.526890328396384],[-99.14994382498318,19.528392396436605],[-99.15135321880564,19.531503664221557],[-99.14707664181653,19.53602776452015],[-99.1415309138424,19.53392018147548],[-99.14158176225162,19.527458252021614],[-99.14349706490403,19.52143940460864]]],[[[-99.13441757068415,19.52610335184322],[-99.13981818768634,19.52167995802501],[-99.13983704542456,19.526803046794537],[-99.13564691590058,19.527804893439352],[-99.13441757068415,19.52610335184322]]]]}},{"type":"Feature","properties":{"clues":"DFIMB001740"},"geometry":{"type":"Polygon","coordinates":[[[-99.12518810066177,19.2597061950287],[-99.12284842311502,19.25613066926555],[-99.12377280912169,19.251554556358247],[-99.13076623169276,19.252068046030224],[-99.14239910980139,19.254603841201565],[-99.14604645686109,19.263164301009887],[-99.1435777629386,19.268415391289846],[-99.13565321399307,19.265866328910487],[-99.13378558914201,19.26087643508797],[-99.12989027418972,19.259419490034283],[-99.12518810066177,19.2597061950287]]]}},{"type":"Feature","properties":{"clues":"SCCSA000600"},"geometry":{"type":"Polygon","coordinates":[[[-99.1285983680874,19.32848997501384],[-99.12359393737833,19.328370813178434],[-99.12327221869666,19.324135942374866],[-99.12573541302959,19.32130573316833],[-99.1291938334186,19.32267643329866],[-99.1285983680874,19.32848997501384]]]}},{"type":"Feature","properties":{"clues":"SCCSA001058"},"geometry":{"type":"Polygon","coordinates":[[[-99.10731364315392,19.19447748930827],[-99.11297531040013,19.19431244403024],[-99.1149262028626,19.20109051775831],[-99.11035085181405,19.200557627462306],[-99.10844815674362,19.203205715023692],[-99.10518726884195,19.202186174742945],[-99.10394950640473,19.206015927987504],[-99.10621279388899,19.20673940501553],[-99.10423610596189,19.21160657863318],[-99.10252922388257,19.20769479023085],[-99.09714182124777,19.209481253910443],[-99.09244741986286,19.214764480679783],[-99.08863123849636,19.214050810861597],[-99.08402708715381,19.219570081897345],[-99.08288907475495,19.219126856015645],[-99.08241643773499,19.212752872486003],[-99.0868336097648,19.21106884388035],[-99.0862135209487,19.208009539588755],[-99.09105939729449,19.204779989318816],[-99.09100327429694,19.19888557396086],[-99.09308938734732,19.197209034412506],[-99.09575835263705,19.203015426641432],[-99.10571143712693,19.192969530694626],[-99.10731364315392,19.19447748930827]]]}},{"type":"Feature","properties":{"clues":"MCIMB002022"},"geometry":{"type":"Polygon","coordinates":[[[-99.08103641864825,19.53976514129109],[-99.08334597414384,19.543238329061694],[-99.08778470702873,19.543048967252744],[-99.09463931006316,19.54838056103183],[-99.09367477052555,19.550520945218185],[-99.08949723035924,19.551782218528043],[-99.08875807436196,19.558050358048664],[-99.0809285182998,19.560855186163355],[-99.08131704987517,19.557144565214625],[-99.07608646896522,19.550594548934736],[-99.08103641864825,19.53976514129109]]]}},{"type":"Feature","properties":{"clues":"DFIMB000854"},"geometry":{"type":"Polygon","coordinates":[[[-99.06842926644848,19.370389015231467],[-99.07185934419847,19.365125905735812],[-99.07725311410583,19.366994145229626],[-99.08241336449657,19.372603968057174],[-99.08127414643977,19.37365626743204],[-99.07339270886307,19.37351365299209],[-99.06842926644848,19.370389015231467]]]}},{"type":"Feature","properties":{"clues":"MCIMB002104"},"geometry":{"type":"MultiPolygon","coordinates":[[[[-99.0568000021555,19.585264164641117],[-99.05042250622208,19.580534441053704],[-99.05207401680617,19.575414894431777],[-99.05518636418756,19.572793891474895],[-99.05573604677971,19.56997256930015],[-99.06107104403806,19.57108688802438],[-99.06497703046357,19.570295072610076],[-99.06771788066453,19.574418073264994],[-99.06946360090633,19.573808707456944],[-99.0806050049262,19.580198792173448],[-99.08501657795546,19.591310192666985],[-99.06467050142093,19.590056932405535],[-99.06218773855908,19.587146557822166],[-99.0568000021555,19.585264164641117]]],[[[-99.04342037628916,19.572247255428064],[-99.04574103589657,19.56597127491797],[-99.05298961793649,19.563831992728268],[-99.05301452689697,19.568260869569652],[-99.05003700867951,19.569624885404203],[-99.04972235529041,19.574000402746318],[-99.04772560814912,19.574537524321673],[-99.04342037628916,19.572247255428064]]]]}},{"type":"Feature","properties":{"clues":"SCCSA000855"},"geometry":{"type":"Polygon","coordinates":[[[-99.06403889539828,19.348977527637807],[-99.06602656458138,19.351266840187535],[-99.06627957920578,19.355251620434604],[-99.06041750803544,19.353364534716253],[-99.059843940063,19.348332165048955],[-99.06136496335424,19.34486017601629],[-99.06375433003325,19.345404052682664],[-99.06403889539828,19.348977527637807]]]}},{"type":"Feature","properties":{"clues":"SCCSA000897"},"geometry":{"type":"MultiPolygon","coordinates":[[[[-99.05147541083132,19.36986647846695],[-99.05731623370285,19.369494476781796],[-99.05851274665089,19.370850597175018],[-99.05708968133139,19.37679563648055],[-99.05277875695555,19.3744559086048],[-99.0510996319409,19.3752893353754],[-99.05102185209002,19.373569843267987],[-99.04788482540712,19.37395479958223],[-99.04775384353846,19.37560819124796],[-99.04396845229432,19.37746807129972],[-99.04138321202713,19.37358342244554],[-99.04691113025847,19.371399710714474],[-99.04754378577884,19.372417431776633],[-99.05092063339015,19.371926482140402],[-99.05147541083132,19.36986647846695]]],[[[-99.04648878055467,19.364866827729184],[-99.04803113724371,19.36241245679837],[-99.05302791689485,19.361781526572496],[-99.0571806482701,19.36510801259185],[-99.0497545899877,19.367475067427534],[-99.04648878055467,19.364866827729184]]]]}},{"type":"Feature","properties":{"clues":"SCCSA000973"},"geometry":{"type":"Polygon","coordinates":[[[-99.03575268519324,19.305566826052015],[-99.03459985712593,19.297493137870518],[-99.04096226849995,19.29729397774721],[-99.04521794985217,19.299511268890203],[-99.04981041057125,19.299727887378072],[-99.0534775091657,19.303418750560027],[-99.05260073163349,19.307167819988162],[-99.04891423289935,19.30738421254348],[-99.04686823830399,19.309673688514597],[-99.04409829859166,19.30824290667671],[-99.03962245632023,19.30909481684169],[-99.03901712580819,19.307201457367807],[-99.03575268519324,19.305566826052015]]]}},{"type":"Feature","properties":{"clues":"MCIMB002133"},"geometry":{"type":"Polygon","coordinates":[[[-98.96945290763072,19.493887183003167],[-98.98341332199847,19.47983189389194],[-99.02092690405155,19.49207088052967],[-99.02726990473795,19.49681850608635],[-99.02539119289035,19.504699383879704],[-99.02036985802502,19.513269721499846],[-99.00766559732618,19.51060954254398],[-98.97331087699398,19.511056050519766],[-98.96945290763072,19.493887183003167]]]}},{"type":"Feature","properties":{"clues":"MCIMB003982"},"geometry":{"type":"Polygon","coordinates":[[[-99.00575131554461,19.388322192055128],[-99.01135781813062,19.39162403379658],[-99.0116250841987,19.394350125595803],[-99.01554720789105,19.39621800500574],[-99.0154190349805,19.40002037369549],[-99.01738817702574,19.4027050594659],[-99.01255190690831,19.40594858390732],[-99.01063046651355,19.40514190284698],[-99.00884828622034,19.399727256535833],[-99.00553214716528,19.401485209086232],[-99.00448213636956,19.407118006804254],[-98.99995236773387,19.413602764363112],[-98.99828010156095,19.421642355153168],[-98.99618275128115,19.423137472936645],[-98.9875002343948,19.41659255233978],[-98.99263831667757,19.413369076143802],[-98.98856011472371,19.411969983624406],[-98.98806042326116,19.406668295408565],[-98.99204454537707,19.404553952290357],[-98.99500244416595,19.396319880320007],[-99.00058229280052,19.398515326579005],[-99.00575131554461,19.388322192055128]]]}},{"type":"Feature","properties":{"clues":"SCCSA000986"},"geometry":{"type":"Polygon","coordinates":[[[-98.99894348629574,19.285074213649047],[-99.00540119363396,19.28598382127504],[-99.00478979934775,19.290220060223664],[-99.00843808951564,19.291892352043536],[-99.00851099848659,19.293937530884826],[-99.00739798932244,19.296220730776625],[-99.00206008785484,19.295599021801763],[-99.00109568367431,19.300047565589633],[-98.99167284342741,19.30940404984514],[-98.98095305905642,19.301573262609605],[-98.98754522812563,19.29145335518736],[-98.9901510600273,19.294722832822767],[-98.99576449940066,19.295740511889385],[-99.00084134541065,19.293166388959026],[-98.9983849844107,19.289151305834697],[-98.99894348629574,19.285074213649047]]]}},{"type":"Feature","properties":{"clues":"SCCSA001233"},"geometry":{"type":"Polygon","coordinates":[[[-98.95749118646847,19.442958771784728],[-98.95850565749619,19.438145058794472],[-98.96533340507335,19.43628714474881],[-98.96683313090654,19.437271691132203],[-98.9766371356713,19.433896388918576],[-98.97963613182823,19.435432282664475],[-98.98680487032566,19.44402254108042],[-99.00514518365122,19.45830037346581],[-98.96945290763072,19.493887183003167],[-98.96065209434357,19.487837078842148],[-98.95782591369878,19.45105819907792],[-98.95925004797198,19.44509598926082],[-98.95749118646847,19.442958771784728]]]}},{"type":"Feature","properties":{"clues":"MCIMB004600"},"geometry":{"type":"MultiPolygon","coordinates":[[[[-98.9796340455319,19.354645140625202],[-98.99207039448397,19.35660492953732],[-98.99315062180632,19.35895246655792],[-98.99208050602573,19.36129283324662],[-98.98965577299982,19.362329580709247],[-98.98526674320844,19.35976798598312],[-98.98278563212295,19.368230289081616],[-98.98130844549326,19.367978828894344],[-98.97802290927986,19.371352923562636],[-98.97476777054484,19.369765793793764],[-98.97268740074726,19.37150475029621],[-98.97104865895147,19.371132640160255],[-98.96865582233715,19.36606611957588],[-98.96392690930816,19.36864333386105],[-98.96246212263797,19.368017261810476],[-98.96434771039519,19.36317370357751],[-98.96385192660999,19.359717951782923],[-98.96257652797745,19.354646586705364],[-98.95823931278251,19.348370526551008],[-98.95931887316492,19.345740727684486],[-98.96782330267739,19.3488983086673],[-98.97472981959669,19.348214390693457],[-98.9796340455319,19.354645140625202]]],[[[-98.95399964209632,19.34175012653274],[-98.9522625777777,19.339185356290475],[-98.95311783962553,19.333305097878867],[-98.96102708905522,19.337122723564654],[-98.9593556491255,19.34235578609776],[-98.95399964209632,19.34175012653274]]]]}},{"type":"Feature","properties":{"clues":"MCIMB000873"},"geometry":{"type":"Polygon","coordinates":[[[-98.96448196515871,19.562638339966608],[-98.96210701992379,19.57347550903449],[-98.95177326168059,19.587188313990417],[-98.9479195382876,19.590108458408846],[-98.94395674397076,19.588067554567264],[-98.93861893169287,19.589286390610656],[-98.93742371166421,19.58110884289193],[-98.94211212938504,19.57908511260282],[-98.9567487174338,19.551605114440665],[-98.96348336547486,19.54981391091978],[-98.96448196515871,19.562638339966608]]]}},{"type":"Feature","properties":{"clues":"SLIMB001496"},"geometry":{"type":"Polygon","coordinates":[[[-106.57960270812572,23.439422166828244],[-106.59360782982768,23.44965450934764],[-106.59907535395924,23.456638705375774],[-106.62249787547174,23.477406640136188],[-106.62682552045776,23.477977711035994],[-106.62892836898104,23.480616533547824],[-106.6303828136463,23.487026205979163],[-106.62912467425478,23.49040801554597],[-106.62639602693478,23.491993331630333],[-106.6290800594049,23.498439291088097],[-106.64594091993486,23.51400096668953],[-106.66936842818954,23.53202014354365],[-106.62850429930562,23.593801229513993],[-106.62007199678648,23.591258020058522],[-106.56072438735693,23.62032295799582],[-106.53445141076709,23.61921489342315],[-106.51772792327517,23.623452817066653],[-106.51910385449408,23.636248512936092],[-106.54850934800477,23.694986132595538],[-106.50020182904454,23.712128102352022],[-106.48956321573989,23.732871650877165],[-106.45021125531359,23.742544628040967],[-106.4390638395298,23.6879112224931],[-106.39582663357307,23.681745068516072],[-106.39621098159101,23.655714600839133],[-106.40348367262614,23.626884994283465],[-106.38640336567074,23.588577000444392],[-106.36505631328772,23.580738997248023],[-106.35157755475304,23.5710872147398],[-106.36678447597102,23.51945374719274],[-106.37996213955014,23.517051194002885],[-106.38987115264925,23.50291046920045],[-106.40016602920622,23.501195501741734],[-106.40694766607132,23.514740278697428],[-106.43894403237115,23.514649398481563],[-106.44614999195042,23.508949779755614],[-106.44089016270382,23.492651971545495],[-106.43220979765451,23.482348177834726],[-106.42134909503343,23.476914419158692],[-106.41950536176299,23.46911429037279],[-106.43851162561037,23.4313897363727],[-106.44461790149522,23.434208484462356],[-106.44881208321273,23.43933573330738],[-106.45150134559806,23.44779172779323],[-106.46982637238759,23.448585070255714],[-106.47638870468627,23.43737679351754],[-106.48218885855105,23.433079471170704],[-106.48047328478144,23.41876561736226],[-106.48239185342614,23.411141343518707],[-106.52846073397488,23.409307652802237],[-106.52733479128972,23.414522579277737],[-106.51788136469303,23.43092853547685],[-106.50183677467646,23.44797181657556],[-106.50318733551153,23.458838731224166],[-106.50168298314121,23.466361972815108],[-106.54089707566482,23.471952925056016],[-106.54960353049444,23.501415812441728],[-106.58137990449555,23.470036097009732],[-106.5770117950346,23.44816260724927],[-106.57960270812572,23.439422166828244]]]}},{"type":"Feature","properties":{"clues":"SCCSA002508"},"geometry":{"type":"Polygon","coordinates":[[[-107.03893726039047,24.408761920668052],[-107.05217497328161,24.44147897226604],[-107.0511466354419,24.445863488693735],[-107.02579359746969,24.45316634256234],[-107.01409584127448,24.467051440572817],[-107.01193902567948,24.488916697930566],[-106.99978448116583,24.499690150778527],[-106.99221126018558,24.504072119990802],[-106.96734322749948,24.467102152695215],[-106.93719633775812,24.42798350758718],[-106.92171398128666,24.45611553209266],[-106.88460098168581,24.457872212652028],[-106.89155220930371,24.41197021719425],[-106.92643254700361,24.40962610938559],[-106.93729317202495,24.4268069589865],[-106.98680346344109,24.420748166169574],[-106.99286338894026,24.41441377564407],[-107.0095649951676,24.417788665600412],[-107.03893726039047,24.408761920668052]]]}},{"type":"Feature","properties":{"clues":"NTIMS000540"},"geometry":{"type":"Polygon","coordinates":[[[-105.19076739126326,22.85066371384261],[-105.19379557825812,22.86022771279055],[-105.20643539502647,22.866706867241835],[-105.21015565597068,22.8655941370278],[-105.24182889943006,22.888567284190916],[-105.24779145685247,22.885066453304187],[-105.29564512564286,22.89663314422563],[-105.32482652048621,22.92208574815375],[-105.32666260460341,22.928216816535308],[-105.3003955042732,22.93757369155757],[-105.25519049236158,22.9922096018667],[-105.21861061794495,22.994110065663282],[-105.2142237284533,22.99854424739358],[-105.16511356174671,23.000296488769262],[-105.15758845659306,22.99800110038212],[-105.14366163677406,22.968856843044826],[-105.1004272582804,22.964291874848804],[-105.09035600937938,22.954149010922816],[-105.08797393321133,22.943122654845986],[-105.07240118180769,22.93926282172272],[-105.06232485766004,22.942189740448534],[-105.06082040844123,22.986323335242755],[-105.00959883075127,23.001994112498664],[-105.00787797165627,22.998755777572654],[-105.006866361522,22.972153800267435],[-105.00452931791936,22.964441244498193],[-105.00661306204522,22.91813183897263],[-105.00613838115964,22.89684192497173],[-105.00103906415029,22.891725980212854],[-104.98119764522531,22.859853224103325],[-104.98411233325743,22.831234424346505],[-104.96101252815085,22.813180315094062],[-104.95238256500883,22.8167782181578],[-104.9366646034957,22.815441756778068],[-104.91142827980536,22.793452437874432],[-104.9266237201855,22.769466487781028],[-104.9169083609877,22.76094846999988],[-104.90279157332377,22.722858720706064],[-104.92296880578287,22.705195608181448],[-104.9797113226142,22.74796368330322],[-105.01570952178176,22.737579625914847],[-105.02267984174098,22.726323249898478],[-105.04063981930315,22.716695264721203],[-105.09420472532535,22.732482957888063],[-105.11957627817922,22.737938446161657],[-105.13109036057,22.777769592942796],[-105.1486349755219,22.792517402886055],[-105.17851183765968,22.79497171718517],[-105.18778823650192,22.809315464808883],[-105.1788563604593,22.834111311112352],[-105.19076739126326,22.85066371384261]]]}},{"type":"Feature","properties":{"clues":"NTIMS001240"},"geometry":{"type":"MultiPolygon","coordinates":[[[[-104.38028896289646,22.11786213924666],[-104.42602351183372,22.133774457638232],[-104.4408878860481,22.15144563412631],[-104.36950782134966,22.165561585966085],[-104.36342988093377,22.134310454738067],[-104.38028896289646,22.11786213924666]]],[[[-104.35587124651352,22.225925696696645],[-104.38614682235745,22.276232751745837],[-104.39555140870628,22.27537970254513],[-104.4245348790149,22.288704301975134],[-104.42743279823596,22.311415855734754],[-104.42247810884022,22.327607717404035],[-104.41050914074916,22.33279624835842],[-104.4034621454934,22.34636120578918],[-104.40389144572138,22.35681329564437],[-104.37229830679775,22.36816222980185],[-104.37128403596523,22.37250236152266],[-104.36360115157555,22.386177218166853],[-104.37175296414453,22.40228538142526],[-104.36901153829912,22.42279679672793],[-104.33979977190576,22.417019982265302],[-104.29651730101045,22.399889744754777],[-104.29336241337475,22.40371828025967],[-104.28311368036555,22.40982398864745],[-104.24863068311086,22.421670907949633],[-104.23419515290873,22.415341175108377],[-104.23264632227843,22.41355881297811],[-104.23679967401253,22.37522453263222],[-104.26317872375898,22.3354263232061],[-104.30788166340419,22.378810208885312],[-104.3263716637467,22.33740223828604],[-104.29822750615857,22.324361229349407],[-104.2774814535717,22.321940732551653],[-104.29737676457039,22.309309092130082],[-104.27897755721075,22.304720250898246],[-104.29188736391757,22.293909574413117],[-104.29567784773575,22.275296784177606],[-104.3019517849526,22.273819556945078],[-104.31035491913141,22.276005296275642],[-104.32295146315383,22.271915837608404],[-104.31982681273277,22.239955396490164],[-104.32144941074516,22.23785266775094],[-104.35587124651352,22.225925696696645]]]]}},{"type":"Feature","properties":{"clues":"ZSIMS000703"},"geometry":{"type":"Polygon","coordinates":[[[-103.24141047268307,23.27170234715768],[-103.27293190553279,23.289268124707828],[-103.28114649165111,23.283731220974413],[-103.2933149482499,23.27869474391605],[-103.31809643824786,23.278792888841767],[-103.33904579844304,23.294147850493193],[-103.28717539102648,23.324974024102755],[-103.28148029085291,23.32335916495357],[-103.27565167590315,23.326853230729416],[-103.2443868458209,23.35991317798006],[-103.2269581448642,23.44106684626498],[-103.21128067457869,23.43949399932738],[-103.17149307215071,23.431146629506916],[-103.18518150785795,23.384203608693436],[-103.20166727886952,23.33848274873342],[-103.196019856081,23.32732345662771],[-103.22251765729656,23.302982049167895],[-103.24141047268307,23.27170234715768]]]}},{"type":"Feature","properties":{"clues":"ZSIMB000183"},"geometry":{"type":"Polygon","coordinates":[[[-102.76097094510818,23.048278699322825],[-102.76410074219734,23.056724078913575],[-102.7758549927035,23.061872953794012],[-102.76399407196607,23.08424853095084],[-102.75940161441304,23.08802660915201],[-102.75846975851043,23.096577883814422],[-102.74984251217171,23.104607600837014],[-102.74621159060055,23.12816617178176],[-102.7401168974676,23.135591622630848],[-102.7199219877061,23.12117723019388],[-102.71954262449549,23.115488185554796],[-102.70655827734309,23.099444522715952],[-102.69435616322767,23.09762361421347],[-102.69999578744584,23.07065987707133],[-102.7021151502229,23.07056990562063],[-102.72360608089514,23.054818133539086],[-102.73653515251159,23.05869939245757],[-102.74283677069116,23.056389808835178],[-102.7447103244156,23.051831390630408],[-102.75812875093995,23.0462505098902],[-102.76097094510818,23.048278699322825]]]}},{"type":"Feature","properties":{"clues":"ZSIMB001641"},"geometry":{"type":"Polygon","coordinates":[[[-102.61064035332105,22.764832546507975],[-102.6159159593319,22.772235138249442],[-102.62478688503145,22.76136976038318],[-102.62865869123529,22.76665974110312],[-102.6244548343861,22.778251897561073],[-102.63037399628587,22.785013692694047],[-102.63670687262382,22.78493906910611],[-102.64418442006917,22.792193469856297],[-102.65281881178075,22.785728287472768],[-102.66285108117937,22.788708967329036],[-102.66976557557015,22.78299004510444],[-102.6786704745906,22.78880357210809],[-102.679524288698,22.80249118062323],[-102.66845471833939,22.80956456509168],[-102.66443902064509,22.827530065105766],[-102.62205812492792,22.813677223702157],[-102.61212357359189,22.803476827829876],[-102.60124288064627,22.800184883356266],[-102.58919444125058,22.80095131993819],[-102.57652119867495,22.781588873357276],[-102.57244598196544,22.78030081866981],[-102.57188307058335,22.776801506145155],[-102.57731979859145,22.767221479373674],[-102.57000286767939,22.769271688138065],[-102.56625118022426,22.76696610800798],[-102.56202626699539,22.767638404924853],[-102.55850874546509,22.76338998831466],[-102.56288929757237,22.757375130600302],[-102.55871956839843,22.753857101434974],[-102.55353613093538,22.752755391535572],[-102.55147993284234,22.746304354971684],[-102.55113547431297,22.737065259547062],[-102.55984090582196,22.72880089669604],[-102.56776604266629,22.733978080499423],[-102.57593061595851,22.745535832166055],[-102.5768120425263,22.75448894916184],[-102.58128239250053,22.7570520147933],[-102.58306265676156,22.76121186609707],[-102.58813609095589,22.764488741397756],[-102.59060205750069,22.763182347454574],[-102.59642691500353,22.765648984052692],[-102.59554687249164,22.76940127090175],[-102.59701612955759,22.773285131053377],[-102.60732510070046,22.769790501698814],[-102.60770579431824,22.764733782323834],[-102.61064035332105,22.764832546507975]]]}},{"type":"Feature","properties":{"clues":"MNIMB000756"},"geometry":{"type":"MultiPolygon","coordinates":[[[[-102.07720671609181,20.09536120400556],[-102.08709461251216,20.08692975695537],[-102.09589304374767,20.093613218031734],[-102.11774426371444,20.086874736772433],[-102.14582696474763,20.085318592165294],[-102.1461981519978,20.088255012360325],[-102.15010525389944,20.09289848008049],[-102.15306757314869,20.11001643043223],[-102.14771190629644,20.133934310210847],[-102.15866109780134,20.147640609577795],[-102.1541999976287,20.15801930834166],[-102.12239465723289,20.15440010118144],[-102.09692107303432,20.16712596117284],[-102.09334006111484,20.166094588731184],[-102.0761356425324,20.178284355922194],[-102.06576334872503,20.188076829532072],[-102.05740055090398,20.188493907710715],[-102.0447172942963,20.16024546318566],[-102.02634809922286,20.133998831230706],[-102.04310707582677,20.13050662843339],[-102.07098378257085,20.11142992418349],[-102.07720671609181,20.09536120400556]]],[[[-101.99136383356299,20.05531108570147],[-102.00050829482234,20.087386629106412],[-102.02701639794746,20.110886027106194],[-102.02263184712885,20.13038112684224],[-102.01579650724456,20.127938920741734],[-101.98737023669617,20.10584451853443],[-101.96966363512907,20.10117097570407],[-101.96813826503178,20.09928932016453],[-101.96742736018221,20.09689694639136],[-101.99136383356299,20.05531108570147]]]]}},{"type":"Feature","properties":{"clues":"MNIMB000761"},"geometry":{"type":"Polygon","coordinates":[[[-102.0899211082686,20.215083565161347],[-102.06739327716174,20.238680194421676],[-102.06006982324712,20.238355611086167],[-102.03507515736358,20.220367837476083],[-102.04666429297073,20.196832011273614],[-102.05740055090398,20.188493907710715],[-102.06576334872503,20.188076829532072],[-102.0761356425324,20.178284355922194],[-102.09334006111484,20.166094588731184],[-102.09692107303432,20.16712596117284],[-102.12239465723289,20.15440010118144],[-102.1541999976287,20.15801930834166],[-102.15366441698922,20.17995465012529],[-102.14158475957072,20.212301869813558],[-102.13941027115776,20.22458711145753],[-102.0899211082686,20.215083565161347]]]}},{"type":"Feature","properties":{"clues":"MNIMS003323"},"geometry":{"type":"Polygon","coordinates":[[[-102.03566027615392,20.003236853306795],[-102.01318858205258,20.022760147380914],[-101.99780905780231,19.976004563741924],[-102.00936864114048,19.96249250498897],[-102.01329033626187,19.9620924736453],[-102.03519278155682,19.99639096676056],[-102.03566027615392,20.003236853306795]]]}},{"type":"Feature","properties":{"clues":"MNIMB001094"},"geometry":{"type":"Polygon","coordinates":[[[-101.74933223419806,19.897850732458377],[-101.75269190398393,19.896654278687677],[-101.76650610085883,19.905636548950223],[-101.77199361939795,19.913741223525516],[-101.76023597839112,19.92062484457219],[-101.75225238524791,19.92145387810714],[-101.74889537021922,19.926820693590415],[-101.7422431668721,19.927013970412087],[-101.73883358387124,19.933228970462256],[-101.73820673859295,19.940939856878515],[-101.73312824972604,19.949453436704285],[-101.72534474626939,19.95308788053941],[-101.70208736433925,19.95107257207916],[-101.69978606300384,19.949637069740547],[-101.703203639176,19.921928994412024],[-101.69401614777799,19.88870913838788],[-101.69702339387405,19.873900702088577],[-101.7110794517932,19.87505882850801],[-101.73016172161321,19.892467406754683],[-101.74933223419806,19.897850732458377]]]}},{"type":"Feature","properties":{"clues":"MNIMS004023"},"geometry":{"type":"MultiPolygon","coordinates":[[[[-101.451102116992,20.251706150263765],[-101.46393829243912,20.239919079973824],[-101.47167457608037,20.24737618286384],[-101.49805047159585,20.262709444710694],[-101.50798600181956,20.266608851729718],[-101.50556114581185,20.280435434511297],[-101.49544668620501,20.28755687085746],[-101.48940474343551,20.28768475169198],[-101.4732471119604,20.29594933369058],[-101.46707767620624,20.297453591445077],[-101.44733829572594,20.29619182374967],[-101.46283565190264,20.2761232169163],[-101.46268326880467,20.273565919180644],[-101.451102116992,20.251706150263765]]],[[[-101.44897884551686,20.25271055756746],[-101.43509347773968,20.281794291704642],[-101.40988974051587,20.2769050360808],[-101.4219172676076,20.245077804823772],[-101.44897884551686,20.25271055756746]]]]}},{"type":"Feature","properties":{"clues":"SPIMS002254"},"geometry":{"type":"Polygon","coordinates":[[[-100.84836190768273,21.678714990702765],[-100.85726111615458,21.67997036446777],[-100.86416566462819,21.68384781054756],[-100.88198754486501,21.678578118318708],[-100.9067334810055,21.68336046173317],[-100.91450824648685,21.69311488440651],[-100.9107708183217,21.709102293593507],[-100.92278990748066,21.712914400526966],[-100.92843088561442,21.71773361513161],[-100.94672718529786,21.72801915040612],[-100.94635908288905,21.732043201192536],[-100.93457274537352,21.749168795182303],[-100.93351682252266,21.755771046366508],[-100.91178440146884,21.760657415795023],[-100.9072933839886,21.782669055076774],[-100.89392053398208,21.791628196218987],[-100.87956715986543,21.789391778104978],[-100.83974071518529,21.765498727080583],[-100.83812070342672,21.756774964792182],[-100.84197249073104,21.75348858961145],[-100.84836190768273,21.678714990702765]]]}},{"type":"Feature","properties":{"clues":"MNIMB000452"},"geometry":{"type":"Polygon","coordinates":[[[-100.26529011312346,19.889532964970297],[-100.27984820456594,19.898224408757976],[-100.27883338020793,19.90574583912806],[-100.27055466999738,19.911222773958308],[-100.26459990547092,19.922143939682435],[-100.24823286775744,19.930602150081246],[-100.25185825496311,19.956096622034952],[-100.24009994395425,19.96056022690264],[-100.23624219130647,19.960215639504984],[-100.23240700855102,19.955679595634145],[-100.21487017162605,19.942978917280644],[-100.20611078071819,19.948343572209556],[-100.201163437251,19.93107592874808],[-100.19394655861927,19.93083288699436],[-100.18987045713035,19.925768543300318],[-100.18798308662697,19.919823243410978],[-100.20276324889404,19.910583821450917],[-100.2157930039019,19.91405590003353],[-100.21981153697539,19.90589588878646],[-100.22657774224913,19.90114720877128],[-100.23397089676821,19.898421954049496],[-100.23908005536548,19.900576728159614],[-100.25153260607814,19.899492444821018],[-100.2604895049147,19.889608871100513],[-100.26529011312346,19.889532964970297]]]}},{"type":"Feature","properties":{"clues":"MCIMB010335"},"geometry":{"type":"Polygon","coordinates":[[[-100.00489236112979,19.924917513783875],[-100.01796190313716,19.926424593679975],[-100.02057754016367,19.941618943652138],[-100.02246945735678,19.944208425295535],[-100.02179809143595,19.950258504301946],[-100.01448505646344,19.956308450363547],[-100.01367934409348,19.974527099885755],[-100.00491627988174,19.979450460891464],[-99.99752294669236,19.980895732088413],[-99.99263387025121,19.975618354535424],[-99.99490699759153,19.967010561156872],[-99.9941857320117,19.963942645743245],[-99.99804755708152,19.9542737887834],[-99.99369412180549,19.952525864431955],[-99.98533332558719,19.94087298682597],[-99.97189947367208,19.93496279509091],[-99.97677039481125,19.929006341357624],[-99.99422922142861,19.92893069008257],[-100.00489236112979,19.924917513783875]]]}},{"type":"Feature","properties":{"clues":"MCIMB000050"},"geometry":{"type":"Polygon","coordinates":[[[-99.97458863079142,20.02382059087892],[-99.9761619303443,20.01656178438476],[-99.98195862763757,20.008289233239232],[-99.9910652529105,20.00747704435058],[-99.99291571583696,20.018958637545545],[-100.00211633752205,20.029847384993015],[-100.00810162224624,20.023476441798994],[-100.01392837797191,20.02788897538354],[-100.01178353146643,20.036141978490164],[-100.00370026419955,20.033823246111744],[-99.99014850129569,20.040805474898477],[-99.98977882488605,20.03805141412698],[-99.97458863079142,20.02382059087892]]]}},{"type":"Feature","properties":{"clues":"MCIMB000272"},"geometry":{"type":"Polygon","coordinates":[[[-99.69678734010067,20.021381216598467],[-99.7259604995391,20.02154637588851],[-99.73765914038671,20.017054505337633],[-99.74757064182802,20.022105542336092],[-99.7532398001661,20.029481228611676],[-99.75097667938424,20.04318574132077],[-99.73341397583238,20.055225990967543],[-99.73119288574189,20.060015366467017],[-99.71935058093982,20.069836075503336],[-99.68727013726576,20.046548333620294],[-99.69116724009747,20.039472229513457],[-99.69678734010067,20.021381216598467]]]}},{"type":"Feature","properties":{"clues":"HGIMB001440"},"geometry":{"type":"Polygon","coordinates":[[[-99.68177363497995,20.411743478667468],[-99.67026899437259,20.395463708300802],[-99.67849696620246,20.3773156480764],[-99.69585382816427,20.373572135832045],[-99.70413257497869,20.38286293914995],[-99.73381672058176,20.38875520918069],[-99.73866121921404,20.40924264281286],[-99.7123342111405,20.416527099078795],[-99.69557461328247,20.4066041615858],[-99.68177363497995,20.411743478667468]]]}},{"type":"Feature","properties":{"clues":"SPIMB000491"},"geometry":{"type":"MultiPolygon","coordinates":[[[[-99.69940345298036,21.11045767001566],[-99.70042991091798,21.116741228773407],[-99.68481897112815,21.116528314426244],[-99.68063573683735,21.12170027496772],[-99.67033041808203,21.14326820454504],[-99.66692931955055,21.14236563305725],[-99.66151445612932,21.137099361783516],[-99.64167792648466,21.137974251317395],[-99.63016200572709,21.159886362014166],[-99.62281654109364,21.163693788940698],[-99.6171716467826,21.181960909676633],[-99.60535462436712,21.180548600706476],[-99.5975207045808,21.183886267062864],[-99.59264796685531,21.18176750771634],[-99.5855553332567,21.185167447351937],[-99.58153766232249,21.192968913727295],[-99.57645431795798,21.197160606045973],[-99.57184641463375,21.19622129428492],[-99.56546764447491,21.21356376982592],[-99.5622165651398,21.21622566901964],[-99.55058849753424,21.219858971252318],[-99.53310569042665,21.241489880926018],[-99.53672060694869,21.252825255636036],[-99.50406722380184,21.264354448881676],[-99.50061552457825,21.264073560076966],[-99.4866211047448,21.271701744617584],[-99.45808739885614,21.27713671530845],[-99.46816941533403,21.299340922739695],[-99.48019980690404,21.31960449896673],[-99.45399863914686,21.341469925272122],[-99.43034443232072,21.365924731834582],[-99.43029596664529,21.375957126648057],[-99.39236609251344,21.394328478957238],[-99.37854490765561,21.372538440806338],[-99.37653086723624,21.359515408552003],[-99.35988508198135,21.32786990817484],[-99.38773497743165,21.30724817767896],[-99.39021443236257,21.297223636986086],[-99.43264208253356,21.287419401234818],[-99.45033070927687,21.27145127845962],[-99.44971074272598,21.25373490393711],[-99.45544925482194,21.249879545032435],[-99.46185779058149,21.24076859370554],[-99.4669232383459,21.221164931768396],[-99.46640846311837,21.215950932249555],[-99.47312453028769,21.217204102973863],[-99.47860205506845,21.206608953553324],[-99.48572323780196,21.203006137083264],[-99.48728149383352,21.19955279782493],[-99.48687498829874,21.192268332286343],[-99.4996758890396,21.186701619136322],[-99.50197452619261,21.180625148855917],[-99.5172474375911,21.175598702671106],[-99.51780268467442,21.168122068023422],[-99.53061159054249,21.160846259013468],[-99.52946533338466,21.15401431560588],[-99.54056531648182,21.15062852139103],[-99.55027205388022,21.156087650741455],[-99.55553903790845,21.156058518094902],[-99.55281581600738,21.137255791494674],[-99.56370034808265,21.135230558929784],[-99.56734127238656,21.131474074820115],[-99.56510497023059,21.121887539270666],[-99.566227984102,21.120336139884643],[-99.57573908056595,21.118555352404368],[-99.58299559079299,21.124636981909266],[-99.59171320614509,21.111596446585914],[-99.59999055408086,21.123609006470996],[-99.6048283970559,21.123478332586572],[-99.61175912182385,21.112733092166895],[-99.62906418799709,21.118796248623322],[-99.63272675841723,21.11645827367179],[-99.63652114059911,21.104506141180124],[-99.63558634046476,21.09767595244773],[-99.65455384609572,21.097600490328578],[-99.65644284467788,21.094830075133295],[-99.66546551158837,21.09292794650841],[-99.67057957516721,21.08771133707653],[-99.67188277368594,21.083553683413346],[-99.67847341441369,21.08265678932203],[-99.68810935653653,21.07652819281738],[-99.69803164678947,21.07910302271106],[-99.71379400760742,21.075185969546887],[-99.72431451822722,21.076016625487785],[-99.70401742186887,21.096388710031924],[-99.69940345298036,21.11045767001566]]],[[[-99.66790115128947,21.529555006918656],[-99.66884657241293,21.5462852138447],[-99.68174235292526,21.573952997062943],[-99.64861386732667,21.58594985580999],[-99.64677420662726,21.608207449759316],[-99.60553863900537,21.601046273920005],[-99.5996421605979,21.593577755692813],[-99.60132701430928,21.587148883972382],[-99.59495310736858,21.567794192627712],[-99.58478560026317,21.559115927221875],[-99.56030381206678,21.55578614888035],[-99.55337175341047,21.548318552556353],[-99.56356473520458,21.522687147903852],[-99.56789503768115,21.520371935085542],[-99.59300932030871,21.519583672626748],[-99.58937350245589,21.48889160779943],[-99.62515429527559,21.494384847735354],[-99.62906966850501,21.50448962141108],[-99.64748923740686,21.518866064379992],[-99.66141160626893,21.5203111584918],[-99.66790115128947,21.529555006918656]]]]}},{"type":"Feature","properties":{"clues":"GRIMB002054"},"geometry":{"type":"Polygon","coordinates":[[[-101.73969849136289,18.12598694475025],[-101.73406549390856,18.15446352348863],[-101.71562245808377,18.182764890983798],[-101.73098671098491,18.216962169870442],[-101.72537522740893,18.22613629908438],[-101.698593792907,18.22874463006336],[-101.66061544392805,18.21113909709026],[-101.66139556952842,18.188031172444024],[-101.66464717018145,18.17804146872296],[-101.63133616485362,18.144633786748063],[-101.62435344408766,18.13348269621198],[-101.59092863643133,18.11468983442578],[-101.58137090773896,18.0996114999757],[-101.58429095273671,18.097245048221897],[-101.61532398567117,18.088790443920665],[-101.63696930897785,18.05034416304465],[-101.66940388700527,18.07675301581071],[-101.68195734308513,18.072552655575198],[-101.72159405951979,18.063635665449326],[-101.75423519098679,18.084448639162225],[-101.75717606560269,18.090176759945855],[-101.75232306304375,18.113634749742392],[-101.73969849136289,18.12598694475025]]]}},{"type":"Feature","properties":{"clues":"GRIMB004463"},"geometry":{"type":"Polygon","coordinates":[[[-101.44498091973838,17.56645239908157],[-101.45562378009473,17.579898919428487],[-101.46899901969131,17.593106549382966],[-101.49034750907164,17.6105284521165],[-101.48960413150401,17.623437625081134],[-101.48077441726778,17.626550567715835],[-101.4692459731222,17.621124704025995],[-101.46534167570292,17.627107683683604],[-101.45160082691403,17.632114339787385],[-101.46083493801648,17.6050288729103],[-101.45823870207879,17.601073703183378],[-101.45968097946144,17.587754388911637],[-101.45156412284638,17.58605491208313],[-101.43880159283798,17.567290937988645],[-101.44237249409791,17.560540385570786],[-101.44498091973838,17.56645239908157]]]}},{"type":"Feature","properties":{"clues":"MNIMS001841"},"geometry":{"type":"Polygon","coordinates":[[[-101.21236535682846,18.638465142635795],[-101.24187095602349,18.644647261418793],[-101.24681034426361,18.642896084532637],[-101.2506195638132,18.645079071276783],[-101.28130676457688,18.645741611885533],[-101.28823336283786,18.642673389461198],[-101.30258598053575,18.64833811245789],[-101.31136879682292,18.655071480265555],[-101.31783877247376,18.673419254019617],[-101.28749740569624,18.713197612683466],[-101.27992782046226,18.712076700287465],[-101.26025318339293,18.714799034113046],[-101.23367327075145,18.748507049600494],[-101.23549347164267,18.756298589440927],[-101.21511236675755,18.80768419141125],[-101.19423441778092,18.798496232867237],[-101.16507435409537,18.817729229736525],[-101.14690323930341,18.823168064003607],[-101.12946731925184,18.809344715116943],[-101.13666040649939,18.802614470720364],[-101.13829463725634,18.795881490402103],[-101.1334208330194,18.78269265368044],[-101.13688260418313,18.775314103187508],[-101.13169237862778,18.7606814900406],[-101.12629921793096,18.758861434432713],[-101.1136273704184,18.73846333332421],[-101.1185847872108,18.720446897796386],[-101.11359192119787,18.71184548159614],[-101.1492302910219,18.671953479702196],[-101.15554099177331,18.67162332448308],[-101.15986826982194,18.673222188155627],[-101.17260926471057,18.66896691861211],[-101.18539759005024,18.66174728967131],[-101.19259776163895,18.650791689875653],[-101.21236535682846,18.638465142635795]]]}},{"type":"Feature","properties":{"clues":"GRIMB007910"},"geometry":{"type":"Polygon","coordinates":[[[-101.15309095820983,18.368168430608485],[-101.15256552602642,18.37308358457815],[-101.17070633989285,18.407222523304505],[-101.17101623219517,18.41372956513576],[-101.16684855052027,18.418065790822574],[-101.16553568457716,18.427116524449744],[-101.17357437781348,18.438764242950924],[-101.17986606969123,18.443199524651273],[-101.19060191256388,18.43946196766126],[-101.19660396175348,18.451572131929108],[-101.20528440710868,18.4596138552539],[-101.21155762403264,18.463021841308908],[-101.22223627830554,18.476828599710537],[-101.22450137354356,18.496832137153984],[-101.24054118035322,18.50272585053664],[-101.2465049517832,18.51731841223417],[-101.23836196994932,18.546161207674782],[-101.23256472545289,18.548341223450254],[-101.22240105974774,18.51567109136087],[-101.21587158408386,18.531959982822972],[-101.20315520614855,18.540816568122477],[-101.19673055291129,18.5210656072781],[-101.1900664655841,18.52493177626376],[-101.1564934279972,18.533097388644748],[-101.1544737482352,18.535311995430494],[-101.13150163435864,18.527412570971308],[-101.12790707222744,18.505802804585333],[-101.11656112450402,18.493848787603763],[-101.10099560909578,18.501288565375305],[-101.08891131523352,18.49891013306043],[-101.0826740861928,18.507467477595856],[-101.06284684938335,18.508614582766818],[-101.05829972841322,18.50531583434868],[-101.0508773457073,18.508280108411302],[-101.04200623359863,18.50584245172532],[-101.02692707879713,18.490918251550735],[-101.02844783376233,18.478862536391798],[-101.04098843144403,18.467044920700285],[-101.07404377059979,18.449142893433333],[-101.07545569846359,18.44639328344641],[-101.06690332195879,18.421215126353502],[-101.06603226098666,18.410230536211817],[-101.08770943891079,18.385479460507277],[-101.08938212818448,18.381428135719457],[-101.10170823386923,18.370172479488975],[-101.1188301920229,18.366034228747395],[-101.12304668349998,18.367806865099706],[-101.15309095820983,18.368168430608485]]]}},{"type":"Feature","properties":{"clues":"SCCSA001487"},"geometry":{"type":"Polygon","coordinates":[[[-101.12693538338604,18.924272548027666],[-101.1370935162131,18.91941213431606],[-101.1724129341679,18.938090002268602],[-101.16592147712042,18.945444756516537],[-101.13270711455374,18.969914294757412],[-101.12835251627071,18.975256672611426],[-101.10313535156521,18.975614831903115],[-101.09010563644793,18.966203129627885],[-101.08048425924068,18.948463963137264],[-101.08181055698681,18.944750174197683],[-101.0926190364028,18.941502739385548],[-101.09969757801714,18.92804006096627],[-101.0800971910191,18.90520266114],[-101.07713149232454,18.883168548616673],[-101.0831576075761,18.881013970083973],[-101.09582190708487,18.891570297590235],[-101.11742302882647,18.920841307554912],[-101.12693538338604,18.924272548027666]]]}},{"type":"Feature","properties":{"clues":"SCCSA001322"},"geometry":{"type":"Polygon","coordinates":[[[-100.77226062543355,17.286967477747023],[-100.77912107619196,17.254080640973186],[-100.78634976109815,17.251115160742415],[-100.79475796442479,17.25125905778903],[-100.79918843224476,17.249131222696626],[-100.82334849854396,17.24384934880811],[-100.85063138851157,17.263346877918455],[-100.8508577023667,17.284446385061113],[-100.8459181562201,17.289651170135965],[-100.83420297926823,17.293371004588032],[-100.81424365649144,17.309934791310443],[-100.80062010222204,17.31905862698355],[-100.77773527540714,17.310155813203963],[-100.77226062543355,17.286967477747023]]]}},{"type":"Feature","properties":{"clues":"GRIMB006411"},"geometry":{"type":"Polygon","coordinates":[[[-100.7233516336337,17.518461061897714],[-100.73092583340336,17.499138603061564],[-100.73590164950049,17.500500377717714],[-100.75914654103964,17.51852706228655],[-100.8117401861022,17.50363973211454],[-100.82215442804367,17.522449158655952],[-100.78297951697284,17.55938371538763],[-100.78124965291546,17.559930371172815],[-100.75204105526203,17.549334752587434],[-100.747080948237,17.55227346402553],[-100.74444087661968,17.586940745282213],[-100.72299474117379,17.58414678748888],[-100.71778424048313,17.57924354621786],[-100.69772545576556,17.579836772654893],[-100.69468017822457,17.57800496403457],[-100.6857319183701,17.56528618046844],[-100.70961971063126,17.55005832762388],[-100.7209516167953,17.5530145166227],[-100.73278564755695,17.54974529482582],[-100.7233516336337,17.518461061897714]]]}},{"type":"Feature","properties":{"clues":"MNSSA003402"},"geometry":{"type":"Polygon","coordinates":[[[-100.66330797942598,18.796877648266534],[-100.67795194749651,18.81775444267322],[-100.68839987359712,18.821475532114114],[-100.70148168914082,18.864580422870894],[-100.71179341476629,18.871062428564848],[-100.7134262306294,18.88905708619246],[-100.70776782653238,18.925049886496605],[-100.69769912364205,18.946438215642942],[-100.68917725670885,18.952245118041855],[-100.67416416729613,18.939981331891175],[-100.64508011473355,18.932164868874167],[-100.64021935781342,18.927504235282743],[-100.61624773042102,18.91678816271144],[-100.61202448252342,18.910346520730467],[-100.60340269104275,18.87473181741987],[-100.61824024412054,18.861395026487852],[-100.61762940390014,18.858737643858145],[-100.63176201592297,18.83081763185332],[-100.63159962036573,18.81965866725594],[-100.63943536457984,18.813300682218813],[-100.64911644550456,18.79486715722084],[-100.66330797942598,18.796877648266534]]]}},{"type":"Feature","properties":{"clues":"GRIMB005962"},"geometry":{"type":"Polygon","coordinates":[[[-100.15512449851984,17.870446409948865],[-100.15937328218452,17.857929058313612],[-100.18420755472836,17.83779515862343],[-100.18747828449925,17.83812869625298],[-100.21182508296116,17.86173616961445],[-100.23571512668094,17.871468725501597],[-100.24054471823736,17.885102179022923],[-100.23932403731563,17.88861852905972],[-100.22997104463984,17.898197944088675],[-100.21270694437716,17.90412276973103],[-100.19843528777538,17.91570148963762],[-100.19012642563308,17.932570442013976],[-100.17192023322565,17.94555574225166],[-100.15322837750614,17.94245091675826],[-100.14930388072982,17.93408478756397],[-100.14608725682842,17.879019776080728],[-100.15512449851984,17.870446409948865]]]}},{"type":"Feature","properties":{"clues":"GRIMB003763"},"geometry":{"type":"Polygon","coordinates":[[[-100.0882232482027,17.79028340323593],[-100.08935890416298,17.798773296265697],[-100.10422726952152,17.795923068906777],[-100.111363553186,17.804850500856727],[-100.13486861459498,17.813430323026086],[-100.14077248159639,17.801853726979548],[-100.1752130235195,17.81210312505244],[-100.18029190970525,17.79975979107105],[-100.19777749104738,17.7882740722286],[-100.20319561817415,17.79579384046901],[-100.20856519743866,17.817916221422884],[-100.20100186875008,17.82859480758059],[-100.18747828449925,17.83812869625298],[-100.18420755472836,17.83779515862343],[-100.15937328218452,17.857929058313612],[-100.15512449851984,17.870446409948865],[-100.14608725682842,17.879019776080728],[-100.14930388072982,17.93408478756397],[-100.11501508820974,17.91776142059733],[-100.09332395790078,17.89419927543481],[-100.0850825765538,17.898579484683086],[-100.0651467887986,17.89028583538532],[-100.05802548568911,17.872478775933665],[-100.05047292193018,17.86765204847379],[-100.03679050374839,17.847881551856965],[-100.03536868700199,17.83545559538332],[-100.02904148322716,17.834826333045953],[-100.00598526773443,17.821334422368245],[-100.0038839545999,17.807959130501693],[-100.0004803297807,17.801265006362964],[-100.00621122119568,17.77565742091109],[-100.01386333008735,17.774827420060287],[-100.02751477485113,17.78327810600167],[-100.0280147420382,17.7859184705439],[-100.04760048711694,17.792965214985696],[-100.0546633474361,17.792972038374213],[-100.05797346038462,17.78954710075338],[-100.05809713938218,17.784707737472942],[-100.04769177594018,17.761114809059027],[-100.04736201702369,17.748569481561084],[-100.0510940714287,17.74653083732486],[-100.05918981613438,17.745711790304128],[-100.07115821584955,17.75306028734622],[-100.07755790298756,17.7717891362235],[-100.09013011979019,17.77914106630684],[-100.0882232482027,17.79028340323593]]]}},{"type":"Feature","properties":{"clues":"GRIMB003541"},"geometry":{"type":"MultiPolygon","coordinates":[[[[-99.79141971230932,17.412236217425942],[-99.8117866284793,17.385530792350906],[-99.83031671248011,17.375911569865796],[-99.8921127492568,17.37919898001008],[-99.92873181461775,17.379687500574676],[-99.96241702335065,17.389931675282142],[-99.95875263181448,17.41478509369209],[-99.94706756419032,17.434415351634307],[-99.87249809220887,17.495782333201035],[-99.82538916778971,17.444276382486592],[-99.79141971230932,17.412236217425942]]],[[[-99.71572295433269,17.535593660991083],[-99.71399124222279,17.533573899787743],[-99.71273640698085,17.51447292068717],[-99.73374123629104,17.467764218890757],[-99.76152976470885,17.447669975482004],[-99.76689181605923,17.445619548619142],[-99.77539979278545,17.469495229719623],[-99.7440544158356,17.52383079097849],[-99.71572295433269,17.535593660991083]]]]}},{"type":"Feature","properties":{"clues":"GRIMB006633"},"geometry":{"type":"Polygon","coordinates":[[[-99.9547761735207,18.216972355255585],[-99.96484614128562,18.20147732631706],[-100.00694727677775,18.213812697579705],[-100.01245356688221,18.224124032417492],[-100.04057929282557,18.23117700770632],[-100.04386380947,18.248266055350324],[-100.02851449217746,18.261574526442157],[-100.02490425208981,18.267511918253344],[-100.01083522874137,18.272459560126443],[-100.00956212933116,18.27642730417519],[-100.01640975842497,18.30161604506151],[-99.99438053871863,18.315342186435718],[-99.98532419780196,18.2934623660307],[-99.98052708950114,18.2889826599439],[-99.9535666467026,18.285933159146605],[-99.95431542075801,18.25543505812947],[-99.95876071118484,18.24609393825554],[-99.9575818994811,18.233776653477975],[-99.95370408888962,18.224237448205937],[-99.9547761735207,18.216972355255585]]]}},{"type":"Feature","properties":{"clues":"GRIMB006715"},"geometry":{"type":"Polygon","coordinates":[[[-100.01888255596899,18.42194068083217],[-100.01822735955412,18.435469512388504],[-100.02362083059045,18.440578438169776],[-100.015073816261,18.46202753025952],[-100.01786372988416,18.466750392823123],[-100.01835433458665,18.4732155569202],[-100.0070238094923,18.472951433715203],[-100.00513974210492,18.467435395159672],[-99.9901004640289,18.45255961572643],[-99.99597933490828,18.444297467069408],[-100.00054037352115,18.4304190676409],[-100.00042982269255,18.42623719884036],[-100.01888255596899,18.42194068083217]]]}},{"type":"Feature","properties":{"clues":"MCIMB000354"},"geometry":{"type":"Polygon","coordinates":[[[-99.85488060005652,18.808223021358625],[-99.86350648299707,18.789393883600503],[-99.86917587737413,18.78987663865938],[-99.87489111557517,18.797959604213847],[-99.87861137791405,18.796725193442768],[-99.88637601911579,18.798489731705466],[-99.901130942068,18.78811224955757],[-99.9096693655546,18.798059988008433],[-99.91653042305492,18.800434141529138],[-99.92113711745178,18.804582301560423],[-99.9371427892168,18.810282585781337],[-99.93562034852363,18.819629459576134],[-99.93639689302702,18.853932047073393],[-99.93471215273026,18.856217162023498],[-99.92182656159395,18.855014930455855],[-99.90269526045343,18.83942950922207],[-99.8896120202109,18.84641275314677],[-99.87824472234601,18.84768299601769],[-99.86824647620732,18.827498439357253],[-99.86264840744178,18.821181047319147],[-99.86310930997064,18.81928447624279],[-99.85488060005652,18.808223021358625]]]}},{"type":"Feature","properties":{"clues":"GRIMB009293"},"geometry":{"type":"MultiPolygon","coordinates":[[[[-99.91474321325884,16.85029033765901],[-99.91001288092406,16.853038163327614],[-99.91106505809547,16.8557746247619],[-99.91687922090937,16.853300306068746],[-99.91873726309218,16.855844986688464],[-99.92400931540155,16.857525573943025],[-99.92289744901352,16.859517611414084],[-99.92653625892326,16.85968991026905],[-99.92953832921339,16.86890540308936],[-99.92217559416227,16.88205756164021],[-99.91514124874787,16.873296946747903],[-99.91026395854274,16.873110658239057],[-99.9093555828966,16.867708218894794],[-99.9042081971368,16.867695497157538],[-99.8996910040092,16.871912869559885],[-99.89731357375875,16.86726832731681],[-99.90030530899121,16.864118325041865],[-99.9031308380596,16.864423996590272],[-99.9043343543358,16.863194475879077],[-99.90314873969005,16.856461886565004],[-99.89894018083,16.858582480847765],[-99.89270986768642,16.856110749944186],[-99.90036855011354,16.85248656926793],[-99.90035857916847,16.84919642158339],[-99.90161493501759,16.848651525714008],[-99.90047041427698,16.848534931646967],[-99.90739381850291,16.84819992708914],[-99.90959868383646,16.850308135707046],[-99.91420204849977,16.84766725967626],[-99.91474321325884,16.85029033765901]]],[[[-99.8815778729827,16.859665516062076],[-99.8871359149001,16.857365111293596],[-99.89085365732275,16.85677698126862],[-99.8857840100146,16.864983029704412],[-99.88337945455189,16.864618023108058],[-99.8815778729827,16.859665516062076]]]]}},{"type":"Feature","properties":{"clues":"GRIMB006604"},"geometry":{"type":"Polygon","coordinates":[[[-99.92426092825356,18.292946461566824],[-99.91854513638309,18.302280068661233],[-99.91671298551873,18.316009679003145],[-99.89878570266036,18.332990920549243],[-99.90037475719475,18.341093254565656],[-99.89107662549671,18.34945887937133],[-99.88405984495543,18.348182692714857],[-99.8767968536846,18.3493732799936],[-99.86984586182608,18.34541163448614],[-99.8642212459821,18.347748794953482],[-99.85013913197538,18.3343537533752],[-99.84894962056919,18.326060125595763],[-99.85274076942824,18.31671894967496],[-99.86307559659855,18.303752575060525],[-99.86328659899276,18.265472490868664],[-99.88498504830977,18.267776941305073],[-99.89962723973319,18.257405268660992],[-99.9098508532616,18.259120295731616],[-99.91809708865314,18.265746434841443],[-99.91865230140864,18.28430665132702],[-99.92426092825356,18.292946461566824]]]}},{"type":"Feature","properties":{"clues":"GRIMB004545"},"geometry":{"type":"Polygon","coordinates":[[[-99.74664352244376,17.66256618427724],[-99.73323570560905,17.66265809556418],[-99.7085293459841,17.710037253488014],[-99.67541394295722,17.72827085136512],[-99.67191006431467,17.739875828489385],[-99.5862309811769,17.727009919141807],[-99.58890032431795,17.688673853849767],[-99.62557858912861,17.677271348022188],[-99.6349634205469,17.678609029079933],[-99.64509618443196,17.663127062391684],[-99.6503431863088,17.659501014818858],[-99.65459441996897,17.65823281835282],[-99.67307056942137,17.657972722372193],[-99.67311390200396,17.65482968443735],[-99.67632414988074,17.651629038549896],[-99.67970919259272,17.652806906430232],[-99.69484987389806,17.647925339895338],[-99.71385825193525,17.636771054421718],[-99.70988177541898,17.625261974397052],[-99.69692172122929,17.60449975358059],[-99.69597933717138,17.600695656953885],[-99.7256271628482,17.566155534249738],[-99.74506633857212,17.5693328052038],[-99.77587414680455,17.590968913680424],[-99.77222749454792,17.602371867072446],[-99.77245841608708,17.627113954692806],[-99.74664352244376,17.66256618427724]]]}},{"type":"Feature","properties":{"clues":"GRIMB000596"},"geometry":{"type":"Polygon","coordinates":[[[-99.73959739942674,16.802588927112048],[-99.75556077235717,16.82137926697539],[-99.75343520304237,16.828685722760568],[-99.75479509177741,16.83549855026672],[-99.76451309122993,16.84826832064771],[-99.74531380723991,16.862289701689285],[-99.73554255237839,16.863584732983767],[-99.72426791404048,16.85492761859631],[-99.72814500066787,16.84834255403579],[-99.72403276431297,16.82442442090199],[-99.71783861033666,16.83142205174863],[-99.72511246341838,16.81982837752157],[-99.71351233593354,16.823631682271603],[-99.71249546735362,16.821697477419164],[-99.7149944379369,16.812535261426035],[-99.73877647116633,16.794227145895878],[-99.73959739942674,16.802588927112048]]]}},{"type":"Feature","properties":{"clues":"GRIMB006196"},"geometry":{"type":"Polygon","coordinates":[[[-99.68208240587424,18.451708341465782],[-99.67098066081594,18.418288701412514],[-99.67288538797516,18.41715372351979],[-99.70982371898637,18.414928344815962],[-99.71029957462142,18.431261754236306],[-99.68568457366294,18.454945951035803],[-99.68208240587424,18.451708341465782]]]}},{"type":"Feature","properties":{"clues":"GRIMB010343"},"geometry":{"type":"Polygon","coordinates":[[[-99.6209655757169,18.465692657558126],[-99.60526015757273,18.465235267708962],[-99.58196652156677,18.42224619297075],[-99.58394997750158,18.418715740071157],[-99.61052273927487,18.42392971919754],[-99.64622847256084,18.425996718298144],[-99.64510950882428,18.44502263361126],[-99.63139073285691,18.460643514447725],[-99.62407819000478,18.462764186481948],[-99.6209655757169,18.465692657558126]]]}},{"type":"Feature","properties":{"clues":"GRIMB008786"},"geometry":{"type":"Polygon","coordinates":[[[-99.60693033471247,16.909612589494085],[-99.60786132585169,16.929181066132607],[-99.58505792049043,16.943987737067502],[-99.56101192504839,16.950541822897723],[-99.55474200962959,16.943461319724904],[-99.55873335446785,16.93221857447567],[-99.5849655417309,16.90585005573215],[-99.60089585812511,16.906958001067256],[-99.60693033471247,16.909612589494085]]]}},{"type":"Feature","properties":{"clues":"GRIMB006341"},"geometry":{"type":"Polygon","coordinates":[[[-99.4492147193496,17.03826672006214],[-99.44335248403178,17.069385851928914],[-99.40812691365564,17.05575179363693],[-99.38987564234587,17.034060843138448],[-99.41288747846639,16.987999069307673],[-99.43382653579962,16.994696214796782],[-99.4492147193496,17.03826672006214]]]}},{"type":"Feature","properties":{"clues":"MSIMB001260"},"geometry":{"type":"Polygon","coordinates":[[[-99.42977368583831,18.70835436238913],[-99.39514319920191,18.672756645936424],[-99.39208406271241,18.650592529337878],[-99.4035697051366,18.63313702303018],[-99.41457227108913,18.633200381635643],[-99.4298108015279,18.636464590770597],[-99.43316414453577,18.634920891847806],[-99.45452559114065,18.639074394487054],[-99.45873877262372,18.64917169830989],[-99.44428016457721,18.668568445039472],[-99.45340051712984,18.67504010895617],[-99.45338685434818,18.678559341929347],[-99.44571191574187,18.683684390032468],[-99.42977368583831,18.70835436238913]]]}},{"type":"Feature","properties":{"clues":"MSIMB000012"},"geometry":{"type":"MultiPolygon","coordinates":[[[[-99.34469677192605,18.54960110607703],[-99.364282863221,18.561067591714743],[-99.36086662472569,18.57847435127678],[-99.33134259695011,18.587769379725316],[-99.32308527605436,18.566289506533646],[-99.32595766051571,18.554750654560028],[-99.34190001872268,18.54937574542654],[-99.34469677192605,18.54960110607703]]],[[[-99.37735339320552,18.569226338288047],[-99.37701047140662,18.560836138942605],[-99.39333269327689,18.549723632269774],[-99.40788156932075,18.566843237159127],[-99.41305865234877,18.579143121887384],[-99.40311498581411,18.585260412593172],[-99.39363745800729,18.58768449954927],[-99.37953743012491,18.59863909124782],[-99.37435097031727,18.59815031056795],[-99.37275185133898,18.593550890778058],[-99.37339869937695,18.588536451903597],[-99.36805398126101,18.583255316858317],[-99.37074785822045,18.581063003248957],[-99.37735339320552,18.569226338288047]]]]}},{"type":"Feature","properties":{"clues":"SCCSA001315"},"geometry":{"type":"Polygon","coordinates":[[[-99.3121637866326,17.374989965780472],[-99.32395932829728,17.376797418654867],[-99.33695854684171,17.407452587694593],[-99.33329708600164,17.421755238154038],[-99.32400551932028,17.43874698349208],[-99.31958193766913,17.442889073960668],[-99.30112301943561,17.43631593784314],[-99.27980647277052,17.43280188942466],[-99.27984734756166,17.4006653221325],[-99.30329305320872,17.38521870934305],[-99.3121637866326,17.374989965780472]]]}},{"type":"Feature","properties":{"clues":"MSIMB001371"},"geometry":{"type":"Polygon","coordinates":[[[-99.14891333696079,18.345505912955165],[-99.17957713833107,18.35659036257758],[-99.19145063239456,18.412542892793663],[-99.23034164829969,18.420026670338192],[-99.23323664335247,18.43907850655284],[-99.23270878272386,18.445988368175204],[-99.21965788593002,18.47576865635694],[-99.20501762446773,18.473252502355244],[-99.16550292387812,18.4816651902618],[-99.16308959369888,18.506307427377887],[-99.13487324014514,18.497907396677146],[-99.14785821276028,18.483059544730132],[-99.14970872003302,18.472932753876968],[-99.11258571197476,18.48633828456465],[-99.12154737649658,18.433442742722406],[-99.1475357483111,18.42477127028893],[-99.15542115106157,18.417491049978178],[-99.14793074654992,18.37922539309894],[-99.14891333696079,18.345505912955165]]]}},{"type":"Feature","properties":{"clues":"SCCSA001650"},"geometry":{"type":"Polygon","coordinates":[[[-99.23964846198787,18.693709398760195],[-99.22275709011026,18.70921626241468],[-99.21373902149817,18.705373071414563],[-99.21454311797032,18.689741087896667],[-99.22454523775365,18.68431317556644],[-99.23826002594453,18.689102362151495],[-99.23964846198787,18.693709398760195]]]}},{"type":"Feature","properties":{"clues":"MSIMB001634"},"geometry":{"type":"Polygon","coordinates":[[[-99.12717385110565,18.891373234404842],[-99.1195099526974,18.895947156182714],[-99.11801794916632,18.888059529251162],[-99.12631559674345,18.88693916198244],[-99.12717385110565,18.891373234404842]]]}},{"type":"Feature","properties":{"clues":"GRIMB010413"},"geometry":{"type":"Polygon","coordinates":[[[-99.04847142340725,17.340027691189942],[-99.06288765378285,17.33901844393417],[-99.07493945626285,17.34302740318736],[-99.07672235270472,17.34513621724769],[-99.07349093767573,17.369825568161733],[-99.06757394406272,17.378089343625806],[-99.06707165262956,17.381710480750442],[-99.0692341204203,17.392732679846883],[-99.07553771377397,17.400240457401747],[-99.06455218820793,17.433313809029748],[-99.05820421964513,17.4311571636672],[-99.05149592990846,17.417284633915283],[-99.05114235728215,17.404482161974776],[-99.0426039853189,17.397415235549985],[-99.04278401010576,17.39116617746882],[-99.04091309495375,17.38851145216317],[-99.03602650247801,17.38566233957957],[-99.02964147299912,17.386020821107504],[-99.0257581072614,17.38344576187317],[-99.01218727211771,17.38579843609194],[-99.00967185859389,17.379631817519485],[-99.0103947279894,17.375428648974793],[-99.02644774537126,17.36581356836009],[-99.03092257139105,17.366034458454468],[-99.04095287185199,17.359625564184952],[-99.04183860462626,17.34839286504593],[-99.01807016264961,17.343704892606073],[-99.01387925081913,17.298011965648104],[-99.04847142340725,17.340027691189942]]]}},{"type":"Feature","properties":{"clues":"GRIMB002993"},"geometry":{"type":"Polygon","coordinates":[[[-99.04348650644165,16.643324709020618],[-99.05870080336548,16.649932843746207],[-99.07099925685033,16.64933733689938],[-99.07433011648503,16.65319395388854],[-99.07374957907571,16.657084885086565],[-99.04929348412571,16.68973907351576],[-99.0410207867759,16.68974286598203],[-99.03533957031262,16.695717303506314],[-99.01349519820135,16.696586150290628],[-98.99621598979532,16.709088455731614],[-98.98025378407324,16.70859863271834],[-98.97837417646944,16.707050496893316],[-98.971729311937,16.678731610947985],[-98.97980947823069,16.661309087923314],[-98.99626543512379,16.658830185161968],[-99.0052658028006,16.652788901650553],[-99.02534386988083,16.65730479777028],[-99.04348650644165,16.643324709020618]]]}},{"type":"Feature","properties":{"clues":"GRIMB002276"},"geometry":{"type":"Polygon","coordinates":[[[-99.07704774314867,17.92950985100893],[-99.03957744639916,17.956858170834316],[-99.02511164578965,17.960593807694202],[-99.00855780101595,17.925628708301314],[-99.06170281502558,17.888388658130953],[-99.07119315831912,17.91071744593729],[-99.07704774314867,17.92950985100893]]]}},{"type":"Feature","properties":{"clues":"SCCSA001554"},"geometry":{"type":"Polygon","coordinates":[[[-98.9774478989267,18.702250178926835],[-98.9668706443132,18.69268614415752],[-98.9749955973806,18.66519834674991],[-98.98255855631163,18.666843902430305],[-98.98536034322181,18.66953742578889],[-99.00875790808831,18.681043639820818],[-99.02607343826166,18.68152066722312],[-99.03376047604684,18.699641588596844],[-99.02040445964693,18.704009750440985],[-98.9979131029659,18.69718446553737],[-98.98279444469408,18.698684132890584],[-98.9774478989267,18.702250178926835]]]}},{"type":"Feature","properties":{"clues":"GRIMB000741"},"geometry":{"type":"Polygon","coordinates":[[[-98.93961556561779,17.802908634074935],[-98.95490856589683,17.808662153774655],[-98.97048834634231,17.80581522565576],[-98.9668180016132,17.861956993801517],[-98.95303953595041,17.862453694333915],[-98.9350179528989,17.87777084762607],[-98.92214730695262,17.880286612849805],[-98.91152230611091,17.875527376923355],[-98.90674562043355,17.862792759610873],[-98.90050725621136,17.85815597767348],[-98.8897858705655,17.84643819917234],[-98.89969997111079,17.833688782017802],[-98.89668468226502,17.82009356378063],[-98.89686788372559,17.81141886215207],[-98.9005261238237,17.80718119744658],[-98.90936641548818,17.81029728968303],[-98.93566427168331,17.805244844666426],[-98.93961556561779,17.802908634074935]]]}},{"type":"Feature","properties":{"clues":"MSIMB000316"},"geometry":{"type":"Polygon","coordinates":[[[-98.9556458611938,18.834299753346595],[-98.95095985207718,18.84312731139598],[-98.94781405274283,18.843211603245663],[-98.94540169220942,18.837071125929086],[-98.9462802702494,18.83416015347478],[-98.94939197874176,18.831723420626332],[-98.9556458611938,18.834299753346595]]]}},{"type":"Feature","properties":{"clues":"SCCSA001563"},"geometry":{"type":"Polygon","coordinates":[[[-98.94311324111403,18.84719512436007],[-98.94807521723644,18.843287052934937],[-98.94892830387529,18.85161165597668],[-98.95198672841424,18.854135843333456],[-98.95058736217786,18.859017981889323],[-98.94317753032449,18.858738737828535],[-98.94244871393998,18.854905504486418],[-98.9444053637106,18.851489077700208],[-98.94311324111403,18.84719512436007]]]}},{"type":"Feature","properties":{"clues":"GRIMB008132"},"geometry":{"type":"Polygon","coordinates":[[[-98.85115564305119,17.224831203351446],[-98.85912506909018,17.224444626974712],[-98.8737828460051,17.23510313630349],[-98.89337826350719,17.227501197688238],[-98.90321279444525,17.23080013817082],[-98.90470629993906,17.23335734635157],[-98.92729903156021,17.240214666109143],[-98.93016996297945,17.246153167428577],[-98.9251492737854,17.265495930480448],[-98.92198818779508,17.269505372010826],[-98.9086032301826,17.27187251062644],[-98.8863161106336,17.29959613592077],[-98.88443707983963,17.2986075058909],[-98.87876235229325,17.278509053954682],[-98.86761742200069,17.274880310254602],[-98.86000546064435,17.263904487824952],[-98.84999589012679,17.255756268418438],[-98.83933071347482,17.239566932345486],[-98.85115564305119,17.224831203351446]]]}},{"type":"Feature","properties":{"clues":"MSIMB000321"},"geometry":{"type":"MultiPolygon","coordinates":[[[[-98.91598976912377,18.804056558008718],[-98.91512972910665,18.798983818621302],[-98.92010688050605,18.79534680317905],[-98.9221132946195,18.797804371061563],[-98.91958921376438,18.80398450918638],[-98.91598976912377,18.804056558008718]]],[[[-98.92717018071723,18.799857570295536],[-98.9332159962528,18.801460392345916],[-98.92622885938816,18.812677356548082],[-98.92048560917162,18.809723061804977],[-98.92116566022426,18.805504036733137],[-98.92500397833182,18.805346428652825],[-98.92717018071723,18.799857570295536]]]]}},{"type":"Feature","properties":{"clues":"SCCSA001619"},"geometry":{"type":"Polygon","coordinates":[[[-98.765639757892,18.845903562313442],[-98.77521179872365,18.825463406370467],[-98.78225666503405,18.820748499050953],[-98.78659809080249,18.819962907158576],[-98.78939986421831,18.82537175360573],[-98.81527460996848,18.834414636548395],[-98.82077948115308,18.839135818431142],[-98.81522864716315,18.856927617948042],[-98.80548291781214,18.871270987816054],[-98.79635858747758,18.86679215751014],[-98.79217376488998,18.86726985684703],[-98.78778975157772,18.865677154644725],[-98.77872862086825,18.87092623197171],[-98.77265251245942,18.86886415160358],[-98.770445672251,18.878945051152066],[-98.7647995961401,18.87867365152042],[-98.76013146286458,18.868564356681595],[-98.76069040941107,18.860768854028617],[-98.76386350473629,18.859312252697652],[-98.76696742528665,18.854017463974916],[-98.765639757892,18.845903562313442]]]}},{"type":"Feature","properties":{"clues":"SCCSA002004"},"geometry":{"type":"Polygon","coordinates":[[[-98.67976343986548,18.81110275338578],[-98.68159131930462,18.799852844174158],[-98.6851192840352,18.799741105172455],[-98.71663090647792,18.821361920052038],[-98.72551890875476,18.81640173157392],[-98.7353501063719,18.83132992865531],[-98.72247193332709,18.84846089636944],[-98.71549749320732,18.844840911809772],[-98.69274631735917,18.847273780025482],[-98.6951418158071,18.855529469641134],[-98.68552877701244,18.865503937594823],[-98.67031176494987,18.85663010824152],[-98.68438053610254,18.84214979702624],[-98.684320713666,18.824578943141745],[-98.67976343986548,18.81110275338578]]]}},{"type":"Feature","properties":{"clues":"SCCSA001596"},"geometry":{"type":"Polygon","coordinates":[[[-98.69271731732618,18.878755931925806],[-98.69465520622092,18.876289748611786],[-98.69993352260593,18.875981997963997],[-98.70536939672532,18.88370165741648],[-98.7063233415301,18.886971864914184],[-98.70239276562259,18.89493505218966],[-98.69895496704301,18.897171735816734],[-98.69454888350049,18.889363585231397],[-98.69570500243096,18.886090715662966],[-98.69271731732618,18.878755931925806]]]}},{"type":"Feature","properties":{"clues":"GRIMB002882"},"geometry":{"type":"Polygon","coordinates":[[[-98.64612861634511,17.7328880211162],[-98.65475599937392,17.727458878906635],[-98.66802347940364,17.73178154383472],[-98.6806374063901,17.73289895506281],[-98.68096603267719,17.755360284407022],[-98.65813039756749,17.756059750743297],[-98.6431697249437,17.77193106793874],[-98.6334567177377,17.767407929189513],[-98.63097670944056,17.764696158900474],[-98.64690588937675,17.742656304447813],[-98.64612861634511,17.7328880211162]]]}},{"type":"Feature","properties":{"clues":"PLIMB002673"},"geometry":{"type":"Polygon","coordinates":[[[-98.59652056734431,18.615165151836756],[-98.61705445813111,18.590846821845453],[-98.64516876321602,18.579315912303684],[-98.65480459795221,18.580182641748415],[-98.65911551191111,18.585954754414256],[-98.6675698609599,18.604137066528267],[-98.66361886117168,18.617390134329543],[-98.66099498772296,18.65053483685971],[-98.63047632645757,18.6568482289691],[-98.61443741322255,18.667584127972656],[-98.5932997545238,18.65783830460936],[-98.58982194653726,18.64842829820711],[-98.59652056734431,18.615165151836756]]]}},{"type":"Feature","properties":{"clues":"GRIMB002392"},"geometry":{"type":"Polygon","coordinates":[[[-98.6432272209198,17.44057610032727],[-98.63605491583056,17.441991098684127],[-98.62944795368207,17.437082583770096],[-98.60583927367655,17.437332886810786],[-98.60735872746409,17.425516144043552],[-98.61157897353331,17.4147633813834],[-98.61657178813408,17.4135676141022],[-98.63034074084864,17.39801205718665],[-98.64118293211232,17.40240829040438],[-98.64573788758453,17.408855702646072],[-98.6432272209198,17.44057610032727]]]}},{"type":"Feature","properties":{"clues":"GRIMB008482"},"geometry":{"type":"Polygon","coordinates":[[[-98.63212416048164,16.509107552005776],[-98.65338350089701,16.520966232598646],[-98.65397591669868,16.556936695535896],[-98.62708447362847,16.555116644646702],[-98.60640739748692,16.564372828343487],[-98.5887306158832,16.549765462324135],[-98.57828385160748,16.549654542515732],[-98.5691624702531,16.553214512948134],[-98.56271420692697,16.562838023315187],[-98.5449643650125,16.568506914270554],[-98.54354885856833,16.570268808958694],[-98.53155724599866,16.567860202797807],[-98.52260943798561,16.570437336941048],[-98.50800855035183,16.57933764409703],[-98.49572220315103,16.558953403020496],[-98.49257926205885,16.55837171981478],[-98.48944203315929,16.552654632019394],[-98.48681886239622,16.542882846980024],[-98.48167571997504,16.53887041714648],[-98.47676888645209,16.53024936259506],[-98.47799185343348,16.524313667499523],[-98.4829766239768,16.5149731840168],[-98.48084112493702,16.510627920557837],[-98.47940759938525,16.500452201688223],[-98.48534163748583,16.49781767201251],[-98.50367074259943,16.495652348001713],[-98.51128821036811,16.490539688386498],[-98.51473082430199,16.45466778086078],[-98.54325401040585,16.481852255692612],[-98.54087015774297,16.50934734718576],[-98.54563526327374,16.511068148355605],[-98.5684705871088,16.509739282582537],[-98.58031804404433,16.50021201293458],[-98.59790554785916,16.500034720561818],[-98.62647327673947,16.502438587088342],[-98.63212416048164,16.509107552005776]]]}},{"type":"Feature","properties":{"clues":"GRIMB001296"},"geometry":{"type":"Polygon","coordinates":[[[-98.51602632427583,17.316289494175006],[-98.52257772615744,17.313445754691628],[-98.52781857340271,17.322412507602124],[-98.53234713580187,17.323039348127377],[-98.55104094648631,17.330620580269596],[-98.55223686121552,17.337855256708032],[-98.5494508886093,17.345990837967076],[-98.5403372949313,17.34603735798213],[-98.52681179350296,17.34143700212063],[-98.51837039745986,17.356828011770684],[-98.5035148432747,17.357503240432003],[-98.50041366974847,17.347641115754158],[-98.50439781219545,17.339673866999103],[-98.51401610868251,17.338301312672794],[-98.51602632427583,17.316289494175006]]]}},{"type":"Feature","properties":{"clues":"GRIMB007654"},"geometry":{"type":"Polygon","coordinates":[[[-98.4723091492783,17.50023521464165],[-98.4546163694121,17.46505579557986],[-98.48081355534606,17.450967793673993],[-98.49020346286113,17.45772460213708],[-98.49478701778844,17.458651785642743],[-98.51116881766778,17.47423261891923],[-98.51434208826821,17.475434212349718],[-98.52419854206926,17.510429116225573],[-98.5081967296695,17.521726321795878],[-98.4857723606243,17.501408990890365],[-98.4723091492783,17.50023521464165]]]}},{"type":"Feature","properties":{"clues":"GRIMB005245"},"geometry":{"type":"Polygon","coordinates":[[[-98.42013372972038,16.79078545609379],[-98.37918181240981,16.80005978770459],[-98.35779674655069,16.78287448643681],[-98.38699351004081,16.747536618112512],[-98.40191306765561,16.751755552852913],[-98.4169802859791,16.77359550942671],[-98.42013372972038,16.79078545609379]]]}},{"type":"Feature","properties":{"clues":"PLIMS002761"},"geometry":{"type":"Polygon","coordinates":[[[-98.3093839130623,18.092364978381642],[-98.29914947839607,18.08020482022065],[-98.29306747503074,18.07970815759086],[-98.28046662300876,18.054195212671424],[-98.30961804083805,18.04878962691805],[-98.31981371609145,18.051642118385825],[-98.30599837019452,18.064472157225804],[-98.31053963916766,18.075894739872506],[-98.31676309888029,18.075972862468266],[-98.32574878258617,18.068434436356398],[-98.33864522140827,18.073992760299923],[-98.35496183589969,18.091048046987417],[-98.36834281109965,18.09608245081828],[-98.36498855533517,18.124116443953945],[-98.35999904463392,18.130012649027357],[-98.34830801447794,18.15370522719674],[-98.31751202132224,18.140356810926182],[-98.30812798744338,18.14220093546171],[-98.27201727309568,18.127967887043468],[-98.27301065201131,18.123680046694655],[-98.29064115033326,18.117856121468044],[-98.30124709699714,18.109349777806333],[-98.3042889698972,18.10002661208827],[-98.30903826835541,18.09499202288341],[-98.3093839130623,18.092364978381642]]]}},{"type":"Feature","properties":{"clues":"GRIMB008593"},"geometry":{"type":"Polygon","coordinates":[[[-98.24525927109259,16.746156629594317],[-98.25132246674994,16.75913598845623],[-98.25181191141371,16.766234418718025],[-98.25486522077648,16.77019677006269],[-98.27863925475444,16.78139234485358],[-98.2819310267905,16.789851062362356],[-98.27175802987922,16.80456661393084],[-98.25327802935365,16.783998249870145],[-98.24893244948458,16.78538196927381],[-98.2451889364329,16.791065911329515],[-98.23796720986608,16.78850256359523],[-98.23712321950775,16.78636635640879],[-98.22652040618163,16.789124897199443],[-98.21317654181763,16.784964227324693],[-98.20672669340304,16.78659894081416],[-98.20340614268781,16.781620654232796],[-98.20817965990808,16.770011817327944],[-98.2120953577425,16.770418111033024],[-98.2168192322107,16.76663066331635],[-98.2206953851349,16.76668204972492],[-98.2259907277271,16.759796204596828],[-98.21842663499943,16.753852256465382],[-98.21688547265373,16.750682887935227],[-98.21835716130074,16.747894315402515],[-98.23419040809092,16.735894985833703],[-98.24525927109259,16.746156629594317]]]}},{"type":"Feature","properties":{"clues":"PLIMB001915"},"geometry":{"type":"Polygon","coordinates":[[[-98.13095890045459,18.866254172946167],[-98.12566517823309,18.86167003258188],[-98.12437160655773,18.856734835098077],[-98.12856579886252,18.830124470371896],[-98.13306258960715,18.8277766512862],[-98.16582516788456,18.830527085803205],[-98.18376479090163,18.82422502361104],[-98.18745748683573,18.824389538724546],[-98.22302518601701,18.815917392971247],[-98.2355342707911,18.846958861797432],[-98.23396790197148,18.867045049411004],[-98.21936458244201,18.868512442400437],[-98.1978108777696,18.896321702012727],[-98.19170583646707,18.893275205189397],[-98.18115794331405,18.896764232855816],[-98.1800533690679,18.898571819109545],[-98.1678639489117,18.901954202417983],[-98.16516123475067,18.909166103963557],[-98.15938296620743,18.91199343922084],[-98.15577429126353,18.912572969648416],[-98.14524735275522,18.906532142639794],[-98.15813013132265,18.89407360485948],[-98.15588240075913,18.878913234142537],[-98.13095890045459,18.866254172946167]]]}},{"type":"Feature","properties":{"clues":"OCIMS000713"},"geometry":{"type":"Polygon","coordinates":[[[-98.13370220993711,17.879511955488457],[-98.14027677519931,17.886277064155838],[-98.14885688842217,17.88733162013026],[-98.1716167283533,17.893792997033778],[-98.16999822507157,17.92915179966471],[-98.16635411167287,17.96189522118745],[-98.10271934002738,17.96010708472276],[-98.09954349739522,17.94677519498924],[-98.05914093900589,17.92456030548032],[-98.06166681002998,17.915997656838258],[-98.07493535551649,17.897250194517113],[-98.08239642015451,17.892081156867246],[-98.08993947797613,17.8763730465335],[-98.10804546565123,17.880432017725262],[-98.12198107759467,17.874102744593937],[-98.13370220993711,17.879511955488457]]]}},{"type":"Feature","properties":{"clues":"PLIMS001665"},"geometry":{"type":"Polygon","coordinates":[[[-98.13044204025655,18.07282819452718],[-98.13300913537128,18.089189369049382],[-98.12607161216107,18.089441935618368],[-98.117818400487,18.09566368427429],[-98.11567074852674,18.099373055962484],[-98.11036921281823,18.102603752123674],[-98.10442072392715,18.11326312483452],[-98.09565289712938,18.105312066810104],[-98.09618866326873,18.09748277420698],[-98.09178314716837,18.08081063019219],[-98.1093874185816,18.077279752046053],[-98.11404676435386,18.06238968860375],[-98.10439665555495,18.05535614382494],[-98.08708959334841,18.039193958847513],[-98.08760449115962,18.03060803324336],[-98.09140527521184,18.024268586478474],[-98.13460663750611,18.050924274983405],[-98.13263395881073,18.05353218167381],[-98.13044204025655,18.07282819452718]]]}},{"type":"Feature","properties":{"clues":"OCIMS003390"},"geometry":{"type":"Polygon","coordinates":[[[-98.0201372895282,17.806035762538716],[-98.02909279074014,17.80624930784272],[-98.03780207987874,17.820206100329262],[-98.04254828066955,17.822991218580746],[-98.05510369303268,17.838379302233644],[-98.05972070644678,17.847416409607266],[-98.0444955856631,17.864178455184717],[-98.03884651025861,17.86687680869203],[-98.02246343834626,17.86343003933591],[-98.01214855057567,17.869396415163827],[-98.00016822041455,17.881179490689068],[-97.9913544929558,17.884622003612645],[-97.97420180913454,17.877276893128183],[-97.9734299735277,17.855553000748355],[-97.96413995081421,17.835705169553187],[-97.93910706356468,17.83509714090958],[-97.91392697275315,17.849024557273367],[-97.88969929868296,17.817801241921515],[-97.88609513292592,17.805319349513],[-97.88639293410779,17.79696386947144],[-97.91485439843284,17.786886993164387],[-97.9389229916461,17.74629577065273],[-97.94018957228003,17.740764187168747],[-97.97150449895705,17.75247821800477],[-97.98096694419998,17.785322469994142],[-97.98052916676478,17.79112735891614],[-98.00356953328469,17.800369683558387],[-98.0064845495126,17.802800083697875],[-98.0201372895282,17.806035762538716]]]}},{"type":"Feature","properties":{"clues":"OCIMB006662"},"geometry":{"type":"Polygon","coordinates":[[[-97.97052277291372,17.080892711646353],[-97.98151169784752,17.079656776866184],[-97.99436820133327,17.105796410886207],[-98.00087707348531,17.108818292730454],[-98.0120498209461,17.136605102019058],[-97.99496356790127,17.138165175280086],[-97.98196173886002,17.14904322059287],[-97.97540111682589,17.161705086447558],[-97.96744720732465,17.15981116626238],[-97.96554005952594,17.16121675105707],[-97.96022205268024,17.177179278311222],[-97.95341292479343,17.17823486386978],[-97.94507921618614,17.173429253876446],[-97.94229931253176,17.166886380069002],[-97.93354709709878,17.156850727178973],[-97.93568174647416,17.144887036373873],[-97.95288082712553,17.13657449026163],[-97.961441713738,17.122687049435864],[-97.96440692753959,17.113613479559408],[-97.96214113836923,17.10423542341234],[-97.97052277291372,17.080892711646353]]]}},{"type":"Feature","properties":{"clues":"MCIMB009466"},"geometry":{"type":"Polygon","coordinates":[[[-99.8499103509098,19.589719237911712],[-99.83796972576236,19.599239703882734],[-99.81733355864885,19.584732074218724],[-99.81974043890503,19.57394112364389],[-99.83404688063446,19.572260788515095],[-99.83975883138493,19.574741934124564],[-99.84766437907528,19.58317664373992],[-99.8499103509098,19.589719237911712]]]}},{"type":"Feature","properties":{"clues":"MCIMB012370"},"geometry":{"type":"Polygon","coordinates":[[[-99.76821739300402,19.69324395719599],[-99.77601197831137,19.689299369650247],[-99.77522324379169,19.68173481919958],[-99.79165272216483,19.66899338432291],[-99.79114964218489,19.650300890300212],[-99.79446893978248,19.649245041414666],[-99.80999302960936,19.65800011403917],[-99.81569611961353,19.673884981315886],[-99.80310483133043,19.683911850639184],[-99.79962376500032,19.69495214647099],[-99.80070092282418,19.700195285267128],[-99.79192646515143,19.701210778266983],[-99.79165110432942,19.705509307536317],[-99.787515651691,19.710736133269798],[-99.79529407565106,19.719593422166916],[-99.77720613753085,19.744362523352557],[-99.76389638648459,19.73728161646076],[-99.75911840668167,19.73633834478413],[-99.75541371256206,19.72060273782431],[-99.76122780047658,19.706727582312226],[-99.76827379239387,19.700458992184863],[-99.76821739300402,19.69324395719599]]]}},{"type":"Feature","properties":{"clues":"MCIMB003072"},"geometry":{"type":"Polygon","coordinates":[[[-99.6081169196315,19.966368294937904],[-99.60460495247139,19.973563307779116],[-99.59183025227786,19.974939181956618],[-99.5905988579682,19.972334718855144],[-99.5727064795055,19.966371372966382],[-99.57181000838085,19.962738974560732],[-99.57976528307795,19.94565089451198],[-99.59192790362346,19.947556936318307],[-99.60596838752936,19.94380289073087],[-99.61614926814714,19.9556555694557],[-99.6081169196315,19.966368294937904]]]}},{"type":"Feature","properties":{"clues":"MCIMB007400"},"geometry":{"type":"Polygon","coordinates":[[[-99.55344010899113,19.684484333491252],[-99.54962013997601,19.704221549980808],[-99.54231214835741,19.713502546572506],[-99.53608318758205,19.714138044922198],[-99.53216922982008,19.71169002415642],[-99.52119090848322,19.70983795651798],[-99.51344828999864,19.71812854253598],[-99.51473275546738,19.742993575104453],[-99.4962838262268,19.743257706039973],[-99.48369405994893,19.73737023355478],[-99.47796178523232,19.72980438056193],[-99.49243930342044,19.719088127537614],[-99.49063114881892,19.71533446768357],[-99.49479050841238,19.702603805772387],[-99.51060564254101,19.69674486489158],[-99.50616599551023,19.67498007976984],[-99.52755869810014,19.650551489166855],[-99.53587160622473,19.62079963214051],[-99.56918711190704,19.629941667601173],[-99.57675433079629,19.641884127998427],[-99.56217626632377,19.683615555678085],[-99.55344010899113,19.684484333491252]]]}},{"type":"Feature","properties":{"clues":"HGIMB004351"},"geometry":{"type":"Polygon","coordinates":[[[-99.2687217571294,20.230350716754806],[-99.25241472986032,20.222762794480698],[-99.24776986663286,20.204220961215356],[-99.25741670410751,20.206222811313896],[-99.27203563364522,20.219157091009386],[-99.2687217571294,20.230350716754806]]]}},{"type":"Feature","properties":{"clues":"HGIMB004240"},"geometry":{"type":"Polygon","coordinates":[[[-99.22552001473953,20.405386238208806],[-99.20963425283799,20.40772583596026],[-99.21514189424678,20.38749929941848],[-99.2284438466316,20.38456970400043],[-99.24055044059608,20.391810245161828],[-99.22552001473953,20.405386238208806]]]}},{"type":"Feature","properties":{"clues":"MCIMB000844"},"geometry":{"type":"Polygon","coordinates":[[[-99.18115215874896,19.95890715820296],[-99.17789618375954,19.950804562657172],[-99.18161494972017,19.94218779462934],[-99.18127652147247,19.934867748527978],[-99.1931925479636,19.91664865762041],[-99.2065479076984,19.920482570728872],[-99.2129782963183,19.943489360577747],[-99.22092070308652,19.946965908845453],[-99.23316065394306,19.959954867926143],[-99.2205871253329,19.978210845712702],[-99.20416738283491,19.962473432977824],[-99.19706508235512,19.95944126651514],[-99.18115215874896,19.95890715820296]]]}},{"type":"Feature","properties":{"clues":"MCIMB011706"},"geometry":{"type":"Polygon","coordinates":[[[-99.19387608928476,19.712552859948033],[-99.19625495343963,19.71087217474446],[-99.20045396537486,19.710628622798147],[-99.20719765667866,19.715662389424143],[-99.20908680598909,19.72759818296099],[-99.21272147826865,19.734211216186786],[-99.21094322014876,19.737660905671955],[-99.21120935155281,19.743327262743627],[-99.2050112694173,19.748471804160175],[-99.19746351676235,19.744450668509074],[-99.19782408430424,19.734115752782117],[-99.18742522742669,19.735060128665978],[-99.18627587475167,19.72862859496061],[-99.19669274341342,19.724192059320444],[-99.1932364062922,19.716741473052373],[-99.19387608928476,19.712552859948033]]]}},{"type":"Feature","properties":{"clues":"HGIMB001551"},"geometry":{"type":"Polygon","coordinates":[[[-99.18616284196716,20.59277270551496],[-99.19235424967403,20.601325565333195],[-99.17931297948348,20.62696531137001],[-99.17416488930901,20.623605017998344],[-99.15999771322878,20.62287093786321],[-99.15401398878551,20.621231738949053],[-99.15173866449504,20.606570489511306],[-99.14965523040345,20.60408447184756],[-99.154005194842,20.58584342927651],[-99.15249474738253,20.581049772434607],[-99.16430126217183,20.571194551937584],[-99.16960534329013,20.570226687617566],[-99.17303596326883,20.566530291413624],[-99.1904267784061,20.5636667322657],[-99.19823358749,20.57149728858062],[-99.19566827035895,20.58111896015125],[-99.18616284196716,20.59277270551496]]]}},{"type":"Feature","properties":{"clues":"HGIMB000723"},"geometry":{"type":"Polygon","coordinates":[[[-99.1504690255891,20.64000769418578],[-99.15140880718948,20.623205990335318],[-99.15401398878551,20.621231738949053],[-99.15999771322878,20.62287093786321],[-99.17416488930901,20.623605017998344],[-99.17931297948348,20.62696531137001],[-99.17640135376834,20.640052126081734],[-99.18059126376964,20.65075127067284],[-99.18855824394149,20.655502234797172],[-99.18914317014344,20.670885483485176],[-99.18472118407753,20.675205241988447],[-99.16863401407831,20.675448410251477],[-99.16270401927335,20.67704374251061],[-99.15289063912776,20.658547061969866],[-99.1559059920663,20.648044548487086],[-99.1504690255891,20.64000769418578]]]}},{"type":"Feature","properties":{"clues":"HGIMB001662"},"geometry":{"type":"Polygon","coordinates":[[[-99.16250716909792,20.44937049872913],[-99.15251241953018,20.44727621411852],[-99.15985349203514,20.429375488259762],[-99.17419487742234,20.431117361022668],[-99.17802516191529,20.4289047018687],[-99.19351862750906,20.434486503604543],[-99.18151688616133,20.452922929640092],[-99.17153550422957,20.44325516379702],[-99.16250716909792,20.44937049872913]]]}},{"type":"Feature","properties":{"clues":"HGIMB004614"},"geometry":{"type":"Polygon","coordinates":[[[-99.11987350214297,20.34823029876935],[-99.14958316998755,20.34431216806724],[-99.16638380606963,20.37302507471869],[-99.16527250654117,20.386375533287023],[-99.16772514254313,20.39089048079657],[-99.16626535126069,20.397259729700252],[-99.15435316313254,20.407479692127914],[-99.13889253488904,20.41756224292336],[-99.1370442912884,20.411339798049113],[-99.12287350798847,20.397816751583598],[-99.12557767434488,20.38545788485587],[-99.11987350214297,20.34823029876935]]]}},{"type":"Feature","properties":{"clues":"MCIMB008841"},"geometry":{"type":"MultiPolygon","coordinates":[[[[-99.13538884895281,19.847892118022422],[-99.14668137925884,19.85160009218115],[-99.15093891272478,19.872972133097893],[-99.16188185228359,19.880592474968328],[-99.15316407043565,19.896804610849184],[-99.14765266905248,19.899255228446666],[-99.14437243892063,19.90946039719509],[-99.14007393383548,19.90760315069254],[-99.13419733008182,19.897135509617833],[-99.12510207810992,19.89916386457882],[-99.11827860113465,19.882257409405437],[-99.11989911751466,19.881000635868194],[-99.12374411599976,19.856252567298625],[-99.13538884895281,19.847892118022422]]],[[[-99.14622474747469,19.91596975789884],[-99.15319723298494,19.92182631324227],[-99.15726381156603,19.922011913248816],[-99.16663576977984,19.934848875041858],[-99.1604126626824,19.940163502420894],[-99.15662780948198,19.94104281969603],[-99.15161538803336,19.938270383002205],[-99.1431452978242,19.94568807870212],[-99.13041244661454,19.93399688460754],[-99.1414666896257,19.919248259066592],[-99.14622474747469,19.91596975789884]]]]}},{"type":"Feature","properties":{"clues":"MCIMB010031"},"geometry":{"type":"Polygon","coordinates":[[[-99.12072418688238,19.64390769709633],[-99.1238695094438,19.646918423836077],[-99.12583475099886,19.654411900951715],[-99.12703967477083,19.654599848157897],[-99.13311308353781,19.64813646342765],[-99.1396294861151,19.651431483652257],[-99.14533811025272,19.647747431097137],[-99.1509582005914,19.653957215713657],[-99.14820837209867,19.658126274302614],[-99.15072405409303,19.669799127880623],[-99.14807070851029,19.67176988757094],[-99.14373265207483,19.66959942444573],[-99.1402053506022,19.672803497974108],[-99.13553435337121,19.668726656422894],[-99.13217933329068,19.671077170798497],[-99.1254154859805,19.669548152622347],[-99.12359090413385,19.671165809946835],[-99.11399620083532,19.672470140781677],[-99.09977961545472,19.671923971505922],[-99.10114120428693,19.663267598388007],[-99.09930828337517,19.66045952197883],[-99.10079360673429,19.654159234745308],[-99.10505137045676,19.654892406981666],[-99.10775491576135,19.648704457549535],[-99.10595879929781,19.645419228450226],[-99.11294228705222,19.64159931917139],[-99.11585360904878,19.64447139249294],[-99.12072418688238,19.64390769709633]]]}},{"type":"Feature","properties":{"clues":"MCIMB004076"},"geometry":{"type":"Polygon","coordinates":[[[-99.08329921915927,19.72739007865772],[-99.08926240638192,19.732218636870755],[-99.08993985083735,19.73656548541365],[-99.08503118673329,19.74535692039042],[-99.08538461836658,19.748199251589252],[-99.08305961685026,19.74996261015834],[-99.07433249218174,19.75018676411747],[-99.0710571120346,19.75546023699658],[-99.07330595950219,19.766676527383005],[-99.06177464104054,19.760379088309936],[-99.0501113790374,19.742517093843187],[-99.04087682393553,19.743704781122542],[-99.01987091823237,19.73754711103778],[-99.02773993136204,19.716338238055805],[-99.06166171850995,19.723377108289824],[-99.07008646978827,19.722493269932386],[-99.08329921915927,19.72739007865772]]]}},{"type":"Feature","properties":{"clues":"MCIMB002326"},"geometry":{"type":"Polygon","coordinates":[[[-99.0151673794211,19.998281569963527],[-99.002334022631,20.004571218745266],[-99.00806108373371,20.025303143896753],[-99.02583248398047,20.0261171996858],[-99.06473355151513,20.061880292349674],[-99.06193981159332,20.066966001074416],[-99.02500050230292,20.072319379163865],[-99.00463230734512,20.066651684565468],[-98.98401581735507,20.056336502721305],[-98.95997284343251,19.998191767259975],[-98.96252812186233,19.995007093793244],[-98.96762733694817,19.973417226841377],[-98.98772809886437,19.96462505804711],[-99.00085873033868,19.960638140993098],[-99.00797927646417,19.961959594255987],[-99.0151673794211,19.998281569963527]]]}},{"type":"Feature","properties":{"clues":"HGIMS002124"},"geometry":{"type":"Polygon","coordinates":[[[-98.99947466610158,20.983058487608073],[-99.01380376040093,20.987950542022453],[-99.0210433773044,21.000873447538204],[-98.99606337121156,21.00755754657059],[-98.99096924844605,21.000167534447918],[-98.98249976784106,20.993729599187084],[-98.96686504065069,21.002408393462144],[-98.96943804832637,21.014830037097422],[-98.97031576225464,21.033846624021958],[-98.96253765968375,21.037027540582425],[-98.95272902239601,21.05605681172526],[-98.93831768656928,21.04217437256548],[-98.9479837434274,21.03376880718926],[-98.9466989610013,21.02636850266012],[-98.93762087814872,21.014358572999388],[-98.9395093915979,21.011181308319607],[-98.9401141483831,21.00326862702982],[-98.94880656846657,20.996902598151276],[-98.9482232004486,20.98149715417703],[-98.94304844433212,20.973159213720958],[-98.94865979346697,20.968995424676066],[-98.96743938144304,20.964281584433916],[-98.97104242522435,20.967319615222998],[-98.9897204754657,20.96024126145829],[-98.99486906600886,20.976086366204143],[-98.99947466610158,20.983058487608073]]]}},{"type":"Feature","properties":{"clues":"HGIMB001744"},"geometry":{"type":"Polygon","coordinates":[[[-98.88708768722219,20.857626115091787],[-98.89325572919209,20.85734647408786],[-98.9038975167675,20.84681324724748],[-98.90828183803764,20.84676154276295],[-98.91544632278973,20.85085428032595],[-98.9248532721783,20.859536422418074],[-98.9238245426117,20.86366034891801],[-98.91585564939112,20.870636291414176],[-98.88008049646628,20.881838349750065],[-98.87749862754167,20.869280307707285],[-98.86201111465274,20.858735001345696],[-98.84481545600512,20.83936556806314],[-98.85529781926152,20.816714187245164],[-98.86983890337474,20.807342040732156],[-98.883983084709,20.831674977821677],[-98.88708768722219,20.857626115091787]]]}},{"type":"Feature","properties":{"clues":"SCCSA001445"},"geometry":{"type":"Polygon","coordinates":[[[-98.83952867385868,19.928457810483803],[-98.84484447404822,19.92063526355972],[-98.86605987981845,19.914252174397006],[-98.89670922604503,19.920372134912135],[-98.90077167754974,19.923611532557853],[-98.89695368920809,19.93344468891157],[-98.90588911077771,19.953365251347584],[-98.90554387184865,19.95621270142089],[-98.9016062535358,19.961532071353925],[-98.88734745358285,19.95985464710853],[-98.8847328641283,19.957500028331303],[-98.87810745806111,19.957143143940854],[-98.86373877087152,19.94911898954076],[-98.83952867385868,19.928457810483803]]]}},{"type":"Feature","properties":{"clues":"SCCSA001204"},"geometry":{"type":"Polygon","coordinates":[[[-98.91067963667885,19.631277194482863],[-98.90187852512965,19.6450965153701],[-98.89538023579394,19.643247561196787],[-98.89397976810412,19.636275525415158],[-98.90003695515476,19.62544656766653],[-98.90866013752492,19.626796927037436],[-98.91067963667885,19.631277194482863]]]}},{"type":"Feature","properties":{"clues":"HGIMB000892"},"geometry":{"type":"MultiPolygon","coordinates":[[[[-98.87881701222096,21.122235307000725],[-98.86340122638174,21.117031191173147],[-98.85786506974809,21.11681371873414],[-98.85709545339856,21.113291701768826],[-98.86276079572517,21.10245689008492],[-98.87243127246738,21.093038854815017],[-98.87725438273625,21.095609513173724],[-98.8790139362678,21.09853618124756],[-98.8753781139128,21.114367490263852],[-98.8798216027355,21.117841869915253],[-98.87881701222096,21.122235307000725]]],[[[-98.82820642027117,21.139156718335137],[-98.82835081966118,21.136338661848544],[-98.83462347042274,21.12664130654455],[-98.85315292036611,21.123244152135356],[-98.85762636453721,21.11828645290065],[-98.86837551978721,21.13176055819647],[-98.87355296950066,21.131256748953454],[-98.88369008560166,21.136649847327465],[-98.8819357356742,21.14291079833111],[-98.87778765384198,21.142900069851795],[-98.87141187925045,21.14595830286257],[-98.8757923020946,21.156187753292738],[-98.86755308611707,21.159120237698154],[-98.86083774037601,21.15629762124348],[-98.85831191434217,21.165221375894422],[-98.84658068073914,21.164807700144426],[-98.85713124117161,21.151014196839323],[-98.85678569329177,21.14905166005646],[-98.84664125165277,21.1470112273695],[-98.84052993205987,21.14197109232952],[-98.82820642027117,21.139156718335137]]]]}},{"type":"Feature","properties":{"clues":"HGIMS001202"},"geometry":{"type":"Polygon","coordinates":[[[-98.84481545600512,20.83936556806314],[-98.82266424686688,20.854990660400308],[-98.79763302515023,20.84710229194322],[-98.79230153506784,20.839213731720896],[-98.78813927336203,20.815767497199275],[-98.78940014057031,20.80801046776623],[-98.80323605373498,20.79805999047596],[-98.82641981686974,20.803860476515176],[-98.85529781926152,20.816714187245164],[-98.84481545600512,20.83936556806314]]]}},{"type":"Feature","properties":{"clues":"HGIMB000501"},"geometry":{"type":"MultiPolygon","coordinates":[[[[-98.7430160251797,20.401220595390733],[-98.73659513122114,20.415736054808697],[-98.74029682109112,20.427064263782217],[-98.69491657804042,20.451590218894353],[-98.69026067528087,20.449628807023974],[-98.67898831235009,20.43957913423107],[-98.65874881115771,20.444775094974585],[-98.65448642031846,20.441369037957],[-98.64853257066126,20.419857614463975],[-98.649115370243,20.414037902730467],[-98.6461373472703,20.40514222752291],[-98.67511859357198,20.395893979401304],[-98.68486032984916,20.39769599749113],[-98.68679793808253,20.395497427443562],[-98.7039286859423,20.391494951318872],[-98.71497859494893,20.380007361076704],[-98.72782145246849,20.38488977544671],[-98.73005862310315,20.39186420079874],[-98.7430160251797,20.401220595390733]]],[[[-98.76510946570143,20.43873922512529],[-98.805958335542,20.421752756759513],[-98.82418172809315,20.46222619805722],[-98.81259876907811,20.47629587347014],[-98.79260857666785,20.48334109478717],[-98.78387452570198,20.47834039619061],[-98.75205974443675,20.477893144917736],[-98.74733996345907,20.47622775502226],[-98.75371066742197,20.46447251376021],[-98.74571002527281,20.45154410032296],[-98.75467886954722,20.436524740369826],[-98.76510946570143,20.43873922512529]]]]}},{"type":"Feature","properties":{"clues":"HGIMB001773"},"geometry":{"type":"Polygon","coordinates":[[[-98.72158844050234,21.159452869651904],[-98.71541413267884,21.13902146718584],[-98.71710874720972,21.1356733087569],[-98.72027177677818,21.134052555662237],[-98.73929285709805,21.136764882185194],[-98.75908305053456,21.130477059366694],[-98.77222136079966,21.146114366339724],[-98.77178333151754,21.151673339385784],[-98.76551350434234,21.160655388525374],[-98.76509723472869,21.168896898882828],[-98.77245484575292,21.177918889800473],[-98.76302941198553,21.189188088823027],[-98.75169596275671,21.191239087721957],[-98.74704736653426,21.186119090641803],[-98.74207079666019,21.1851988000427],[-98.73977072537765,21.164531466048754],[-98.72158844050234,21.159452869651904]]]}},{"type":"Feature","properties":{"clues":"HGIMB003610"},"geometry":{"type":"Polygon","coordinates":[[[-98.6994280016066,21.092253353537636],[-98.70768289117828,21.081473319131828],[-98.71820330811806,21.08565822053777],[-98.72107603756466,21.07696373250393],[-98.73269720417565,21.076992924183703],[-98.7356970965179,21.085909105828403],[-98.72117197077655,21.098110226051435],[-98.72385624655085,21.10241067742562],[-98.74100555414975,21.102295167779005],[-98.7433503068181,21.100611388663683],[-98.7606388233557,21.122160696904427],[-98.75908305053456,21.130477059366694],[-98.73929285709805,21.136764882185194],[-98.72027177677818,21.134052555662237],[-98.71710874720972,21.1356733087569],[-98.69543813201354,21.1138656666381],[-98.694180854639,21.102694059834334],[-98.69855548621359,21.09896093630602],[-98.6994280016066,21.092253353537636]]]}},{"type":"Feature","properties":{"clues":"MCIMB004192"},"geometry":{"type":"Polygon","coordinates":[[[-98.70702228094459,19.78012741711188],[-98.70529167943138,19.783197445441605],[-98.69812689693688,19.789850970531344],[-98.6861727906204,19.78671764715952],[-98.6851861029338,19.768941636193947],[-98.69974413160986,19.76164651398118],[-98.70909115487744,19.753231323547478],[-98.71877333048666,19.752321909938054],[-98.73792452772734,19.7728895583633],[-98.73549402361748,19.79863072533544],[-98.71597695185471,19.774537738937646],[-98.71311939211677,19.777051484264902],[-98.71399805397793,19.783725793680567],[-98.70702228094459,19.78012741711188]]]}},{"type":"Feature","properties":{"clues":"SPIMB000795"},"geometry":{"type":"Polygon","coordinates":[[[-98.70249166627697,21.286801723188102],[-98.70700124023875,21.302411918899757],[-98.70679523615689,21.306165680942538],[-98.70252860222882,21.31442142369582],[-98.68999737507856,21.33008600933523],[-98.68240433721229,21.33548049980227],[-98.67003659341151,21.32541651358314],[-98.66441951641187,21.325359404183363],[-98.65574454809318,21.31429455342323],[-98.6503303863366,21.317576654626123],[-98.63759627809287,21.30391938933529],[-98.63085177375817,21.30660683573752],[-98.62053659836376,21.296946546918385],[-98.63054810588915,21.29135116609992],[-98.63704882761466,21.2816043695305],[-98.62903742144266,21.26991002523816],[-98.6555442914256,21.26963822026954],[-98.6559434872747,21.26854074989372],[-98.67715327427295,21.26481169972538],[-98.6843281013644,21.269689786600665],[-98.6882167719698,21.269365683720277],[-98.69629579304392,21.263530797794385],[-98.699683222919,21.258652669412193],[-98.7170826751773,21.26664159650923],[-98.71259786229075,21.272423746363152],[-98.70410820222986,21.27289870533785],[-98.69903903897065,21.282495042990174],[-98.70027954662162,21.28633266162986],[-98.70249166627697,21.286801723188102]]]}},{"type":"Feature","properties":{"clues":"HGIMS001552"},"geometry":{"type":"Polygon","coordinates":[[[-98.63448663710395,21.33602812550607],[-98.6368276438078,21.321761141703174],[-98.65019849968012,21.31769599459082],[-98.65574454809318,21.31429455342323],[-98.66441951641187,21.325359404183363],[-98.66260932678045,21.344334431750248],[-98.65640071346456,21.34410489489379],[-98.65251941781779,21.340345593286912],[-98.63448663710395,21.33602812550607]]]}},{"type":"Feature","properties":{"clues":"HGIMB003523"},"geometry":{"type":"Polygon","coordinates":[[[-98.59500407843343,19.767954667918943],[-98.60873114899849,19.76770285397593],[-98.60736550237027,19.781350608513762],[-98.60998434438721,19.785666296204216],[-98.62425783698126,19.783717863003627],[-98.62589039086137,19.764357455093236],[-98.64240480929122,19.79518695940303],[-98.6448933380444,19.807618242885848],[-98.6422000427197,19.809019615086726],[-98.63125754417818,19.808292929037062],[-98.61861320043333,19.805091402769072],[-98.60915659092154,19.81694194282245],[-98.60958966102454,19.823471713505658],[-98.6131302934811,19.825237890082768],[-98.61412452901838,19.828284039892996],[-98.60281256981766,19.840229729456116],[-98.60165501264393,19.84386946292235],[-98.59134384059624,19.847028182377947],[-98.58837412713987,19.844908153579404],[-98.58198465687909,19.83352768737389],[-98.58467673482227,19.822763633090883],[-98.58213098502074,19.80847049637542],[-98.58439320161189,19.805149287638738],[-98.58541595867263,19.797269988137593],[-98.58325871729306,19.7937148254726],[-98.58547974558707,19.78662861163119],[-98.58290135109335,19.783794010532695],[-98.58297878658544,19.776719506332096],[-98.5849193245355,19.77615549407009],[-98.59050993749435,19.779583550644084],[-98.59500407843343,19.767954667918943]]]}},{"type":"Feature","properties":{"clues":"HGIMS001313"},"geometry":{"type":"Polygon","coordinates":[[[-98.57840611281668,20.618750349540683],[-98.57143023411587,20.63080778235514],[-98.56004300438316,20.637518985155],[-98.55920560880296,20.643302275154532],[-98.54362045024767,20.656929870771997],[-98.52672962927018,20.630078261944842],[-98.52980065256112,20.615159200359134],[-98.53568361953934,20.61377459954262],[-98.55818105367139,20.58886326793567],[-98.56717573934787,20.587013360232],[-98.58481661741403,20.600734417757568],[-98.58640913317207,20.61266482505037],[-98.58502419098559,20.61529532528774],[-98.57840611281668,20.618750349540683]]]}},{"type":"Feature","properties":{"clues":"HGIMS001803"},"geometry":{"type":"Polygon","coordinates":[[[-98.51371084007711,19.976428144593303],[-98.52237252729503,19.972218790138825],[-98.51926493649182,19.980386350490853],[-98.51494680985145,19.98186776761552],[-98.5148146734391,19.986378570499276],[-98.52326063021636,19.986124541578832],[-98.5266656757168,19.98205647620722],[-98.53063105424569,19.98166629441642],[-98.53304300015078,19.99183454501506],[-98.54106087636208,20.000799336051497],[-98.54626995254615,20.004173005019663],[-98.54106348827847,20.010194579676796],[-98.53608684276942,20.02567747681607],[-98.52876949914099,20.027582702905345],[-98.52412848310269,20.025986595178647],[-98.51410677430243,20.031657465531655],[-98.50617681593255,20.0203807213677],[-98.49440549814952,20.029801303143877],[-98.49221700881044,20.028335432843594],[-98.48462760797545,20.007915175964364],[-98.47418456122182,20.002579030297213],[-98.47435963212119,20.00041466301117],[-98.4821070646677,19.989387791754563],[-98.48580655684137,19.98699818121844],[-98.49173403836377,19.970845794069827],[-98.50397868336556,19.97568501205167],[-98.50515813052958,19.97778894564237],[-98.51289957240434,19.978401479841672],[-98.51371084007711,19.976428144593303]]]}},{"type":"Feature","properties":{"clues":"HGIMS000864"},"geometry":{"type":"Polygon","coordinates":[[[-98.53481107093842,21.036438556644896],[-98.52113766207184,21.03688662791208],[-98.51200812097845,21.02326843515221],[-98.51109323806544,21.00866239990758],[-98.53122785057116,20.994909492876683],[-98.54150348781893,20.997867169365694],[-98.53481107093842,21.036438556644896]]]}},{"type":"Feature","properties":{"clues":"VZIMS003241"},"geometry":{"type":"Polygon","coordinates":[[[-98.39636581039487,20.636944001199073],[-98.41747579510273,20.64264046184041],[-98.41955274483655,20.641192583650778],[-98.44761644952199,20.63668005350148],[-98.46823106061522,20.661649795164266],[-98.46554467315154,20.66431858141395],[-98.43200447264863,20.673677954508655],[-98.42256422422045,20.670865891488432],[-98.41806367325667,20.673457547705155],[-98.41035529610869,20.6821410527607],[-98.40381674002208,20.685435106305142],[-98.40348600137924,20.70686659634301],[-98.39012491016267,20.709032240034976],[-98.38406700140723,20.704840699979297],[-98.36891806607181,20.699918502727524],[-98.36190394257909,20.686897392376515],[-98.35567263982884,20.679786909456404],[-98.35467898269943,20.675921685947756],[-98.36211965107792,20.665398627722904],[-98.33491648251402,20.6505561828133],[-98.33308241522977,20.646832512779376],[-98.36278234095356,20.638570341743307],[-98.37240583260976,20.652749355757685],[-98.38078778782952,20.652982355357487],[-98.39636581039487,20.636944001199073]]]}},{"type":"Feature","properties":{"clues":"VZIMS002541"},"geometry":{"type":"Polygon","coordinates":[[[-98.3910923340886,21.169767452189465],[-98.3978981327001,21.18161668405885],[-98.40760981831717,21.179804338366928],[-98.41292815391496,21.184198512503773],[-98.42077448237616,21.187666137023854],[-98.41449776862841,21.198215291026607],[-98.40923783289236,21.200746839359464],[-98.40808516087056,21.21639436034207],[-98.4108522578886,21.225876183052545],[-98.40953281262951,21.227849207191444],[-98.41003018157213,21.240320032964316],[-98.4060257064901,21.246708524561342],[-98.38727006277642,21.23702187670822],[-98.37863578431741,21.24653316365566],[-98.37261508795702,21.248848367736954],[-98.36707087444094,21.25458766534889],[-98.36156956027096,21.23984098472401],[-98.3587006707634,21.237464414512367],[-98.35741958975316,21.231725595290857],[-98.35805319152313,21.22545138991422],[-98.36606121950449,21.22109420958653],[-98.3680159002619,21.20138251419506],[-98.34865097938815,21.21524545146557],[-98.32188862504991,21.207967095260635],[-98.31839967962608,21.201316200539523],[-98.3234489067476,21.190624132146944],[-98.33464405741614,21.183444835639566],[-98.33984915153044,21.19052873850893],[-98.34822732889364,21.195071213596407],[-98.36298414743555,21.190842743431844],[-98.3703028945373,21.196080925988294],[-98.37484164480276,21.196336561380143],[-98.3848604131994,21.177954310497444],[-98.38314554598759,21.16746512463272],[-98.3910923340886,21.169767452189465]]]}},{"type":"Feature","properties":{"clues":"HGIMS000975"},"geometry":{"type":"Polygon","coordinates":[[[-98.37510060133233,21.139680235958657],[-98.37166703911998,21.157911128391433],[-98.35534765352,21.152795991595696],[-98.35496792609936,21.147343933107074],[-98.35724290139463,21.14141463862416],[-98.36317171953591,21.13410272118206],[-98.37077759825712,21.13144414234949],[-98.37510060133233,21.139680235958657]]]}},{"type":"Feature","properties":{"clues":"HGIMS000502"},"geometry":{"type":"Polygon","coordinates":[[[-98.33422346522902,19.804478797551152],[-98.34149536435949,19.8060719691232],[-98.35127152383093,19.804623345261707],[-98.35996028010774,19.816819421651825],[-98.35686930462552,19.829430664171174],[-98.34847536257692,19.834065551641707],[-98.33824391110294,19.83330805551449],[-98.33350054955825,19.84108757415927],[-98.33620170177208,19.850474469883416],[-98.3410482452335,19.856086730942238],[-98.33487130301542,19.873368743245628],[-98.33729918675922,19.881350837228958],[-98.3202721912681,19.88804374762793],[-98.31008034739077,19.884101805357506],[-98.30379671083449,19.87766034180751],[-98.30462907669978,19.86718890409712],[-98.29528326568067,19.856950740240492],[-98.29061423925616,19.85582946675529],[-98.29176664332336,19.837513614368792],[-98.2955000630637,19.829622491605814],[-98.28882759695564,19.825201978201903],[-98.28511350869077,19.81255285880198],[-98.2977469007545,19.80337576372989],[-98.31031927868014,19.816756385494298],[-98.31300345067275,19.81545145001188],[-98.32062163123105,19.815402801635738],[-98.33422346522902,19.804478797551152]]]}},{"type":"Feature","properties":{"clues":"HGIMB003996"},"geometry":{"type":"Polygon","coordinates":[[[-98.33719258486964,20.901472944982192],[-98.34481947536165,20.9058566269326],[-98.34940250467902,20.90233880603797],[-98.35163775531991,20.90381044291978],[-98.35560022703345,20.91350832677971],[-98.35102540296329,20.917653931431644],[-98.34220742609429,20.91989594085817],[-98.32924613827856,20.91835579617529],[-98.31668392903039,20.906380743780762],[-98.31707778550637,20.905520881921134],[-98.33544964495296,20.911242144014004],[-98.33719258486964,20.901472944982192]]]}},{"type":"Feature","properties":{"clues":"HGIMS000980"},"geometry":{"type":"Polygon","coordinates":[[[-98.27713924698187,21.130048618659703],[-98.28007403538393,21.124891616122987],[-98.31045812243357,21.115369903500138],[-98.31801934327203,21.14021044421244],[-98.33058014216856,21.14627535064814],[-98.32853176436926,21.15454694942023],[-98.32392098551365,21.1554619517044],[-98.3040578297582,21.16504214064317],[-98.29931183463228,21.160329724438814],[-98.30060300700637,21.150751682030176],[-98.29933125329009,21.148868384404864],[-98.27713924698187,21.130048618659703]]]}},{"type":"Feature","properties":{"clues":"HGIMB001201"},"geometry":{"type":"Polygon","coordinates":[[[-98.23135596491213,20.991511369363785],[-98.23362269566061,20.98686298333604],[-98.2547862365766,20.97745410543402],[-98.25710170503827,20.97486351147186],[-98.27796972356114,20.98193930393709],[-98.26402328535585,21.011510424333064],[-98.26838130242713,21.01890808640672],[-98.26069749028271,21.036002556553104],[-98.26181685922596,21.0513601276654],[-98.2529170795416,21.058357686894034],[-98.24999037180096,21.059069460759158],[-98.22853755838601,21.07955944647527],[-98.20124008088567,21.076359804749504],[-98.20132323146403,21.062010982676927],[-98.19426767979365,21.053123352386635],[-98.21346326736503,21.036356516060906],[-98.21916615920019,21.041401625912574],[-98.23476743157516,21.035593677403252],[-98.23493174477686,21.02389457744276],[-98.24422642915322,21.006666854417027],[-98.23521483650046,20.999678447000743],[-98.23135596491213,20.991511369363785]]]}},{"type":"Feature","properties":{"clues":"TLIMB000881"},"geometry":{"type":"Polygon","coordinates":[[[-98.20907210180876,19.625969534366842],[-98.22178362232528,19.61810035331777],[-98.2331775789098,19.607416697958012],[-98.24144222272878,19.607302868852337],[-98.25423886848249,19.62729509278345],[-98.25206613387475,19.64170761605058],[-98.23991072936123,19.645024878820777],[-98.2349208967325,19.660298145498842],[-98.2415058893221,19.69316327603459],[-98.22954092196625,19.70075823087501],[-98.20576538991227,19.687435283817734],[-98.21099679180514,19.66459482602603],[-98.21158702785898,19.65436606688597],[-98.19845388239557,19.638380935280257],[-98.20907210180876,19.625969534366842]]]}},{"type":"Feature","properties":{"clues":"VZIMB004430"},"geometry":{"type":"Polygon","coordinates":[[[-98.14510381978099,21.333260603308023],[-98.15714433593517,21.329558279493362],[-98.18698502868118,21.332543723140457],[-98.19268323014388,21.338290710478436],[-98.19476578399471,21.34716446887234],[-98.19008793892425,21.362894502562575],[-98.18001469266024,21.379458774827803],[-98.1772936043314,21.38125101724197],[-98.16142414555009,21.381401662902398],[-98.15164257399199,21.378834529901233],[-98.1455915603219,21.373929022188097],[-98.13348774352129,21.3799713951349],[-98.12418375750589,21.369779247720967],[-98.12386191512135,21.356616653322988],[-98.1346464115185,21.346913634829818],[-98.14510381978099,21.333260603308023]]]}},{"type":"Feature","properties":{"clues":"HGIMS000374"},"geometry":{"type":"Polygon","coordinates":[[[-98.148815404085,20.21460327073866],[-98.14505806888758,20.205582510750435],[-98.14792167129542,20.182126686018265],[-98.16848030570713,20.20694521765045],[-98.148815404085,20.21460327073866]]]}},{"type":"Feature","properties":{"clues":"PLIMS002213"},"geometry":{"type":"Polygon","coordinates":[[[-98.07587055907429,20.24106172303648],[-98.07927138556938,20.23750354958234],[-98.08668474975562,20.23710410986323],[-98.1013700905844,20.250704675437433],[-98.10409583961636,20.26555933036346],[-98.10251371139167,20.26901632878861],[-98.10417316069595,20.281662629870862],[-98.07156973722755,20.279514762371804],[-98.06560383554748,20.274618198436755],[-98.07588567649299,20.256562476279925],[-98.07587055907429,20.24106172303648]]]}},{"type":"Feature","properties":{"clues":"SCCSA003054"},"geometry":{"type":"Polygon","coordinates":[[[-98.0864374002947,19.567389519333613],[-98.09514343663197,19.576200166801527],[-98.08144549857609,19.586359340033713],[-98.08647621272848,19.594128866834186],[-98.094584807777,19.59662027508219],[-98.09473509986708,19.604028753399735],[-98.09188170916022,19.610965231896003],[-98.08445157969436,19.62082313643802],[-98.07121422929728,19.62813176907012],[-98.0615238309374,19.636068726790338],[-98.04191779445813,19.63236964531429],[-98.03482176825938,19.623022662885894],[-98.05045076262614,19.613733469776875],[-98.05320774997132,19.606491396956425],[-98.05163963353887,19.598751458684568],[-98.05938090035025,19.59859883183732],[-98.06175604938952,19.596326048024316],[-98.06101055842261,19.589214823948765],[-98.0747729675884,19.590381288497728],[-98.07757111230609,19.586657084759974],[-98.07277155258645,19.57999483436113],[-98.0725805159825,19.576864547546325],[-98.0864374002947,19.567389519333613]]]}},{"type":"Feature","properties":{"clues":"VZIMS002763"},"geometry":{"type":"Polygon","coordinates":[[[-98.0017681110283,20.923629535754053],[-98.00428971799137,20.935468679677157],[-98.0100701076401,20.940248800954897],[-98.01719367315401,20.94139273344605],[-98.00835607300924,20.964081583730138],[-98.01265948818147,20.97216118152677],[-98.01299142176286,20.993436828321155],[-97.98490402532876,21.005480984161775],[-97.97961842488024,21.00990686788855],[-97.94477096404277,20.98520278171314],[-97.93993183034786,20.967949125238782],[-97.9446442190079,20.96076525793785],[-97.94413618107399,20.954253090240112],[-97.94611075612787,20.95236122884241],[-97.96897609816375,20.94167389217811],[-97.98025771401717,20.943776497381744],[-97.98694885441945,20.93387847880473],[-98.0017681110283,20.923629535754053]]]}},{"type":"Feature","properties":{"clues":"NTIMB001094"},"geometry":{"type":"Polygon","coordinates":[[[-105.30700250454612,21.789099317763526],[-105.33516782866032,21.777461621602303],[-105.33898992003137,21.773010581020923],[-105.38403693114235,21.767042481985648],[-105.3842805443876,21.7887316449997],[-105.36706056234473,21.824062381840452],[-105.351717347633,21.819115648779615],[-105.34209233447638,21.819314969442267],[-105.33461642900122,21.820089573796512],[-105.32740414472231,21.827720722437817],[-105.31839638404611,21.826159919240173],[-105.30590588316123,21.812960021848703],[-105.30700250454612,21.789099317763526]]]}},{"type":"Feature","properties":{"clues":"NTIMB000761"},"geometry":{"type":"Polygon","coordinates":[[[-105.2622422293198,21.583982664863836],[-105.2664621069121,21.57698825809791],[-105.28431451580997,21.570205540300027],[-105.30409202225668,21.567537677823086],[-105.32011328439174,21.586588238441184],[-105.34608458248248,21.599623315698775],[-105.2881449945667,21.61596447802099],[-105.2888659183723,21.627010147928736],[-105.28546480479241,21.65005183620403],[-105.23042714205786,21.638184112449558],[-105.22017274053863,21.621329467046248],[-105.2622422293198,21.583982664863836]]]}},{"type":"Feature","properties":{"clues":"NTIMS000762"},"geometry":{"type":"Polygon","coordinates":[[[-105.20294998964094,22.0455675666807],[-105.19311562073395,22.045196067327794],[-105.17635687019956,22.01505979437977],[-105.1885610370697,22.00128519070175],[-105.21346942500945,22.008977235778097],[-105.20294998964094,22.0455675666807]]]}},{"type":"Feature","properties":{"clues":"NTIMB000756"},"geometry":{"type":"Polygon","coordinates":[[[-105.14016749301807,21.389443336372967],[-105.14517833558753,21.419055786269674],[-105.12178064584623,21.452207048859886],[-105.09919279795965,21.4515204287801],[-105.0863278730202,21.44758786442564],[-105.08723822011994,21.411225561841132],[-105.10392979849749,21.391744779589377],[-105.12498257810002,21.38943630925146],[-105.14016749301807,21.389443336372967]]]}},{"type":"Feature","properties":{"clues":"NTIMB000452"},"geometry":{"type":"Polygon","coordinates":[[[-104.7840393254588,21.329417885559366],[-104.77727879523434,21.293688098833698],[-104.79506077047903,21.269034480307617],[-104.83898213932811,21.297898777663573],[-104.84587198074121,21.30703437113141],[-104.84050700821257,21.32704324737902],[-104.8434767027305,21.34257506788454],[-104.84864202206016,21.349591545229686],[-104.87921252114131,21.35868215035237],[-104.86317084229799,21.38541458325176],[-104.84169964098005,21.3854205084632],[-104.83839536162462,21.38647297642521],[-104.82541120688587,21.362267656780652],[-104.82006312110029,21.35921822981335],[-104.79150985717072,21.370062987707954],[-104.7829485956175,21.36673073604374],[-104.78961626346918,21.338369476085976],[-104.7840393254588,21.329417885559366]]]}},{"type":"Feature","properties":{"clues":"NTIMB002190"},"geometry":{"type":"Polygon","coordinates":[[[-104.60798761500955,21.72948421611901],[-104.61106972540443,21.729912215023592],[-104.63539173462244,21.751582728844518],[-104.62112626455912,21.78746624857569],[-104.62694041698957,21.804559915566223],[-104.64404297095574,21.821482457747067],[-104.64755510438502,21.839645126815192],[-104.6142609138979,21.883956723951606],[-104.60315168332333,21.89314506228276],[-104.59696882145306,21.89026268398796],[-104.5515040194029,21.886909170027337],[-104.53832952429882,21.884296289538394],[-104.52126719194315,21.89387142365921],[-104.49999625969005,21.894979867552614],[-104.45456978000621,21.86907447667984],[-104.44559727078133,21.832888726675026],[-104.41799340232272,21.81392186791273],[-104.41179899596187,21.798692206595472],[-104.47797757653277,21.75119480576147],[-104.51983635038223,21.759323143563623],[-104.53258049882969,21.73733548624949],[-104.5472617470248,21.737697742015794],[-104.56706179337739,21.74345512465124],[-104.5855904209261,21.74084528379937],[-104.60798761500955,21.72948421611901]]]}},{"type":"Feature","properties":{"clues":"SCCSA001667"},"geometry":{"type":"Polygon","coordinates":[[[-104.40201788981662,21.11364454747328],[-104.40387100280327,21.07932832314477],[-104.41715226563308,21.070511340925048],[-104.42543822202896,21.098537215184095],[-104.42530078132242,21.10343663519758],[-104.40201788981662,21.11364454747328]]]}},{"type":"Feature","properties":{"clues":"NTIMB000213"},"geometry":{"type":"Polygon","coordinates":[[[-104.29523263182197,20.685257245964515],[-104.26649125942497,20.709760687352695],[-104.25902308542119,20.717860511186213],[-104.25371620709429,20.720719326658166],[-104.21450453023455,20.69267949724785],[-104.20900782793676,20.683884945049346],[-104.21181481069063,20.671502288596052],[-104.21972091624522,20.665418929814077],[-104.27041221039853,20.660487686433243],[-104.29092469506914,20.654317616537558],[-104.31035428935456,20.65328345326865],[-104.31347057832402,20.65569467338026],[-104.29523263182197,20.685257245964515]]]}},{"type":"Feature","properties":{"clues":"ZSIMS001584"},"geometry":{"type":"Polygon","coordinates":[[[-103.47325349051586,21.647554782404445],[-103.47067107595761,21.65059347629232],[-103.47386279591343,21.680085562445655],[-103.4472554205886,21.695668246644818],[-103.44455636263561,21.69236872247397],[-103.44108278149996,21.67979462066071],[-103.40937855481009,21.666044680063617],[-103.40735438936696,21.669997458601518],[-103.36466102046944,21.678027950945893],[-103.36318773501519,21.669913778886368],[-103.36685124437538,21.65250713400028],[-103.39762474545758,21.650495831300393],[-103.41004417351961,21.65685584637149],[-103.41521002336306,21.65211275098708],[-103.42202636699648,21.633474438214588],[-103.42819583803826,21.625505298278224],[-103.4386107421913,21.6161607796894],[-103.47403676014076,21.610545991783198],[-103.49324304729443,21.585630196251472],[-103.51881021621223,21.591020935671406],[-103.52666124420563,21.6258139621181],[-103.51095366207802,21.65712562724104],[-103.47325349051586,21.647554782404445]]]}},{"type":"Feature","properties":{"clues":"MNIMS002710"},"geometry":{"type":"MultiPolygon","coordinates":[[[[-103.02805868364796,20.12123133805925],[-103.05192142326655,20.112859460632095],[-103.0291742993115,20.134332658809516],[-103.02805868364796,20.12123133805925]]],[[[-102.88150659341191,20.23310656918754],[-102.88299025230131,20.132047320561018],[-102.88529117529703,20.129822911358872],[-102.91397443674474,20.141556972860243],[-102.94103193279408,20.136764100629463],[-102.9449016060331,20.146776663772084],[-102.92777330167546,20.23739639040752],[-102.88150659341191,20.23310656918754]]]]}},{"type":"Feature","properties":{"clues":"MNIMB002074"},"geometry":{"type":"Polygon","coordinates":[[[-102.84964895084644,20.091199601753395],[-102.86875730520174,20.08320747585604],[-102.87908130191862,20.08616064797789],[-102.88951821283463,20.096193395869687],[-102.88529117529703,20.129822911358872],[-102.88299025230131,20.132047320561018],[-102.88150659341191,20.23310656918754],[-102.85234904396467,20.233459041397136],[-102.80672723793495,20.222258501240443],[-102.80799845264454,20.212620889337767],[-102.83499919091317,20.152721560630336],[-102.83140324741774,20.138169240643403],[-102.82522299434633,20.125220744103345],[-102.81968273572011,20.121830817302534],[-102.81267647085069,20.122721398555832],[-102.78532048782287,20.1381611468446],[-102.7746784928618,20.12151904705935],[-102.77850564768833,20.11225590310625],[-102.77029715429394,20.09847678265039],[-102.77044414331012,20.091628895510528],[-102.77400967848702,20.08579102907435],[-102.79048075436246,20.072895070443128],[-102.8056607882982,20.077466994771843],[-102.80916377225293,20.075699551641485],[-102.81781597854197,20.07794890534747],[-102.82571959960518,20.084621492692577],[-102.8404349759741,20.092403919608238],[-102.84964895084644,20.091199601753395]]]}},{"type":"Feature","properties":{"clues":"MNIMS003101"},"geometry":{"type":"Polygon","coordinates":[[[-102.55259459605337,19.814188036610535],[-102.55731920316191,19.825450842631184],[-102.51592957917156,19.863819860877122],[-102.51083901590334,19.86706955486612],[-102.49926529524039,19.86510790867474],[-102.47208982270033,19.878140731248894],[-102.46657758153515,19.849544998399253],[-102.46088239256524,19.845165892330073],[-102.44127866633112,19.85968848577289],[-102.42184077996241,19.820241368867286],[-102.43663225574859,19.803912392853434],[-102.44796433681842,19.80809742823146],[-102.475236175055,19.810608565220686],[-102.48652934187426,19.816136897771592],[-102.49944159384887,19.812791557424152],[-102.50648492891675,19.800800581245145],[-102.55259459605337,19.814188036610535]]]}},{"type":"Feature","properties":{"clues":"MNIMB003556"},"geometry":{"type":"Polygon","coordinates":[[[-102.52519477749087,19.078470511624694],[-102.5215528340344,19.082019898872883],[-102.51963764613134,19.09112636020062],[-102.5242409611002,19.09973089370384],[-102.52380015722329,19.111587631789682],[-102.51550880537721,19.116685846498164],[-102.52184778254426,19.12637500362674],[-102.52400393309934,19.13494157165958],[-102.51750899301733,19.143170855926645],[-102.48858193558699,19.12813345756317],[-102.48854602641538,19.11882317653516],[-102.4847356677891,19.11642540042279],[-102.46361020214059,19.11477545657918],[-102.45206872241295,19.123421454791956],[-102.43895464941225,19.120008047311057],[-102.4319232928864,19.112590391549478],[-102.43164775859017,19.10939971985693],[-102.43489098511152,19.103772685218377],[-102.43913458327563,19.099902846564813],[-102.4446658744334,19.079981140390675],[-102.44528878655994,19.0737493586759],[-102.44337252627446,19.06831010231672],[-102.44671644712778,19.06300003507702],[-102.48887302207102,19.056462129445194],[-102.49144027975227,19.071606340989124],[-102.52652347496662,19.060116279243875],[-102.52519477749087,19.078470511624694]]]}},{"type":"Feature","properties":{"clues":"SCCSA003511"},"geometry":{"type":"Polygon","coordinates":[[[-102.34459653185124,22.597245708803555],[-102.31840527938044,22.61111591807521],[-102.30642306703115,22.60804768418512],[-102.30343188908613,22.593785144572152],[-102.29570741318622,22.582408693559444],[-102.30398385455202,22.567607340389667],[-102.32264498520075,22.566188127228447],[-102.32836219579482,22.55925348530939],[-102.35614321186335,22.538796813913166],[-102.36662787615609,22.537865872494205],[-102.37487157999041,22.554530084770036],[-102.38248752163979,22.558431300352023],[-102.39277891620958,22.57337613292975],[-102.40083777092067,22.580199169246832],[-102.39743345355006,22.623036072978397],[-102.3848182097703,22.622102756233677],[-102.37630866006245,22.623737188158636],[-102.35976559788294,22.61843078630937],[-102.35264760996284,22.59881320435482],[-102.34459653185124,22.597245708803555]]]}},{"type":"Feature","properties":{"clues":"MNIMB003561"},"geometry":{"type":"Polygon","coordinates":[[[-102.32018798896625,18.96844690043821],[-102.3227165013564,18.967600233713963],[-102.33473113544348,18.979926364278203],[-102.35519544282711,18.98569588990447],[-102.36095604709999,19.01196336304656],[-102.36094584177025,19.01432817226605],[-102.34169527343963,19.02906615959907],[-102.34344536032138,19.041903442990225],[-102.33859834097532,19.051283245628884],[-102.33771576343426,19.057099622405758],[-102.3338575526837,19.063044780502384],[-102.3312055140384,19.063782393410694],[-102.32348219136345,19.059368221172655],[-102.32380446358073,19.055438130692043],[-102.32257719394468,19.053837959479534],[-102.29980968170058,19.058841803445326],[-102.298413409169,19.056888781626387],[-102.32110019261019,19.04777596187002],[-102.31884398140014,19.040750237264543],[-102.30518056621054,19.04454515126647],[-102.31573240325399,19.019834105829652],[-102.29018668822772,19.043639906206167],[-102.29547779126456,19.053919106953433],[-102.27027715282937,19.07371312953441],[-102.26828728949377,19.075961038456136],[-102.26943800360746,19.08101426982878],[-102.24466467417614,19.096328455091747],[-102.23771356505205,19.076487425164757],[-102.21868588311278,19.060112632777823],[-102.22581876107184,19.04888572917196],[-102.2407443376961,19.03702561960459],[-102.23219765701215,19.014503961045516],[-102.22399121948693,19.01606214538575],[-102.220453339216,19.012391026793107],[-102.22057689729151,19.010620027710747],[-102.21475523368213,19.007917112463534],[-102.21393905316502,19.004854862836012],[-102.22594783796261,19.001415697090067],[-102.2243726498128,19.00694671881913],[-102.23220704490114,19.01410966970815],[-102.24197860691694,19.000758611652785],[-102.25277258851801,18.997969461389154],[-102.25074124855581,18.97356939833543],[-102.25434770146832,18.973056208853382],[-102.27653184087683,18.983215312676347],[-102.2889507172622,18.964491752734077],[-102.32018798896625,18.96844690043821]]]}},{"type":"Feature","properties":{"clues":"MNIMS000762"},"geometry":{"type":"Polygon","coordinates":[[[-102.2916973161303,19.138323488984874],[-102.30349552824825,19.128520108327777],[-102.31698911004815,19.128242627421574],[-102.33725328476541,19.13129024220264],[-102.3477374505379,19.137289147340358],[-102.36336263537316,19.149577917654785],[-102.37276310349907,19.163025691316175],[-102.35258854264985,19.180845602602755],[-102.36701665400403,19.217410981837993],[-102.36433924026434,19.22061536048311],[-102.35514847282373,19.22101919970212],[-102.33518837545272,19.206842463055708],[-102.32594125218627,19.213995033671292],[-102.3173315545233,19.214120232778132],[-102.30304011350022,19.23347497057488],[-102.30010388064709,19.235366351042746],[-102.28556577720322,19.223794451279375],[-102.29273203803643,19.19527464328782],[-102.28507855670857,19.178212662116028],[-102.28770865801577,19.16744770640084],[-102.28652406870502,19.15178213141873],[-102.2916973161303,19.138323488984874]]]}},{"type":"Feature","properties":{"clues":"MNIMS001240"},"geometry":{"type":"Polygon","coordinates":[[[-102.16483096213827,19.664621448371157],[-102.17066100798029,19.655766651369973],[-102.19636742454784,19.652189624819766],[-102.20792693361652,19.661565376181933],[-102.22025904680072,19.679195400429045],[-102.2414601916096,19.704984686764586],[-102.24313358227813,19.709100755044055],[-102.23991676339358,19.718855432129708],[-102.22993612765151,19.739339436431223],[-102.1936042043772,19.749761586067056],[-102.14758676933562,19.70693502341033],[-102.14909246460172,19.698115208017768],[-102.16483096213827,19.664621448371157]]]}},{"type":"Feature","properties":{"clues":"MNIMS003562"},"geometry":{"type":"Polygon","coordinates":[[[-102.14280361102728,19.470444854230774],[-102.14920176657881,19.463622025604057],[-102.16303875071365,19.459266137615348],[-102.19945467338609,19.45804233814907],[-102.2028460539596,19.461721121220748],[-102.21020999502943,19.48002187243212],[-102.18782009728591,19.500729030594357],[-102.15968310513465,19.53871440358341],[-102.1489372497554,19.55868997098999],[-102.14940429268925,19.569685343994955],[-102.1397266971932,19.57726489082901],[-102.09662760391305,19.56771073186185],[-102.09153272548775,19.530681506202008],[-102.07894586904372,19.528071071279584],[-102.08301964541207,19.520424930139114],[-102.08826036453469,19.51782816387322],[-102.08806422866012,19.51337598853116],[-102.08098588263128,19.508279003043363],[-102.08150789136604,19.50400784363441],[-102.07688155596226,19.495293432603397],[-102.09693908954503,19.48856522680365],[-102.10058544155171,19.489681238560184],[-102.10902889497642,19.499417256015743],[-102.13020030083537,19.497780967755503],[-102.13212401382171,19.494526220145904],[-102.11141508573567,19.477471212838687],[-102.10750136555627,19.479763224291087],[-102.10116957602824,19.48791885118074],[-102.10009647543015,19.466396793038893],[-102.10821918245225,19.462371186038094],[-102.11265057593921,19.465073394306483],[-102.14280361102728,19.470444854230774]]]}},{"type":"Feature","properties":{"clues":"MNIMS001351"},"geometry":{"type":"Polygon","coordinates":[[[-102.05209260332892,19.85290206006024],[-102.05756883311513,19.85110458354138],[-102.06230879157978,19.857423429472767],[-102.07973742384507,19.8922203855056],[-102.05196124357161,19.89155344088954],[-102.04664803267559,19.86872804915804],[-102.05367060845346,19.85860653825535],[-102.05209260332892,19.85290206006024]]]}},{"type":"Feature","properties":{"clues":"SCCSA003558"},"geometry":{"type":"Polygon","coordinates":[[[-101.90565861397383,22.61761481534614],[-101.89143977141786,22.592242367235603],[-101.90127877908776,22.561041215784464],[-101.91813615068767,22.571457446517023],[-101.92765522718662,22.573829631719267],[-101.9382316842554,22.585495290047227],[-101.94344647056944,22.595403133061485],[-101.97126193347664,22.607000062927455],[-101.97972846752106,22.612956484560986],[-101.97565190208537,22.61591085635259],[-101.94916039179884,22.67938233092867],[-101.93364370314333,22.67094931257931],[-101.93208624565996,22.66180725305828],[-101.93599061625694,22.63732293267609],[-101.90565861397383,22.61761481534614]]]}},{"type":"Feature","properties":{"clues":"MNIMB000213"},"geometry":{"type":"Polygon","coordinates":[[[-101.58147198661935,19.241697066313584],[-101.59363453505999,19.239861734053907],[-101.5958642954293,19.241291436944007],[-101.60316632690017,19.257145307670022],[-101.6405016498675,19.254834979458952],[-101.64730835543297,19.271002959024372],[-101.64330307096687,19.286707473194763],[-101.62318987088389,19.299816591609737],[-101.61986628924579,19.30764444633512],[-101.58767905048751,19.31350513337117],[-101.57604992178885,19.331830685130672],[-101.56465837663166,19.338208254488467],[-101.55611441798362,19.33964652628703],[-101.55216279195119,19.273508100460592],[-101.55640351973061,19.27237508297608],[-101.58147198661935,19.241697066313584]]]}},{"type":"Feature","properties":{"clues":"SCCSA003526"},"geometry":{"type":"Polygon","coordinates":[[[-101.56688561388913,22.058279119295083],[-101.54373511625019,22.076824108687628],[-101.5336355787377,22.07603393201685],[-101.52707027729437,22.06771347842271],[-101.49395300162824,22.073488342759028],[-101.46507315046674,22.047278677147148],[-101.46898485573524,22.0247156362102],[-101.52123888770029,22.0323296161975],[-101.52329417354083,22.034033419459988],[-101.53518548364276,22.034753953676567],[-101.54883670493881,22.027378402580048],[-101.56968492104515,22.03775420759137],[-101.57031021813587,22.057843182877086],[-101.56688561388913,22.058279119295083]]]}},{"type":"Feature","properties":{"clues":"MNIMS001614"},"geometry":{"type":"Polygon","coordinates":[[[-100.67479225524633,19.369290531439802],[-100.68176064358808,19.356363368978386],[-100.70571678127494,19.37837469297934],[-100.71407951904844,19.357924739584938],[-100.72704866709023,19.347184080222394],[-100.76676554164162,19.34996146794391],[-100.77287249214824,19.362798737745504],[-100.76970693581399,19.369767856828858],[-100.74116054365841,19.388763076043862],[-100.74262423990571,19.392411053541114],[-100.73972579499078,19.41723389664913],[-100.74317850811822,19.42883657095122],[-100.74057767417827,19.430887427098256],[-100.71300454662776,19.42855651009253],[-100.70935863326365,19.43416099214401],[-100.71494386499077,19.45464260882919],[-100.71657607017967,19.471333861673294],[-100.69386084403499,19.483857395540014],[-100.68427305324612,19.47776051246617],[-100.66667246600424,19.491377736876792],[-100.66411850276924,19.49153010391231],[-100.6557335542621,19.478075557828657],[-100.64538761986736,19.47958785738956],[-100.63667338045992,19.470610771396256],[-100.6256389790329,19.46230487479672],[-100.62305459697819,19.46113282889482],[-100.6023030084085,19.46230379880627],[-100.60453959109968,19.444322779247827],[-100.60333241164547,19.441191042896698],[-100.59481471627564,19.430800151911736],[-100.58993005940033,19.428598846020503],[-100.5802122915038,19.41923216095341],[-100.6038950295538,19.406392910436065],[-100.61324643363835,19.404509557289515],[-100.61623826660431,19.40973759757172],[-100.623021840788,19.414796889504466],[-100.64529980734773,19.411010234013773],[-100.6468845617057,19.40256030883688],[-100.6453056199377,19.39430550164349],[-100.65035732256156,19.387328609077272],[-100.65075747110266,19.38104757971624],[-100.64626137823204,19.36174031721535],[-100.66650289911198,19.371729326661512],[-100.67479225524633,19.369290531439802]]]}},{"type":"Feature","properties":{"clues":"MNIMB002506"},"geometry":{"type":"Polygon","coordinates":[[[-100.19021915175848,19.780971030463817],[-100.19336857216634,19.791351803101026],[-100.19267998951608,19.7945996887995],[-100.1868675969928,19.80008194108694],[-100.18713368969517,19.80260415878847],[-100.19142122225459,19.81142711094949],[-100.20211775762954,19.812537224234497],[-100.20238851352927,19.83469735815464],[-100.19553780934308,19.83519636309142],[-100.18884317204592,19.831697437042724],[-100.17409206914657,19.83973858938719],[-100.1709763512397,19.85007551208877],[-100.16199696739999,19.85207718550787],[-100.14920465936555,19.83822642189204],[-100.14394818240794,19.835835350076824],[-100.14022168951014,19.83088236154578],[-100.14621664112074,19.81631104046758],[-100.14751211581238,19.80617642906998],[-100.15165585767551,19.801327307341975],[-100.15951168866229,19.79898957715674],[-100.16842758382771,19.79397871189391],[-100.1724065059179,19.794441339350506],[-100.17787411213197,19.79015256149919],[-100.17474958941071,19.77896446518134],[-100.19021915175848,19.780971030463817]]]}},{"type":"Feature","properties":{"clues":"MCIMB010685"},"geometry":{"type":"Polygon","coordinates":[[[-100.1215007784205,19.509166057860824],[-100.1277374444745,19.507177779703444],[-100.13226754461739,19.51224006117598],[-100.1328828658157,19.51611748311821],[-100.14155245946333,19.525291602101465],[-100.15089300587756,19.51986420818614],[-100.15838417546003,19.523242308854417],[-100.15827245039308,19.530996707144954],[-100.15700263611798,19.532834042549016],[-100.14129240356982,19.532456196120894],[-100.13892135102279,19.53601808902401],[-100.13203535914134,19.53406004485273],[-100.12429308404455,19.539774258128745],[-100.12246863249645,19.539841664346326],[-100.11934609645664,19.534910966853044],[-100.10866529817828,19.535866139326632],[-100.10442197844786,19.543994337047234],[-100.08198179414896,19.550272940397672],[-100.07727383217407,19.54021805734614],[-100.08365086885335,19.526712126490587],[-100.10810805231056,19.526135208936406],[-100.11023586974537,19.52261741973222],[-100.11377350284765,19.52158830018724],[-100.1215007784205,19.509166057860824]]]}},{"type":"Feature","properties":{"clues":"MCIMB008240"},"geometry":{"type":"MultiPolygon","coordinates":[[[[-100.12345462560752,19.693688102464137],[-100.12879133678221,19.694626400685408],[-100.12113917796724,19.706596684643962],[-100.12558836954196,19.713659515885094],[-100.12063903343734,19.72136311406695],[-100.11150980225501,19.729360750531296],[-100.10477902674151,19.72750250132395],[-100.1015451982468,19.71523652748753],[-100.09360045753066,19.716416510888756],[-100.0849767088128,19.70747115421708],[-100.09387372878581,19.701469709377943],[-100.09538054468315,19.699046095142826],[-100.10514720407525,19.69743194431025],[-100.11014324193518,19.704637306079654],[-100.12345462560752,19.693688102464137]]],[[[-100.07166098687185,19.725360028001976],[-100.09212706725229,19.71888373073522],[-100.09248785148311,19.733680706344366],[-100.08562252057118,19.735834860257082],[-100.07166098687185,19.725360028001976]]]]}},{"type":"Feature","properties":{"clues":"MCIMB007622"},"geometry":{"type":"Polygon","coordinates":[[[-100.0277638075658,19.496953584601137],[-100.03887171952422,19.48628744770696],[-100.04399662610825,19.49858531056082],[-100.04913741737322,19.49896786840282],[-100.0603493415233,19.51007559516742],[-100.05638780590189,19.517565058965893],[-100.06262128892605,19.5321872719712],[-100.04197806203263,19.539746652564705],[-100.03628235325132,19.53785377555797],[-100.03135230528973,19.541802137491647],[-100.01699392370458,19.53910531040341],[-100.01364194820891,19.53604490141425],[-100.0183852918645,19.527286001399194],[-100.01656850829242,19.515442818932886],[-100.00520484499607,19.518183734080864],[-100.0026929899178,19.515339305560158],[-100.00424454324344,19.498716298332088],[-100.01011273701246,19.497196410586394],[-100.01908400846436,19.51237163720899],[-100.02247712231811,19.511902145555172],[-100.0280022709145,19.500243438982483],[-100.0277638075658,19.496953584601137]]]}},{"type":"Feature","properties":{"clues":"MCIMB005563"},"geometry":{"type":"Polygon","coordinates":[[[-99.99409503899633,19.812855098270486],[-100.00389524580724,19.810345247806396],[-100.01560440377338,19.820110353397368],[-100.01474931656954,19.82453687540903],[-100.02538921425568,19.83775691936994],[-100.02424089085771,19.842022722229817],[-100.01726180918455,19.850864283915552],[-100.00375614231625,19.835792014181067],[-99.99638929098239,19.837603426709865],[-99.99334507964684,19.836670043840417],[-99.99078429509446,19.83075835519292],[-99.99576079801744,19.821321739872868],[-99.99409503899633,19.812855098270486]]]}},{"type":"Feature","properties":{"clues":"MCIMB007704"},"geometry":{"type":"Polygon","coordinates":[[[-100.00695123650718,19.551942210513587],[-99.98929131186934,19.559645476957677],[-99.98698503089896,19.548537819942343],[-99.99900024998942,19.533926805415227],[-100.00414881974116,19.536252506426997],[-100.00695123650718,19.551942210513587]]]}},{"type":"Feature","properties":{"clues":"MCIMB004711"},"geometry":{"type":"Polygon","coordinates":[[[-99.9668798155978,19.64143402137136],[-99.97026939389171,19.63505089798627],[-99.97947679412884,19.630650480184723],[-99.99471906052858,19.638897902746034],[-100.00007161911087,19.65629169091022],[-99.99569951984923,19.664911123628357],[-99.99745515438082,19.671624760762548],[-99.99027598925052,19.687468527891216],[-99.97749352853403,19.69235611390058],[-99.9729221022024,19.703626509897756],[-99.97081159615684,19.705425328969234],[-99.9682416759965,19.704970367471965],[-99.95928847090883,19.695134992800767],[-99.95921789990628,19.68526324778617],[-99.96549090515927,19.68245512466062],[-99.96743146457788,19.6698887862791],[-99.97851003288936,19.660930612594644],[-99.96832610686663,19.649978450349472],[-99.9668798155978,19.64143402137136]]]}},{"type":"Feature","properties":{"clues":"MCIMB005650"},"geometry":{"type":"Polygon","coordinates":[[[-99.84068057007867,19.1204661704849],[-99.85181089047325,19.10803350842233],[-99.86676750003825,19.094484415511207],[-99.89333991283979,19.096969021681605],[-99.90713602305534,19.124896101475656],[-99.90496375439325,19.13072834946449],[-99.90576192501905,19.148517057628855],[-99.89099806935285,19.161039942284287],[-99.86974398474965,19.15525697777366],[-99.86239682247243,19.13452210429213],[-99.84068057007867,19.1204661704849]]]}},{"type":"Feature","properties":{"clues":"MCIMB011875"},"geometry":{"type":"Polygon","coordinates":[[[-99.86859251421437,19.8169911802431],[-99.88241743133368,19.80174156913975],[-99.89087498799122,19.8017394907869],[-99.89258697916387,19.81129110892424],[-99.89943247099647,19.809817045162347],[-99.90385764691443,19.811370251137884],[-99.90038549860233,19.82980135724808],[-99.9012011579067,19.831892857849315],[-99.89142512698703,19.83977333587522],[-99.88134843451246,19.840211645390404],[-99.87334016108561,19.83252266420042],[-99.8708244218214,19.83188427338533],[-99.86859251421437,19.8169911802431]]]}},{"type":"Feature","properties":{"clues":"MCIMB007511"},"geometry":{"type":"Polygon","coordinates":[[[-99.69792182109498,18.929701421445884],[-99.69340664495677,18.939001656781677],[-99.67617194794046,18.94371039249232],[-99.67149920802353,18.936278243219274],[-99.66721585695628,18.91417877958211],[-99.68461519804129,18.905400236975527],[-99.68839059665467,18.90762530504786],[-99.7073157475978,18.907897108074025],[-99.71181849527264,18.9195321028482],[-99.69792182109498,18.929701421445884]]]}},{"type":"Feature","properties":{"clues":"MCIMB008351"},"geometry":{"type":"Polygon","coordinates":[[[-99.6584551176267,19.255907138547975],[-99.67116296638112,19.255669891271936],[-99.6745501144218,19.256714128288767],[-99.67596746860497,19.260053703761983],[-99.67440111526192,19.26536356854457],[-99.67003853978625,19.27200876370204],[-99.66347422279836,19.27350333069513],[-99.66135168044204,19.289123014977474],[-99.65354876689133,19.2863858186778],[-99.6593063332937,19.281203265554986],[-99.65751952208907,19.278902635502313],[-99.6523282613089,19.278925402871906],[-99.64737821478077,19.273817275247925],[-99.64213762502983,19.27237899019563],[-99.64043476242587,19.26892451636091],[-99.64229760295443,19.265576531352316],[-99.63848261574384,19.263247758687864],[-99.63507929786901,19.266605950627834],[-99.63128055306362,19.262205661978847],[-99.63554627556196,19.26034059693415],[-99.63853111037108,19.261782481184717],[-99.63983701546469,19.260150996731564],[-99.63636899097497,19.25644758308307],[-99.63654281529466,19.251537515877416],[-99.64009183089242,19.250834027776943],[-99.64266729839504,19.253048589184534],[-99.64298711496805,19.256756260128334],[-99.64942389188457,19.256108084579594],[-99.65071832631634,19.2588803002712],[-99.65554009849059,19.259324507731144],[-99.6584551176267,19.255907138547975]]]}},{"type":"Feature","properties":{"clues":"MCIMB003154"},"geometry":{"type":"Polygon","coordinates":[[[-99.62396089690131,19.556426958545433],[-99.63994027775759,19.55379770920767],[-99.64141113999789,19.556219185345025],[-99.65720414815472,19.560394766738675],[-99.65861134371507,19.56656105858223],[-99.6569619000799,19.57355724239378],[-99.65260152400758,19.57488863791882],[-99.64480965549396,19.582426426127988],[-99.63909197652535,19.583109253270305],[-99.62645766160261,19.58019830556221],[-99.62090536298717,19.58156707672246],[-99.61642201071588,19.574345670839854],[-99.62427641892576,19.56407064244331],[-99.62396089690131,19.556426958545433]]]}},{"type":"Feature","properties":{"clues":"MCIMB003376"},"geometry":{"type":"Polygon","coordinates":[[[-99.55051014845482,19.039366027838103],[-99.5435336946898,19.05276910861422],[-99.54071530075096,19.05523606871843],[-99.53901097738144,19.068779871327088],[-99.53391964293698,19.078843844600556],[-99.49847715461853,19.07597271930394],[-99.48786328046751,19.080071361887487],[-99.47486689918281,19.062225640010432],[-99.49412929982026,19.024982018353953],[-99.51671422300637,19.023096529801933],[-99.52098828779918,19.02398383587585],[-99.54063539067991,19.030080123120857],[-99.55051014845482,19.039366027838103]]]}},{"type":"Feature","properties":{"clues":"MCIMB004986"},"geometry":{"type":"MultiPolygon","coordinates":[[[[-99.53335981551885,19.250064488841595],[-99.5385783350568,19.250117850536228],[-99.54252403818938,19.25462188089361],[-99.54337958991403,19.26144169203893],[-99.53784735077652,19.26643610416519],[-99.53142033111982,19.262901368530308],[-99.53050371151288,19.25997590642496],[-99.53335981551885,19.250064488841595]]],[[[-99.5154771720816,19.25792085597934],[-99.52663127842236,19.259734260004045],[-99.52232830552607,19.269020543176385],[-99.51522619167403,19.263931236495864],[-99.5154771720816,19.25792085597934]]]]}},{"type":"Feature","properties":{"clues":"MCIMB011991"},"geometry":{"type":"Polygon","coordinates":[[[-99.5241967299402,19.370259646755045],[-99.51555395081353,19.375501705659048],[-99.50075187503921,19.362600985012147],[-99.49883026046444,19.37885262873503],[-99.49317217927342,19.37650286877672],[-99.4895328915395,19.370240722736977],[-99.47876845991397,19.375061770089157],[-99.46693762097614,19.370323276871236],[-99.46662535328608,19.367499087720756],[-99.48421969582111,19.36155070125096],[-99.4910413646415,19.367763609726126],[-99.50044827751171,19.362113455345167],[-99.50109765435693,19.35548747614838],[-99.52391405694428,19.346737723722917],[-99.52678818829811,19.348492153634602],[-99.531127686064,19.357983376682782],[-99.5241967299402,19.370259646755045]]]}},{"type":"Feature","properties":{"clues":"MCIMB007733"},"geometry":{"type":"Polygon","coordinates":[[[-99.4467141428031,19.412018795156055],[-99.45336020530321,19.41571852434772],[-99.46060187055883,19.413147163751322],[-99.46908561852342,19.414643175930884],[-99.46691812554302,19.422550247775728],[-99.47319997158392,19.42701068578634],[-99.4800281296818,19.423591144210906],[-99.48351942528355,19.42753985075152],[-99.48278901729309,19.436654922406262],[-99.48065374791177,19.43845740639751],[-99.47194430534945,19.434044214209294],[-99.46253976632616,19.43740540614526],[-99.46074699547393,19.44154629625573],[-99.44858324639539,19.43790225086676],[-99.443740901295,19.44386413268338],[-99.42738186905459,19.447862021662306],[-99.416165686673,19.45278564564949],[-99.41604257404995,19.443629452251407],[-99.43398315990905,19.422293560465878],[-99.43654160429192,19.409372183200286],[-99.4467141428031,19.412018795156055]]]}},{"type":"Feature","properties":{"clues":"MSIMB002095"},"geometry":{"type":"Polygon","coordinates":[[[-99.23330462099302,18.93583314146197],[-99.22797996357656,18.934413696844768],[-99.23184326837249,18.927089670100965],[-99.23858143365584,18.929123279471078],[-99.24223342406235,18.940668550150278],[-99.24764608341003,18.936548989855716],[-99.25310010224425,18.93676666412509],[-99.25655466528835,18.943800497571875],[-99.25611102258338,18.945544000694795],[-99.24973598400486,18.94951606012147],[-99.24194856254388,18.941160330124863],[-99.23855848609948,18.942363184108586],[-99.23330462099302,18.93583314146197]]]}},{"type":"Feature","properties":{"clues":"MSIMB000560"},"geometry":{"type":"Polygon","coordinates":[[[-99.21890414604475,18.918815635785077],[-99.22165350942946,18.915182251731377],[-99.22908995008792,18.91893424640391],[-99.23197738380986,18.922880058743228],[-99.23184326837249,18.927089670100965],[-99.22797996357656,18.934413696844768],[-99.22209684651409,18.931402111042765],[-99.22499292802271,18.92530586377002],[-99.22379621769792,18.923262318514382],[-99.2204434408201,18.92265903469779],[-99.21890414604475,18.918815635785077]]]}},{"type":"Feature","properties":{"clues":"MCIMB009582"},"geometry":{"type":"Polygon","coordinates":[[[-98.93109956857566,19.33082640844813],[-98.93820368436604,19.335643757978378],[-98.93497067636773,19.3414310504431],[-98.93255386128082,19.340416039095476],[-98.9236914464749,19.34239176134704],[-98.9186389574094,19.33481600992524],[-98.9226390467913,19.332123393158053],[-98.92202010304887,19.327361433338943],[-98.92382707111533,19.325340219170442],[-98.93187878735947,19.32514058513407],[-98.93109956857566,19.33082640844813]]]}},{"type":"Feature","properties":{"clues":"MCIMB002483"},"geometry":{"type":"Polygon","coordinates":[[[-98.91694522738372,19.3111872696413],[-98.92195602599,19.309593624346107],[-98.92246851678752,19.31133344087589],[-98.92810491137767,19.314822985153505],[-98.93330794692234,19.31410215148975],[-98.93416907600708,19.317211916435845],[-98.92960859230062,19.322186632360363],[-98.93029440070701,19.324431567743623],[-98.92382707111533,19.325340219170442],[-98.92202010304887,19.327361433338943],[-98.91991573294496,19.326508009704465],[-98.91913275618927,19.3229251273475],[-98.91494619790623,19.325109537999513],[-98.91362334235394,19.323733594621736],[-98.91694522738372,19.3111872696413]]]}},{"type":"Feature","properties":{"clues":"MCIMB009005"},"geometry":{"type":"Polygon","coordinates":[[[-98.86782942081679,19.47317798242554],[-98.86840368348184,19.468875128687944],[-98.8750485250911,19.46547371536997],[-98.87725643345006,19.461143263958665],[-98.88831224645135,19.462915367767014],[-98.88754580310702,19.465811082894707],[-98.8909662709286,19.476757603957505],[-98.89481386726696,19.481923036017797],[-98.8960505047371,19.493659872472843],[-98.88206868997266,19.493486950097367],[-98.87669802650379,19.48897011617044],[-98.87387589971222,19.483715277040577],[-98.87417759890756,19.4768514313067],[-98.86782942081679,19.47317798242554]]]}},{"type":"Feature","properties":{"clues":"SCCSA001472"},"geometry":{"type":"Polygon","coordinates":[[[-102.84219365357853,18.284191160856356],[-102.85044405752646,18.3098043036474],[-102.85374002121418,18.309292317101324],[-102.8739054037552,18.313614688706],[-102.88617123259357,18.327777670584595],[-102.86407666526624,18.348674691913775],[-102.86676367049354,18.376487298538756],[-102.88910099705383,18.385737856174767],[-102.89196538337228,18.422544913479914],[-102.88454359542543,18.427202631824695],[-102.87243858419126,18.44357578659527],[-102.87185553722419,18.450149443188064],[-102.87796016063773,18.47656076845238],[-102.86070912667525,18.49104690925174],[-102.84640391393938,18.488243516251483],[-102.8359977965652,18.492212736363832],[-102.82883384248642,18.490611237534825],[-102.80501433970517,18.467930100041023],[-102.79078293426791,18.490380581641094],[-102.78496590396263,18.495624771637676],[-102.76269771769148,18.49629375995373],[-102.74099333577745,18.491284878294195],[-102.73407148937638,18.493054498748165],[-102.69914648175967,18.4920093127178],[-102.67701759788883,18.478243910490455],[-102.67886897735147,18.470730923845423],[-102.70047923836259,18.438855448824274],[-102.67450092850318,18.385709489428013],[-102.67369599115061,18.381058681769282],[-102.69580982760937,18.3712541156662],[-102.70403978795368,18.36594716978792],[-102.7175098787832,18.371073788086512],[-102.7354922272846,18.36490482661864],[-102.7361597623564,18.310258867764954],[-102.7265892428613,18.304623228434],[-102.7321286578118,18.29588784963405],[-102.73223683787236,18.28452958415306],[-102.76739470359989,18.281756930535877],[-102.77939990832417,18.268361948367158],[-102.78256652236246,18.266696827469236],[-102.79546210734591,18.271469467510897],[-102.8139618908117,18.261631722010943],[-102.83521709349705,18.265385613740264],[-102.84789543996891,18.27211871677227],[-102.84219365357853,18.284191160856356]]]}},{"type":"Feature","properties":{"clues":"MNIMB002984"},"geometry":{"type":"Polygon","coordinates":[[[-100.82495683649307,19.8402204974949],[-100.82892667496428,19.836323364407086],[-100.8368477332607,19.835913910477824],[-100.84385782995786,19.83408361870958],[-100.84627571177403,19.83195819341394],[-100.86264372705362,19.828581622065105],[-100.86898076516617,19.834458346879586],[-100.85373567368683,19.87189944177566],[-100.85597415101074,19.880074414230336],[-100.85188615683252,19.887246161198856],[-100.84210765391141,19.88855791970326],[-100.82627153206755,19.882112876557787],[-100.81818113187902,19.88104657400976],[-100.80697013075573,19.88576912846198],[-100.79471767369142,19.874728442382438],[-100.79855420242134,19.866009698768824],[-100.79817135299005,19.860923776960846],[-100.80358962817742,19.854253649014165],[-100.81617770993857,19.853828717970273],[-100.81967600462282,19.85812466562352],[-100.82334154090734,19.858458618395446],[-100.8262978613269,19.854944951819355],[-100.82304567780047,19.849650962765942],[-100.82495683649307,19.8402204974949]]]}},{"type":"Feature","properties":{"clues":"TSIMB002042"},"geometry":{"type":"Polygon","coordinates":[[[-99.13668580682241,23.72366054201842],[-99.13997144611295,23.7141621073545],[-99.14408609690295,23.713190623233274],[-99.15116804712257,23.723212761408075],[-99.14864826033435,23.72998731963783],[-99.14438280173378,23.728298768006894],[-99.14401515783948,23.724434249306395],[-99.13668580682241,23.72366054201842]]]}},{"type":"Feature","properties":{"clues":"TSIMS000672"},"geometry":{"type":"Polygon","coordinates":[[[-98.66766951455874,24.820181003799565],[-98.71029899887438,24.79467819885017],[-98.72646975256684,24.77813044437159],[-98.72937619197761,24.872971612464188],[-98.74171941792247,24.887171180287023],[-98.75332448497821,24.90697263627598],[-98.75753223296043,24.921071227070875],[-98.75462378850634,24.926949867422806],[-98.76155714557304,24.95422905246426],[-98.77272168583248,24.96701546149183],[-98.77839408306237,24.978583946676412],[-98.7758946883888,24.98669045957214],[-98.75293987994061,24.99145831878241],[-98.74065961613078,25.00144673829387],[-98.74174360623199,25.02678497920581],[-98.73560379288604,25.037402292089208],[-98.69612612579826,24.98286807627552],[-98.67918587774902,24.981053843937726],[-98.66671969981932,24.966725244228225],[-98.63868422451507,24.9492816275149],[-98.58334639885621,24.932581754530037],[-98.57875214560043,24.93528895636931],[-98.5469935312347,24.882888916068833],[-98.54687453328404,24.873277900446713],[-98.56277999679493,24.863309566126034],[-98.57872028433745,24.840036560333743],[-98.58494088890566,24.834359991203307],[-98.61235665017433,24.854167441845888],[-98.63832981655278,24.837865283240166],[-98.64648183989947,24.841090198231974],[-98.66766951455874,24.820181003799565]]]}},{"type":"Feature","properties":{"clues":"TSIMS001063"},"geometry":{"type":"Polygon","coordinates":[[[-98.65907388799802,24.961105412390612],[-98.66671969981932,24.966725244228225],[-98.67918587774902,24.981053843937726],[-98.69612612579826,24.98286807627552],[-98.73560379288604,25.037402292089208],[-98.73435668055514,25.043821608487278],[-98.7162780542055,25.063640743706475],[-98.71334762801223,25.072904499765453],[-98.66074989821853,25.091567426479862],[-98.65744069645949,25.09842957119227],[-98.61109119772591,25.102996536379884],[-98.60239523797954,25.081946871347093],[-98.62124987467254,25.04709764162796],[-98.62064740479244,25.04420377286116],[-98.60933901099729,25.032882148491503],[-98.54811872508768,25.042619769479188],[-98.52187553396868,25.02697394549899],[-98.5323883961177,24.978870629068524],[-98.55982595458609,24.9660890931289],[-98.56985489525954,24.95079812456351],[-98.57373344903323,24.941746884340183],[-98.57875214560043,24.93528895636931],[-98.58334639885621,24.932581754530037],[-98.63868422451507,24.9492816275149],[-98.651025739558,24.957747180152417],[-98.65907388799802,24.961105412390612]]]}},{"type":"Feature","properties":{"clues":"TSIMS000754"},"geometry":{"type":"Polygon","coordinates":[[[-98.47886244882511,24.82666482747955],[-98.49672521499909,24.820228385922817],[-98.51249055476912,24.783172673727147],[-98.54422617336454,24.781806827207156],[-98.5820662937559,24.78470122551696],[-98.58211360665176,24.805180724510215],[-98.5858092779557,24.83074604266877],[-98.58494088890566,24.834359991203307],[-98.57872028433745,24.840036560333743],[-98.56277999679493,24.863309566126034],[-98.54687453328404,24.873277900446713],[-98.5469935312347,24.882888916068833],[-98.57875214560043,24.93528895636931],[-98.55982595458609,24.9660890931289],[-98.5323883961177,24.978870629068524],[-98.5183201052591,24.96465328586368],[-98.42654389067275,24.973870586438473],[-98.41938838969108,24.965450318654824],[-98.4142222767065,24.95014146256096],[-98.39464624632087,24.933522568927984],[-98.39152848903407,24.91682850021473],[-98.3946371278891,24.91199856568451],[-98.44160079327378,24.878927805761872],[-98.46768030926499,24.897048655143855],[-98.46890220424751,24.89658419547141],[-98.47495193112948,24.884450698258686],[-98.46950296465974,24.868775616962377],[-98.47987827406737,24.84319644744511],[-98.47886244882511,24.82666482747955]]]}},{"type":"Feature","properties":{"clues":"OCIMS003880"},"geometry":{"type":"Polygon","coordinates":[[[-97.88293341594287,16.044438390763997],[-97.94098036722903,16.08701408619317],[-97.97168130114623,16.10617607644504],[-97.96493248270554,16.11683711009822],[-97.96304463461064,16.144278911898382],[-97.93931851403806,16.177862067581298],[-97.94771239589302,16.188654708045075],[-97.95019737804402,16.194874220074112],[-97.94363868850434,16.211981622658744],[-97.93444083789379,16.21745190651685],[-97.93071172033419,16.229556784729272],[-97.94127884665272,16.254372772653376],[-97.93632001762681,16.270738625757353],[-97.9205376144736,16.2693172358604],[-97.88393777002662,16.26219023399367],[-97.8736129954113,16.24797900418315],[-97.88098364298237,16.22897735739664],[-97.88380013320544,16.210777665412728],[-97.88170514347225,16.17292095773437],[-97.85341645146106,16.14223073123537],[-97.85235771739954,16.137231955939775],[-97.84397555364606,16.127596788326283],[-97.83971663638856,16.10422509558845],[-97.83956273225735,16.094138401399622],[-97.83391875305409,16.077153471319733],[-97.8441615156472,16.018760949371366],[-97.88293341594287,16.044438390763997]]]}},{"type":"Feature","properties":{"clues":"OCIMS000602"},"geometry":{"type":"Polygon","coordinates":[[[-97.98996065206772,17.072231402486835],[-97.98151169784752,17.079656776866184],[-97.97052277291372,17.080892711646353],[-97.96214113836923,17.10423542341234],[-97.96440692753959,17.113613479559408],[-97.96144085983455,17.122609086810108],[-97.92402476424157,17.1052238616194],[-97.93049356221321,17.099135122438664],[-97.94169880418814,17.094783232053327],[-97.94777116081268,17.076921967748962],[-97.94086158859353,17.069937976288944],[-97.94171119982991,17.064114434144212],[-97.93473201484801,17.05537544180494],[-97.93840763199218,17.045008761602194],[-97.93078668750353,17.041198446313754],[-97.93197117403767,17.03515733181142],[-97.93460707214344,17.033848223125656],[-97.93663135766816,17.025968109866508],[-97.94109788776915,17.021875933628248],[-97.94866140946576,17.02721146817926],[-97.97831070269892,17.011410061974818],[-97.99398211879662,17.016884315073263],[-97.9882898842458,17.028505202478456],[-97.98517778837422,17.045531780835788],[-97.98996065206772,17.072231402486835]]]}},{"type":"Feature","properties":{"clues":"OCIMB006744"},"geometry":{"type":"Polygon","coordinates":[[[-97.9080001989206,17.024997023200235],[-97.91907055413942,17.02090919192841],[-97.92995920763353,17.010551737419288],[-97.9371501677957,17.010003537058587],[-97.94109788776915,17.021875933628248],[-97.93663135766816,17.025968109866508],[-97.93344373425441,17.02619293735984],[-97.92893204784782,17.028867436794403],[-97.92901812954528,17.0326625300116],[-97.93197117403767,17.03515733181142],[-97.93078668750353,17.041198446313754],[-97.92465152489645,17.044034110459545],[-97.92131194345649,17.04873124525201],[-97.92277975212968,17.05292730771944],[-97.91532896892883,17.070303184056346],[-97.89732070212386,17.07715644111135],[-97.89467189040745,17.075628525473824],[-97.88712704213043,17.05823585999246],[-97.88416850881694,17.055429890864346],[-97.87968454045462,17.03597425030316],[-97.90789065216359,17.026183624071834],[-97.9080001989206,17.024997023200235]]]}},{"type":"Feature","properties":{"clues":"OCIMS004143"},"geometry":{"type":"Polygon","coordinates":[[[-97.90434105431832,16.74555911673309],[-97.89045612971155,16.776753240402126],[-97.8667645206248,16.775163047813646],[-97.8603420640337,16.76643171619093],[-97.85763283782079,16.755285109825692],[-97.85912719963383,16.734153968498536],[-97.8659608336106,16.72852938910588],[-97.88636397014571,16.72057699918557],[-97.90434105431832,16.74555911673309]]]}},{"type":"Feature","properties":{"clues":"OCIMS003513"},"geometry":{"type":"Polygon","coordinates":[[[-97.83668023693569,16.28572020628899],[-97.85592584101204,16.248635170643258],[-97.8736129954113,16.24797900418315],[-97.88393777002662,16.26219023399367],[-97.88379657909607,16.276700789974214],[-97.85198823867744,16.316477139387565],[-97.85839454863807,16.3243267611446],[-97.85047610073325,16.329113690157048],[-97.836152987439,16.332837271059038],[-97.83783289199934,16.33611416133325],[-97.84961050124743,16.329760639694072],[-97.83847814693618,16.341493332865774],[-97.83716892595285,16.339284243359764],[-97.81436490056012,16.332312388951244],[-97.82212200704228,16.31293224687222],[-97.80024237795,16.29692063744863],[-97.77276274265557,16.286873946407585],[-97.76949944331616,16.28394762401453],[-97.76534233685138,16.275680252906223],[-97.81029040624838,16.240216558200686],[-97.81721279885559,16.268543402276688],[-97.82426595970284,16.278916262607783],[-97.83486066971835,16.273803717919257],[-97.82799817200238,16.284311624656414],[-97.83668023693569,16.28572020628899]]]}},{"type":"Feature","properties":{"clues":"OCIMS003274"},"geometry":{"type":"Polygon","coordinates":[[[-97.66712819591248,18.054818275113146],[-97.66149708296311,18.043311082372817],[-97.67822108031652,18.026019842673776],[-97.6831104678775,18.00834804351067],[-97.7302979598028,17.99801532496206],[-97.73961772215448,18.025036960420827],[-97.74727930379146,18.03194687497042],[-97.75029440361538,18.068306605633058],[-97.74079178657671,18.080920909622172],[-97.7302852695919,18.08664885807836],[-97.71593196450902,18.082575365372804],[-97.69970647120445,18.091431395220805],[-97.68450638421017,18.075957166978707],[-97.67068686142606,18.05679902288067],[-97.66712819591248,18.054818275113146]]]}},{"type":"Feature","properties":{"clues":"OCIMB005455"},"geometry":{"type":"Polygon","coordinates":[[[-97.72522121928972,17.61275850136266],[-97.71018090509715,17.647653689154243],[-97.69649208029631,17.65642863650561],[-97.66707017800853,17.6482334854255],[-97.65863283464553,17.634799760399165],[-97.66437971746006,17.61588281709025],[-97.66691403059295,17.583891427104216],[-97.67503519514246,17.564928112325646],[-97.68128717792756,17.564455180235203],[-97.70624519337193,17.573651333933782],[-97.71661279116496,17.5787523567998],[-97.73616624540581,17.5935489238543],[-97.72522121928972,17.61275850136266]]]}},{"type":"Feature","properties":{"clues":"SCCSA001914"},"geometry":{"type":"Polygon","coordinates":[[[-97.4902549299327,15.957262603469333],[-97.52088336953516,15.967402578915591],[-97.53138169805698,15.969210112444305],[-97.53570042042348,15.969012617104136],[-97.53655702600645,15.967461208257095],[-97.54546513327118,15.964936699343351],[-97.5527248689562,15.96470470232142],[-97.55599781713573,15.962516788855487],[-97.55921278262629,15.963290499412809],[-97.53298967959354,15.988795298006098],[-97.51281603287828,15.980659532522726],[-97.4905494832024,15.966298848873466],[-97.4902549299327,15.957262603469333]]]}},{"type":"Feature","properties":{"clues":"OCIMS004394"},"geometry":{"type":"Polygon","coordinates":[[[-97.61138706032834,16.45292577696982],[-97.62676443030087,16.459852414711857],[-97.64671672084157,16.464709831350753],[-97.64996920794864,16.510468976729065],[-97.64227081492264,16.51646054823297],[-97.62834025349497,16.523981178266414],[-97.60581982102865,16.52718101423942],[-97.58806043770944,16.53444999110415],[-97.5781283226185,16.5300706432004],[-97.54966158526528,16.48047408421945],[-97.55470261261638,16.474531293109894],[-97.56478820534628,16.472551933769378],[-97.58726228720259,16.460187393261148],[-97.59838658017732,16.459293770139737],[-97.61138706032834,16.45292577696982]]]}},{"type":"Feature","properties":{"clues":"OCIMB005682"},"geometry":{"type":"Polygon","coordinates":[[[-97.55462581178583,17.706406056640727],[-97.5553448575274,17.7114892645632],[-97.56910917523533,17.731001935941425],[-97.57511153846626,17.74477279535468],[-97.58594690584395,17.7453397435175],[-97.61302244922058,17.79202361952638],[-97.59296758923624,17.795836529907483],[-97.57632889368294,17.803068009148344],[-97.55826900599318,17.76729288364732],[-97.55378189688263,17.769563554956115],[-97.53906502112305,17.77282096358234],[-97.5342111377427,17.77904575773106],[-97.52259575170726,17.78048847701162],[-97.50732960098495,17.796496237445083],[-97.50372717236993,17.804745131330677],[-97.46935581805792,17.782812605672767],[-97.46996135268206,17.778105719442365],[-97.47964045437149,17.76228655381856],[-97.47850186756243,17.75101199249758],[-97.46757300420926,17.730683762390566],[-97.47436963871222,17.72752510999598],[-97.50241293604972,17.70650995780774],[-97.50715008486559,17.70486556724548],[-97.51427125336279,17.7068413468471],[-97.5494713383086,17.703270518462034],[-97.55462581178583,17.706406056640727]]]}},{"type":"Feature","properties":{"clues":"OCIMB003623"},"geometry":{"type":"Polygon","coordinates":[[[-97.43705972063628,15.944454361291113],[-97.4902549299327,15.957262603469333],[-97.4905494832024,15.966298848873466],[-97.48820742308224,15.972476892861165],[-97.49425214401569,15.990994923999104],[-97.49668166236886,16.005787566097677],[-97.51852893190963,16.02952675832553],[-97.51975220029237,16.04160757298648],[-97.52375368180533,16.055340035104436],[-97.49740321903195,16.080376783304885],[-97.4678249185502,16.066562036925916],[-97.46186174300263,16.037574586798748],[-97.459822611258,16.034150510904688],[-97.44465561705009,16.021562708519717],[-97.44248180839409,16.02117670637026],[-97.43539336957265,16.02864574254078],[-97.43990728159378,16.05448436319639],[-97.44866830623344,16.065145807362285],[-97.43075653828875,16.062968398480596],[-97.39206987222421,16.06316775058011],[-97.37802578010249,16.059866182045198],[-97.37270852008272,16.032614877621135],[-97.36618664882427,16.026873307002933],[-97.37765851392588,15.98629127986842],[-97.38144701796446,15.984823048087303],[-97.3864983904648,15.97947269029479],[-97.40971091297064,15.971039744786891],[-97.4056395965394,15.958040699960534],[-97.43421324621607,15.94738364732887],[-97.43705972063628,15.944454361291113]]]}},{"type":"Feature","properties":{"clues":"OCIMS004090"},"geometry":{"type":"Polygon","coordinates":[[[-97.46758923977907,16.871087406760928],[-97.48418235460701,16.84714371092999],[-97.49977988289541,16.844165976757875],[-97.50662396532759,16.831946357575013],[-97.52140833202941,16.832775252588466],[-97.5427477684933,16.845370408077592],[-97.52683910717357,16.86908362508865],[-97.53615593834965,16.87816851978369],[-97.5286432685333,16.891765338983465],[-97.51432005519753,16.89339749245046],[-97.51246096130001,16.90741959444178],[-97.50095303130601,16.907774636720102],[-97.49837517760788,16.888342592345797],[-97.47829038493623,16.89042208754875],[-97.47519030908265,16.880179852758662],[-97.46758923977907,16.871087406760928]]]}},{"type":"Feature","properties":{"clues":"OCIMB003705"},"geometry":{"type":"Polygon","coordinates":[[[-97.49240762906835,17.46633977859277],[-97.49547740570708,17.480404066608674],[-97.50375931823436,17.490045222302047],[-97.50673844390582,17.502430402857012],[-97.50633504936702,17.51163959934481],[-97.51113787640894,17.52711174760942],[-97.49756140708844,17.54153718254342],[-97.50324893382779,17.555567645359496],[-97.50039049201506,17.574111614468578],[-97.47958461204624,17.60049339343642],[-97.47171032459713,17.59562201080535],[-97.45932503612114,17.57559746773727],[-97.45594255745891,17.55120596304332],[-97.45769224925591,17.546878404929153],[-97.46967579331671,17.535519224965498],[-97.46821690620318,17.52751413758093],[-97.44614838848047,17.512338834246652],[-97.4439819276392,17.51234041661556],[-97.43306526241848,17.529491079678674],[-97.41172090145305,17.526253188372312],[-97.40708132614422,17.524136157057104],[-97.40112277781938,17.515355785333718],[-97.40090998744152,17.51309168327767],[-97.41248627614104,17.49100918918812],[-97.40166731926972,17.4530870940064],[-97.41630978831455,17.429214414766957],[-97.41278150774319,17.406875487129255],[-97.40786640863938,17.3938384633386],[-97.41601933917369,17.372432700452123],[-97.43717566023227,17.349390794210223],[-97.4566099118639,17.36472836304353],[-97.46681817350954,17.386771366211235],[-97.46814983869882,17.411959148720488],[-97.46378127760103,17.43476612262594],[-97.47751670200445,17.461150783750643],[-97.49240762906835,17.46633977859277]]]}},{"type":"Feature","properties":{"clues":"OCIMB006773"},"geometry":{"type":"Polygon","coordinates":[[[-97.48591762592903,17.170484875035832],[-97.46172309952618,17.19186817741326],[-97.45766628449923,17.19309515861965],[-97.44633528128404,17.191552398817514],[-97.42626090363446,17.164801573214504],[-97.42956734667888,17.130678134831545],[-97.4642397227406,17.11773622442949],[-97.48798651717807,17.145402719452576],[-97.48591762592903,17.170484875035832]]]}},{"type":"Feature","properties":{"clues":"OCIMS001652"},"geometry":{"type":"Polygon","coordinates":[[[-97.36055553206927,16.78777828715113],[-97.38068510648152,16.790810067922],[-97.38854306363653,16.856447332144732],[-97.39668644382985,16.86641907113361],[-97.39482305370882,16.875349213509203],[-97.40557319797418,16.902235054656856],[-97.41027100411723,16.906011700576983],[-97.42286169646924,16.940587106949902],[-97.41892586805982,16.952191961534172],[-97.38283954039105,16.970573025688427],[-97.36679036124265,16.965109395338924],[-97.35657601976429,16.944138006844167],[-97.33513753040386,16.93624564161598],[-97.30660067470836,16.96892818702806],[-97.30466889710013,16.967936010537734],[-97.3009983428042,16.956931988573825],[-97.29974709033434,16.938639123174614],[-97.2924341356271,16.93381232676922],[-97.28880961506059,16.928073763473286],[-97.28441964574043,16.897176946252884],[-97.27852693098674,16.89372297088117],[-97.27751600509862,16.870665291278907],[-97.28046229815932,16.867363226348807],[-97.28200335182444,16.80208074401063],[-97.28951035811346,16.79808769313079],[-97.32156765686074,16.76975178264514],[-97.36055553206927,16.78777828715113]]]}},{"type":"Feature","properties":{"clues":"OCIMS004995"},"geometry":{"type":"Polygon","coordinates":[[[-97.3858123151431,17.453050938488335],[-97.40166731926972,17.4530870940064],[-97.41248627614104,17.49100918918812],[-97.40090998744152,17.51309168327767],[-97.40708132614422,17.524136157057104],[-97.40154096868564,17.553686460990402],[-97.39210224322326,17.55470879145607],[-97.37159795973143,17.573845766446425],[-97.36632660725334,17.572505238123295],[-97.3576302866254,17.58819520834403],[-97.33724129557537,17.58782341885159],[-97.33687769319049,17.577523374358606],[-97.32175487914704,17.567155125463053],[-97.32059537422921,17.563062217198574],[-97.29968498376391,17.55131224177281],[-97.29826014055605,17.540164470271893],[-97.31610871225357,17.506989759249926],[-97.32141756048743,17.50463265897995],[-97.33105422853988,17.48269005821446],[-97.33110262981,17.478624582227248],[-97.33628674896555,17.47472830984479],[-97.35376439472599,17.48247499020911],[-97.36431986729912,17.481492042199577],[-97.3858123151431,17.453050938488335]]]}},{"type":"Feature","properties":{"clues":"OCIMS002685"},"geometry":{"type":"Polygon","coordinates":[[[-97.33513753040386,16.93624564161598],[-97.35657601976429,16.944138006844167],[-97.36679036124265,16.965109395338924],[-97.38283954039105,16.970573025688427],[-97.38842067285466,17.000820070349974],[-97.39615897335615,17.021285378782707],[-97.39791062929591,17.030238079824336],[-97.35280791371201,17.083077397236163],[-97.34057022339098,17.079176635037456],[-97.3194098586718,17.018148983793786],[-97.32157102546024,17.002702655779764],[-97.319318267438,16.978091149590355],[-97.30660067470836,16.96892818702806],[-97.33513753040386,16.93624564161598]]]}},{"type":"Feature","properties":{"clues":"OCIMB004405"},"geometry":{"type":"Polygon","coordinates":[[[-97.37039185228622,17.648272971442378],[-97.37173119810608,17.650535463227346],[-97.3602558092325,17.673696680207982],[-97.34131474894603,17.688208685089375],[-97.31067963594127,17.668542726514715],[-97.3246971137187,17.64981242481367],[-97.37039185228622,17.648272971442378]]]}},{"type":"Feature","properties":{"clues":"PLIMB003950"},"geometry":{"type":"Polygon","coordinates":[[[-97.32108949843877,18.376188265206572],[-97.32287163492016,18.357743736723155],[-97.34969401104834,18.361542271142323],[-97.35113565267677,18.374263378302643],[-97.35634260295507,18.37971140908561],[-97.34687923409204,18.396565294912108],[-97.35207908681834,18.407292273111636],[-97.3480168718136,18.41551945924111],[-97.33472474090742,18.413191063257198],[-97.32203524268796,18.422973916129877],[-97.31833684315582,18.413473475452303],[-97.31284118591797,18.40654797301535],[-97.31155048139016,18.400231815081238],[-97.29207501200969,18.399068383004973],[-97.292270919901,18.39188450875453],[-97.29988745814121,18.385657947872158],[-97.31901803263762,18.388750725728727],[-97.32195931662163,18.38453871559344],[-97.32263066550654,18.38056653729856],[-97.32108949843877,18.376188265206572]]]}},{"type":"Feature","properties":{"clues":"SCCSA001783"},"geometry":{"type":"Polygon","coordinates":[[[-97.33447520625367,16.297493892385052],[-97.31737223955174,16.299577759465055],[-97.29125798309053,16.27718415242907],[-97.31453536880575,16.26632608256056],[-97.34294143639494,16.28055900260727],[-97.33447520625367,16.297493892385052]]]}},{"type":"Feature","properties":{"clues":"SCCSA001832"},"geometry":{"type":"Polygon","coordinates":[[[-97.29367234824596,16.07355054248008],[-97.29770563643297,16.079703643169964],[-97.31555907779584,16.086824527960335],[-97.32102443742929,16.09932044101808],[-97.32383064174928,16.11197595484683],[-97.28774528404762,16.1341260817958],[-97.28601209597237,16.140356933491265],[-97.2801612900284,16.14752759493839],[-97.27404833785549,16.151322237526053],[-97.26449257667842,16.142066158022043],[-97.25739310135127,16.12324355466974],[-97.24648803333483,16.11927505850592],[-97.23624585022016,16.12953415105136],[-97.23436239306594,16.12996512244039],[-97.22848378795356,16.11993935282355],[-97.23631881052002,16.110442319453156],[-97.23650624591124,16.1049176060602],[-97.24768531499991,16.099289643218317],[-97.24839891594698,16.096758033966886],[-97.24486839656723,16.074580771777235],[-97.24225255249321,16.071753331324455],[-97.25529583732967,16.05375568161458],[-97.26270535051428,16.04631170660985],[-97.27371813537266,16.050908237690976],[-97.27742682392707,16.057186479960965],[-97.2804139572929,16.072783092433408],[-97.29367234824596,16.07355054248008]]]}},{"type":"Feature","properties":{"clues":"OCIMB005110"},"geometry":{"type":"Polygon","coordinates":[[[-97.24756717794499,16.677015586569034],[-97.2253107367398,16.66034249164777],[-97.22136806250572,16.650667313980936],[-97.24065493486935,16.633591954962366],[-97.26212011416978,16.631950700163994],[-97.28375791085482,16.638247020593205],[-97.29027390225852,16.669130424506626],[-97.27424528374515,16.682513215141928],[-97.24756717794499,16.677015586569034]]]}},{"type":"Feature","properties":{"clues":"OCIMS003991"},"geometry":{"type":"Polygon","coordinates":[[[-97.04028882374341,16.59106064800873],[-97.02646172498706,16.57981696672618],[-97.02338674579063,16.572664354488392],[-97.01128083583917,16.575096579075435],[-96.9989571918577,16.585037573869908],[-96.99594534525392,16.56311223201132],[-96.9861419978974,16.560887033748884],[-96.975004490147,16.55575860634765],[-96.97431845536153,16.553934798883574],[-96.97791545494088,16.544278642036513],[-96.985985933157,16.545447031294465],[-96.9895302240481,16.542088052249238],[-97.00274011894258,16.546117173019464],[-97.00596709021043,16.550772079781794],[-97.02195850460208,16.548903220029093],[-97.02889317238235,16.54395764884799],[-97.0347443431583,16.530774165546873],[-97.04916817816564,16.518529934149857],[-97.06390178681379,16.521849460696835],[-97.10272414165506,16.504020017419204],[-97.10999952187052,16.5161142257694],[-97.1070895129502,16.54513105664765],[-97.1172098810975,16.559161411124027],[-97.11410366808572,16.636133802837257],[-97.09065790689706,16.606942729143153],[-97.05447078355323,16.587734848565617],[-97.04028882374341,16.59106064800873]]]}},{"type":"Feature","properties":{"clues":"OCIMB005933"},"geometry":{"type":"Polygon","coordinates":[[[-97.08102401389158,16.793019621834254],[-97.08145151960609,16.815687279391113],[-97.07860811764903,16.820795474449213],[-97.0774072921977,16.830262978744333],[-97.08820064518328,16.84296435064286],[-97.0885135204164,16.857968661659886],[-97.07323028438799,16.8868618122453],[-97.07159583765842,16.892816279522464],[-97.02932551769534,16.8937932837906],[-97.00526980454404,16.87601180287279],[-97.00492652780977,16.870211246462986],[-97.03304246110181,16.84571642183962],[-97.03467356641822,16.840794608842067],[-97.04525904865477,16.828330678141164],[-97.03687967251248,16.807447738216293],[-97.04631006269612,16.78824050068763],[-97.04308833936754,16.78288980559989],[-97.06802571678517,16.735934344788962],[-97.07298592220916,16.73290217118858],[-97.07629257928349,16.73823512205869],[-97.07378804554932,16.77536705640244],[-97.08498753544059,16.785666536295977],[-97.08102401389158,16.793019621834254]]]}},{"type":"Feature","properties":{"clues":"OCIMB001651"},"geometry":{"type":"Polygon","coordinates":[[[-96.97152034207677,17.404512393813754],[-96.97273382626972,17.38681248568165],[-96.97425874005202,17.38357596348163],[-96.98262225543439,17.379810949198585],[-97.0120247874029,17.390741685229468],[-97.02764138435703,17.405361600559168],[-97.04744252785592,17.41184707275939],[-97.04935118345003,17.414664584314366],[-97.03195108253065,17.438687274738236],[-97.03779937599788,17.449719720741772],[-97.05344487217664,17.464753357467416],[-97.05065931559791,17.479701903899816],[-97.05283982876732,17.484916130448248],[-97.04148191892747,17.5052814686349],[-97.02274914552872,17.50545825836869],[-97.0190859077002,17.481391278236803],[-97.00715089386355,17.474590132407716],[-96.99662060500589,17.463864686453856],[-96.98978946819479,17.454243079443895],[-96.98633795068804,17.452731702632533],[-96.97247429172528,17.43961343437597],[-96.97152034207677,17.404512393813754]]]}},{"type":"Feature","properties":{"clues":"SCCSA002226"},"geometry":{"type":"Polygon","coordinates":[[[-97.02303132055953,18.332785670985366],[-97.02923555074649,18.33646022193438],[-97.03039260580644,18.33882981119112],[-97.02175251132707,18.343323967363748],[-97.01692830451665,18.343851771217434],[-97.0071519879589,18.352464059782413],[-96.99729573793044,18.369129621517935],[-96.96817628922825,18.391118946194982],[-96.96769663376926,18.388465904684566],[-96.95546044268484,18.37121531985819],[-96.93708544627061,18.359387434045363],[-96.93285571759701,18.353891251210666],[-96.92471795060561,18.30200038137842],[-96.9441331779929,18.310372560656308],[-96.95552232247367,18.31139364053227],[-96.97877426124512,18.347447289596964],[-96.98813551771538,18.337806890228737],[-96.99085770796076,18.328636182361485],[-96.98981306396843,18.32213823987194],[-97.01099399937806,18.319546573553474],[-97.01417112567533,18.308969669053536],[-97.02588867538668,18.309619223651517],[-97.02924244719792,18.32303773629001],[-97.02134013909058,18.327736486304037],[-97.02303132055953,18.332785670985366]]]}},{"type":"Feature","properties":{"clues":"PLIMB004872"},"geometry":{"type":"Polygon","coordinates":[[[-96.98888225362626,18.428599850518516],[-96.99578658188707,18.43212556613381],[-97.00414443177789,18.440568658043745],[-97.00191551779675,18.467533625288397],[-97.00278573071218,18.46956552723464],[-96.9954976347887,18.478700310376908],[-96.98783677163618,18.477716856500212],[-96.97829688354501,18.46279367439515],[-96.9744584668738,18.459417198833858],[-96.96483172934866,18.464840753209824],[-96.96375823973088,18.464102603829122],[-96.9454675470891,18.42684477727092],[-96.96880050630315,18.395782073850857],[-96.97281348475187,18.39863271806674],[-96.98888225362626,18.428599850518516]]]}},{"type":"Feature","properties":{"clues":"SCCSA001741"},"geometry":{"type":"Polygon","coordinates":[[[-96.93947480226625,16.557188228660394],[-96.93976788493529,16.560241917039793],[-96.94613008136963,16.56771944089898],[-96.9596099656921,16.566834017355777],[-96.96342540953277,16.57121630943872],[-96.9734020648336,16.576909878363903],[-96.9834395563813,16.598210835409663],[-96.98922258635237,16.60424217078931],[-96.96641993859004,16.613773976090204],[-96.94225037219155,16.611113564185217],[-96.93723440016416,16.598013869985333],[-96.9139653255923,16.589704585391566],[-96.90824090689388,16.580735759664005],[-96.90329714671023,16.57695034403758],[-96.88414923319411,16.529916076406515],[-96.91557186758983,16.529282572949477],[-96.93947480226625,16.557188228660394]]]}},{"type":"Feature","properties":{"clues":"VZIMS004245"},"geometry":{"type":"MultiPolygon","coordinates":[[[[-96.94204160039429,18.593171964069054],[-96.92330857899383,18.588097113174843],[-96.93101057943397,18.57920149082913],[-96.93083296422544,18.576705031084497],[-96.93862441601293,18.56681859374785],[-96.9395224931826,18.561931481744264],[-96.94240544467377,18.560193488826467],[-96.95170304675115,18.56104733356059],[-96.9557957706646,18.564723763983658],[-96.95356732290047,18.57821861171929],[-96.95828591307276,18.5814853680985],[-96.96132481648355,18.590751626889947],[-96.96699428890872,18.592746544648556],[-96.96960335696872,18.595984278264282],[-96.9616535903915,18.608979907642173],[-96.94725954311359,18.615047423176645],[-96.94460483307456,18.60972591859681],[-96.93963738052577,18.607033594494577],[-96.93861322521694,18.603082525047363],[-96.94204160039429,18.593171964069054]]],[[[-96.95882943137805,18.62969742717757],[-96.95765237189599,18.627493519170983],[-96.95894783269388,18.62150223240162],[-96.9610284446942,18.619951012973356],[-96.96191781194615,18.609318139988844],[-96.97036207994998,18.612678352939437],[-96.97304966065214,18.623152155213305],[-96.96556489301996,18.627894248278288],[-96.95882943137805,18.62969742717757]]]]}},{"type":"Feature","properties":{"clues":"VZIMS006654"},"geometry":{"type":"Polygon","coordinates":[[[-96.90436174500755,18.611721020664152],[-96.91365669416005,18.606967156770455],[-96.91878465614025,18.61535965467387],[-96.9044216478956,18.622997388663105],[-96.90643835059984,18.632816025633094],[-96.8855493973329,18.63473404643693],[-96.87857449732734,18.627648704939308],[-96.86839475748967,18.62483918805085],[-96.86627269765273,18.621174204021735],[-96.86859627589587,18.615000787635537],[-96.8897454984707,18.60275480142525],[-96.8940157058744,18.602611007795556],[-96.89549621930739,18.608013644171304],[-96.90436174500755,18.611721020664152]]]}},{"type":"Feature","properties":{"clues":"SCCSA001805"},"geometry":{"type":"Polygon","coordinates":[[[-96.83868892954376,16.97658869384574],[-96.84563648462783,16.973692804967747],[-96.85683919260022,16.97343341619864],[-96.86743940208683,16.979200458978884],[-96.87692243628163,16.995824001799516],[-96.87391394435832,17.003669825179898],[-96.87801576622375,17.024292687446575],[-96.85755671886061,17.03772420672514],[-96.8424062885734,17.02679151849143],[-96.83232835228317,17.023579872597768],[-96.82851257533548,16.995991422894544],[-96.83868892954376,16.97658869384574]]]}},{"type":"Feature","properties":{"clues":"SCCSA001708"},"geometry":{"type":"Polygon","coordinates":[[[-96.85279586519874,18.049327237327752],[-96.86044024905623,18.04674719339766],[-96.86534273763176,18.047344649224257],[-96.86819407286463,18.04493101819627],[-96.87665189806975,18.042717847835576],[-96.88337155752855,18.049806013541772],[-96.88481996143358,18.05896715919854],[-96.87259874786407,18.06076175343414],[-96.87229129176947,18.063338550999095],[-96.87719294444169,18.071366790284795],[-96.88626640546622,18.073544130272662],[-96.88695583279879,18.080413593818196],[-96.87260871381422,18.078692022607438],[-96.86530564626287,18.080552112412455],[-96.86282274549582,18.078008618316346],[-96.8521481550715,18.07533357734397],[-96.83534673317587,18.079053289406552],[-96.82969665370145,18.078567967560762],[-96.81791714499552,18.064827852849593],[-96.81649220674518,18.05737955437529],[-96.82051112887898,18.04144507272984],[-96.84143743677829,18.05670806326469],[-96.85279586519874,18.049327237327752]]]}},{"type":"Feature","properties":{"clues":"OCIMB006440"},"geometry":{"type":"Polygon","coordinates":[[[-96.8105950861758,18.252984656390595],[-96.82064891677938,18.25634228676641],[-96.82151526255922,18.259829688689116],[-96.81982249487253,18.263725297730083],[-96.82176558897345,18.266790531294433],[-96.83548180506456,18.272841112382455],[-96.8359451629967,18.274320822961137],[-96.82420228243048,18.284953024921833],[-96.82382156764037,18.295383540824087],[-96.8213791888964,18.298086636221456],[-96.81583042237001,18.301543992192524],[-96.81406508739107,18.3011529681356],[-96.80866875476234,18.295605218381343],[-96.79493913006063,18.288776891634335],[-96.77935775714353,18.292614443450724],[-96.77488039254762,18.29643715482034],[-96.76171199140094,18.29134021071863],[-96.74710516795737,18.297665116300976],[-96.743859984326,18.296289127753706],[-96.73979022908159,18.287501923884296],[-96.75237191939377,18.275997733954124],[-96.75781859059155,18.275219472302922],[-96.76306556509657,18.26490762560098],[-96.77329113776945,18.26667934600201],[-96.7796346018077,18.264540210124736],[-96.78213801511622,18.25648859032379],[-96.79484089224395,18.24845634792356],[-96.80079578465332,18.256826756374505],[-96.8083911107642,18.255962874381265],[-96.8105950861758,18.252984656390595]]]}},{"type":"Feature","properties":{"clues":"OCIMB005793"},"geometry":{"type":"Polygon","coordinates":[[[-96.79516499587154,16.950722149982635],[-96.78854851296435,16.95059042217975],[-96.77987909728499,16.954017569213843],[-96.76535356067836,16.950055370564208],[-96.76493282368266,16.944349946676173],[-96.76833561331446,16.940760841021856],[-96.77594799938001,16.93932390219783],[-96.7746519202736,16.93572988397838],[-96.77635395342453,16.926244485800467],[-96.80146819276952,16.92493624183771],[-96.80764494234995,16.941476964853752],[-96.79516499587154,16.950722149982635]]]}},{"type":"Feature","properties":{"clues":"SCCSA001692"},"geometry":{"type":"Polygon","coordinates":[[[-96.75942608867028,18.214679937276472],[-96.75051614707185,18.220086889285767],[-96.74876552370198,18.219555608746603],[-96.74922621725294,18.1966154180837],[-96.76940461257361,18.191155542859924],[-96.77304794297939,18.19615763617473],[-96.77873815053904,18.199512134771634],[-96.7863435518761,18.214459257235127],[-96.77159917399695,18.22478247841235],[-96.76611847297335,18.215387881804325],[-96.75942608867028,18.214679937276472]]]}},{"type":"Feature","properties":{"clues":"OCIMS003402"},"geometry":{"type":"Polygon","coordinates":[[[-96.7127030767358,16.305815955177653],[-96.71630420367566,16.300829490256035],[-96.74169708349446,16.309424385615312],[-96.74912411566257,16.315525616050703],[-96.76434205210833,16.335282995243162],[-96.77300262896051,16.35381717383218],[-96.73975113427709,16.358802667688742],[-96.73392226475261,16.36444892154788],[-96.71845797678819,16.369751413278752],[-96.71184196955305,16.36007781925191],[-96.69571251558537,16.357297792096894],[-96.69425683991176,16.343055318645284],[-96.70573653446013,16.326931721209235],[-96.7127030767358,16.305815955177653]]]}},{"type":"Feature","properties":{"clues":"OCIMB005904"},"geometry":{"type":"Polygon","coordinates":[[[-96.75066512601838,16.927025233703116],[-96.7570018951737,16.93829936501404],[-96.76497745945943,16.935258670022208],[-96.76833561331446,16.940760841021856],[-96.76493282368266,16.944349946676173],[-96.76535356067836,16.950055370564208],[-96.76199583656809,16.951136267980583],[-96.75364978748618,16.947922644181837],[-96.75016417001473,16.95125725943981],[-96.74431069073175,16.95016301982378],[-96.73803591173409,16.941831941837314],[-96.74823799536556,16.942091274839523],[-96.75066512601838,16.927025233703116]]]}},{"type":"Feature","properties":{"clues":"OCIMS001594"},"geometry":{"type":"Polygon","coordinates":[[[-96.65830546038366,16.736047847822416],[-96.667943802824,16.73999143054301],[-96.66984827018614,16.74760025014073],[-96.67907408739325,16.742872597291974],[-96.69205295177763,16.746193109162895],[-96.69437052337302,16.752065482361974],[-96.70167162058509,16.75583721554431],[-96.70558505893445,16.7799369371623],[-96.68876062620433,16.774263806001894],[-96.68538976691686,16.76975017901903],[-96.67625635725436,16.7760747695773],[-96.67285863668481,16.772698554965036],[-96.68368617525556,16.759537445090057],[-96.66991375851141,16.756155256020698],[-96.66244719038319,16.76432891941743],[-96.66254137698931,16.773147819599544],[-96.65791507435202,16.777527258930895],[-96.65170122952892,16.767176360747325],[-96.64413826197487,16.765257276786883],[-96.64495520704172,16.761635230895],[-96.63960575917277,16.7488532285331],[-96.62917008097939,16.751558190944362],[-96.61597263346333,16.743974442870854],[-96.6248228418481,16.728987922917852],[-96.63952756409212,16.733077807953194],[-96.64166913539133,16.73238806430527],[-96.65432830591155,16.739504276428608],[-96.65830546038366,16.736047847822416]]]}},{"type":"Feature","properties":{"clues":"SCCSA001923"},"geometry":{"type":"Polygon","coordinates":[[[-96.68607183580139,16.912337716067654],[-96.69258543780325,16.91918277082115],[-96.69119585964344,16.92291406269533],[-96.69340194384503,16.92506906224702],[-96.69356567211734,16.928341127547565],[-96.68706295831595,16.928449644973046],[-96.68537350573683,16.938908608858235],[-96.67366067861578,16.948797741844846],[-96.66230351690562,16.951314685647382],[-96.65740372057749,16.927749294257065],[-96.64551690775886,16.91038165344641],[-96.64434139733832,16.900059606962408],[-96.64935204333018,16.893808887496917],[-96.67104707737836,16.890933783073915],[-96.69157051616125,16.8960487100771],[-96.69143919803822,16.901237162466515],[-96.68607183580139,16.912337716067654]]]}},{"type":"Feature","properties":{"clues":"OCIMB006551"},"geometry":{"type":"Polygon","coordinates":[[[-96.52033488204997,17.005699257724103],[-96.52851874700548,16.996562561987755],[-96.53470780995205,16.993407203560512],[-96.53661691868767,16.990338360781223],[-96.54663590837971,16.99122712766601],[-96.5524588931427,16.990082748870808],[-96.55427268146578,17.002908164877127],[-96.56236244685353,17.009121460587775],[-96.56447570462842,17.014212966581944],[-96.56254441860992,17.019931154084723],[-96.55664371281298,17.023657789140415],[-96.54970066087034,17.049232383946332],[-96.53936407437001,17.032729563860197],[-96.53139305627035,17.026135716282568],[-96.53066314443521,17.018462958467822],[-96.52741571589219,17.017655758906624],[-96.52224315349316,17.006519312225528],[-96.52033488204997,17.005699257724103]]]}},{"type":"Feature","properties":{"clues":"OCIMB000082"},"geometry":{"type":"Polygon","coordinates":[[[-96.44617247401303,18.547815532668835],[-96.44186381155075,18.539400464086825],[-96.45092035917693,18.523165212066598],[-96.4545035937213,18.52326272352484],[-96.48516966926918,18.534739034867698],[-96.48686495585049,18.53647762614554],[-96.48879073791863,18.54788081270552],[-96.51160248385933,18.565799871324963],[-96.50896186658602,18.5770719481092],[-96.51660642172679,18.59182512023787],[-96.50227182382267,18.60143239483916],[-96.47960137652368,18.588385541452],[-96.48172541274974,18.58029564511529],[-96.46410448695461,18.574534279039458],[-96.4562149979972,18.574160611259934],[-96.45533879836442,18.554647990398628],[-96.44617247401303,18.547815532668835]]]}},{"type":"Feature","properties":{"clues":"OCIMS002825"},"geometry":{"type":"Polygon","coordinates":[[[-96.42433635519706,18.281767631791173],[-96.45223451703598,18.275072667141217],[-96.47127112183783,18.250023806201508],[-96.507877714401,18.252729814902725],[-96.52053417321383,18.324405928391652],[-96.50990385050082,18.331945293835513],[-96.48520643747904,18.333401257794463],[-96.45043783995791,18.36546651511787],[-96.41999464785893,18.36054361214714],[-96.41707469179921,18.34762981592313],[-96.38881102986784,18.334125804804934],[-96.36793312197453,18.316861576824746],[-96.37214821068608,18.306845439591328],[-96.37640466403876,18.30284432231438],[-96.41130125573643,18.30137523050685],[-96.42433635519706,18.281767631791173]]]}},{"type":"Feature","properties":{"clues":"OCIMS002574"},"geometry":{"type":"Polygon","coordinates":[[[-96.39597551133538,15.990633671836264],[-96.4069216025547,15.989409312314224],[-96.42600731567839,15.99632950584945],[-96.43326941586392,16.00527920500235],[-96.43349478252293,16.021750995410024],[-96.41612662716408,16.03039371789229],[-96.41375635775002,16.037529988808597],[-96.41646115802527,16.05091595318687],[-96.42301247600471,16.064226132787635],[-96.42976036526365,16.065856268831027],[-96.43379427339529,16.078555646604585],[-96.45126187491485,16.085705411821724],[-96.45409280789208,16.08979971215036],[-96.45383980547453,16.095215627747983],[-96.43574414799915,16.109319314099597],[-96.42333225364995,16.10099761374803],[-96.40831252921794,16.101424972910568],[-96.39803457175536,16.094885759161826],[-96.38558092598139,16.097270854714118],[-96.38343205001014,16.104188581550726],[-96.37095466955877,16.102705988045535],[-96.36344637961878,16.09054365845129],[-96.3441730921585,16.091190031869882],[-96.34028581217964,16.067030960662063],[-96.33585081358297,16.064381475056717],[-96.31805987449974,16.041173311761046],[-96.32684588054214,16.03282607308268],[-96.35237774790737,16.03702794178763],[-96.37352993841898,16.014988938519867],[-96.37498224582681,16.0115904971854],[-96.39597551133538,15.990633671836264]]]}},{"type":"Feature","properties":{"clues":"OCIMB000601"},"geometry":{"type":"Polygon","coordinates":[[[-96.33632472163593,17.411720104668714],[-96.32297963300907,17.416403414006126],[-96.31760392208705,17.41606968692684],[-96.31196632475368,17.410504287957558],[-96.30907253191504,17.3935394217634],[-96.31811203336325,17.379217531888358],[-96.34188347677788,17.3889475128538],[-96.35058408341396,17.39405930121285],[-96.33632472163593,17.411720104668714]]]}},{"type":"Feature","properties":{"clues":"OCIMB000193"},"geometry":{"type":"Polygon","coordinates":[[[-96.27491264094553,17.635468675840226],[-96.26028355053627,17.67410687392904],[-96.2478686492521,17.69088201158372],[-96.21098954289772,17.704904130400706],[-96.19352155092221,17.705116433729565],[-96.19538165374523,17.65029408705741],[-96.22931976057716,17.62879861007617],[-96.27220219950306,17.620951006652707],[-96.27491264094553,17.635468675840226]]]}},{"type":"Feature","properties":{"clues":"OCIMS003875"},"geometry":{"type":"Polygon","coordinates":[[[-96.25802116427997,15.841550823381258],[-96.27529121166326,15.837932855657776],[-96.2917779561166,15.846657872288123],[-96.29387850829923,15.862744260320959],[-96.30256534559938,15.874043700458506],[-96.29929999050712,15.882547137385856],[-96.30380030243697,15.89448691466457],[-96.3044890933207,15.907404989346194],[-96.29059880857007,15.917260290912704],[-96.29150605129581,15.926725884403721],[-96.27185249550915,15.93211025498139],[-96.26982561208068,15.936694592226432],[-96.28147809696713,15.963477058508735],[-96.2559765107289,15.968382921847695],[-96.24685014276149,15.965885574396353],[-96.25174797055529,15.93764363509875],[-96.22205060277152,15.951681619820198],[-96.23553823726004,15.922583010216421],[-96.24805835701727,15.925168363258798],[-96.25740140011638,15.909775307193133],[-96.2662971750272,15.90285233513349],[-96.25242080161476,15.887638969841555],[-96.2511612206659,15.872747615698648],[-96.24816224469694,15.869187292137552],[-96.25802116427997,15.841550823381258]]]}},{"type":"Feature","properties":{"clues":"VZIMB004956"},"geometry":{"type":"Polygon","coordinates":[[[-96.27326820640778,18.5963022874234],[-96.27849489004599,18.594960012556598],[-96.29153798795221,18.600669800083292],[-96.2853106749687,18.62225654866082],[-96.28202443773183,18.623361282149695],[-96.2796245348179,18.626580434446684],[-96.27919489135739,18.642740821439947],[-96.28100520162963,18.645603085645366],[-96.29048719421492,18.643378418207735],[-96.29266416106005,18.64422866462318],[-96.29702132037224,18.655074630735587],[-96.29263609529089,18.665766543297206],[-96.28943026687571,18.669400652892655],[-96.30097862360697,18.683643598600227],[-96.28797608327376,18.69782133593957],[-96.28311931280778,18.695997010253556],[-96.27576012557378,18.68094978383696],[-96.24679416046897,18.681356581266726],[-96.24626893725326,18.691924797885985],[-96.24785143453082,18.69653230536052],[-96.24432073092675,18.70346961050868],[-96.23922302060569,18.70829344314086],[-96.2349736277752,18.725150823236472],[-96.22424813093626,18.728723766129512],[-96.21404960019102,18.726800302179424],[-96.21074086277164,18.715151111361962],[-96.21193789615694,18.701266077413006],[-96.198051414062,18.69275151893479],[-96.20300854376096,18.682546248061268],[-96.21005172141746,18.678573014106043],[-96.20540076321808,18.667718953973043],[-96.19285318678469,18.659758118939738],[-96.18747799883639,18.660936350443098],[-96.16223436653911,18.63738560415551],[-96.1632014691283,18.62857367465961],[-96.16809424776974,18.615929961570682],[-96.17322308845088,18.61371472263487],[-96.17350717269103,18.59906368892049],[-96.18994817525227,18.58942712192353],[-96.19611040086204,18.589149862586158],[-96.21067726905959,18.608414707275873],[-96.22266891140318,18.59606356715818],[-96.23744800554933,18.602118246685166],[-96.25346738167335,18.59852745266049],[-96.26042350190251,18.591075230815633],[-96.27326820640778,18.5963022874234]]]}},{"type":"Feature","properties":{"clues":"OCIMB003186"},"geometry":{"type":"Polygon","coordinates":[[[-96.20888980075024,17.139200712132382],[-96.20288730596258,17.12719657793925],[-96.22425879811726,17.102728723805523],[-96.23600850845925,17.098627575950115],[-96.23810840018902,17.151426977766747],[-96.24354217707925,17.15122987170082],[-96.25654100183833,17.15732621974675],[-96.2542527517328,17.16311097179338],[-96.22805360879806,17.167091644389686],[-96.20888980075024,17.139200712132382]]]}},{"type":"Feature","properties":{"clues":"OCIMS004884"},"geometry":{"type":"Polygon","coordinates":[[[-96.25158365844042,17.090961107852443],[-96.22425879811726,17.102728723805523],[-96.20288730596258,17.12719657793925],[-96.18594812641703,17.133563277889955],[-96.16908030521263,17.147617098686162],[-96.16612880436917,17.146868287271488],[-96.15155687126389,17.133391651220858],[-96.15056918911876,17.108344703866074],[-96.16771625924433,17.099597260032322],[-96.17361550600405,17.082297933687858],[-96.17944527492813,17.079689874055937],[-96.18092566070574,17.068192731556202],[-96.19348350895116,17.05359927556006],[-96.23297713259979,17.035033682974518],[-96.25157280272717,17.08957906208723],[-96.25158365844042,17.090961107852443]]]}},{"type":"Feature","properties":{"clues":"OCIMB006201"},"geometry":{"type":"Polygon","coordinates":[[[-96.23276835923718,17.234130974977898],[-96.2264314996967,17.233990749874252],[-96.21542783252988,17.236867544137898],[-96.21213605137673,17.24287113362108],[-96.21357829457962,17.264941604330357],[-96.20868014016328,17.27200826937049],[-96.18347835185955,17.277549892181373],[-96.17972768417116,17.27393414114824],[-96.17530965079499,17.242731484599965],[-96.14154540241648,17.214311053353885],[-96.14891482014667,17.20893749954892],[-96.18479929989041,17.201267838349942],[-96.20341507600436,17.20272623103288],[-96.21711094815386,17.191923563403442],[-96.22193817003492,17.190483202746186],[-96.2284532129458,17.193278073496376],[-96.2361995775528,17.23071354953986],[-96.23276835923718,17.234130974977898]]]}},{"type":"Feature","properties":{"clues":"OCIMS002224"},"geometry":{"type":"Polygon","coordinates":[[[-95.91945918251446,16.8502208248745],[-95.93628543338501,16.856799653254075],[-95.94572211438559,16.865314027923677],[-95.99139634088465,16.877162211128166],[-95.99953435381438,16.874558158192173],[-96.00987078340401,16.908715403469248],[-96.00578890555185,16.927527239274013],[-96.00307041658105,16.927946383761803],[-95.99568112467146,16.940671755174318],[-95.97213625234576,16.9708643870525],[-95.9567817085042,16.964477296932795],[-95.95081097199103,16.964209300012392],[-95.94037251930911,16.952999293732226],[-95.89534649930444,16.96829153446855],[-95.88792941374493,16.954919802975684],[-95.86598136644237,16.92324708625981],[-95.87583463619472,16.90146898296756],[-95.91233402481888,16.879179268853743],[-95.91945918251446,16.8502208248745]]]}},{"type":"Feature","properties":{"clues":"OCIMS003706"},"geometry":{"type":"Polygon","coordinates":[[[-95.91551799997274,17.033825882445022],[-95.91003619790136,17.03662225195767],[-95.90245501271013,17.03600135783069],[-95.8918261924249,17.03016072365299],[-95.87966952824031,17.035025314320077],[-95.85350247782274,17.027762106312057],[-95.8713987303707,16.9982156180607],[-95.88047312403788,16.995148031922266],[-95.89506864270683,16.980914155651682],[-95.9049209798122,16.987475215099924],[-95.91551799997274,17.033825882445022]]]}},{"type":"Feature","properties":{"clues":"VZIMB001012"},"geometry":{"type":"MultiPolygon","coordinates":[[[[-95.84689207421556,18.2730621767227],[-95.8719881922023,18.29892677270599],[-95.87551456212675,18.298517233491282],[-95.88347696622878,18.309121161273815],[-95.8835638119092,18.314393349012207],[-95.87884040375994,18.324573766941835],[-95.86684483930391,18.330450339865287],[-95.86559103467948,18.33326849169281],[-95.8664162080834,18.33767752573517],[-95.86492483280028,18.341596344879097],[-95.8661819700398,18.346335614862586],[-95.87464857664928,18.358221395209082],[-95.87174855149908,18.36935327706837],[-95.8638607313228,18.379416426640354],[-95.85331702211207,18.382240737883908],[-95.84821115793973,18.387285375714082],[-95.83861956544675,18.385769996686832],[-95.83666957704195,18.38962223529888],[-95.84144296062,18.397283465078214],[-95.8320727412304,18.40456601191257],[-95.8251501904134,18.401586012383945],[-95.81624318502185,18.40190013316313],[-95.81700508633311,18.396360494082277],[-95.81485017981329,18.381844825043],[-95.80492519088622,18.377814126959247],[-95.80714580315627,18.374259743296516],[-95.80664860987176,18.36856796091802],[-95.81006171554118,18.36930383173998],[-95.81132312437781,18.362367405880953],[-95.80317983933026,18.36112059929125],[-95.80143986488147,18.36207982845399],[-95.8042359976736,18.367302720515237],[-95.8021881567177,18.36992579320417],[-95.79768628677863,18.36794408148987],[-95.79462371885684,18.37300321068993],[-95.79099491657637,18.374160036923794],[-95.78865448700597,18.369870521888817],[-95.79326859770809,18.367424817122085],[-95.79291165458899,18.36553275567929],[-95.7858378944336,18.362220691637106],[-95.78284788501459,18.365647882513862],[-95.775456032328,18.36539763950649],[-95.7720197880275,18.35488885612198],[-95.76517340411735,18.350499722351493],[-95.76875851719994,18.34397915162056],[-95.78696084500665,18.33960755051032],[-95.78108036162416,18.328104826113687],[-95.78615809354363,18.323175519167588],[-95.79124193372886,18.3223371818423],[-95.80009127994727,18.31312564996326],[-95.81240931380911,18.32750345995757],[-95.81592644310545,18.32566277392506],[-95.82674441389989,18.326203636310847],[-95.8314176479679,18.342154945955148],[-95.83857230976916,18.342240956676882],[-95.84349646563895,18.3311217874359],[-95.84160986320188,18.32649598144975],[-95.85270550598108,18.3150259506524],[-95.84564457268522,18.30882537070581],[-95.84512739387641,18.30577816084515],[-95.8465591291275,18.302783022321336],[-95.85227636206572,18.29946931809224],[-95.83627591225084,18.274436946141307],[-95.84689207421556,18.2730621767227]],[[-95.83141068168308,18.37951717350804],[-95.8340938056046,18.37859512969253],[-95.83707028876564,18.36657172436591],[-95.82332959422357,18.359296925357892],[-95.81804464711473,18.371644084045773],[-95.81818257322394,18.377118210519576],[-95.83141068168308,18.37951717350804]]],[[[-95.88592571685571,18.3948611371642],[-95.88151400357935,18.375813012975794],[-95.90442478282924,18.37733676926325],[-95.90888398931985,18.39494571790541],[-95.88592571685571,18.3948611371642]]]]}},{"type":"Feature","properties":{"clues":"OCIMS002031"},"geometry":{"type":"Polygon","coordinates":[[[-95.83543149486523,17.146517974806997],[-95.83650621635138,17.180691696649266],[-95.79576026586757,17.216168430198636],[-95.69062507518083,17.19283558052445],[-95.67392116904138,17.167317456406753],[-95.68084799330856,17.133451524700966],[-95.68562781067146,17.120528885541887],[-95.76379409048667,17.08410064510011],[-95.77739061722419,17.086581542939115],[-95.80597241983756,17.11389518472363],[-95.83543149486523,17.146517974806997]]]}},{"type":"Feature","properties":{"clues":"VZIMB000295"},"geometry":{"type":"Polygon","coordinates":[[[-95.73405136621615,18.40830657524051],[-95.74551431578817,18.42595549577775],[-95.76224065483684,18.44304244972559],[-95.76233629839305,18.467691847406936],[-95.75423795516309,18.477518475990905],[-95.75086768185025,18.48870929013635],[-95.74542281449865,18.497147687614248],[-95.7394784104507,18.501688118952924],[-95.73911980671167,18.50563383524334],[-95.7437018173954,18.53276242633767],[-95.76466379169803,18.53692367387956],[-95.75997841919582,18.547766650996145],[-95.7440132055415,18.54894149960843],[-95.74302495497463,18.543417194405183],[-95.71657582687972,18.54474057511039],[-95.71177517725255,18.542169347939225],[-95.71575081865096,18.53890094886879],[-95.72146203970777,18.5257040585545],[-95.7142566396385,18.52162925917589],[-95.7068473208084,18.51143014387475],[-95.70836086513602,18.50856965641324],[-95.70474849212827,18.505913590521107],[-95.68358206799573,18.502186198896567],[-95.679658236017,18.498338242961132],[-95.68043635541063,18.490115584117184],[-95.66932809558749,18.478469449139563],[-95.66629084318951,18.469340977401654],[-95.67446007355838,18.444125941214924],[-95.68364467872127,18.44016407441311],[-95.68575369116851,18.41713200703121],[-95.68353444589442,18.4079919299459],[-95.70004002023381,18.3849782804299],[-95.73358000925379,18.404714835078366],[-95.73405136621615,18.40830657524051]]]}},{"type":"Feature","properties":{"clues":"OCIMS002335"},"geometry":{"type":"Polygon","coordinates":[[[-95.40941108917157,17.099548553978313],[-95.44603988347258,17.109367213530557],[-95.46353349437375,17.09728830718449],[-95.53306565828156,17.09613029510807],[-95.57846740386944,17.200132088612722],[-95.56387132025661,17.212346619956147],[-95.5323309626204,17.227842383549994],[-95.5267709192241,17.22809118363506],[-95.45709333959176,17.291459687431168],[-95.4161546443795,17.282455248711933],[-95.40051953185849,17.275637795073933],[-95.36246706101998,17.287102682304862],[-95.33485152368182,17.276675636366715],[-95.3105791072243,17.26090045637913],[-95.32071708795756,17.22683729576332],[-95.31588365459514,17.212418395947736],[-95.3009873244329,17.208533868955232],[-95.28604062791625,17.209860861319353],[-95.28246830583083,17.208860498631918],[-95.28236153833933,17.168030523619237],[-95.28736952969976,17.151666483408707],[-95.31119664175303,17.13515176327465],[-95.33887189101442,17.141441327753817],[-95.36113938259257,17.133058067372854],[-95.40941108917157,17.099548553978313]]]}},{"type":"Feature","properties":{"clues":"VZIMB003730"},"geometry":{"type":"MultiPolygon","coordinates":[[[[-95.48032888515179,17.597519175284337],[-95.49305232185402,17.616523187248642],[-95.50846243525275,17.61276506902884],[-95.51852095130867,17.614230449275873],[-95.51285830927588,17.63156539506022],[-95.51732793105444,17.649016489102834],[-95.51068605772987,17.65152543547581],[-95.50317105775477,17.660686700182158],[-95.49563038424496,17.660048121387597],[-95.48139756214525,17.661827346898832],[-95.47321215626977,17.66038704700863],[-95.47202021206853,17.680380195090123],[-95.47568797413666,17.692942667388575],[-95.49589278871908,17.699646972047123],[-95.50509442317468,17.698654981106316],[-95.51617219967929,17.719403569303907],[-95.5150450542351,17.731470832930643],[-95.50309300489684,17.73383142199468],[-95.48737385372034,17.724383861029093],[-95.46585146048211,17.729761652203084],[-95.46480944335859,17.734199460190812],[-95.4557186081194,17.741860214074954],[-95.43654638302326,17.742708516247514],[-95.43610222212676,17.7217222186638],[-95.42604061975469,17.71030846259145],[-95.41405066008541,17.717022288549455],[-95.40318607113086,17.719683712465404],[-95.39317534513982,17.737388935898466],[-95.38880042918402,17.739951820743784],[-95.38703212224983,17.737912288258222],[-95.36555971836759,17.729634737841685],[-95.35357708344634,17.736714900456672],[-95.36106295959624,17.767306472528386],[-95.35874721521628,17.774614610961628],[-95.3564626046633,17.77594423055769],[-95.34594342749486,17.77502717116791],[-95.32382435623013,17.74672604796157],[-95.32734382354744,17.73950936038225],[-95.31808773012872,17.71819323081309],[-95.32323258067642,17.709281738893594],[-95.3294500254791,17.688921507926956],[-95.34171352702006,17.687690148829468],[-95.3540248512867,17.682244017845473],[-95.35993932044043,17.67011461185373],[-95.37311668273053,17.66220994603492],[-95.36952704075448,17.652151453645146],[-95.3672703762826,17.649926554751442],[-95.35098467757967,17.647503291717687],[-95.34451320695574,17.64258652382863],[-95.34301857086939,17.63230818933115],[-95.35663536900461,17.612936344413612],[-95.37286049868949,17.615452848238675],[-95.37747221402746,17.620710024120616],[-95.39786007495037,17.632311097649925],[-95.41864608312959,17.619092900068573],[-95.42409089062392,17.625925601207502],[-95.42784206810202,17.62804385128183],[-95.44859520898999,17.63098107236441],[-95.44982683084808,17.614238314614404],[-95.44392046544621,17.596272668056518],[-95.46363207785183,17.603438240117807],[-95.46801769715125,17.603837650284678],[-95.48032888515179,17.597519175284337]]],[[[-95.27465516812175,17.592977285511317],[-95.24846101385117,17.611576819769613],[-95.24216753508861,17.607965436513666],[-95.2610416945828,17.578985879944117],[-95.2736332581077,17.589395847722184],[-95.27465516812175,17.592977285511317]]],[[[-95.30203382424536,17.63734377191421],[-95.29665806393054,17.60764572113799],[-95.31721291956957,17.60543912164263],[-95.31628515223633,17.62706263037659],[-95.30203382424536,17.63734377191421]]]]}},{"type":"Feature","properties":{"clues":"SCCSA003096"},"geometry":{"type":"Polygon","coordinates":[[[-95.44124176445402,18.599710235839833],[-95.4425869637878,18.603879879025946],[-95.43881376709925,18.6097765525126],[-95.44025875461581,18.61421026525204],[-95.45165889872987,18.614034581195643],[-95.45868986220697,18.616194210020502],[-95.46287608268395,18.641927343886106],[-95.45849056724849,18.645522689108244],[-95.44792420781015,18.639962778269908],[-95.44601281505207,18.633634508660258],[-95.43373944967828,18.619809085157776],[-95.42529443210942,18.619527131234456],[-95.42026869171085,18.613194940770313],[-95.40922307935129,18.61422192465955],[-95.40398705887846,18.612794038677876],[-95.40093502649954,18.60911171529997],[-95.4060137947746,18.60159069455342],[-95.40354951965335,18.59316276051217],[-95.41200583794486,18.59038788436956],[-95.41387572262724,18.594650905745016],[-95.42218481760656,18.59223335817063],[-95.42360516528197,18.595727938153914],[-95.4283285159877,18.598141573343117],[-95.43495468269896,18.59665611653692],[-95.43561192723622,18.59491815132066],[-95.44396138475412,18.597005558376253],[-95.44124176445402,18.599710235839833]]]}},{"type":"Feature","properties":{"clues":"SCCSA003241"},"geometry":{"type":"Polygon","coordinates":[[[-95.40487800018353,18.47262225022962],[-95.40363535764166,18.47816038750213],[-95.3910656175806,18.490698248160285],[-95.38359280849042,18.48960883247227],[-95.37815283854019,18.47277310949296],[-95.38875799533734,18.465754952985648],[-95.38838365445241,18.456826218895714],[-95.39628692102228,18.444955941074927],[-95.39986655076736,18.442766352969414],[-95.4197304581988,18.45820267276779],[-95.41735009054625,18.46701577962636],[-95.40487800018353,18.47262225022962]]]}},{"type":"Feature","properties":{"clues":"VZIMS005126"},"geometry":{"type":"Polygon","coordinates":[[[-95.35324275451784,18.488081495161627],[-95.3589750578507,18.490888069828994],[-95.36174273729019,18.49667358094577],[-95.3639601129803,18.519177991687354],[-95.35131397173804,18.54135496277893],[-95.34220101169542,18.543997317055304],[-95.34091579277334,18.556411926149433],[-95.33263151002826,18.562107772275866],[-95.31252943946333,18.56295795523601],[-95.30920424536549,18.569776825542974],[-95.29972102486582,18.575456411352025],[-95.27551286899323,18.585286846862967],[-95.2608673484367,18.55681896243603],[-95.25115463885264,18.55488983093926],[-95.23585026535508,18.556836716404135],[-95.21741513991569,18.565150380943695],[-95.19785564023067,18.555596732606585],[-95.20421217445141,18.514539478033956],[-95.21041629511359,18.49862077623418],[-95.23076226459676,18.495066987845817],[-95.2353196291931,18.495638502290312],[-95.24364678009866,18.507090624871413],[-95.24951003700151,18.509857241211993],[-95.27100537326055,18.5043747519453],[-95.27175474555712,18.502782159460274],[-95.27977865103833,18.498836170230454],[-95.28892734286174,18.504670565201245],[-95.2931829154366,18.514014816369002],[-95.30016350004483,18.515473105351948],[-95.30693473049244,18.50788612072119],[-95.309842460564,18.499021202671756],[-95.31705257519718,18.49676172887453],[-95.32123172285418,18.501606575505367],[-95.33216366285211,18.502883725670202],[-95.33711233397999,18.49501575043811],[-95.3433267402025,18.495765762948665],[-95.35324275451784,18.488081495161627]]]}},{"type":"Feature","properties":{"clues":"VZIMB003952"},"geometry":{"type":"Polygon","coordinates":[[[-95.27399209612477,18.371431786220008],[-95.30121565025128,18.385692654140268],[-95.30394602563105,18.392954024543137],[-95.30332448133602,18.395940605116543],[-95.29371358902627,18.400878591764958],[-95.28455637219174,18.41190919531205],[-95.28476225287098,18.414050961236583],[-95.2704491793993,18.418991182608337],[-95.26195860206514,18.41495184246198],[-95.26011253149761,18.411810823270656],[-95.25064062983658,18.405921042450196],[-95.24203048738751,18.409243645623466],[-95.24113727640858,18.412495570321624],[-95.23355996293296,18.420467390753792],[-95.22849754445873,18.42020995335972],[-95.22462286021145,18.40493299158588],[-95.22160383301228,18.380118862574513],[-95.23831372437003,18.379444664548682],[-95.24355343583905,18.369534845031623],[-95.26278035940452,18.359629011717985],[-95.26647499359407,18.36949517888862],[-95.27399209612477,18.371431786220008]]]}},{"type":"Feature","properties":{"clues":"SCCSA003063"},"geometry":{"type":"Polygon","coordinates":[[[-95.13302142785004,17.9903478641289],[-95.1423703081813,17.978403603748422],[-95.14263552722355,17.97493440332437],[-95.16204042227037,17.964844533513833],[-95.1663047895179,17.96592128369745],[-95.18089918975453,17.97496245894771],[-95.18321559516997,17.984851900719],[-95.20007617531381,17.998472585274257],[-95.1909542772761,18.024725045158377],[-95.18255504877877,18.035011186129335],[-95.17903964142465,18.033449720298158],[-95.1464604580765,18.042895680541502],[-95.13203496873193,18.03457414630632],[-95.11789103448665,18.023979977756735],[-95.13372534790848,18.00441759633186],[-95.13302142785004,17.9903478641289]]]}},{"type":"Feature","properties":{"clues":"SCCSA001776"},"geometry":{"type":"Polygon","coordinates":[[[-95.16908463037512,17.11849243584407],[-95.15836118094242,17.129639720734907],[-95.1457150412567,17.129315396427366],[-95.11924908909536,17.122846115922773],[-95.10440957180268,17.09031391231277],[-95.12279508272427,17.0744737975108],[-95.1358555789906,17.071589679580175],[-95.145954608353,17.075332388385917],[-95.16908463037512,17.11849243584407]]]}},{"type":"Feature","properties":{"clues":"VZIMB002453"},"geometry":{"type":"Polygon","coordinates":[[[-94.71410693097637,17.9471902694761],[-94.71693854708221,17.952332191031132],[-94.71489047966367,17.95492836644919],[-94.71495754588933,17.95854209819479],[-94.7092186234326,17.95901414882954],[-94.70615629145998,17.96134280447247],[-94.69410277505682,17.95613187738177],[-94.68615594254624,17.95823536751998],[-94.68474896640916,17.951820290485372],[-94.67670711152164,17.944290890172066],[-94.6838009115149,17.935761104050613],[-94.692083558537,17.931613250268914],[-94.69585669884017,17.927566199997823],[-94.7001594282366,17.934944895553336],[-94.71068941063716,17.94355947000609],[-94.71152842531153,17.94710913845395],[-94.71410693097637,17.9471902694761]]]}},{"type":"Feature","properties":{"clues":"VZIMB002902"},"geometry":{"type":"Polygon","coordinates":[[[-94.60020542946566,17.76687136806773],[-94.59450475556619,17.77159595570375],[-94.59620245619043,17.79997950603331],[-94.59313733804602,17.803009564876742],[-94.57989817069794,17.805738996828698],[-94.5695015274657,17.8219000908388],[-94.55627895059834,17.8213234401291],[-94.55443523119061,17.820078285378166],[-94.54901415954778,17.815206700859523],[-94.54553998828078,17.787767828612175],[-94.56090421678316,17.787870891090833],[-94.56920802674763,17.773526422246402],[-94.5905863107911,17.770269875200935],[-94.56823992091205,17.73598475398973],[-94.5718253977592,17.731761765660984],[-94.58031535064647,17.731948622504],[-94.60465617736546,17.747068207190345],[-94.60750149773642,17.75685430292509],[-94.60020542946566,17.76687136806773]]]}},{"type":"Feature","properties":{"clues":"VZIMS003096"},"geometry":{"type":"Polygon","coordinates":[[[-94.47163036291649,17.40412576752766],[-94.49280101502796,17.396801614654215],[-94.50896970676187,17.399020802516823],[-94.52065351814065,17.411519261933623],[-94.52328383077509,17.412759341517607],[-94.55653256199277,17.40413715309618],[-94.56342552454534,17.41022594890565],[-94.5682016052169,17.42736965559381],[-94.57563475063824,17.438816807738846],[-94.57123562732045,17.44732264918545],[-94.57128785357678,17.47130234750415],[-94.56083426269686,17.47208595747169],[-94.54752050572972,17.464935134492094],[-94.53125231612914,17.466074239671237],[-94.52765059621017,17.46209559347159],[-94.51854053229906,17.45721065780255],[-94.48296271480635,17.46827217660529],[-94.47803589294277,17.46565054157141],[-94.45551737861315,17.43817204699684],[-94.46463223752666,17.424802714345518],[-94.47163036291649,17.40412576752766]]]}},{"type":"Feature","properties":{"clues":"SCCSA003145"},"geometry":{"type":"Polygon","coordinates":[[[-94.46291731538601,18.138600176450137],[-94.45812480596192,18.137016680026665],[-94.45406435961549,18.14049499329348],[-94.4513742154724,18.138114051280528],[-94.45187538710329,18.134126669733938],[-94.4591634341777,18.131241215084046],[-94.4640226008851,18.133684302223756],[-94.46291731538601,18.138600176450137]]]}},{"type":"Feature","properties":{"clues":"VZIMB003095"},"geometry":{"type":"Polygon","coordinates":[[[-94.31275068598487,17.97391651902845],[-94.32330879831312,17.986218534392698],[-94.32601843659499,18.0066551935919],[-94.32351984789227,18.009027958940216],[-94.3187443325559,18.00930073433839],[-94.30477105650245,18.015744555882335],[-94.29719244283807,18.04110003891599],[-94.2817960922301,18.042293629609052],[-94.2693745708657,18.03785805665649],[-94.2588698862554,18.02393555968611],[-94.26209990281126,18.015912597768505],[-94.27507164516518,17.999254293692335],[-94.27371860626259,17.994821628667115],[-94.27451191965545,17.98142359628191],[-94.28439769605433,17.982223473505805],[-94.29292938765654,17.978287348519373],[-94.30197932070918,17.978403308549908],[-94.31275068598487,17.97391651902845]]]}},{"type":"Feature","properties":{"clues":"TCIMB002215"},"geometry":{"type":"Polygon","coordinates":[[[-93.97096061113224,18.0871114016903],[-93.96049138474571,18.086435811187442],[-93.93238248401836,18.071631219013454],[-93.91410955339549,18.045194286924474],[-93.94492353859381,18.038571998653882],[-93.95905564606954,18.05743082514415],[-93.97096061113224,18.0871114016903]]]}},{"type":"Feature","properties":{"clues":"PLIMB007293"},"geometry":{"type":"Polygon","coordinates":[[[-98.55743365614144,19.390303992624766],[-98.56101573137788,19.391126596177603],[-98.57584206729203,19.409103298151777],[-98.57827658110352,19.419678702097276],[-98.5647484905742,19.421805641995753],[-98.54643429856968,19.42876296936587],[-98.5387754996599,19.43572641719739],[-98.52917768929457,19.43988290072318],[-98.51298741981809,19.42630907849408],[-98.5117067104819,19.419464591525344],[-98.4920810687029,19.41259094718295],[-98.48602362816257,19.407202807210776],[-98.48920379280152,19.39664668905188],[-98.51556924817024,19.405093700889932],[-98.52328832734314,19.39834426592972],[-98.53223345426711,19.40167748354434],[-98.55743365614144,19.390303992624766]]]}},{"type":"Feature","properties":{"clues":"TLIMB001453"},"geometry":{"type":"Polygon","coordinates":[[[-98.46467964153815,19.347932919331544],[-98.47307641317838,19.358364912165875],[-98.46936511445072,19.365109112824644],[-98.47065019841259,19.371889958893373],[-98.47523340261785,19.373756723493493],[-98.48215163506816,19.379606925624774],[-98.48296850568225,19.388487378521905],[-98.48835695087163,19.39238796728337],[-98.48920379280152,19.39664668905188],[-98.48602362816257,19.407202807210776],[-98.46778150863,19.42190376583281],[-98.46093565772027,19.420089801789242],[-98.45246275162675,19.399451672916584],[-98.45422234453044,19.39620382836629],[-98.45350721717882,19.389496738962148],[-98.44451152226458,19.378706164102223],[-98.44595893415904,19.371900756127843],[-98.44233736705101,19.364277650839004],[-98.4436431969759,19.360450473045365],[-98.43971542042898,19.356435913196847],[-98.44225917325703,19.34505029873496],[-98.44993591308659,19.344738626715728],[-98.46037096492697,19.33972919081151],[-98.46467964153815,19.347932919331544]]]}},{"type":"Feature","properties":{"clues":"SCCSA002122"},"geometry":{"type":"Polygon","coordinates":[[[-98.48232431456485,19.22578729938076],[-98.4846921932795,19.225915604829996],[-98.4890052358252,19.23011318780535],[-98.4900499323104,19.250504821536364],[-98.49554312610337,19.255124867420783],[-98.49470239280228,19.25826299879159],[-98.48903069216404,19.263595457844048],[-98.48249270973355,19.26449198739602],[-98.47914761625617,19.258908779675583],[-98.47061244712826,19.25434533231181],[-98.47472701338448,19.248726007805445],[-98.47786599053978,19.24772267693391],[-98.4808359656708,19.240070319956253],[-98.47228887804856,19.232505605105242],[-98.48232431456485,19.22578729938076]]]}},{"type":"Feature","properties":{"clues":"SCCSA002115"},"geometry":{"type":"Polygon","coordinates":[[[-98.3071477558184,19.00926705942074],[-98.3141896531208,19.007978644497598],[-98.31692359156885,19.015819725587164],[-98.31991839587185,19.01805576289587],[-98.31663790564433,19.025280058259224],[-98.31017594111496,19.026645811784267],[-98.31320169788397,19.037050487823034],[-98.30532643199858,19.039759782970098],[-98.29593852061004,19.02927286389576],[-98.29570467618662,19.02278430121443],[-98.30576910548375,19.021135630023792],[-98.3071477558184,19.00926705942074]]]}},{"type":"Feature","properties":{"clues":"PLIMB001804"},"geometry":{"type":"Polygon","coordinates":[[[-98.26990836104241,18.966513180845865],[-98.27713355813286,18.96938544346797],[-98.28102759251325,18.97322041584456],[-98.28211457723512,18.979425907252356],[-98.2765925893519,18.98342045864094],[-98.27798632994269,18.987362925358855],[-98.27465116872945,18.990851752096123],[-98.27390674509849,18.99414628188387],[-98.27058812374324,18.99495417012201],[-98.26722867255387,18.992740966149686],[-98.26027333755869,18.99496184424127],[-98.26057447674697,18.989059634245997],[-98.2569043523175,18.98608993275854],[-98.25956910224555,18.981691358932384],[-98.25634615292218,18.97740360082398],[-98.25818197164726,18.974051128242724],[-98.26085784491696,18.972682161534745],[-98.26242792622311,18.963699725657918],[-98.26498640622016,18.960879285641223],[-98.27007884438089,18.965091412793832],[-98.26990836104241,18.966513180845865]]]}},{"type":"Feature","properties":{"clues":"TLIMB001902"},"geometry":{"type":"Polygon","coordinates":[[[-98.21380452652849,19.260963545196745],[-98.21220780037558,19.250952894905875],[-98.21337973195297,19.249383985233738],[-98.22310879658895,19.247826014589187],[-98.2257235680681,19.2504600131669],[-98.22923955828193,19.26018079122866],[-98.23667515274774,19.253315241702516],[-98.24136325193504,19.253871700340586],[-98.24187928500045,19.260861258336945],[-98.24374310973005,19.262920619362728],[-98.2525715172535,19.254234916548047],[-98.25654790941043,19.2543629453592],[-98.25691613042144,19.257381303078628],[-98.25122730933725,19.268001324849436],[-98.25167894454522,19.270709512532132],[-98.2474884985289,19.27532558085506],[-98.24019828322703,19.27166367220097],[-98.23578968984168,19.27228388376767],[-98.23029044007941,19.267412608607163],[-98.22851779081681,19.262741853153905],[-98.2176455861428,19.26358390596874],[-98.21380452652849,19.260963545196745]]]}},{"type":"Feature","properties":{"clues":"PLIMB006593"},"geometry":{"type":"Polygon","coordinates":[[[-98.22610310916298,19.068089429730765],[-98.22752386494696,19.07278806865935],[-98.23129569041052,19.07251486510809],[-98.23405304597216,19.079816677415923],[-98.23843795559999,19.080987737860323],[-98.2399169891835,19.088490972950428],[-98.238001501114,19.0906732424852],[-98.23906655141862,19.094036922009206],[-98.24385161991108,19.09679739103037],[-98.24513078389343,19.100634258559207],[-98.23506991813204,19.10270691577704],[-98.23176370099937,19.106256370440008],[-98.23060759075774,19.114334064359397],[-98.22621296936806,19.115417254847568],[-98.22417795550655,19.114157640719412],[-98.21969191038696,19.102879942783137],[-98.21496614306538,19.102514859490597],[-98.21669084318731,19.096671566570343],[-98.2190914122501,19.096042688549797],[-98.22148685538518,19.092937788497903],[-98.22046145616366,19.088766150161568],[-98.22235067248704,19.085489347220907],[-98.22206960983871,19.081578012713724],[-98.21677985490413,19.080519649093212],[-98.21695981591006,19.076527341208838],[-98.2145769636438,19.074661897617275],[-98.21354364243203,19.07111160837506],[-98.2174371830672,19.066227320537084],[-98.21659551465478,19.06473636498807],[-98.20779112727493,19.06856070429524],[-98.20564760723863,19.06281933913337],[-98.20940665200459,19.056608894384233],[-98.2026729668509,19.054423231915084],[-98.20664034041742,19.046936806908747],[-98.21097197953051,19.05128601464427],[-98.21006095628023,19.056521630301052],[-98.21133505791998,19.05741856075795],[-98.2191448783254,19.05396312803919],[-98.21760313302536,19.047377577042248],[-98.22392527101864,19.046479913856526],[-98.2265584521453,19.049643485371345],[-98.22113561860995,19.055483065993045],[-98.223981065897,19.059463718090903],[-98.22309420199096,19.067107948638615],[-98.22610310916298,19.068089429730765]]]}},{"type":"Feature","properties":{"clues":"TLIMB000275"},"geometry":{"type":"Polygon","coordinates":[[[-98.12592090433402,19.28083759287634],[-98.14664134631109,19.282333709242423],[-98.15066126963397,19.290171247112614],[-98.15379347984882,19.29091346591311],[-98.15779246680566,19.289164264880693],[-98.16349548457003,19.299384778752803],[-98.16979498398054,19.296365623484796],[-98.17422607817484,19.304368884938157],[-98.17769035696342,19.303040223821892],[-98.184543241669,19.310154655949734],[-98.18042343257089,19.313252691815627],[-98.17602759586183,19.312341475917478],[-98.17266993537923,19.307225106956995],[-98.1618308109063,19.31028248140777],[-98.16005981713866,19.305843112407644],[-98.15424040535014,19.299957024795376],[-98.14651859285132,19.3028917408583],[-98.14424896216799,19.29804854796748],[-98.13938386381747,19.296937542253666],[-98.13496819371983,19.290066078558077],[-98.12763759085419,19.284596571690695],[-98.12592090433402,19.28083759287634]]]}},{"type":"Feature","properties":{"clues":"TLIMB000280"},"geometry":{"type":"Polygon","coordinates":[[[-98.12592090433402,19.28083759287634],[-98.12097037753199,19.275138572750024],[-98.14487700918374,19.269290947765203],[-98.15030507771831,19.27662848220457],[-98.15486124821915,19.27652091343802],[-98.16003465955822,19.286375985244383],[-98.15921057387527,19.287845789611755],[-98.16979498398054,19.296365623484796],[-98.16349548457003,19.299384778752803],[-98.15779246680566,19.289164264880693],[-98.15379347984882,19.29091346591311],[-98.15066126963397,19.290171247112614],[-98.14664134631109,19.282333709242423],[-98.12592090433402,19.28083759287634]]]}},{"type":"Feature","properties":{"clues":"PLIMB001833"},"geometry":{"type":"Polygon","coordinates":[[[-98.15432752957106,19.027490834598808],[-98.15250322780057,19.035730293976567],[-98.1558600035196,19.03960356639884],[-98.15243828684623,19.045605841283244],[-98.14797226460928,19.04507883041606],[-98.14498000723661,19.04807062746162],[-98.1414116278847,19.04840282749047],[-98.1391435488881,19.054534644204214],[-98.13400261788324,19.05485569248874],[-98.12925676827606,19.05124611816647],[-98.12769229990946,19.051480409032685],[-98.1249093939718,19.045923638051843],[-98.12690420618075,19.04233736348418],[-98.12409765402042,19.039229315705963],[-98.12500835441494,19.03706034812053],[-98.1216369838283,19.033071754723],[-98.12152044290534,19.024324515722522],[-98.12662014702269,19.024641683836663],[-98.1319852587,19.016579127302432],[-98.12951016723645,19.006002886346245],[-98.13042249620119,19.003642349572537],[-98.13599236324718,19.00777405221968],[-98.14232214260757,19.00925345521189],[-98.14425876676214,19.01110210055728],[-98.14326175755104,19.017593461927227],[-98.15745124542762,19.019313081034998],[-98.15980579572722,19.02354754419981],[-98.15432752957106,19.027490834598808]]]}},{"type":"Feature","properties":{"clues":"TLIMB000391"},"geometry":{"type":"Polygon","coordinates":[[[-97.99035296621717,19.317380976340043],[-98.00945745377244,19.30393384324965],[-98.01462913136082,19.31583723311858],[-98.01859885653826,19.33089307837689],[-98.03071168127707,19.33111936292817],[-98.03423694958384,19.34094609536193],[-98.0172609451811,19.33975880851005],[-98.02774054250654,19.359151544256388],[-98.00899765056964,19.366282240647784],[-98.00621738489565,19.372281415626052],[-97.99498330368039,19.378533883820527],[-97.97538127946623,19.373284027514096],[-97.97308023264094,19.368253490791446],[-97.97596827218115,19.35462352707427],[-97.97947836227515,19.34768978393947],[-97.9922282686514,19.342194801240453],[-97.99497343069729,19.33662799654065],[-97.98795409871512,19.322574769125932],[-97.99035296621717,19.317380976340043]]]}},{"type":"Feature","properties":{"clues":"TLIMB000403"},"geometry":{"type":"Polygon","coordinates":[[[-97.93483553852836,19.394571737986748],[-97.94061563486025,19.38226948651681],[-97.96366135396683,19.38921670193783],[-97.96653908341486,19.3997691558231],[-97.96076283434498,19.416790676201074],[-97.95499339668008,19.418735857821588],[-97.93658645605824,19.419437283648854],[-97.93843255357976,19.413536626051293],[-97.93483553852836,19.394571737986748]]]}},{"type":"Feature","properties":{"clues":"PLIMS003094"},"geometry":{"type":"Polygon","coordinates":[[[-97.94178260171932,20.38281571355311],[-97.94363436588593,20.383296139520827],[-97.95550309287036,20.398547553019625],[-97.95758157088999,20.404059538286422],[-97.93945795897297,20.408608117276525],[-97.93774469233051,20.410917135404983],[-97.93793663878449,20.416236140716812],[-97.9422957584424,20.42970242469495],[-97.94782554912732,20.440600345392237],[-97.94744720564702,20.451595844865036],[-97.93707909255893,20.454458796680246],[-97.93093209472669,20.44626232506124],[-97.91814165436702,20.43669265062488],[-97.91329583626367,20.43676175571428],[-97.91130828840744,20.43195728486665],[-97.91321108259297,20.41950017779641],[-97.90662699463832,20.41552600390544],[-97.89619013362648,20.41610921408743],[-97.89379021465851,20.41441517920643],[-97.89798294064558,20.39756296407646],[-97.90421866737364,20.39444834745147],[-97.91010113236848,20.38957524032036],[-97.91106474819173,20.386863403908485],[-97.9146243979228,20.385056061991207],[-97.92392360484715,20.384222775319977],[-97.93204060668734,20.363916755851513],[-97.93898307953326,20.363911657480894],[-97.95370758382548,20.34523982415179],[-97.9597527184102,20.347945814670165],[-97.96432695073938,20.370322328988603],[-97.95637590541088,20.372195771320694],[-97.94434173211275,20.368526019131785],[-97.94178260171932,20.38281571355311]]]}},{"type":"Feature","properties":{"clues":"PLIMB002644"},"geometry":{"type":"Polygon","coordinates":[[[-97.92196837940054,19.914781147389224],[-97.91867253656264,19.929325560004443],[-97.92259593226483,19.935063056592156],[-97.92291767556539,19.963093280832897],[-97.89825453249702,19.961650727498725],[-97.89271898616286,19.951966959519435],[-97.87784306219466,19.94684990110564],[-97.87658418322175,19.94086578079025],[-97.88471916511668,19.919213652366185],[-97.88337034209891,19.91554937503685],[-97.90571275293001,19.902467361533063],[-97.91667114702148,19.904004903302358],[-97.92012094643465,19.908331928586485],[-97.92196837940054,19.914781147389224]]]}},{"type":"Feature","properties":{"clues":"PLIMB006132"},"geometry":{"type":"Polygon","coordinates":[[[-97.87231140022743,19.087214042521595],[-97.87841020415219,19.051982930566847],[-97.88776173587317,19.04841965769259],[-97.8913374884789,19.048987126560828],[-97.89650468283268,19.05588015387358],[-97.91036404590753,19.063093090828332],[-97.92406758654866,19.065922376310215],[-97.92249581120664,19.075021267562406],[-97.92411047425918,19.079976606761186],[-97.93479296570885,19.086228543396732],[-97.92001537630834,19.09690093495858],[-97.91625090416879,19.09631789303679],[-97.90576330592998,19.104195989946767],[-97.90460401260518,19.107077463267398],[-97.89084053316675,19.109899254822185],[-97.86241181614662,19.099625384492278],[-97.87231140022743,19.087214042521595]]]}},{"type":"Feature","properties":{"clues":"SCCSA002033"},"geometry":{"type":"Polygon","coordinates":[[[-97.81432576022812,20.81566783057103],[-97.81001209546893,20.809879825841996],[-97.81917115614014,20.796999218715783],[-97.83831109574055,20.79348970554467],[-97.85931511741317,20.81099874258338],[-97.85958570992737,20.820527498382884],[-97.85539527206446,20.834815496395155],[-97.84632926979391,20.840539908675428],[-97.83346399898254,20.857652376209835],[-97.82397267278266,20.8616198718063],[-97.80449432830902,20.834940858499206],[-97.8014204164593,20.83407308458147],[-97.79127637297012,20.824787081731102],[-97.79680208110467,20.818270022823327],[-97.81213013096934,20.827934745300222],[-97.81489029099453,20.82318975584494],[-97.81432576022812,20.81566783057103]]]}},{"type":"Feature","properties":{"clues":"TLIMB001646"},"geometry":{"type":"Polygon","coordinates":[[[-97.83806913961239,19.413802765899298],[-97.84484397897688,19.40886896484216],[-97.85487567270373,19.409399890136935],[-97.85289482108816,19.427301096839347],[-97.86272591377555,19.433205849413678],[-97.85477467172929,19.452624237795945],[-97.85478608277093,19.459695237907436],[-97.83219474301609,19.458516820415724],[-97.82061431229337,19.46877451514584],[-97.81507775221,19.450570287938316],[-97.8034109923762,19.447478568577655],[-97.80758811264832,19.440375904194607],[-97.80781064604838,19.433628151478384],[-97.83547730462432,19.413078652924916],[-97.83806913961239,19.413802765899298]]]}},{"type":"Feature","properties":{"clues":"PLIMS001921"},"geometry":{"type":"Polygon","coordinates":[[[-97.82193702623795,19.557976632518518],[-97.84161770881663,19.57129689394809],[-97.83653546604245,19.583620864729244],[-97.83682848836179,19.587446785803646],[-97.82041858129283,19.60293374745281],[-97.80606538734357,19.597887523979896],[-97.8010459685354,19.5927155060742],[-97.80525977741955,19.57741706745849],[-97.82114942540814,19.562562009944994],[-97.82193702623795,19.557976632518518]]]}},{"type":"Feature","properties":{"clues":"PLIMB005036"},"geometry":{"type":"Polygon","coordinates":[[[-97.74874037647426,19.03715597896846],[-97.74860122039993,19.02497107768439],[-97.75626140402288,19.01181822915981],[-97.77867926118363,19.020246204214352],[-97.7941421228045,19.015496852755287],[-97.80093832719136,19.0352465945138],[-97.80030672396556,19.04419316872528],[-97.79443361543535,19.052748115362085],[-97.7938367957632,19.056036267770114],[-97.78028744598772,19.070672793431292],[-97.76684591206347,19.037862230486034],[-97.74874037647426,19.03715597896846]]]}},{"type":"Feature","properties":{"clues":"PLIMB002451"},"geometry":{"type":"Polygon","coordinates":[[[-97.79578163514584,18.876971337289767],[-97.79105587834522,18.88777664831941],[-97.78955616014892,18.888558460786445],[-97.77814588622778,18.88887416217712],[-97.7739907099336,18.887476219107306],[-97.77008562802821,18.876152978981704],[-97.77235452053783,18.87077538872589],[-97.78283419066956,18.86485332749296],[-97.79578163514584,18.876971337289767]]]}},{"type":"Feature","properties":{"clues":"PLIMB001314"},"geometry":{"type":"Polygon","coordinates":[[[-97.7794561350165,19.598128274773558],[-97.76615501909522,19.586450064112206],[-97.77015845654819,19.572441808328282],[-97.78495555031449,19.57404529320117],[-97.79362295059123,19.59158809630233],[-97.7794561350165,19.598128274773558]]]}},{"type":"Feature","properties":{"clues":"PLIMS002756"},"geometry":{"type":"Polygon","coordinates":[[[-97.7396426328029,18.90429458668695],[-97.74326643387461,18.902984746850095],[-97.75590943399094,18.907703956688756],[-97.75485305040944,18.911288092149654],[-97.74808556064741,18.91666510694431],[-97.74602633360935,18.93208723662963],[-97.74294612741997,18.935563117755724],[-97.72598216633695,18.93757885879658],[-97.71979424033404,18.935135176281264],[-97.70490463508004,18.93293421909989],[-97.69812602183003,18.91726152565976],[-97.70072300016054,18.905461575007617],[-97.7218225916654,18.905484201915403],[-97.7261556179518,18.90284932392217],[-97.72781868028824,18.90011315337639],[-97.7396426328029,18.90429458668695]]]}},{"type":"Feature","properties":{"clues":"PLIMB001010"},"geometry":{"type":"Polygon","coordinates":[[[-97.69478492962443,20.116211967583737],[-97.69470212777355,20.107220581733696],[-97.70782880947314,20.0940278602268],[-97.71778831688965,20.107141696583067],[-97.73275401256825,20.100979188479666],[-97.74138955739988,20.103283951369097],[-97.74299701802735,20.10531687447541],[-97.7394587311234,20.11412624987845],[-97.729038580286,20.120901258081858],[-97.7180275077634,20.11953008610897],[-97.69859746338274,20.121794128682044],[-97.69478492962443,20.116211967583737]]]}},{"type":"Feature","properties":{"clues":"SCCSA002211"},"geometry":{"type":"Polygon","coordinates":[[[-97.68378878873595,18.796484074628523],[-97.687525156984,18.786606560160443],[-97.69097727880289,18.784356996716895],[-97.7067473905977,18.783380228020597],[-97.718159470295,18.786206926828488],[-97.71703625545344,18.79329920259533],[-97.71906497298912,18.807918571950175],[-97.7148416854627,18.81664977755108],[-97.70511201416814,18.81911934298976],[-97.6972778288819,18.82795233382083],[-97.66189726964377,18.838263711762046],[-97.67369900957753,18.819445589573963],[-97.68626464830689,18.805496562408248],[-97.68378878873595,18.796484074628523]]]}},{"type":"Feature","properties":{"clues":"PLIMB001232"},"geometry":{"type":"Polygon","coordinates":[[[-97.6470084063774,19.988826530103786],[-97.66638979726807,19.973671700137196],[-97.67638280539158,19.980154071641614],[-97.67806225837795,19.98261938405298],[-97.67578172994298,19.992858151512447],[-97.66623400432717,19.998865051193672],[-97.66054958009613,19.99419798094852],[-97.6470084063774,19.988826530103786]]]}},{"type":"Feature","properties":{"clues":"PLIMS001916"},"geometry":{"type":"MultiPolygon","coordinates":[[[[-97.63858947555023,20.015139912683527],[-97.64425753230253,20.016259297373068],[-97.65662138571895,20.034297846501616],[-97.65730494288174,20.038937604195183],[-97.6555616535256,20.0453730603534],[-97.65067838844404,20.04771251591246],[-97.65077883501493,20.056030569327362],[-97.64675378978708,20.059195602977756],[-97.64299484385407,20.05897803930544],[-97.64149559242131,20.04626814553784],[-97.63745608891178,20.042663294061523],[-97.63556661170851,20.03779061095797],[-97.62381560762628,20.03408116334148],[-97.61944160721993,20.030406837022706],[-97.61321770267294,20.028567213820573],[-97.61584388830296,20.008527139954367],[-97.62246859865483,19.994272073974383],[-97.63475406720116,19.99164639969103],[-97.63858947555023,20.015139912683527]]],[[[-97.6441906903123,20.07598759637895],[-97.6411731489055,20.07711615207889],[-97.62865807793807,20.061807768388455],[-97.64228664232903,20.059533594786213],[-97.6441906903123,20.07598759637895]]]]}},{"type":"Feature","properties":{"clues":"PLIMB001693"},"geometry":{"type":"Polygon","coordinates":[[[-97.63811101128272,20.137181980206705],[-97.64096314820164,20.126186332664556],[-97.64533006267708,20.12609943390648],[-97.6565974760748,20.133776817023215],[-97.65254185749204,20.138179474371263],[-97.64981484433406,20.14842877388902],[-97.64377294626728,20.145800136493655],[-97.63811101128272,20.137181980206705]]]}},{"type":"Feature","properties":{"clues":"PLIMS001781"},"geometry":{"type":"Polygon","coordinates":[[[-97.65202105459483,20.106608233816424],[-97.63889797942632,20.10898776848064],[-97.63455274130956,20.100308932701562],[-97.63499446905854,20.096524344376203],[-97.63846015484937,20.090876325207336],[-97.6558481618828,20.095895741046437],[-97.65202105459483,20.106608233816424]]]}},{"type":"Feature","properties":{"clues":"PLIMB000532"},"geometry":{"type":"Polygon","coordinates":[[[-97.46980912937313,20.029637246039393],[-97.46334466414464,20.023867279107833],[-97.4683339093262,20.018672654559158],[-97.4659445855485,20.009557374962547],[-97.4778776644299,20.008608499687206],[-97.47753323627899,20.0169504260843],[-97.48172728727226,20.018727405775202],[-97.48629215625243,20.014571573326418],[-97.49106808992457,20.016843488032173],[-97.49209881093451,20.02119462862779],[-97.49999250530863,20.022274352602448],[-97.50212572688963,20.029265995091272],[-97.49874251911278,20.034051187107693],[-97.48396688124322,20.03696392430585],[-97.46980912937313,20.029637246039393]]]}},{"type":"Feature","properties":{"clues":"PLIMB002755"},"geometry":{"type":"Polygon","coordinates":[[[-97.44808747980278,19.84625952612006],[-97.45229352215874,19.848482563030757],[-97.45608181562106,19.847659622640737],[-97.46067620248493,19.8513793066139],[-97.46559014870627,19.850920879492392],[-97.46988694089893,19.858724822520397],[-97.4727353451628,19.860741793946865],[-97.46714868076245,19.86757132727872],[-97.45845620121048,19.865990106479774],[-97.44924696192018,19.870461928404445],[-97.44059448966892,19.87051873292615],[-97.43654697514853,19.86259891279499],[-97.4373657618982,19.859662175228866],[-97.43610353247311,19.854270551052412],[-97.44088368589108,19.84633724919659],[-97.44808747980278,19.84625952612006]]]}},{"type":"Feature","properties":{"clues":"PLIMB002900"},"geometry":{"type":"Polygon","coordinates":[[[-97.44793184902878,19.093848153298985],[-97.41083674577223,19.084115390315148],[-97.41049510632037,19.049613476812],[-97.43529046528029,19.054964492120252],[-97.44114697741307,19.055035610903644],[-97.44793184902878,19.093848153298985]]]}},{"type":"Feature","properties":{"clues":"PLIMS000895"},"geometry":{"type":"Polygon","coordinates":[[[-97.42540745749167,19.82884462369906],[-97.42987824589159,19.840285237963307],[-97.42755781964544,19.84384535149293],[-97.41661641851307,19.842287078014998],[-97.40143585369051,19.847959265922615],[-97.40008211545941,19.84689049317835],[-97.40059161551228,19.835418450047648],[-97.41273386394512,19.82119653226104],[-97.41287155265115,19.819153044456396],[-97.43023201726405,19.806975748693947],[-97.43540324809463,19.812252492088994],[-97.43586757064955,19.81596958876426],[-97.42540745749167,19.82884462369906]]]}},{"type":"Feature","properties":{"clues":"SCCSA003276"},"geometry":{"type":"Polygon","coordinates":[[[-97.36435386349677,20.76763196765478],[-97.36084721529942,20.78212244039388],[-97.36066990317953,20.79978380215454],[-97.33587924810458,20.80937917191064],[-97.33032046152668,20.803210842033494],[-97.32781598333492,20.794015915770483],[-97.32935743967165,20.78739465351896],[-97.32651919328974,20.76806333248282],[-97.33641787198829,20.744253792456657],[-97.34013056794876,20.74143533322578],[-97.35308229906406,20.74269862596013],[-97.35837436421772,20.757430503660736],[-97.36435386349677,20.76763196765478]]]}},{"type":"Feature","properties":{"clues":"VZIMB002646"},"geometry":{"type":"Polygon","coordinates":[[[-97.29703374749832,18.806890119741265],[-97.30937740916198,18.81566327951229],[-97.29995091699476,18.82943817008472],[-97.2915351660594,18.832236030090552],[-97.2861077937524,18.84432845296033],[-97.27199684085868,18.848281041755445],[-97.26906218469162,18.847159965987053],[-97.25490502180631,18.833812350615776],[-97.24773235241358,18.83347126190223],[-97.2384682736751,18.852655813972362],[-97.23398497129166,18.855056151012587],[-97.21886463013578,18.843950018366048],[-97.21418180843224,18.831102413398508],[-97.21687639603854,18.827477477050067],[-97.23965671668772,18.823685033731625],[-97.24023446051608,18.814954325717352],[-97.23808519801541,18.79398292434117],[-97.2510220876176,18.78633491592631],[-97.25178834814396,18.768032364792663],[-97.25454221720503,18.763865977259343],[-97.27023027357511,18.751724931576373],[-97.27348478711937,18.753428232459797],[-97.28156937306511,18.754395883784795],[-97.29831731428506,18.762300204030634],[-97.29399488940696,18.781937631181194],[-97.2886260049239,18.784764665420074],[-97.28876941813988,18.79465099749154],[-97.29703374749832,18.806890119741265]]]}},{"type":"Feature","properties":{"clues":"VZIMB001806"},"geometry":{"type":"Polygon","coordinates":[[[-97.1517359781672,20.44550344292546],[-97.1571289763098,20.43087709838475],[-97.16492490449092,20.42940951334506],[-97.17757612208551,20.435791679871915],[-97.18414249231483,20.444692806095574],[-97.19429717582577,20.44510799774086],[-97.20328467877663,20.441102310963853],[-97.21455060660561,20.453070518808826],[-97.20701138019125,20.46459384020626],[-97.20675739947242,20.468843893423276],[-97.19681992575654,20.472324546043662],[-97.184433815386,20.479140256644293],[-97.18177062061174,20.478134476259964],[-97.17206744428357,20.48114724641729],[-97.1632310183259,20.506839495920737],[-97.15229591031134,20.50544448143881],[-97.14734761952842,20.509655115442623],[-97.13216589091367,20.515354680721405],[-97.12509952217466,20.512966482184346],[-97.13325929365124,20.48561823982309],[-97.12183222611294,20.482462079683962],[-97.11087883782663,20.471524198808332],[-97.11328104132738,20.466496894401452],[-97.12053887658963,20.46281775495186],[-97.11835292856783,20.450780907547237],[-97.11238574780248,20.447412869104824],[-97.12206153650904,20.43766007523181],[-97.11745234234107,20.424887717124086],[-97.1253223726403,20.425074428320084],[-97.1324144638177,20.437454634806183],[-97.13428037812862,20.446259219887306],[-97.1517359781672,20.44550344292546]]]}},{"type":"Feature","properties":{"clues":"VZIMB008070"},"geometry":{"type":"Polygon","coordinates":[[[-97.17658543465721,18.755058865451137],[-97.16874481367442,18.74604050912785],[-97.16343475098198,18.72712724753661],[-97.17531398618338,18.729121980577247],[-97.18251141735729,18.74210100984717],[-97.20540883915051,18.733884674933822],[-97.20728678681867,18.757753298633663],[-97.20474115575281,18.761726866897355],[-97.17692849938376,18.75892158184571],[-97.17658543465721,18.755058865451137]]]}},{"type":"Feature","properties":{"clues":"VZIMB007534"},"geometry":{"type":"Polygon","coordinates":[[[-97.1109995252903,18.884545021381843],[-97.11490309519819,18.88705857336552],[-97.11451763713386,18.896691208585384],[-97.12186682177833,18.89651142230655],[-97.12611422009735,18.90053965409156],[-97.12513150065496,18.90671668496845],[-97.12076368224979,18.910923879681032],[-97.11639787789933,18.922421625268598],[-97.10923127891432,18.927536721428215],[-97.10515443617115,18.928549649567643],[-97.10199400425245,18.92738829023885],[-97.09718643546337,18.89741414548895],[-97.09856053959737,18.89293481259884],[-97.10590267665881,18.889250993669293],[-97.10664662060348,18.884033945355593],[-97.1109995252903,18.884545021381843]]]}},{"type":"Feature","properties":{"clues":"PLIMS002452"},"geometry":{"type":"Polygon","coordinates":[[[-97.06865692784548,19.281442653088714],[-97.06836606643868,19.276404779826002],[-97.08209006810415,19.27364684404702],[-97.0890868577114,19.279401310971775],[-97.10191343179527,19.277904570115826],[-97.10386488163093,19.278805003926855],[-97.1060686248738,19.291007124607127],[-97.10206172102494,19.302661865822618],[-97.09599385042758,19.301531414206632],[-97.07668220476516,19.306988978520316],[-97.0734050265242,19.30330139849471],[-97.07340061564149,19.294627243780184],[-97.06865692784548,19.281442653088714]]]}},{"type":"Feature","properties":{"clues":"PLIMS001320"},"geometry":{"type":"Polygon","coordinates":[[[-97.08380504572493,19.176754532596334],[-97.08779815987356,19.17251816140476],[-97.09474697874774,19.178137975270122],[-97.09713013841149,19.196928405867236],[-97.09004291037625,19.20197237775963],[-97.0882272080097,19.21298281494864],[-97.08426896099587,19.213185040362074],[-97.07227684692718,19.209638235168892],[-97.06315585486136,19.211271701029165],[-97.05277064374035,19.201569718951166],[-97.05237048430527,19.19785479588278],[-97.0562675068884,19.19186918061041],[-97.06427122391457,19.183960202638197],[-97.0653143972511,19.17946356711632],[-97.08380504572493,19.176754532596334]]]}},{"type":"Feature","properties":{"clues":"VZIMS003615"},"geometry":{"type":"MultiPolygon","coordinates":[[[[-97.04089655732808,18.874768413477224],[-97.04523901247266,18.875902146937417],[-97.05476615006752,18.88398633942087],[-97.05484493686384,18.889871984039022],[-97.05036714872345,18.895287389502627],[-97.05248960714943,18.901547515886612],[-97.04983996940992,18.90497068189537],[-97.04422431754571,18.90541948421987],[-97.04297342718075,18.90717697148122],[-97.0353620142419,18.905652253840714],[-97.0339930489999,18.90865425220534],[-97.03433221616893,18.919017181589602],[-97.02227045589147,18.918200503942504],[-97.01264037283858,18.912590803574865],[-97.01666484193696,18.906894700793305],[-97.01287010841392,18.898710611157167],[-97.02188010526862,18.89236383957703],[-97.02772898217002,18.891214328194945],[-97.04089655732808,18.874768413477224]]],[[[-96.9913953603188,18.90355808773194],[-97.00116122659115,18.90551950751095],[-97.001360714124,18.910295823877554],[-96.99737490410662,18.91206830648565],[-96.99227708137502,18.910995150094806],[-96.98964004793706,18.90738087169624],[-96.9913953603188,18.90355808773194]]]]}},{"type":"Feature","properties":{"clues":"VZIMB005125"},"geometry":{"type":"MultiPolygon","coordinates":[[[[-96.98000829632385,19.628472125731072],[-97.00160594407272,19.632809231794216],[-97.00673331416573,19.64983924242875],[-97.00087589424585,19.65403807722284],[-97.00472278918298,19.661951411659874],[-97.01956483635557,19.6619630333396],[-97.01867460492123,19.667984029066297],[-97.02283817854328,19.671685266561127],[-97.02665579133058,19.690001959518668],[-97.02007401034952,19.69650201705182],[-97.00469844843545,19.68692020370944],[-97.00331646084538,19.680395262098177],[-96.99021541578689,19.67232163916138],[-96.98026605053859,19.67486134029871],[-96.96936983089988,19.660868433649565],[-96.96799550247385,19.65049368901287],[-96.96292022925549,19.64738655060323],[-96.95870569773801,19.637500396752227],[-96.96572144843677,19.632172030860435],[-96.9733518054678,19.63400673462609],[-96.98000829632385,19.628472125731072]]],[[[-97.03618185671401,19.669184782022818],[-97.04162142918796,19.675224567908973],[-97.04037749065348,19.685429739206842],[-97.03366921006457,19.68672468274939],[-97.03016718506306,19.672488515990953],[-97.03618185671401,19.669184782022818]]]]}},{"type":"Feature","properties":{"clues":"SCCSA003187"},"geometry":{"type":"Polygon","coordinates":[[[-97.0257841682672,20.124221802043675],[-97.02046772548529,20.13171179445683],[-97.01767810609812,20.13923915527471],[-97.02792037728953,20.159027941167977],[-97.02003081324489,20.167965450882786],[-97.003215435343,20.1732832092121],[-96.98735109793762,20.165004904774282],[-96.97775708771935,20.184511346069705],[-96.96400183255905,20.181681580678905],[-96.96270344466522,20.179520141111],[-96.96616443151824,20.16003368200348],[-96.96308837615908,20.156256452968552],[-96.96700792431031,20.144085952186696],[-96.9700757047538,20.140740580985426],[-96.96864343640512,20.125804544417793],[-96.98039333983594,20.130841575434058],[-96.98510829939553,20.129027541996773],[-96.98711957067835,20.12104655058992],[-96.99545230995678,20.118922562520314],[-97.00361210688445,20.11282370038347],[-97.00574123629171,20.1093659222218],[-97.01401851367332,20.10845233379377],[-97.0257841682672,20.124221802043675]]]}},{"type":"Feature","properties":{"clues":"VZIMS001923"},"geometry":{"type":"Polygon","coordinates":[[[-96.93085410134123,18.80474536235728],[-96.9399574843155,18.804208089493233],[-96.94345411983014,18.810527983480966],[-96.94651346664497,18.81164259593905],[-96.9507087942056,18.818759586565964],[-96.94961114849539,18.8298579489036],[-96.94490773338957,18.833773453589455],[-96.93342907251663,18.8361532095892],[-96.92934080971213,18.82972884462608],[-96.91843309119444,18.831128186401212],[-96.90538555048342,18.81639594213035],[-96.88546262010136,18.8246688341742],[-96.87006486320116,18.815449674955765],[-96.8820206939364,18.799874557741305],[-96.90021750722464,18.801527306286083],[-96.90287769583081,18.799614072124285],[-96.90866332234818,18.801585728604273],[-96.91518381921361,18.79437968133443],[-96.9215164763565,18.79379773863285],[-96.92483840438085,18.80082125941137],[-96.93085410134123,18.80474536235728]]]}},{"type":"Feature","properties":{"clues":"VZIMS005814"},"geometry":{"type":"Polygon","coordinates":[[[-96.81907468197024,19.007258226931018],[-96.82762685725415,18.991613743364105],[-96.8307926871089,18.990341440264203],[-96.8350892053455,18.99162010768354],[-96.84352528476971,19.000946610749164],[-96.86124332100025,18.990755160995725],[-96.86417911240989,18.986806045562872],[-96.87227564503635,18.984590317463024],[-96.88369622012203,18.987401307324387],[-96.88481021716892,18.99191955967552],[-96.90121957839465,19.01641728259861],[-96.87143743023896,19.025048013164778],[-96.87130806833659,19.031828881368387],[-96.85038079226071,19.0386243980226],[-96.84655997654949,19.04387199589105],[-96.83510065297574,19.039224116924494],[-96.82718911849229,19.030655271496173],[-96.83607667125594,19.02303267989385],[-96.8349814216543,19.007786395868045],[-96.81907468197024,19.007258226931018]]]}},{"type":"Feature","properties":{"clues":"SCCSA003172"},"geometry":{"type":"Polygon","coordinates":[[[-96.79261641619435,19.49172238776461],[-96.80290071481171,19.49577179559699],[-96.8031809726195,19.51106983103049],[-96.80614696292061,19.512912240978025],[-96.81032007068966,19.526169970842577],[-96.82830882091682,19.52765311008739],[-96.82606949236377,19.534382063991718],[-96.83471934193311,19.552723790462878],[-96.81396103496529,19.55838037246045],[-96.81037475882165,19.55316170037764],[-96.78175814769183,19.545874324605062],[-96.77566171292415,19.53609262120047],[-96.77231092789232,19.534102774953016],[-96.76717816788288,19.516106239251993],[-96.76515854356018,19.513311645065023],[-96.7650622419929,19.49756912746966],[-96.75247046751277,19.495862341937894],[-96.7547673703766,19.47562185364213],[-96.76679149709321,19.47340830399415],[-96.7755812526575,19.4909287731808],[-96.77935946027314,19.492632357435962],[-96.78701945015226,19.493176474572444],[-96.79261641619435,19.49172238776461]]]}},{"type":"Feature","properties":{"clues":"VZIMB001321"},"geometry":{"type":"MultiPolygon","coordinates":[[[[-96.74220903932454,18.77515255470962],[-96.75029258309269,18.771872140964852],[-96.76155976524467,18.775022487614187],[-96.76621427125815,18.783434051071865],[-96.7638442479618,18.79447092861433],[-96.76786331861032,18.79987681862444],[-96.77391237960084,18.80093730797833],[-96.78189550155982,18.809400678310777],[-96.77660251502891,18.812163279835612],[-96.77051353539882,18.823432195761757],[-96.7611940457165,18.8340081361055],[-96.7610886397625,18.83683840029046],[-96.75698344803371,18.839091869322633],[-96.74207204673453,18.83598017732639],[-96.72675025951435,18.847611177311666],[-96.72428141048324,18.846383053086953],[-96.72140936081729,18.8419017697653],[-96.72485289149063,18.8285268400995],[-96.7223591379981,18.824416742355226],[-96.73004005979108,18.822969240411524],[-96.72891483230678,18.819381634320543],[-96.73161122248439,18.813597021777777],[-96.73701308029186,18.81655097480717],[-96.74171664789154,18.816114114147265],[-96.74213068991098,18.813303910692948],[-96.7492930744429,18.80704660234396],[-96.75009102619882,18.80228430637964],[-96.73835913624502,18.799494697218723],[-96.74220903932454,18.77515255470962]]],[[[-96.64775306949348,18.807243313161866],[-96.65782606525902,18.807623649389996],[-96.66507937172717,18.81295986148835],[-96.6582947826324,18.81618878774313],[-96.65018133016981,18.816189713536655],[-96.64775306949348,18.807243313161866]]]]}},{"type":"Feature","properties":{"clues":"VZIMB001316"},"geometry":{"type":"Polygon","coordinates":[[[-96.71116187416187,18.764265749882345],[-96.72418457927408,18.76555126786737],[-96.7318930796432,18.774160430597593],[-96.74146446966834,18.775328143915377],[-96.73835913624502,18.799494697218723],[-96.75009102619882,18.80228430637964],[-96.7492930744429,18.80704660234396],[-96.74213068991098,18.813303910692948],[-96.74171664789154,18.816114114147265],[-96.73701308029186,18.81655097480717],[-96.73161122248439,18.813597021777777],[-96.72891483230678,18.819381634320543],[-96.73004005979108,18.822969240411524],[-96.7223591379981,18.824416742355226],[-96.72485289149063,18.8285268400995],[-96.72140936081729,18.8419017697653],[-96.72428141048324,18.846383053086953],[-96.71163247702208,18.854815937647654],[-96.69557550216805,18.85091099202436],[-96.68644338985825,18.85419090028477],[-96.67815442996523,18.84417393249995],[-96.67733222507151,18.839714604312082],[-96.69816064484945,18.82383836292213],[-96.69552127719605,18.816751103249484],[-96.69714063428927,18.80583375054544],[-96.69598210631045,18.8010431361057],[-96.6994268934306,18.796586340428004],[-96.69640749957274,18.791057034667258],[-96.69889037829046,18.786723678967526],[-96.70455308521915,18.78271400384201],[-96.71116187416187,18.764265749882345]]]}},{"type":"Feature","properties":{"clues":"SCCSA003350"},"geometry":{"type":"Polygon","coordinates":[[[-88.95561622149583,21.25030025372667],[-88.93866536842084,21.27388888664125],[-88.93483124280577,21.27595825346216],[-88.93121125457142,21.274711047964267],[-88.92798387621195,21.28097695055476],[-88.92408770053306,21.27963029437249],[-88.92551029658702,21.252369980126026],[-88.87490762457128,21.24138811063149],[-88.87244646699945,21.229818608040585],[-88.90436694994743,21.18822296440516],[-88.92055866252423,21.19046077508948],[-88.94173959532431,21.189953335406052],[-88.97526138839825,21.194397539745186],[-88.9875544098386,21.207358349561186],[-88.98725262972543,21.20975346873151],[-88.96496547321019,21.249650424562233],[-88.95561622149583,21.25030025372667]]]}},{"type":"Feature","properties":{"clues":"QRIMB000870"},"geometry":{"type":"Polygon","coordinates":[[[-88.80909666694079,18.811545342251694],[-88.79510313477745,18.71868630403681],[-88.8698857729893,18.730782338612638],[-88.91721157002641,18.7322198160741],[-88.92303017294061,18.744429287741898],[-88.82082208488409,18.80329459113582],[-88.80909666694079,18.811545342251694]]]}},{"type":"Feature","properties":{"clues":"SCCSA002258"},"geometry":{"type":"Polygon","coordinates":[[[-88.74446645776024,19.740901779045288],[-88.74608111468126,19.75695375100862],[-88.72604562087538,19.76537915116972],[-88.71570823673194,19.77607500462296],[-88.69141973222972,19.782042020044162],[-88.6693179742451,19.790074406707667],[-88.66900964013224,19.810550619677326],[-88.65872651602938,19.834658576214],[-88.62144318451587,19.803933609143193],[-88.61473068328465,19.795709027731657],[-88.61281045003467,19.733796810673027],[-88.6218671167304,19.73418560595791],[-88.66854926519403,19.690535955636935],[-88.69570370200618,19.699276175309198],[-88.72297271145005,19.692975945665307],[-88.74224127816541,19.710201395566493],[-88.77553862872294,19.69362143500041],[-88.79883006287231,19.685571023053395],[-88.79770868033282,19.696814293400347],[-88.77974624837799,19.72681735803585],[-88.74818853487753,19.7254754669896],[-88.74446645776024,19.740901779045288]]]}},{"type":"Feature","properties":{"clues":"YNSSA001504"},"geometry":{"type":"Polygon","coordinates":[[[-88.26054345269979,20.649291284765507],[-88.26796039043855,20.635513330713735],[-88.28673755489633,20.65417414691933],[-88.27291849665566,20.68438914704509],[-88.2728600013482,20.69036544739293],[-88.26177126299281,20.692405677459412],[-88.24829880847706,20.70053223535154],[-88.23937315081055,20.692296881766815],[-88.2299353929841,20.679425147297692],[-88.23320938466125,20.662948667643835],[-88.2383300269387,20.663420246031407],[-88.244544286186,20.66082428718567],[-88.26054345269979,20.649291284765507]]]}},{"type":"Feature","properties":{"clues":"YNSSA001533"},"geometry":{"type":"Polygon","coordinates":[[[-88.1544383729724,20.733012434176057],[-88.16240689727763,20.74419495749178],[-88.16670218520918,20.73815651552514],[-88.17663197556482,20.744211949412925],[-88.16193004565335,20.761617788831867],[-88.15423548198824,20.76436727653394],[-88.15148393881111,20.768892658345735],[-88.14991699808287,20.777358669451118],[-88.15082593956907,20.782551210311762],[-88.14946926979431,20.78469978911584],[-88.12966855723725,20.78375794503366],[-88.11554710263296,20.77113935994284],[-88.1147650039736,20.76790433633719],[-88.12227828222336,20.76392487447014],[-88.13057052969528,20.752902621042786],[-88.14340303790318,20.74858310134763],[-88.14809251565451,20.74549476230998],[-88.1544383729724,20.733012434176057]]]}},{"type":"Feature","properties":{"clues":"QRIMB001495"},"geometry":{"type":"Polygon","coordinates":[[[-88.03616339151245,20.282125604974485],[-88.04393937995056,20.29562842068711],[-88.03737362591417,20.320169600405652],[-87.99740881825495,20.340356109506118],[-87.98462461272685,20.33114461554095],[-87.98226501447779,20.325761039147295],[-88.00690762574459,20.27625003829273],[-87.98938027461762,20.25298883921356],[-88.01091950436303,20.224195284922562],[-88.05625775996867,20.24470414382002],[-88.04918508567036,20.263909244439937],[-88.03616339151245,20.282125604974485]]]}},{"type":"Feature","properties":{"clues":"YNIMS001121"},"geometry":{"type":"Polygon","coordinates":[[[-87.81122136391758,21.24637242460155],[-87.85329403137206,21.29686779298696],[-87.84827694701049,21.318867863717355],[-87.83621041198049,21.342897867757937],[-87.82892083847867,21.348497141225998],[-87.82572402059702,21.356785994082085],[-87.76120500381194,21.348448378568044],[-87.75502554092957,21.361991722859614],[-87.7551074898406,21.37523011740606],[-87.74887844700663,21.379833350522993],[-87.74735256800965,21.383371272977822],[-87.73315502614268,21.389598224870642],[-87.72567605902658,21.401693913136036],[-87.70952233035027,21.362289431615917],[-87.66824799015812,21.383402528840055],[-87.64391335610361,21.38872879128389],[-87.6414312415369,21.387669811443676],[-87.64139373480208,21.346269989512567],[-87.62325231265586,21.320357751538356],[-87.62732739418446,21.296120424771967],[-87.64914290231499,21.26396537260962],[-87.65653167344706,21.26378227685596],[-87.68242573697184,21.276504156717593],[-87.70527295565451,21.252900643557016],[-87.71301927360263,21.24811127697388],[-87.71463794930828,21.248518945981957],[-87.73350927068388,21.24047915619308],[-87.75506961074893,21.241553490678694],[-87.77004419489707,21.22897788033917],[-87.77413241644973,21.229899127319964],[-87.80996892435275,21.222223554141223],[-87.81360330589187,21.226857204523387],[-87.81122136391758,21.24637242460155]]]}},{"type":"Feature","properties":{"clues":"SCCSA002300"},"geometry":{"type":"MultiPolygon","coordinates":[[[[-87.51846688012103,19.626377719809447],[-87.52001919967913,19.622825489398522],[-87.51905787974678,19.628573079465124],[-87.51657386011172,19.629772739016573],[-87.5150318597187,19.628930429802907],[-87.51846688012103,19.626377719809447]]],[[[-87.60948957821294,19.73614407415241],[-87.61609615176023,19.723883901745253],[-87.62873471956831,19.71036464956682],[-87.63465108966288,19.698410419630278],[-87.64280948017597,19.688030730202197],[-87.65285886490804,19.649998383667022],[-87.65825772036388,19.635293292496332],[-87.65899350600125,19.64667576714165],[-87.65703336973885,19.646931139541067],[-87.65941017913939,19.653121627443095],[-87.65599999974512,19.65599999910256],[-87.6566000003023,19.660399999201154],[-87.65079999984471,19.675599999506524],[-87.65335402286641,19.679579339090605],[-87.6511872333649,19.68090213264195],[-87.65176805195829,19.684074002115867],[-87.64997669436268,19.684722126985356],[-87.64910000037575,19.688099999412817],[-87.65120580564503,19.68814421881266],[-87.65602098001969,19.681581249553446],[-87.6612655130764,19.68182331775045],[-87.66995591382921,19.786762096320512],[-87.63431102604342,19.85158858231164],[-87.59327569566437,19.89906209273119],[-87.57662204470951,19.9653341760069],[-87.56931440163905,19.982145222140804],[-87.47577966362157,19.997994909583593],[-87.47153802970412,19.99247385925951],[-87.46432632327256,19.9945074019701],[-87.46381580986198,19.98597405998187],[-87.46680603132789,19.983507987843208],[-87.46795269289892,19.98036233962477],[-87.46668920029393,19.97026295538947],[-87.46466903740489,19.96614839117177],[-87.46504129201713,19.958631119560362],[-87.46312106669669,19.953866843630188],[-87.45763355419352,19.947286206835933],[-87.4564427532136,19.94171398438088],[-87.45124360073379,19.93136954732604],[-87.44696821997307,19.929030229236812],[-87.44550294331145,19.930602139840634],[-87.43952561825702,19.930622483599933],[-87.43744120958213,19.929872953203333],[-87.43599925662969,19.927077086206587],[-87.43213881903809,19.90824111473103],[-87.42992645331162,19.885021861620572],[-87.43190786018482,19.88390314965795],[-87.43620839730548,19.872414477792205],[-87.4354184163649,19.865201855063447],[-87.44410570931613,19.85315492199254],[-87.4485584019325,19.8390482801009],[-87.45204878498635,19.83439576774217],[-87.45901822730086,19.833162255118328],[-87.46757429265806,19.828022619519935],[-87.47248081911502,19.81884918079465],[-87.47386708017378,19.818753489474126],[-87.47691619290664,19.80821233546694],[-87.47675379466983,19.803296011927518],[-87.46828485589069,19.783612081086634],[-87.4696231842765,19.780233008544982],[-87.47698987958577,19.77721564980857],[-87.4810913997015,19.781192118920522],[-87.47565614011924,19.781536979615527],[-87.47561360007928,19.78401450903357],[-87.48647039981205,19.786958199802754],[-87.48517293953537,19.793751319412248],[-87.48719102975441,19.80129602970282],[-87.48106228964477,19.803483319521693],[-87.48090132038737,19.80806833987043],[-87.48328025954113,19.8112237095947],[-87.48256023030625,19.81231104980117],[-87.48019286006732,19.811359460925637],[-87.48016972025343,19.813615249873926],[-87.47710574017617,19.814921199454307],[-87.47667964163632,19.817231225285425],[-87.47793537040187,19.817113349154774],[-87.47397114979981,19.822349619180162],[-87.47499073982773,19.824838599549246],[-87.47250147394948,19.826021879916293],[-87.4750417798077,19.82567454952643],[-87.47413242003759,19.82690813985469],[-87.47689908006632,19.82839547899155],[-87.47530378741921,19.8288600756622],[-87.4759153100828,19.831679479479114],[-87.47249799966053,19.835836459503238],[-87.47048004993434,19.836886999778862],[-87.46944728975511,19.835614799315856],[-87.47262623003,19.832621889837135],[-87.47262028021625,19.83060714920149],[-87.47207516984977,19.83255387948881],[-87.46685614988102,19.836146619206794],[-87.46783328009785,19.837481429060816],[-87.46684548978298,19.838386769608025],[-87.46493678003107,19.83676674983842],[-87.45202007987355,19.8369752290972],[-87.4488926197615,19.846442579455946],[-87.44880833989288,19.851373969759432],[-87.43851071026882,19.866422429174555],[-87.44195441986926,19.875411849485612],[-87.43351319121571,19.885947855828718],[-87.43749181965994,19.886624999554044],[-87.43800311964058,19.885462889493223],[-87.43853463042551,19.887394539370852],[-87.43291333965922,19.886451719314277],[-87.43116074959218,19.888260799154917],[-87.43293418643124,19.908619755620453],[-87.435220339787,19.911842139197866],[-87.43531368046528,19.915231938988565],[-87.43643756265736,19.915000612936737],[-87.4361575201963,19.91207593923314],[-87.43826676087137,19.913166231058828],[-87.43649476990718,19.91015774910095],[-87.43974980006341,19.91095242960058],[-87.45021265035471,19.92156205944739],[-87.45493050961724,19.922093799563132],[-87.45890680007703,19.924810429438352],[-87.4608430303617,19.92725437942003],[-87.45590822033536,19.929889739373017],[-87.457716450015,19.932542459836185],[-87.45665349042476,19.93348308908047],[-87.45773478014665,19.93828968959993],[-87.45970085014514,19.938284619126264],[-87.4618614801156,19.942013219045958],[-87.46740128984204,19.94507293953673],[-87.4716958549216,19.943823386986693],[-87.47344265644655,19.940563543312543],[-87.47297866132412,19.93816028865629],[-87.46916854899747,19.931991535038975],[-87.46493370437105,19.928585337103158],[-87.46567133694263,19.923241067419177],[-87.46245816779398,19.9160394034678],[-87.46014688968434,19.915456019408403],[-87.45877970447145,19.91795069318128],[-87.457284925615,19.917080048427522],[-87.46401219650768,19.905470243602526],[-87.46355401289891,19.89384599906237],[-87.45956365735177,19.89127047178159],[-87.45916669928233,19.88769400152555],[-87.45289822038563,19.88833925968483],[-87.4499957701115,19.890710909108268],[-87.4474506200287,19.89020581949655],[-87.4504841645542,19.885649398605132],[-87.45383206690337,19.885271064389784],[-87.45646137112331,19.881294985330392],[-87.45517832033535,19.87474370969595],[-87.45977730935775,19.86669596848658],[-87.45937394016569,19.85839104973178],[-87.4617613203898,19.861021979399066],[-87.464125179353,19.861291380813768],[-87.47433306630293,19.85526896437535],[-87.47769762411521,19.849217994499398],[-87.47991290232329,19.839609731623828],[-87.48420806795362,19.83749830009062],[-87.48752206164504,19.833058226131843],[-87.48834059621231,19.828958415329296],[-87.48625072030107,19.826891089235595],[-87.4872329203067,19.82476805963104],[-87.48951193842818,19.825313194457777],[-87.49084572909165,19.824109537412433],[-87.49381258023523,19.810889509235952],[-87.4977229396172,19.80690362934855],[-87.50267767997073,19.80664316907006],[-87.51490169935529,19.799009793122753],[-87.52160125993612,19.80087134980642],[-87.52574253979343,19.79666773954868],[-87.53325149036947,19.795553659127343],[-87.53773150976217,19.797029139650416],[-87.54019999966144,19.79969999976536],[-87.54415942994589,19.799391279047303],[-87.54324279997313,19.79666108974296],[-87.54629337003763,19.7959555096243],[-87.5523076198437,19.800308109571223],[-87.55294045957042,19.802647689230355],[-87.55159841990645,19.80495841915353],[-87.55407075950237,19.808486096358244],[-87.56153181098458,19.805055675110538],[-87.56840446005968,19.795981399343223],[-87.57456719358935,19.793291192216675],[-87.5796139375082,19.788934558591478],[-87.58704404295905,19.77423722254611],[-87.58523753985779,19.771925289638567],[-87.58777273975731,19.771891369724504],[-87.59481188637037,19.763691864092433],[-87.60259033079029,19.750010383681506],[-87.60651644220594,19.739042258116793],[-87.60948957821294,19.73614407415241]]],[[[-87.50174560038867,19.711464829771554],[-87.48530117029951,19.707540629621644],[-87.47974247956624,19.70463161945583],[-87.48645137992297,19.704153089398265],[-87.50595456988948,19.71055819962983],[-87.50174560038867,19.711464829771554]]],[[[-87.44915195603238,19.61822111605899],[-87.44514788045049,19.622767549280166],[-87.44659128970656,19.625995029291786],[-87.44966760114339,19.62799095161355],[-87.45048673120094,19.629477162505232],[-87.44903300025713,19.630372449712652],[-87.45131211043517,19.631531799576894],[-87.45088656981284,19.633338709351833],[-87.45334849010167,19.637584279838098],[-87.45453502675339,19.633864472421696],[-87.4567023999465,19.638114629549943],[-87.4572545202444,19.643020999276178],[-87.45563880000518,19.642675579806],[-87.45445439964874,19.648017169284355],[-87.45302442606989,19.647557556675803],[-87.45254258473281,19.64162437009288],[-87.45000489017993,19.639215760562656],[-87.4481775431733,19.631994849991695],[-87.43523855195323,19.622111285792034],[-87.42771482005776,19.618271540813435],[-87.44915195603238,19.61822111605899]]],[[[-87.4572273399048,19.691534349368812],[-87.46226835012851,19.69248017919006],[-87.46427138037957,19.694702539281902],[-87.45996620017392,19.695500149489213],[-87.4572273399048,19.691534349368812]]],[[[-87.46544775005374,19.69831674980755],[-87.46425267976204,19.69376591949156],[-87.46816737014153,19.694771248969882],[-87.4669470503774,19.697682749015925],[-87.46810779996449,19.698983939737435],[-87.46544775005374,19.69831674980755]]],[[[-87.47031809023775,19.703259889569416],[-87.46831414973288,19.699173738973894],[-87.47130134973256,19.699373319110514],[-87.47818637949804,19.7042715695982],[-87.47031809023775,19.703259889569416]]],[[[-87.47845154987168,19.704628479142787],[-87.47953111013331,19.70395781958935],[-87.47908034039888,19.705254649350266],[-87.47845154987168,19.704628479142787]]]]}},{"type":"Feature","properties":{"clues":"YNIMS001116"},"geometry":{"type":"Polygon","coordinates":[[[-87.71795056424682,21.01134609949403],[-87.71916638648597,21.035234051728374],[-87.72826092514117,21.058707602976405],[-87.75144358181257,21.092437544663788],[-87.72557156797004,21.107105724483223],[-87.69469132472722,21.136720824066284],[-87.68486462704901,21.143384999068655],[-87.63585917112151,21.12432049411378],[-87.61528479795565,21.124733358800917],[-87.57979136120738,21.107439134311587],[-87.57933543200413,21.088346583816122],[-87.57318861720051,21.07483907312543],[-87.59059273201727,21.040693628693397],[-87.64576049879705,21.014318317513876],[-87.64805283619795,21.00709587763797],[-87.66050025214803,20.994537047986242],[-87.66390936809637,20.97939700072273],[-87.66216976692029,20.962640261765795],[-87.69933446039124,20.955313249381426],[-87.70773519209104,20.939453177088918],[-87.75715258349004,20.9439942154965],[-87.7621049485798,20.965076581315966],[-87.75103393509137,20.98242436046298],[-87.72645071232051,20.993042402818606],[-87.71795056424682,21.01134609949403]]]}},{"type":"Feature","properties":{"clues":"QRIMB001034"},"geometry":{"type":"Polygon","coordinates":[[[-86.84813608428013,21.143597110643018],[-86.85072691189832,21.14082758688414],[-86.85538329806442,21.14238556564485],[-86.86165204336241,21.140458661073943],[-86.86608498986679,21.14167253265895],[-86.86639303573025,21.1464851313938],[-86.86291491607604,21.147193803694933],[-86.86272336640057,21.151587602812032],[-86.85785644950805,21.155664191712],[-86.84949375989292,21.158096912748686],[-86.84432782414962,21.153372012506328],[-86.84650351606288,21.150361337719705],[-86.8514151680711,21.149485151899658],[-86.84813608428013,21.143597110643018]]]}},{"type":"Feature","properties":{"clues":"ZSIMS001753"},"geometry":{"type":"Polygon","coordinates":[[[-102.31231589909541,23.13671371471589],[-102.32559491337948,23.12387920358631],[-102.33149730153559,23.12384563488952],[-102.35049189813216,23.11514616750352],[-102.3763953511487,23.12591807802403],[-102.37344531363962,23.164900914218446],[-102.37918500268248,23.175083337219654],[-102.38768546103856,23.205629717366094],[-102.3801554615154,23.21331673822209],[-102.34937663087538,23.202082796671743],[-102.34409153830525,23.194528352814803],[-102.29538102900435,23.19318919916538],[-102.28388075717886,23.208816769571744],[-102.22519232474879,23.202208099588905],[-102.21773201223705,23.191424710215966],[-102.22152808641198,23.138562024391465],[-102.25833139343216,23.14708487397566],[-102.26135242371285,23.15023636015734],[-102.28067366105803,23.157266424231473],[-102.27927942219769,23.13980420436135],[-102.28275909148029,23.128327213385653],[-102.31231589909541,23.13671371471589]]]}},{"type":"Feature","properties":{"clues":"SCCSA002419"},"geometry":{"type":"Polygon","coordinates":[[[-100.71736080591894,22.626568898035927],[-100.67797756122567,22.692089617764204],[-100.66966615347856,22.696443594711116],[-100.64057017692762,22.612043157047534],[-100.6624004946866,22.59711313922765],[-100.68430880313676,22.571939587538584],[-100.76165691681618,22.599318538166177],[-100.71736080591894,22.626568898035927]]]}},{"type":"Feature","properties":{"clues":"SPIMB000824"},"geometry":{"type":"Polygon","coordinates":[[[-100.3685720154937,22.066343543973012],[-100.37789307091826,22.07192224976795],[-100.39114781612312,22.108149886481446],[-100.3957871230057,22.11488022974041],[-100.45736004500819,22.10774241559432],[-100.46544151545184,22.140933290322977],[-100.4640866106428,22.164341450951117],[-100.4616720679665,22.167822113550752],[-100.41728160703762,22.197112138607064],[-100.408047947962,22.204995909717773],[-100.36982501770099,22.276337593936127],[-100.35425149809382,22.26665917999481],[-100.33357226379046,22.206046139150363],[-100.35301295429548,22.15460148164911],[-100.33292937382119,22.135894344555894],[-100.32823061914947,22.1346622194748],[-100.28352488211853,22.137951150125602],[-100.27072106036765,22.121272507166474],[-100.23635454609146,22.09699989887445],[-100.23967966244575,22.092982524115495],[-100.2586163781685,22.079730387428167],[-100.29013192325277,22.052747154399665],[-100.29707060311202,22.051562663035313],[-100.321649301819,22.041208106479054],[-100.34638744054145,22.053995171290133],[-100.35456447932089,22.065171369282407],[-100.3685720154937,22.066343543973012]]]}},{"type":"Feature","properties":{"clues":"SPIMB003134"},"geometry":{"type":"Polygon","coordinates":[[[-100.32545923170461,22.865923595031365],[-100.37799145943367,22.85557382354454],[-100.3668507433344,22.91875888206193],[-100.3836182920521,22.9814094936689],[-100.3040691808992,22.969989000859663],[-100.28033402023274,22.94687004434371],[-100.28015235278725,22.92424645571018],[-100.28875060763819,22.916983550155486],[-100.32545923170461,22.865923595031365]]]}},{"type":"Feature","properties":{"clues":"SPIMS000796"},"geometry":{"type":"Polygon","coordinates":[[[-99.61565220852633,22.509698796405857],[-99.62249690169203,22.530951007725523],[-99.65123529032451,22.543864628086485],[-99.66304058524902,22.542270034219168],[-99.73231308052469,22.586932894776567],[-99.72628225223113,22.60874195568535],[-99.72872769663833,22.65235444211776],[-99.708038083163,22.66050365791905],[-99.67237566676955,22.686710637257917],[-99.64902564545923,22.71143201514779],[-99.5940472528912,22.68288569260579],[-99.59802050161639,22.65130392978691],[-99.58586645342022,22.628706824638723],[-99.58233777713933,22.624937174742456],[-99.56834637806459,22.61654146522948],[-99.55918599607725,22.606044063901827],[-99.55689507725903,22.5987104506892],[-99.54286814754927,22.571648248672876],[-99.53732346834886,22.56851378604375],[-99.50129127663517,22.53435121976401],[-99.51510631703002,22.523983613162862],[-99.53726797356606,22.453000862767666],[-99.54260626496813,22.454751687897485],[-99.54972117254974,22.47072506464676],[-99.5822436458987,22.491823134304045],[-99.5832756738782,22.495426134054963],[-99.5874392145901,22.49799459674311],[-99.61565220852633,22.509698796405857]]]}},{"type":"Feature","properties":{"clues":"SPIMS000492"},"geometry":{"type":"Polygon","coordinates":[[[-99.53362756463943,22.07610609926885],[-99.55271424762923,22.096468257939687],[-99.55817845474871,22.122304468977234],[-99.56906207080729,22.132885115728666],[-99.56981153565907,22.141048233473565],[-99.57240042280854,22.14751014957724],[-99.58188557716274,22.160808082400322],[-99.61609449937622,22.173403118217447],[-99.61995195691696,22.22665645178992],[-99.57920355725403,22.218861774514547],[-99.54833880679324,22.219513961977338],[-99.52344775539702,22.189151446941917],[-99.51326412082625,22.15557795212103],[-99.51013832649643,22.150701692818256],[-99.49592499248752,22.142574805347582],[-99.49156338972843,22.129282750805896],[-99.46253866530992,22.11572392749909],[-99.44242731937354,22.120802652088397],[-99.42831925943375,22.101181476784866],[-99.43249570207058,22.087573831152646],[-99.45169310395049,22.06823166602716],[-99.4610898590986,22.067864890059813],[-99.48195754000072,22.07996179157491],[-99.49702501507053,22.101386658282944],[-99.53362756463943,22.07610609926885]]]}},{"type":"Feature","properties":{"clues":"SCCSA002349"},"geometry":{"type":"Polygon","coordinates":[[[-99.5033074655452,22.45017000831003],[-99.5155031431152,22.450355932311872],[-99.52948255542462,22.445548483538005],[-99.53726797356606,22.453000862767666],[-99.51510631703002,22.523983613162862],[-99.50129127663517,22.53435121976401],[-99.4951356380373,22.534074373991505],[-99.47732817206726,22.5398970723666],[-99.42484327260753,22.50951347792808],[-99.42534344628514,22.496067182562907],[-99.45176201902741,22.459536195050905],[-99.46179275459431,22.45879407084657],[-99.5033074655452,22.45017000831003]]]}},{"type":"Feature","properties":{"clues":"TSIMS001145"},"geometry":{"type":"Polygon","coordinates":[[[-99.3578560010286,22.88538441232063],[-99.38372517047321,22.86028207938674],[-99.38867658942017,22.86185384070926],[-99.39552277094096,22.87065601746576],[-99.4063457768676,22.87335136956683],[-99.41573509055007,22.901022449833423],[-99.40705623099427,22.91072754238945],[-99.42368289372222,22.935795463140384],[-99.4083439632386,22.95831740338489],[-99.37786820630545,22.971200054376503],[-99.35578906117884,22.95291571114741],[-99.3595478877627,22.945440708844778],[-99.36116645271952,22.890866634949425],[-99.3578560010286,22.88538441232063]]]}},{"type":"Feature","properties":{"clues":"TSIMB002153"},"geometry":{"type":"Polygon","coordinates":[[[-99.33190728617038,23.087944139219353],[-99.27190144234122,23.11027581090878],[-99.25997841736117,23.10538933376744],[-99.24128017569876,23.10124549224563],[-99.22322271447767,23.091233841878626],[-99.21509430219731,23.055674923842272],[-99.19496731211072,23.01161291403395],[-99.20062577735011,22.989882018575955],[-99.2281371357952,22.9845036473486],[-99.27648028940641,22.94184431169636],[-99.29158220756341,22.948091784335364],[-99.30401255038349,22.95523503720345],[-99.33190728617038,23.087944139219353]]]}},{"type":"Feature","properties":{"clues":"SCCSA002948"},"geometry":{"type":"Polygon","coordinates":[[[-99.07135357266587,22.84146701361676],[-99.06466970053711,22.832823136527118],[-99.06767904591929,22.8110958083426],[-99.11044545137386,22.821940064323776],[-99.11026237483539,22.825147171428846],[-99.11531006724114,22.836317212956033],[-99.13952795518836,22.862991746383525],[-99.15223254472387,22.8997157627053],[-99.11565645262905,22.90392339705936],[-99.11111697452316,22.902060397084007],[-99.1023086875922,22.88694456675304],[-99.09089374450566,22.880658600840032],[-99.0858024057977,22.879709599841725],[-99.086693513093,22.843541516579823],[-99.07135357266587,22.84146701361676]]]}},{"type":"Feature","properties":{"clues":"SPIMS000936"},"geometry":{"type":"Polygon","coordinates":[[[-99.09542689471357,22.25105153368754],[-99.09303033782818,22.28991568582018],[-99.11323776948566,22.303443114919755],[-99.1204087958477,22.314189541836043],[-99.10570968773246,22.346580594351966],[-99.08247317091464,22.357283744545317],[-99.06208678538619,22.343252279222693],[-99.02805205037939,22.370069259076413],[-99.01200525396398,22.393763020807697],[-98.9759778937109,22.41583803587097],[-98.95453122520652,22.333668718341755],[-98.93818916365397,22.32421215949229],[-98.92087798998152,22.282007042266493],[-98.91755087464527,22.254529076248833],[-98.92183992128604,22.24046584722662],[-98.91547353933328,22.21182377620433],[-98.9237251252793,22.195183512509438],[-98.93048772902914,22.195223841847728],[-98.97729463516403,22.175688752855656],[-99.01428416238363,22.16907287915842],[-99.01970553247386,22.177452536456492],[-99.07034641801681,22.171735819538892],[-99.07439390866739,22.180908170911394],[-99.07644929149951,22.195448673135196],[-99.06960523537306,22.2287545547543],[-99.09299350051357,22.24423105992459],[-99.09542689471357,22.25105153368754]]]}},{"type":"Feature","properties":{"clues":"SCCSA002337"},"geometry":{"type":"Polygon","coordinates":[[[-98.98180936354058,22.016247089514675],[-98.98617288241458,22.01687693218528],[-98.99058362287876,22.01987245987467],[-98.98914819521397,22.025161382557524],[-98.99093690342396,22.02824957155015],[-98.99890401850632,22.028854564776616],[-99.00180027394954,22.02759622935264],[-99.00939232401598,22.033197776950423],[-99.01382407986266,22.0440464533479],[-99.00937704384853,22.064473831431492],[-98.99928504051593,22.065702276741757],[-98.97857582960569,22.06244907487261],[-98.97097063589213,22.067173221913265],[-98.94667551220647,22.064104809308187],[-98.94686163009811,22.094301094954627],[-98.9405988602204,22.111152314508097],[-98.90379281196192,22.126559061522208],[-98.89127207223606,22.10790441198274],[-98.89630466436718,22.07029386227155],[-98.89094350856404,22.054484999885364],[-98.91211202038696,22.01578032335877],[-98.93088398223982,22.021352890590514],[-98.9567861956516,21.992915244906456],[-98.9688505932715,21.99663244860083],[-98.9762088027096,22.00172964482538],[-98.98180936354058,22.016247089514675]]]}},{"type":"Feature","properties":{"clues":"TSIMB000671"},"geometry":{"type":"Polygon","coordinates":[[[-98.96745816710536,22.74944402583417],[-98.97842311345862,22.7536537359912],[-98.97935082742708,22.758110303869426],[-98.98285380470281,22.76332326868653],[-98.97627103196596,22.766906903347163],[-98.97446502554324,22.776204121537543],[-98.96729614814119,22.776695374783166],[-98.96494230839049,22.7732235197359],[-98.9593434314886,22.770135820357897],[-98.96095370573475,22.763457972737573],[-98.95992877961186,22.761237161149875],[-98.96188586919897,22.75735878665162],[-98.9650650381394,22.756960781778748],[-98.96608187832878,22.750481659180867],[-98.96745816710536,22.74944402583417]]]}},{"type":"Feature","properties":{"clues":"VZIMB004734"},"geometry":{"type":"Polygon","coordinates":[[[-98.42451141631761,21.609411959485378],[-98.42254367306678,21.59540526650984],[-98.42559784760113,21.582490338516966],[-98.4189597028604,21.583644575398008],[-98.39569359286601,21.579421936736008],[-98.39170336378267,21.57232258386975],[-98.39745425860977,21.558242552233633],[-98.40778214025921,21.553430835009234],[-98.41651238078637,21.547290993572002],[-98.42464678334137,21.551125692195185],[-98.43222642348174,21.57362741349102],[-98.44085667769319,21.571360876465956],[-98.45855492584742,21.57418112912262],[-98.46280059206077,21.578012095668537],[-98.45529045878081,21.597893613851863],[-98.4653613386238,21.60297996235222],[-98.47030847161162,21.60790177627129],[-98.47276593135959,21.61731844248128],[-98.45336016348415,21.62646946809056],[-98.47233518341328,21.64925138209873],[-98.47036383400318,21.66208238844232],[-98.45774819337691,21.660243777712886],[-98.43415241793736,21.679834835754242],[-98.43093333769542,21.676831055862],[-98.4302472188842,21.673117821632527],[-98.42103327541712,21.658216528642754],[-98.42209452742848,21.65698599192527],[-98.42076474876545,21.647661349413625],[-98.41460046813839,21.643042042888275],[-98.41836242099149,21.62612222061853],[-98.4068358922573,21.624266927245213],[-98.40171130420055,21.616914954180746],[-98.40108404253508,21.610814363449098],[-98.4078523148608,21.60565383705925],[-98.42451141631761,21.609411959485378]]]}},{"type":"Feature","properties":{"clues":"SCCSA003208"},"geometry":{"type":"Polygon","coordinates":[[[-98.3053634858354,22.123426587232295],[-98.34252814241108,22.12635514717263],[-98.36450080432321,22.133550337468037],[-98.35557886107978,22.167256904392325],[-98.35310187579172,22.171062528847102],[-98.33110848905486,22.188427940372645],[-98.32540388454781,22.203135543489605],[-98.3088230825154,22.205981656077807],[-98.30266702845317,22.21571205327868],[-98.28905921022758,22.21949227419462],[-98.2777800124241,22.20703834256445],[-98.24934164238896,22.21788919906391],[-98.23909347992435,22.226945336146663],[-98.22046526483756,22.21783627983428],[-98.2268121536716,22.181397835131968],[-98.2360671493083,22.17907006324341],[-98.2431124450811,22.16719515910005],[-98.24789883698892,22.156007803705094],[-98.24977555258441,22.155579230158718],[-98.2564375554151,22.131150076724566],[-98.27792858192927,22.11228373147159],[-98.29380390156206,22.11358159346677],[-98.3053634858354,22.123426587232295]]]}},{"type":"Feature","properties":{"clues":"SCCSA002450"},"geometry":{"type":"Polygon","coordinates":[[[-109.30564053240823,25.901057253834452],[-109.27536384382849,25.890695292010633],[-109.273637651017,25.877606759611258],[-109.29121827570336,25.846092948564852],[-109.30732390599506,25.86784123769085],[-109.30564053240823,25.901057253834452]]]}},{"type":"Feature","properties":{"clues":"SLIMB000183"},"geometry":{"type":"Polygon","coordinates":[[[-109.11573312906275,25.936276742758007],[-109.12986081686746,25.937481001678115],[-109.13062711038795,25.935951914055444],[-109.14564653915387,25.933686442164298],[-109.1536744058336,25.942108119641155],[-109.1486743994549,25.955800272743783],[-109.15408033406972,25.964374716945574],[-109.15640449340245,25.963236608626474],[-109.18502389291099,25.964693384449703],[-109.1959112193693,25.97557173177255],[-109.18457550869167,26.02601775590985],[-109.14484410041564,26.01333296985072],[-109.14248564848435,25.988443293510404],[-109.11749523846987,25.962718805857765],[-109.10135014705918,25.96977339057674],[-109.09846340974393,25.954609802234614],[-109.10138768118416,25.951689604068523],[-109.09597227874855,25.94209274730171],[-109.10247728178055,25.939643389575387],[-109.10951250971925,25.942483643217123],[-109.11573312906275,25.936276742758007]]]}},{"type":"Feature","properties":{"clues":"SCCSA002541"},"geometry":{"type":"Polygon","coordinates":[[[-108.47313668266699,25.27089288674736],[-108.49516683179442,25.28011721606533],[-108.49566885032287,25.28256711950789],[-108.50204018522787,25.286055398390083],[-108.53238238496694,25.296842177631774],[-108.49567322005386,25.319826665652357],[-108.46439477818687,25.26557844765059],[-108.47313668266699,25.27089288674736]]]}},{"type":"Feature","properties":{"clues":"SCCSA002467"},"geometry":{"type":"Polygon","coordinates":[[[-108.05727768790234,25.087278218877458],[-108.05581541434985,25.08324669562652],[-108.05321735214558,25.082468022463864],[-108.0513196234191,25.077439444402497],[-108.01738902397787,25.08704516313448],[-107.99011690619948,25.05992759215468],[-107.99244275642906,25.03312119793745],[-108.05246317919661,25.000669523165715],[-108.09197140764009,24.977014993248265],[-108.12858609218232,24.992651288258926],[-108.10883485501544,25.051172263932745],[-108.0969348665186,25.114297435891984],[-108.09449139247548,25.116955763499032],[-108.06133244762134,25.08882080952029],[-108.05727768790234,25.087278218877458]]]}},{"type":"Feature","properties":{"clues":"SRIMB000984"},"geometry":{"type":"Polygon","coordinates":[[[-111.1080955989052,28.831159395270063],[-111.11788991454868,28.85634813143583],[-111.12899851810168,28.867865584457594],[-111.1386693348811,28.883172124412066],[-111.15842090219292,28.933700654336793],[-111.15053552040798,28.95254901160761],[-111.14820409679608,28.95259892154142],[-111.13898854024728,28.98002073204822],[-111.13249276707637,28.980645828989825],[-111.11433063421795,28.995513555254043],[-111.11469662801171,28.99729359695947],[-111.09935035931846,29.015714249231433],[-111.08678790193547,29.01809713118679],[-111.08757310044874,29.03363970727516],[-111.08084961262352,29.03935753342534],[-111.0745559719758,29.05059867832146],[-111.06536350348601,29.055929834740606],[-111.06131708435801,29.055193006686416],[-111.04071223008593,29.058493160154445],[-111.03690169542497,29.063029605716306],[-111.02708046012523,29.058763511176743],[-111.02191832527195,29.060082219753884],[-111.02060201706968,29.0563224842842],[-111.0146277200338,29.058941890605123],[-111.0121911521643,29.063890203998803],[-111.0025645274167,29.05922158550376],[-111.00168562287541,29.057058240026674],[-110.99814633732753,29.057126646121876],[-110.9974552363085,29.061286396932335],[-110.99325989173879,29.062332065069157],[-110.9912507197343,29.058902108025176],[-110.97904731738143,29.055297132058893],[-110.97760521758825,29.057806208005466],[-110.97259288882444,29.057780191036944],[-110.97127053891494,29.055461364136207],[-110.97467713401527,29.05068877127508],[-110.97778826611585,29.051274492272036],[-110.98294473547784,29.047494285028378],[-110.98226431058646,29.045068762632322],[-110.98551927308094,29.04035983489381],[-110.98979810378836,29.039388944720702],[-110.98760366659606,29.03347933862795],[-110.99296498126184,29.033151899327958],[-110.99806480093486,29.027372728102613],[-110.99537578173907,29.022537645515232],[-110.99939872679344,29.01855433548689],[-110.9942210100136,29.005101666101528],[-111.00946610236272,28.98454816056575],[-111.02053817941756,28.935704524575865],[-111.00821298360657,28.91282696289922],[-111.00668803978131,28.903880919353853],[-111.0244874088946,28.88508725311082],[-111.01403318338906,28.844313333468403],[-111.02425912334135,28.808414072030004],[-111.02981593889358,28.805503323093888],[-111.09944320904941,28.83312539266372],[-111.1080955989052,28.831159395270063]]]}},{"type":"Feature","properties":{"clues":"SRIMB001013"},"geometry":{"type":"Polygon","coordinates":[[[-110.95517046901293,29.072367832028956],[-110.95779488567554,29.075475551228568],[-110.96479300526342,29.0739023625302],[-110.96497228605466,29.08003127993472],[-110.97035080652518,29.080758645079488],[-110.9721064571799,29.083832792482625],[-110.9668363335898,29.088746136613576],[-110.96755054897636,29.096537493670066],[-110.96055091839926,29.097674746952215],[-110.95933094229052,29.09997423218167],[-110.95386047298281,29.099524404849927],[-110.95229942233053,29.10350532236119],[-110.95365617855863,29.107627116119872],[-110.95266069645541,29.114043728321167],[-110.94886614642989,29.124247839081207],[-110.93769719514853,29.120053365271204],[-110.94301020344297,29.113881591620892],[-110.94288601061018,29.10919962724057],[-110.93873082788569,29.10631980977986],[-110.93135033133115,29.10706411585865],[-110.9326503082121,29.098912103756437],[-110.93106829775299,29.0947340166992],[-110.9329233184387,29.087488219713304],[-110.94419521367244,29.08353486326929],[-110.9370599064493,29.075687227836685],[-110.94844761086178,29.07596595574089],[-110.95517046901293,29.072367832028956]]]}},{"type":"Feature","properties":{"clues":"SRSSA002971"},"geometry":{"type":"Polygon","coordinates":[[[-110.69991941572538,29.354906270511872],[-110.7352821240342,29.376287864779027],[-110.76522993293854,29.39234330414717],[-110.7851598282765,29.394977292460325],[-110.80601461273487,29.392783364501206],[-110.81369438970114,29.396788418995815],[-110.81938816927247,29.421265071364036],[-110.81402071477645,29.439737735375804],[-110.8098391506084,29.467234186255453],[-110.81876873149352,29.501715330234745],[-110.80626941063808,29.513227788817428],[-110.80131710044962,29.515661205065133],[-110.74271410707898,29.467391928923792],[-110.71247101490434,29.433378378633247],[-110.70392110001197,29.414219508763473],[-110.675975909296,29.37824898233921],[-110.69486067754929,29.357367920007892],[-110.69991941572538,29.354906270511872]]]}},{"type":"Feature","properties":{"clues":"SCCSA002672"},"geometry":{"type":"Polygon","coordinates":[[[-109.19491060327432,27.475159226500345],[-109.20008797680843,27.458355854533668],[-109.28148790740897,27.407042653954317],[-109.308077862564,27.41101705996643],[-109.30654110102228,27.444128424425905],[-109.28341438694515,27.493732783196954],[-109.2283877637583,27.499407597254933],[-109.21138388035872,27.4940726532754],[-109.19491060327432,27.475159226500345]]]}},{"type":"Feature","properties":{"clues":"TCIMB000383"},"geometry":{"type":"Polygon","coordinates":[[[-93.61641496837571,18.21521758474867],[-93.61757231636858,18.19435433137789],[-93.65532316104681,18.191918288068848],[-93.68745649362961,18.23133762509487],[-93.65895757299742,18.247935440661404],[-93.65090136566909,18.244716795917636],[-93.62711582222128,18.24264924359807],[-93.62197836111939,18.239422305611413],[-93.62361689632529,18.22597971645188],[-93.61641496837571,18.21521758474867]]]}},{"type":"Feature","properties":{"clues":"SCCSA002754"},"geometry":{"type":"Polygon","coordinates":[[[-93.42562974219851,18.070362684644152],[-93.41544123751375,18.089488995241354],[-93.40223954947578,18.08890541592492],[-93.39078886771675,18.07724070273119],[-93.39854888552797,18.052697451154536],[-93.40338953512247,18.051306021572803],[-93.4183690902172,18.058093929330557],[-93.42562974219851,18.070362684644152]]]}},{"type":"Feature","properties":{"clues":"TCIMB001836"},"geometry":{"type":"Polygon","coordinates":[[[-93.29621173213012,18.060924513705302],[-93.29565101722342,18.05532261151361],[-93.30886093912021,18.047759666551414],[-93.31624499198881,18.046868188634114],[-93.31828388433321,18.055681443929313],[-93.31316111460146,18.065673094102603],[-93.32549934869404,18.0772648373027],[-93.32590349343246,18.083836326772783],[-93.32313899770604,18.089290623692108],[-93.31836769457223,18.0929251589138],[-93.30933752089153,18.094468163319597],[-93.29951006535684,18.0851161474323],[-93.28815397892674,18.080080866862517],[-93.29621173213012,18.060924513705302]]]}},{"type":"Feature","properties":{"clues":"TCIMB001696"},"geometry":{"type":"Polygon","coordinates":[[[-93.14159136033118,18.12889863271559],[-93.1426232909721,18.118160775238433],[-93.14500234474043,18.112903597134057],[-93.15875188862796,18.105338035662516],[-93.17480736312827,18.113191836710843],[-93.17281896358533,18.12091353060889],[-93.17609943065413,18.13150788623027],[-93.1921534976062,18.152426314755512],[-93.1845255700278,18.15775074114923],[-93.15331848954676,18.14856544143033],[-93.14761373021531,18.143299861566007],[-93.14616180141114,18.133203539171525],[-93.14159136033118,18.12889863271559]]]}},{"type":"Feature","properties":{"clues":"TCIMB003183"},"geometry":{"type":"Polygon","coordinates":[[[-93.16470999552486,18.418281320195756],[-93.15793168093678,18.428658719669574],[-93.14415146290544,18.428451820437225],[-93.13806115384514,18.442414681911515],[-93.1160800933519,18.44274444595686],[-93.10128958635067,18.42647675899716],[-93.10094739788548,18.38611109029254],[-93.11719845241717,18.37546521329702],[-93.14302008627499,18.37650246319162],[-93.16470999552486,18.418281320195756]]]}},{"type":"Feature","properties":{"clues":"TCIMB002454"},"geometry":{"type":"Polygon","coordinates":[[[-93.09378512200557,18.153243493316086],[-93.1031475069399,18.163212871001612],[-93.09523358130652,18.182810136206456],[-93.0810355236062,18.168355143311178],[-93.07513062359872,18.167628598067626],[-93.06891404166272,18.158427445198946],[-93.07570138088374,18.145558531704115],[-93.09378512200557,18.153243493316086]]]}},{"type":"Feature","properties":{"clues":"SCCSA002763"},"geometry":{"type":"Polygon","coordinates":[[[-92.54235716734213,18.24643029510626],[-92.52837978079069,18.322252488020617],[-92.5190656613992,18.334261060893432],[-92.50728421977007,18.334265371145985],[-92.47845437932789,18.316261945927536],[-92.48379608249829,18.26782514875825],[-92.52413926096543,18.239181324784603],[-92.53531341460216,18.241589204189523],[-92.54235716734213,18.24643029510626]]]}},{"type":"Feature","properties":{"clues":"TSIMB002346"},"geometry":{"type":"MultiPolygon","coordinates":[[[[-98.36306709694993,26.055948302203994],[-98.35718450852615,26.0617702912702],[-98.3531683324371,26.05448110872307],[-98.35757273038203,26.049459632754797],[-98.36306709694993,26.055948302203994]]],[[[-98.35613016806094,26.064128240911234],[-98.35974041549422,26.067094313008887],[-98.366949963356,26.068436626626767],[-98.36843918222888,26.07545435288753],[-98.37211486952647,26.080338406144172],[-98.38825469198147,26.081910147360084],[-98.3951116939939,26.088589526395065],[-98.39509506170579,26.090188304970766],[-98.36866019182317,26.094180240537817],[-98.35790272946417,26.10102974638671],[-98.3515253822903,26.090137975107204],[-98.34766045817747,26.08902705098704],[-98.34170232175437,26.084156946625743],[-98.33840002556914,26.08386599604533],[-98.33653364742817,26.081148560951718],[-98.33958098881374,26.078951940790244],[-98.34026898727204,26.071787140806414],[-98.33156151238015,26.076650918624306],[-98.32901603730232,26.07547256495431],[-98.33186239658183,26.069187733699575],[-98.33723684894179,26.068631932537105],[-98.3351247640904,26.062347580124293],[-98.33770376640628,26.06135308830623],[-98.34336696946279,26.06475078120466],[-98.34235121408888,26.05555070857056],[-98.34521768446487,26.053093455050387],[-98.34967013430382,26.054706789344415],[-98.35296628137297,26.06500910001152],[-98.35613016806094,26.064128240911234]]]]}},{"type":"Feature","properties":{"clues":"SCCSA002936"},"geometry":{"type":"Polygon","coordinates":[[[-98.07049396204812,22.65303140559285],[-98.07756496764641,22.669466285049086],[-98.08944656244532,22.678702209573835],[-98.1046942957465,22.683651307847477],[-98.1142549270504,22.693456200551598],[-98.11382945310629,22.735113411751236],[-98.07572654373818,22.740390219930052],[-98.06049095127351,22.720960477075298],[-98.05610116857521,22.719974955041096],[-98.03909975495411,22.72807963281332],[-98.03440737381104,22.728720479756642],[-98.02055375562846,22.739658517397082],[-98.00682853742444,22.73674787997617],[-97.99423002381157,22.719169940482157],[-97.99524831915302,22.710062376416776],[-97.98073388199505,22.67872416997745],[-97.9546631777604,22.685407803193343],[-97.95241495308962,22.66650871719032],[-97.96246665024876,22.64914025744957],[-97.95649984513375,22.64083450173555],[-97.94756136379975,22.63714416164498],[-97.92681161291065,22.635241592043304],[-97.92413992224533,22.62375164280616],[-97.95648104661636,22.59572463443905],[-97.96790531872996,22.59572935542644],[-97.974445888479,22.589664389598497],[-97.975410370736,22.586445995866434],[-98.02284799932559,22.56629224863121],[-98.03087740622615,22.568096333017717],[-98.0368550872807,22.556328879937425],[-98.05369193415326,22.549046585214185],[-98.08856160592335,22.562189173412584],[-98.0889089346514,22.5727297301063],[-98.07495121115183,22.59682593579276],[-98.07921899872251,22.613697881227264],[-98.06575333319229,22.635948137109526],[-98.07049396204812,22.65303140559285]]]}},{"type":"Feature","properties":{"clues":"TSIMB003471"},"geometry":{"type":"Polygon","coordinates":[[[-98.02193614214453,25.436887585519898],[-98.04886066695502,25.485414540833517],[-98.04294883969592,25.54107522954691],[-98.03286517683529,25.55640881157321],[-98.02624068228573,25.55918708310805],[-98.00778928203397,25.581581362569384],[-97.99264270374695,25.585349091184895],[-97.97991120909751,25.57006409786462],[-97.97694334043074,25.557506139790938],[-97.9430086181496,25.548626619600487],[-97.94073570509748,25.53622166537678],[-97.93117450937203,25.530609099738943],[-97.92197348758945,25.511721028386525],[-97.90078742937493,25.513661875992327],[-97.89571148410853,25.52531822452621],[-97.87487077344909,25.51605721971534],[-97.87486701650349,25.483307472095085],[-97.88532376510847,25.48182995326497],[-97.89389223082398,25.467057766082487],[-97.90111294178146,25.440368196460206],[-97.91005848241973,25.43494987572811],[-97.9141253843028,25.43805977492671],[-97.97555109422755,25.429009604613796],[-97.98443935593679,25.43681043392485],[-98.02193614214453,25.436887585519898]]]}},{"type":"Feature","properties":{"clues":"TSIMB002421"},"geometry":{"type":"Polygon","coordinates":[[[-97.88529555241918,22.324906722682407],[-97.88318605266004,22.327350081000233],[-97.8832221732283,22.333194444441954],[-97.87641958605498,22.33785375529774],[-97.87222664521428,22.333770812176592],[-97.87567588934505,22.32940117982466],[-97.87703345446187,22.318701398130564],[-97.8825649060197,22.318923514975033],[-97.88529555241918,22.324906722682407]]]}},{"type":"Feature","properties":{"clues":"VZIMS004962"},"geometry":{"type":"Polygon","coordinates":[[[-97.93520554632482,22.04709145879779],[-97.94231142530813,22.04752786593737],[-97.94519615949469,22.06292213283747],[-97.93774689955241,22.07427514232929],[-97.93745589414301,22.081207436815948],[-97.9572124074312,22.085192241812635],[-97.9605908580158,22.089940809907173],[-97.98516757663836,22.078069185172904],[-97.98655505740768,22.072890326362618],[-98.01155932223188,22.074275862999123],[-98.02555844079122,22.094450746981593],[-98.02044685563098,22.09931747190327],[-98.01964090308948,22.116210134910883],[-98.0137029160484,22.123550195610274],[-98.00063124654257,22.13136709221976],[-97.99493902354281,22.13092116733295],[-97.9906859455307,22.12570654092212],[-97.98879102755414,22.11896193722256],[-97.96850736002384,22.1137116928518],[-97.96600144348297,22.120957470806562],[-97.9673408123741,22.128591385004853],[-97.96385281081183,22.13594412904322],[-97.95571372826979,22.14026197837424],[-97.95072182865472,22.146148590246604],[-97.92580911533798,22.15393236035792],[-97.91780598974366,22.154569740829476],[-97.89882619971432,22.15924748579885],[-97.8937474588929,22.154706615814135],[-97.89216807220683,22.140021979852595],[-97.88389034523354,22.12698210229105],[-97.8753314406269,22.103232793592074],[-97.88710361911848,22.088274547334514],[-97.89135122593997,22.065862250407363],[-97.88165770863075,22.05247639674473],[-97.90024586237217,22.037272846301953],[-97.91567539874889,22.049073418338068],[-97.92857140681191,22.050022253476058],[-97.93520554632482,22.04709145879779]]]}},{"type":"Feature","properties":{"clues":"VZIMB001560"},"geometry":{"type":"Polygon","coordinates":[[[-97.61556180928214,21.40099937411928],[-97.61191139918051,21.40381301619467],[-97.59467175157846,21.401471330534143],[-97.58858915242631,21.394983391956597],[-97.59960780312568,21.381056586014875],[-97.6118195155576,21.378302392054295],[-97.61476841989793,21.375203765077156],[-97.61828194887566,21.37440457585367],[-97.6282293880049,21.376878805590227],[-97.63778518621245,21.37379785797964],[-97.65441788908484,21.385971819346214],[-97.65707477725255,21.39430400115872],[-97.66550339181791,21.402225903204492],[-97.65550013525096,21.40556809878154],[-97.65197449776144,21.41197873609167],[-97.63718356489659,21.413074119530997],[-97.62752252791198,21.401369597233018],[-97.61556180928214,21.40099937411928]]]}},{"type":"Feature","properties":{"clues":"VZIMB004360"},"geometry":{"type":"MultiPolygon","coordinates":[[[[-97.61191139918051,21.40381301619467],[-97.61556180928214,21.40099937411928],[-97.62656200659431,21.400903755943414],[-97.63718356489659,21.413074119530997],[-97.63081694498723,21.434046758071375],[-97.63845916617133,21.444673110334186],[-97.63309225714195,21.45581020460819],[-97.6338819892522,21.471815475004433],[-97.60120934813388,21.48900954619503],[-97.60050189849893,21.49072959335183],[-97.63033913425019,21.510811086886672],[-97.62970145777155,21.524572437973703],[-97.56753897083676,21.51510506694434],[-97.55193942709387,21.524813492195126],[-97.49358561011032,21.49892413408475],[-97.493374094381,21.495392459932273],[-97.54898114368763,21.456203214950282],[-97.55651335771257,21.45428138162066],[-97.5827393657173,21.44022243207782],[-97.58254140501901,21.42429942824075],[-97.56560436970388,21.41746298677655],[-97.55975539541399,21.41413114786721],[-97.5589919709835,21.41201201361081],[-97.57749523750569,21.393612957703148],[-97.58858915242631,21.394983391956597],[-97.59467175157846,21.401471330534143],[-97.61191139918051,21.40381301619467]]],[[[-97.39433143323592,21.5621103772064],[-97.43197980332562,21.520427878158067],[-97.47969909760553,21.515938020738208],[-97.47769688999627,21.530032217112616],[-97.41276143772686,21.602312150634464],[-97.39433143323592,21.5621103772064]]]]}},{"type":"Feature","properties":{"clues":"VZIMS001783"},"geometry":{"type":"Polygon","coordinates":[[[-96.54075587538908,19.613855522923668],[-96.5663074439291,19.622390988747604],[-96.57077502376474,19.632987190102135],[-96.60340790802259,19.644332736194965],[-96.6005010756692,19.650561495177246],[-96.60257007086449,19.668076392397523],[-96.60700278448736,19.67795862888383],[-96.59338647976897,19.693335122627563],[-96.56288640397239,19.691650182028056],[-96.5476580911487,19.66796677311943],[-96.51560059425928,19.643257372879365],[-96.54075587538908,19.613855522923668]]]}},{"type":"Feature","properties":{"clues":"VZIMB007160"},"geometry":{"type":"Polygon","coordinates":[[[-96.36003256479468,19.40470335800353],[-96.36805149410009,19.404219958017073],[-96.36744644475908,19.41207155510203],[-96.36925980936932,19.415776315699727],[-96.38000750258546,19.420703453359632],[-96.38207856787693,19.428718737462503],[-96.37571494269646,19.433150117689568],[-96.37096904776661,19.43451866709938],[-96.36334944568125,19.44226880153864],[-96.36155052753602,19.44620215541031],[-96.35351948364537,19.453252270282846],[-96.35905859229909,19.45838461861565],[-96.36535838815436,19.477135139186046],[-96.36947646167201,19.483274360299816],[-96.36132074452384,19.48914495620438],[-96.34832773672073,19.52034311152555],[-96.32455829043445,19.490967469574024],[-96.31394414190291,19.48175932233573],[-96.3117575502971,19.469720610820474],[-96.32471881278357,19.467749892962036],[-96.33502568688635,19.463684679442895],[-96.34587013571058,19.453530175474405],[-96.33780337229328,19.433844968273043],[-96.34961518211304,19.420131567584576],[-96.35164812037213,19.413797409606218],[-96.34556418100385,19.403241089743176],[-96.3429689139843,19.389514645439444],[-96.34450636817043,19.389006129167566],[-96.35339294881014,19.399358904160636],[-96.35565923562122,19.408701704665415],[-96.36003256479468,19.40470335800353]]]}},{"type":"Feature","properties":{"clues":"VZIMB008864"},"geometry":{"type":"Polygon","coordinates":[[[-96.24672492161007,19.127031582797485],[-96.24998984239049,19.143020663262682],[-96.24742749918119,19.142540940393292],[-96.23649715938099,19.13467685718812],[-96.23380462963797,19.139802436823146],[-96.23026657643997,19.137322238040298],[-96.21921860402956,19.142685230676747],[-96.21505450073431,19.14224926095742],[-96.21243658439585,19.13741690053927],[-96.20128753955804,19.135685283406566],[-96.19689856466398,19.129576258850044],[-96.19378658019642,19.129502693514638],[-96.19080942836126,19.119757777340098],[-96.18996319434834,19.1076376631718],[-96.19905725000937,19.095989536235404],[-96.20855049743761,19.095698730388527],[-96.21455856619305,19.105809826437746],[-96.21943673167851,19.106599865708542],[-96.22750567349212,19.104347375245684],[-96.22474531676274,19.120089190703318],[-96.22728446761442,19.122687081985994],[-96.23335639307669,19.123816005869315],[-96.24184152931284,19.119924953425418],[-96.23032374799537,19.101942499586706],[-96.24032999696799,19.090039237401793],[-96.24501886373257,19.092901611095733],[-96.25173392915067,19.109934666960026],[-96.24341050680782,19.120240823945956],[-96.24672492161007,19.127031582797485]]]}},{"type":"Feature","properties":{"clues":"SCCSA003283"},"geometry":{"type":"Polygon","coordinates":[[[-96.16841986791775,19.16327172605812],[-96.17479674226647,19.16111514025882],[-96.17647458888402,19.162630511594898],[-96.17555005251604,19.169211390596214],[-96.16994837446954,19.168813909915624],[-96.16841986791775,19.16327172605812]]]}},{"type":"Feature","properties":{"clues":"SCCSA003400"},"geometry":{"type":"MultiPolygon","coordinates":[[[[-89.73871477981211,22.44893621378056],[-89.73768097463325,22.44387640478394],[-89.73866659011962,22.44021823918616],[-89.74741969592195,22.442833225801184],[-89.74483321978869,22.444457336154485],[-89.74448467775723,22.44655105198589],[-89.74559831882459,22.454119236146756],[-89.75223936774252,22.45816539065223],[-89.75247389574834,22.463222532722686],[-89.754564081998,22.464184372846866],[-89.75652246007003,22.46911344174481],[-89.759253668156,22.47018822536263],[-89.76081145215387,22.475808597645543],[-89.75746908629449,22.478608338391247],[-89.75554628838306,22.484164103496518],[-89.74792581653502,22.475409677113866],[-89.74929739293805,22.462761614619076],[-89.7448793342362,22.4572267872152],[-89.74336872553347,22.457393501974163],[-89.74281593131666,22.454245619914772],[-89.73871477981211,22.44893621378056]]],[[[-89.74233697409726,22.475906665014858],[-89.74015171262275,22.47217674970845],[-89.74476655171482,22.47206205055439],[-89.74446584137229,22.475606056494478],[-89.74233697409726,22.475906665014858]]],[[[-89.74954284142984,22.487087642516773],[-89.74787064497549,22.48623134361536],[-89.74950759287916,22.48395083360901],[-89.7516507388752,22.485326737357138],[-89.74954284142984,22.487087642516773]]],[[[-89.74953772979528,22.491366359652346],[-89.7539194726797,22.490268480014116],[-89.7540946229234,22.49329587312726],[-89.7497716562082,22.49445871212233],[-89.74953772979528,22.491366359652346]]],[[[-89.75532655499904,22.48735626840329],[-89.75861032690216,22.479962325259255],[-89.75968956786103,22.48022712625025],[-89.75943384857297,22.483876487740083],[-89.76425182385388,22.492155212336442],[-89.7701719368971,22.49545768092289],[-89.77115481944404,22.497464345994374],[-89.77827562817221,22.498829577184903],[-89.7778910720983,22.500303353671804],[-89.7844899645286,22.50545795254895],[-89.7780156558107,22.51097105427832],[-89.77405173214385,22.51209085441762],[-89.76910568337749,22.50534847252166],[-89.77098826170275,22.5007910080171],[-89.76709870616415,22.499005455032005],[-89.76338716908951,22.49916255029442],[-89.75698179792128,22.491017262499874],[-89.75532655499904,22.48735626840329]]],[[[-89.75734045914474,22.506937680019337],[-89.7594265307682,22.505415986682344],[-89.761568418616,22.507514852779522],[-89.75968482544046,22.50965536426328],[-89.75780177048202,22.508955658880396],[-89.75734045914474,22.506937680019337]]],[[[-89.74519214237459,22.509619571204862],[-89.74879786367852,22.50568761949177],[-89.75133322501733,22.507034442051797],[-89.74891815807824,22.513532240094793],[-89.74440153843733,22.518898472711964],[-89.74522230849469,22.52125404675686],[-89.74350568040049,22.522985799206577],[-89.7407529397709,22.520476425767676],[-89.74318528147782,22.518018162587452],[-89.74142075074839,22.51745581802544],[-89.74131395531603,22.515096787566925],[-89.74276189224621,22.5134642203709],[-89.74553286541354,22.515070966627587],[-89.74519214237459,22.509619571204862]]],[[[-89.75328858510017,22.51866729324166],[-89.75463434340448,22.52152260216475],[-89.7538411003544,22.522809561991572],[-89.75009897138058,22.52005293386965],[-89.75328858510017,22.51866729324166]]],[[[-89.74977929430851,22.527031651500234],[-89.74908642484331,22.524131801965613],[-89.75050097051599,22.523424655569315],[-89.7519853344967,22.528436617826937],[-89.74977929430851,22.527031651500234]]],[[[-89.73867789949699,22.521483228638537],[-89.74298612659813,22.52946415595754],[-89.74258007702218,22.532280860289607],[-89.74066166766485,22.528218384605843],[-89.73836332191607,22.52700303622778],[-89.73902295820788,22.52512690975394],[-89.73706422719036,22.5249106795454],[-89.73700810225445,22.521651619766292],[-89.73867789949699,22.521483228638537]]],[[[-89.74301973181927,22.538948824322244],[-89.74085737494464,22.536365915333253],[-89.73890951508723,22.53603004620542],[-89.74247669521907,22.534988048042],[-89.74301973181927,22.538948824322244]]],[[[-89.76007269618067,22.561354355921697],[-89.76324544926446,22.561156240624165],[-89.76331140149125,22.562941144293024],[-89.76007269618067,22.561354355921697]]],[[[-89.76417859309568,22.562754565769684],[-89.77627524276016,22.560706397088758],[-89.77805969705716,22.562623724371345],[-89.77495282188731,22.563813294563705],[-89.76417859309568,22.562754565769684]]],[[[-89.78041390936828,22.56050989532954],[-89.78028080847425,22.56665786092558],[-89.77823258709579,22.561236806086686],[-89.7791581299074,22.55998087992517],[-89.78041390936828,22.56050989532954]]],[[[-89.77709262282583,22.56835381555454],[-89.77557262961786,22.566899274956544],[-89.77603558713568,22.564783894561074],[-89.77735723666687,22.566701164774823],[-89.77709262282583,22.56835381555454]]],[[[-89.77348123287146,22.56684445611649],[-89.77506672512602,22.572595972314964],[-89.7738770679821,22.572397512484528],[-89.77348123287146,22.56684445611649]]],[[[-89.75737404982864,22.570428084199488],[-89.75569518347017,22.57736913270799],[-89.75256765368397,22.582403064498692],[-89.75096664044544,22.57874154378972],[-89.7537128339374,22.573860108937975],[-89.75516304367326,22.565851135640393],[-89.75737404982864,22.570428084199488]]],[[[-89.75926609032764,22.57537933414325],[-89.76049316216441,22.581223866752016],[-89.7564055531706,22.582056263550736],[-89.75603429100173,22.58101422093141],[-89.75926609032764,22.57537933414325]]],[[[-89.76425721914946,22.580944260877647],[-89.76191665152189,22.58014360329636],[-89.76423761743932,22.57692873509007],[-89.7657180474422,22.57903520813521],[-89.76385919255759,22.57892374472634],[-89.76425721914946,22.580944260877647]]],[[[-89.6801526375156,22.380314132127392],[-89.67495869314394,22.38146512320308],[-89.67274061918091,22.377593649743],[-89.67928509996136,22.37813518635323],[-89.6801526375156,22.380314132127392]]],[[[-89.6791201428025,22.38215608043754],[-89.68191901304628,22.380932566920695],[-89.68002601822322,22.383711284056794],[-89.6791201428025,22.38215608043754]]],[[[-89.68009554263267,22.389375737827685],[-89.67823878641332,22.389829743807994],[-89.67828403953236,22.38724172975287],[-89.68009554263267,22.389375737827685]]],[[[-89.72924888060535,22.426642682862052],[-89.72711732474852,22.42866650982122],[-89.72446951708046,22.42611204428402],[-89.72591222083976,22.424303321050832],[-89.72842897503243,22.42428706940174],[-89.72924888060535,22.426642682862052]]],[[[-89.72069843734526,22.42849612289669],[-89.7197420685072,22.427479602043928],[-89.72091916717439,22.427790499288076],[-89.72069843734526,22.42849612289669]]],[[[-89.7270161013139,22.42894853348158],[-89.73170279675786,22.424693552403795],[-89.7333555043879,22.425779965074415],[-89.73380556917483,22.42764802251489],[-89.7303163564818,22.4294913452635],[-89.73354220954339,22.429941367396502],[-89.73166371042828,22.43118987188224],[-89.73437917156605,22.43155096787072],[-89.73325821064674,22.433583099233346],[-89.73778603151203,22.433413565141585],[-89.73784488854606,22.435587942825737],[-89.73475566177584,22.43702931195209],[-89.73075299115011,22.43487807413986],[-89.73031919031438,22.431709482922702],[-89.7270161013139,22.42894853348158]]],[[[-89.716155256449,22.430434505288325],[-89.71989697935892,22.43133582356568],[-89.71609902538322,22.431394333979785],[-89.716155256449,22.430434505288325]]],[[[-89.72747885807253,22.43357621392764],[-89.72826385385099,22.43271307301439],[-89.72850387588232,22.433484375069387],[-89.72747885807253,22.43357621392764]]],[[[-89.73660042944539,22.440125940657992],[-89.73553390654604,22.437630185188535],[-89.73902400487569,22.43634127535606],[-89.73959029431701,22.433011322974465],[-89.74250662344865,22.433725779233146],[-89.74381222952852,22.435035139634678],[-89.74089223096483,22.435766873442265],[-89.74136675554807,22.439059198418892],[-89.73902772756247,22.43911395042922],[-89.7386341931659,22.43775667778225],[-89.73660042944539,22.440125940657992]]],[[[-89.73143071306463,22.440640599829766],[-89.73067697769334,22.439365482546556],[-89.73215457140411,22.438528603764038],[-89.73345422710219,22.440295628929352],[-89.73143071306463,22.440640599829766]]],[[[-89.7287977854816,22.43995584192098],[-89.72909106114027,22.443523072109127],[-89.72736000664537,22.442047062773767],[-89.72596970226715,22.443201854274367],[-89.72696077638294,22.439628552073042],[-89.7287977854816,22.43995584192098]]],[[[-89.7247696747663,22.443474998260932],[-89.72584109463773,22.44535407315104],[-89.72381615859439,22.445713304459563],[-89.7230802109776,22.443571678446105],[-89.7247696747663,22.443474998260932]]],[[[-89.63463323008314,22.516303681841066],[-89.61913665430282,22.49545728265745],[-89.61223099731959,22.479351028774104],[-89.6092468046615,22.465440662960535],[-89.60885629053193,22.43723803175135],[-89.61311181763118,22.422873866184794],[-89.6307878998692,22.385108886825876],[-89.63782300697714,22.37614688214643],[-89.6468423350562,22.36862629435668],[-89.65296942907423,22.366938983758548],[-89.6528547338231,22.369292410908088],[-89.65538588040667,22.370508122268806],[-89.65614204999996,22.367386486526627],[-89.66021000710887,22.365446693783134],[-89.66223034599597,22.36846699346078],[-89.66127602979216,22.371211128586165],[-89.65560614398699,22.374703151338313],[-89.65513961590604,22.37682583582618],[-89.65256133280407,22.375558128116186],[-89.65115638974812,22.376339777655918],[-89.65166456192263,22.378405693021314],[-89.6466116725048,22.382990497127093],[-89.64713863686111,22.388204128424256],[-89.64826413111318,22.387390420861443],[-89.64865789180287,22.38901320907389],[-89.65266812149642,22.39063698687663],[-89.65169026673128,22.386508250567292],[-89.65417176453953,22.388262419156383],[-89.6556393149198,22.387114482119472],[-89.65228199975783,22.385579346778492],[-89.65434124724025,22.38350251815205],[-89.65306910325634,22.380869018249996],[-89.65569754257963,22.379658701843532],[-89.65827684080931,22.380637128565873],[-89.65646675527843,22.37568110243003],[-89.6577917245191,22.374811021761467],[-89.66084622742376,22.37585279364232],[-89.66104331524348,22.37316845747843],[-89.66291321084357,22.372571077877915],[-89.66560465800481,22.3740164411912],[-89.66376689091958,22.38404603704424],[-89.66245112400951,22.38341857167911],[-89.66211788505034,22.378485775227496],[-89.65956346938313,22.37801181994303],[-89.66111017328261,22.38074096829483],[-89.6581499505577,22.384994282916576],[-89.65966545479152,22.38598376517729],[-89.65868727906158,22.39009358690982],[-89.66094114201984,22.39094941337094],[-89.65986852542724,22.386861365098937],[-89.66328573011181,22.384676370259314],[-89.66354874282511,22.389067673727343],[-89.67126706692848,22.392047687230004],[-89.67139579536033,22.388644257304723],[-89.67207080758249,22.3922219149898],[-89.67552876277699,22.39162503835319],[-89.6793636409162,22.395006002127715],[-89.67942983941028,22.39709064315117],[-89.68098269542622,22.396069845926917],[-89.68715869595,22.39761896925168],[-89.686968184749,22.395825744394045],[-89.68276603545114,22.393259369910634],[-89.68308387753503,22.389126151287645],[-89.67978993325497,22.38664203026267],[-89.68303436650451,22.379973168286124],[-89.68482569743664,22.379104042810344],[-89.69291459937676,22.381440795287],[-89.6937081551443,22.382950758671427],[-89.69080608569682,22.383332109350572],[-89.68754818524222,22.388906703537305],[-89.69260856700588,22.394735927801435],[-89.69631855528935,22.395828230287922],[-89.69655774903016,22.399969834580507],[-89.70215212658512,22.408445059948757],[-89.7098992530691,22.412457923874776],[-89.7126793863852,22.415693441268107],[-89.72986177463721,22.420973085084636],[-89.72843879369384,22.42166963356961],[-89.72912447066884,22.423383789589344],[-89.72749169663206,22.42421789283937],[-89.72572485161126,22.422992125946408],[-89.7233440429137,22.424860210390527],[-89.71369232854988,22.42177555474294],[-89.71018439288311,22.417961141413333],[-89.69709611253474,22.41685376725458],[-89.69391839083032,22.415106174804215],[-89.68967105989357,22.4160321172169],[-89.68961620070529,22.41830595747925],[-89.69363219368434,22.418808371542934],[-89.69507281121263,22.42145493686337],[-89.69087827208206,22.423349481673835],[-89.6918649668112,22.42529679408959],[-89.69825650643257,22.424180570239173],[-89.69932222396774,22.426676576190822],[-89.69649567278879,22.42747119588602],[-89.70160196667975,22.432464732511352],[-89.70551929219798,22.43115767069967],[-89.70880727094146,22.43396612147212],[-89.71853738569722,22.43306501337474],[-89.71984886899669,22.43369039957679],[-89.71938430664433,22.436025547394053],[-89.72346809118446,22.43472601249416],[-89.72745826483025,22.435044259029773],[-89.72911676745535,22.436743512627515],[-89.72688062166993,22.43849382690135],[-89.7227762811774,22.438708893493953],[-89.71891930381514,22.443888352462032],[-89.7215010776732,22.4445765021592],[-89.72140507404647,22.450485334922917],[-89.71944174951108,22.45040102187805],[-89.71861100193952,22.448631104291096],[-89.71467086944963,22.45029351365383],[-89.71260901170463,22.454082651489554],[-89.71488198927936,22.454746248784087],[-89.71682156675566,22.451718782573625],[-89.72313594407791,22.45299401924875],[-89.72271633591726,22.45585350572986],[-89.7210022336486,22.456440012902878],[-89.72078182302288,22.4541080623779],[-89.71932232876523,22.45418448536226],[-89.71824637512648,22.457082004602274],[-89.71976787377176,22.45991555238596],[-89.72243177140739,22.460911565574435],[-89.72328154245496,22.46013556296421],[-89.720807164116,22.458491712949446],[-89.72218388492664,22.457275594534835],[-89.7295798146734,22.458287245304422],[-89.72947304225178,22.460147095026826],[-89.72556676105711,22.459263085948315],[-89.71988054501095,22.466946009856755],[-89.71751824723322,22.46549186368486],[-89.71947954177635,22.463648582611107],[-89.71863933221556,22.46196148633491],[-89.71433476178603,22.464953677810183],[-89.71625389926113,22.465743291910407],[-89.71629416116056,22.468003023504732],[-89.71875204398101,22.46767840365937],[-89.71821464957588,22.472148564945833],[-89.72203405463789,22.4712381959286],[-89.72244425830272,22.466121435759735],[-89.72589450009623,22.464487233793363],[-89.73163387798468,22.46886712419834],[-89.73078681222042,22.470667975752935],[-89.72712019963515,22.4703455602332],[-89.7289361484851,22.476246104667375],[-89.72513759081355,22.47650830359349],[-89.72349819290058,22.481621081738506],[-89.72864715704833,22.48485825368296],[-89.73016394444407,22.475028578542645],[-89.73436063911603,22.473964753707573],[-89.73559665955423,22.47575078203686],[-89.73238575118368,22.4790629166329],[-89.73255367308856,22.486089234194786],[-89.72962727880254,22.48800163994639],[-89.72366637205582,22.488780063709257],[-89.72290072225874,22.49200273922858],[-89.7202245161407,22.491765204386798],[-89.71907696619286,22.494638981203444],[-89.71652519169753,22.493615738787444],[-89.71316248613556,22.49715652985802],[-89.71155936858021,22.495413332300547],[-89.70908538892272,22.49758145701231],[-89.70526058940357,22.49503400041611],[-89.70810532408615,22.498780962001494],[-89.71188425417664,22.498129750794867],[-89.71390247538919,22.500547347697644],[-89.71300225906872,22.50759229431196],[-89.71496689663698,22.514634395534106],[-89.71761955787355,22.516928959551812],[-89.7136319917887,22.522339011231473],[-89.7159103001205,22.53141418496299],[-89.72219027982868,22.531697994152005],[-89.72277594434996,22.533926487284848],[-89.7260942252512,22.532840911728155],[-89.72497563012867,22.526266632132295],[-89.72158228728048,22.528587764125383],[-89.71947192425127,22.526852451065942],[-89.72359789591533,22.52151596748354],[-89.72519855072116,22.523150327342055],[-89.72763742026713,22.52160891358412],[-89.73036705335113,22.525490864516673],[-89.73277566364307,22.52610463904379],[-89.73854194086907,22.53449886897302],[-89.7320594730618,22.537378435765405],[-89.73963017519849,22.542195249559228],[-89.73998503612381,22.544537876871935],[-89.74391763803726,22.548611718456435],[-89.74635891257202,22.54301396967905],[-89.74853020601941,22.547001816694685],[-89.74889870013732,22.54502410946728],[-89.75329304806186,22.547139507300585],[-89.75142135067576,22.543229833383663],[-89.74868890899126,22.543591102941683],[-89.74463272280289,22.5408576043016],[-89.74458090192918,22.535790792425427],[-89.74704492739586,22.531020601611647],[-89.7436440113259,22.5239997438051],[-89.74512334481791,22.523153153309675],[-89.74689283180116,22.524788647370528],[-89.75079753548371,22.533103101206095],[-89.75160410231956,22.531672559874497],[-89.75404199178057,22.53225215300497],[-89.75522206446944,22.539006737256795],[-89.75643226285918,22.53939224130401],[-89.75748749247325,22.53723409253139],[-89.75657418589287,22.524466623664953],[-89.75993782163748,22.522600467759013],[-89.76058765330447,22.520193126808895],[-89.76978861954917,22.520523623597295],[-89.77073717464802,22.513598115581203],[-89.78112336759507,22.50988168378048],[-89.7896893683253,22.503988601400042],[-89.7937882629112,22.507242604039234],[-89.78913296920992,22.506656544912552],[-89.79244967873967,22.508257474578283],[-89.79218870877735,22.50982786145145],[-89.79466590217272,22.512196292707255],[-89.79549069699497,22.515082206206102],[-89.79299717634812,22.524005215118517],[-89.7933994423438,22.526688900328388],[-89.79564242020608,22.52869070881193],[-89.79286144890143,22.536931974303453],[-89.79154178657572,22.538539871069784],[-89.78850100455136,22.538588098201053],[-89.78623784223637,22.545423914004097],[-89.78513119500272,22.54475757722388],[-89.7840782537593,22.546048198278406],[-89.78217397306679,22.550670449380217],[-89.78288373926989,22.553113393108042],[-89.77794857800782,22.55597641466494],[-89.77733093254399,22.558458709821164],[-89.76875353342989,22.56197262933576],[-89.76412847850935,22.561460677844234],[-89.7647067178331,22.559409224658165],[-89.76163899952884,22.559744117819612],[-89.74872198986398,22.5676751402823],[-89.74386633970211,22.577523117164215],[-89.7465526717194,22.58246970095622],[-89.75107909774846,22.584059153162983],[-89.7510372650365,22.585357666832255],[-89.74856584357347,22.585951488465327],[-89.73300682679282,22.580132866015877],[-89.69758854811498,22.571522484118237],[-89.67066165861394,22.557465805292768],[-89.65382708131942,22.536793702309012],[-89.63463323008314,22.516303681841066]]],[[[-89.72746817776327,22.498704184459058],[-89.72539948715364,22.500455876968413],[-89.7243047275045,22.497981892072666],[-89.72631922806623,22.497238437690225],[-89.72580292074124,22.49397884531455],[-89.72833426474007,22.493694408134232],[-89.72806843677434,22.49123199463688],[-89.73020642727612,22.490275627585376],[-89.73170513792222,22.495047622260927],[-89.7355514209576,22.4953302281754],[-89.73634612497537,22.50021512475701],[-89.73500973483199,22.50232661366141],[-89.73292273820587,22.50244965439517],[-89.73202798857109,22.499774697763208],[-89.72900522321758,22.49935272890493],[-89.72867619672125,22.494836375701674],[-89.72658965674147,22.49725999485639],[-89.72746817776327,22.498704184459058]]],[[[-89.72108982754213,22.50815403044035],[-89.71867751056811,22.51172884850197],[-89.7152660575177,22.509335189159646],[-89.71580703247508,22.5067080675259],[-89.71751550193036,22.506332340486573],[-89.72108982754213,22.50815403044035]]],[[[-89.7363413537974,22.511842540759126],[-89.73569007234403,22.50835527375255],[-89.73847867217417,22.507588927918498],[-89.73912780801862,22.51067822293305],[-89.7363413537974,22.511842540759126]]],[[[-89.73454149996219,22.51415047426858],[-89.73567484519437,22.51761587256111],[-89.73130013999746,22.518906750195004],[-89.72976660161807,22.514155798456073],[-89.73117088333684,22.512435473100886],[-89.73454149996219,22.51415047426858]]],[[[-89.7393577081215,22.531804621048206],[-89.73855905493636,22.529209688999213],[-89.74049486666269,22.53002677155436],[-89.7393577081215,22.531804621048206]]],[[[-89.7397739905153,22.53778386103723],[-89.74111230232556,22.541000334373447],[-89.73726760815421,22.537945943999546],[-89.73570635384964,22.538834170831283],[-89.73740341085933,22.536474106097018],[-89.7397739905153,22.53778386103723]]],[[[-89.64003587176629,21.242857992765526],[-89.6708184111794,21.246076671522832],[-89.67076395889076,21.265778024442607],[-89.66816756871111,21.283013997673123],[-89.67054222021653,21.28634813973486],[-89.66583971130999,21.288076963544718],[-89.66611151472652,21.290517563990786],[-89.66495235983545,21.288552300113594],[-89.67051846557155,21.33837326591759],[-89.67488219751762,21.33876137443601],[-89.67176855003947,21.340098689746306],[-89.67303888950377,21.341472830459317],[-89.67623350950146,21.341446139548196],[-89.67095665076174,21.342248749478525],[-89.67121591068653,21.344826354022427],[-89.67462236960594,21.346190658904074],[-89.67609008999611,21.34479911972418],[-89.68114803261388,21.344855529986653],[-89.6813033194982,21.348745149533297],[-89.68376119645366,21.346934713201524],[-89.68419124368737,21.347482573888126],[-89.68101823308584,21.349220770164223],[-89.67524090194965,21.34848313842375],[-89.67073063276456,21.34567656340854],[-89.66465277583612,21.288733325406437],[-89.63955035156629,21.290298740237755],[-89.63944013446863,21.286756512066727],[-89.61870579614286,21.23965536412912],[-89.64003587176629,21.242857992765526]]],[[[-89.66431713184552,22.370673925349617],[-89.66263003161653,22.371536708286246],[-89.66281031692182,22.368585836352345],[-89.664034139488,22.368973289197626],[-89.66431713184552,22.370673925349617]]],[[[-89.66569791624812,22.37275189217032],[-89.66651862524533,22.369490746813646],[-89.67378227367739,22.367553506459785],[-89.6731683993537,22.36914367269738],[-89.66569791624812,22.37275189217032]]],[[[-89.66799625698123,22.380620608490023],[-89.6669483551212,22.379620481691948],[-89.66818967084751,22.379093178024032],[-89.66799625698123,22.380620608490023]]],[[[-89.67455947668385,22.38826932889051],[-89.67590295720612,22.38873858339422],[-89.67556875584702,22.39038733726302],[-89.6741635787267,22.38974438021561],[-89.67455947668385,22.38826932889051]]]]}},{"type":"Feature","properties":{"clues":"YNSSA002511"},"geometry":{"type":"Polygon","coordinates":[[[-89.84614680431041,21.013258570962947],[-89.85587026180067,21.00158981407462],[-89.8650755276402,21.00949977087444],[-89.86720683245287,21.014406230766028],[-89.87518102082092,21.01811191609366],[-89.87586748511836,21.02398345839539],[-89.87418172938399,21.02635235276246],[-89.87436735991808,21.031773669643236],[-89.86042934453583,21.045557586733164],[-89.82429833745502,21.111860470966896],[-89.81874724966555,21.105256368620168],[-89.81286745089064,21.070115347828658],[-89.81334240161706,21.044044270349175],[-89.82327366880051,21.03008891901785],[-89.83625041555439,21.021723017300797],[-89.84614680431041,21.013258570962947]]]}},{"type":"Feature","properties":{"clues":"YNSSA001726"},"geometry":{"type":"Polygon","coordinates":[[[-89.76944483846518,21.266054881045292],[-89.71461099627695,21.27753561984786],[-89.71126051306,21.272427921479807],[-89.71653224457765,21.23950789030964],[-89.7163109361702,21.220964048871416],[-89.72311047061959,21.21299447523113],[-89.73601475382934,21.207860584315036],[-89.75163932859375,21.199111495627356],[-89.76944483846518,21.266054881045292]]]}},{"type":"Feature","properties":{"clues":"SCCSA003367"},"geometry":{"type":"MultiPolygon","coordinates":[[[[-89.55175958015643,20.927277018724492],[-89.55131094345795,20.923582274256585],[-89.55763446984541,20.917183700036674],[-89.55929364391393,20.923607080235392],[-89.55175958015643,20.927277018724492]]],[[[-89.55521773666648,20.93481341090872],[-89.54424114416545,20.942510921740737],[-89.53870759880314,20.94132727518883],[-89.53737884230688,20.938956142283683],[-89.54348253123695,20.93305941267618],[-89.55046469269612,20.929960293797205],[-89.55521773666648,20.93481341090872]]]]}}]}