{"type":"FeatureCollection","features":[{"type":"Feature","properties":{"clues":"ZSIMS000983"},"geometry":{"type":"Polygon","coordinates":[[[-101.85244889513777,22.167290808552465],[-101.86777417931222,22.192160686863758],[-101.881371268986,22.196016543728113],[-101.88984693643928,22.195991372144185],[-101.8950017381809,22.19443175666666],[-101.9102609706464,22.21488029998939],[-101.9124198990746,22.236696077648094],[-101.90277824244352,22.249170816610803],[-101.88306500430333,22.259488753428133],[-101.85397120360214,22.25983516944592],[-101.85209810423838,22.26594616885093],[-101.84290018035797,22.27851994019885],[-101.85813005836948,22.30975552540234],[-101.84812708892608,22.31584868446197],[-101.83563321452002,22.291682932634775],[-101.8222941207923,22.287083022869286],[-101.83193669971531,22.27831203432273],[-101.82419228094619,22.268045488749685],[-101.82241718482233,22.260546004130138],[-101.81862402474133,22.26074247500495],[-101.80924477502118,22.2560171994013],[-101.80294727299507,22.249059375174504],[-101.8066788426118,22.24207349041114],[-101.80431060199268,22.207436678320096],[-101.79693685033489,22.17863114209285],[-101.80272064648567,22.160516129652773],[-101.81155917720571,22.157690878405543],[-101.81770201156158,22.1520752756712],[-101.80981663442705,22.131399248267858],[-101.77995827368443,22.092350767573066],[-101.79425488309663,22.090896223924094],[-101.82610978036632,22.09507123883255],[-101.84010969376493,22.108347836547395],[-101.84757564572715,22.120869716514242],[-101.83884312087159,22.13099595123499],[-101.82882193036355,22.15163660425854],[-101.84390592724449,22.164931261917282],[-101.85244889513777,22.167290808552465]]]}},{"type":"Feature","properties":{"clues":"BCIMB000915"},"geometry":{"type":"Polygon","coordinates":[[[-116.94936072016021,32.519432378978486],[-116.9605830766531,32.52097262886858],[-116.96119146913735,32.525633503523885],[-116.9679600563502,32.530087855588135],[-116.9669650363422,32.53654027207588],[-116.9791418476132,32.54663539946868],[-116.92184887741291,32.55151120355379],[-116.91457629575447,32.54777818332561],[-116.92252755847092,32.53724236810618],[-116.92306794855344,32.52930284400178],[-116.91375974170015,32.52702630739851],[-116.91210408246148,32.53650623970569],[-116.91015693613053,32.53758036175829],[-116.90258975013238,32.53315352151932],[-116.90184086705943,32.52896015251166],[-116.91195257242528,32.52315722442673],[-116.91722023403605,32.51810476352842],[-116.9168719489535,32.51363835873706],[-116.91399148746406,32.510153355331845],[-116.91416495437554,32.50578892538293],[-116.92128109056642,32.49607054525735],[-116.93031169843265,32.49554293848117],[-116.9322274380694,32.4942656027616],[-116.93773342360358,32.50152733509367],[-116.94783232152022,32.50053822411679],[-116.94881260799863,32.504218162406794],[-116.94721886253704,32.509348441431],[-116.94944987439294,32.51446223959569],[-116.94936072016021,32.519432378978486]],[[-116.93668162459274,32.51450287586194],[-116.93615770306708,32.50753390372879],[-116.92307356778572,32.50577997277263],[-116.92197007068242,32.50900690648476],[-116.92492374493568,32.51367970341066],[-116.9275957136198,32.513117309324215],[-116.93134661015378,32.51622177144176],[-116.93668162459274,32.51450287586194]]]}},{"type":"Feature","properties":{"clues":"BCIMB000693"},"geometry":{"type":"MultiPolygon","coordinates":[[[[-116.20532424928618,32.47991828487449],[-116.1996284018549,32.512098590997084],[-116.15184440138096,32.5306139017108],[-116.13117264285759,32.547682800931256],[-116.11851795622884,32.55501247567933],[-116.10257203140912,32.59883684517111],[-116.09247455371487,32.61950570062613],[-115.85965118238286,32.637586039784566],[-115.86211064164907,32.584069784414424],[-115.85201966247055,32.46187833279448],[-115.89138795846242,32.4391689446334],[-115.89363693466413,32.39377405520632],[-115.88170379530303,32.28809583783628],[-115.86761526633676,32.26836030913314],[-115.86494042276698,32.23813348430953],[-115.87260114988541,32.22133095749932],[-115.9045356993243,32.18922494078306],[-115.99405184405494,32.156771218129045],[-116.04984097529588,32.09504557018182],[-116.11059266464159,32.17611207929449],[-116.1121253751532,32.26746258632464],[-116.12291430445372,32.28297598189949],[-116.13082747064344,32.28637047865716],[-116.17025042972446,32.33264288977555],[-116.17573302592656,32.36688680442485],[-116.1950232604466,32.384219016938005],[-116.20081402464051,32.41398998742044],[-116.19677725959563,32.44245783270497],[-116.20532424928618,32.47991828487449]]],[[[-116.26096862651553,32.508367323878936],[-116.26046688515984,32.514692106495474],[-116.2330866610392,32.54172179260573],[-116.20922549885874,32.52030048673219],[-116.26096862651553,32.508367323878936]]]]}},{"type":"Feature","properties":{"clues":"BCIMB000232"},"geometry":{"type":"Polygon","coordinates":[[[-116.01182035523456,30.714621650047867],[-116.012006511554,30.72471186909395],[-116.0226413788437,30.726549705683436],[-116.02555986102753,30.72959251020752],[-116.01606967250561,30.73727297041895],[-116.01395166353491,30.741743630851953],[-116.00179365051348,30.739543590211586],[-115.99734238951969,30.742830652134455],[-115.99025468621286,30.7407479702449],[-115.98382990392167,30.740864020696865],[-115.97924022662919,30.747355190470284],[-115.98182426296343,30.758712268898886],[-115.97597222345301,30.77394352356651],[-115.96609828708219,30.782130073058894],[-115.96016012577776,30.817483714396467],[-115.9390810316476,30.856324574271433],[-115.83629445848527,30.86194342709534],[-115.82062574835943,30.850048680271502],[-115.88683286556127,30.730403874207138],[-115.92602726322238,30.729747891091936],[-115.93705042169334,30.722491546000473],[-115.96496341294487,30.719295096316582],[-115.97445193593366,30.720727538435018],[-115.98504353748224,30.732130662217777],[-115.99159920375621,30.731513098942923],[-115.99298685607495,30.72961290150531],[-116.0001253647351,30.731327681402075],[-116.00326899179744,30.727072503377],[-116.00262094072008,30.72147703909114],[-116.00590813167867,30.715095194841858],[-116.01182035523456,30.714621650047867]]]}},{"type":"Feature","properties":{"clues":"BCIMB000314"},"geometry":{"type":"Polygon","coordinates":[[[-115.88494084769646,31.140766584299385],[-115.92403558960386,31.160354692183766],[-115.92814877974949,31.169650748216682],[-115.90563257340568,31.294444868561072],[-115.89713756178757,31.31473822612422],[-115.89280558012733,31.316296932514533],[-115.82626727125559,31.415271423775803],[-115.80633894673235,31.44984800052684],[-115.78710323107927,31.453401749491462],[-115.75285447342398,31.48421932744976],[-115.7477529220959,31.510425021175607],[-115.77639659544123,31.551034110777607],[-115.78041243308193,31.57942017055613],[-115.77835446375938,31.590510713031737],[-115.71814913331016,31.611413146441713],[-115.68324353748697,31.64935601735934],[-115.58655500434922,31.793086710322115],[-115.46989979289681,31.642821203232547],[-115.42593108991711,31.630660507052422],[-115.25299138186134,31.495867261349243],[-115.13479098441928,31.586448358485143],[-114.84020187562602,31.60162988794831],[-114.8371770335508,31.594509383166777],[-114.83803363967436,31.59226079300305],[-114.84088899334044,31.592010949055172],[-114.84642123982167,31.595294605156734],[-114.84749199674569,31.588691601222653],[-114.85532678871479,31.585543313018537],[-114.85237755815385,31.578750482221302],[-114.85636550326564,31.57585115290055],[-114.85432868371537,31.570425981837953],[-114.85760282296866,31.563230491764728],[-114.85865930346142,31.553046398895727],[-114.86223087419641,31.54165116014],[-114.86137636987115,31.53573385703513],[-114.86363370039561,31.530648240859396],[-114.86732502286421,31.531153395344234],[-114.86866793116776,31.527982763099526],[-114.86532633448972,31.524947784024558],[-114.86668119974091,31.524293907787722],[-114.86419561486153,31.52180975157687],[-114.86372574121303,31.514724323194596],[-114.86134012702371,31.510266040007423],[-114.85811298249232,31.50954922789786],[-114.85940086619718,31.508201858196585],[-114.8576475999027,31.506369990020687],[-114.85799547146512,31.50174745282712],[-114.85614663589166,31.50258474350005],[-114.85857852395785,31.488704841978436],[-114.85296002245974,31.486774504065398],[-114.85775265257017,31.48663669402934],[-114.85506981141805,31.474498467882736],[-114.85313947312656,31.47312968297838],[-114.85520425001991,31.47027492538695],[-114.8532977067507,31.468591455901397],[-114.85550465661599,31.466125740064864],[-114.85527367308264,31.463134487381975],[-114.85337206538294,31.46209334653955],[-114.85576167875776,31.457835951338502],[-114.85689967285704,31.447309553477865],[-114.85544943079817,31.445912571024895],[-114.8577658357575,31.444988151118853],[-114.86000728798949,31.43619723223327],[-114.85670656424251,31.432572988429147],[-114.86170343169445,31.432844247430378],[-114.86297882345889,31.430813377331223],[-114.85511962190039,31.42956876056849],[-114.85391085562266,31.427236888328043],[-114.85857459935413,31.4288073334459],[-114.85947879347609,31.4255617478867],[-114.85664247662129,31.424876463377853],[-114.85907904474934,31.424229249958053],[-114.85840327827465,31.42283012738143],[-114.86346677148227,31.421897377904333],[-114.86171548840393,31.41989863087467],[-114.86238173650467,31.4185090253058],[-114.86543320509925,31.418545668877687],[-114.87032311564253,31.421963764823996],[-114.87068242657544,31.41651339256917],[-114.86811058658088,31.41404910278852],[-114.87074893306631,31.41292266577559],[-114.87377000614497,31.400379115767937],[-114.87123259955953,31.39879405398866],[-114.86508095047799,31.400897330830674],[-114.8649619780039,31.39833940975983],[-114.85941799825392,31.395602791741272],[-114.8617998381293,31.393161464784576],[-114.85681149919255,31.394463734505486],[-114.8583284051911,31.393425098946814],[-114.85839265005843,31.389827353803003],[-114.85677937646884,31.389640566142862],[-114.85655094751152,31.390837435441462],[-114.85591682093525,31.384084524934046],[-114.8527759333676,31.38269254023024],[-114.85648712651364,31.382692224387004],[-114.85788701467938,31.380796109848],[-114.86319321325342,31.369516275229678],[-114.86107406514267,31.364812555789598],[-114.8657043773881,31.364347847514846],[-114.86905168442635,31.35657186796983],[-114.86734442118659,31.355905619105183],[-114.8674277016609,31.353115700786876],[-114.87022356799454,31.35459394134575],[-114.87169586022439,31.352333453282796],[-114.870342541152,31.349796353449786],[-114.87301051153736,31.348532263774743],[-114.87181483324487,31.345822652768852],[-114.8746672117804,31.346087368226275],[-114.87696741305066,31.343301543604575],[-114.87581139851946,31.34041648626223],[-114.87853826153413,31.340481920794844],[-114.88292836722403,31.311438220220985],[-114.87957259763715,31.310765183315297],[-114.88207388722823,31.310418734349135],[-114.88023503945892,31.310371144928947],[-114.8855405239915,31.30587824576031],[-114.8830396305423,31.306642172024876],[-114.88438283738468,31.30364702570909],[-114.88247331906682,31.303798715810494],[-114.87954955735886,31.297243301225038],[-114.88423219737791,31.28675394322151],[-114.88900343624064,31.28533948450263],[-114.88881059710253,31.283838628280932],[-114.89006695275812,31.28450963652353],[-114.8885869278405,31.28102134608595],[-114.88922692425241,31.272355587179895],[-114.88797413652847,31.271713132436986],[-114.88639298550844,31.273401360265712],[-114.88630732482858,31.271713131807644],[-114.88436568461199,31.27243054025897],[-114.88676418106881,31.26864005818705],[-114.89468778656529,31.26484243962848],[-114.89054633449726,31.2642523322551],[-114.88652361791964,31.260042113962857],[-114.88142681185306,31.262754700426594],[-114.88656050024724,31.25854275624226],[-114.88272213173879,31.255021154537125],[-114.88111599519438,31.23925127657069],[-114.88539902473062,31.219602877396575],[-114.88380181178253,31.214962928392794],[-114.88408974636671,31.206103480841076],[-114.88555311447776,31.204009554888298],[-114.8903051764403,31.16847232477171],[-114.89093711592847,31.152820767465137],[-114.88947612735241,31.143026905779326],[-114.88820549496843,31.14228451399046],[-114.88394209558777,31.1179563103194],[-114.87467531569963,31.100313736237226],[-114.86798903009853,31.091158521971597],[-114.84959893335288,31.07360980954096],[-114.83217945122756,31.066725681108892],[-114.82895889756014,31.060262637287565],[-114.82503357304984,31.05995411198446],[-114.82305866760308,31.05428370598522],[-114.81417304605682,31.05217312377371],[-114.81462038540766,31.04952716280902],[-114.81170316573578,31.044040125900647],[-114.81569903424473,31.041562076133403],[-114.82426509398084,31.039525732955667],[-114.82801524411029,31.031656142026964],[-114.82819798605388,31.02763604292604],[-114.82929301432408,31.025734377064904],[-114.83157983765295,31.025455814639457],[-114.83271610668059,31.022068222959682],[-114.83475054625703,31.012098281591374],[-114.83409440846158,31.001748477844586],[-114.82852892911481,30.996753547273137],[-114.82463583257567,30.999106924567545],[-114.82191045853568,30.996832308035817],[-114.82484076537617,30.998613333784956],[-114.8299685028485,30.99552098738179],[-114.82935638714093,30.993892246455026],[-114.82635112823023,30.991491369480315],[-114.82141422207386,30.9943659963588],[-114.8219246169063,30.99545965614917],[-114.8210894258444,30.995930789266446],[-114.8209805652358,30.99427587457332],[-114.82464493478507,30.991934485359234],[-114.82303166069849,30.987984579148282],[-114.81060986165559,30.978674968451593],[-114.78597649217205,30.966212541238136],[-114.73633320333136,30.94609003397787],[-114.73334812857493,30.942922257338168],[-114.72020946885623,30.93700427628603],[-114.7184012069233,30.933313157840068],[-114.71754374892483,30.924519506274553],[-114.71448852130021,30.921021697753403],[-114.70995564846736,30.90623810686447],[-114.71100498956946,30.892275430555287],[-114.70654350075516,30.884059151162877],[-114.7057011724844,30.86886153397488],[-114.7047017980082,30.86659152842533],[-114.70211391186162,30.866241625184735],[-114.70385233017169,30.865727784196164],[-114.7091204572973,30.850287460832384],[-114.70954215739266,30.843957500233316],[-114.70470368710511,30.835808910420266],[-114.70302387870689,30.82562314946703],[-114.70106197310031,30.82446038987264],[-114.69671462572875,30.815549488437707],[-114.70015102785464,30.769750716982035],[-114.69731348881001,30.75560676594408],[-114.69505097155995,30.751765422957977],[-114.6953369033511,30.74701449193467],[-114.69318099162972,30.74383749523813],[-114.70341338830046,30.722385883202634],[-114.70536350202659,30.71229397140169],[-114.7045736934976,30.704933332233445],[-114.69960491903207,30.697786710265415],[-114.69442307131499,30.67738390793511],[-114.6939804907375,30.669165249537052],[-114.6970106770963,30.656263697267807],[-114.69880748897054,30.633739600141176],[-114.69590611831599,30.623621563440416],[-114.68492902205053,30.60604766687397],[-114.67784957067836,30.58870646488151],[-114.66480847288685,30.57700376534237],[-114.69166010663783,30.563078369492604],[-114.75154588187249,30.517462857999725],[-114.87601163680203,30.46021158482425],[-114.92445467507045,30.447097685124504],[-114.93708290252579,30.467793946457828],[-115.00782441612893,30.4741771108089],[-115.1231853528562,30.526892822083347],[-115.30327833718393,30.62580131719066],[-115.37404898962816,30.689446266226692],[-115.41876983421648,30.709583120329476],[-115.39874534708564,30.853438573898075],[-115.18079336912021,30.954558807031756],[-115.24956629713901,31.05098119160979],[-115.2847143072115,31.06671647817036],[-115.26639120767939,31.103938584442385],[-115.27076518622982,31.169778730637468],[-115.32551955936204,31.138613005777415],[-115.46099355723575,30.977010219114764],[-115.54104138557624,31.061828735268772],[-115.57312738720458,31.091955755782823],[-115.58857115281108,31.09194522380099],[-115.68998095361681,31.145680461540422],[-115.80949099931213,31.12987307064537],[-115.88494084769646,31.140766584299385]]]}},{"type":"Feature","properties":{"clues":"SRIMB000511"},"geometry":{"type":"MultiPolygon","coordinates":[[[[-109.98228775013104,27.5401052181438],[-109.99434099222519,27.543811753128082],[-109.99722598434069,27.537279130286986],[-110.00126820701242,27.53428546964774],[-110.0104205829659,27.538973352086515],[-110.01206635057817,27.54895953135762],[-110.01441947515728,27.54923006952447],[-110.02105351970562,27.543770363099405],[-110.02350639921613,27.54851906922876],[-110.02909583847494,27.55304830335972],[-110.03720252295263,27.5415456606596],[-110.04512948028508,27.54405391132286],[-110.05290908144865,27.56004674252461],[-110.05593093131525,27.58141947525705],[-110.04955756044278,27.607413151652647],[-110.0393134101063,27.60624798040841],[-110.01826255800276,27.607104249309067],[-110.00690006338345,27.593801640785014],[-109.9893097707023,27.589675019705368],[-109.97910455226645,27.596434210263276],[-109.96309506049005,27.58992897713732],[-109.95648185909262,27.594139267411908],[-109.95474417323068,27.598571226766293],[-109.94946663267285,27.602102185956188],[-109.9443197369056,27.60149748421031],[-109.9390417584868,27.60723527406572],[-109.9390568177553,27.598575958967576],[-109.93408021809559,27.60054444079938],[-109.93259814973594,27.59389740350691],[-109.9311534663765,27.598405285404112],[-109.9338902736972,27.600695093462786],[-109.93320870869339,27.605271871019216],[-109.94656674013125,27.61737947120838],[-109.9349586347924,27.623376273632882],[-109.93169047280887,27.623147333329033],[-109.92979944615519,27.624549976012247],[-109.92855151253725,27.62707174123639],[-109.92942074551388,27.63253651162056],[-109.9332561571061,27.63814644976212],[-109.93735075112521,27.640854998810973],[-109.95246843789393,27.64448529769674],[-109.95492459079676,27.648148476431494],[-109.95301059345994,27.650900920071546],[-109.93809560691975,27.659143919480904],[-109.93742458641718,27.681696664977064],[-109.92778329788204,27.694261335792838],[-109.93927622735356,27.71934494120281],[-109.93533730675385,27.73683330128823],[-109.93543759756436,27.74545487113969],[-109.96430368983279,27.78541727177224],[-109.96186167622332,27.786168278288915],[-109.9030283438255,27.784445867405292],[-109.89950889931127,27.7510413284352],[-109.93001247721739,27.745521616954914],[-109.90034072672657,27.728298738628556],[-109.88780399687197,27.73225823790942],[-109.88401915762815,27.748621682684796],[-109.85919587138044,27.758530494705127],[-109.8555570109183,27.764312993579768],[-109.84790288252572,27.770516184623276],[-109.83728397788109,27.76710385782139],[-109.810919376171,27.766048362691162],[-109.77311546517302,27.77412558204333],[-109.75392232710155,27.795941650334548],[-109.74493914491744,27.800405289167067],[-109.70062322391009,27.73967567892448],[-109.7125467892306,27.709801988763168],[-109.70868832720517,27.66086868739498],[-109.70027553336757,27.6594630969207],[-109.6463397869832,27.687721487811167],[-109.63428230706363,27.684466397227645],[-109.60645553484633,27.656206511373004],[-109.56266462699377,27.655592441789533],[-109.55727854529022,27.644701618548936],[-109.54391985940349,27.586440147564726],[-109.57672343721163,27.563806034375133],[-109.64613795811958,27.54690332734199],[-109.6505317780106,27.54266098042266],[-109.68767484959662,27.56147110608272],[-109.72888778251745,27.56540119831251],[-109.77334819163875,27.511000728705966],[-109.7782563049595,27.516828066344264],[-109.78401492122228,27.57021307429277],[-109.79974931321217,27.58051566733019],[-109.82370339195977,27.606598761358338],[-109.8344376620808,27.58284247433595],[-109.84451231242102,27.574946191496917],[-109.85890343644685,27.550416157326392],[-109.87389412176216,27.55352932480802],[-109.88430663303198,27.549997059447893],[-109.89593044981896,27.537607221976355],[-109.90380884478036,27.538755175304132],[-109.90684558672868,27.537893731383967],[-109.9144247325626,27.54208227037938],[-109.92055102170869,27.53834414189622],[-109.92357649048166,27.5393077220037],[-109.92705086524033,27.54389956464505],[-109.92365913806567,27.54735564682966],[-109.93156294379973,27.54639032503561],[-109.93497431597922,27.543110822353324],[-109.94037460598445,27.54589217641076],[-109.94722549906625,27.545858365814766],[-109.95212989935852,27.544171916894218],[-109.95686684100657,27.53976557182723],[-109.96184652695098,27.539608333993414],[-109.96755081487672,27.53559942198598],[-109.97008807336502,27.545446875567],[-109.97393830606792,27.53884756152592],[-109.97732812062685,27.54200743786293],[-109.98228775013104,27.5401052181438]]],[[[-109.83351763212332,27.511866218081366],[-109.83311616853227,27.506519325157246],[-109.8401674396042,27.506541565016985],[-109.8469094528974,27.50975555486774],[-109.84853944754332,27.51233354387831],[-109.83738420688182,27.515924383618067],[-109.83351763212332,27.511866218081366]]],[[[-109.85314362361288,27.5316986835125],[-109.83725473984536,27.527988000402306],[-109.8379720387784,27.52055023392682],[-109.85308602266818,27.51995287610301],[-109.85314362361288,27.5316986835125]]]]}},{"type":"Feature","properties":{"clues":"SRIMB001211"},"geometry":{"type":"Polygon","coordinates":[[[-109.65981899151134,26.687870238604606],[-109.66141798864761,26.678038305367274],[-109.66493959133396,26.673850453865825],[-109.66924165730748,26.673412633329953],[-109.69044529129958,26.677552174926497],[-109.7482587982808,26.700471863146273],[-109.76747532549197,26.706239677130057],[-109.77498490392583,26.711455455619472],[-109.78391264100563,26.72340986679034],[-109.79402786647701,26.730716969595015],[-109.74925921955946,26.77535311506189],[-109.74682799553176,26.77596053271348],[-109.72918626670108,26.772192083859007],[-109.7178806494453,26.776901554561388],[-109.70284950134413,26.76265860348428],[-109.69318658566822,26.76407495008978],[-109.69130458607192,26.784228865372707],[-109.6847255655199,26.78636349189691],[-109.67669628019215,26.780777142240698],[-109.6706351995029,26.78202536505422],[-109.65938265489288,26.7790389654835],[-109.64561630410458,26.79361089283945],[-109.64416978613879,26.793510680685475],[-109.6414645686632,26.78245222860425],[-109.64518485457293,26.769827444805223],[-109.64384979559948,26.760905146709497],[-109.63397896921697,26.748604034291404],[-109.63562537380403,26.744490093642657],[-109.65870121314104,26.747243642181683],[-109.65704974454793,26.6905197754454],[-109.65981899151134,26.687870238604606]]]}},{"type":"Feature","properties":{"clues":"SRIMB000733"},"geometry":{"type":"Polygon","coordinates":[[[-109.67505769554363,26.869208569260557],[-109.6803436408822,26.874532079571072],[-109.68538486760666,26.888101382701514],[-109.68253587587819,26.89475862684736],[-109.66125218967662,26.89762443210998],[-109.65830407669714,26.907156660045093],[-109.64972901150568,26.914153571367336],[-109.64654548267441,26.913621948966547],[-109.64098798271941,26.90491710277292],[-109.6405969654383,26.89651740901822],[-109.64192069592531,26.89366828500724],[-109.64727718385195,26.890384391748885],[-109.6458200202808,26.876266005837234],[-109.65748762691992,26.87271701364443],[-109.65474161269391,26.855448836520832],[-109.664423573911,26.848328232088605],[-109.66975623632449,26.850085746235944],[-109.674807713291,26.85415874054578],[-109.67505769554363,26.869208569260557]]]}},{"type":"Feature","properties":{"clues":"SRIMB000704"},"geometry":{"type":"Polygon","coordinates":[[[-109.64287138447085,27.0961097423124],[-109.64397665631631,27.108056542083236],[-109.65163901577688,27.11920259793871],[-109.65878916408266,27.117451881909563],[-109.67455122467729,27.122452288070196],[-109.68018184487867,27.14715342339305],[-109.68461690535206,27.152651870979373],[-109.67692310874601,27.161312934525892],[-109.67685074084103,27.18907147312888],[-109.6620565093482,27.194937083513377],[-109.65712030290676,27.212821784564433],[-109.68882410684637,27.246024710990422],[-109.66557276264632,27.25123430552437],[-109.63123871116106,27.298286639907264],[-109.61601904389376,27.288268468542235],[-109.57772059925207,27.311926501818437],[-109.54685996041788,27.30228396693856],[-109.50423303057651,27.325696491053424],[-109.48188650068849,27.254014870173833],[-109.49751120701177,27.24115323915405],[-109.49620641656517,27.218057247521784],[-109.51248090336532,27.194573179783845],[-109.52537034670527,27.189649375230434],[-109.54107565062203,27.164293959348992],[-109.54583763868624,27.159981841934766],[-109.5456796013079,27.147437415021418],[-109.52926272123361,27.131755436395345],[-109.53031044673565,27.1130138559295],[-109.53955610724236,27.104662403928586],[-109.54578364964544,27.10528204203004],[-109.5684105029948,27.117476931658672],[-109.57211703595023,27.10479429671273],[-109.6019552188375,27.090038505821138],[-109.60732557380867,27.09070039142324],[-109.615482154187,27.08056207362989],[-109.62578220131272,27.07890359970885],[-109.63196414878443,27.08195392284582],[-109.64287138447085,27.0961097423124]]]}},{"type":"Feature","properties":{"clues":"SRIMB001450"},"geometry":{"type":"Polygon","coordinates":[[[-109.55926418667082,27.0571084101696],[-109.570122025262,27.061071245894123],[-109.5737261968261,27.07944341955769],[-109.58905310438125,27.078193848874896],[-109.6019552188375,27.090038505821138],[-109.57211703595023,27.10479429671273],[-109.5684105029948,27.117476931658672],[-109.54578364964544,27.10528204203004],[-109.53955610724236,27.104662403928586],[-109.53031044673565,27.1130138559295],[-109.52926272123361,27.131755436395345],[-109.50705193213206,27.13028115240684],[-109.51142505301928,27.110120949730973],[-109.51008344332075,27.106686399535615],[-109.51502976950253,27.09473520672671],[-109.51979409370091,27.088908879505365],[-109.51845338977407,27.085078126886184],[-109.51921046945199,27.08109008372543],[-109.52849239517583,27.066279433972532],[-109.54108025550295,27.05421644154953],[-109.54783526059612,27.058617592977672],[-109.5564709739929,27.05354616851049],[-109.55926418667082,27.0571084101696]]]}},{"type":"Feature","properties":{"clues":"TCIMB002565"},"geometry":{"type":"Polygon","coordinates":[[[-92.2641706263377,17.847877206774506],[-92.28662878259567,17.862603519033843],[-92.28061124813664,17.896553167284843],[-92.32917932385472,17.87049048337149],[-92.33678433215842,17.88300104535053],[-92.34399818123612,17.91956188459919],[-92.35785002157506,17.94558217550123],[-92.34917272776609,17.961349435187728],[-92.30037414566682,17.956136305996225],[-92.28186730327248,17.960971488448063],[-92.26950486985244,17.977172490487327],[-92.24402492705455,17.9565587118322],[-92.23764533822546,17.95422579407573],[-92.20244049493598,17.962755041545993],[-92.18565602313197,17.94884235844301],[-92.18597803319669,17.933925398136193],[-92.1896025134835,17.922215411817103],[-92.19698419016164,17.906784929126122],[-92.21490347891998,17.89140587204606],[-92.23473001508995,17.898116940485284],[-92.25815432665483,17.895441145898737],[-92.25467467282792,17.854140226618696],[-92.2641706263377,17.847877206774506]]]}},{"type":"Feature","properties":{"clues":"CSIMB000361"},"geometry":{"type":"Polygon","coordinates":[[[-92.12483455292511,17.8017589508824],[-92.12255965349084,17.822023851344603],[-92.1150281397794,17.827110688867585],[-92.09992666760374,17.83397783866916],[-92.07935718400817,17.82629410653018],[-92.07220019175647,17.81591639371827],[-92.09897436922526,17.783461700579057],[-92.1062825647454,17.788564890417543],[-92.12011974747861,17.791060260989862],[-92.12483455292511,17.8017589508824]]]}},{"type":"Feature","properties":{"clues":"CCIMS000470"},"geometry":{"type":"Polygon","coordinates":[[[-89.49957838567644,18.188406237887474],[-89.62336127802185,18.205662744732575],[-89.82613142952549,18.127148803992416],[-89.76435649234129,18.294693816107177],[-89.67428599722095,18.38194163774657],[-89.64155596800097,18.40863167681172],[-89.61052618713536,18.42714442942041],[-89.58640002890841,18.436602259635816],[-89.55364590269497,18.439554318688817],[-89.52643460717582,18.435562659800745],[-89.48814246034001,18.463668542981793],[-89.48208511365625,18.46495574896713],[-89.45586045255445,18.477718359571544],[-89.44428485051627,18.47962267012172],[-89.36938066513572,18.430913402361185],[-89.36141007314792,18.393680234308622],[-89.35634681961552,18.380788505317774],[-89.34083612269771,18.350725015203672],[-89.32945340127526,18.34459523485132],[-89.30050839851464,18.337452142111182],[-89.26064064590852,18.22643517190311],[-89.26575770788787,18.22101545164118],[-89.28236470187805,18.21103007334373],[-89.3299191632547,18.212602477994864],[-89.3340583331874,18.21113061855216],[-89.35194558395852,18.213009371511856],[-89.38287757991908,18.183185446656918],[-89.41030857902504,18.19465671714827],[-89.4175791594126,18.20713464562592],[-89.49957838567644,18.188406237887474]]]}},{"type":"Feature","properties":{"clues":"CCIMS000231"},"geometry":{"type":"Polygon","coordinates":[[[-90.28924566066213,19.306817470853886],[-90.32449527273234,19.33522372963748],[-90.34115660572836,19.33704302799867],[-90.3569157898111,19.40914102159494],[-90.36549777911785,19.43017106630705],[-90.29601090258504,19.512241018155407],[-90.28189992776004,19.51185893524715],[-90.27069391717798,19.466607629416924],[-90.26336707174698,19.449151087653462],[-90.22738364347805,19.4497308229346],[-90.2116187303454,19.455516177325897],[-90.16145432562877,19.44646468164974],[-90.16235225774653,19.40433458024733],[-90.1271252590413,19.348709869933664],[-90.10094210291648,19.330208624347996],[-90.08875455313458,19.308504278591386],[-90.03805262441384,19.233520167580334],[-90.0451589541708,19.18323060170182],[-90.068930647765,19.176345603452752],[-90.22321026352503,19.25536559778822],[-90.26865628601082,19.29443768329799],[-90.28924566066213,19.306817470853886]]]}},{"type":"Feature","properties":{"clues":"CMIMB001100"},"geometry":{"type":"Polygon","coordinates":[[[-103.91637842747238,18.823366925573936],[-103.90275785861455,18.84134808113266],[-103.90368109833639,18.852517143030283],[-103.89534937018509,18.859172035086452],[-103.89479182825553,18.864418129097057],[-103.89023348066247,18.864511431687443],[-103.88512923553746,18.871985439687002],[-103.87633261133843,18.867819853792703],[-103.87914583327878,18.879119326287046],[-103.87537277270349,18.880301611363926],[-103.8698975524785,18.878557630658747],[-103.86448436775484,18.8823460054603],[-103.86400631708042,18.886072026899946],[-103.8679645399172,18.88814583350644],[-103.8691776616709,18.89142074104283],[-103.86804979461836,18.894669125875044],[-103.86260890025595,18.89702403687163],[-103.86222309888912,18.90100461732589],[-103.86556858176442,18.908019450147062],[-103.86158265119194,18.91081437820289],[-103.86293831238308,18.9153370078084],[-103.85868921451852,18.91944516768092],[-103.85820348475127,18.922558578970428],[-103.86080672958582,18.9283207436277],[-103.86516036552919,18.932089259555248],[-103.85988543386044,18.935626936735297],[-103.85652688597558,18.93614784338801],[-103.85509993386522,18.94323591478007],[-103.8560858325278,18.946082022650657],[-103.8606500641754,18.950272217309763],[-103.85819753408603,18.95792221633428],[-103.85522522826902,18.959703135714165],[-103.84898231005826,18.959330796509086],[-103.83591215565214,18.962878388818858],[-103.82678340136069,18.961750842406428],[-103.80236201072957,18.96786986353213],[-103.80867663161924,18.936426981853337],[-103.80759834185118,18.927154414444185],[-103.82872912852616,18.914505387281665],[-103.82640614437437,18.907981428804945],[-103.82867635296031,18.903694142260353],[-103.82376861128505,18.895913605371156],[-103.82521165903582,18.885246944401572],[-103.82877178197579,18.88289235590608],[-103.8380456713681,18.888821577417733],[-103.84388406408179,18.883813104990622],[-103.84908156875576,18.884149958223063],[-103.85143915957674,18.882663043452368],[-103.85505386502564,18.8715884190824],[-103.85946004373321,18.86711282546265],[-103.86530181657906,18.861763983160515],[-103.87346174832157,18.860795091283077],[-103.87662705287842,18.84860256967006],[-103.86960685578943,18.843740630262904],[-103.86647855222988,18.836837796520975],[-103.87248949441378,18.82635371479816],[-103.88228780599738,18.827556344336227],[-103.88782275772188,18.824112930500892],[-103.88874434881242,18.80666765076423],[-103.91637842747238,18.823366925573936]]]}},{"type":"Feature","properties":{"clues":"CMIMB000296"},"geometry":{"type":"Polygon","coordinates":[[[-103.78718290169493,19.396242030355804],[-103.80997556337057,19.409592793945887],[-103.81679754995025,19.411213796483374],[-103.79119539381992,19.430051574204125],[-103.77293313449016,19.421754725136182],[-103.76547659260982,19.432588689535873],[-103.74526551248438,19.444533145815537],[-103.74190610536193,19.44388177123882],[-103.73489451417433,19.43892311938865],[-103.72396774462224,19.419000014688056],[-103.73067552458038,19.406973331015216],[-103.73174394875895,19.40659727715601],[-103.74198793224026,19.41576156586817],[-103.74666185706576,19.409314260088724],[-103.76701839964251,19.412552800953215],[-103.77251786317363,19.418169643808117],[-103.78718290169493,19.396242030355804]]]}},{"type":"Feature","properties":{"clues":"CSIMB000052"},"geometry":{"type":"Polygon","coordinates":[[[-92.88074249805821,15.183685531690124],[-92.92659730406821,15.2270949743066],[-92.89467719055293,15.243729758387666],[-92.86847167967157,15.252311675309945],[-92.85963305667798,15.262348704437656],[-92.8446080835663,15.254525026836344],[-92.84306904888221,15.247868874882549],[-92.8502375374429,15.235426249009661],[-92.8505933965672,15.231615701970611],[-92.85944073493269,15.217297349900747],[-92.85865140208514,15.205717551625831],[-92.85597190861539,15.201119639965398],[-92.88074249805821,15.183685531690124]]]}},{"type":"Feature","properties":{"clues":"CSIMB001930"},"geometry":{"type":"Polygon","coordinates":[[[-93.23536803744861,15.50858608489225],[-93.30607253983277,15.568235136938426],[-93.29900312937144,15.576815948169738],[-93.29337081664544,15.593818283186934],[-93.2723660738974,15.595656771828454],[-93.26847542946811,15.598546208281387],[-93.2615095979643,15.597551666838253],[-93.2578892625842,15.599636805654356],[-93.25556610479757,15.610818441457013],[-93.25879338426888,15.613419271207082],[-93.26038333008307,15.625886126801685],[-93.25737158404283,15.631827107094727],[-93.24853920881789,15.63567310741845],[-93.24704137425103,15.641351051567073],[-93.25243058238368,15.651031217779652],[-93.25054038830152,15.654366909914001],[-93.2416270082613,15.653407800289218],[-93.23276581723081,15.656783788359338],[-93.23319824945021,15.665344840993184],[-93.23041012080726,15.668313017047613],[-93.2385143944688,15.676160870215318],[-93.23810774851628,15.678104778150875],[-93.23218150259197,15.67842859758004],[-93.22628863934509,15.685983499529828],[-93.23432570030708,15.69151378062279],[-93.23585895961736,15.699753278908252],[-93.24075104282852,15.706101486095013],[-93.24607991077774,15.695476177943462],[-93.25876493710751,15.686801757331898],[-93.25364620766445,15.704355401908108],[-93.25496842800516,15.70819415991368],[-93.25808144958205,15.710256776334807],[-93.25875398366084,15.713329315986197],[-93.26250761205198,15.716105514606717],[-93.26043816871528,15.719863723277491],[-93.24962573925401,15.719924106695766],[-93.23984808297249,15.726359277874481],[-93.23245127603074,15.722415356969538],[-93.22633021874859,15.724078572503657],[-93.21524393055256,15.73409065746843],[-93.21079362052191,15.735330428235667],[-93.20721299880996,15.743213751072828],[-93.19639272613954,15.75293103875974],[-93.1962253298381,15.774374049334602],[-93.1918745975415,15.790833256964868],[-93.19426055123024,15.794118868772177],[-93.19765982981004,15.809180509851736],[-93.21145225469212,15.849138894384815],[-93.17650574289857,15.86231844889133],[-93.16794714967604,15.86787850490961],[-93.12693698392809,15.853628365094153],[-93.10944222986693,15.838199829798755],[-93.10582132973632,15.826783375988562],[-93.11071972305035,15.80140345681406],[-93.11628379529189,15.793521856753468],[-93.11784524192616,15.781298058273165],[-93.11550655656046,15.74533958647308],[-93.10594437939507,15.73505263846223],[-93.08058943649229,15.71374399467329],[-93.05845903395776,15.72027030110364],[-93.03480766406412,15.70765931895649],[-93.0498957425721,15.663254465158657],[-93.053585708969,15.660695143804896],[-93.06267833232292,15.658010140988953],[-93.06293654818286,15.64037104053404],[-93.05965498688647,15.63354323055892],[-93.06036542663034,15.627135291951882],[-93.07003329062393,15.62586960788354],[-93.08254665141048,15.632052044659865],[-93.09521822938086,15.63058083362009],[-93.10139632612834,15.639202434336932],[-93.1079906213798,15.644367230317572],[-93.1119182973833,15.65072162461735],[-93.13838830131631,15.653417569402542],[-93.14748321094922,15.64549094130971],[-93.1520517349528,15.650120464215352],[-93.14972418486316,15.66246719686328],[-93.16880654189038,15.649979722634042],[-93.17704838026435,15.660062031893444],[-93.18543727379115,15.66629572418738],[-93.18903500278496,15.66649628561465],[-93.19699852759038,15.65899878968079],[-93.19761203818622,15.655073122624936],[-93.19054841094848,15.648325599226485],[-93.19030259353153,15.641527533355816],[-93.19590030892867,15.637282961781196],[-93.19848096840484,15.6400182759617],[-93.20361273612316,15.641747666758548],[-93.21134544822928,15.64716567500223],[-93.21136773033432,15.639283380346495],[-93.20584874084305,15.633447313497824],[-93.21063240257294,15.629397467924338],[-93.21587976155791,15.617991946732682],[-93.21432118710959,15.611010458416503],[-93.21543551981745,15.606376281276159],[-93.22028935250847,15.604988901606895],[-93.23532318373258,15.60901930071884],[-93.2398416191736,15.60641541546813],[-93.2412313878468,15.598601811041936],[-93.23982851220924,15.594638610593648],[-93.2421701327647,15.58632783225037],[-93.25240923976595,15.57466703547773],[-93.25328200436137,15.570967623585307],[-93.25233079486866,15.566949537752292],[-93.23838519187656,15.54899994017694],[-93.2269761026489,15.54250268882589],[-93.21846797409498,15.535071276725821],[-93.21767846991071,15.532770298037464],[-93.23536803744861,15.50858608489225]]]}},{"type":"Feature","properties":{"clues":"CSIMB002770"},"geometry":{"type":"Polygon","coordinates":[[[-93.72337859420115,15.880776390191755],[-93.79750413965728,15.925026868412264],[-93.79538326058804,15.92739787580384],[-93.79520093660614,15.930533976454221],[-93.79747786701253,15.937393555037326],[-93.78999276049157,15.948098677645865],[-93.7827461105488,15.944827260266841],[-93.77353397206184,15.945698616145727],[-93.75517445779835,15.94177089707623],[-93.74115909155563,15.946604564483838],[-93.72983745572101,15.943703895147602],[-93.71282780252416,15.936821242735121],[-93.70193515550687,15.934527779606404],[-93.69331935855445,15.928781739049557],[-93.70532705927845,15.904384890157246],[-93.71749514068948,15.890238050688541],[-93.72337859420115,15.880776390191755]]]}},{"type":"Feature","properties":{"clues":"CSIMB004602"},"geometry":{"type":"Polygon","coordinates":[[[-93.79543768225071,16.057581551549855],[-93.7877236885433,16.058189267302524],[-93.7861586941041,16.06589599295363],[-93.78216953327836,16.0681252152113],[-93.77899581149319,16.067982322978917],[-93.77526003204817,16.073184134691047],[-93.77281276293364,16.07381979549006],[-93.76495604474653,16.067800078973857],[-93.77493304109316,16.063699771869953],[-93.77935017349058,16.055122279797793],[-93.77485135075601,16.04550276721723],[-93.77746849825891,16.038798865973146],[-93.77354135377787,16.01871953299555],[-93.78035367371896,16.019170110984568],[-93.80195222456743,16.03626970067013],[-93.7966379473948,16.041369578642247],[-93.79543768225071,16.057581551549855]]]}},{"type":"Feature","properties":{"clues":"CSIMS003536"},"geometry":{"type":"Polygon","coordinates":[[[-93.51008716061236,17.026386677479497],[-93.51224591723633,17.039909722790874],[-93.51632284443993,17.044646934685925],[-93.531616426371,17.049542802430793],[-93.53422355063113,17.06359442677894],[-93.55313670188279,17.07246587953141],[-93.56086072674213,17.081617314958805],[-93.56617974406421,17.09713645670716],[-93.56302925746887,17.10029726565007],[-93.5642133874848,17.11926635225784],[-93.5534845979362,17.121183391962145],[-93.54569203373342,17.142424784497454],[-93.5371391731925,17.146868255970936],[-93.51213946385317,17.147610508072724],[-93.50983471723046,17.145082252616657],[-93.4852289061144,17.13265331353645],[-93.48699481309468,17.11461906604309],[-93.49660571443597,17.10182221761124],[-93.49395142470301,17.091717244500675],[-93.48497564500305,17.08344809401278],[-93.46500198101889,17.082659059788018],[-93.45580967134016,17.077704723403002],[-93.4528826664212,17.076071077292422],[-93.43426501210604,17.054816393792898],[-93.40593248228302,17.043999556585693],[-93.40609399673447,17.040866965234986],[-93.41356966461596,17.029500785710123],[-93.41923873368086,17.012697911661455],[-93.41693878470409,17.004910683645583],[-93.42160854026604,16.999411378055004],[-93.44444099846217,17.003451681349222],[-93.44507173459289,17.006026893799277],[-93.46191529212808,17.020971069767555],[-93.46527121750049,17.02009532588366],[-93.47263656661565,17.012899067122696],[-93.47584636122434,17.01851058559652],[-93.49275605891025,17.01609316723066],[-93.49756699330042,17.02635006171713],[-93.51008716061236,17.026386677479497]]]}},{"type":"Feature","properties":{"clues":"CSIMS005740"},"geometry":{"type":"Polygon","coordinates":[[[-93.4461897168941,15.925773516577799],[-93.46019873136594,15.926661840009908],[-93.48608198472347,15.9353469398867],[-93.51146121264307,15.96883067111994],[-93.52597063422886,15.981902063167148],[-93.52978819828536,15.98310035930202],[-93.5387991609424,15.998966791265858],[-93.50606471925809,16.028290274841662],[-93.48382206853753,16.028242779332427],[-93.47747867241453,16.03211016049113],[-93.47832940451664,16.057007202166833],[-93.47689501428427,16.059001197137107],[-93.45794910429973,16.070107545513537],[-93.44408992905777,16.07105372036514],[-93.43510804315147,16.087964358537977],[-93.42889732913007,16.092496242550524],[-93.41628938724827,16.08266424746038],[-93.39514903689216,16.09552358580438],[-93.3947149550559,16.09949979448903],[-93.38711985673301,16.114270065891088],[-93.38473293571937,16.12582382749649],[-93.38536424754534,16.128875399476197],[-93.38364408438292,16.132681444040433],[-93.35965027211475,16.146939813363208],[-93.33949052343633,16.13813670988073],[-93.33415413846498,16.130429963012578],[-93.33026799199568,16.129455448037387],[-93.3210167128257,16.11375675104458],[-93.31731011606574,16.113097608576393],[-93.30578106908781,16.101579732171583],[-93.30360869065892,16.097095463703944],[-93.30128504211224,16.09586401213334],[-93.28483217558579,16.09899243311415],[-93.28305845738207,16.07881889097082],[-93.28408061036016,16.07385386021853],[-93.27910854056398,16.06766350679836],[-93.2825543998369,16.053687104596836],[-93.29322115833527,16.04918432204557],[-93.29272482655796,16.035450017136405],[-93.27988690787275,16.026119666683808],[-93.27966810117817,16.01969978971733],[-93.27128678810054,16.010661161824654],[-93.27473684087302,16.003034880630448],[-93.29336866516662,15.993004823527874],[-93.29237861993985,15.9892347356905],[-93.27415216723946,15.972711260999732],[-93.27030258300611,15.956826791803952],[-93.28850608704053,15.943891665665427],[-93.28729147531473,15.907333120580725],[-93.2921533177143,15.89453836690537],[-93.29460287556297,15.861454958335365],[-93.2994630101972,15.858323154922054],[-93.31438898348507,15.855412975506436],[-93.34149531190874,15.867116334456911],[-93.35157560339157,15.875570034889693],[-93.39281137415901,15.883733996541263],[-93.40082584134657,15.890746717433867],[-93.4225358608995,15.904396131932577],[-93.4461897168941,15.925773516577799]]]}},{"type":"Feature","properties":{"clues":"CSIMS003850"},"geometry":{"type":"Polygon","coordinates":[[[-93.43986204284708,17.521578603457336],[-93.45820651639177,17.537351113761826],[-93.45052403563304,17.54259254967957],[-93.44327106289428,17.553227334093737],[-93.43810290996298,17.579402901061172],[-93.41225195670077,17.58450842056174],[-93.40977886519694,17.60084436256049],[-93.40559980383354,17.605699772192867],[-93.4062232919084,17.614751115481532],[-93.40015519346262,17.62122360248066],[-93.40015345570028,17.63643307780037],[-93.38898692166573,17.637688109162482],[-93.37264312580496,17.62831043986118],[-93.38133291421514,17.616647265933825],[-93.3843062017639,17.6040822320835],[-93.37727336501268,17.588513701833612],[-93.38470242376935,17.573230830998913],[-93.37809610078159,17.545189191398467],[-93.3869869788348,17.538561843863384],[-93.40226625731512,17.54003422406537],[-93.42049706728407,17.529756033495026],[-93.43398617372449,17.505354728842654],[-93.43986204284708,17.521578603457336]]]}},{"type":"Feature","properties":{"clues":"CSIMB005594"},"geometry":{"type":"Polygon","coordinates":[[[-93.31855294016329,17.931125213395568],[-93.28890671509248,17.960003318566446],[-93.26518506330383,17.949250948720724],[-93.29402971611142,17.915345361720952],[-93.31173250963417,17.92077725568366],[-93.31855294016329,17.931125213395568]]]}},{"type":"Feature","properties":{"clues":"CSIMB006685"},"geometry":{"type":"Polygon","coordinates":[[[-93.03362966233338,17.27427410325619],[-93.05113644282072,17.274628755082237],[-93.0583417443903,17.27618780535688],[-93.0588641391737,17.27848388417001],[-93.08094467764091,17.305757247473284],[-93.08128120350979,17.309021461816638],[-93.0704066936967,17.31970811414897],[-93.05916537554614,17.313884659380157],[-93.04497474253964,17.3152110259216],[-93.0402746656358,17.309829735924243],[-93.04023143679133,17.303606971124132],[-93.03078382932162,17.299404931617342],[-93.02319570042899,17.301712368292975],[-93.01929174745155,17.305469400873537],[-93.01682202741836,17.305425365930482],[-93.01163676611992,17.289586849602433],[-93.01708212858456,17.286756623407424],[-93.02649503197613,17.27795910736935],[-93.03362966233338,17.27427410325619]]]}},{"type":"Feature","properties":{"clues":"CSIMS002310"},"geometry":{"type":"Polygon","coordinates":[[[-93.03771181510868,17.46969738761346],[-93.04660722374227,17.46694850707812],[-93.04882261540813,17.4681693380163],[-93.04981854232469,17.495578203561358],[-93.03827762866025,17.50386405313307],[-93.03376156719898,17.513407183404166],[-93.03662534138782,17.52906419246301],[-93.0256817363888,17.537611588089042],[-93.01852851784192,17.541529165596746],[-92.9950924272788,17.522773278488472],[-92.98055607159075,17.526672161940073],[-92.96736349388057,17.51386354701775],[-92.9824675031976,17.495094223494434],[-92.98513576463573,17.48988004075938],[-92.9765607404601,17.481701587320615],[-92.97823382920753,17.462596299241387],[-92.98189139740771,17.459079074784025],[-92.99484430025095,17.45927148809991],[-93.00288489405385,17.468074270560898],[-93.01861064962732,17.45859232709861],[-93.02657427464165,17.470149153096127],[-93.03771181510868,17.46969738761346]],[[-93.01224944838214,17.488789001007603],[-93.00306354367817,17.481088506432847],[-92.98664343934296,17.48982314451277],[-92.9968632489437,17.502153296686412],[-93.01224944838214,17.488789001007603]]]}},{"type":"Feature","properties":{"clues":"CSIMB006574"},"geometry":{"type":"Polygon","coordinates":[[[-93.01952765844274,17.18330141788284],[-93.02388805051073,17.178254467704278],[-93.03332319163017,17.18082681206631],[-93.03794023135258,17.18473826370095],[-93.03933626755267,17.18411076874608],[-93.04399753050033,17.18613050219733],[-93.04524908798669,17.188653368066817],[-93.05002635519297,17.187295862036148],[-93.05189375920573,17.188523515806388],[-93.04795042892242,17.197850015071793],[-93.04912946780432,17.202982473731918],[-93.0386146823557,17.203321790658844],[-93.03558071260471,17.194633159600407],[-93.02425099014162,17.192064624309875],[-93.01952765844274,17.18330141788284]]]}},{"type":"Feature","properties":{"clues":"TCIMB004385"},"geometry":{"type":"Polygon","coordinates":[[[-93.00360523822737,17.9764433775957],[-92.99745310756259,17.981414180428878],[-92.99462332790704,17.97437483946847],[-92.99614287000261,17.96774106209391],[-92.9977655743607,17.964894840709913],[-93.00308553605322,17.967107400461163],[-93.01050642884744,17.962609159469],[-93.01369113038344,17.966110121412495],[-93.01147954961291,17.975622635502393],[-93.00360523822737,17.9764433775957]]]}},{"type":"Feature","properties":{"clues":"CSIMB006224"},"geometry":{"type":"Polygon","coordinates":[[[-92.85002842029378,17.272684374799258],[-92.85796453919181,17.292165472186806],[-92.85713939447052,17.297736906666596],[-92.85114439411502,17.29962432487864],[-92.84222711952009,17.306702682165252],[-92.8399418575666,17.313503372811134],[-92.8510821766151,17.324454441563393],[-92.85044008971867,17.32934805564196],[-92.84908908379451,17.333316443067886],[-92.84438565984871,17.33517653052002],[-92.84028589564066,17.340188239344904],[-92.83621251388936,17.34833848496561],[-92.83290556377383,17.35143053143638],[-92.8243791271969,17.347824835875453],[-92.8188101205508,17.33800975678193],[-92.80288533208869,17.339321384617076],[-92.79036032372736,17.335354528270553],[-92.77949124978042,17.310709064644477],[-92.78233265879521,17.30774508966636],[-92.80720743414125,17.30213763413706],[-92.81051174810035,17.314565028824035],[-92.81752641969926,17.317730896615316],[-92.82199035395665,17.315840630996046],[-92.82513975300753,17.31301510111477],[-92.82188473993016,17.301937820573343],[-92.82699379525579,17.297421898861394],[-92.82755205465179,17.29055742098217],[-92.83475337559328,17.27956934952102],[-92.83622954206407,17.274770091379406],[-92.8395486701472,17.272203986179118],[-92.85002842029378,17.272684374799258]]]}},{"type":"Feature","properties":{"clues":"TCIMB004081"},"geometry":{"type":"Polygon","coordinates":[[[-92.71064954290313,17.66314586078352],[-92.7195276262682,17.627401639316115],[-92.74708438540966,17.64517254048434],[-92.75599941747153,17.640411949401702],[-92.76808071675302,17.638791611519533],[-92.7814431301274,17.658103244209734],[-92.78931354222051,17.664119720016444],[-92.80195742996095,17.65814499760734],[-92.81432920966837,17.66016971620497],[-92.82972727103278,17.700725962064435],[-92.78246942892608,17.701383176397897],[-92.77904730050807,17.699509273043887],[-92.77137352279159,17.701869402071118],[-92.74838042762667,17.721051558952723],[-92.74093188690216,17.7183959613506],[-92.72350279810767,17.704557932165407],[-92.72231837472302,17.67172277483821],[-92.71064954290313,17.66314586078352]]]}},{"type":"Feature","properties":{"clues":"CSIMS000432"},"geometry":{"type":"Polygon","coordinates":[[[-92.75199827436774,15.304272768708431],[-92.75930254134735,15.307654007963858],[-92.76132425878055,15.31783828642975],[-92.77395129903148,15.323987819653066],[-92.77478428355163,15.330241557511169],[-92.77890429979057,15.33630503651713],[-92.79991266346724,15.334314199305329],[-92.80582340159913,15.33947520608871],[-92.80153999569134,15.345659363114775],[-92.80094398491909,15.355642443076325],[-92.78998727098316,15.367633982586034],[-92.77840547944845,15.362242386787928],[-92.7758608597592,15.366742751919604],[-92.7682703584535,15.37309853949174],[-92.78250067447962,15.384677039384504],[-92.7669853781829,15.404388416752907],[-92.77461555895331,15.413461659434788],[-92.77821188673894,15.415159169343434],[-92.78299886321605,15.464886035059674],[-92.77301529455477,15.48006670481418],[-92.77164940244722,15.486384233968627],[-92.75953345544332,15.497848810614952],[-92.74197929760477,15.519252075795755],[-92.7319294614713,15.519164175819451],[-92.71768644946258,15.44056795350005],[-92.72313248918458,15.439197252790574],[-92.72530061988034,15.42036077917629],[-92.71309167009964,15.412883865300888],[-92.71424750805613,15.410996808358506],[-92.71287876186086,15.39748453687669],[-92.71053076295546,15.394954364598906],[-92.71518480663548,15.386927303137254],[-92.71533739143011,15.382025481655745],[-92.70693196802931,15.376363195324434],[-92.70355580550365,15.37193937597861],[-92.69902525869693,15.37543466445367],[-92.69151455461865,15.375895750904473],[-92.68778004067258,15.365957892533178],[-92.69026474941305,15.360276943572606],[-92.68918142901529,15.356076632716361],[-92.69112251692587,15.35007331809425],[-92.69940588863535,15.34784900557552],[-92.70347191383797,15.354007077342677],[-92.71480304422242,15.347169158715872],[-92.72311715511049,15.34423041676485],[-92.7240399947127,15.330954704657167],[-92.72556476203641,15.329468530547517],[-92.72697489308784,15.328636463742075],[-92.7321849370377,15.330222773825174],[-92.7462177531542,15.326972157716934],[-92.74459147970967,15.31681761655618],[-92.75199827436774,15.304272768708431]]]}},{"type":"Feature","properties":{"clues":"CSIMS000514"},"geometry":{"type":"Polygon","coordinates":[[[-92.71018746762157,15.14539302907689],[-92.71776483537298,15.14249404133574],[-92.7508975139493,15.112046901921703],[-92.76252874132308,15.130894674592145],[-92.73065068345666,15.171253084061163],[-92.73036354879834,15.183787281007579],[-92.72365993643221,15.187477445532455],[-92.71207126849016,15.199265646299114],[-92.71559125997838,15.2205412539891],[-92.70922761691374,15.22527393289453],[-92.70266380516517,15.227773763482945],[-92.69720269176308,15.224490150088254],[-92.68254644481532,15.228821488623659],[-92.66842851764747,15.22546034400258],[-92.6684957956551,15.215906046432313],[-92.65057169861609,15.206643507402168],[-92.65944878956309,15.195210096086802],[-92.65946851582208,15.1839177902428],[-92.6744107407352,15.1763047623965],[-92.68278930063377,15.161606849822611],[-92.69546585800848,15.156202780580184],[-92.70150716008283,15.157606715077234],[-92.71018746762157,15.14539302907689]]]}},{"type":"Feature","properties":{"clues":"CSIMB006031"},"geometry":{"type":"Polygon","coordinates":[[[-92.71239227651014,16.77254610886501],[-92.71553840006403,16.769323925354552],[-92.7230854286708,16.77107599372703],[-92.73381765752262,16.770082076620007],[-92.73910117527653,16.762754542176406],[-92.74606788921,16.7610377721013],[-92.754543394811,16.774930469793553],[-92.76591020233724,16.770951705858383],[-92.77495157903505,16.77935569468775],[-92.777211232129,16.78612208109154],[-92.77561242554437,16.7876041393473],[-92.75742915698554,16.788059567748117],[-92.75222009174345,16.785696456696417],[-92.74477565592026,16.791394459362667],[-92.74159565473254,16.79624517530386],[-92.72420716230924,16.793255302778093],[-92.7235581885986,16.789095303061842],[-92.71783435909916,16.788328612299892],[-92.71239227651014,16.77254610886501]]]}},{"type":"Feature","properties":{"clues":"CSIMB003535"},"geometry":{"type":"Polygon","coordinates":[[[-92.69124341436266,16.866044649371624],[-92.70119986030606,16.857000365455864],[-92.70831264748195,16.863796784221275],[-92.71791339807805,16.861239250695952],[-92.72563417023287,16.855783319452915],[-92.72859571932447,16.85645249135866],[-92.7362821263007,16.862980342487212],[-92.73092517375557,16.872161789704528],[-92.72811010088341,16.88084708149203],[-92.72601673617008,16.882054558722675],[-92.71871387610656,16.878843158478034],[-92.71027057114007,16.880311697475772],[-92.70769725266832,16.873992331460872],[-92.69588282538642,16.87723143230095],[-92.68971895829766,16.87305878283233],[-92.69124341436266,16.866044649371624]]]}},{"type":"Feature","properties":{"clues":"CSIMB005652"},"geometry":{"type":"Polygon","coordinates":[[[-92.69825369651707,16.89700806772584],[-92.71002679236287,16.89760317824918],[-92.7121539096715,16.900344503975436],[-92.71840431897796,16.903076947216974],[-92.71857564526205,16.90881406251394],[-92.72059668343647,16.913720269518105],[-92.71927935106427,16.91764336062304],[-92.7244455171897,16.92574437364134],[-92.71213301105152,16.92864855199331],[-92.70828501952082,16.92192588151118],[-92.70218937781569,16.916312146180573],[-92.70800993843632,16.910889115831623],[-92.70880178418011,16.906975629236154],[-92.69778591515731,16.901416370595083],[-92.69825369651707,16.89700806772584]]]}},{"type":"Feature","properties":{"clues":"CSIMB003424"},"geometry":{"type":"Polygon","coordinates":[[[-92.62171564605029,15.706414001855716],[-92.62555466625888,15.708479013608304],[-92.63145107560904,15.698422037476407],[-92.64340705606406,15.694048060618575],[-92.65618049262089,15.697299989008215],[-92.67072553142988,15.682176070130359],[-92.68909907687264,15.686188667811786],[-92.69107578385734,15.688145376992356],[-92.69619235950174,15.710476116804976],[-92.68885845147798,15.725516964959613],[-92.68974409691093,15.735031974795046],[-92.68070786568624,15.760237771859016],[-92.6882233087074,15.77376266004403],[-92.64601309697454,15.792568709912542],[-92.65871683893536,15.818669520690099],[-92.63011707378166,15.830462583660765],[-92.62160202168768,15.825110183068828],[-92.61075699716945,15.812498007359407],[-92.59342017680105,15.811741637420873],[-92.57725615633922,15.79797541998695],[-92.5745929521572,15.79715876333334],[-92.5596614910894,15.767202535732888],[-92.54815302931866,15.768762637217964],[-92.5342300230546,15.763502689456743],[-92.51776632469146,15.774171043298713],[-92.50935010521275,15.772400049517577],[-92.49926630013773,15.764669245645527],[-92.49718474356287,15.75201125786606],[-92.47596190290541,15.746589835431532],[-92.47443803917409,15.73218319837992],[-92.49050375388774,15.71370632934273],[-92.52028688450407,15.717605038881082],[-92.52696660211663,15.712514602074267],[-92.54667707051817,15.705301498969185],[-92.54761487811442,15.687901691864845],[-92.56132759971092,15.679564845613308],[-92.56530922840702,15.67536410481851],[-92.57343385092112,15.68144096644226],[-92.57935968285527,15.693388696287979],[-92.58179953216421,15.694130060734327],[-92.59648198594905,15.692083083721927],[-92.60161199975573,15.702039734513138],[-92.62171564605029,15.706414001855716]]]}},{"type":"Feature","properties":{"clues":"TCIMB003381"},"geometry":{"type":"Polygon","coordinates":[[[-92.68528139384614,17.62779283184057],[-92.66887753920504,17.642402151090323],[-92.6441184288583,17.632756714712908],[-92.64023387674393,17.627822947214227],[-92.64891889012387,17.60946589223523],[-92.67581280116214,17.595661248484127],[-92.6805964731125,17.58960874987607],[-92.71729854078843,17.615702325166957],[-92.7168269810671,17.61703758871535],[-92.68528139384614,17.62779283184057]]]}},{"type":"Feature","properties":{"clues":"CSIMB000624"},"geometry":{"type":"Polygon","coordinates":[[[-92.61090462079008,16.76683716937474],[-92.61631875114682,16.760458031068],[-92.62992329409282,16.76328385252047],[-92.63798283383916,16.77163801097245],[-92.64474531237606,16.775390587676032],[-92.6603503955097,16.802491301879677],[-92.654618313211,16.81180392858345],[-92.64568826759331,16.81231877906248],[-92.63721283581971,16.801592918470664],[-92.62949980260265,16.8028778580166],[-92.62094537542201,16.79498470242168],[-92.6227715582728,16.784399467187168],[-92.61427798532735,16.779005414972588],[-92.61090462079008,16.76683716937474]]]}},{"type":"Feature","properties":{"clues":"CSIMB003161"},"geometry":{"type":"Polygon","coordinates":[[[-92.54318800904761,16.25585408521745],[-92.57524651300493,16.234998944564758],[-92.58682082532648,16.240248327915662],[-92.59913059198753,16.25778260467701],[-92.63761604529053,16.26902414114188],[-92.62327340269839,16.325041320590447],[-92.6185176387534,16.322684122099346],[-92.5972766700344,16.32237103532474],[-92.58439296201522,16.318682096044608],[-92.58044388835577,16.319397522133688],[-92.5749156746598,16.328965642639133],[-92.57022145671289,16.32717755108604],[-92.57017715296466,16.32232718956157],[-92.56765124994389,16.314990353030645],[-92.56595568054807,16.314948492173304],[-92.55185321526845,16.318746480612464],[-92.54335689251462,16.31684778665892],[-92.5388719033594,16.318470372734673],[-92.53387562181128,16.32703693405086],[-92.52196084077319,16.3260119595435],[-92.515593417013,16.335995788945727],[-92.5209156738205,16.356502881881738],[-92.51913993223802,16.3715187354591],[-92.526000546217,16.385454056502446],[-92.52509442739479,16.391995873309273],[-92.5133957748075,16.411276617656974],[-92.50864906283306,16.415383370214464],[-92.49781971675917,16.412183919048655],[-92.4802923637624,16.394884531074723],[-92.48153148509192,16.39320474306282],[-92.48068766350488,16.37315300161655],[-92.48712636012424,16.365122077030517],[-92.49097716563759,16.364998529446517],[-92.4953407345846,16.356130059186217],[-92.50275770434277,16.35152033875911],[-92.49538905698348,16.336664304015656],[-92.5010889964089,16.332924843661978],[-92.5010276170191,16.326239018626836],[-92.4940734595561,16.31510103388424],[-92.49492436279303,16.310703204796404],[-92.49169451633709,16.28365355442709],[-92.50709310330124,16.29278533373859],[-92.5144879250635,16.29541552911924],[-92.51941117478974,16.29515546378966],[-92.52496879552174,16.288321668165917],[-92.54318800904761,16.25585408521745]]]}},{"type":"Feature","properties":{"clues":"CSIMS001815"},"geometry":{"type":"Polygon","coordinates":[[[-92.58428376669002,15.33254488410076],[-92.59247872754987,15.336690241824599],[-92.59424074255413,15.340649999632735],[-92.5943735599649,15.35203001644092],[-92.5958003767542,15.354520753446687],[-92.59278514231842,15.36049237107682],[-92.5991342982234,15.36623170879751],[-92.60095192074064,15.366403637983558],[-92.610683107154,15.385093325956719],[-92.6117399769927,15.388941654105677],[-92.60903204476759,15.407584378096635],[-92.61087875173087,15.416947632499063],[-92.60061224834365,15.437154915193345],[-92.59627316876569,15.484025239548721],[-92.57558793338002,15.490943071653557],[-92.57381225381314,15.490784076341393],[-92.54955980965167,15.458490239994518],[-92.55142063303282,15.43622431570712],[-92.54291024194976,15.42329388410791],[-92.54409281584674,15.413772808646575],[-92.5469938275568,15.408467272222653],[-92.55735378064563,15.40217828347262],[-92.57427999948835,15.378252657665108],[-92.5778152656419,15.376407426495938],[-92.57805235332972,15.371504450630411],[-92.57385008635039,15.359901869891452],[-92.5816402052701,15.352870094601368],[-92.58174315104847,15.333696679493505],[-92.58428376669002,15.33254488410076]]]}},{"type":"Feature","properties":{"clues":"CSIMS006336"},"geometry":{"type":"Polygon","coordinates":[[[-92.54831786634554,16.737066692649282],[-92.55447822320262,16.74371550235159],[-92.55712244539296,16.752039206828357],[-92.54652234451976,16.756481854305104],[-92.5400205313581,16.769475421254977],[-92.52782171460274,16.764491814519804],[-92.53752307766813,16.75415597036044],[-92.53052281584652,16.744723930001182],[-92.53171171301044,16.739626363438276],[-92.52374742921465,16.72964458898262],[-92.52393167707861,16.721348522938182],[-92.52864280194815,16.717180787210978],[-92.5462249648192,16.722318972793264],[-92.54877348940552,16.724935747834326],[-92.54831786634554,16.737066692649282]]]}},{"type":"Feature","properties":{"clues":"CSIMB003156"},"geometry":{"type":"Polygon","coordinates":[[[-92.4839182854761,16.16660470618849],[-92.51693033136631,16.179935169119062],[-92.53179692679447,16.182699020401035],[-92.54321158425839,16.183110003448665],[-92.57524651300493,16.234998944564758],[-92.54318800904761,16.25585408521745],[-92.52496879552174,16.288321668165917],[-92.51941117478974,16.29515546378966],[-92.5144879250635,16.29541552911924],[-92.50709310330124,16.29278533373859],[-92.49169451633709,16.28365355442709],[-92.49492436279303,16.310703204796404],[-92.4940734595561,16.31510103388424],[-92.5010276170191,16.326239018626836],[-92.5010889964089,16.332924843661978],[-92.49538905698348,16.336664304015656],[-92.50275770434277,16.35152033875911],[-92.4953407345846,16.356130059186217],[-92.49097716563759,16.364998529446517],[-92.48712636012424,16.365122077030517],[-92.48068766350488,16.37315300161655],[-92.46850635493719,16.36944673496419],[-92.46980037241904,16.35759039089348],[-92.47657127750517,16.354894962532143],[-92.48152255720807,16.342037646302206],[-92.46794937893065,16.33886051566994],[-92.46560752283773,16.333815041206282],[-92.46727037989946,16.32189717085991],[-92.45989680243689,16.324066928413593],[-92.45564616026276,16.31582821708309],[-92.45052743437036,16.31623306167078],[-92.44853929768644,16.3182299335774],[-92.43808114433959,16.321219861731038],[-92.43383703516271,16.319718917986762],[-92.43367812759419,16.314142633099642],[-92.44114015936148,16.30880075393761],[-92.44785722999819,16.297098852913773],[-92.44414997271637,16.292516546278964],[-92.43724140392162,16.29056792534561],[-92.43123710563356,16.273436760529073],[-92.43373520175244,16.27169117155151],[-92.42949791350365,16.25677263201297],[-92.41943652629764,16.25782860163912],[-92.41675627457722,16.269070529183846],[-92.40579596359622,16.268964008978198],[-92.39348391718687,16.2581100920801],[-92.3919653189493,16.25352026409748],[-92.38812466130838,16.251054083347572],[-92.39227815538212,16.229310395385124],[-92.39105372213892,16.225521181553425],[-92.39911976527766,16.220160985600298],[-92.40105177155463,16.21531484172501],[-92.39886452461738,16.20390684789542],[-92.39959489179908,16.194861733536197],[-92.42365369336353,16.205470928210236],[-92.43023028897427,16.196656442058927],[-92.44752752543366,16.19374705945849],[-92.46985969293753,16.183795833209047],[-92.47415787103331,16.176199078032404],[-92.4839182854761,16.16660470618849]]]}},{"type":"Feature","properties":{"clues":"CSIMS004854"},"geometry":{"type":"Polygon","coordinates":[[[-92.45909648811138,16.894765838638005],[-92.46890921607515,16.889972155543823],[-92.47067841771502,16.89215984056126],[-92.4803984376431,16.895230545376638],[-92.4833875299399,16.894796793864916],[-92.48777321465556,16.9034537226695],[-92.48384267526494,16.909614328502926],[-92.48611592831136,16.925736938570694],[-92.46589441488855,16.928967887119533],[-92.45577449774842,16.941609654544962],[-92.44793229102747,16.937065744614273],[-92.43492907441663,16.919728343632183],[-92.43235227264731,16.918212437651242],[-92.42865780455074,16.906263129939305],[-92.43400409020194,16.900467773110567],[-92.44183530276638,16.897548067067163],[-92.45558354897604,16.902021395365892],[-92.45909648811138,16.894765838638005]]]}},{"type":"Feature","properties":{"clues":"CSIMB002106"},"geometry":{"type":"Polygon","coordinates":[[[-92.39150075009893,16.350904421365872],[-92.3894417582287,16.36010641408747],[-92.39067728053661,16.364043970384337],[-92.3962710282536,16.369154151280267],[-92.39989597684522,16.37796376935429],[-92.41085423812486,16.389926922751123],[-92.4194593952726,16.39224241782256],[-92.42418695831864,16.398462889409995],[-92.41589086603496,16.4191311567276],[-92.40152229991575,16.41954945859512],[-92.38686071096762,16.417752302117854],[-92.3806761887803,16.433504049458694],[-92.3677896140331,16.424545821853666],[-92.36525296703579,16.41442584920827],[-92.37113289992669,16.39935937869731],[-92.36142869834146,16.392842114638125],[-92.35087097286564,16.38907718348161],[-92.3490777622668,16.392620382103345],[-92.34069207065463,16.399787018628146],[-92.33740419094025,16.40860552592713],[-92.33786057254406,16.418343129570108],[-92.33968569228135,16.424401579665123],[-92.33824379496792,16.43360009608052],[-92.32528367406016,16.44366749280819],[-92.30982826730052,16.426457959059054],[-92.30772064880396,16.41815525808921],[-92.3091784858394,16.39066150212996],[-92.31049152240911,16.386678707934333],[-92.32478645048741,16.384389952263007],[-92.32268672402066,16.36959330132358],[-92.32373480281032,16.360276539917948],[-92.33928119471673,16.349890193858666],[-92.34298632941406,16.33863319369255],[-92.3319662217418,16.326606681073226],[-92.33146120992798,16.323538786202267],[-92.3258400928217,16.31606212367029],[-92.31834061291065,16.313048287438107],[-92.31562782578807,16.30796124735968],[-92.3226011326266,16.303109024542614],[-92.32904257254262,16.29168133828242],[-92.3457957537198,16.294693284222962],[-92.35324702318191,16.293527746269568],[-92.35974690977697,16.306660941868355],[-92.38168314941628,16.30930934817772],[-92.38738873346773,16.319129964578657],[-92.38536366730627,16.324431334060773],[-92.3969694832177,16.32881937272226],[-92.38888312841549,16.34260924463712],[-92.39113736586442,16.346118975603968],[-92.39150075009893,16.350904421365872]]]}},{"type":"Feature","properties":{"clues":"CSIMB000846"},"geometry":{"type":"Polygon","coordinates":[[[-92.32956955201752,17.075818757114376],[-92.33171869013033,17.078348087165907],[-92.3367336167799,17.07974936827973],[-92.33865221168524,17.07295795299581],[-92.34666537280955,17.07636529646038],[-92.34883376517048,17.084011543730217],[-92.34703012026861,17.08623500154639],[-92.35386894137285,17.099440643769505],[-92.3522428852988,17.10264374594792],[-92.3452493562428,17.10633168824926],[-92.33716775715935,17.1039309892285],[-92.33040905641238,17.106971168719245],[-92.32380559822099,17.095918485544825],[-92.30858800746873,17.100046235838782],[-92.30182651094131,17.100404869487512],[-92.30272053904329,17.09303211688552],[-92.29864991455027,17.086768470189853],[-92.28808780940535,17.091212700079854],[-92.29191445962256,17.083566459165805],[-92.2978221201938,17.082384614769666],[-92.29779598870297,17.075219093676708],[-92.29466679860151,17.072373018542216],[-92.29395621403641,17.06432051815627],[-92.2853556250217,17.057438140468697],[-92.28875182977765,17.05102030123284],[-92.30283688810495,17.046417533315783],[-92.30609997013335,17.06064635288813],[-92.31035410935053,17.06318099413009],[-92.31248710781753,17.06637659315234],[-92.31666122245602,17.067841211392196],[-92.31957905970407,17.076195770827155],[-92.32956955201752,17.075818757114376]]]}},{"type":"Feature","properties":{"clues":"CSIMB006335"},"geometry":{"type":"Polygon","coordinates":[[[-92.27000869495683,17.1111674332282],[-92.27157730927794,17.114904764389706],[-92.27392931999864,17.11622170355197],[-92.27795227022007,17.11579371053772],[-92.28399215747254,17.136118899475985],[-92.28136684267615,17.138850059310954],[-92.27708642863792,17.13860236922822],[-92.2735963443264,17.13281090093439],[-92.26966876081293,17.13516572068002],[-92.26753915896435,17.140861203275225],[-92.25975587504415,17.13218736403928],[-92.26318240168833,17.12722995464641],[-92.26183252715144,17.1214737959629],[-92.26656403705661,17.114805144257865],[-92.26643570940399,17.1124231472291],[-92.27000869495683,17.1111674332282]]]}},{"type":"Feature","properties":{"clues":"CSIMS000963"},"geometry":{"type":"Polygon","coordinates":[[[-92.23746816876938,15.006646321292775],[-92.23321865737589,15.022483790545412],[-92.23006341920686,15.024543347995172],[-92.21809522575961,15.021922924149269],[-92.2121435866965,15.02849961349092],[-92.21641086874965,15.03917508259414],[-92.20784359176703,15.045153116601819],[-92.19886701704954,15.039942714640414],[-92.20372357059338,15.027630797851332],[-92.20727153613467,15.027460158831257],[-92.20924668322704,15.011390085631888],[-92.20748922216109,15.008186639967859],[-92.2087444349341,14.99946637191605],[-92.22312272665226,15.002674050303591],[-92.2243433264548,14.997123948306017],[-92.22982428952933,14.988484167262026],[-92.2372476276163,14.989749564273493],[-92.23756881517987,14.99633166874801],[-92.24079415228015,15.00308363928712],[-92.23746816876938,15.006646321292775]]]}},{"type":"Feature","properties":{"clues":"CSIMS000736"},"geometry":{"type":"Polygon","coordinates":[[[-92.17929443277832,15.420015293413364],[-92.18501664473993,15.441552903871505],[-92.1901234975621,15.44478166972879],[-92.19028164733415,15.450527082439647],[-92.18682967823057,15.46259933012285],[-92.17243188298058,15.465340535230501],[-92.1661061128967,15.473355482213018],[-92.15637064406762,15.475549615471715],[-92.14689368250242,15.474334522543773],[-92.14210437329629,15.453274861168337],[-92.14205360809463,15.440094743308522],[-92.14691172700607,15.436916319226839],[-92.15246642426646,15.426617938178433],[-92.15973810748919,15.428492178203935],[-92.16410323970591,15.427901739473212],[-92.17220073080212,15.421006129035549],[-92.17929443277832,15.420015293413364]]]}},{"type":"Feature","properties":{"clues":"CSIMS002911"},"geometry":{"type":"Polygon","coordinates":[[[-92.15779970884692,15.350365050480569],[-92.17178759458318,15.362594746668243],[-92.16982257004497,15.372649585799877],[-92.15781766810493,15.382589748829428],[-92.14945331813456,15.382369335638593],[-92.14360526023543,15.374555289081101],[-92.15779970884692,15.350365050480569]]]}},{"type":"Feature","properties":{"clues":"CSIMS001214"},"geometry":{"type":"Polygon","coordinates":[[[-92.07524773381802,16.312490838645843],[-92.08581829322917,16.301204515914907],[-92.10041018475971,16.310404312669203],[-92.10442884388443,16.31632620423362],[-92.10957371883,16.32057246278642],[-92.12243964709127,16.346253767409422],[-92.1184872318665,16.36386875214056],[-92.14288536438302,16.400072512120303],[-92.14438574222908,16.41169112344543],[-92.16201651849903,16.42458721098683],[-92.18018576727628,16.462506624469235],[-92.13095543219814,16.480718862518987],[-92.11782838100658,16.476602482271648],[-92.09502965864918,16.460461512810024],[-92.09407911076887,16.457669357757673],[-92.10005663517161,16.42746943659164],[-92.08874717805634,16.418130572746538],[-92.08621986867269,16.37380018231849],[-92.06594972172405,16.36138906095408],[-92.06108509160273,16.360568682541576],[-92.02983709754507,16.375561778876023],[-92.02396873684751,16.372026292604613],[-92.02548071615935,16.346888074113362],[-92.03970195102326,16.328524872575553],[-92.0596652872338,16.330972468831874],[-92.06356307350993,16.31930781322693],[-92.07524773381802,16.312490838645843]]]}},{"type":"Feature","properties":{"clues":"CSIMS004166"},"geometry":{"type":"Polygon","coordinates":[[[-92.06167820772419,17.354716418015357],[-92.07570124348076,17.36710122072114],[-92.08368229876172,17.368304949337016],[-92.07853407517035,17.398316923125236],[-92.05679626819563,17.403621070427892],[-92.0497369029498,17.39382983417757],[-92.03956438857743,17.386125492400534],[-92.05559193821956,17.369179592715984],[-92.06167820772419,17.354716418015357]]]}},{"type":"Feature","properties":{"clues":"CSIMS002655"},"geometry":{"type":"Polygon","coordinates":[[[-91.90211874891642,16.268262550492953],[-91.94129682264898,16.270930419769723],[-91.94131530625843,16.27850747819579],[-91.95297094955336,16.294206865134704],[-91.95417371895576,16.2997382834858],[-91.94756209393753,16.3041543122805],[-91.94551666700904,16.312029354111996],[-91.9469818479941,16.318548263769735],[-91.92997880823887,16.3279357309015],[-91.92685560222566,16.33341632089156],[-91.92232313047573,16.33443781686693],[-91.89445506065643,16.327697579682322],[-91.89815237834344,16.312631565744933],[-91.88177652366984,16.298000290992746],[-91.86438423035007,16.292434633763065],[-91.86053921256544,16.28825355205628],[-91.84340435676187,16.283164636185724],[-91.82898300844512,16.28495216203302],[-91.81422488337239,16.28092864989806],[-91.80863633662717,16.265276300689298],[-91.79980774294341,16.254592614012378],[-91.80259698878922,16.232821335788742],[-91.81348005908745,16.223258130442442],[-91.8222799552169,16.218983776445658],[-91.8344966566691,16.226806249446614],[-91.84441931682426,16.247570415821695],[-91.85649883550703,16.252894168716164],[-91.87139481878509,16.253877241402403],[-91.87638694728385,16.2600205558089],[-91.90211874891642,16.268262550492953]]]}},{"type":"Feature","properties":{"clues":"TCIMB005102"},"geometry":{"type":"Polygon","coordinates":[[[-91.76131464164621,17.731790588107053],[-91.76219213200585,17.738634684289003],[-91.76805579615728,17.738978897836144],[-91.77236291009797,17.735562132845175],[-91.77708718184222,17.73986960172418],[-91.78105257080072,17.735513746213904],[-91.78265585347589,17.735296472686432],[-91.7869023275168,17.73865288201852],[-91.7931606353527,17.736750978968526],[-91.79763646573716,17.72652868998731],[-91.82231617258945,17.729605010667683],[-91.80183173142477,17.740683342730772],[-91.79388988482863,17.75879793720122],[-91.79368535916467,17.76294072112866],[-91.78199608124234,17.763459059209122],[-91.76288553310006,17.774137281452145],[-91.73722960983349,17.79905949974454],[-91.72724594862488,17.780244762186264],[-91.70647397653038,17.7494780626178],[-91.70825659273379,17.74747701103165],[-91.72663173365514,17.739997831051276],[-91.72947224299305,17.736266211358256],[-91.74568774045204,17.730862037927356],[-91.75168648255881,17.73127416645884],[-91.75722656672527,17.72925645696472],[-91.76131464164621,17.731790588107053]]]}},{"type":"Feature","properties":{"clues":"CSIMB001790"},"geometry":{"type":"Polygon","coordinates":[[[-91.61011237788493,17.226458870059098],[-91.61321238172809,17.22689336796115],[-91.63009665280237,17.240545508387324],[-91.66468182575369,17.24598178007622],[-91.67368556939489,17.24237409840926],[-91.69618957756077,17.255973767211792],[-91.69785225295796,17.262062962523434],[-91.68991737036359,17.29262764982994],[-91.68391995771846,17.29810337016309],[-91.67230642352385,17.304529908053023],[-91.66672230505836,17.304727184047852],[-91.64945125830141,17.28998100604415],[-91.63772235241575,17.301611281066126],[-91.62332022799,17.302818495939107],[-91.62130391518535,17.300844729561902],[-91.60516324187617,17.300627923259313],[-91.59371662128278,17.287182795441],[-91.5932871302901,17.280560863960343],[-91.59121557572607,17.278330832993152],[-91.57966549138585,17.278890543076777],[-91.57521373728486,17.28069014068268],[-91.54318271296542,17.316363429589344],[-91.53822892115582,17.31157341849332],[-91.53294501979404,17.288496753663527],[-91.55121107803673,17.27866640137264],[-91.56026813240867,17.276126932393538],[-91.56071186637799,17.261655949182938],[-91.54608663486526,17.25555587104972],[-91.53120788776417,17.264367408054504],[-91.52717704252561,17.2507861331949],[-91.53006432006804,17.232717445220484],[-91.53914653334122,17.229124749160523],[-91.54834479199916,17.220036649288943],[-91.55396873003404,17.229228461991124],[-91.56748626083886,17.214569234619113],[-91.57770027344023,17.197633134790593],[-91.61011237788493,17.226458870059098]]]}},{"type":"Feature","properties":{"clues":"CSIMS006114"},"geometry":{"type":"Polygon","coordinates":[[[-91.68101105258066,16.21840863687622],[-91.68168056364364,16.230117074366927],[-91.68534726062522,16.23556596892933],[-91.70573430383409,16.2335487196537],[-91.70781667400985,16.236255679954777],[-91.70252097906375,16.243624850916166],[-91.70106678522804,16.252140908221072],[-91.70236652787646,16.256849489249937],[-91.69484536372039,16.265855627191534],[-91.69265885329217,16.26516192620144],[-91.68499143040121,16.272449155162498],[-91.67502412761729,16.289098590862192],[-91.66964502447799,16.286714988899416],[-91.65999556442976,16.285507329277035],[-91.6511252975474,16.270092054441907],[-91.64685755459047,16.266813781024656],[-91.63621024555505,16.263241257669662],[-91.64941838481982,16.253176467493034],[-91.64678083052206,16.24546965534559],[-91.65455152942727,16.241127022256624],[-91.65389687785074,16.235782412606394],[-91.64999441485358,16.23234941036056],[-91.66430411673265,16.228153146542596],[-91.66808222087795,16.21974415159378],[-91.6709604220791,16.21682783146464],[-91.68101105258066,16.21840863687622]]]}},{"type":"Feature","properties":{"clues":"CSIMS002800"},"geometry":{"type":"Polygon","coordinates":[[[-91.28266963620986,16.146493640883754],[-91.25769995327511,16.129889190905107],[-91.27287644780954,16.116288416277374],[-91.30485615862673,16.118513636996834],[-91.30737664820413,16.13536972349578],[-91.31672287543584,16.159737796538028],[-91.31482485636998,16.169303693096175],[-91.30034757691853,16.173289620624335],[-91.2930550091936,16.160225128456727],[-91.29580204200714,16.143531973644677],[-91.29032772921933,16.143047118291925],[-91.28266963620986,16.146493640883754]]]}},{"type":"Feature","properties":{"clues":"SRIMB001672"},"geometry":{"type":"Polygon","coordinates":[[[-109.308077862564,27.41101705996643],[-109.30654110102228,27.444128424425905],[-109.35490444541006,27.496916868053415],[-109.36087276876732,27.516693696250783],[-109.35664383587056,27.534224237726214],[-109.32802985091617,27.56226114875442],[-109.3345813406236,27.597107469484524],[-109.37759308720676,27.631871225357344],[-109.38983270778185,27.67872445070101],[-109.26943178264273,27.67432181150352],[-109.2681002856123,27.677363814682653],[-109.25110729776507,27.68757653411485],[-109.16514947952585,27.69258680676736],[-109.13911109880257,27.632481358707984],[-109.08648724402957,27.656051998952748],[-109.07788164128276,27.696750006047594],[-109.04587381797059,27.743814509415397],[-109.04557161646649,27.747168946110833],[-109.01601481291937,27.779625662458816],[-109.01473481794974,27.785998690044337],[-109.04381589385054,27.831074357690543],[-109.02137982873828,27.87161191596079],[-109.01034525942204,27.882593692972332],[-108.99726224614649,27.892263024785766],[-108.99243586518242,27.908394691674165],[-108.97870885879917,27.92386554299238],[-108.95549403091533,27.95541232190595],[-108.90492772932386,27.96211121363695],[-108.88967344910584,27.94421886152375],[-108.87814510984043,27.919638250391486],[-108.89294323923772,27.885934399687333],[-108.89724430380409,27.861753076591025],[-108.88094264733519,27.83261972917642],[-108.88561506775258,27.802358246898432],[-108.91408631995841,27.77179094007313],[-108.91253058664282,27.754327205701042],[-108.8910507770147,27.7257572428633],[-108.87245304770836,27.741503768900493],[-108.83890592568584,27.748183074008594],[-108.81531229213654,27.72692948033456],[-108.86304027929069,27.701933989772158],[-108.88963158175518,27.714944326600268],[-108.92881664022124,27.67268190752171],[-108.91702809506913,27.64645106612666],[-108.95014898801915,27.609548634546567],[-108.96975395069224,27.609240913528307],[-108.98623915090478,27.59781902480966],[-109.01151289686827,27.57123478831474],[-109.00080578032494,27.55572626098219],[-108.99923329436,27.547804513486536],[-109.0073704506478,27.489157573200032],[-109.07781498766866,27.484804993893174],[-109.13012233370574,27.47965981488042],[-109.15671586584527,27.498536409766572],[-109.1689105591157,27.49500817440326],[-109.19228433081041,27.475634571929593],[-109.19491060327432,27.475159226500345],[-109.20008797680843,27.458355854533668],[-109.28148790740897,27.407042653954317],[-109.308077862564,27.41101705996643]]]}},{"type":"Feature","properties":{"clues":"SRIMB000400"},"geometry":{"type":"Polygon","coordinates":[[[-108.92065162012679,30.43231254408633],[-108.89657803517075,30.399844659844998],[-108.96124123832602,30.410658432997213],[-108.98510958420532,30.41707461012082],[-109.020632988053,30.42115807585102],[-109.138506172446,30.406119306654396],[-109.13872623694019,30.408718359962016],[-108.93672799267657,30.51045692222674],[-108.89891663199714,30.538004312162116],[-108.76526610198209,30.552530749359157],[-108.91070489672087,30.463073435131378],[-108.92065162012679,30.43231254408633]]]}},{"type":"Feature","properties":{"clues":"SLIMB001694"},"geometry":{"type":"Polygon","coordinates":[[[-107.86147805595566,25.593501363061634],[-107.89106415255755,25.592440253929247],[-107.90372502867848,25.61647035305982],[-107.9053294703118,25.617544776137542],[-107.93444796786314,25.617856346168313],[-107.93718575880226,25.620341618379932],[-107.94088975378588,25.629915042442995],[-107.93385063954575,25.675582993247676],[-107.91014270320115,25.6710141593318],[-107.88889155572664,25.690374602630207],[-107.88931658390702,25.71190249581625],[-107.87590774801386,25.716568579081486],[-107.86464484146451,25.714059927223357],[-107.85582078360801,25.7030618497246],[-107.85303766782226,25.686138211406004],[-107.85607555037076,25.676299285925605],[-107.84722137689913,25.661670161756383],[-107.85985813389377,25.641455903291],[-107.86159971169081,25.630550770145994],[-107.85393466677958,25.619641744308154],[-107.86147805595566,25.593501363061634]]]}},{"type":"Feature","properties":{"clues":"SLIMB000381"},"geometry":{"type":"Polygon","coordinates":[[[-107.44658717157486,25.803890540685583],[-107.43544637671832,25.779897670521105],[-107.45825499179467,25.739593462674687],[-107.48908345784196,25.734840672391023],[-107.52720000612591,25.758369123001852],[-107.6050515845166,25.744894116030434],[-107.62479812807688,25.762109767821382],[-107.63265898187967,25.78045360596167],[-107.57657434347271,25.825630339108816],[-107.57411943298042,25.826722622452476],[-107.53674484756763,25.826671405401953],[-107.53574569955846,25.830160769082568],[-107.55997425102835,25.855922051201752],[-107.55215896627429,25.884438776823266],[-107.53576459915328,25.874398939144267],[-107.52518930655778,25.851800606637493],[-107.51650372787519,25.85305027219674],[-107.48546127700814,25.849717468418923],[-107.48077486087999,25.822812882038505],[-107.44658717157486,25.803890540685583]]]}},{"type":"Feature","properties":{"clues":"MCIMB006485"},"geometry":{"type":"Polygon","coordinates":[[[-99.42804389463664,19.037708029607575],[-99.46952967755264,19.058249798972263],[-99.47486689918281,19.062225640010432],[-99.48786328046751,19.080071361887487],[-99.48691844980576,19.084468120626667],[-99.4763285932127,19.09930375851064],[-99.47431804750119,19.101132387919137],[-99.43452025279191,19.107006523180253],[-99.43242523938227,19.1119533931103],[-99.42648892025836,19.11486736310977],[-99.4130884785235,19.113751168049724],[-99.39653858518298,19.121428452688043],[-99.36117980929562,19.105105765693462],[-99.40828559802162,19.083492017845444],[-99.41827959492898,19.069887450313715],[-99.41911441031849,19.046740777379533],[-99.42804389463664,19.037708029607575]]]}},{"type":"Feature","properties":{"clues":"MCIMB003871"},"geometry":{"type":"Polygon","coordinates":[[[-99.35741250025072,19.466048866326258],[-99.36470878674939,19.468239572545727],[-99.36034402536029,19.478190556304313],[-99.35401469831359,19.48363235890326],[-99.35104768681339,19.490918466933913],[-99.34563894324515,19.491262480143227],[-99.34363739081206,19.489558529754778],[-99.34058229155636,19.491373131976566],[-99.34409755280385,19.509583228112437],[-99.33328914471515,19.513835658816223],[-99.3281722117531,19.53222001212317],[-99.31583203091995,19.53228349865359],[-99.29924220727797,19.517506656828402],[-99.30114214925645,19.50982167149271],[-99.30334219180217,19.50887812970735],[-99.31094858675122,19.493125080733613],[-99.30415038017965,19.487745036560515],[-99.31009696371218,19.475547844202232],[-99.31744286248109,19.47703831303883],[-99.32288705378399,19.47579236863747],[-99.33057578081318,19.469157440356923],[-99.33163859246054,19.466591322007183],[-99.35741250025072,19.466048866326258]]]}},{"type":"Feature","properties":{"clues":"DFIMB000364"},"geometry":{"type":"Polygon","coordinates":[[[-99.27861726394993,19.351810135366886],[-99.26547439547574,19.355895794076297],[-99.26160817417235,19.346201811434465],[-99.26254538424907,19.34388936662611],[-99.26604800608378,19.341754039382018],[-99.27343593758773,19.34345547758473],[-99.27945476453496,19.34980465510882],[-99.27861726394993,19.351810135366886]]]}},{"type":"Feature","properties":{"clues":"DFIMB001303"},"geometry":{"type":"Polygon","coordinates":[[[-99.22200808694421,19.360909660991865],[-99.21287101393717,19.363376713742174],[-99.2117535567785,19.36239899159338],[-99.20943352946705,19.36615155441117],[-99.20727553822208,19.366762862214664],[-99.2052782100969,19.36549789767553],[-99.20665332512155,19.362256007945202],[-99.2115630414818,19.362048624028443],[-99.21546422418095,19.357122388763965],[-99.2151989024315,19.35437200827457],[-99.22285522585496,19.354527632593783],[-99.22200808694421,19.360909660991865]]]}},{"type":"Feature","properties":{"clues":"DFIMB001542"},"geometry":{"type":"Polygon","coordinates":[[[-99.18561494641696,19.246714816344856],[-99.19423449634354,19.24883896070227],[-99.19926318536292,19.2441554516132],[-99.20559484710897,19.242783062046367],[-99.21038791730997,19.24535010305739],[-99.21457198485143,19.256358168396822],[-99.19545442114091,19.260855709362747],[-99.19441215334221,19.264068250016585],[-99.1913046099035,19.265452055987605],[-99.18143157121649,19.261139455149227],[-99.17554276628617,19.26132263732251],[-99.1733438745163,19.257498594548593],[-99.17461480838543,19.24982586471428],[-99.18292797875762,19.251706092903476],[-99.18561494641696,19.246714816344856]]]}},{"type":"Feature","properties":{"clues":"DFIMB000171"},"geometry":{"type":"Polygon","coordinates":[[[-99.18261024751094,19.457606659715545],[-99.18407720709422,19.462182014478273],[-99.19047123974762,19.461102424494225],[-99.1927645084094,19.46666134757374],[-99.19253966480542,19.469077938215236],[-99.18921165297881,19.472288630823854],[-99.19076810091534,19.47802194429565],[-99.18585033664301,19.479488079268414],[-99.1869949218052,19.485344195320632],[-99.18452581019713,19.486974207976143],[-99.18028049017636,19.483165176645496],[-99.1785546500776,19.484505366227204],[-99.17383304565237,19.484088855704904],[-99.16906423249951,19.488746917410317],[-99.16682986465383,19.487121275740915],[-99.1651712408183,19.48050467367387],[-99.16727751120426,19.477855780177585],[-99.16391523660214,19.47245429952514],[-99.16229183706092,19.47199747908894],[-99.16284530678985,19.468671012207476],[-99.16547847467389,19.467095943858116],[-99.16692626727733,19.46247675399584],[-99.17070230824423,19.46081293002545],[-99.17191660366309,19.456957379025514],[-99.17790813133533,19.45957776496007],[-99.18019782831992,19.45660719331874],[-99.18261024751094,19.457606659715545]]]}},{"type":"Feature","properties":{"clues":"DFIMB003164"},"geometry":{"type":"Polygon","coordinates":[[[-99.14859568137987,19.225054139347254],[-99.15316339036829,19.223122866841543],[-99.15535124509573,19.22047303015645],[-99.1613276413659,19.22097728765117],[-99.16356212744742,19.22309313311401],[-99.16944641975525,19.222782913909647],[-99.17110519827999,19.22822709901399],[-99.16873140227361,19.233610571517758],[-99.16949192310837,19.2362876853171],[-99.1616842119861,19.24091695665887],[-99.15877745335567,19.23980121364747],[-99.15168621773326,19.24343588103969],[-99.14387356843427,19.2322903073835],[-99.14859568137987,19.225054139347254]]]}},{"type":"Feature","properties":{"clues":"DFIMB002230"},"geometry":{"type":"MultiPolygon","coordinates":[[[[-99.12079601292523,19.412006833612967],[-99.11590262252602,19.4107622058311],[-99.12020704279523,19.406079030512142],[-99.12492790270254,19.403711175441224],[-99.12605678057157,19.408728987331106],[-99.12440754389873,19.413506534435133],[-99.12121110181133,19.41327765708837],[-99.12079601292523,19.412006833612967]]],[[[-99.10933839506518,19.410190908154433],[-99.11321877857606,19.412108322886713],[-99.11183428450649,19.4143919161655],[-99.11364358859713,19.416480824884385],[-99.11633336773636,19.4174870258175],[-99.12064238594415,19.41602359180927],[-99.12387305579682,19.418133370009013],[-99.12267700980881,19.421864559579628],[-99.12413366703029,19.423009046502045],[-99.12245903296899,19.426110566720514],[-99.11625824037331,19.42451135407965],[-99.11355070163054,19.428375405633428],[-99.11089402770693,19.42846304573995],[-99.11236477538291,19.42221454409082],[-99.11142576041843,19.4193377558553],[-99.10924561036774,19.419957826954462],[-99.1083159414299,19.42224601204646],[-99.10643541811747,19.422033591211257],[-99.10554707177562,19.42505435904792],[-99.10261878567394,19.423287787172985],[-99.1040035943177,19.42113362152528],[-99.0994665111425,19.41913149181379],[-99.09851881302657,19.41719074974389],[-99.10178783730902,19.4165890135393],[-99.10125094989245,19.411922700037962],[-99.09664657549916,19.409939750977042],[-99.09607240471681,19.40836505101657],[-99.10297670285476,19.408100257005525],[-99.103582382361,19.410659362409472],[-99.10837563107235,19.411247833513297],[-99.10933839506518,19.410190908154433]]]]}},{"type":"Feature","properties":{"clues":"DFIMB000965"},"geometry":{"type":"Polygon","coordinates":[[[-99.1077712640157,19.33943558898395],[-99.10940617751405,19.342532852573374],[-99.11357123523756,19.34411510598806],[-99.11172573908274,19.349850791337765],[-99.11704300675574,19.35140877442725],[-99.11902908337646,19.350207624036614],[-99.12200496635906,19.352022457143168],[-99.12190061720138,19.35730185279774],[-99.11116168196894,19.356158084011813],[-99.10865255230145,19.357535116040427],[-99.10322410436389,19.355458830020012],[-99.10083753764494,19.35725508557522],[-99.09768976802039,19.35618099947762],[-99.09427679073323,19.358287081480682],[-99.09181202458545,19.354315761902672],[-99.09366937296389,19.35192765896539],[-99.09292461063941,19.347858146966793],[-99.09593776019182,19.345764570371355],[-99.09718007024799,19.342634288188254],[-99.09114065010849,19.338220324324258],[-99.09295332460226,19.33447299781894],[-99.09885877882657,19.334681855225085],[-99.09982225803684,19.33811094847883],[-99.10346697265504,19.337610256847114],[-99.1077712640157,19.33943558898395]]]}},{"type":"Feature","properties":{"clues":"MCIMB001590"},"geometry":{"type":"Polygon","coordinates":[[[-98.91690795893624,19.232375897012382],[-98.92169545777574,19.219328639342578],[-98.92716737606013,19.219300546763613],[-98.92981361757671,19.217339218735198],[-98.93728819438415,19.219189342553424],[-98.93932107479596,19.216484590769625],[-98.94879868669402,19.2146558176336],[-98.95028951162577,19.216158848292935],[-98.950584240275,19.22182176336336],[-98.94163199355606,19.230349317655147],[-98.94295761309475,19.23872562390995],[-98.93222338776083,19.241095560487103],[-98.92716230628278,19.239886188483247],[-98.92385229367264,19.23333938199806],[-98.91690795893624,19.232375897012382]]]}},{"type":"Feature","properties":{"clues":"SLIMB001443"},"geometry":{"type":"MultiPolygon","coordinates":[[[[-106.44055330327271,23.18473902245992],[-106.43932452715842,23.18401231942036],[-106.44063514076058,23.18377678968352],[-106.44055330327271,23.18473902245992]]],[[[-106.41782869517579,23.177957394420368],[-106.4236209816286,23.17949268363728],[-106.42572323592432,23.176398194543623],[-106.42850720459613,23.175859246042897],[-106.43025218019599,23.177044709305633],[-106.42461745961688,23.18598839927376],[-106.42831365013319,23.189505749299183],[-106.42869694259386,23.192981467673324],[-106.4269765929592,23.196754103051735],[-106.43098575001511,23.2015261995815],[-106.42875438163233,23.20546794211891],[-106.42933047542967,23.208479492725225],[-106.42632067988745,23.20961154921481],[-106.42542271184047,23.207647839461703],[-106.42283219868318,23.209719149241277],[-106.41922333163751,23.206351665723563],[-106.41645408225111,23.209330541570605],[-106.41224154650465,23.20864599636298],[-106.40967380241734,23.2056541303517],[-106.4175402050807,23.203493426363025],[-106.41624756507007,23.19843699444545],[-106.42161132302284,23.192176637434226],[-106.41631571444675,23.18614943089495],[-106.41587588791658,23.17885238872025],[-106.41782869517579,23.177957394420368]]],[[[-106.43676168390449,23.187398705076234],[-106.43587750831753,23.18753561273188],[-106.43621118991932,23.186749869651155],[-106.43676168390449,23.187398705076234]]]]}},{"type":"Feature","properties":{"clues":"SLIMB002674"},"geometry":{"type":"Polygon","coordinates":[[[-105.700487567652,22.714981391244915],[-105.7262035533275,22.714761495620273],[-105.75672014808639,22.722726411880874],[-105.75640451943907,22.78205857284921],[-105.75383650986385,22.786852359726602],[-105.73402772454509,22.792204671438654],[-105.71073335565262,22.823801849812682],[-105.69514648003357,22.827529349255578],[-105.67569711325355,22.84236128738187],[-105.65625041909884,22.8500134300906],[-105.6559488589167,22.796884500546664],[-105.64315437428333,22.778006688870256],[-105.62984477637247,22.768266958810184],[-105.67390746518514,22.69815907233455],[-105.69278252620842,22.71125278867202],[-105.700487567652,22.714981391244915]]]}},{"type":"Feature","properties":{"clues":"NTIMB002733"},"geometry":{"type":"Polygon","coordinates":[[[-105.35076655568088,22.42875971015709],[-105.35400865112938,22.430695400316736],[-105.35960116572862,22.44627444404659],[-105.3638285184449,22.452011470456565],[-105.36917303950408,22.453133001632647],[-105.37591089964418,22.450665471075467],[-105.38319201326361,22.451358196975512],[-105.37291998069314,22.464071030508745],[-105.35995353345152,22.468659618780627],[-105.35955402134168,22.471996133552995],[-105.34614629960971,22.47966009672462],[-105.34932786340953,22.489063879520543],[-105.3486444266443,22.495282057894432],[-105.34069492077347,22.50794872003973],[-105.3150115373917,22.517085755930125],[-105.29740045025261,22.499806159635074],[-105.29417475837504,22.475600099890947],[-105.28254592533172,22.46179061084366],[-105.26508780843741,22.4523051652605],[-105.25110016419514,22.431852555495364],[-105.24833655517735,22.423844730651926],[-105.2709665282815,22.399135492216224],[-105.30229960305206,22.418669876795015],[-105.31123527709985,22.41590159243045],[-105.32916480969983,22.434631735592838],[-105.3311120192846,22.433602850687954],[-105.33468989121333,22.414811936241165],[-105.34255041919886,22.40980407052637],[-105.35158263582876,22.41605163755368],[-105.35076655568088,22.42875971015709]]]}},{"type":"Feature","properties":{"clues":"MNIMB003672"},"geometry":{"type":"Polygon","coordinates":[[[-101.14809787873968,19.944304104746177],[-101.1621964399725,19.940848986295485],[-101.17363398164852,19.931761489979323],[-101.19160975367407,19.929501636422838],[-101.19982410653489,19.93364014328525],[-101.20222149591545,19.990281965537168],[-101.18631929082355,19.986483946942613],[-101.16660169637086,19.98415852995618],[-101.16308733292132,19.98128963349938],[-101.14378211705635,19.984006321024324],[-101.14047506020984,19.987710734729607],[-101.15581481390356,19.999841245922884],[-101.15524939771227,20.015057228466],[-101.1105628862889,20.01984193423273],[-101.10175975105864,20.0133292468325],[-101.09940970626329,20.008885194435905],[-101.10360400290776,19.98247682045118],[-101.1011511316629,19.93286281801139],[-101.12708271948779,19.93718513002203],[-101.14809787873968,19.944304104746177]]]}},{"type":"Feature","properties":{"clues":"MNIMB000563"},"geometry":{"type":"Polygon","coordinates":[[[-101.12708271948779,19.93718513002203],[-101.1011511316629,19.93286281801139],[-101.09528754918489,19.926209475022908],[-101.10818447210937,19.89091720870944],[-101.1117697600085,19.887946123664843],[-101.14150605989,19.897256278824152],[-101.14385688873061,19.901744514466728],[-101.17363398164852,19.931761489979323],[-101.1621964399725,19.940848986295485],[-101.14809787873968,19.944304104746177],[-101.12708271948779,19.93718513002203]]]}},{"type":"Feature","properties":{"clues":"MNIMB003754"},"geometry":{"type":"Polygon","coordinates":[[[-100.97850540030525,19.87925070536801],[-101.00254887199421,19.86859817922727],[-101.00572073109385,19.870768781974487],[-101.00811164391321,19.884486824732363],[-101.00383683644401,19.88872338296554],[-101.01201078934425,19.908812047381936],[-101.01541134995297,19.910290760644823],[-101.02508385852333,19.934975246206516],[-101.00921901850543,19.938220239582346],[-100.98485352932742,19.95668353131995],[-100.96551919350382,19.95056615987597],[-100.97136481438027,19.922381898027105],[-100.95175365498244,19.906563520585543],[-100.96339951031923,19.888805834188723],[-100.97850540030525,19.87925070536801]]]}},{"type":"Feature","properties":{"clues":"MNIMB001263"},"geometry":{"type":"Polygon","coordinates":[[[-100.45426539021855,19.963770616480115],[-100.44874937497113,19.953611007968366],[-100.44959403654939,19.94826458275622],[-100.45752240061933,19.94147281142991],[-100.46300071313044,19.94106141924298],[-100.47207636758311,19.952696397429055],[-100.48998485776285,19.950274864575505],[-100.49872468523635,19.974537870483847],[-100.48510809989065,19.982820938799076],[-100.47148759251269,19.975715440063176],[-100.4692709721694,19.968345531283813],[-100.45426539021855,19.963770616480115]]]}},{"type":"Feature","properties":{"clues":"MCIMB000156"},"geometry":{"type":"Polygon","coordinates":[[[-99.96329506347801,19.96975249549648],[-99.93850974944603,19.989524936269028],[-99.93724126082816,19.988304802895506],[-99.94849353403902,19.962370952139345],[-99.94788206487495,19.96064915902862],[-99.96632239454338,19.93540930719485],[-99.97051479795478,19.935807426308966],[-99.97297849465404,19.9491324214832],[-99.96329506347801,19.96975249549648]]]}},{"type":"Feature","properties":{"clues":"HGIMB004894"},"geometry":{"type":"Polygon","coordinates":[[[-99.69904417865297,20.552270764217248],[-99.69780716652738,20.54180505923421],[-99.70602046917155,20.53627520536792],[-99.70929142897249,20.530465326188484],[-99.72758361613653,20.549284869867186],[-99.7459058735758,20.535938038439806],[-99.75154793344718,20.537923026239657],[-99.74448493835047,20.563045775006128],[-99.72501443138768,20.562585334705826],[-99.7257771058481,20.572554256641347],[-99.7093093965467,20.573163848722192],[-99.7030812913494,20.567606138744946],[-99.70655370853065,20.558612838460014],[-99.69904417865297,20.552270764217248]]]}},{"type":"Feature","properties":{"clues":"SPIMB000486"},"geometry":{"type":"Polygon","coordinates":[[[-99.59495310736858,21.567794192627712],[-99.60132701430928,21.587148883972382],[-99.5996421605979,21.593577755692813],[-99.60553863900537,21.601046273920005],[-99.64677420662726,21.608207449759316],[-99.65131122215514,21.62004220619048],[-99.65829823208699,21.622997114812527],[-99.68075404070406,21.660423032324665],[-99.67940363692298,21.678694920907834],[-99.66645357475196,21.68048972104098],[-99.61619147440315,21.652886399903306],[-99.61394786704341,21.65045406703033],[-99.6077731480118,21.64993669282048],[-99.58223595435943,21.662428350581074],[-99.56968250672044,21.65226882367851],[-99.54924123931205,21.64344492718124],[-99.54661368838102,21.640042113516703],[-99.5304294462429,21.631457361654125],[-99.51493444600203,21.634907508073745],[-99.50263758764994,21.629652146354786],[-99.50004858642991,21.613925134145063],[-99.5106023468581,21.600003811222464],[-99.50815207967425,21.59205921512366],[-99.52345286783543,21.57104073212669],[-99.52623481317181,21.570851369678103],[-99.54090403378409,21.549032787150864],[-99.55337175341047,21.548318552556353],[-99.56030381206678,21.55578614888035],[-99.58478560026317,21.559115927221875],[-99.59495310736858,21.567794192627712]]]}},{"type":"Feature","properties":{"clues":"GRIMB002713"},"geometry":{"type":"Polygon","coordinates":[[[-101.30340512221731,18.01801351070201],[-101.30906382752958,18.0166447394756],[-101.31727808129115,18.029141081932742],[-101.31362584505047,18.042787026317008],[-101.33373691804823,18.053895762372342],[-101.36028819595214,18.038672333308387],[-101.36192653236988,18.038996142303827],[-101.36460739867658,18.04243113694471],[-101.37347436084357,18.096719241082226],[-101.38221442302098,18.111733494327115],[-101.37032990434908,18.129268438410634],[-101.36805154677938,18.19794392586194],[-101.33024865840567,18.19667489615098],[-101.29048689877007,18.227121947357247],[-101.24692569419152,18.209006623365774],[-101.24399341894134,18.199605889931025],[-101.23484447875234,18.19217510023122],[-101.22690576463346,18.179632920052384],[-101.20864359840935,18.167031359483918],[-101.20335864966886,18.15807956912003],[-101.21855577985339,18.137984450190814],[-101.20207335394412,18.102106036606642],[-101.18146851515066,18.09420204601995],[-101.19354612742681,18.057862237597167],[-101.19053652684018,18.0482485321675],[-101.18724119877047,18.02815198267266],[-101.21193761086583,18.013120635270948],[-101.23420540245017,18.012348423918958],[-101.24651284967673,18.006664216891853],[-101.25120794021261,18.00704816097636],[-101.26187318721577,18.014599986129024],[-101.272646914178,18.03224007362835],[-101.2935701227171,18.035706518641803],[-101.30340512221731,18.01801351070201]]]}},{"type":"Feature","properties":{"clues":"MNIMS001042"},"geometry":{"type":"Polygon","coordinates":[[[-100.98943463941178,18.874286671102304],[-101.005878976829,18.87535087106704],[-101.01556836614019,18.907748902772422],[-101.00221941013795,18.913551955016917],[-100.99919642001919,18.916829331221752],[-100.98123801914704,18.919016558207623],[-100.96801654595917,18.912851800096366],[-100.96490042269697,18.91551686035387],[-100.95447283349938,18.951707820336612],[-100.99377628310361,18.948746465249155],[-100.99215006915165,18.964638047430586],[-100.96885304069058,18.98408656415648],[-100.96982396872357,18.985750809061873],[-100.96859534454592,18.995441210109632],[-100.95571305122402,19.019882823883723],[-100.9596869755871,19.026632803311795],[-100.94280663419222,19.05315418082489],[-100.92497699680288,19.071426364460674],[-100.90878185059981,19.07067224766342],[-100.90615938924849,19.068231538544996],[-100.9061519869027,19.03795794172441],[-100.91246125735286,19.01872026121195],[-100.92143779358808,19.00573840390505],[-100.92138664454095,18.978170932022607],[-100.93082512307124,18.959940787819583],[-100.92153905472767,18.94727081264171],[-100.91721760715185,18.926175227033895],[-100.88198752443871,18.9015814607986],[-100.89589305430243,18.87413972834318],[-100.8998352386066,18.86944592429659],[-100.92235417250042,18.8624069066403],[-100.91717295413441,18.840688951592647],[-100.91864556540861,18.836192223767025],[-100.93587100296735,18.808601541321455],[-100.94059626265827,18.810458399055513],[-100.94666270162108,18.832107503406117],[-100.97853055556308,18.84167636298136],[-100.98014941495644,18.843505885883456],[-100.97758064544217,18.862372967468175],[-100.98943463941178,18.874286671102304]]]}},{"type":"Feature","properties":{"clues":"GRIMB006394"},"geometry":{"type":"Polygon","coordinates":[[[-100.91429280810857,17.297601443655136],[-100.91796357991659,17.300349348314985],[-100.9306451885541,17.319422313700233],[-100.92667267835712,17.336823620422916],[-100.9423764660518,17.361040900573016],[-100.92068681972947,17.396655174949707],[-100.93076408469489,17.42791109357798],[-100.90662772369714,17.44458646864744],[-100.89646196654796,17.455525515183375],[-100.89577247918898,17.457949373549226],[-100.87446869725179,17.469028825648152],[-100.86010090837655,17.459553280443124],[-100.82720741861058,17.44966246003375],[-100.84845621308793,17.421120003649783],[-100.85425608217842,17.418964794764268],[-100.86942802004614,17.3967941655069],[-100.87485726315984,17.39422549630282],[-100.88784425346871,17.379449395704444],[-100.86388854015074,17.377038628371302],[-100.8576699018367,17.371187948740044],[-100.86278774122054,17.35852482723472],[-100.85822244569303,17.34023016207246],[-100.8521168586775,17.335805813674632],[-100.85321029260714,17.32914471235732],[-100.85541859249457,17.32210117957345],[-100.88031500315344,17.317800372687852],[-100.88037867432725,17.312766889567307],[-100.90122223750433,17.29635441306707],[-100.91429280810857,17.297601443655136]]]}},{"type":"Feature","properties":{"clues":"GRIMB006406"},"geometry":{"type":"Polygon","coordinates":[[[-100.65629122504757,17.48763638207239],[-100.6757563777045,17.49301866061162],[-100.67519223874773,17.50695182443937],[-100.66427592808105,17.52590137742311],[-100.66042650990751,17.5279668483462],[-100.65561599134487,17.54906151812212],[-100.66794897951512,17.566769831883082],[-100.6857319183701,17.56528618046844],[-100.69468017822457,17.57800496403457],[-100.69772545576556,17.579836772654893],[-100.70745966442155,17.61325222023644],[-100.7060297356323,17.62808865385515],[-100.69828341987568,17.641699977108345],[-100.70716514592712,17.661775128377887],[-100.70609535283873,17.674577490843344],[-100.71116189691597,17.735094090201557],[-100.69643196652244,17.745718883466512],[-100.62242899521405,17.69703414196049],[-100.62619833338164,17.680113426280784],[-100.61813724389165,17.658366396416962],[-100.57696945091173,17.63675057554501],[-100.57668396029298,17.633813663026448],[-100.57814799305247,17.631786810701495],[-100.61697255595448,17.608905745954463],[-100.6223932939024,17.57720318605941],[-100.61530112798738,17.554239604572604],[-100.60430968008473,17.54904062051788],[-100.60648557500062,17.525461049194195],[-100.61979895792467,17.501996890318395],[-100.63558192655658,17.50694909366103],[-100.65629122504757,17.48763638207239]]]}},{"type":"Feature","properties":{"clues":"GRIMB007456"},"geometry":{"type":"Polygon","coordinates":[[[-100.55561509114757,18.29534785501301],[-100.55470402244659,18.289100428526986],[-100.56506775735843,18.259799105534153],[-100.57503705358579,18.26026085611994],[-100.57020618265314,18.284027405658414],[-100.58093092835321,18.278648026739493],[-100.59248673838755,18.279033630914927],[-100.59316257724437,18.283515403621276],[-100.57348066323804,18.303237709493803],[-100.56963554584041,18.303530264630744],[-100.56220083386893,18.297052760107626],[-100.55561509114757,18.29534785501301]]]}},{"type":"Feature","properties":{"clues":"GRIMB007461"},"geometry":{"type":"Polygon","coordinates":[[[-100.4731186625528,18.21704417250879],[-100.50807409790984,18.203770341523335],[-100.51702791495913,18.210462116580963],[-100.53389263809785,18.212201436049526],[-100.53679039731989,18.22144243670755],[-100.5332107261714,18.232756758192743],[-100.52246071229806,18.23217801056246],[-100.51962612769914,18.22594438990489],[-100.51268743411408,18.22157313792162],[-100.50741364476349,18.22467734134262],[-100.51368601602589,18.242908333965815],[-100.4990205012339,18.248714511830755],[-100.49295369083107,18.245273261579094],[-100.48323367521331,18.224553601493486],[-100.4731186625528,18.21704417250879]]]}},{"type":"Feature","properties":{"clues":"GRIMB002602"},"geometry":{"type":"Polygon","coordinates":[[[-100.1669854089811,17.076212047823155],[-100.1757452529299,17.072560244827713],[-100.20566783338033,17.078000957171696],[-100.21035689618505,17.102559346320643],[-100.24043320838555,17.097947431354537],[-100.2483790438195,17.08943433590334],[-100.28234153617245,17.107319138417736],[-100.28427310216252,17.125110687850558],[-100.26278251091777,17.146571578990958],[-100.25412922292735,17.15182999539715],[-100.2532389521269,17.15956648090498],[-100.22190340360989,17.192812512055927],[-100.18741773219158,17.175629177063378],[-100.18538074932411,17.170922578212735],[-100.14731098880927,17.156311717568368],[-100.12447305302304,17.142678593763613],[-100.10569942396295,17.11012132488066],[-100.10379044530782,17.112025542726652],[-100.08800568675781,17.117964333345824],[-100.07508501110297,17.100596167736455],[-100.09473504861998,17.087655847547797],[-100.10188069134968,17.09467053940848],[-100.12946569959236,17.08205947240025],[-100.13833592556782,17.093795653489252],[-100.14926847287751,17.095414563266228],[-100.1642127437621,17.083825210394206],[-100.1669854089811,17.076212047823155]]]}},{"type":"Feature","properties":{"clues":"GRIMB001185"},"geometry":{"type":"Polygon","coordinates":[[[-100.25822821208749,18.106708713244057],[-100.27356767952557,18.095035977519505],[-100.28461164320426,18.138463428188732],[-100.2564387653267,18.14693759865074],[-100.24025579746873,18.169242172916963],[-100.2385657351176,18.17592289292908],[-100.22025909800828,18.17478902704745],[-100.199454879078,18.16736832568879],[-100.1879607036104,18.149024253190593],[-100.16603008757289,18.154220209921725],[-100.13776071736876,18.108727238272113],[-100.16795437106654,18.10205004498016],[-100.17432909024835,18.103658648725077],[-100.18955515620084,18.113121381041502],[-100.21047779700639,18.110150783607263],[-100.21415880257909,18.112462137670864],[-100.25089408596858,18.1142268611135],[-100.25822821208749,18.106708713244057]]]}},{"type":"Feature","properties":{"clues":"GRIMB002165"},"geometry":{"type":"Polygon","coordinates":[[[-99.81319066326405,17.968990750200298],[-99.8326890171448,17.953245174132878],[-99.86056507884253,17.96117166369408],[-99.85106877554473,17.988610849748575],[-99.82557967326392,18.014154448766945],[-99.8585741602651,18.042773195784264],[-99.85708422393031,18.082184766729483],[-99.85014619845491,18.091052736406194],[-99.8389562363864,18.09273300913779],[-99.81687931449972,18.107355362149256],[-99.79534419448193,18.116993960898558],[-99.74828715642353,18.09332362608602],[-99.74334393203578,18.078479755195765],[-99.73857945600761,18.072713409761803],[-99.6921135942824,18.06026299713764],[-99.73144212041339,17.989893625841106],[-99.74727520157272,18.009068657933938],[-99.79020615089786,18.025912268852043],[-99.80001438512393,18.025326756927477],[-99.8108186063181,18.016478274135256],[-99.82018560204703,18.013051028253116],[-99.81319066326405,17.968990750200298]]]}},{"type":"Feature","properties":{"clues":"GRIMB008680"},"geometry":{"type":"Polygon","coordinates":[[[-99.73362393372598,16.763755062287284],[-99.7429265015333,16.753904449281126],[-99.75651811993787,16.752521412817604],[-99.75806471535499,16.762536823211022],[-99.77022295345184,16.76511014916011],[-99.77987268423851,16.76354606724223],[-99.78174918973056,16.761314337311614],[-99.81557960382023,16.78679527121249],[-99.80382069213373,16.792070652160696],[-99.80268262888708,16.796117309886007],[-99.80445299247046,16.799462857515895],[-99.79778974747097,16.802068455895764],[-99.79456373965324,16.805826131288644],[-99.78666776654006,16.806588172343137],[-99.79075690121134,16.787744825345992],[-99.78912883708134,16.78724439320942],[-99.76662821781143,16.794503579574133],[-99.76408652849835,16.792584011341837],[-99.75420728181385,16.79007507462303],[-99.74031235024808,16.789119362459175],[-99.73769118301777,16.78221482290798],[-99.73075357319124,16.774021363458715],[-99.73362393372598,16.763755062287284]]]}},{"type":"Feature","properties":{"clues":"GRIMB008675"},"geometry":{"type":"Polygon","coordinates":[[[-99.80151231545533,16.890002548091136],[-99.80853531909796,16.89571655374887],[-99.80876480390792,16.900473593049725],[-99.81349269395115,16.904175759637802],[-99.8138678794665,16.90885867514678],[-99.80928693986853,16.913990207213892],[-99.80747986342212,16.919934499612882],[-99.8047562632053,16.92197222276016],[-99.79883661874152,16.9197282896755],[-99.7936431457244,16.91996629983364],[-99.78943930336271,16.926617754601914],[-99.76352137732714,16.928477942212282],[-99.77719775401206,16.90125340919398],[-99.7865092296502,16.901524042637227],[-99.79014427789217,16.903222743742695],[-99.79626084795996,16.897670229900694],[-99.80151231545533,16.890002548091136]]]}},{"type":"Feature","properties":{"clues":"GRIMB000490"},"geometry":{"type":"Polygon","coordinates":[[[-99.75523872385226,17.033910077780856],[-99.77228611567834,17.065695534517022],[-99.76789115536104,17.070502471828846],[-99.76193551184383,17.10202573424318],[-99.74859830753917,17.091401702133044],[-99.73609905162786,17.07104695571152],[-99.72033655481249,17.06502720037823],[-99.71330551850899,17.057565108851136],[-99.71746470508782,17.03364978602276],[-99.74818903269859,17.036712847493583],[-99.75523872385226,17.033910077780856]]]}},{"type":"Feature","properties":{"clues":"GRIMB000543"},"geometry":{"type":"Polygon","coordinates":[[[-99.61536399089974,17.123982802125283],[-99.6259222198803,17.108900363243535],[-99.63205141124058,17.09517755229743],[-99.65808358326278,17.1075830583358],[-99.68067869468206,17.111882813859705],[-99.69225339820728,17.104617397209157],[-99.70336751093252,17.130766011737382],[-99.7271006936876,17.13565318427338],[-99.74835103194263,17.146538238053008],[-99.74793287753727,17.159927140391815],[-99.735418731945,17.178073019048703],[-99.73215353224174,17.22884372543712],[-99.74121989626846,17.26049297663617],[-99.72504738810207,17.28389807874333],[-99.70605290367874,17.294286096419903],[-99.6980373451104,17.292283125020266],[-99.63980889892885,17.267660893745983],[-99.61730365710737,17.244633784585442],[-99.63382579378643,17.205411631585452],[-99.63945891943806,17.20056252526557],[-99.64511380423274,17.18864724477133],[-99.65366148136883,17.17640462197855],[-99.64229481541665,17.15544341208925],[-99.61536399089974,17.123982802125283]]]}},{"type":"Feature","properties":{"clues":"GRIMB003594"},"geometry":{"type":"Polygon","coordinates":[[[-99.59519590086074,17.48010483255088],[-99.59827015040932,17.457554429107063],[-99.63700750027735,17.432588546698273],[-99.64505166532535,17.434374522089655],[-99.65939579257433,17.46992891148134],[-99.73374123629104,17.467764218890757],[-99.71273640698085,17.51447292068717],[-99.71399124222279,17.533573899787743],[-99.66306836967294,17.536591172348437],[-99.65733781574819,17.529157500447013],[-99.62501506804176,17.52847816382544],[-99.60255664444229,17.561022701222722],[-99.58541243876027,17.54834203513946],[-99.57266835218186,17.521415894803344],[-99.58125110372427,17.50444866824563],[-99.58134057076056,17.501420723469803],[-99.59131049422516,17.48962172496987],[-99.59519590086074,17.48010483255088]]]}},{"type":"Feature","properties":{"clues":"GRIMB006090"},"geometry":{"type":"Polygon","coordinates":[[[-99.64940157989203,18.47065560729247],[-99.65531931695502,18.491056247132917],[-99.66762212591213,18.49357176100969],[-99.65206967911338,18.5124418699574],[-99.6438727671295,18.51764984011736],[-99.63444094011555,18.504671171507464],[-99.62357862292912,18.495364242744884],[-99.6209655757169,18.465692657558126],[-99.62407819000478,18.462764186481948],[-99.63139073285691,18.460643514447725],[-99.64940157989203,18.47065560729247]]]}},{"type":"Feature","properties":{"clues":"GRIMB008791"},"geometry":{"type":"Polygon","coordinates":[[[-99.60232900952265,16.743687963170842],[-99.6083602959319,16.74376133264583],[-99.61301807532999,16.732670478413958],[-99.62671884773273,16.725178717699237],[-99.63797199258663,16.722314105732107],[-99.64104599594891,16.724598822288478],[-99.64152053726154,16.75165673230641],[-99.63660056160491,16.759567267748672],[-99.64694409406127,16.778669426331277],[-99.64297156055667,16.78908370831025],[-99.6360144842988,16.796824536392418],[-99.61771543588944,16.79133455397926],[-99.59731132965958,16.797991027330482],[-99.58684465955749,16.776637053811896],[-99.57551361150975,16.77111757464508],[-99.57530235721869,16.768507473426133],[-99.55485535532563,16.736571705291688],[-99.55767192278591,16.72421373626069],[-99.55955548281368,16.723152272676618],[-99.58586629347641,16.753506045394705],[-99.60232900952265,16.743687963170842]]]}},{"type":"Feature","properties":{"clues":"GRIMB008820"},"geometry":{"type":"Polygon","coordinates":[[[-99.56761780895368,17.162559920980907],[-99.57054888111175,17.131297296162465],[-99.5742913852672,17.129709327770573],[-99.60233399452366,17.132609355938197],[-99.61536399089974,17.123982802125283],[-99.64229481541665,17.15544341208925],[-99.65366148136883,17.17640462197855],[-99.64511380423274,17.18864724477133],[-99.63945891943806,17.20056252526557],[-99.63382579378643,17.205411631585452],[-99.60937980146133,17.184972273845958],[-99.58838473122134,17.184032507770958],[-99.57554084302438,17.165782612889213],[-99.56761780895368,17.162559920980907]]]}},{"type":"Feature","properties":{"clues":"GRIMB006884"},"geometry":{"type":"Polygon","coordinates":[[[-99.39777788650282,18.037637841749973],[-99.36848604058287,18.035358468257808],[-99.34786279228413,18.019769606721113],[-99.34431170079242,18.012112298331296],[-99.40920359824959,17.924450489032253],[-99.42282870876595,17.94632044824294],[-99.4378393148956,17.998664219477917],[-99.39777788650282,18.037637841749973]]]}},{"type":"Feature","properties":{"clues":"GRIMB006995"},"geometry":{"type":"Polygon","coordinates":[[[-99.33017852154995,17.630845895970538],[-99.33302863009128,17.634200777989502],[-99.33148513040364,17.657468114136496],[-99.27631733506718,17.65681360813581],[-99.27120528241568,17.651360032979458],[-99.26705364769003,17.640713011988087],[-99.2720829487875,17.625377388441976],[-99.27891585425148,17.616065664649057],[-99.29637095080625,17.613549301253965],[-99.31295501101094,17.56253060884199],[-99.31475590878098,17.560804951750196],[-99.33081731666314,17.579710242094276],[-99.33017852154995,17.630845895970538]]]}},{"type":"Feature","properties":{"clues":"GRIMB003652"},"geometry":{"type":"Polygon","coordinates":[[[-99.08853128741211,16.59594200521684],[-99.11802480008727,16.602050799209838],[-99.1487498301118,16.61249439991855],[-99.20167990966198,16.626652709804702],[-99.19368903915071,16.63999452396034],[-99.1595992712877,16.640863369951852],[-99.15095787925765,16.620362429640313],[-99.11532198039683,16.630368462721332],[-99.10612154722092,16.625964695067943],[-99.10306823116106,16.622968424292452],[-99.08459034873518,16.61471340496251],[-99.08853128741211,16.59594200521684]]]}},{"type":"Feature","properties":{"clues":"GRIMB001243"},"geometry":{"type":"Polygon","coordinates":[[[-99.23852451992072,18.135738174413106],[-99.24735424879007,18.16715938312629],[-99.22136803834147,18.174480200754758],[-99.1736141670129,18.171472193422805],[-99.15512797532301,18.129053643296572],[-99.15882586960275,18.11227293840594],[-99.1550287978291,18.099430264426463],[-99.15527263338804,18.09370860663351],[-99.22060330030918,18.065276113058644],[-99.24388769875071,18.084656877761972],[-99.23852451992072,18.135738174413106]]]}},{"type":"Feature","properties":{"clues":"MSIMB001062"},"geometry":{"type":"Polygon","coordinates":[[[-99.23000666645027,18.843937389599912],[-99.22806829886707,18.829727558944718],[-99.23466973503803,18.82848763477122],[-99.23633148504642,18.834190780978346],[-99.23899968316105,18.83511652624206],[-99.24010278875926,18.846430675290872],[-99.23460580197361,18.847367264558827],[-99.23000666645027,18.843937389599912]]]}},{"type":"Feature","properties":{"clues":"MSIMB000811"},"geometry":{"type":"Polygon","coordinates":[[[-99.19342752254488,18.616013586677084],[-99.17458266836911,18.61137348227179],[-99.1792937976688,18.602270004077813],[-99.1831950410088,18.602313229450367],[-99.1875858756805,18.60444229238712],[-99.19410031313481,18.61195857313921],[-99.19342752254488,18.616013586677084]]]}},{"type":"Feature","properties":{"clues":"MSIMB001366"},"geometry":{"type":"Polygon","coordinates":[[[-99.15890223204426,18.613855483638787],[-99.17338051323742,18.620778359666197],[-99.17470063672566,18.630493215853438],[-99.17760528807908,18.633435299331616],[-99.17764662676521,18.63921766402881],[-99.17228681176748,18.648261809644616],[-99.17343726045893,18.651687636308186],[-99.1681264253313,18.66443541300288],[-99.16552587556211,18.664761592798765],[-99.15656619527597,18.672775147112223],[-99.156360063431,18.676030189212906],[-99.148389462491,18.679270728659667],[-99.1426483418361,18.675633642954462],[-99.13907433534972,18.677398271135335],[-99.13608524279987,18.673482352997933],[-99.13500894657244,18.669144691246224],[-99.12496611713352,18.656850161113283],[-99.12211941775281,18.645198859963273],[-99.10436770151499,18.63515773333184],[-99.10987543899174,18.6175169978078],[-99.12996597658072,18.607773969023402],[-99.14397005434668,18.607802714902697],[-99.15351916603059,18.605471440029195],[-99.15890223204426,18.613855483638787]]]}},{"type":"Feature","properties":{"clues":"MSIMB001436"},"geometry":{"type":"Polygon","coordinates":[[[-99.08925363657119,18.500215715975322],[-99.09452368713045,18.526220702273157],[-99.08556681926329,18.544869191538183],[-99.08289061217303,18.547478528011155],[-99.07662633399688,18.551526863392972],[-99.0692506972287,18.552338750678548],[-99.04118324610211,18.54303010493607],[-99.03783060471903,18.5359259531341],[-99.05676558292271,18.490492368000076],[-99.04753822523922,18.476787969375263],[-99.05270045333253,18.461319520680505],[-99.09521043111245,18.4203757774244],[-99.12154737649658,18.433442742722406],[-99.12126356337785,18.44010002087294],[-99.11234685262983,18.487389731027115],[-99.08925363657119,18.500215715975322]]]}},{"type":"Feature","properties":{"clues":"MSIMB000123"},"geometry":{"type":"Polygon","coordinates":[[[-98.97917000986185,18.757352538509778],[-98.99641919134265,18.751812769293025],[-98.99761018956443,18.7494181874382],[-99.00347144889639,18.745706327393442],[-99.02916903841374,18.74627107772503],[-99.05015088680166,18.750046792249236],[-99.02786077911557,18.78261529320275],[-99.02105479738036,18.780114797404334],[-98.99798849847997,18.761703399050557],[-98.99298684962869,18.769385424422133],[-98.99106899890252,18.7666723733143],[-98.98707865198746,18.767291500878652],[-98.98439400586217,18.769479501237424],[-98.98294514187515,18.77355827894053],[-98.97384634406544,18.775956171510224],[-98.96919838708087,18.774927288712327],[-98.958835018534,18.755449529015255],[-98.96144818404215,18.74907452971783],[-98.9631411320225,18.74765704092786],[-98.96833235590437,18.757259361604554],[-98.97412832567323,18.754915652494702],[-98.97917000986185,18.757352538509778]]]}},{"type":"Feature","properties":{"clues":"MSIMB000210"},"geometry":{"type":"Polygon","coordinates":[[[-99.00716533848812,18.579806683557415],[-99.02211371127227,18.57554182388136],[-99.05809492384077,18.59755379381065],[-99.05442232823702,18.60813329721825],[-99.05510492201789,18.621722855356637],[-99.02495638835121,18.614093460465384],[-99.01674135889753,18.620284236445396],[-99.01478885723074,18.619687964844513],[-99.00359924178522,18.604686459731095],[-99.0006376936285,18.59340052912494],[-99.00716533848812,18.579806683557415]]]}},{"type":"Feature","properties":{"clues":"GRIMB000794"},"geometry":{"type":"Polygon","coordinates":[[[-98.85305475835884,17.686748323990695],[-98.87631759523268,17.674649862476357],[-98.88947027285627,17.686741348837558],[-98.89338694182153,17.69659871259806],[-98.88776856552325,17.708781943725562],[-98.88657760933398,17.71501969023367],[-98.90673320018314,17.741363762594307],[-98.89252971767411,17.77159511248512],[-98.88266894141626,17.769838941241797],[-98.87860262026587,17.76625230634772],[-98.86358662031583,17.746050277658544],[-98.83919929420041,17.743257250414146],[-98.829499179186,17.74824416833368],[-98.81909887924385,17.745181543052443],[-98.8138967447058,17.741020006323772],[-98.80761487818427,17.741899807912436],[-98.78135669671612,17.736535749450944],[-98.77974946191276,17.734750515466512],[-98.78656003669006,17.719439373292214],[-98.78609399702033,17.710964179688915],[-98.7899095653794,17.707162558377572],[-98.79472861796526,17.693502671231684],[-98.82518212881078,17.700487299391916],[-98.83053866636739,17.69779235226127],[-98.83153294317636,17.694794524562887],[-98.84118506129256,17.684582902248074],[-98.85305475835884,17.686748323990695]]]}},{"type":"Feature","properties":{"clues":"MSIMB001144"},"geometry":{"type":"Polygon","coordinates":[[[-98.86472340483115,18.53861333348253],[-98.8411967215211,18.542502727174988],[-98.82614791909481,18.55013051460764],[-98.81238615024004,18.547032427488002],[-98.8061538947577,18.547119817126916],[-98.80709947332097,18.5348378700803],[-98.801199092806,18.512420838741615],[-98.82682312726934,18.498835797040815],[-98.83363885196876,18.48887476250248],[-98.83798208446184,18.46613440251621],[-98.84489911339747,18.462231237392075],[-98.8737594770796,18.460049213637813],[-98.89847094734142,18.46600668810211],[-98.90565386854823,18.474258009979696],[-98.89175829354791,18.54090511576223],[-98.8877654971017,18.542964959991345],[-98.86472340483115,18.53861333348253]]]}},{"type":"Feature","properties":{"clues":"PLIMB000095"},"geometry":{"type":"Polygon","coordinates":[[[-98.72757120657411,18.73157037314919],[-98.73944361568512,18.745900267482238],[-98.74012164976482,18.76263126101645],[-98.7367223062356,18.76965643765914],[-98.73987607630461,18.788774177685962],[-98.72847202800793,18.798739879034372],[-98.71304363502526,18.778130632347935],[-98.70584666114871,18.78755267273841],[-98.69183579254512,18.79822935983052],[-98.68159131930462,18.799852844174158],[-98.67219632209803,18.785489611524984],[-98.67258832043947,18.77672759323343],[-98.70413502269864,18.768419031243425],[-98.71107053269856,18.746290296030043],[-98.6674387610431,18.756637061381344],[-98.66116942543213,18.742464298995017],[-98.66185440406802,18.72039663595669],[-98.70143644418823,18.697592772245166],[-98.71437197820133,18.70455113772054],[-98.71690630661811,18.707497097611352],[-98.72757120657411,18.73157037314919]]]}},{"type":"Feature","properties":{"clues":"GRIMB004656"},"geometry":{"type":"Polygon","coordinates":[[[-98.67485442131552,17.32619935946972],[-98.6842013628928,17.316320032955602],[-98.68833656192737,17.320731003714688],[-98.70777157955497,17.32476731248823],[-98.70867891644083,17.334347571956297],[-98.69325873323578,17.3473004178788],[-98.68195340614517,17.341179155788392],[-98.6811151508405,17.334959064631835],[-98.67485442131552,17.32619935946972]]]}},{"type":"Feature","properties":{"clues":"GRIMB004661"},"geometry":{"type":"Polygon","coordinates":[[[-98.63829715373028,17.172717987562656],[-98.65915737385161,17.16131390275056],[-98.67110015716193,17.176148288381317],[-98.68753909661574,17.17720970226349],[-98.69382422556582,17.18323853424564],[-98.69439437336962,17.189243416313914],[-98.69129381463092,17.192303736716482],[-98.68760046153668,17.203496130922755],[-98.69986230743982,17.213685669267207],[-98.70200004657171,17.218094487396346],[-98.70037777554182,17.221022282753243],[-98.6792429917252,17.217394296094174],[-98.67579102038381,17.22931908724144],[-98.67370680908202,17.22980153953238],[-98.6672068871706,17.224443271561544],[-98.66379490114129,17.22421897514636],[-98.65664120813628,17.21278719550428],[-98.65061429470762,17.21309162537345],[-98.6389284376429,17.20569815150853],[-98.64200348465376,17.193163527128196],[-98.63829715373028,17.172717987562656]]]}},{"type":"Feature","properties":{"clues":"GRIMB008330"},"geometry":{"type":"Polygon","coordinates":[[[-98.59908066866441,17.733090838422775],[-98.59855103542188,17.71521679297737],[-98.60182241866947,17.713820323879645],[-98.62049329681085,17.717182802666795],[-98.64612861634511,17.7328880211162],[-98.64690588937675,17.742656304447813],[-98.63097670944056,17.764696158900474],[-98.62636090201903,17.76196512125353],[-98.62223245754323,17.755812066828717],[-98.59908066866441,17.733090838422775]]]}},{"type":"Feature","properties":{"clues":"GRIMB004912"},"geometry":{"type":"Polygon","coordinates":[[[-98.3450803546158,17.276785640386127],[-98.32924546266584,17.245948093769396],[-98.36595089503734,17.22202551694737],[-98.37038549709919,17.222183583773287],[-98.38358065261865,17.231459277928625],[-98.39065354849554,17.265494372079008],[-98.35299583992483,17.280559842733137],[-98.3450803546158,17.276785640386127]]]}},{"type":"Feature","properties":{"clues":"OCIMB001902"},"geometry":{"type":"Polygon","coordinates":[[[-98.32061387591308,16.49272856113374],[-98.34914722656292,16.483614814122628],[-98.35713074398227,16.477000425609987],[-98.37968341758685,16.490693877057335],[-98.37102358852316,16.52448389582994],[-98.37333799754596,16.545114318655067],[-98.368440628052,16.55008481382578],[-98.32357234159745,16.557033989237812],[-98.32120010469272,16.543830293909107],[-98.32315600915702,16.51923994568777],[-98.32061387591308,16.49272856113374]]]}},{"type":"Feature","properties":{"clues":"GRIMB007765"},"geometry":{"type":"Polygon","coordinates":[[[-98.18515754107001,16.96952891376602],[-98.20790149703272,16.91368007392325],[-98.21064440263484,16.910729570685458],[-98.24478181065355,16.911444118666846],[-98.24980476592533,16.927153941562104],[-98.26072257559022,16.951411191511387],[-98.22180655652396,16.976399032735788],[-98.18515754107001,16.96952891376602]]]}},{"type":"Feature","properties":{"clues":"OCIMB000275"},"geometry":{"type":"Polygon","coordinates":[[[-98.15972256944576,17.16904499658332],[-98.19060457732957,17.18722177521354],[-98.19160322816796,17.197959314792666],[-98.18940329262163,17.20754049167783],[-98.20916755567991,17.215055634943912],[-98.2041358483005,17.231417987156856],[-98.22350845694795,17.242033655114053],[-98.22384298110316,17.2462741461366],[-98.21980233407145,17.25214180093478],[-98.21746523516597,17.26041135576653],[-98.22307718164612,17.26779375177365],[-98.22908381610551,17.284933739759065],[-98.19947012761138,17.302043574922273],[-98.19334811240172,17.304084235400992],[-98.19840307777316,17.263819119389552],[-98.18811014919757,17.243005689914604],[-98.16851900859852,17.23941396899536],[-98.16740937011166,17.214443236450343],[-98.16276888782622,17.20716901179574],[-98.15972256944576,17.16904499658332]]]}},{"type":"Feature","properties":{"clues":"PLIMS003263"},"geometry":{"type":"Polygon","coordinates":[[[-98.07873636256983,18.744423596154828],[-98.11443244395959,18.704055103573076],[-98.12454505794985,18.70363058652621],[-98.13322751527436,18.756143449637854],[-98.14165044615903,18.762606476045608],[-98.1506251245317,18.77352682200414],[-98.13306258960715,18.8277766512862],[-98.12856579886252,18.830124470371896],[-98.10141271869959,18.81452716671442],[-98.08696835990573,18.81237444232205],[-98.0535463600694,18.77787213632931],[-98.05482815476948,18.775133792867106],[-98.07232204106737,18.75776372019477],[-98.07873636256983,18.744423596154828]]]}},{"type":"Feature","properties":{"clues":"OCIMB006546"},"geometry":{"type":"Polygon","coordinates":[[[-98.0602619356155,17.561647737011736],[-98.0737251628882,17.566081414234198],[-98.08669997863849,17.609206476633872],[-98.07814937909691,17.61428934909744],[-98.052907623978,17.615067902042906],[-98.04511431148083,17.613206597031834],[-98.03671831343658,17.596181174530415],[-98.03902747977608,17.55871070200753],[-98.03664151029645,17.555401692331735],[-98.0423578659528,17.539578345911057],[-98.05402603986383,17.52790167274991],[-98.07638783109434,17.521206366318555],[-98.07952330715987,17.52173432070748],[-98.0602619356155,17.561647737011736]]]}},{"type":"Feature","properties":{"clues":"PLIMS002563"},"geometry":{"type":"Polygon","coordinates":[[[-98.03119457454521,18.716783734616374],[-98.04047280388201,18.731020673769788],[-98.0389838193067,18.738237850481113],[-98.05482815476948,18.775133792867106],[-98.0535463600694,18.77787213632931],[-98.02592648976996,18.787167596165546],[-98.01308555643102,18.777462513779856],[-97.97774219259662,18.75565064274054],[-97.99916083356848,18.73677775076201],[-98.00996087077188,18.733302611726835],[-98.0174530120773,18.72747166217351],[-98.02540794296877,18.715007540053897],[-98.03119457454521,18.716783734616374]]]}},{"type":"Feature","properties":{"clues":"OCIMB003075"},"geometry":{"type":"Polygon","coordinates":[[[-98.01557375094164,17.394515853893914],[-98.0246157228896,17.403114606928668],[-98.01897040639724,17.41641314754331],[-98.03231307201929,17.419652567719154],[-98.03376938076718,17.429439665435616],[-98.04116242350713,17.431311003947073],[-98.04741728929204,17.43738955658226],[-98.04089156403944,17.451188538426806],[-98.04627969639711,17.465837761209933],[-98.03202556038694,17.474215800190244],[-98.03186477286985,17.478029169888597],[-98.01758778046222,17.50355519673818],[-98.01601367613421,17.504227890785053],[-97.98617165862916,17.485364227424977],[-97.9737976271632,17.484198683850956],[-97.96774179506112,17.470060816845898],[-97.97086245131612,17.46027183369163],[-97.95996492557978,17.436626203197843],[-97.95921148327997,17.39673052466604],[-97.95687024842393,17.389326816597045],[-97.95863631248767,17.38730864799248],[-97.9757392023732,17.38431037294599],[-97.99037876574033,17.3910733300034],[-98.00135990658521,17.38966735078451],[-98.01557375094164,17.394515853893914]]]}},{"type":"Feature","properties":{"clues":"MCIMB002816"},"geometry":{"type":"Polygon","coordinates":[[[-99.87573435732094,19.605297707574305],[-99.8700842204845,19.626013224426046],[-99.85068839627381,19.62728290207249],[-99.84894384700662,19.625968609681063],[-99.86338701948895,19.595549874950905],[-99.87342646912026,19.59804435928047],[-99.87573435732094,19.605297707574305]]]}},{"type":"Feature","properties":{"clues":"MCIMB003270"},"geometry":{"type":"Polygon","coordinates":[[[-99.8067727469101,19.707966628086464],[-99.80634634381981,19.706013420294173],[-99.81531752829241,19.691565745395476],[-99.81800240490574,19.6916388709464],[-99.82500887823078,19.683443333647578],[-99.83592737338137,19.694287048494704],[-99.83330846813658,19.70294408081763],[-99.83831572656584,19.70647687643494],[-99.85053932901667,19.694039742023328],[-99.86068032842503,19.709408021436317],[-99.85981379556226,19.716555260712262],[-99.8682242575208,19.72716729318115],[-99.87563930753042,19.740691182144385],[-99.86014311259252,19.750634661922717],[-99.84596644335318,19.741837721441573],[-99.84529895604412,19.733138854575024],[-99.83515348436156,19.730673906451237],[-99.83384166549513,19.72528318374145],[-99.82868219371892,19.72382704242832],[-99.82441714016036,19.71360173602718],[-99.81690174454494,19.715390673977],[-99.81248388295734,19.70870305549363],[-99.8067727469101,19.707966628086464]]]}},{"type":"Feature","properties":{"clues":"MCIMB000161"},"geometry":{"type":"Polygon","coordinates":[[[-99.7778655875927,19.822295529445732],[-99.78103125541091,19.815345957692998],[-99.78389166732302,19.815471004517114],[-99.80053969741998,19.829246464897],[-99.81019419291817,19.830875628689807],[-99.81664956016273,19.84557827738574],[-99.81000695913865,19.860829374401682],[-99.79520011442581,19.859606000069302],[-99.7746075984705,19.875182125681928],[-99.76900536539186,19.869372480330313],[-99.76329397107008,19.858168988759626],[-99.76299498773275,19.8544534888315],[-99.77978024315615,19.84678853151605],[-99.78232732299875,19.842663486692235],[-99.7778655875927,19.822295529445732]]]}},{"type":"Feature","properties":{"clues":"MCIMB011076"},"geometry":{"type":"Polygon","coordinates":[[[-99.80743379554694,19.62054818149944],[-99.79985716233321,19.643463533383848],[-99.79446893978248,19.649245041414666],[-99.79114964218489,19.650300890300212],[-99.78719861555551,19.648955550504468],[-99.78206593099577,19.642085909609],[-99.77424707270524,19.63662439759077],[-99.76698146141807,19.623284874769606],[-99.76653768093244,19.61662808701727],[-99.77596238441731,19.60589337773653],[-99.77840492522168,19.60586834301268],[-99.78694089476134,19.610473611351864],[-99.79011308183641,19.610093625189503],[-99.80363632642565,19.59143780894786],[-99.807634248792,19.591660388081337],[-99.81465285359981,19.615244015105333],[-99.80743379554694,19.62054818149944]]]}},{"type":"Feature","properties":{"clues":"MCIMB002821"},"geometry":{"type":"Polygon","coordinates":[[[-99.7079341265176,19.609467664119382],[-99.7210883032669,19.62201069417729],[-99.737570479069,19.620723128230185],[-99.7419168175216,19.62940578706239],[-99.7430022843206,19.63696416028708],[-99.74582294650098,19.640031184149684],[-99.77424707270524,19.63662439759077],[-99.78206593099577,19.642085909609],[-99.78719861555551,19.648955550504468],[-99.76577977557106,19.66080640592114],[-99.75340168103135,19.661239586975892],[-99.74932036229661,19.657732637398162],[-99.73076001456289,19.661768658838398],[-99.72747705803961,19.653974877532143],[-99.70616436208883,19.650490445771638],[-99.69301221428391,19.641586077187743],[-99.69592320088958,19.612460893047537],[-99.7079341265176,19.609467664119382]]]}},{"type":"Feature","properties":{"clues":"MCIMB003702"},"geometry":{"type":"Polygon","coordinates":[[[-99.63803725870493,19.676536483179955],[-99.61629562724794,19.664525196813578],[-99.61478585382172,19.6613938361661],[-99.62528676710164,19.64736101911015],[-99.62939298987497,19.64794303247683],[-99.63643521894905,19.655153854993863],[-99.63803725870493,19.676536483179955]]]}},{"type":"Feature","properties":{"clues":"HGIMB003721"},"geometry":{"type":"Polygon","coordinates":[[[-99.38150441229838,20.107582594262475],[-99.37776660588271,20.120937216725462],[-99.36878375921233,20.12437199277634],[-99.3653870436763,20.118514326875783],[-99.35050804760347,20.11094328274466],[-99.3500429935537,20.104053989391772],[-99.36016607750825,20.092476378353936],[-99.39104909019211,20.081115318705464],[-99.38873088286148,20.10419337505682],[-99.38150441229838,20.107582594262475]]]}},{"type":"Feature","properties":{"clues":"HGIMB003716"},"geometry":{"type":"Polygon","coordinates":[[[-99.36797435114906,20.041794337991877],[-99.36265879650729,20.04896814753258],[-99.36346361314207,20.05624428211012],[-99.35743698273802,20.06603720528712],[-99.36748075119348,20.090566712930677],[-99.36016607750825,20.092476378353936],[-99.3429556616071,20.083186533773038],[-99.33641141164874,20.08490147732553],[-99.33353995620486,20.07418191055004],[-99.33612369913544,20.066324003588093],[-99.32738914628574,20.0585267180762],[-99.32815486495338,20.041690696214125],[-99.33160690273415,20.039789350753754],[-99.34441108527221,20.03736891919152],[-99.35148380788576,20.04313307728704],[-99.3569391349615,20.039837404292964],[-99.36797435114906,20.041794337991877]]]}},{"type":"Feature","properties":{"clues":"HGIMB004153"},"geometry":{"type":"Polygon","coordinates":[[[-99.2727279315536,20.717727907013092],[-99.30006679429093,20.707095913429423],[-99.30955034436815,20.72136485681954],[-99.32164098098045,20.717903011858546],[-99.32462429357801,20.721525989478103],[-99.33730426312094,20.725036901668048],[-99.3370613002615,20.738145136231807],[-99.3321827300958,20.742428824551357],[-99.34201417226518,20.755944896527794],[-99.3415466479522,20.768085636859993],[-99.34530674640224,20.773727647100184],[-99.33194776990948,20.780851396367808],[-99.32331365483572,20.79704011035555],[-99.31949064004414,20.7964757147605],[-99.31242149232412,20.785513740076347],[-99.31877027948893,20.77680679671511],[-99.31696348779533,20.773065321729497],[-99.31744395230322,20.756234625441873],[-99.31456103324513,20.75229105007078],[-99.31422363263145,20.748913707804327],[-99.30126252835609,20.739534450906675],[-99.28875339408773,20.750772584820442],[-99.26522299154146,20.757655622623155],[-99.25831166326658,20.753011278387092],[-99.26139976246445,20.733916715249844],[-99.2727279315536,20.717727907013092]]]}},{"type":"Feature","properties":{"clues":"HGIMB004346"},"geometry":{"type":"Polygon","coordinates":[[[-99.2600032138174,20.18545006487656],[-99.24788037561538,20.204205784697503],[-99.240883642222,20.19912246220054],[-99.23771407587432,20.19480497392934],[-99.23761985756256,20.188743022249742],[-99.25296614699555,20.178587596167237],[-99.2600032138174,20.18545006487656]]]}},{"type":"Feature","properties":{"clues":"MCIMB001474"},"geometry":{"type":"Polygon","coordinates":[[[-99.20457223339388,19.754069834216008],[-99.21366577623353,19.75985512122196],[-99.21869699196543,19.76039363450968],[-99.21699812368023,19.774567006263897],[-99.220449779657,19.777304235583394],[-99.21914314157179,19.782877527294932],[-99.22127192446044,19.788526419318984],[-99.23412356707304,19.789282514361354],[-99.23388467723353,19.80279445397258],[-99.22718120429728,19.811588554114877],[-99.22147979843844,19.81073238429861],[-99.2162352216683,19.801947411208566],[-99.20633989419706,19.799577276024646],[-99.19880835904512,19.800241476071132],[-99.19131378418132,19.803954690092148],[-99.18575101259015,19.803415435340188],[-99.18939420745093,19.778755883810607],[-99.18765985504857,19.773566193950423],[-99.19246156549332,19.767457543966017],[-99.19530335631123,19.76701302313141],[-99.19778584431472,19.7558959186137],[-99.20457223339388,19.754069834216008]]]}},{"type":"Feature","properties":{"clues":"HGIMB001546"},"geometry":{"type":"Polygon","coordinates":[[[-99.18151688616133,20.452922929640092],[-99.19351862750906,20.434486503604543],[-99.20619752431668,20.4335258532491],[-99.20904394658581,20.431702249271645],[-99.23224291959622,20.44055047626353],[-99.21943533237983,20.45961308680509],[-99.2067520706932,20.463443663665505],[-99.20598296055569,20.465010125749703],[-99.19436666805906,20.470906076912172],[-99.1931092594444,20.47373966560027],[-99.18737700965607,20.476415566660968],[-99.17281310495778,20.467250350773234],[-99.18171337506568,20.457242791259965],[-99.18151688616133,20.452922929640092]]]}},{"type":"Feature","properties":{"clues":"MCIMB007190"},"geometry":{"type":"Polygon","coordinates":[[[-99.17321227292605,19.62148151284684],[-99.17591990509209,19.630091551872734],[-99.17979978792528,19.632658367121472],[-99.18162631777757,19.63219929808766],[-99.18736830916869,19.640060313146815],[-99.18448617957833,19.645800475646322],[-99.18121247476793,19.6455605063606],[-99.17793250612307,19.64957971978814],[-99.17786454637111,19.654345640798525],[-99.17999916508417,19.65708932827116],[-99.17663538300864,19.66110948701811],[-99.17163495501735,19.660370867178436],[-99.1700537381301,19.6579341642923],[-99.16496916191016,19.661460378542976],[-99.16485489266658,19.66639524585634],[-99.1603163905767,19.66728862198897],[-99.15487537608298,19.664148871203864],[-99.15075280585118,19.666084691774834],[-99.14842663380625,19.663521136038867],[-99.14820837209867,19.658126274302614],[-99.1509582005914,19.653957215713657],[-99.14533811025272,19.647747431097137],[-99.1396294861151,19.651431483652257],[-99.13306476698261,19.647597189274183],[-99.138425905668,19.63946804264538],[-99.1492490797812,19.63075230664782],[-99.15188998502978,19.625878008420184],[-99.16208117813076,19.62657137746835],[-99.16415805982405,19.62149517209147],[-99.17321227292605,19.62148151284684]]]}},{"type":"Feature","properties":{"clues":"HGIMB000612"},"geometry":{"type":"Polygon","coordinates":[[[-99.10365546726887,20.618008538013196],[-99.1035976234278,20.596656881001685],[-99.10501386037019,20.594963076899845],[-99.12375077226473,20.605013382781646],[-99.12778513891828,20.61723914067814],[-99.13444897039226,20.625682258440957],[-99.13198940213871,20.633055697988972],[-99.1270132661668,20.636059365514505],[-99.10979813957242,20.63744094147321],[-99.10851779773496,20.62415535149175],[-99.10365546726887,20.618008538013196]]]}},{"type":"Feature","properties":{"clues":"HGIMB004421"},"geometry":{"type":"Polygon","coordinates":[[[-99.04636950189135,20.16620903834774],[-99.03617263051052,20.15961925894262],[-99.03697640482135,20.13167508633811],[-99.05155390562544,20.125703564994524],[-99.05884448055133,20.11515908455213],[-99.08802981977091,20.143080470926474],[-99.07683858028686,20.1596551830083],[-99.0840580048857,20.165277243456593],[-99.10217732923458,20.189774203195295],[-99.09232886578432,20.19175677493198],[-99.07502752363469,20.190180200459658],[-99.06293896637955,20.19303760261359],[-99.0430093639428,20.190150196877163],[-99.0429411062529,20.177526005842065],[-99.04556747549155,20.174181068122753],[-99.04636950189135,20.16620903834774]]]}},{"type":"Feature","properties":{"clues":"MCIMB007984"},"geometry":{"type":"Polygon","coordinates":[[[-99.03598547581707,19.77749652700945],[-99.02572233207141,19.7928992722548],[-99.02149469804169,19.794249160084775],[-99.00503477832939,19.79361086310645],[-99.00976795309191,19.779517718522204],[-99.00395076115406,19.76952548886333],[-99.00382148065779,19.765755918535458],[-99.016496024007,19.739426704275417],[-99.01987091823237,19.73754711103778],[-99.04087682393553,19.743704781122542],[-99.04181926725563,19.748064054769678],[-99.03786565844811,19.777333420701183],[-99.03598547581707,19.77749652700945]]]}},{"type":"Feature","properties":{"clues":"MCIMB005213"},"geometry":{"type":"Polygon","coordinates":[[[-99.02054671362966,19.654880740093148],[-99.00933420911434,19.65339254040307],[-99.0063134728604,19.661199139993467],[-99.00215215156081,19.661966205647616],[-99.00045375169393,19.658035625984766],[-99.00313542229348,19.653236848860583],[-99.00052263153758,19.647493380075325],[-99.0044519496483,19.64465335401471],[-99.00757803525782,19.650084664313386],[-99.0132179988914,19.642239798364482],[-99.01726129377586,19.64100880729526],[-99.02164646087179,19.645399623258605],[-99.02448240089194,19.644414403907277],[-99.02510489517043,19.6361595356972],[-99.02876638169761,19.639563178311395],[-99.03183353343098,19.651764251837797],[-99.03383753211608,19.652921186502393],[-99.03649593806013,19.650993657754444],[-99.05040702454187,19.656436693479773],[-99.04740145111,19.666800980139936],[-99.03012334674504,19.662592301923002],[-99.02054671362966,19.654880740093148]]]}},{"type":"Feature","properties":{"clues":"HGIMS000700"},"geometry":{"type":"Polygon","coordinates":[[[-99.00561347788113,21.07691416539306],[-99.01042575215295,21.074825620263756],[-99.03312944139473,21.087980494604516],[-99.03325825816283,21.091911564274273],[-99.04204777365467,21.1164128542659],[-99.03971269158855,21.121897734215736],[-99.02411595841792,21.12521102157109],[-99.01477999950166,21.11629030081678],[-98.99707487025557,21.125526006049952],[-98.99225999620508,21.117744422651242],[-98.98029198514698,21.11747687673601],[-98.98396750903062,21.10179268521558],[-98.97352900401638,21.096991487947456],[-98.96691323019385,21.08823724782676],[-98.9729189694523,21.07968993830597],[-98.99068607422154,21.09193563544207],[-98.99672521224952,21.091709401955537],[-99.00561347788113,21.07691416539306]]]}},{"type":"Feature","properties":{"clues":"SPIMB001710"},"geometry":{"type":"Polygon","coordinates":[[[-99.00477578891001,21.29622762901479],[-99.0069756417138,21.297002152029027],[-99.00510471569845,21.314837375677904],[-99.0090255729418,21.322848658862473],[-99.01199998442019,21.326108345095367],[-99.01841687305438,21.325897914273984],[-99.02457030372648,21.329184917491798],[-99.03072060455324,21.340570833600395],[-99.02723834831235,21.345443003634813],[-99.01961513740994,21.349239354261943],[-99.01154020619693,21.34130800963449],[-99.00431797969244,21.34350855413166],[-99.00121247020108,21.35091230428802],[-99.005354863731,21.359006797121314],[-99.00253330093283,21.364393230978646],[-98.98637943916218,21.35888685498278],[-98.98260470186972,21.36940318672412],[-98.97393424542703,21.367352919183126],[-98.96987721238419,21.357037090300157],[-98.9669479715222,21.356844334623567],[-98.96303326397826,21.351647581493808],[-98.96371013825971,21.34765997700095],[-98.96064074671499,21.342459944937918],[-98.95616659732242,21.341334277198328],[-98.95453771693614,21.335665614538915],[-98.95687133416293,21.32390768751085],[-98.95145134138873,21.314342209726135],[-98.97272045605101,21.309707081054032],[-98.97720465678366,21.30094473080742],[-98.9827588162656,21.298833712194046],[-98.99181265601938,21.300058124855425],[-99.00477578891001,21.29622762901479]]]}},{"type":"Feature","properties":{"clues":"HGIMB002695"},"geometry":{"type":"Polygon","coordinates":[[[-99.00721800680247,20.30194815198575],[-98.99161271338843,20.309396265545026],[-98.98906415055419,20.320344464979176],[-98.96614187148293,20.31825481275215],[-98.96671235837742,20.300604261796003],[-98.98522044815904,20.29074117489664],[-98.98778088408,20.286819411014513],[-99.00835498810697,20.298395272239272],[-99.00721800680247,20.30194815198575]]]}},{"type":"Feature","properties":{"clues":"HGIMS001750"},"geometry":{"type":"Polygon","coordinates":[[[-98.96124978626551,20.396013432437123],[-98.96883813307599,20.40860859063734],[-98.96964645179833,20.417681066348557],[-98.9717929995516,20.419531696461508],[-98.99902818553909,20.419485231623668],[-99.03457534544043,20.445561053464253],[-99.03277057850008,20.448262275797727],[-98.98474788254897,20.46077648115406],[-98.97672794493394,20.46013930264816],[-98.96210738167262,20.48672991079606],[-98.94813178807046,20.487823603607062],[-98.9465451416936,20.49205910282047],[-98.92608416651792,20.504601134096365],[-98.91579387100418,20.50115205238819],[-98.91450377532796,20.468527859391582],[-98.93329512396862,20.465364666720383],[-98.93937831752744,20.456155364567504],[-98.93840582669621,20.44550708191115],[-98.93228466104215,20.427739451951417],[-98.92266826672378,20.418868346080348],[-98.91813784627382,20.403112041905207],[-98.92607567210861,20.39326380580751],[-98.93687071259389,20.390849312745114],[-98.96124978626551,20.396013432437123]]]}},{"type":"Feature","properties":{"clues":"HGIMB000180"},"geometry":{"type":"Polygon","coordinates":[[[-98.98196553312455,20.266355161636813],[-98.97814597572385,20.264703619499986],[-98.97163039972767,20.26579292795835],[-98.96112909310779,20.261886059865944],[-98.96120907546343,20.2490177945984],[-98.9687932646373,20.247288267802805],[-98.97363904583598,20.24174191720538],[-98.98111781539264,20.24272983538245],[-98.99047208559233,20.254855866410054],[-98.99033418454559,20.25818227511383],[-98.98196553312455,20.266355161636813]]]}},{"type":"Feature","properties":{"clues":"HGIMB000175"},"geometry":{"type":"Polygon","coordinates":[[[-98.94114630071876,20.32921766104744],[-98.95808546955543,20.326997386790207],[-98.96312819469577,20.341702025638867],[-98.98414202630539,20.351420712261653],[-98.9753657019215,20.367181974347297],[-98.95978853932179,20.365389912688556],[-98.95591567126131,20.3693245910675],[-98.94087654783374,20.361045758371453],[-98.92460881386535,20.381065373449033],[-98.90746861564172,20.356463368306446],[-98.93193227185428,20.3500577305204],[-98.94094068108328,20.357571550116738],[-98.9428355441358,20.35575012955255],[-98.94114630071876,20.32921766104744]]]}},{"type":"Feature","properties":{"clues":"HGIMB004416"},"geometry":{"type":"MultiPolygon","coordinates":[[[[-98.85092369143037,19.9863107758493],[-98.86254982462222,19.97928186980146],[-98.86669550311792,19.98063016554951],[-98.86896563961731,19.983834927993364],[-98.87804997543121,19.980424753301573],[-98.8892855225327,19.983710657674486],[-98.8986713981918,19.98920840423391],[-98.90561237726378,20.001878554887004],[-98.91842848566195,20.019195201712908],[-98.88103701064279,20.027354856887573],[-98.8739104824649,20.027273638396085],[-98.86645043897629,20.02253139977567],[-98.85870100213315,20.01242812530301],[-98.85277696435112,20.01055327093296],[-98.84598707063817,20.004456528578213],[-98.83474812835436,19.987786463518187],[-98.85092369143037,19.9863107758493]]],[[[-98.92045019099629,20.019833625436544],[-98.94644355537275,20.00234877089918],[-98.95997284343251,19.998191767259975],[-98.98401581735507,20.056336502721305],[-98.94371760429607,20.06544808796263],[-98.93052967737432,20.060950666187683],[-98.92408854770876,20.05081218407902],[-98.92045019099629,20.019833625436544]]]]}},{"type":"Feature","properties":{"clues":"HGIMB003412"},"geometry":{"type":"Polygon","coordinates":[[[-98.94528717730867,19.865596985041496],[-98.94135551398524,19.86737919272746],[-98.93677299689823,19.87392169204757],[-98.93120627220787,19.872160379703057],[-98.92838316332674,19.8742814756764],[-98.93033546138992,19.88004151061922],[-98.92977175964045,19.88298738441534],[-98.92669389024668,19.885355986125823],[-98.91856867822077,19.874247661212987],[-98.91627474517357,19.873146210397042],[-98.90026961664928,19.8814075069029],[-98.88995340883342,19.876134704739194],[-98.879883434917,19.86100082771256],[-98.89310773031664,19.847001343547888],[-98.89724107118406,19.847052912556993],[-98.9160012998189,19.85511593991945],[-98.91833833831038,19.852516961240678],[-98.92680394768391,19.85148857990391],[-98.92978001611702,19.858532457007673],[-98.93384450711316,19.853518596964793],[-98.94390278254903,19.855339590683283],[-98.9473326606529,19.859639991006325],[-98.94528717730867,19.865596985041496]]]}},{"type":"Feature","properties":{"clues":"MCIMB005452"},"geometry":{"type":"Polygon","coordinates":[[[-98.80586258302867,19.74757593481113],[-98.81407807243875,19.73952718789074],[-98.83354923216774,19.740038064128715],[-98.84808794698262,19.759358035743833],[-98.84840032275906,19.764528677642964],[-98.85181569987286,19.770169464271966],[-98.85392588699422,19.780952825259053],[-98.8239090664775,19.80928829532033],[-98.8169900436469,19.79613375059866],[-98.79610650593428,19.775826698122756],[-98.79563764921616,19.763723827724217],[-98.80586258302867,19.74757593481113]]]}},{"type":"Feature","properties":{"clues":"SPIMS002365"},"geometry":{"type":"Polygon","coordinates":[[[-98.78036832747132,21.364002754787606],[-98.78936272370511,21.353167400260382],[-98.7935455361367,21.352994432259994],[-98.79820058043656,21.356228551135967],[-98.80022628918456,21.35519971164775],[-98.8116515432959,21.357363145049227],[-98.81904396644487,21.351157153038496],[-98.8240570279949,21.352089546839302],[-98.82583644702352,21.35619461639912],[-98.83278715609698,21.361505868166493],[-98.82936827256805,21.379885303876232],[-98.82249457866145,21.375932675381094],[-98.80124255733095,21.38025637132458],[-98.78633686706384,21.387153309127974],[-98.78129841036669,21.383839158674597],[-98.78481507879559,21.371311589745233],[-98.78036832747132,21.364002754787606]]]}},{"type":"Feature","properties":{"clues":"MCIMB008725"},"geometry":{"type":"Polygon","coordinates":[[[-98.80243053528947,19.659784445258357],[-98.8047452767316,19.652902667518493],[-98.81736916876666,19.64985121958919],[-98.82948891510023,19.654894499597166],[-98.82837234951215,19.66004632072285],[-98.84411283892881,19.681998652646122],[-98.84397580391423,19.686441560126962],[-98.83406801221267,19.685232235433244],[-98.83047674894561,19.687827563979738],[-98.82480192583141,19.68353281505958],[-98.81440894968776,19.6849142456031],[-98.81169168830128,19.681381122132304],[-98.8034442849898,19.682832656914364],[-98.78830473412977,19.675261917345463],[-98.78821383411602,19.673301718629904],[-98.80417613150064,19.665297201402627],[-98.80243053528947,19.659784445258357]]]}},{"type":"Feature","properties":{"clues":"MCIMB006135"},"geometry":{"type":"Polygon","coordinates":[[[-98.83705511432527,19.56075858742679],[-98.83919880248853,19.573832322265954],[-98.83030364885389,19.58146514615942],[-98.83690943722492,19.59020017226898],[-98.82599177727575,19.600571589232494],[-98.82243232067243,19.61550324478391],[-98.81082618844323,19.615748593044188],[-98.79787047184688,19.609505235463097],[-98.78393571497614,19.60605838352074],[-98.78811095951465,19.591112474411688],[-98.79712722100898,19.580319870215362],[-98.79948082191927,19.56912764325321],[-98.80380383715203,19.56293205317255],[-98.81363128693484,19.557954670609387],[-98.8147592729573,19.555942064936644],[-98.82377010145883,19.55711354862722],[-98.82632456323066,19.563202004433602],[-98.83705511432527,19.56075858742679]]]}},{"type":"Feature","properties":{"clues":"HGIMB001003"},"geometry":{"type":"Polygon","coordinates":[[[-98.82045177255435,20.727983167428782],[-98.82786014794965,20.728694892757147],[-98.84948234744401,20.74597751221531],[-98.83764598951235,20.75319278661318],[-98.8196191754965,20.77024664789517],[-98.8061349186205,20.77597703016823],[-98.80323605373498,20.79805999047596],[-98.78940014057031,20.80801046776623],[-98.7720944119356,20.793914059504036],[-98.77735302722974,20.75034663214273],[-98.76969382160495,20.742933479415708],[-98.76794390742107,20.708897914484087],[-98.80730334269414,20.720026773111893],[-98.82045177255435,20.727983167428782]]]}},{"type":"Feature","properties":{"clues":"SPIMB002055"},"geometry":{"type":"Polygon","coordinates":[[[-98.71916813604142,21.20688399847592],[-98.71754509276512,21.204675465606844],[-98.7209229908625,21.19369018749831],[-98.74207079666019,21.1851988000427],[-98.74704736653426,21.186119090641803],[-98.75169596275671,21.191239087721957],[-98.75759875618752,21.205319827569863],[-98.74861862733198,21.212220421709894],[-98.73573996794592,21.206859865970134],[-98.73458803257319,21.20469665894224],[-98.71916813604142,21.20688399847592]]]}},{"type":"Feature","properties":{"clues":"HGIMB004042"},"geometry":{"type":"Polygon","coordinates":[[[-98.6822098590221,20.632374166016753],[-98.6896651371133,20.638867520760442],[-98.69334093940414,20.639921568539805],[-98.7063437637468,20.6604390808033],[-98.68593677323076,20.667830779127307],[-98.68184776389215,20.67814979933461],[-98.69539096186968,20.692821116085252],[-98.67767634180625,20.707568443215592],[-98.65749918164572,20.69637644459951],[-98.65486861579927,20.693386416566764],[-98.63128507160836,20.698886900420543],[-98.62121675187448,20.67728032716469],[-98.61191934652429,20.670852522393528],[-98.61156372219986,20.643318160221295],[-98.61372413709255,20.64104422146249],[-98.60836418707812,20.616315091248545],[-98.62536642185411,20.608875420869335],[-98.62685316023766,20.606571914925027],[-98.63640161214406,20.601386894063218],[-98.64471486820938,20.57843286801311],[-98.65123875257602,20.573746960349446],[-98.65259338148584,20.56907564644728],[-98.67323277153798,20.55357206957048],[-98.6795306158918,20.552690767067713],[-98.69486480497663,20.558990779667987],[-98.70359124640154,20.571552819002925],[-98.6955429735742,20.58631217803616],[-98.68815466050177,20.5929369046838],[-98.68077198980352,20.594782186538833],[-98.6822098590221,20.632374166016753]]]}},{"type":"Feature","properties":{"clues":"HGIMB002234"},"geometry":{"type":"Polygon","coordinates":[[[-98.63850935592734,21.042744443561478],[-98.67082592154335,21.058460822515904],[-98.67281582150319,21.067370653964193],[-98.66830569987714,21.07433337050263],[-98.66202494768005,21.07605115282234],[-98.64594097326663,21.09347013552795],[-98.63312195276193,21.096722121059493],[-98.63866363574961,21.12018041128499],[-98.63918902345151,21.13912964350697],[-98.63795935435594,21.148043654317686],[-98.63421270772632,21.149459452548182],[-98.6254277824843,21.146680501589593],[-98.62178842401022,21.13706336629707],[-98.60495536466686,21.12090204862449],[-98.61037728460607,21.10100754832807],[-98.61696249164285,21.093154680897637],[-98.60994697858966,21.080041926492804],[-98.6114142516205,21.060693669149387],[-98.63508350180994,21.037607596499942],[-98.63850935592734,21.042744443561478]]]}},{"type":"Feature","properties":{"clues":"HGIMB003342"},"geometry":{"type":"Polygon","coordinates":[[[-98.63128507160836,20.698886900420543],[-98.65486861579927,20.693386416566764],[-98.65749918164572,20.69637644459951],[-98.67767634180625,20.707568443215592],[-98.67745076319234,20.71045246909925],[-98.65437766781805,20.725678826187103],[-98.65010830084836,20.73336002388936],[-98.66308396889704,20.74597218401432],[-98.64214188144624,20.758745345392338],[-98.6379904605831,20.757296902469605],[-98.63600995760058,20.752636173479036],[-98.6147916067564,20.749602426125204],[-98.61601413840802,20.74058006010255],[-98.60307096911794,20.737441034125688],[-98.58466128671094,20.722122420019343],[-98.58506807795676,20.714116057444947],[-98.59457036249364,20.71041390436923],[-98.59990248550652,20.71172948737979],[-98.61108089459171,20.710646690247675],[-98.62830535368136,20.70533263617559],[-98.63128507160836,20.698886900420543]]]}},{"type":"Feature","properties":{"clues":"HGIMB002835"},"geometry":{"type":"Polygon","coordinates":[[[-98.40269633594272,19.9153588005428],[-98.4171240396835,19.925555348054395],[-98.42901275467165,19.924597662650587],[-98.4366678204446,19.947992630374618],[-98.45604781530001,19.949340345108958],[-98.46442315679498,19.957006187148878],[-98.46675447412908,19.96377586770394],[-98.44519602343014,19.975763538840898],[-98.44522566249589,19.981263886044246],[-98.43967035649858,19.988797828574263],[-98.43684072609678,20.01176073405976],[-98.434207855281,20.01385355036262],[-98.40860103477955,20.006836250083882],[-98.40418397887818,20.00265494496865],[-98.39358382848862,19.982366669907645],[-98.36934843061805,19.984741403101694],[-98.36327504652846,19.981079806392497],[-98.35935865912273,19.948286815455912],[-98.35566172701786,19.94425459998759],[-98.3628141487054,19.9304506301903],[-98.36483071637936,19.928887064688123],[-98.3796496743442,19.939901725697933],[-98.38481198237517,19.934344805566187],[-98.3827917273755,19.918868284860416],[-98.40269633594272,19.9153588005428]]]}},{"type":"Feature","properties":{"clues":"VZIMS005785"},"geometry":{"type":"MultiPolygon","coordinates":[[[[-98.42706338426657,21.39372783703249],[-98.4324220963039,21.398734082352675],[-98.4461394279284,21.398331341907994],[-98.45047569824051,21.400292860985523],[-98.45312304274528,21.404471003296365],[-98.464189179861,21.412643137440536],[-98.46603396116886,21.425813199169863],[-98.47644680390047,21.435908864278225],[-98.47820958836284,21.44818926099043],[-98.46872368983416,21.45706967722644],[-98.44988434471055,21.438885798160307],[-98.44485262654875,21.440719660989913],[-98.44012289624142,21.450659904142928],[-98.44244983585345,21.467528462621654],[-98.44236793143968,21.49099159804905],[-98.43915534703729,21.4931563577314],[-98.42261788349848,21.4937509651203],[-98.42266588148668,21.503884417546466],[-98.42599670740816,21.5127400075696],[-98.43833827506211,21.516882889125483],[-98.43601276196085,21.533498400410917],[-98.43942728546813,21.54287033993742],[-98.42464678334137,21.551125692195185],[-98.41651238078637,21.547290993572002],[-98.41461060771927,21.533997820777035],[-98.40804221858112,21.51736418057453],[-98.4056572179173,21.51523548563987],[-98.40528399391414,21.505950345242397],[-98.4032620334121,21.501032339128297],[-98.40730874776423,21.488255253930443],[-98.40018262181317,21.486626210256535],[-98.38779758616818,21.45731771735808],[-98.38785600760077,21.450994037112014],[-98.39194270472282,21.443759019827834],[-98.41014974798446,21.438815971548532],[-98.41309534541277,21.435628838241023],[-98.41212490558276,21.428483260312863],[-98.40627438131688,21.42535752376213],[-98.40505554368401,21.419170845839815],[-98.40995106265663,21.40752141004952],[-98.40831968529059,21.40420289335659],[-98.40361441690875,21.400594059917516],[-98.40444724019372,21.388724620060852],[-98.41922064543508,21.383772608815043],[-98.42459689386015,21.38756201419394],[-98.42706338426657,21.39372783703249]],[[-98.4303491902628,21.450702795883416],[-98.4225028847201,21.448366783513592],[-98.41582230482143,21.44950739352803],[-98.40366352704743,21.460397798760244],[-98.41166563508476,21.467192448748854],[-98.4303491902628,21.450702795883416]]],[[[-98.4055742841683,21.5325929534983],[-98.3960766234019,21.538917499840302],[-98.38870682638255,21.534907092384287],[-98.38909929067697,21.53250038734177],[-98.39747200129419,21.526324484703764],[-98.3969575702362,21.524586112176774],[-98.40153659624542,21.51978869596126],[-98.40994287063342,21.532234267892786],[-98.4055742841683,21.5325929534983]]]]}},{"type":"Feature","properties":{"clues":"HGIMB004725"},"geometry":{"type":"Polygon","coordinates":[[[-98.38996525780821,21.134536272767416],[-98.3941310036235,21.138324447931176],[-98.39311091773922,21.142138917391367],[-98.39903256630915,21.144001913911524],[-98.40209609618998,21.147993240541407],[-98.40099899103237,21.152065080210246],[-98.40241081912018,21.15471275229101],[-98.3992558956461,21.159427693839245],[-98.3951100668467,21.15746948445355],[-98.39029118669049,21.158167188474653],[-98.38624154901294,21.16120938787407],[-98.38305123413586,21.167346328273467],[-98.3774439405811,21.16565188629114],[-98.37166703911998,21.157911128391433],[-98.37510060133233,21.139680235958657],[-98.37097888220957,21.131748247694322],[-98.38996525780821,21.134536272767416]]]}},{"type":"Feature","properties":{"clues":"HGIMB003890"},"geometry":{"type":"Polygon","coordinates":[[[-98.35633237854412,20.066836178284152],[-98.35608253321348,20.073723438216867],[-98.35348342204627,20.07446500582609],[-98.3509316300821,20.083056716676758],[-98.35164348411578,20.087425695406203],[-98.3544113830397,20.08899568593835],[-98.35377173784157,20.092984807858],[-98.35104790563142,20.096185083553237],[-98.34997899050647,20.101253793677884],[-98.34809872518642,20.10243863984639],[-98.34568923733845,20.103277035870267],[-98.33933271988462,20.096561815537076],[-98.33128013792194,20.101427651358584],[-98.31626772452647,20.092171004971483],[-98.30837052695527,20.091506442676128],[-98.31915955787696,20.071187774761032],[-98.3254258396827,20.072541554437095],[-98.33138500668937,20.071320530373022],[-98.3330523556175,20.06958438094726],[-98.33729349827864,20.070709731675798],[-98.34123735290775,20.069466718028423],[-98.34284422432619,20.06405191669716],[-98.35203942944719,20.063087320443575],[-98.35633237854412,20.066836178284152]]]}},{"type":"Feature","properties":{"clues":"HGIMB003943"},"geometry":{"type":"Polygon","coordinates":[[[-98.34529495616883,20.833376673020148],[-98.34867430922051,20.843404755229397],[-98.3483379215371,20.8576791376726],[-98.32753824605824,20.862335456054193],[-98.32133490012669,20.856105973866455],[-98.32431177965614,20.832263107845517],[-98.34035867557978,20.82889631062807],[-98.34529495616883,20.833376673020148]]]}},{"type":"Feature","properties":{"clues":"VZIMS005925"},"geometry":{"type":"Polygon","coordinates":[[[-98.30563102816846,20.67522599954709],[-98.30423547627171,20.672919508791473],[-98.30525111853446,20.668092412517428],[-98.32882030469484,20.644291487858165],[-98.33308241522977,20.646832512779376],[-98.33491648251402,20.6505561828133],[-98.36211965107792,20.665398627722904],[-98.35467898269943,20.675921685947756],[-98.35567263982884,20.679786909456404],[-98.33915048707289,20.691227315358944],[-98.33273389003163,20.699767740434446],[-98.33041081103796,20.699390077031733],[-98.32394313498885,20.678308005257847],[-98.30563102816846,20.67522599954709]]]}},{"type":"Feature","properties":{"clues":"HGIMB000064"},"geometry":{"type":"Polygon","coordinates":[[[-98.17957276163915,20.15073741522318],[-98.18289942090517,20.140711579238122],[-98.1954597484678,20.132012602667615],[-98.20211665250433,20.14091754253894],[-98.20665140862043,20.143151347283002],[-98.22634497887206,20.136852491248533],[-98.2282712501933,20.151294477898926],[-98.22001781068519,20.156816796792288],[-98.22035746909414,20.17010852485465],[-98.21477734060663,20.176344334883055],[-98.18180577498924,20.17406303514411],[-98.18003003378332,20.16862127786151],[-98.18107350544294,20.155385215217397],[-98.17957276163915,20.15073741522318]]]}},{"type":"Feature","properties":{"clues":"VZIMS005481"},"geometry":{"type":"Polygon","coordinates":[[[-98.14276698441901,21.251831035393213],[-98.1526684150297,21.25082508657205],[-98.16460955580305,21.243802584939242],[-98.16027529137212,21.259630254084907],[-98.16146865465943,21.260593014056028],[-98.17240990259047,21.255199524244635],[-98.17579503199276,21.26282262912018],[-98.18020163019095,21.26585984018987],[-98.17846536976795,21.275100509292635],[-98.16833324998531,21.28164451528304],[-98.16222398995326,21.270787289594793],[-98.14325624879935,21.270684403118278],[-98.13524893471902,21.288572080601707],[-98.12436435515498,21.28950672495753],[-98.11640029038615,21.29412272042047],[-98.113942232743,21.26940130290069],[-98.12369378719995,21.26329080311939],[-98.12582460868104,21.26038143787416],[-98.13703585690983,21.260981765838466],[-98.14276698441901,21.251831035393213]]]}},{"type":"Feature","properties":{"clues":"VZIMS002652"},"geometry":{"type":"Polygon","coordinates":[[[-98.06169891282693,21.08787664731452],[-98.05722139016093,21.092338180943113],[-98.04469118222156,21.09146192691039],[-98.01158958761617,21.120977378118116],[-98.0064512896848,21.11844840963495],[-98.00108282291484,21.108650845955754],[-97.9992883258751,21.091057126112553],[-98.00137442194611,21.084141364680434],[-98.03080869017303,21.07022886282293],[-98.03217195839657,21.071316424242752],[-98.06069903822635,21.064425043046104],[-98.06997930856146,21.040336976279182],[-98.06908997969167,21.03815373934241],[-98.11158733594225,21.02676759096133],[-98.11688128985325,21.028152151584024],[-98.12640740417409,21.026502074066283],[-98.12877966799962,21.02736257274388],[-98.13283776139622,21.04872109240666],[-98.11790985393371,21.05649596844923],[-98.11279950895221,21.08468480870877],[-98.10787861331374,21.084369663363674],[-98.08805964597099,21.096453216072977],[-98.07254094380784,21.086514838099536],[-98.06169891282693,21.08787664731452]]]}},{"type":"Feature","properties":{"clues":"PLIMB000730"},"geometry":{"type":"Polygon","coordinates":[[[-98.02453578075895,20.07392913504083],[-98.01858036013805,20.0836767393645],[-98.01779382353125,20.092533169541102],[-98.0148740265677,20.09383073192045],[-97.99365120697436,20.097659380013237],[-97.98671864763425,20.09446353607234],[-97.97530346121259,20.100578573990234],[-97.95861170285902,20.092882089156777],[-97.96916216761987,20.080059277329447],[-97.98018186304644,20.081911355684287],[-97.99070795959733,20.056684172863566],[-97.99272876203091,20.057085396006638],[-98.02794405154961,20.038222198571436],[-98.03662582947493,20.044075521003666],[-98.03973257858983,20.05894136228078],[-98.02453578075895,20.07392913504083]]]}},{"type":"Feature","properties":{"clues":"PLIMB001116"},"geometry":{"type":"Polygon","coordinates":[[[-97.98030841155628,20.163490099934155],[-97.98764349396589,20.147115813961914],[-97.99349315935059,20.149171014252335],[-97.99809743239565,20.148750560822485],[-98.00579332699704,20.152545066922485],[-98.0143291874584,20.154497701080967],[-98.01729126950026,20.160664861931654],[-98.01582340030392,20.171759509188714],[-98.00768649437586,20.180105471247245],[-98.00552473309926,20.186177662149394],[-97.99645239978186,20.188928705529914],[-97.98274285477454,20.177760425333908],[-97.99425402499894,20.169033262156894],[-97.9891050835723,20.163390100738646],[-97.98168750338851,20.165007100949612],[-97.98030841155628,20.163490099934155]]]}},{"type":"Feature","properties":{"clues":"NTIMB000563"},"geometry":{"type":"Polygon","coordinates":[[[-105.3449212420594,21.95476590014738],[-105.3587028066459,21.981312514676492],[-105.36222248642041,21.985768898291262],[-105.36863929521171,21.98713193259605],[-105.371728788825,21.99493889774628],[-105.37408061069384,22.029639260133592],[-105.36598127964896,22.027588162485138],[-105.34003029880535,22.026467341371216],[-105.33331967128791,22.028149863855656],[-105.30316232258386,22.00679735671769],[-105.31994045247333,21.992283446253868],[-105.3449212420594,21.95476590014738]]]}},{"type":"Feature","properties":{"clues":"NTIMB000650"},"geometry":{"type":"Polygon","coordinates":[[[-105.22651380134845,21.958125242257797],[-105.22967647656274,21.95045632226416],[-105.23189377058458,21.948898903421753],[-105.24694085363976,21.950384299829647],[-105.25003181448622,21.951208177735275],[-105.25980843842358,21.961466660845367],[-105.25803846568623,22.004467952735766],[-105.22804790686416,22.00081644165093],[-105.23121461279385,21.96557067578039],[-105.22651380134845,21.958125242257797]]]}},{"type":"Feature","properties":{"clues":"NTIMS001153"},"geometry":{"type":"Polygon","coordinates":[[[-105.18621169605812,20.84332700806984],[-105.20044503787196,20.84994534845864],[-105.2127280164829,20.902132402415806],[-105.2159525834389,20.90982875900751],[-105.20443505508285,20.91366281784056],[-105.15860365057382,20.912248953105966],[-105.1474238317296,20.90892401409803],[-105.13851007077653,20.87406130459256],[-105.14202095920349,20.87209916073001],[-105.14666951870143,20.855021271655986],[-105.15531178728804,20.85508821715942],[-105.16248919316084,20.847710306772438],[-105.16553293813978,20.840595044033158],[-105.16411297361662,20.831615591187173],[-105.16718383599698,20.819281372269835],[-105.18133904545816,20.830690031051375],[-105.18109245446504,20.83868323123113],[-105.18621169605812,20.84332700806984]]]}},{"type":"Feature","properties":{"clues":"NTIMB001041"},"geometry":{"type":"Polygon","coordinates":[[[-104.94223463491207,21.812883802384917],[-104.94691525422148,21.80786219539362],[-104.98702456450839,21.824878266424427],[-104.9807498980476,21.854043045540713],[-104.99349697329438,21.873456130729554],[-104.99110426697749,21.88247023614002],[-104.98106791735,21.88338214517433],[-104.96924537397354,21.892785564346426],[-104.94481124389844,21.886568115250796],[-104.94416010296665,21.884649314178848],[-104.91096711935977,21.88538867093725],[-104.90485182789193,21.896012864932615],[-104.89551794445556,21.92011930146198],[-104.8730256597247,21.91639082343741],[-104.84943396149635,21.935897981173472],[-104.8136196511916,21.92254161209255],[-104.81489230289144,21.900282935420286],[-104.84919572708509,21.876480895430916],[-104.85610798310715,21.86026174447379],[-104.85632278717463,21.85272045552297],[-104.86424578381495,21.840160100572938],[-104.88818474915882,21.825100713006627],[-104.91282288306545,21.832556334953836],[-104.94223463491207,21.812883802384917]]]}},{"type":"Feature","properties":{"clues":"NTIMB001263"},"geometry":{"type":"Polygon","coordinates":[[[-104.87101350432582,21.506481592206296],[-104.87467261166768,21.505924313969373],[-104.87656470058884,21.51092414593237],[-104.87984188052305,21.512288256461684],[-104.8808610329949,21.516297018309515],[-104.87988529547711,21.520043936778315],[-104.87485939277578,21.521704681455116],[-104.86758336044113,21.518510929134663],[-104.86449631919851,21.524679329982504],[-104.85879849520875,21.523911338470167],[-104.85134934036101,21.52766876550872],[-104.83996112330632,21.522266940615513],[-104.83948029204095,21.51152624245219],[-104.846108620232,21.503815873931305],[-104.8544508313627,21.501153239007028],[-104.86056571909451,21.503029093072243],[-104.86289705601928,21.502295765647062],[-104.87101350432582,21.506481592206296]]]}},{"type":"Feature","properties":{"clues":"NTIMB001345"},"geometry":{"type":"MultiPolygon","coordinates":[[[[-104.84854118763515,21.463556474803287],[-104.85052707850522,21.462799522275425],[-104.85267698819872,21.464660579579387],[-104.85279295237497,21.46723300770245],[-104.85150319168838,21.46939107907255],[-104.84616800148056,21.467012156269995],[-104.84337647942453,21.473144623243364],[-104.85097826057365,21.475651715557152],[-104.84880265079686,21.483217699695608],[-104.8455902105333,21.484068947903694],[-104.84121684035351,21.481722979754423],[-104.83603230281264,21.481597007325867],[-104.83375543447943,21.47965525647833],[-104.83888718016927,21.471959277029818],[-104.8403419792106,21.47190230558706],[-104.84064455729207,21.46692565468635],[-104.83310182277198,21.462779715979263],[-104.83680436774996,21.46148236841383],[-104.83967208482683,21.45784374382795],[-104.8459387350824,21.45948957054119],[-104.84854118763515,21.463556474803287]]],[[[-104.87934136864662,21.47385576668554],[-104.88016449119358,21.476422048537863],[-104.87647210423506,21.48293538739606],[-104.87162372488766,21.486747598470345],[-104.86734624181778,21.487543122403856],[-104.86438742849889,21.484709627152398],[-104.86458848484395,21.47875831395319],[-104.86639002116442,21.478999167384536],[-104.87522641972191,21.473223650135406],[-104.87934136864662,21.47385576668554]]]]}},{"type":"Feature","properties":{"clues":"NTIMS001042"},"geometry":{"type":"Polygon","coordinates":[[[-104.65587126539707,21.613901095428652],[-104.64517091137793,21.63710240933307],[-104.64564877792286,21.645089493556245],[-104.61743486724681,21.660279535007557],[-104.60974855624958,21.648021952190934],[-104.61234565153873,21.63411725375853],[-104.60290401988621,21.619159971602176],[-104.58949745515334,21.62061642079155],[-104.56907659041231,21.598827753125942],[-104.55967414241144,21.597168661470572],[-104.57593594604137,21.551564562018022],[-104.57566804787405,21.54212357546043],[-104.61062556868262,21.5406446001267],[-104.61744891849447,21.53742109438456],[-104.64474458270061,21.53923880456125],[-104.65109626835702,21.53744229259152],[-104.659604143463,21.53163180430331],[-104.67755475952343,21.534100702779185],[-104.69707105807124,21.546647989826678],[-104.71826125923354,21.551893847918198],[-104.74411288868215,21.55338340493289],[-104.7463628869453,21.569340722457802],[-104.72000276318931,21.605468875360696],[-104.69876038552562,21.607003398460048],[-104.68279447633063,21.6131545248041],[-104.67857054811958,21.610909239024473],[-104.66762927723325,21.60975171337546],[-104.65587126539707,21.613901095428652]]]}},{"type":"Feature","properties":{"clues":"NTIMB001415"},"geometry":{"type":"Polygon","coordinates":[[[-104.6672749500595,21.685145864036674],[-104.67736944784387,21.682548644173746],[-104.71722918282588,21.69381492830328],[-104.71945049433252,21.695500070689246],[-104.7172661939161,21.71635519003649],[-104.69590266949506,21.7344200282468],[-104.67892663670338,21.78457426727591],[-104.64404297095574,21.821482457747067],[-104.62694041698957,21.804559915566223],[-104.62112626455912,21.78746624857569],[-104.63539173462244,21.751582728844518],[-104.61106972540443,21.729912215023592],[-104.60798761500955,21.72948421611901],[-104.61103009408993,21.700872161230432],[-104.62135337872347,21.699267908592013],[-104.62577429151705,21.695570608256936],[-104.63045601696103,21.685012242042557],[-104.6672749500595,21.685145864036674]]]}},{"type":"Feature","properties":{"clues":"NTIMB002704"},"geometry":{"type":"Polygon","coordinates":[[[-104.45933791879325,21.988013315308056],[-104.47204950548469,22.01791262360322],[-104.46916477125522,22.03199196614138],[-104.48120961229317,22.041845347629344],[-104.48467539986389,22.040911637194437],[-104.50106767793203,22.04332786870907],[-104.50821913863929,22.055726296232482],[-104.50346387711177,22.06640734739571],[-104.48329053213833,22.083610418520507],[-104.49354664378936,22.09653062157841],[-104.49830928492062,22.10916423057552],[-104.50015440074016,22.12653225058778],[-104.44806828997004,22.154382157022326],[-104.44516704697567,22.154252269048893],[-104.4408878860481,22.15144563412631],[-104.42602351183372,22.133774457638232],[-104.38028896289646,22.11786213924666],[-104.38531141602688,22.069828345325533],[-104.39170427923513,22.06793854282385],[-104.42550031904004,22.085218196358145],[-104.44157955321054,22.078766943648],[-104.43331756822273,22.041516807156178],[-104.42583678759394,22.036652332145966],[-104.42583029072867,22.032689859568446],[-104.43396028920955,22.006700523218484],[-104.43832889311348,22.003697253477366],[-104.45142503650746,21.9890354624222],[-104.45933791879325,21.988013315308056]]]}},{"type":"Feature","properties":{"clues":"ZSIMB000265"},"geometry":{"type":"Polygon","coordinates":[[[-103.52721468491063,21.17451922688434],[-103.54006954786033,21.173009627711732],[-103.5382563738592,21.183310331146807],[-103.54060398960806,21.18887927326454],[-103.5546019043088,21.20085211532206],[-103.56743360643713,21.230185050280863],[-103.5654415706075,21.24181823229319],[-103.58310359128346,21.283422090972532],[-103.55201199383815,21.335715861867936],[-103.50017307056312,21.321823544254485],[-103.47649330467539,21.334319955655864],[-103.45464230051428,21.355435648355794],[-103.40086854842696,21.33097798130071],[-103.38483470205088,21.289672796114253],[-103.38915654117685,21.27061708248195],[-103.39173977448074,21.26831342944687],[-103.39072433684319,21.24895764834443],[-103.3917081017049,21.223834783638786],[-103.39754350205332,21.20321984366988],[-103.41704704110512,21.196401424010155],[-103.42150218485716,21.191033672372022],[-103.42185699121437,21.17515218781725],[-103.42531842735441,21.169156178147716],[-103.4223311473651,21.16012258605835],[-103.42326430353666,21.15562368655234],[-103.43646985236211,21.147882967588867],[-103.46210873445601,21.150766966861678],[-103.47059009511727,21.15579345884902],[-103.47093663886454,21.158061489419122],[-103.49309837903837,21.175620647727463],[-103.51447396491278,21.165050603350146],[-103.52721468491063,21.17451922688434]]]}},{"type":"Feature","properties":{"clues":"MNIMS003212"},"geometry":{"type":"Polygon","coordinates":[[[-102.82994061635848,19.103416780662158],[-102.8255899315449,19.13928139855364],[-102.79882164850851,19.164686948287326],[-102.79103735434934,19.16556208983116],[-102.77590531764949,19.121231609445363],[-102.75917224359756,19.10703969892994],[-102.74242312606336,19.115758740550493],[-102.70337557930524,19.075092956016544],[-102.73017086045897,19.061462706071215],[-102.7350689427344,19.02752810174863],[-102.74266931874045,19.022177271271442],[-102.7839011152804,19.02562928679119],[-102.79212337059475,19.039740907777347],[-102.81901910342667,19.04737867115217],[-102.85027499260363,19.028704276729062],[-102.8561800728768,19.033237025079863],[-102.85446265208068,19.065159763239006],[-102.86679637990531,19.07944217953804],[-102.86655634830161,19.087386445649436],[-102.84910522428325,19.101619652555488],[-102.83248072475675,19.10154400884106],[-102.82994061635848,19.103416780662158]]]}},{"type":"Feature","properties":{"clues":"MNIMS003760"},"geometry":{"type":"Polygon","coordinates":[[[-102.14967295640206,20.046754149732784],[-102.14756647582385,20.018275308333422],[-102.14907148004467,20.016433999519162],[-102.19585700572856,20.016396531846762],[-102.20104725566202,20.01956053752489],[-102.21928017594753,20.021277317186037],[-102.22420741793832,20.023822174554756],[-102.23427229648132,20.034709131825746],[-102.2357336866037,20.039071270145723],[-102.22848842052454,20.045934614068425],[-102.22051628858,20.050946628924752],[-102.21407088745899,20.06283595589928],[-102.20514502462173,20.07101064118207],[-102.20095774288863,20.085929144667958],[-102.17686518798511,20.077453122352047],[-102.15482847291656,20.064109501987666],[-102.15216468113363,20.050128018421372],[-102.14967295640206,20.046754149732784]]]}},{"type":"Feature","properties":{"clues":"ZSIMB000381"},"geometry":{"type":"Polygon","coordinates":[[[-102.03556919960674,22.656147114842916],[-102.05957818325962,22.651892125823867],[-102.06605954498811,22.64561240122157],[-102.07913016991307,22.645202503328775],[-102.08578416457858,22.647585470618893],[-102.0905619923148,22.66060845126915],[-102.08641462264481,22.68209597653196],[-102.09726428333565,22.6963495247202],[-102.0984124430939,22.70535584388371],[-102.07804873955423,22.717104834288985],[-102.07008040573338,22.72717923661823],[-102.06449956173527,22.74894952960294],[-102.04390644710122,22.73355398819828],[-102.02716619436936,22.743211657997104],[-102.02620147367237,22.745526867492856],[-102.00369398877498,22.751292262916262],[-102.00048538555144,22.74282394704922],[-101.97216066676117,22.7329876539498],[-101.94406958369589,22.736463106122933],[-101.93947887142036,22.74100905399075],[-101.8930654582819,22.715920304119624],[-101.88975580776517,22.70431447956016],[-101.89430025150178,22.69256653296944],[-101.87790845742884,22.64383092675807],[-101.85516952567359,22.654383186030678],[-101.84077616758219,22.668019928981302],[-101.80949124218819,22.654167641513695],[-101.80963555442156,22.640392707378638],[-101.801251266959,22.61601127663588],[-101.8128417478554,22.591715064317647],[-101.82304582034162,22.58571128527088],[-101.84015797457049,22.59001707655803],[-101.84692171361897,22.596093424526796],[-101.89143977141786,22.592242367235603],[-101.90565861397383,22.61761481534614],[-101.91765680236584,22.60693760254856],[-101.94344647056944,22.595403133061485],[-101.97126193347664,22.607000062927455],[-101.97972846752106,22.612956484560986],[-101.99544565422394,22.616970143833303],[-102.00222588844085,22.65395343178174],[-102.03556919960674,22.656147114842916]]]}},{"type":"Feature","properties":{"clues":"MNIMS001346"},"geometry":{"type":"Polygon","coordinates":[[[-102.07211896294726,19.791757802222687],[-102.04908189971638,19.808561593242622],[-102.04252543783208,19.84807322232179],[-102.02183643633511,19.85470135754415],[-102.01007441567114,19.85513860247087],[-102.01447128808887,19.878315928653755],[-102.0042148507305,19.883534465760075],[-101.99226780327662,19.885227715423355],[-101.9582105992302,19.876073595384483],[-101.96114078220518,19.85969299713891],[-102.0013136624848,19.84101574716625],[-102.0097185518911,19.8117030630375],[-101.99425338104554,19.796412998563373],[-101.9986528593497,19.762676578285262],[-102.06099436455959,19.772393565277657],[-102.07211896294726,19.791757802222687]]]}},{"type":"Feature","properties":{"clues":"MNIMS002874"},"geometry":{"type":"Polygon","coordinates":[[[-101.82112272746836,19.393384789437228],[-101.81004024325898,19.395223489411332],[-101.79690574105328,19.406537707966972],[-101.79863697004826,19.412771887396442],[-101.79312318484199,19.423912682888382],[-101.80675921807564,19.468850976426037],[-101.80667675632344,19.47759579043017],[-101.80397301912691,19.48005713374628],[-101.77882627212071,19.47141992686199],[-101.75676906533157,19.461172290076906],[-101.74358341891997,19.43783554800158],[-101.73560366358892,19.429761593485715],[-101.72741586945325,19.415542044324376],[-101.72782451484184,19.40577794039879],[-101.72051877737083,19.392088763602974],[-101.73166941601575,19.367324090038984],[-101.74388549866954,19.370783786987083],[-101.75162616462893,19.354175542835463],[-101.75710518955385,19.353672374554577],[-101.76897641135385,19.371111887226462],[-101.76700150987672,19.377090013180123],[-101.78365579678041,19.38560670017576],[-101.79893751194436,19.349702136448272],[-101.8008512582945,19.34811570395116],[-101.8368812011678,19.342813530022813],[-101.84014043636161,19.349799203144585],[-101.83754869255287,19.371413287781657],[-101.82303086579881,19.387963528941313],[-101.82112272746836,19.393384789437228]]]}},{"type":"Feature","properties":{"clues":"MNIMS001725"},"geometry":{"type":"Polygon","coordinates":[[[-101.77139613176794,18.89614292798649],[-101.79015812098991,18.899362711505663],[-101.8232416847019,18.894722302228207],[-101.80824562482593,18.918946730791106],[-101.77500232606505,18.928862010762995],[-101.7784379223845,18.942499608826918],[-101.7678597815732,18.953898826380357],[-101.75441632646154,18.9503448434057],[-101.73043738129185,18.980890524606473],[-101.70288683553903,18.979090913626123],[-101.6840544292812,19.005797224063492],[-101.67089575908155,19.002591972742838],[-101.65532037366796,19.003597980345027],[-101.63680983633972,18.957265359971956],[-101.6525379087668,18.950105814636075],[-101.67127922442151,18.957787291212735],[-101.69136583321814,18.958659426479834],[-101.69963856437737,18.947540351110906],[-101.71610716339488,18.94251442486568],[-101.71958500914934,18.937127168868226],[-101.71945090852786,18.927799945730783],[-101.73602361417643,18.91135442799541],[-101.74011925847483,18.91132923163825],[-101.74617198495582,18.918224890265922],[-101.758076399723,18.91563957270116],[-101.7604820753804,18.914088012270998],[-101.76619984922198,18.902516501016105],[-101.77139613176794,18.89614292798649]]]}},{"type":"Feature","properties":{"clues":"MNIMS002512"},"geometry":{"type":"Polygon","coordinates":[[[-101.6715691736335,19.580763102360887],[-101.66132079554353,19.59491295536947],[-101.63969826329311,19.59152584067242],[-101.64339699783977,19.559897755151624],[-101.65863212036966,19.555723101393387],[-101.6715691736335,19.580763102360887]]]}},{"type":"Feature","properties":{"clues":"MNIMS001153"},"geometry":{"type":"Polygon","coordinates":[[[-101.59890251102519,19.833764352055105],[-101.62198686558087,19.818396774058474],[-101.62738402516774,19.818100821980902],[-101.6460478631384,19.866108719898047],[-101.63883588395956,19.869393765305357],[-101.62927503877967,19.880431853543374],[-101.625838684285,19.89886899148452],[-101.61880453295349,19.903489719815646],[-101.6014836644524,19.9105094879325],[-101.59075522912742,19.87350488474306],[-101.58077059937494,19.87252768808593],[-101.57494819623024,19.86965776471167],[-101.5795731713187,19.846581272023418],[-101.58160575455994,19.84518467949811],[-101.59016657016086,19.851243934496743],[-101.59860496570256,19.838942352878302],[-101.59890251102519,19.833764352055105]]]}},{"type":"Feature","properties":{"clues":"MNIMB003211"},"geometry":{"type":"Polygon","coordinates":[[[-101.50644678517467,19.552978236261335],[-101.51619776532065,19.552851669030616],[-101.52251906492323,19.55030127589919],[-101.52454722648511,19.550842502761547],[-101.53576220510688,19.571220922482762],[-101.5544005421333,19.572145090775084],[-101.56493780581327,19.586180405166754],[-101.55219861923726,19.612732080657015],[-101.51853153329876,19.620396629779453],[-101.51227415738495,19.602479390776036],[-101.48169617187524,19.595090508308775],[-101.48136457214828,19.581690957037914],[-101.4955115492715,19.572732129739446],[-101.50644678517467,19.552978236261335]]]}},{"type":"Feature","properties":{"clues":"MNIMS003813"},"geometry":{"type":"Polygon","coordinates":[[[-100.59070684256142,19.876215685018295],[-100.57105576317943,19.85982023124714],[-100.5757773894651,19.854723254148805],[-100.5998732630759,19.847539465952682],[-100.62092459338153,19.84303664195098],[-100.61366366567587,19.872855495548308],[-100.6064474514091,19.88404399878409],[-100.59907213714109,19.877995646719494],[-100.59070684256142,19.876215685018295]]]}},{"type":"Feature","properties":{"clues":"MNIMB001041"},"geometry":{"type":"Polygon","coordinates":[[[-100.51604015636475,19.627697894464603],[-100.52136973752792,19.624100377129288],[-100.53984781928338,19.621014809334632],[-100.55423858387194,19.632739617355845],[-100.54989726792644,19.647745825280015],[-100.54186555560132,19.65045669082567],[-100.52747324027128,19.665055411925017],[-100.52051752587307,19.655583101906927],[-100.51851982903115,19.655772073229773],[-100.51138808409809,19.660127052119275],[-100.51384589949573,19.666963514313064],[-100.5023712368511,19.67168519810089],[-100.5026581568198,19.678666741044353],[-100.4917518645915,19.683717115458585],[-100.48842519469521,19.683437997326497],[-100.48345348732863,19.67833503164791],[-100.47337429876002,19.672365171796148],[-100.47079789208435,19.66759869207867],[-100.46814038903635,19.66670998097664],[-100.45852492142805,19.655612155326093],[-100.46107220352042,19.64984235784022],[-100.46818103495505,19.641003675677133],[-100.48147704814174,19.64763177605014],[-100.49067219878248,19.63828118706232],[-100.4937966066562,19.626393439122698],[-100.51604015636475,19.627697894464603]]]}},{"type":"Feature","properties":{"clues":"MCIMB011192"},"geometry":{"type":"Polygon","coordinates":[[[-100.29260472313248,19.146093478283472],[-100.29954166419157,19.15186322417613],[-100.29848020773218,19.163501628554098],[-100.31376954731812,19.177795101544014],[-100.29790187647045,19.190955812171765],[-100.28921035365629,19.191933495074583],[-100.28423014436858,19.190328618610707],[-100.27533612241255,19.190924523921883],[-100.2674162736306,19.202061720611283],[-100.26449715767923,19.20328719189043],[-100.24768790368677,19.202621766052072],[-100.25076275849506,19.193624752552285],[-100.24980749496143,19.18120463530005],[-100.23868486638644,19.177849632174652],[-100.23582750547386,19.16593918322473],[-100.23796430243107,19.16331866070511],[-100.23618267281522,19.141636429329807],[-100.24353071033553,19.131742418539556],[-100.24911445900224,19.134709542093628],[-100.27696769714386,19.13003170563504],[-100.27919460441056,19.13972481223802],[-100.28587221111337,19.145528853636137],[-100.29260472313248,19.146093478283472]]]}},{"type":"Feature","properties":{"clues":"MNIMB002511"},"geometry":{"type":"Polygon","coordinates":[[[-100.25526236004112,19.74239007347409],[-100.25921047216478,19.74514065088381],[-100.26466614089675,19.758050609957515],[-100.25949352672295,19.767906460378224],[-100.27286343271369,19.773419452202994],[-100.26963828048872,19.789426393173308],[-100.27954810935269,19.799124861769727],[-100.28340812361313,19.811479363078234],[-100.28100689559993,19.82007524011312],[-100.2655364052282,19.82477657959849],[-100.24606657605611,19.815982818652756],[-100.2526866018055,19.789057082960554],[-100.25011758923117,19.78575248552442],[-100.24241192677893,19.786098288939485],[-100.22952429788502,19.7966371813564],[-100.22403667518788,19.79392845938144],[-100.22014775444167,19.795298275336883],[-100.21174312048406,19.792957661002063],[-100.20868117506919,19.7869185310724],[-100.20865343655606,19.781790015475078],[-100.20574517871192,19.77766889336478],[-100.21402679424536,19.76217972958986],[-100.2239409283263,19.751045347996424],[-100.23107489810224,19.7512615288987],[-100.23889653927753,19.763593784225982],[-100.24544940398484,19.764373999191584],[-100.25526236004112,19.74239007347409]]]}},{"type":"Feature","properties":{"clues":"MCIMB008153"},"geometry":{"type":"Polygon","coordinates":[[[-100.16568399067258,19.582446545034745],[-100.165106625632,19.578080261046264],[-100.17433155340248,19.57171650598111],[-100.18624024659829,19.568593861622798],[-100.20997768185435,19.54691423367724],[-100.23180506761378,19.58651974251569],[-100.23419085726117,19.59320688155417],[-100.18461388967356,19.605863792744422],[-100.18080577403964,19.609194652083772],[-100.17594911665188,19.60036609726903],[-100.17248597497529,19.583187933344277],[-100.16568399067258,19.582446545034745]]]}},{"type":"Feature","properties":{"clues":"MCIMB012172"},"geometry":{"type":"Polygon","coordinates":[[[-100.15329574829383,19.58234748391779],[-100.16461207566816,19.58143669531098],[-100.17248597497529,19.583187933344277],[-100.17594911665188,19.60036609726903],[-100.18080577403964,19.609194652083772],[-100.17987632634146,19.610678170647706],[-100.15531766031322,19.603004614618065],[-100.1526914683189,19.60566644942699],[-100.14017778786634,19.611088560604557],[-100.13778251411883,19.608681725702915],[-100.13757081718201,19.588620012043368],[-100.1484751337517,19.58953934160553],[-100.15329574829383,19.58234748391779]]]}},{"type":"Feature","properties":{"clues":"MCIMB004402"},"geometry":{"type":"Polygon","coordinates":[[[-100.1271720278628,19.787341155081464],[-100.11226653106259,19.793507646769307],[-100.11259942958654,19.774406159049658],[-100.12889474598673,19.775594665024684],[-100.1271720278628,19.787341155081464]]]}},{"type":"Feature","properties":{"clues":"MCIMB004390"},"geometry":{"type":"Polygon","coordinates":[[[-100.06974722671245,19.839734560282793],[-100.05754888667292,19.829668536661085],[-100.06213451989828,19.816908598954793],[-100.08210209276926,19.823353928576214],[-100.08580054614039,19.80405735292309],[-100.10617175860075,19.812628900070933],[-100.11506283353535,19.81998592552943],[-100.12088522090482,19.830412085263273],[-100.10955582645022,19.84551571307362],[-100.1074094268536,19.853910496411196],[-100.09961107170832,19.860706013324464],[-100.08709049464899,19.84857384381277],[-100.0791708190186,19.84765137819325],[-100.07634706444566,19.839615591658806],[-100.06974722671245,19.839734560282793]]]}},{"type":"Feature","properties":{"clues":"MCIMB004706"},"geometry":{"type":"Polygon","coordinates":[[[-100.02562837105492,19.62630272607536],[-100.0238337080571,19.63043790963474],[-100.02275679275543,19.646776785094893],[-100.02006546266512,19.649501258852702],[-100.00007161911087,19.65629169091022],[-99.99471906052858,19.638897902746034],[-99.99953851199388,19.63275404112745],[-100.00370986920753,19.617299786967774],[-100.0182897174741,19.61296888046138],[-100.02562837105492,19.62630272607536]]]}},{"type":"Feature","properties":{"clues":"MCIMB004875"},"geometry":{"type":"Polygon","coordinates":[[[-99.97081159615684,19.705425328969234],[-99.9729221022024,19.703626509897756],[-99.99519620821849,19.70570061930912],[-99.99988993123257,19.71157691887236],[-99.99869546922613,19.713620782549203],[-99.99561388187334,19.754917415239564],[-99.98169444539005,19.74954093942022],[-99.97039282983494,19.73569187007358],[-99.97346411352137,19.729063354222767],[-99.97529064432159,19.718496113845596],[-99.97081159615684,19.705425328969234]]]}},{"type":"Feature","properties":{"clues":"MCIMB004880"},"geometry":{"type":"Polygon","coordinates":[[[-99.89990563635634,19.601941265647234],[-99.90579118373572,19.59866898530136],[-99.90875998753242,19.594513857652714],[-99.9199098619311,19.591501886283943],[-99.9216588346824,19.596300836546618],[-99.93659985637953,19.608410541874516],[-99.93967282655,19.622299568472002],[-99.92960088370258,19.623395178332814],[-99.92231126258248,19.620270845749292],[-99.90729757074398,19.631643059777247],[-99.90713914479292,19.635262269615488],[-99.8994922995229,19.64566929035704],[-99.88006909237744,19.636352701267306],[-99.87942268713442,19.634391524276392],[-99.88801840243718,19.627145883633574],[-99.89046436401455,19.610013905044195],[-99.89495731003998,19.609423352166463],[-99.89990563635634,19.601941265647234]]]}},{"type":"Feature","properties":{"clues":"MCIMB000424"},"geometry":{"type":"Polygon","coordinates":[[[-99.88835838300595,19.34393228200098],[-99.89210694420764,19.359892062679673],[-99.88131545132988,19.37323527616133],[-99.86158586752114,19.374414882196692],[-99.87000400550498,19.34363397478072],[-99.87782214305743,19.341734246581332],[-99.87816525049242,19.31678814176631],[-99.88403849778395,19.31552083388112],[-99.89801174249405,19.31708230822959],[-99.89825475642807,19.324825468965074],[-99.88835838300595,19.34393228200098]]]}},{"type":"Feature","properties":{"clues":"MCIMB009471"},"geometry":{"type":"Polygon","coordinates":[[[-99.88728944629526,19.542578972465577],[-99.87456416311485,19.561294167234447],[-99.86033354320102,19.55742203085742],[-99.84766437907528,19.58317664373992],[-99.83975883138493,19.574741934124564],[-99.83404688063446,19.572260788515095],[-99.84243985587653,19.542812256888624],[-99.8462645223638,19.54425825106675],[-99.86867828633288,19.52920669198536],[-99.8845628940909,19.53407245425551],[-99.888213352358,19.53708495140871],[-99.88728944629526,19.542578972465577]]]}},{"type":"Feature","properties":{"clues":"MCIMB002681"},"geometry":{"type":"Polygon","coordinates":[[[-99.87361306893344,19.69153850443281],[-99.8651916139609,19.680532793289814],[-99.86646771749405,19.676242820296782],[-99.87675480885282,19.665094660792807],[-99.88364829033927,19.677072267997612],[-99.87361306893344,19.69153850443281]]]}},{"type":"Feature","properties":{"clues":"MCIMB000535"},"geometry":{"type":"Polygon","coordinates":[[[-99.82118844735595,19.36727946242535],[-99.82690552908034,19.383375345190853],[-99.84631560647911,19.395214455643366],[-99.8450353262391,19.408035913745916],[-99.82564723336148,19.416083937788105],[-99.83620920901349,19.433288831427003],[-99.82967742034539,19.440878539519144],[-99.81645575087906,19.442549977324962],[-99.81473915738769,19.441558643124424],[-99.80531453185807,19.446755898199438],[-99.79023192348843,19.443666721379678],[-99.78370644703142,19.45297032260821],[-99.77713770322302,19.451842399104514],[-99.76745796453339,19.430513796972956],[-99.77239153996025,19.41949757313075],[-99.77174521579927,19.41718157088366],[-99.79221036378814,19.39650974543189],[-99.79156479095587,19.390678205341473],[-99.8099005779984,19.37942643004937],[-99.81812591821483,19.36875476941882],[-99.82118844735595,19.36727946242535]]]}},{"type":"Feature","properties":{"clues":"MCIMB009780"},"geometry":{"type":"Polygon","coordinates":[[[-99.73376805387244,19.50646258238638],[-99.71976871667624,19.511872016812326],[-99.71395625514428,19.518129060433793],[-99.70754357075445,19.520545443956117],[-99.70176487458207,19.516961226761943],[-99.68892498721607,19.499991554925042],[-99.70195276374491,19.480926832150683],[-99.71535719993716,19.486708493166468],[-99.7284128410811,19.476194398575615],[-99.74036888611664,19.477978427877918],[-99.74776993725254,19.4862353126965],[-99.73376805387244,19.50646258238638]]]}},{"type":"Feature","properties":{"clues":"MCIMB007506"},"geometry":{"type":"Polygon","coordinates":[[[-99.64974102241435,18.940264212850874],[-99.67149920802353,18.936278243219274],[-99.67617194794046,18.94371039249232],[-99.67795355152634,18.943831926138447],[-99.6957921222412,18.965550939293145],[-99.68607160671469,18.976055497995294],[-99.68297730200229,18.985218035107945],[-99.6727062632286,18.98200073509941],[-99.66651484035539,18.971692044086],[-99.65813625994252,18.972326210492604],[-99.6495706709246,18.96193913221585],[-99.64989621576952,18.960371692466516],[-99.65570907035855,18.956879174307545],[-99.64974102241435,18.940264212850874]]]}},{"type":"Feature","properties":{"clues":"MCIMB008346"},"geometry":{"type":"Polygon","coordinates":[[[-99.66939639257323,19.235764195285178],[-99.68442537644947,19.239162191026292],[-99.68893349052468,19.249064378551864],[-99.6829909309119,19.2554402644153],[-99.67702771067664,19.254713661923567],[-99.6745501144218,19.256714128288767],[-99.66832771854145,19.255153041117246],[-99.6584551176267,19.255907138547975],[-99.65554009849059,19.259324507731144],[-99.65071832631634,19.2588803002712],[-99.64942389188457,19.256108084579594],[-99.64298711496805,19.256756260128334],[-99.64266729839504,19.253048589184534],[-99.64731067018407,19.2493110867663],[-99.65048824583988,19.249762358455758],[-99.65407690277539,19.243894918572995],[-99.65113855842745,19.237216322669635],[-99.65364786156756,19.234028148406253],[-99.66243476161681,19.236566503000763],[-99.66939639257323,19.235764195285178]]]}},{"type":"Feature","properties":{"clues":"MCIMB008421"},"geometry":{"type":"Polygon","coordinates":[[[-99.65776222278019,19.30165419721516],[-99.65911701990214,19.306145371296072],[-99.66380970769296,19.306895945124793],[-99.66381263382658,19.315567881853536],[-99.67117044721935,19.32004348803205],[-99.6738603329584,19.324880296925706],[-99.67407154330724,19.32841351251601],[-99.6704579411758,19.33013016070429],[-99.6675396752284,19.33692075178969],[-99.6636305528136,19.334536765419912],[-99.65698119854608,19.335722592764117],[-99.65636604746882,19.328900126201145],[-99.6541834350538,19.32728478703264],[-99.64774052432443,19.3282661191558],[-99.64573335041182,19.32257266042894],[-99.6476938586382,19.31818312761267],[-99.63788172020953,19.31354952945349],[-99.63999049149099,19.309430334740025],[-99.63818841488593,19.301405085590204],[-99.63970889012022,19.300141637713175],[-99.64481112595628,19.301486009836648],[-99.64676955232551,19.296321908821085],[-99.65002065537736,19.29529656873945],[-99.65776222278019,19.30165419721516]]]}},{"type":"Feature","properties":{"clues":"MCIMB005761"},"geometry":{"type":"Polygon","coordinates":[[[-99.63589182276338,19.45043375005501],[-99.65016286760384,19.459023404386887],[-99.6392134341491,19.48299828676537],[-99.63751393788534,19.491372898922926],[-99.63398896738964,19.4909835347422],[-99.61634775333799,19.47952358981318],[-99.6136389984198,19.47297160830139],[-99.62099526430158,19.460544487524302],[-99.63095739619176,19.460544311265803],[-99.63589182276338,19.45043375005501]]]}},{"type":"Feature","properties":{"clues":"MCIMB008416"},"geometry":{"type":"Polygon","coordinates":[[[-99.58446501165506,19.288899152309533],[-99.58815792235805,19.290310535780865],[-99.59462010685242,19.28904889032084],[-99.60453604052869,19.291818658977043],[-99.60370563869981,19.29830324386972],[-99.59376748398277,19.30138325544729],[-99.59425482010785,19.30978270506105],[-99.58948604827697,19.31359877166509],[-99.59400656995082,19.316556275275882],[-99.59319189122914,19.324102096101026],[-99.5864299597675,19.323846927670473],[-99.58471078403252,19.32210970560309],[-99.58554957620376,19.315842438381424],[-99.57992549011452,19.311289375336806],[-99.57623667141065,19.31333405678695],[-99.57360267117349,19.312116555053485],[-99.57193241104632,19.304281801937627],[-99.5699753125263,19.30177675969077],[-99.57090346865785,19.29996754810912],[-99.56777791240705,19.289469634712624],[-99.57244903807036,19.286426135608885],[-99.58267135194714,19.2895938461798],[-99.58446501165506,19.288899152309533]]]}},{"type":"Feature","properties":{"clues":"MCIMB005756"},"geometry":{"type":"Polygon","coordinates":[[[-99.58174657727571,19.39954132244189],[-99.58685675689621,19.40611114658164],[-99.59599018984366,19.409416383361243],[-99.59466063321416,19.417665886627002],[-99.59970085769041,19.43225032258115],[-99.59400163247395,19.439045538164525],[-99.58843445336325,19.440146955870592],[-99.58239827848959,19.427167814619906],[-99.57228654101336,19.426044043950316],[-99.5659168163794,19.417030388731064],[-99.5670291429763,19.40885480743909],[-99.57250061945504,19.410687301986975],[-99.58174657727571,19.39954132244189]]]}},{"type":"Feature","properties":{"clues":"MCIMB006024"},"geometry":{"type":"Polygon","coordinates":[[[-99.5818945324588,19.132869044092523],[-99.57889337708443,19.134595116385515],[-99.56991298121233,19.118552250409007],[-99.58056958015129,19.11473702504196],[-99.58445658900368,19.120263638326506],[-99.5950019156522,19.122495108027056],[-99.59905606538602,19.12703749391123],[-99.59405730940017,19.130984609586328],[-99.5818945324588,19.132869044092523]]]}},{"type":"Feature","properties":{"clues":"MCIMB007074"},"geometry":{"type":"MultiPolygon","coordinates":[[[[-99.5633970184385,19.288555843530443],[-99.56777791240705,19.289469634712624],[-99.57360267117349,19.312116555053485],[-99.57623667141065,19.31333405678695],[-99.57992549011452,19.311289375336806],[-99.58554957620376,19.315842438381424],[-99.58471078403252,19.32210970560309],[-99.5770086012857,19.321621691836928],[-99.57085238749163,19.325627982731987],[-99.56322215705252,19.32185666868102],[-99.56358958440255,19.317130054343828],[-99.55512538848004,19.306885625696964],[-99.560673982654,19.30205228952159],[-99.55780817341261,19.290303460022326],[-99.5633970184385,19.288555843530443]]],[[[-99.51201242111075,19.321704138976465],[-99.5196693565209,19.316319362037433],[-99.52937029868153,19.316162146400803],[-99.53854644658956,19.31933043892007],[-99.54469384732353,19.31565330304024],[-99.5461555570597,19.316088044515983],[-99.55329818443161,19.32756164590112],[-99.55388794399846,19.337349758966642],[-99.55629186166975,19.34019454465306],[-99.55543747172841,19.351622612168615],[-99.5346997899297,19.359296349804556],[-99.531127686064,19.357983376682782],[-99.52678818829811,19.348492153634602],[-99.52391405694428,19.346737723722917],[-99.51201242111075,19.321704138976465]]]]}},{"type":"Feature","properties":{"clues":"MCIMB004991"},"geometry":{"type":"Polygon","coordinates":[[[-99.54230624650125,19.274268556511625],[-99.53760842907471,19.270598353681113],[-99.53784735077652,19.26643610416519],[-99.54363614700728,19.26010885968923],[-99.5556673216252,19.259977690485453],[-99.55809356848945,19.264913557553054],[-99.56474969853514,19.265368189446956],[-99.57258006334271,19.258311377625986],[-99.57864903220411,19.262869773017684],[-99.57534128776291,19.273841312076232],[-99.57135561694449,19.275249901336416],[-99.57244903807036,19.286426135608885],[-99.56777791240705,19.289469634712624],[-99.5633970184385,19.288555843530443],[-99.55570254369144,19.28972122423433],[-99.55428693441996,19.271275535074466],[-99.54734515358881,19.27055576166102],[-99.54230624650125,19.274268556511625]]]}},{"type":"Feature","properties":{"clues":"MCIMB004513"},"geometry":{"type":"Polygon","coordinates":[[[-99.50832321539568,19.419785767208683],[-99.51784094265415,19.41356248218487],[-99.52193060720543,19.418924986465726],[-99.53279376907037,19.41906125178589],[-99.53328110531737,19.429137130243564],[-99.52917628971278,19.434160644453],[-99.53078856784697,19.439523969288178],[-99.51673223887903,19.451353847372182],[-99.51147713727765,19.438927410384878],[-99.50180784793274,19.434035802076128],[-99.50151098068923,19.428850651621577],[-99.50770766837869,19.424095052968735],[-99.50832321539568,19.419785767208683]]]}},{"type":"Feature","properties":{"clues":"MCIMB004274"},"geometry":{"type":"Polygon","coordinates":[[[-99.36133253234544,18.945144724916897],[-99.38106872278753,18.908751246678328],[-99.39882214692292,18.910992239688156],[-99.40716688681111,18.94480837048513],[-99.4071590991137,18.956306143897134],[-99.4201734521617,18.958422582241454],[-99.42758406993623,18.97674204013023],[-99.42485360386361,18.980966048058363],[-99.41733130933802,18.984304174832264],[-99.41370402848167,18.98263375361856],[-99.40919493752067,18.98820459700058],[-99.40147391613331,18.98537025954036],[-99.39210733796608,18.99274831565251],[-99.38192769017725,18.988634513732933],[-99.37805674429472,18.99066753353533],[-99.36466516410661,18.974478017991128],[-99.37075738331384,18.954887762804386],[-99.36133253234544,18.945144724916897]]]}},{"type":"Feature","properties":{"clues":"MSIMB001173"},"geometry":{"type":"MultiPolygon","coordinates":[[[[-99.11738843220796,18.974572505152796],[-99.12131239508854,18.97588041238706],[-99.12102115561046,18.981013797882753],[-99.12340181585104,18.98505566218875],[-99.13496983626925,18.990694357628133],[-99.14017343474526,18.99786346441589],[-99.11921925556351,19.037217971731188],[-99.1171307113999,19.00513711965962],[-99.09900101669362,19.004519356350226],[-99.09519791370212,19.00273707658347],[-99.07909667588274,19.008106570067493],[-99.07391377405749,18.994168071061594],[-99.08529445915754,18.97939210839805],[-99.09358211334572,18.983311055240712],[-99.09920102859765,18.98021985421073],[-99.10227042302306,18.965007401386206],[-99.10846256352245,18.966375024132667],[-99.11738843220796,18.974572505152796]]],[[[-99.08245111167548,18.97029442377495],[-99.08749156281343,18.96312200817171],[-99.09624485752548,18.964456650785742],[-99.09050662300862,18.975718229819996],[-99.08529374852752,18.979314308014942],[-99.08245111167548,18.97029442377495]]]]}},{"type":"Feature","properties":{"clues":"MCIMB010026"},"geometry":{"type":"Polygon","coordinates":[[[-98.91362334235394,19.323733594621736],[-98.91580855018552,19.327978989978728],[-98.92202010304887,19.327361433338943],[-98.9226390467913,19.332123393158053],[-98.9186389574094,19.33481600992524],[-98.92359465643212,19.34273603917995],[-98.91935167689691,19.346122044854024],[-98.91737646702055,19.350487024993132],[-98.9061453031035,19.348456146307523],[-98.89612493107995,19.352573097636466],[-98.90725894488739,19.33158365062774],[-98.90571418558206,19.32892363241533],[-98.90975118954083,19.324012964440694],[-98.91362334235394,19.323733594621736]]]}},{"type":"Feature","properties":{"clues":"MCIMB008894"},"geometry":{"type":"Polygon","coordinates":[[[-98.90464775064555,19.214307708235808],[-98.91551053648506,19.217321303937556],[-98.9162293633882,19.22463443855075],[-98.91912105487289,19.225754289288734],[-98.91564353389978,19.233223512258174],[-98.92054648720392,19.242092739233104],[-98.91882232657443,19.243632313731293],[-98.91792436228232,19.24885111115637],[-98.91401012098548,19.251415183624704],[-98.90761872137455,19.243227832592996],[-98.90489090273746,19.246033132082484],[-98.90002806943383,19.246481845361544],[-98.89713532219689,19.24495219275085],[-98.89846538318498,19.24162836293129],[-98.89695947638852,19.2326732000177],[-98.89423033854632,19.2270291062756],[-98.89967779388843,19.219835496197415],[-98.89990756527438,19.21613323537439],[-98.90464775064555,19.214307708235808]]]}},{"type":"Feature","properties":{"clues":"MCIMB001235"},"geometry":{"type":"Polygon","coordinates":[[[-98.81209700111177,19.118925994651846],[-98.81375941547743,19.121736706650307],[-98.81763214829778,19.12353633384063],[-98.8261121838203,19.115705027467705],[-98.83211946008855,19.131227076740743],[-98.82579858051861,19.13534735503389],[-98.8233081764222,19.13879956606866],[-98.82043093570111,19.14766783660367],[-98.81939146233887,19.159101631385134],[-98.81385386680185,19.159476768444133],[-98.80152798029279,19.154625826089386],[-98.79854352063842,19.15466412175558],[-98.79158806694687,19.147508739734263],[-98.78221995441021,19.147663312521345],[-98.78029750862878,19.13997758518843],[-98.78219414981741,19.137268341312197],[-98.77701381300706,19.133583616715637],[-98.77070883193852,19.134487720750528],[-98.76766382009455,19.13077741379011],[-98.77425263216155,19.127929731669685],[-98.77646351845706,19.12174598077191],[-98.77944389088668,19.12043817865522],[-98.78066683571964,19.117062958587958],[-98.78420974830433,19.116527755569965],[-98.79131751438992,19.118400921361467],[-98.79283572635474,19.117319863706285],[-98.79895445119926,19.120321365559672],[-98.80168740288543,19.11857728809145],[-98.80317075665377,19.11165446264718],[-98.80473649343863,19.11174688212256],[-98.81246524295396,19.115806802881053],[-98.81209700111177,19.118925994651846]]]}},{"type":"Feature","properties":{"clues":"MCIMB009920"},"geometry":{"type":"Polygon","coordinates":[[[-98.79158806694687,19.147508739734263],[-98.79854352063842,19.15466412175558],[-98.80152798029279,19.154625826089386],[-98.81385386680185,19.159476768444133],[-98.80182591164838,19.173120884424662],[-98.80478533589293,19.18471719456799],[-98.79841765661831,19.19364331243552],[-98.79423726388275,19.19452982336162],[-98.79713170276115,19.18360324627411],[-98.79494108827346,19.18165629760839],[-98.78529860311926,19.188340762466797],[-98.76013680046584,19.17612670664997],[-98.76532273133985,19.17149562167465],[-98.77437258017919,19.157468329495103],[-98.77529139070519,19.15365855416419],[-98.7797851928175,19.153247477318175],[-98.78221995441021,19.147663312521345],[-98.79158806694687,19.147508739734263]]]}},{"type":"Feature","properties":{"clues":"MCIMB002220"},"geometry":{"type":"Polygon","coordinates":[[[-98.7553613944712,18.98852505326435],[-98.73482269898123,18.984622048673728],[-98.74827207646419,18.97383486512545],[-98.7613672170731,18.970608182797573],[-98.77284994176289,18.975286853275296],[-98.77180899525004,18.984107876606085],[-98.77308746475343,18.989613440337198],[-98.77236110246955,18.99166173044363],[-98.76610539459446,18.996396142542306],[-98.76109376616255,18.99424941368592],[-98.7553613944712,18.98852505326435]]]}},{"type":"Feature","properties":{"clues":"MNIMS001416"},"geometry":{"type":"Polygon","coordinates":[[[-103.394791366569,18.600774230376768],[-103.399636000919,18.61248877337274],[-103.38902240953709,18.629845079315757],[-103.3901030378124,18.63831578083868],[-103.37967821649967,18.654276120122745],[-103.38252369361706,18.658991125881293],[-103.37856531513916,18.671435835724807],[-103.37313077772018,18.676009152394464],[-103.374743252144,18.688346766761843],[-103.38113456809079,18.6929254338008],[-103.38075315032437,18.697550458040585],[-103.38451169008921,18.710488309910815],[-103.36951764151384,18.725482358486182],[-103.36827106057135,18.732493904791937],[-103.3428370782167,18.74041261908191],[-103.34012939891448,18.740013548620425],[-103.31981085680161,18.769942893381938],[-103.31860672872155,18.76994901693107],[-103.3011133116734,18.76397941231915],[-103.30395264121526,18.72734342352489],[-103.28069248940038,18.731082299794117],[-103.26944133183238,18.728320081378115],[-103.26535072189962,18.725129175143422],[-103.26119039574974,18.71831899565139],[-103.26229549087233,18.713167832792138],[-103.27808479261459,18.694239551259045],[-103.2772293778592,18.679193920612004],[-103.2470432320635,18.677442105564065],[-103.24323942042203,18.66539922419694],[-103.23177163712478,18.662709068739513],[-103.222612701697,18.649191972653],[-103.24164909786178,18.635017390973623],[-103.23709118132241,18.62246166435601],[-103.23484159424788,18.621993529160633],[-103.22433495738919,18.608358506876655],[-103.2171465133744,18.608078505811424],[-103.2054749628055,18.6041688473059],[-103.20378941705043,18.573655100248228],[-103.21219466590316,18.572496552104937],[-103.22764872131111,18.579411209584187],[-103.23348261498964,18.57564803319518],[-103.23676064380602,18.56960170263009],[-103.23813887051615,18.558955453041577],[-103.23526576256522,18.553216692672965],[-103.23916130323019,18.548125479822428],[-103.2712337568701,18.55042786981775],[-103.27422677659727,18.541098644150512],[-103.30046699940813,18.529913751695446],[-103.3102496653173,18.54301153658074],[-103.31506265968856,18.562313874663097],[-103.32070370977796,18.57424346928698],[-103.32333541245757,18.592791726675337],[-103.3316022432482,18.608835398836913],[-103.34048237129606,18.61540524750789],[-103.35804053313198,18.610840922424497],[-103.36669518901415,18.60242103839519],[-103.36950860863585,18.594301781253478],[-103.38626450450467,18.588192997493543],[-103.394791366569,18.600774230376768]]]}},{"type":"Feature","properties":{"clues":"MNIMB001345"},"geometry":{"type":"Polygon","coordinates":[[[-102.80556714990597,18.091109843582153],[-102.89702103034713,18.131319671272063],[-102.88716330861814,18.14492498889111],[-102.8929471931689,18.1687162263749],[-102.90272135628169,18.17814155999005],[-102.90650011882636,18.187757379546436],[-102.89225890891578,18.211717559262134],[-102.89732133769269,18.217666108527617],[-102.90052585655664,18.24576371237597],[-102.89508509029831,18.25302180079324],[-102.88588403506441,18.254246707183434],[-102.8787685540124,18.271276233533445],[-102.88136504222409,18.275757235049653],[-102.87701041420614,18.287015744635625],[-102.8692249612972,18.289657296989915],[-102.85374002121418,18.309292317101324],[-102.8739054037552,18.313614688706],[-102.88617123259357,18.327777670584595],[-102.86407666526624,18.348674691913775],[-102.86676367049354,18.376487298538756],[-102.88910099705383,18.385737856174767],[-102.89196538337228,18.422544913479914],[-102.88454359542543,18.427202631824695],[-102.87243858419126,18.44357578659527],[-102.87185553722419,18.450149443188064],[-102.87796016063773,18.47656076845238],[-102.86070912667525,18.49104690925174],[-102.84640391393938,18.488243516251483],[-102.8359977965652,18.492212736363832],[-102.82883384248642,18.490611237534825],[-102.80501433970517,18.467930100041023],[-102.80210397130331,18.45796499817688],[-102.78357282407457,18.458884716040266],[-102.78015190829345,18.45744524839801],[-102.76791091354579,18.446068946933767],[-102.75323518129474,18.440558080143163],[-102.74953442776442,18.436913904897988],[-102.72931755418921,18.433237239279727],[-102.71922165697741,18.42953766825345],[-102.70047923836259,18.438855448824274],[-102.67450092850318,18.385709489428013],[-102.67369599115061,18.381058681769282],[-102.69580982760937,18.3712541156662],[-102.70403978795368,18.36594716978792],[-102.7175098787832,18.371073788086512],[-102.7354922272846,18.36490482661864],[-102.7361597623564,18.310258867764954],[-102.7265892428613,18.304623228434],[-102.7321286578118,18.29588784963405],[-102.73223683787236,18.28452958415306],[-102.76739470359989,18.281756930535877],[-102.77939990832417,18.268361948367158],[-102.75801845989243,18.25983940945228],[-102.74387542456635,18.237164317930784],[-102.74241185427093,18.23359208360371],[-102.7433713946405,18.231257600905533],[-102.73543444356167,18.218120558254668],[-102.71867126600134,18.226496144666285],[-102.71584821955706,18.226683897853313],[-102.71112280342545,18.217791980227208],[-102.71149125287033,18.21387211170612],[-102.72544917655479,18.207439058111852],[-102.72784061647663,18.197231946367495],[-102.71634548259284,18.189434704550763],[-102.70168937842021,18.186782166574012],[-102.70084587961978,18.182759929555406],[-102.7079621914259,18.168552828029775],[-102.7078939543066,18.1575238485388],[-102.700271612989,18.15094017410692],[-102.69906447247209,18.14733273929587],[-102.70365225630495,18.1328047890806],[-102.69993190123061,18.12698372928913],[-102.70412981213731,18.107764787441777],[-102.67209676859063,18.119110179079062],[-102.67261027690098,18.08484096941613],[-102.6421149097222,18.084412539990197],[-102.63198725884388,18.07585825673824],[-102.61654574847748,18.06749494500737],[-102.61620304921601,18.047667591515786],[-102.61808189318825,18.046730479516466],[-102.62131913536709,18.049693080109993],[-102.62741277553145,18.051149310705963],[-102.62936774074535,18.049856787670812],[-102.63061267460901,18.051490049280012],[-102.63328528612166,18.048851702316203],[-102.63503419028983,18.050539216538613],[-102.63638572325638,18.04928476486877],[-102.63939384603538,18.05215774177037],[-102.64211665485634,18.05245777607961],[-102.64415752718908,18.050691993881717],[-102.64537847464123,18.052699296294843],[-102.64964218365235,18.049328562788887],[-102.65022180826777,18.051255037168772],[-102.6531095048884,18.050077057997882],[-102.65908797768323,18.054456777713806],[-102.67350350727173,18.05920331057019],[-102.67629556639523,18.059081957537906],[-102.67957761573118,18.05676198342392],[-102.67997736642559,18.0583914387416],[-102.68313859927598,18.059558920708536],[-102.68498125333842,18.05844533201705],[-102.68758533482794,18.05953607776936],[-102.69141341197134,18.05524733759283],[-102.69434191190285,18.054975351055276],[-102.69601338565269,18.056516065558224],[-102.69597531461156,18.05527874685581],[-102.6992399353479,18.05513597880848],[-102.69922280264467,18.056717844378387],[-102.70147472489506,18.056609340567825],[-102.70260925170743,18.058592859080665],[-102.70465792140962,18.056772376194644],[-102.70677997061836,18.05916773732135],[-102.7082209730373,18.0573820756404],[-102.71001794245787,18.059323829793374],[-102.71555923058573,18.05959984758029],[-102.71603131590103,18.062028801511406],[-102.71894758296017,18.061018006337353],[-102.71892426470208,18.066373696460396],[-102.72516582889307,18.070322697851235],[-102.738458449649,18.07245469577689],[-102.74166786722469,18.067484476547936],[-102.74426433389068,18.06704284841631],[-102.744841235396,18.068431027159527],[-102.74303722996254,18.070342079867444],[-102.74573967178087,18.07013490260502],[-102.74396690159637,18.072576999275245],[-102.74811245971043,18.074939179188345],[-102.75205974152641,18.073764334244675],[-102.75123257994454,18.07187799919958],[-102.75287274036165,18.070911569462407],[-102.75573393977187,18.07290679917673],[-102.75913400026582,18.069875909184233],[-102.75956500045532,18.07356336917],[-102.7620473803782,18.073815339055944],[-102.76140118818824,18.075942918273302],[-102.76338597668298,18.077773250475424],[-102.77263264916151,18.080604333672404],[-102.78829835615183,18.082336119822344],[-102.79105068716298,18.083705317812182],[-102.79326823863937,18.087616282705515],[-102.80556714990597,18.091109843582153]]]}},{"type":"Feature","properties":{"clues":"MNIMS001421"},"geometry":{"type":"Polygon","coordinates":[[[-101.31526459025488,19.823484390312917],[-101.32222606306952,19.81316362050391],[-101.33211076351752,19.805487546151294],[-101.33859333769774,19.803610115135992],[-101.37668855686017,19.806706716580567],[-101.40503447220411,19.822392214880068],[-101.41765778177921,19.823266415457343],[-101.42921666182092,19.8362384213661],[-101.42755284046248,19.862916914179653],[-101.41088559737057,19.87736034547463],[-101.40563122415577,19.89501561977765],[-101.36116330003897,19.878346371701923],[-101.3538121372169,19.859340224974485],[-101.35505889182544,19.85521593699822],[-101.3163608686523,19.843550714786392],[-101.31526459025488,19.823484390312917]]]}},{"type":"Feature","properties":{"clues":"MNIMS002990"},"geometry":{"type":"Polygon","coordinates":[[[-101.37207546892628,19.258785155534042],[-101.40217777696459,19.26520154430886],[-101.41133684393384,19.28134212716287],[-101.41514521942935,19.294728295362905],[-101.42125993600459,19.29869778517051],[-101.42640093024556,19.306749831670754],[-101.43160280878136,19.310927210685048],[-101.41750529696486,19.322183504960982],[-101.41191882069083,19.319831597675734],[-101.40466700473125,19.322117924607927],[-101.39817520471614,19.32194018730823],[-101.39493171352694,19.31829340010624],[-101.38803299287605,19.31503437875741],[-101.38518710973385,19.315402041370643],[-101.37834689104311,19.343280237593135],[-101.36642169094641,19.3453885887259],[-101.34102097956651,19.330769502868353],[-101.34024124399892,19.321050708199127],[-101.329683539221,19.30544128952783],[-101.34461370155405,19.275684482231256],[-101.36287788433876,19.27621413744562],[-101.36881406404007,19.272195304658318],[-101.37207546892628,19.258785155534042]]]}},{"type":"Feature","properties":{"clues":"MNIMB002400"},"geometry":{"type":"Polygon","coordinates":[[[-101.13445647638201,19.778003234157104],[-101.14363900248377,19.78212608649507],[-101.14911515538526,19.781960200203486],[-101.15675558879448,19.797909340213174],[-101.15424798978506,19.80273868033354],[-101.14842411322968,19.802209536634663],[-101.13949482282764,19.804026684528814],[-101.12785774554224,19.79778876955132],[-101.12221155940783,19.79306960201774],[-101.12305078114407,19.790333227182536],[-101.13319300769439,19.78315347353176],[-101.13445647638201,19.778003234157104]]]}},{"type":"Feature","properties":{"clues":"MNIMS001894"},"geometry":{"type":"Polygon","coordinates":[[[-100.90184672667749,19.7813804571904],[-100.89187018530701,19.77949210934179],[-100.88908442851731,19.776170449801285],[-100.87778549416424,19.750442058044587],[-100.88311145863119,19.73958746814972],[-100.89558507810406,19.733355848463916],[-100.91753689339976,19.745329770409615],[-100.93129453306237,19.762632897809176],[-100.95756576856107,19.776686660593334],[-100.95526036041325,19.787809371785013],[-100.95739618646171,19.792878699657297],[-100.95594904731635,19.80676290141284],[-100.95387795739587,19.812096203082135],[-100.94338848854441,19.820847331276525],[-100.93707110930002,19.8331128939074],[-100.92958127985324,19.835895514799663],[-100.91191531494441,19.81023128922915],[-100.90184672667749,19.7813804571904]]]}},{"type":"Feature","properties":{"clues":"MNIMB003450"},"geometry":{"type":"Polygon","coordinates":[[[-100.96339951031923,19.888805834188723],[-100.95175365498244,19.906563520585543],[-100.92803642178762,19.91032464779405],[-100.92806203682083,19.89247533585887],[-100.94325490163801,19.874744121145138],[-100.96066332051595,19.880527892710347],[-100.96339951031923,19.888805834188723]]]}},{"type":"Feature","properties":{"clues":"MNIMB002733"},"geometry":{"type":"Polygon","coordinates":[[[-100.93774122112985,19.534642224732924],[-100.93923603798329,19.546156692629072],[-100.94808006452381,19.54760629986369],[-100.95004345982899,19.56672502784938],[-100.9576689971939,19.575617874578914],[-100.95679740716956,19.578817613927846],[-100.94270330805709,19.583918613644272],[-100.93594592473345,19.59641761434168],[-100.930992618962,19.620388716835624],[-100.91467169705919,19.614791181898397],[-100.9080795619939,19.622748741245733],[-100.90768216002975,19.631833767548862],[-100.9096733796718,19.633768026324653],[-100.91080160498635,19.646571049385425],[-100.89286555133167,19.64694573864293],[-100.88918024747207,19.65344944612735],[-100.87506018576319,19.650669898044985],[-100.87848248199991,19.635470790123257],[-100.87456854290123,19.62900969176229],[-100.86173262953295,19.631432112470115],[-100.8560935817342,19.626265159818765],[-100.85757768471167,19.621330060525704],[-100.8628945769982,19.615573412136897],[-100.86228717709578,19.605251786316988],[-100.85025392263927,19.60546927719369],[-100.84236881895697,19.608606083608514],[-100.83324051496962,19.603072549312937],[-100.83662513736911,19.58363513799495],[-100.83153500364016,19.578170511750802],[-100.8226499014916,19.55683566142973],[-100.8280359763825,19.547444156528968],[-100.83038925631357,19.535329311940224],[-100.85743079957302,19.536818281456483],[-100.86280397893458,19.545795205882765],[-100.88572877999775,19.538689435864733],[-100.89211107033323,19.55289894548132],[-100.90446325139611,19.54951050208218],[-100.90585587682114,19.537310000922066],[-100.91272446282396,19.53401230994449],[-100.91213304073659,19.5240264280027],[-100.92395795506226,19.52606490710747],[-100.92787679071337,19.5220995298762],[-100.93142317208238,19.523075240046584],[-100.93774122112985,19.534642224732924]]]}},{"type":"Feature","properties":{"clues":"SPIMB002393"},"geometry":{"type":"Polygon","coordinates":[[[-101.35144705366534,22.96862441784067],[-101.37135378362291,22.974085150066507],[-101.44221684297058,22.908969149454474],[-101.48113829509055,22.927914055106587],[-101.49835703289129,22.94402202939244],[-101.44050373682997,23.08466180584527],[-101.45692261298798,23.112017824358777],[-101.4731424171533,23.18863757133158],[-101.40700404141066,23.215539314692048],[-101.37025835202708,23.236306924862227],[-101.34882958343626,23.256392916658218],[-101.31779137332813,23.244449035401765],[-101.27859920210018,23.25084826010242],[-101.25442126583474,23.266367199971615],[-101.23045656672477,23.261649542877823],[-101.22632218174566,23.25605100620018],[-101.20969238246327,23.255982454463457],[-101.20304390624106,23.263042053986847],[-101.19305533458957,23.26437907714275],[-101.1741459310104,23.25673619258674],[-101.1735640367772,23.274991058550103],[-101.1698466864102,23.2803217229156],[-101.17398687541423,23.305247307726816],[-101.11849889605114,23.315195753267513],[-101.11386481558328,23.314505687277304],[-101.06959256871079,23.34312304569163],[-101.05552042556496,23.32157833532181],[-101.02698896572241,23.30463508069126],[-101.00160855879643,23.297099507149035],[-100.95562437423625,23.299837554312127],[-100.95288209393611,23.27737446890748],[-100.97913606036593,23.253585992132844],[-100.96894517626824,23.24098924667672],[-100.95868128457381,23.207028409092807],[-100.95166767120142,23.20337041145904],[-100.9168092539495,23.20880275588842],[-100.88983273991856,23.155338563466263],[-100.9456952707385,23.110857317324935],[-100.9542523310744,23.11821025727258],[-101.02698385255398,23.13992040638098],[-101.0355643202774,23.12561640837299],[-101.04659401774825,23.12575328692261],[-101.06814057938489,23.117464486333162],[-101.07095873696719,23.110502230930287],[-101.063662264201,23.076660314070438],[-101.05375221407085,23.070950204069543],[-101.0567771556513,23.03858091833343],[-101.07936388451792,23.03059287065799],[-101.09112281330032,23.041445887898757],[-101.11703574054576,23.036790277315767],[-101.1229668756394,23.02503479881395],[-101.13385851888623,23.026110525611283],[-101.14872732540802,23.045649520411274],[-101.15995640081464,23.052490835875332],[-101.1808897766778,23.034882961507705],[-101.18164765296196,23.030250947836706],[-101.2058151362527,23.0038396583023],[-101.23598812958272,23.00107632282692],[-101.25158890949643,23.004611897256265],[-101.25638071001535,23.003697229656],[-101.27265108527372,23.016449491811123],[-101.28054725174302,23.04259359320645],[-101.30133585712346,23.053051108274353],[-101.33697932270655,23.051899168985933],[-101.32948251298801,23.03792705460595],[-101.32307222717378,22.997157706808807],[-101.34105098409054,22.973428856479657],[-101.35144705366534,22.96862441784067]],[[-101.22625640060978,23.096596812411324],[-101.21553810522552,23.13150795040548],[-101.21668785564526,23.135001829250193],[-101.2126840026903,23.14148979118264],[-101.21420860722833,23.15087012683398],[-101.22012755314582,23.168681088308556],[-101.25031232161123,23.171667523222535],[-101.26520064431183,23.159105474901484],[-101.2572021651555,23.139431090238304],[-101.25850371370568,23.129831101749648],[-101.27549675294617,23.106076610832247],[-101.25599300966502,23.079894704016322],[-101.22625640060978,23.096596812411324]]]}},{"type":"Feature","properties":{"clues":"SPIMB000136"},"geometry":{"type":"Polygon","coordinates":[[[-101.03001764052604,23.610659270954073],[-101.04040803540613,23.596033717708504],[-101.05378732127993,23.591302236246587],[-101.09767749705573,23.64008964597303],[-101.11024230963487,23.65059587702901],[-101.11188978900644,23.649910138433455],[-101.16343059308043,23.694637579422274],[-101.16854862299944,23.72767026797601],[-101.10009691376744,23.761742287949513],[-101.08657962409863,23.785834111015564],[-101.04752261756957,23.769260673973378],[-101.03854297368463,23.756267985251387],[-100.99253403054296,23.736877067688134],[-100.97782939617528,23.717330672998113],[-100.96902738023884,23.72226296985989],[-100.93271166318839,23.71518628751057],[-100.91822956886136,23.673155826393177],[-100.90951619524596,23.664615058925246],[-100.9173935341996,23.64136135552568],[-100.93013407054465,23.629627003010114],[-100.94397745361479,23.637229111260442],[-100.96736998602456,23.627347875362876],[-100.95534734628896,23.58183813812734],[-100.96247385981962,23.57908359068977],[-101.01476031070317,23.60900085051721],[-101.03001764052604,23.610659270954073]]]}},{"type":"Feature","properties":{"clues":"SPIMS000690"},"geometry":{"type":"Polygon","coordinates":[[[-100.73744787373002,23.870840471645856],[-100.75186060777656,23.845720836907105],[-100.77296130939094,23.848347756014547],[-100.78891512494313,23.841118752845688],[-100.80216181942527,23.86144575603252],[-100.83493044546756,23.867955395168583],[-100.84818329659727,23.88276170914892],[-100.83425100745045,23.99114976218057],[-100.8066206157634,24.013453313477854],[-100.80273911698123,24.0097428888348],[-100.76047345926897,23.94307763542706],[-100.74468343916863,23.93382086757687],[-100.72527301300505,23.910496515331474],[-100.72442145245199,23.883665944070586],[-100.73744787373002,23.870840471645856]]]}},{"type":"Feature","properties":{"clues":"TSIMB001255"},"geometry":{"type":"Polygon","coordinates":[[[-99.59195290426273,23.238930621350065],[-99.60041474504511,23.251449106604703],[-99.70897463236395,23.273889370344598],[-99.69726789993618,23.31374766377578],[-99.67260989976658,23.362575580345577],[-99.68131727364404,23.382130455540807],[-99.68065306301041,23.40062750843628],[-99.57381952072787,23.410957514182826],[-99.55680135841632,23.3985174080979],[-99.50127818361062,23.369231958641052],[-99.49532809350313,23.363603632070305],[-99.49080127274736,23.31449457070743],[-99.47881514611367,23.302656756183485],[-99.4963148251906,23.27385808344158],[-99.49870442673827,23.250122261160644],[-99.55043790733635,23.234805438449477],[-99.5731457588865,23.238964856727172],[-99.59195290426273,23.238930621350065]]]}},{"type":"Feature","properties":{"clues":"TSIMB000473"},"geometry":{"type":"Polygon","coordinates":[[[-99.40488546066132,23.37883153858465],[-99.4077057176029,23.386631180927452],[-99.41384670551736,23.38502462340594],[-99.41618498513544,23.389119143343247],[-99.42131965273245,23.40647352374858],[-99.41961293012562,23.40928012896161],[-99.41838457670349,23.421848244087148],[-99.42408462339398,23.4294274928369],[-99.4066320794331,23.443939509486942],[-99.3823036039403,23.43853583282792],[-99.38423575261467,23.43092847037017],[-99.39185484675686,23.42330998395264],[-99.38820469571627,23.416840717807922],[-99.38919818601666,23.408042586984955],[-99.38745823589049,23.406712196008428],[-99.38220827491234,23.408506168536185],[-99.37445319775806,23.405894937029014],[-99.3507742662061,23.41307798530596],[-99.3440237850698,23.413868049519323],[-99.3260145182963,23.362049288350672],[-99.33860913041399,23.347748017361326],[-99.34614544043411,23.335406253931104],[-99.40488546066132,23.37883153858465]]]}},{"type":"Feature","properties":{"clues":"TSIMS001261"},"geometry":{"type":"Polygon","coordinates":[[[-99.2730631418327,24.325590364622826],[-99.29030061520376,24.320804232924072],[-99.29688982142073,24.320404406274598],[-99.31702253722663,24.325941351431165],[-99.30736064881997,24.36177258013272],[-99.31492881228175,24.38684607540912],[-99.31245350278652,24.391552485101034],[-99.29283682258077,24.410846392389903],[-99.29077399598218,24.41492366190006],[-99.28378802364853,24.416834487414235],[-99.25511986307083,24.43649993368346],[-99.24732654167791,24.43079330627111],[-99.20339783436548,24.454147009625125],[-99.19688842883345,24.455689569920768],[-99.19170962842854,24.45520685209205],[-99.17402519273169,24.47114055180616],[-99.14434191100523,24.457130780017973],[-99.13725974370222,24.444934698634174],[-99.12913557318402,24.440665013131373],[-99.13247614997783,24.41876797922295],[-99.14219359297815,24.412928926580637],[-99.13087282262504,24.39512833222245],[-99.16957565294469,24.374853273465455],[-99.17724720701278,24.35879275686207],[-99.19040515040244,24.35202051550581],[-99.19934603503299,24.29328152280951],[-99.20074424504026,24.292489745842104],[-99.2730631418327,24.325590364622826]]]}},{"type":"Feature","properties":{"clues":"TSIMB000444"},"geometry":{"type":"Polygon","coordinates":[[[-99.24687339712936,24.085055878636624],[-99.24639054348582,24.094530530563567],[-99.2743454451268,24.13028368197123],[-99.31779373456348,24.09896230378179],[-99.32865890684918,24.108436549160302],[-99.2957413592097,24.155547195268554],[-99.29688111518936,24.166351409450993],[-99.26892759005726,24.19339453024253],[-99.2604033309046,24.193081052707512],[-99.25671057197566,24.190355050283348],[-99.230092984864,24.195924508681852],[-99.20254327119926,24.19420794546458],[-99.18827833240204,24.209007159787316],[-99.1592125327429,24.217885170463006],[-99.13626410320818,24.190862035974366],[-99.15577249203311,24.15110667008754],[-99.15243843584781,24.133746084643693],[-99.1554031105833,24.12912698603627],[-99.15301226507664,24.10961305648449],[-99.15540534258386,24.09023007819904],[-99.17521815659809,24.060776478474924],[-99.18469458104194,24.07064085814942],[-99.21081326496817,24.088213314698443],[-99.24687339712936,24.085055878636624]]]}},{"type":"Feature","properties":{"clues":"TSIMB000555"},"geometry":{"type":"Polygon","coordinates":[[[-99.04615102924986,23.358926683008985],[-99.06265091832113,23.379735703066224],[-99.08914625365951,23.382544725107795],[-99.11759577755836,23.362113908490873],[-99.13326733205308,23.356164665162275],[-99.14399766966854,23.368575855471143],[-99.20991683655426,23.410443537957796],[-99.19507950056204,23.47101077897373],[-99.16589073713087,23.487221527459113],[-99.14348734604103,23.549430853050637],[-99.1407853680628,23.553222646948168],[-99.11790648660624,23.56305299886585],[-99.09041412380387,23.565620547862682],[-99.08878697334261,23.569223864354505],[-99.03533544018842,23.626860756112883],[-99.0314083122051,23.62523285620933],[-99.01780938598102,23.626999227344292],[-99.00302592767632,23.623260694285],[-98.99667978469836,23.585785590118377],[-98.99747918247593,23.582146134869358],[-98.9880249284479,23.57865979085481],[-98.9527357879444,23.541678016827003],[-98.95420024127323,23.53352534379141],[-98.94954088427028,23.527223176953132],[-98.94563543864884,23.498108926689397],[-98.89260357460628,23.49689576463792],[-98.88681956276722,23.431662963455956],[-98.89167152657362,23.424195630937604],[-98.90808381606884,23.414572267603724],[-98.918587789908,23.385657355487822],[-98.96058996539472,23.36689855405525],[-99.00440604140692,23.38853448049103],[-99.00812228827712,23.388128629948692],[-99.04615102924986,23.358926683008985]]]}},{"type":"Feature","properties":{"clues":"TSIMB001972"},"geometry":{"type":"Polygon","coordinates":[[[-99.18006091239248,23.741688915500923],[-99.18893831135198,23.743734822528232],[-99.21307327925484,23.737310709880436],[-99.23355215294262,23.736625489939783],[-99.23867727522833,23.738212597541704],[-99.23120662185164,23.773080862645372],[-99.20018633383161,23.77034299459682],[-99.19327632293714,23.766443530139536],[-99.18614259579773,23.76490825549691],[-99.17916239571989,23.767161236378247],[-99.17579683580055,23.766526714814013],[-99.17255405399818,23.75914235890993],[-99.16490521259969,23.758716939161705],[-99.16387805143634,23.752084259083585],[-99.1577052692251,23.74518596138633],[-99.15983560958946,23.740611131287015],[-99.17610167463769,23.742809099156524],[-99.18006091239248,23.741688915500923]]]}},{"type":"Feature","properties":{"clues":"TSIMS001256"},"geometry":{"type":"Polygon","coordinates":[[[-98.93325005414194,24.2343061121029],[-98.94155332980044,24.255694635302714],[-98.88983459088224,24.292736052829664],[-98.8850068961145,24.30167579711133],[-98.89442003097506,24.33017385834109],[-98.92276592179098,24.35779082409039],[-98.92944937626433,24.383035904822275],[-98.93191843834678,24.385379575354133],[-98.98365997258784,24.378926810575113],[-98.99138074968997,24.381357087765767],[-98.99739988321174,24.407181664200337],[-98.97751079549218,24.439359261338073],[-98.95691035139286,24.45447100375755],[-98.9554172581897,24.46933159843208],[-98.95205013605695,24.477447147337134],[-98.94968914043054,24.489880368305524],[-98.91687852856538,24.50322256741785],[-98.85918237999464,24.54941936002201],[-98.84014510771962,24.53935414846924],[-98.83026203417624,24.52463753416049],[-98.82901024670404,24.511877367285575],[-98.77428407285494,24.426831523759414],[-98.77962071051775,24.4170874378984],[-98.72086998528933,24.33714598290577],[-98.72571143676365,24.28859503220857],[-98.68691086700126,24.237543930111066],[-98.65775654405984,24.215895740203987],[-98.6826580570581,24.14009207730943],[-98.7804764266992,24.17728618649578],[-98.7812430880704,24.209546301221195],[-98.80311810676902,24.196012045628066],[-98.81282515678342,24.21310954228934],[-98.82262269351799,24.21357223054921],[-98.83211856435886,24.22573228571004],[-98.8475323692736,24.23718732989699],[-98.88163796477154,24.21070656197674],[-98.89782085910898,24.192917288802036],[-98.93325005414194,24.2343061121029]]]}},{"type":"Feature","properties":{"clues":"OCIMB009585"},"geometry":{"type":"Polygon","coordinates":[[[-97.90793407451075,17.173717326863564],[-97.87952333198604,17.173048289963486],[-97.87019097907674,17.1661526637888],[-97.86937260279494,17.14599412473808],[-97.87298826515786,17.137656224722168],[-97.8960775979261,17.1281074638184],[-97.90880017732324,17.11984428317929],[-97.93568174647416,17.144887036373873],[-97.93354709709878,17.156850727178973],[-97.90793407451075,17.173717326863564]]]}},{"type":"Feature","properties":{"clues":"OCIMS004715"},"geometry":{"type":"Polygon","coordinates":[[[-97.71088903258708,16.274230470853936],[-97.72791703520092,16.26701346398535],[-97.75163589215916,16.268365390879524],[-97.76534233685138,16.275680252906223],[-97.76949944331616,16.28394762401453],[-97.77276274265557,16.286873946407585],[-97.80024237795,16.29692063744863],[-97.82212200704228,16.31293224687222],[-97.81436490056012,16.332312388951244],[-97.8062322394304,16.344910675396346],[-97.8031476438529,16.345375845932402],[-97.78924354561433,16.3406207905617],[-97.78002426755235,16.344213116831455],[-97.7774421482262,16.347701265463865],[-97.76370803573153,16.38316817155074],[-97.73964569373939,16.373094105696183],[-97.7241073596625,16.369145692643137],[-97.73361735510791,16.341626030076824],[-97.7289974876783,16.327633911400063],[-97.70924198697963,16.312310006174446],[-97.69591087440747,16.35493259862955],[-97.67796900044449,16.349256209299636],[-97.69112304559853,16.303067076398833],[-97.70113209160994,16.298633691118127],[-97.71088903258708,16.274230470853936]]]}},{"type":"Feature","properties":{"clues":"OCIMB003985"},"geometry":{"type":"Polygon","coordinates":[[[-97.7588699089889,16.63408129986375],[-97.7534470637481,16.62253195486719],[-97.80098709282031,16.63406236648322],[-97.796935782654,16.648755898496155],[-97.79837914695695,16.65560582866085],[-97.80239658045515,16.66046433628614],[-97.81221467504366,16.681024330382186],[-97.82038349198984,16.687248291179678],[-97.81403547549488,16.70663377886374],[-97.78177378278247,16.719799317559357],[-97.77384273742909,16.714189888156007],[-97.75957072100017,16.69570560888431],[-97.75334649416982,16.692123632441827],[-97.76228498816069,16.67402392652081],[-97.7588699089889,16.63408129986375]]]}},{"type":"Feature","properties":{"clues":"OCIMS004341"},"geometry":{"type":"Polygon","coordinates":[[[-97.67850332296854,16.529260393235624],[-97.71375544243088,16.53032659344121],[-97.72886086532321,16.542519016131916],[-97.71715663303995,16.567925789441357],[-97.74174151545071,16.617261666443678],[-97.75183333549583,16.620207414997484],[-97.7588699089889,16.63408129986375],[-97.76228498816069,16.67402392652081],[-97.75334649416982,16.692123632441827],[-97.74335602387441,16.690430845120183],[-97.69890136206554,16.728938956025903],[-97.67372453525432,16.673166548983694],[-97.68456626028926,16.65175205329361],[-97.67340548876226,16.633502270327238],[-97.65045342858376,16.62192310059318],[-97.64802065267627,16.604927193037323],[-97.6395814435914,16.593059871385357],[-97.62000945738741,16.58587954897766],[-97.59232157102272,16.582097712152596],[-97.57899954989183,16.551670609490888],[-97.58806043770944,16.53444999110415],[-97.60581982102865,16.52718101423942],[-97.62834025349497,16.523981178266414],[-97.64227081492264,16.51646054823297],[-97.64996920794864,16.510468976729065],[-97.67016761284546,16.526621066035645],[-97.67850332296854,16.529260393235624]]]}},{"type":"Feature","properties":{"clues":"OCIMS004633"},"geometry":{"type":"Polygon","coordinates":[[[-97.67492265405154,17.26630233442277],[-97.68343280171716,17.265296449037184],[-97.68438838475137,17.271981525515326],[-97.69013851051281,17.273416861727362],[-97.69160744587093,17.268474702858065],[-97.70715867752719,17.2664167636075],[-97.70824085206256,17.26067229497882],[-97.71240047569209,17.25374744799663],[-97.73148548196184,17.25936714467338],[-97.74891024158832,17.279140907080098],[-97.75216453785463,17.286890499991575],[-97.7515071618485,17.292430572324253],[-97.70889455847376,17.280800215491073],[-97.69212038124152,17.297933799604863],[-97.71577181896981,17.319443884668008],[-97.69809406054522,17.33018720053281],[-97.69719393981192,17.351200253050024],[-97.69202750847408,17.351516863683795],[-97.68237758551325,17.357207367333483],[-97.67865016251709,17.363802209930075],[-97.67884855333921,17.368578305315047],[-97.65883041210604,17.373276974657657],[-97.65598257017557,17.36829167850521],[-97.64591726326482,17.36202593829294],[-97.63303279316551,17.367150012355683],[-97.62728760084305,17.34693857704108],[-97.63939180568528,17.33965737041121],[-97.6385997489767,17.33368325065336],[-97.65383415813885,17.319490132180302],[-97.64742954845272,17.311932026752523],[-97.63188365785841,17.310818390580355],[-97.63661162498315,17.291655912317864],[-97.6454837290815,17.287276930280886],[-97.65017842729235,17.2785670341972],[-97.65870048521771,17.27396296696476],[-97.65893806246154,17.270475369358607],[-97.66349185540429,17.267897373148347],[-97.66709948734773,17.262724379979574],[-97.66572234175581,17.257175443088574],[-97.66964136318197,17.253531686644653],[-97.67254552542578,17.255361019877547],[-97.67492265405154,17.26630233442277]]]}},{"type":"Feature","properties":{"clues":"OCIMB009124"},"geometry":{"type":"Polygon","coordinates":[[[-97.69787533311037,17.00196767119657],[-97.69023383205023,16.996029685024112],[-97.69746307305049,16.97391027912654],[-97.70068981841035,16.970750354885194],[-97.71044099762611,16.971380750372614],[-97.71937702241438,16.975957921403438],[-97.72791941057048,16.99476212299849],[-97.7191829617069,17.008560336225276],[-97.71004230388311,17.00104841415306],[-97.69787533311037,17.00196767119657]]]}},{"type":"Feature","properties":{"clues":"OCIMS004411"},"geometry":{"type":"Polygon","coordinates":[[[-97.62481923649783,16.289806057886008],[-97.62262176744431,16.291925439345977],[-97.59038261191645,16.291557158421224],[-97.56995516589949,16.27472822722109],[-97.54900711084963,16.251921879855878],[-97.58028774002376,16.202266852422678],[-97.64737188984391,16.23719100706047],[-97.64772912683091,16.239807302197104],[-97.62481923649783,16.289806057886008]]]}},{"type":"Feature","properties":{"clues":"OCIMS001541"},"geometry":{"type":"Polygon","coordinates":[[[-97.55506611940251,17.27087751298023],[-97.57799549759564,17.268735248711018],[-97.58100897961009,17.261485941556206],[-97.58967071023291,17.25720762864201],[-97.60515856894541,17.258499558023754],[-97.61179000813738,17.26743643064015],[-97.60865567265287,17.274664466201074],[-97.6153590987654,17.289194564422274],[-97.61472138099248,17.29510119371261],[-97.6222144827265,17.31521495658688],[-97.62145266308622,17.31665362121219],[-97.61396548861346,17.32219742114983],[-97.59720203375109,17.318706223046036],[-97.59113036743416,17.320407771363154],[-97.57915983684342,17.310810967875643],[-97.5677546404396,17.312559398304206],[-97.54833252731186,17.288222229887307],[-97.55506611940251,17.27087751298023]]]}},{"type":"Feature","properties":{"clues":"OCIMB004084"},"geometry":{"type":"Polygon","coordinates":[[[-97.55859347086809,16.562354975701478],[-97.55249749391746,16.571786190234928],[-97.52097091013384,16.58022413863512],[-97.51271038744204,16.57400924842067],[-97.5198126288205,16.552288901025122],[-97.53158588656089,16.54680643430859],[-97.54296510441209,16.52287527823894],[-97.5781283226185,16.5300706432004],[-97.58806043770944,16.53444999110415],[-97.57899954989183,16.551670609490888],[-97.55859347086809,16.562354975701478]]]}},{"type":"Feature","properties":{"clues":"OCIMS004196"},"geometry":{"type":"Polygon","coordinates":[[[-97.49096995653053,16.582172210249812],[-97.49380178230132,16.606494695612948],[-97.49704274334023,16.61364241067598],[-97.50591964469292,16.619856295172333],[-97.5051189786656,16.632104524955114],[-97.51621112973889,16.640431896264193],[-97.51677746503425,16.647363873438913],[-97.50822458635669,16.659284985795733],[-97.5125634838762,16.675792616371428],[-97.52550713119919,16.651245058045518],[-97.5409854957916,16.65937511818725],[-97.54156594007911,16.672259127555805],[-97.52000178231705,16.6838097067635],[-97.51298471024595,16.680295890979536],[-97.49501939336066,16.68325494738635],[-97.49112362641658,16.68244733786721],[-97.46910459934324,16.690370047245896],[-97.46292597922957,16.688816709945968],[-97.45510042135501,16.68260301297158],[-97.41504007090562,16.667957672230084],[-97.4052664751523,16.666609288313243],[-97.40090067730677,16.65859206211906],[-97.39812261912137,16.637774889484586],[-97.4183113610916,16.622229360889246],[-97.42230306800202,16.615558392327593],[-97.45168554798389,16.599438018097242],[-97.45766068503919,16.591779820192677],[-97.47259970616946,16.59017173113854],[-97.48142253543094,16.584819619483007],[-97.49096995653053,16.582172210249812]]]}},{"type":"Feature","properties":{"clues":"OCIMB008960"},"geometry":{"type":"Polygon","coordinates":[[[-97.5199915381598,16.52174832417165],[-97.51041590969764,16.536964339525056],[-97.50480477822211,16.530616022282068],[-97.49574339896053,16.514955652760143],[-97.49743177709246,16.51162182647614],[-97.49935364331209,16.492261546110807],[-97.50704893287687,16.48421935725467],[-97.53197291828486,16.49228677677717],[-97.53565878864033,16.514119656686407],[-97.5199915381598,16.52174832417165]]]}},{"type":"Feature","properties":{"clues":"OCIMS003192"},"geometry":{"type":"Polygon","coordinates":[[[-97.34337227463149,17.33755536767993],[-97.3628208681318,17.312898346493228],[-97.4015413592866,17.300556263274483],[-97.42668349326482,17.303477389499967],[-97.43109811874704,17.320137554007516],[-97.4373649619105,17.333953556422276],[-97.43717566023227,17.349390794210223],[-97.41601933917369,17.372432700452123],[-97.37808969280651,17.353909004232868],[-97.36058072150807,17.36145360718659],[-97.35769204928259,17.360554074407002],[-97.34337227463149,17.33755536767993]]]}},{"type":"Feature","properties":{"clues":"PLIMS003415"},"geometry":{"type":"MultiPolygon","coordinates":[[[[-97.14614799588188,18.419159826181694],[-97.15111919035338,18.40197146731345],[-97.16680863914358,18.405393693561752],[-97.17841935443208,18.420337435729074],[-97.16470302436343,18.434434745624024],[-97.14614799588188,18.419159826181694]]],[[[-97.16645822613704,18.459880556128848],[-97.17562334219957,18.468326738933445],[-97.16765773463509,18.47756740841297],[-97.17603068955732,18.489836650584124],[-97.17338893225634,18.50103202922459],[-97.17843019615565,18.50816107806938],[-97.17136529325619,18.524943852681133],[-97.16086223363087,18.512476259258648],[-97.14808423822726,18.53114363338377],[-97.13924705635857,18.51868403538493],[-97.13540265441532,18.51775502759014],[-97.1239376965368,18.539039070224664],[-97.11423342200307,18.530350142674457],[-97.11596854301648,18.507933665398095],[-97.11658080008934,18.50669178190237],[-97.12330915148607,18.507546738877824],[-97.14196361734004,18.491783886094197],[-97.13813175427387,18.4819195450114],[-97.12883732014053,18.47698140534795],[-97.12708656344202,18.465743616416813],[-97.12792889675795,18.46358420660739],[-97.13875347253192,18.456745257773804],[-97.1459911113736,18.45799879483745],[-97.15475552044138,18.447571225259814],[-97.16532275514182,18.444832227492704],[-97.16645822613704,18.459880556128848]]]]}},{"type":"Feature","properties":{"clues":"OCIMS003711"},"geometry":{"type":"Polygon","coordinates":[[[-97.08275418651091,17.59881834261184],[-97.12439527676649,17.58669694051154],[-97.12754964667344,17.58798629363235],[-97.14161601808514,17.582186998905573],[-97.15315989606167,17.59931619524636],[-97.15650590492167,17.613516669595946],[-97.15168485774734,17.629575740411248],[-97.14102801675372,17.6384806110443],[-97.12100180782738,17.641752988911325],[-97.11790505858527,17.674012099143248],[-97.1155822781076,17.67655783777587],[-97.10544934531005,17.68168842033811],[-97.08751631140862,17.673292984609905],[-97.0590980599447,17.689098530509604],[-97.04440065856056,17.67399171646696],[-97.03563923869737,17.655061853096182],[-97.03199958577204,17.651876734479966],[-97.05550155785859,17.628233374125927],[-97.05806409859021,17.62875230821537],[-97.06708139458887,17.623522246192735],[-97.09165419105081,17.626336910832805],[-97.09970089406039,17.62087425683782],[-97.09911876877534,17.614149045139143],[-97.08275418651091,17.59881834261184]]]}},{"type":"Feature","properties":{"clues":"OCIMS003076"},"geometry":{"type":"Polygon","coordinates":[[[-97.13145810570747,16.26886991431643],[-97.16259617031767,16.289240874192437],[-97.17144386274208,16.29330079548266],[-97.17420479338179,16.296180830193453],[-97.17910944148238,16.311653043287503],[-97.20303275594199,16.33141000484637],[-97.13615208613678,16.370813467954555],[-97.13509619129319,16.37737498282823],[-97.12561183089633,16.396570344373686],[-97.12311776990546,16.40460770837406],[-97.10299487251446,16.387616698202113],[-97.06813669030481,16.38497780139197],[-97.06139400137202,16.381657690230064],[-97.05896899745608,16.377292630469604],[-97.06816083026548,16.354974174985166],[-97.06235635481953,16.345488631262203],[-97.0580240768099,16.341755130220864],[-97.05971802429482,16.29932422892745],[-97.02362822327557,16.25898689477528],[-97.08500064573713,16.23636833875203],[-97.0910336290359,16.237050763911153],[-97.1142035050982,16.26142251654209],[-97.13145810570747,16.26886991431643]]]}},{"type":"Feature","properties":{"clues":"VZIMB006682"},"geometry":{"type":"MultiPolygon","coordinates":[[[[-97.07543241296295,18.47160705953039],[-97.0889599842818,18.47440051518904],[-97.0887231166177,18.480114661564507],[-97.0780511479947,18.48573686821448],[-97.07161831423035,18.480686859046447],[-97.07543241296295,18.47160705953039]]],[[[-97.07795308254184,18.495030263036835],[-97.08602632225434,18.497542788352508],[-97.08995473948352,18.506013504806646],[-97.11318518296262,18.50159826779628],[-97.11658080008934,18.50669178190237],[-97.11423342200307,18.530350142674457],[-97.10812635358045,18.532488973838706],[-97.10160444237458,18.54053196150525],[-97.09485293931839,18.540014309558043],[-97.08242737978719,18.53565111526793],[-97.07439019944329,18.526415007039024],[-97.07125263589234,18.51492317584743],[-97.07434750325399,18.51022189057829],[-97.07209166905844,18.504828649293955],[-97.07795308254184,18.495030263036835]]]]}},{"type":"Feature","properties":{"clues":"OCIMS004604"},"geometry":{"type":"Polygon","coordinates":[[[-96.8783268615437,17.449974716189377],[-96.88533625050859,17.439784259104115],[-96.89788620327309,17.432543107691053],[-96.97143717047898,17.421210215799192],[-96.97247429172528,17.43961343437597],[-96.9618032081142,17.44612599222822],[-96.94937144441069,17.47568919820483],[-96.94781785489958,17.491673715082797],[-96.9536441525843,17.497820176677383],[-96.94079776303734,17.518086939119105],[-96.94617174646743,17.526039952211963],[-96.95022197869798,17.52788641084419],[-96.9517308542464,17.552560599921627],[-96.94198976014505,17.552468718179455],[-96.90368021250573,17.584701375193177],[-96.89486939702218,17.5875976198946],[-96.89179382205032,17.56880582818302],[-96.87119260673019,17.52496092683888],[-96.87112831499115,17.52073708974241],[-96.88015801057226,17.50257948393442],[-96.88516966847462,17.467918988622255],[-96.88285498444144,17.456606413090373],[-96.8783268615437,17.449974716189377]]]}},{"type":"Feature","properties":{"clues":"PLIMB000952"},"geometry":{"type":"Polygon","coordinates":[[[-96.89811380025144,18.480678734980412],[-96.90472807225164,18.47799333866985],[-96.9148764027906,18.495566821081812],[-96.91948136950005,18.507717019610297],[-96.90935877802652,18.51379822514615],[-96.90997635203186,18.52178415214994],[-96.90870128451382,18.525113676880423],[-96.90145175118502,18.526813601038057],[-96.89562397428242,18.535419790674926],[-96.88948371990271,18.532265280383346],[-96.88427436796749,18.52515266777922],[-96.86889615959215,18.529474411965506],[-96.86372392830977,18.52708156801277],[-96.85897524181328,18.527189596133372],[-96.84625516084235,18.519713270042672],[-96.84411769928234,18.511743489550106],[-96.84489772289567,18.50788721014552],[-96.85776305340781,18.500128941782826],[-96.86451995124101,18.488941047453235],[-96.8714954550801,18.488252045921485],[-96.8736229184862,18.46927047895195],[-96.8800472856082,18.462943077108743],[-96.8881673201441,18.477397879982416],[-96.89426857479022,18.48067152212976],[-96.89811380025144,18.480678734980412]]]}},{"type":"Feature","properties":{"clues":"OCIMB003384"},"geometry":{"type":"Polygon","coordinates":[[[-96.9217101570982,18.193677741775502],[-96.9072124176147,18.19552007931673],[-96.90513310178751,18.19322372454432],[-96.90466184038753,18.18095624313382],[-96.9071284490942,18.174481410743237],[-96.91940355611925,18.176994063129587],[-96.9217101570982,18.193677741775502]]]}},{"type":"Feature","properties":{"clues":"OCIMB004195"},"geometry":{"type":"Polygon","coordinates":[[[-96.8387164841109,15.79046184523373],[-96.85256267431274,15.794114794608344],[-96.8578117095562,15.802306467863684],[-96.85802806645212,15.826162887372984],[-96.87029420392874,15.831330410154068],[-96.89085925854917,15.829614042374926],[-96.90403254460146,15.843265218763058],[-96.8832080567361,15.87142412135186],[-96.86983290968206,15.872404596069378],[-96.86196743050455,15.876434807328309],[-96.85875723363614,15.883589644978155],[-96.86577735685069,15.903159537236585],[-96.84151585047846,15.936111924042413],[-96.83088590016301,15.93192376360677],[-96.8176178539485,15.940793186596],[-96.76731219200703,15.956527750078202],[-96.77819567756742,15.909147874407614],[-96.77706580368763,15.902574798081975],[-96.80314857363166,15.88682339302209],[-96.8102227155481,15.873217566194453],[-96.80696111942497,15.864627908914054],[-96.80870818347,15.858523441142145],[-96.8016819285477,15.8485331196904],[-96.79679270069413,15.833027379298374],[-96.81331256673357,15.823491968171556],[-96.81457886318319,15.82073674657273],[-96.8122349168596,15.807692836865275],[-96.83249125903694,15.795913262354494],[-96.8387164841109,15.79046184523373]]]}},{"type":"Feature","properties":{"clues":"OCIMS001763"},"geometry":{"type":"Polygon","coordinates":[[[-96.91263354072042,16.17123795628305],[-96.8780368219,16.212674972013307],[-96.87207787285958,16.213834195596444],[-96.85097795888225,16.212497745946497],[-96.84412654666876,16.161748975653552],[-96.84745628688647,16.153196199527482],[-96.91268083939377,16.157205903789894],[-96.91263354072042,16.17123795628305]]]}},{"type":"Feature","properties":{"clues":"OCIMB006003"},"geometry":{"type":"Polygon","coordinates":[[[-96.79785930713766,16.977081566582356],[-96.79424298225561,16.972487791044724],[-96.78716300024598,16.979140877938608],[-96.77768647611434,16.980425096251686],[-96.77074220011963,16.96537550369474],[-96.77987909728499,16.954017569213843],[-96.78854851296435,16.95059042217975],[-96.79516499587154,16.950722149982635],[-96.80764494234995,16.941476964853752],[-96.83401827485226,16.93038691741478],[-96.84586284752939,16.947058541093632],[-96.84563648462783,16.973692804967747],[-96.83868892954376,16.97658869384574],[-96.83602830892798,16.980684939590265],[-96.80593917022114,16.984260092123208],[-96.80075579967524,16.97824711265252],[-96.79785930713766,16.977081566582356]]]}},{"type":"Feature","properties":{"clues":"OCIMB003191"},"geometry":{"type":"Polygon","coordinates":[[[-96.78356583155178,16.691517723978258],[-96.7856601313803,16.694804617926966],[-96.81613017847874,16.705750194072493],[-96.82013640893923,16.715261177549824],[-96.81528112266435,16.725969138904308],[-96.79192099253765,16.741817914331325],[-96.77567321326278,16.73841859939274],[-96.77603845247648,16.77394503532992],[-96.76002895208454,16.782725318135345],[-96.75039667124736,16.780641791323788],[-96.74633090723194,16.781588807085793],[-96.73438524890368,16.7574045898882],[-96.733723571271,16.74983862457793],[-96.72105740336247,16.744964429591768],[-96.71611279597565,16.737891175177428],[-96.71327790544423,16.73711069646966],[-96.70442992672534,16.721083043472586],[-96.70884436168932,16.720238827234287],[-96.7252412538863,16.708705426964393],[-96.73144765335694,16.710923407275402],[-96.74143823030009,16.710126415238825],[-96.74661517314503,16.6980651188831],[-96.78356583155178,16.691517723978258]]]}},{"type":"Feature","properties":{"clues":"OCIMB002742"},"geometry":{"type":"Polygon","coordinates":[[[-96.7112571228314,17.480535602374477],[-96.7176407896833,17.502628907283512],[-96.63682281515827,17.49005969711637],[-96.63189637514678,17.422877273159624],[-96.65383359298858,17.401160941438643],[-96.69614703581098,17.456542757985765],[-96.7112571228314,17.480535602374477]]]}},{"type":"Feature","properties":{"clues":"OCIMS003600"},"geometry":{"type":"Polygon","coordinates":[[[-96.66085532262453,16.3050307433381],[-96.67580146227695,16.297448169212604],[-96.71438926008535,16.295788565711984],[-96.71630420367566,16.300829490256035],[-96.7127030767358,16.305815955177653],[-96.70573653446013,16.326931721209235],[-96.69425683991176,16.343055318645284],[-96.69571251558537,16.357297792096894],[-96.6849346049619,16.372085528167503],[-96.66335406567448,16.35239326642766],[-96.65652943653653,16.353465003035815],[-96.64359560340104,16.34568764920989],[-96.64588718236918,16.322543628115586],[-96.65560346978127,16.318403027084706],[-96.65873941176885,16.314921135975812],[-96.66085532262453,16.3050307433381]]]}},{"type":"Feature","properties":{"clues":"OCIMB001646"},"geometry":{"type":"Polygon","coordinates":[[[-96.60168653253419,17.02101884394312],[-96.60130481728872,17.024022405692296],[-96.59815490789231,17.02618328084555],[-96.58800188607486,17.02251940379723],[-96.58918139463782,17.01520713982332],[-96.59258575981609,17.013251313949784],[-96.59565229045515,17.004603623101467],[-96.60089599857432,17.00660996845534],[-96.6092757842567,17.013055573404138],[-96.60168653253419,17.02101884394312]]]}},{"type":"Feature","properties":{"clues":"OCIMB001453"},"geometry":{"type":"Polygon","coordinates":[[[-96.5803700686844,18.065123152101165],[-96.56825275521292,18.07221539190753],[-96.56594603330171,18.074922539524486],[-96.56408071275267,18.081217553808177],[-96.56730243461018,18.0891899973727],[-96.56817983430687,18.096043989182363],[-96.55789439298452,18.114926431993084],[-96.55325394535755,18.113342758119487],[-96.5477700280338,18.113551753292057],[-96.54114430028515,18.108054336538146],[-96.53045774886992,18.104429217649816],[-96.52943467835716,18.09244589579396],[-96.52774806956242,18.092161997317312],[-96.51675603131747,18.101576322346467],[-96.51051360529344,18.099176467779117],[-96.50814558084139,18.095709347379156],[-96.49697209179087,18.089532747163844],[-96.4921830199318,18.084006064673112],[-96.49121498077304,18.079331794433603],[-96.49764784375832,18.07259612159482],[-96.51368515081045,18.073445869007884],[-96.51408785072495,18.070208003807775],[-96.52796503755044,18.06026591763744],[-96.52952600177473,18.06164498115715],[-96.539398460574,18.062185621603607],[-96.54247215861645,18.060293677277514],[-96.54535219478868,18.051230840762376],[-96.55010105115721,18.048918077367368],[-96.56710587932523,18.03283288006948],[-96.57068716028297,18.01033585343839],[-96.57832241290696,18.00477147389636],[-96.61091558013965,18.039224403751142],[-96.59435841280697,18.059183028247336],[-96.5913521290197,18.06556456763607],[-96.5803700686844,18.065123152101165]]]}},{"type":"Feature","properties":{"clues":"OCIMB003080"},"geometry":{"type":"Polygon","coordinates":[[[-96.3176646987154,17.36684648763708],[-96.34981355587149,17.29965963385028],[-96.391780651315,17.34386371038489],[-96.35330868759294,17.393172997566875],[-96.35058408341396,17.39405930121285],[-96.34188347677788,17.3889475128538],[-96.31808182738425,17.378999186863748],[-96.3176646987154,17.36684648763708]]]}},{"type":"Feature","properties":{"clues":"OCIMS000993"},"geometry":{"type":"Polygon","coordinates":[[[-96.10369820782289,17.15602318206582],[-96.10221913863053,17.152230799712544],[-96.11017397179731,17.131589741216775],[-96.12331266585888,17.140857241591466],[-96.1437877212314,17.132258547790958],[-96.15155687126389,17.133391651220858],[-96.16612880436917,17.146868287271488],[-96.14165752993864,17.160479169860984],[-96.13615375580079,17.214429522038618],[-96.13366572494368,17.2149759923479],[-96.12123250013646,17.20741636532056],[-96.12019196208897,17.171170609958832],[-96.10369820782289,17.15602318206582]]]}},{"type":"Feature","properties":{"clues":"OCIMS002026"},"geometry":{"type":"Polygon","coordinates":[[[-95.88956574851238,17.24410023540738],[-95.9167001811857,17.236239104422232],[-95.95251210501854,17.23939120491587],[-95.96567693692131,17.256599521667972],[-95.9701126475101,17.25978684486949],[-95.97472247678013,17.271524139892826],[-96.00972254281417,17.30196801801259],[-96.0120013432806,17.31838664825153],[-96.0040877730839,17.33247771460641],[-95.99913503660501,17.33028693249372],[-95.96763827723443,17.328446835815686],[-95.95078990375441,17.3357944210557],[-95.94625877122407,17.300131979366288],[-95.93338805559647,17.29864736130225],[-95.91127938192537,17.301487519082784],[-95.8959533649664,17.259837336624575],[-95.88809432050132,17.249759986889973],[-95.88956574851238,17.24410023540738]]]}},{"type":"Feature","properties":{"clues":"OCIMB004253"},"geometry":{"type":"Polygon","coordinates":[[[-95.89278449718333,16.233897385211122],[-95.90220561688311,16.25864141159586],[-95.87849542890395,16.346455357705327],[-95.85720074553713,16.330722786841363],[-95.87026494515897,16.22843812175088],[-95.88390445416681,16.229521886880075],[-95.89278449718333,16.233897385211122]]]}},{"type":"Feature","properties":{"clues":"OCIMS000882"},"geometry":{"type":"Polygon","coordinates":[[[-95.6654392468608,16.138476162332413],[-95.66908957931066,16.12986620954418],[-95.69129300650499,16.093474222020294],[-95.70799774927482,16.074899596664128],[-95.7838822162047,16.076046681583406],[-95.7814900803364,16.114278334926567],[-95.83080213052138,16.181401271599483],[-95.83411669836295,16.21467194295152],[-95.80946908276202,16.233862187582957],[-95.79275124650685,16.309679103659196],[-95.78602849299153,16.313819400784517],[-95.67427593262745,16.229486363115523],[-95.69214304608785,16.20573108580339],[-95.69344706344945,16.197948160076205],[-95.6654392468608,16.138476162332413]]]}},{"type":"Feature","properties":{"clues":"VZIMB004850"},"geometry":{"type":"Polygon","coordinates":[[[-95.69444900298139,18.177089397734004],[-95.70853447524914,18.210614185068952],[-95.70842586848504,18.216359715746357],[-95.71652031013807,18.222713154281447],[-95.71479043179946,18.25027376192818],[-95.71810691732071,18.256553024745845],[-95.73192941505813,18.264619730733855],[-95.7334591417475,18.269001339164582],[-95.73197852197947,18.278665404292525],[-95.71419076080406,18.27843177646517],[-95.6980242576614,18.2625542171557],[-95.70318767062184,18.25432137749283],[-95.69601588377479,18.239162443922872],[-95.69437938669607,18.23966248788503],[-95.66965625106582,18.228720928255527],[-95.675066687912,18.212262523590354],[-95.68328365686804,18.209254712982016],[-95.68508861147404,18.19417594269187],[-95.69444900298139,18.177089397734004]]]}},{"type":"Feature","properties":{"clues":"VZIMB007872"},"geometry":{"type":"Polygon","coordinates":[[[-95.71208168254657,17.580151885667476],[-95.73714089851842,17.596576569408487],[-95.75183112417831,17.594524078582133],[-95.7630277481976,17.611832552405094],[-95.76864939316079,17.61675788708547],[-95.75633596491117,17.646608502224108],[-95.75769679674049,17.656001278590715],[-95.73309397434636,17.659894873583287],[-95.73129839693782,17.66407056496643],[-95.71160644026553,17.66138667417012],[-95.70609663831793,17.645571549217898],[-95.69929213946467,17.61185109146721],[-95.67759324593756,17.615622905516098],[-95.6732555087895,17.614361916115584],[-95.66915872998439,17.610568958418934],[-95.67929555466348,17.589610544746993],[-95.68418043140717,17.58668598749087],[-95.67392447293604,17.561160358246028],[-95.6786007721076,17.55538608117289],[-95.68985846591396,17.55586259908709],[-95.6995394049214,17.55392988275598],[-95.70449987251455,17.58294304494137],[-95.71208168254657,17.580151885667476]]]}},{"type":"Feature","properties":{"clues":"VZIMS005131"},"geometry":{"type":"Polygon","coordinates":[[[-95.36009800012836,18.404872328944478],[-95.37151160435484,18.41648672161221],[-95.37692577041535,18.416072776647937],[-95.38061572591589,18.419804847797092],[-95.37883480390435,18.427340370459728],[-95.38912645647687,18.430150407317054],[-95.40254892347035,18.429062069013693],[-95.39986655076736,18.442766352969414],[-95.4197304581988,18.45820267276779],[-95.41735009054625,18.46701577962636],[-95.40487800018353,18.47262225022962],[-95.40363535764166,18.47816038750213],[-95.3910656175806,18.490698248160285],[-95.38359280849042,18.48960883247227],[-95.37815283854019,18.47277310949296],[-95.371235809715,18.471979337825754],[-95.36537029153085,18.467546787451653],[-95.35849879288858,18.44209257168452],[-95.35962524752114,18.44124022288209],[-95.35993965100774,18.43034641353459],[-95.35544810808435,18.412723253981625],[-95.36009800012836,18.404872328944478]]]}},{"type":"Feature","properties":{"clues":"VZIMB006933"},"geometry":{"type":"Polygon","coordinates":[[[-95.34725668928219,18.447859211337278],[-95.35849879288858,18.44209257168452],[-95.36537029153085,18.467546787451653],[-95.371235809715,18.471979337825754],[-95.36468893553217,18.485635530497174],[-95.3589750578507,18.490888069828994],[-95.35324275451784,18.488081495161627],[-95.3433267402025,18.495765762948665],[-95.33711233397999,18.49501575043811],[-95.33216366285211,18.502883725670202],[-95.32123172285418,18.501606575505367],[-95.31705257519718,18.49676172887453],[-95.31801824069896,18.486658453562082],[-95.31037003416041,18.483551513586374],[-95.30557593794778,18.491871943575713],[-95.30030607038934,18.494082237544564],[-95.30274139877658,18.511580416628842],[-95.30016350004483,18.515473105351948],[-95.2931829154366,18.514014816369002],[-95.28892734286174,18.504670565201245],[-95.27977865103833,18.498836170230454],[-95.27175474555712,18.502782159460274],[-95.27100537326055,18.5043747519453],[-95.24951003700151,18.509857241211993],[-95.24364678009866,18.507090624871413],[-95.2353196291931,18.495638502290312],[-95.25262564168615,18.485167093829343],[-95.26760484635918,18.48106872337332],[-95.27419400068116,18.471176214589423],[-95.27766197235775,18.46019686753057],[-95.2811596607164,18.458182973610587],[-95.28479144268972,18.458750180053368],[-95.28882578414054,18.456367392461093],[-95.28995999604723,18.44977528941858],[-95.27674115076815,18.440907862016424],[-95.27871053051578,18.43583980410925],[-95.2891048338118,18.427781906656648],[-95.29040515721631,18.424335162435472],[-95.2935812051373,18.42372121232662],[-95.30980896136803,18.42619373118062],[-95.31218670513935,18.431819876042212],[-95.31185228084813,18.441069831437606],[-95.32601564963154,18.448451391583816],[-95.3326442045931,18.447042236777612],[-95.34725668928219,18.447859211337278]]]}},{"type":"Feature","properties":{"clues":"VZIMS005020"},"geometry":{"type":"Polygon","coordinates":[[[-95.27113280576296,18.4445239137439],[-95.27674115076815,18.440907862016424],[-95.28995999604723,18.44977528941858],[-95.28797688567323,18.457163130785986],[-95.28479144268972,18.458750180053368],[-95.2811596607164,18.458182973610587],[-95.27736088080539,18.46057164927785],[-95.27029179294443,18.47858363054346],[-95.26760484635918,18.48106872337332],[-95.25262564168615,18.485167093829343],[-95.2353196291931,18.495638502290312],[-95.23076226459676,18.495066987845817],[-95.22860999499464,18.468373464860527],[-95.22695312059888,18.465640086591087],[-95.21914104862836,18.46305200730092],[-95.221529100563,18.457685721669915],[-95.22327882022722,18.45684758904525],[-95.22454586323786,18.45212891704855],[-95.2302649978586,18.44866850424791],[-95.2346780355937,18.452311751623235],[-95.24073276397371,18.450973243622105],[-95.24451055060769,18.45285792358352],[-95.25745580591679,18.453692798915696],[-95.25902997494225,18.452348128865186],[-95.26402057560026,18.452213293433022],[-95.27113280576296,18.4445239137439]]]}},{"type":"Feature","properties":{"clues":"VZIMB006793"},"geometry":{"type":"Polygon","coordinates":[[[-95.22198604989988,18.41851216560658],[-95.23355996293296,18.420467390753792],[-95.23619932301649,18.42940517035587],[-95.23590868739994,18.433318714841572],[-95.23349856786126,18.434965457839876],[-95.22670461298337,18.43382191584514],[-95.22330800753487,18.436710809556757],[-95.22218704474722,18.439485060122145],[-95.22448363476092,18.44255846119336],[-95.22394587895819,18.445166097207213],[-95.22937445484834,18.44878648884649],[-95.22454586323786,18.45212891704855],[-95.22327882022722,18.45684758904525],[-95.221529100563,18.457685721669915],[-95.21914104862836,18.46305200730092],[-95.22695312059888,18.465640086591087],[-95.22860999499464,18.468373464860527],[-95.23076226459676,18.495066987845817],[-95.21041629511359,18.49862077623418],[-95.20421217445141,18.514539478033956],[-95.19785564023067,18.555596732606585],[-95.18615285784337,18.55866120121177],[-95.16205508480785,18.55517115994778],[-95.15137227776859,18.515603907309764],[-95.14041739250409,18.503730155941664],[-95.15383364361563,18.48426869821748],[-95.15341503452257,18.47489843647985],[-95.17751467315739,18.467789005891227],[-95.17975753615583,18.46539638779581],[-95.17571370990493,18.45575866463946],[-95.18078497563465,18.45047367061322],[-95.1880552543506,18.44634825999254],[-95.18664000293606,18.435557747175558],[-95.19350199547534,18.433040215124603],[-95.19059731742465,18.42705002665877],[-95.1992956390798,18.42011790824969],[-95.19159278357816,18.410046209889835],[-95.19967846513289,18.405190896088268],[-95.20480547276732,18.40537724152002],[-95.20971989963822,18.402015906415826],[-95.21627842809615,18.407078306445232],[-95.21494930628916,18.411092887611677],[-95.22198604989988,18.41851216560658]]]}},{"type":"Feature","properties":{"clues":"VZIMS003294"},"geometry":{"type":"Polygon","coordinates":[[[-95.05916283463247,18.171084854477446],[-95.066895604793,18.171403457736083],[-95.0783667879153,18.176310427918857],[-95.08945185714241,18.196065866694944],[-95.09784485954115,18.197861051640004],[-95.10292490882337,18.211451680235207],[-95.10732525030397,18.218379737388975],[-95.10704673669689,18.229773605510335],[-95.10256798659744,18.242409515367836],[-95.09578452332518,18.254081476635463],[-95.09610395603272,18.271947732993446],[-95.08948620288338,18.27871480861374],[-95.07536310758451,18.302343403547102],[-95.05303249022367,18.311134785944798],[-95.0427808485878,18.278917140358523],[-95.04449776338848,18.266764986325512],[-95.02450127198492,18.25863660400973],[-95.0252122105249,18.236605312511596],[-95.02348530504497,18.23217305140082],[-95.03727189838865,18.21961496051011],[-95.05213547438906,18.215379881563614],[-95.0451030394642,18.20006224155883],[-95.03256385130648,18.186322546185707],[-95.03789712690067,18.175972969444114],[-95.04646505401358,18.17642469263],[-95.05398437518961,18.174580437274965],[-95.05916283463247,18.171084854477446]]]}},{"type":"Feature","properties":{"clues":"OCIMS003986"},"geometry":{"type":"Polygon","coordinates":[[[-94.83655881925463,16.96251155872514],[-94.80327004105504,16.940020978376307],[-94.81960774571968,16.876441477085308],[-94.83467254435189,16.864498691033933],[-94.86248231601279,16.848697628322636],[-94.89105996493346,16.869342067690294],[-94.90873422650768,16.877324224745585],[-94.91038947814985,16.876421186802876],[-94.92906188935812,16.885945597782207],[-94.95033529162173,16.88000474438407],[-94.96203664002961,16.902291986945887],[-94.95848858602113,16.90896683412877],[-94.97765751976857,16.93743163517343],[-94.98830314723574,16.94105361136572],[-94.99311825443954,16.946609295110452],[-94.9884102910465,16.95613502384498],[-94.96873770534712,16.962055533945698],[-94.96207561404151,16.97202877577248],[-94.91624311898808,16.973216148023063],[-94.89260514432043,16.95521605290231],[-94.83655881925463,16.96251155872514]]]}},{"type":"Feature","properties":{"clues":"VZIMS005324"},"geometry":{"type":"Polygon","coordinates":[[[-94.79692057616015,18.38635140605534],[-94.79695283429722,18.41428392190177],[-94.77627403808238,18.41434766480342],[-94.77024443633249,18.408530157481415],[-94.76268613372709,18.39191211869104],[-94.75883711409095,18.387105150218044],[-94.7365063047576,18.393865357543355],[-94.72814769754635,18.384942328732325],[-94.74566590596265,18.357367373228563],[-94.76286721693008,18.362120705123324],[-94.76783002597065,18.356079163524623],[-94.78582870334688,18.356401406657366],[-94.79373676217517,18.34821166356828],[-94.80120443648872,18.347480547645816],[-94.81490729460464,18.3428505196797],[-94.84383321795936,18.338667016754762],[-94.85181280100505,18.365741897588457],[-94.79692057616015,18.38635140605534]]]}},{"type":"Feature","properties":{"clues":"VZIMB006110"},"geometry":{"type":"Polygon","coordinates":[[[-94.56342552454534,17.41022594890565],[-94.62324056340131,17.397304288128126],[-94.63925061137864,17.39944964982658],[-94.64630928120297,17.418362019976293],[-94.65533748583927,17.42482081287458],[-94.6539856951697,17.457914763971498],[-94.65745550955505,17.47610700175583],[-94.64429761003873,17.48460253818524],[-94.64389205548456,17.510106000209735],[-94.6267529964857,17.502558395772095],[-94.60412825405143,17.520825895846126],[-94.60695724385837,17.525696953474394],[-94.60686586745251,17.54513391918814],[-94.5981707951806,17.551483060580193],[-94.58220441854783,17.55472674175592],[-94.57370295578774,17.551144301917645],[-94.55966103768411,17.549632547805537],[-94.55255446647845,17.536657237889102],[-94.54543998125703,17.535048585779254],[-94.53530049351018,17.522543688135215],[-94.53122565174489,17.510917296456427],[-94.51465778274012,17.50787171940995],[-94.5030429874101,17.51034534032092],[-94.48586305844599,17.480825062202072],[-94.48296271480635,17.46827217660529],[-94.51854053229906,17.45721065780255],[-94.52765059621017,17.46209559347159],[-94.53125231612914,17.466074239671237],[-94.54752050572972,17.464935134492094],[-94.56083426269686,17.47208595747169],[-94.57128785357678,17.47130234750415],[-94.57123562732045,17.44732264918545],[-94.57563475063824,17.438816807738846],[-94.5682016052169,17.42736965559381],[-94.56342552454534,17.41022594890565]]]}},{"type":"Feature","properties":{"clues":"VZIMB001123"},"geometry":{"type":"Polygon","coordinates":[[[-94.57589456475068,17.96814615378647],[-94.5782629035118,17.96541560116124],[-94.5893445749962,17.97342407317343],[-94.58900435635904,17.977103867290868],[-94.59152656841601,17.981969043665362],[-94.58731391756268,17.988931434094805],[-94.59601762521329,17.998564815949997],[-94.58724359977317,17.999820323415815],[-94.58643703669357,17.99749771919686],[-94.57667539129866,17.99413133320606],[-94.57445685417674,17.988548462100873],[-94.57785037056618,17.987336761888777],[-94.58012109933559,17.98099925199741],[-94.57588393295296,17.97778067056085],[-94.57589456475068,17.96814615378647]]]}},{"type":"Feature","properties":{"clues":"TLIMB000601"},"geometry":{"type":"Polygon","coordinates":[[[-98.52365105471543,19.519406181559578],[-98.5112197538127,19.52116386732823],[-98.50642059251201,19.52962073777089],[-98.5074031385028,19.540786736304323],[-98.50405131436546,19.544659101701146],[-98.50779111076955,19.55867236925707],[-98.5160422100341,19.561844224393578],[-98.51854124493434,19.564622424493354],[-98.50600558779978,19.581704396397075],[-98.49750190923265,19.586207079768986],[-98.48909213630822,19.5744034233055],[-98.47672126453224,19.568933391894998],[-98.47030306764213,19.54250149021062],[-98.44116346235533,19.537104600215233],[-98.43603298335253,19.53329899896885],[-98.43399246856397,19.517836013864297],[-98.46669227514482,19.506640492412192],[-98.48438362629379,19.506238840604617],[-98.49810483026725,19.49503076489409],[-98.50594506600379,19.495905030822126],[-98.50667965456674,19.49780078455404],[-98.51975850240393,19.501783278953702],[-98.51614023356512,19.50720017620479],[-98.52365105471543,19.519406181559578]]]}},{"type":"Feature","properties":{"clues":"PLIMS001810"},"geometry":{"type":"Polygon","coordinates":[[[-98.50333950577557,19.15920749434665],[-98.49361527359717,19.163806092321135],[-98.47262745277347,19.162387390497194],[-98.47032956504466,19.167165240748666],[-98.4509268461215,19.171355636421513],[-98.44541410348435,19.17717946289245],[-98.43208752076598,19.170408859153156],[-98.43188530390428,19.167323940244025],[-98.4370006001948,19.157514851684073],[-98.44819709284371,19.165711560662803],[-98.4486800346947,19.151449141250467],[-98.45190706087904,19.1477695727244],[-98.45964703015953,19.149102167160656],[-98.46520433216496,19.1525079890117],[-98.47244603485704,19.160951527513376],[-98.48322832187239,19.144906395783927],[-98.50112542714355,19.145395154491204],[-98.50841670432708,19.152967123833044],[-98.50333950577557,19.15920749434665]]]}},{"type":"Feature","properties":{"clues":"PLIMB004534"},"geometry":{"type":"Polygon","coordinates":[[[-98.45190706087904,19.1477695727244],[-98.4486800346947,19.151449141250467],[-98.44819709284371,19.165711560662803],[-98.4370006001948,19.157514851684073],[-98.43188530390428,19.167323940244025],[-98.42214043549328,19.156407345235223],[-98.4244995152849,19.15155645331067],[-98.44056944685816,19.143216474416775],[-98.44123578729511,19.139125700030345],[-98.44507674634777,19.133011819103437],[-98.45003002457537,19.131801115809246],[-98.45292576942185,19.12535897702016],[-98.46047978193968,19.11945779866401],[-98.47022180857996,19.12116347187156],[-98.47322211808142,19.122928277121613],[-98.47319529297533,19.12779116202196],[-98.4690650562077,19.134836072425415],[-98.47997931311497,19.148642061300677],[-98.47244603485704,19.160951527513376],[-98.46520433216496,19.1525079890117],[-98.45964703015953,19.149102167160656],[-98.45190706087904,19.1477695727244]]]}},{"type":"Feature","properties":{"clues":"PLIMB005234"},"geometry":{"type":"Polygon","coordinates":[[[-98.47012838539553,19.10714456599553],[-98.47022180857996,19.12116347187156],[-98.46047978193968,19.11945779866401],[-98.45292576942185,19.12535897702016],[-98.44088022412272,19.116707012088035],[-98.43397062983667,19.11605205431732],[-98.42963093613064,19.122298734748554],[-98.41832561650513,19.123045189825536],[-98.39771500674375,19.1190728210327],[-98.39082049386978,19.10591567623918],[-98.3863844120298,19.092012562238946],[-98.38569242718268,19.08157615368558],[-98.38695476816477,19.07828532885781],[-98.40407101019967,19.0694545940662],[-98.41578539454467,19.079974786227954],[-98.42656841716986,19.08303145526975],[-98.43749598364548,19.082905497403832],[-98.45091650955236,19.074910083945706],[-98.45529958245001,19.075954455410564],[-98.46427266680875,19.08307244844807],[-98.4627748764877,19.10374479476765],[-98.47012838539553,19.10714456599553]]]}},{"type":"Feature","properties":{"clues":"TLIMB001651"},"geometry":{"type":"Polygon","coordinates":[[[-97.94061563486025,19.38226948651681],[-97.93818147768236,19.376454445487724],[-97.94462444559724,19.369354663604746],[-97.95774380388134,19.362373515278335],[-97.97308023264094,19.368253490791446],[-97.97538127946623,19.373284027514096],[-97.99498330368039,19.378533883820527],[-97.99645724161451,19.395012247223473],[-97.99381533068998,19.40257754046918],[-97.9771023726598,19.40619215105277],[-97.96554671111465,19.398618982052593],[-97.96366135396683,19.38921670193783],[-97.94061563486025,19.38226948651681]]]}},{"type":"Feature","properties":{"clues":"TLIMB000386"},"geometry":{"type":"Polygon","coordinates":[[[-97.90689586210854,19.342533681248028],[-97.90979882690296,19.340022141313927],[-97.92671191536185,19.344281550555063],[-97.92759909065609,19.34881734205571],[-97.91795586486016,19.355269023247228],[-97.91773960171169,19.364188458733302],[-97.93180411348179,19.37121436605809],[-97.93818147768236,19.376454445487724],[-97.94061563486025,19.38226948651681],[-97.93483553852836,19.394571737986748],[-97.93843255357976,19.413536626051293],[-97.93438106265154,19.42292386383257],[-97.92546754690188,19.427177930901568],[-97.92303048092937,19.43656512683233],[-97.89223253023572,19.444447494898103],[-97.87085195558039,19.43041334634746],[-97.87769419089165,19.402411590549622],[-97.88041542770699,19.39898361424191],[-97.88515381536575,19.39740193312558],[-97.888175184475,19.391678450829886],[-97.8890976201461,19.377625860190854],[-97.87909585330814,19.36990456569484],[-97.87491833585756,19.3626385172838],[-97.85604467817419,19.364495498146272],[-97.85487173448581,19.363063189647388],[-97.8553357514348,19.348678214018584],[-97.85154798917134,19.343269263132264],[-97.84680874049327,19.33030512346902],[-97.85307929788075,19.322387701109395],[-97.86704438615831,19.32292086263947],[-97.86940845511012,19.329303685685748],[-97.87953122074909,19.332462568995933],[-97.88809832367653,19.331787261768017],[-97.90339109128733,19.342087087054384],[-97.90689586210854,19.342533681248028]]]}},{"type":"Feature","properties":{"clues":"PLIMB003530"},"geometry":{"type":"Polygon","coordinates":[[[-97.90290739233139,20.050109030497115],[-97.9161301753896,20.049008217259626],[-97.9269279337768,20.055967521462495],[-97.91525969407205,20.067247295427865],[-97.89846278297637,20.08752953858053],[-97.88263489146354,20.086027339798953],[-97.8818177467955,20.084634117752387],[-97.90159565946858,20.055972040140503],[-97.90290739233139,20.050109030497115]]]}},{"type":"Feature","properties":{"clues":"TLIMB000082"},"geometry":{"type":"Polygon","coordinates":[[[-97.84751881565543,19.365614110195327],[-97.85487173448581,19.363063189647388],[-97.85604467817419,19.364495498146272],[-97.87491833585756,19.3626385172838],[-97.87909585330814,19.36990456569484],[-97.8890976201461,19.377625860190854],[-97.888175184475,19.391678450829886],[-97.88515381536575,19.39740193312558],[-97.88041542770699,19.39898361424191],[-97.87769419089165,19.402411590549622],[-97.87085195558039,19.43041334634746],[-97.88686323538784,19.44182781858844],[-97.87933231584068,19.454218835849886],[-97.87433025984605,19.457425782398673],[-97.85719519509215,19.461894904139374],[-97.85478608277093,19.459695237907436],[-97.85477467172929,19.452624237795945],[-97.86272591377555,19.433205849413678],[-97.85289482108816,19.427301096839347],[-97.85487567270373,19.409399890136935],[-97.84484397897688,19.40886896484216],[-97.84383199983851,19.399248186691377],[-97.83110020911104,19.39965891832751],[-97.83742781694097,19.383933845061136],[-97.83973818710248,19.383779950263147],[-97.84751881565543,19.365614110195327]]]}},{"type":"Feature","properties":{"clues":"PLIMS001122"},"geometry":{"type":"Polygon","coordinates":[[[-97.8036724170527,19.90346140570832],[-97.81865250857018,19.891910626094084],[-97.8228715342919,19.892727706336103],[-97.82647135787995,19.916601299201723],[-97.82781686246337,19.918306530901],[-97.81738374687592,19.926450365096674],[-97.80439593842178,19.925332453941024],[-97.80264939170796,19.92145214936148],[-97.80487228981889,19.906077535998374],[-97.8036724170527,19.90346140570832]]]}},{"type":"Feature","properties":{"clues":"PLIMB002446"},"geometry":{"type":"Polygon","coordinates":[[[-97.75070334511595,18.7437627519338],[-97.78017566094432,18.75186329660874],[-97.79996861665693,18.747865593645738],[-97.81259793541234,18.754722820948462],[-97.80142390831502,18.802840854768068],[-97.79014913574596,18.802588510048945],[-97.78813142338402,18.805582004116516],[-97.77463535014931,18.811560553267675],[-97.77302816768466,18.810681633034005],[-97.76227679743009,18.815105178393427],[-97.75507835457093,18.810069706566612],[-97.7508156450487,18.802898224205663],[-97.73829870113424,18.811992832392093],[-97.71906497298912,18.807918571950175],[-97.71703625545344,18.79329920259533],[-97.718159470295,18.786206926828488],[-97.72195942188785,18.78221736873169],[-97.7321929015506,18.776026572979646],[-97.75070334511595,18.7437627519338]]]}},{"type":"Feature","properties":{"clues":"TLIMB000193"},"geometry":{"type":"Polygon","coordinates":[[[-97.6648649243294,19.325053206987892],[-97.67166210200409,19.325028711017012],[-97.67371681086077,19.349298667221312],[-97.69011860530695,19.342657190314288],[-97.6971733571775,19.348703145410227],[-97.7046998062064,19.352491168388532],[-97.71824343401501,19.35336008418556],[-97.72516937153023,19.369552578153602],[-97.70987250284179,19.39250309546146],[-97.67960073926417,19.389833819951814],[-97.67550607254613,19.38762163019745],[-97.6672248282656,19.35526106526297],[-97.66798065257136,19.354171578888455],[-97.66046702586577,19.332597403008972],[-97.6648649243294,19.325053206987892]]]}},{"type":"Feature","properties":{"clues":"PLIMB005695"},"geometry":{"type":"Polygon","coordinates":[[[-97.65916464716916,19.292603507512926],[-97.66775196174609,19.297693980143325],[-97.66009389481255,19.318517441348057],[-97.65407098666175,19.318371544883902],[-97.650140759048,19.323032480512126],[-97.65227989700934,19.33007270838404],[-97.64403647137637,19.351211879851856],[-97.6672248282656,19.35526106526297],[-97.67550607254613,19.38762163019745],[-97.67960073926417,19.389833819951814],[-97.67729986953124,19.407571477509883],[-97.66582035714814,19.426951274378055],[-97.65106075302589,19.424959446292405],[-97.63685425645127,19.434232030291124],[-97.62940109508035,19.44432569822543],[-97.62990680407376,19.454644340199657],[-97.62789721104906,19.467166586154036],[-97.62890062757573,19.47172364657831],[-97.600246693641,19.470054343391013],[-97.60685489988323,19.455467266938623],[-97.60630036403299,19.452825011638684],[-97.58104866449477,19.450880905883544],[-97.57453123085371,19.452852309459846],[-97.57467113137699,19.44547170901056],[-97.5790605617335,19.42365176360507],[-97.5844882222174,19.415888368347158],[-97.56176876750949,19.399726437228203],[-97.53850392878637,19.39908117709271],[-97.52365858471919,19.380177487411633],[-97.56553489301638,19.352097260408016],[-97.57627550676527,19.348702952295913],[-97.58664962478697,19.33940561814525],[-97.59243217740831,19.328992509725737],[-97.57858890343151,19.30783068349473],[-97.60803035751339,19.265311061620725],[-97.61717173346072,19.268372627774166],[-97.6229662240064,19.272285721978974],[-97.62937185030249,19.282160399455346],[-97.65916464716916,19.292603507512926]]]}},{"type":"Feature","properties":{"clues":"PLIMB006931"},"geometry":{"type":"Polygon","coordinates":[[[-97.6230637242793,18.879633403152045],[-97.61886411875766,18.87709718998298],[-97.62398252016573,18.869876321992223],[-97.62424686516454,18.86603224961655],[-97.61832234917297,18.86541236329644],[-97.61401313289508,18.872112878592986],[-97.60702899140485,18.870621136863978],[-97.60042085431249,18.86251196199826],[-97.58856381189032,18.87220112919581],[-97.59227876728461,18.87855336857219],[-97.5739360870875,18.882579343862716],[-97.57473831680323,18.870121985650187],[-97.57808094472935,18.868583859195066],[-97.58205587723107,18.862410350760626],[-97.57843458756848,18.848184570627147],[-97.58936353170733,18.847043252076787],[-97.59361098810407,18.850192788083696],[-97.60924072746626,18.820988020424046],[-97.62423937061357,18.817407620103875],[-97.62934988092088,18.823653226541307],[-97.65039368132658,18.833463103999094],[-97.65966222656817,18.84016403659938],[-97.6621901678706,18.85111759842257],[-97.65158634763894,18.859670350970507],[-97.6439273733495,18.88680218943295],[-97.6355405370283,18.88750172253349],[-97.63322027790294,18.883971558014025],[-97.632608175421,18.879227941172886],[-97.6230637242793,18.879633403152045]]]}},{"type":"Feature","properties":{"clues":"VZIMS003043"},"geometry":{"type":"Polygon","coordinates":[[[-97.57182006790828,20.25083592220665],[-97.57996818335855,20.24106621906306],[-97.58800489416119,20.235204939014103],[-97.60384752937618,20.239115658987796],[-97.61699398675796,20.2388445517918],[-97.62825003122519,20.256313282048996],[-97.63326728534304,20.269560317400202],[-97.61789350643555,20.280218240726228],[-97.61338615914526,20.279079344134992],[-97.60307079742653,20.28239889648021],[-97.58486949341874,20.284703951568826],[-97.57845758243774,20.29285505341349],[-97.56777024876897,20.295078029943856],[-97.5663445844889,20.290730108601412],[-97.56547606937445,20.271462056288392],[-97.57910231980902,20.26173795941775],[-97.5793069073733,20.26006394075443],[-97.57182006790828,20.25083592220665]]]}},{"type":"Feature","properties":{"clues":"PLIMB005835"},"geometry":{"type":"Polygon","coordinates":[[[-97.61398277340498,18.994416431667556],[-97.62636300491393,18.999034075182895],[-97.62520540260901,19.029569300671533],[-97.59802049893675,19.019255119525077],[-97.59237606668628,19.018354151381118],[-97.58225648060419,19.00556356739491],[-97.58009384978544,18.97120052687174],[-97.58646566950571,18.963329290381186],[-97.60748811235094,18.96455310227808],[-97.61398277340498,18.994416431667556]]]}},{"type":"Feature","properties":{"clues":"VZIMB005014"},"geometry":{"type":"Polygon","coordinates":[[[-97.55413086390817,20.685249304552894],[-97.55361062543294,20.694501038914673],[-97.55648158348542,20.696986043785607],[-97.56553684545773,20.69657580566982],[-97.56981017578451,20.7014777872133],[-97.5764452573476,20.701054548606066],[-97.58763294536956,20.707345464822787],[-97.58953172498614,20.71092257318315],[-97.58824290795921,20.712691221449973],[-97.58522707910822,20.73871601648593],[-97.5878853014288,20.741222263582582],[-97.58425734169661,20.75281530193869],[-97.57226029928096,20.757523260164763],[-97.56314629894857,20.740860988534333],[-97.565012840028,20.736448895762592],[-97.55787975922023,20.729969306869346],[-97.55148171530655,20.72921879654469],[-97.53822637131829,20.737800724959257],[-97.53698949853474,20.74259637064762],[-97.52213856641329,20.737152218550246],[-97.51899095907615,20.72523548653629],[-97.51285007202146,20.71268818858205],[-97.51529729767789,20.707179462959086],[-97.51236308085996,20.695691969157963],[-97.49644613776593,20.679782463408603],[-97.50372678409434,20.667257603798596],[-97.51468580123102,20.664708335572804],[-97.52666549643631,20.67065869766783],[-97.52716365794903,20.67232568668266],[-97.53894316522802,20.681098545177672],[-97.54103643883272,20.67960187226967],[-97.55413086390817,20.685249304552894]]]}},{"type":"Feature","properties":{"clues":"PLIMS003345"},"geometry":{"type":"Polygon","coordinates":[[[-97.56811896847036,20.047764932781984],[-97.58381395137413,20.048664751454055],[-97.59159813762187,20.047209234772204],[-97.59131361707124,20.07750622601669],[-97.58528267339032,20.082220059642722],[-97.57252110454782,20.080529840311485],[-97.56417864357256,20.081357579029127],[-97.56090573643363,20.075744889094047],[-97.56186297762547,20.059923375659903],[-97.56811896847036,20.047764932781984]]]}},{"type":"Feature","properties":{"clues":"VZIMB008700"},"geometry":{"type":"Polygon","coordinates":[[[-97.5070004609345,20.538128720094896],[-97.49918907917056,20.545692862949025],[-97.49132300389587,20.548416772668173],[-97.48849639861251,20.547644481445328],[-97.48673610221887,20.545109027669127],[-97.47970023574285,20.54658686910997],[-97.47634104730719,20.543285244839048],[-97.47136595415266,20.542545364506772],[-97.46847816369518,20.543816965764687],[-97.46691535745006,20.54715155824514],[-97.4605634909158,20.546386707827942],[-97.45678405053958,20.553007618086788],[-97.4537072651583,20.548571459142337],[-97.45769453471286,20.54476413774423],[-97.45607810358288,20.54011944856184],[-97.45681058917341,20.534001974787707],[-97.45973348989868,20.532125233433984],[-97.45725321468245,20.523637568722876],[-97.46542581429958,20.52180472483969],[-97.46070708769345,20.513057292610156],[-97.46333829573817,20.511491284515284],[-97.47144036693304,20.51177033038872],[-97.47375583750114,20.521805689674267],[-97.48364478514065,20.521643008123107],[-97.48584546854362,20.519994462603698],[-97.49234019980683,20.522731189813992],[-97.50901136367425,20.516991309370017],[-97.51853635772953,20.521254388375635],[-97.52074789096352,20.52778744828328],[-97.51601846848214,20.533567223225994],[-97.5070004609345,20.538128720094896]]]}},{"type":"Feature","properties":{"clues":"PLIMS001583"},"geometry":{"type":"Polygon","coordinates":[[[-97.4366200421536,18.867960890357253],[-97.45540955096399,18.86939469485035],[-97.45624573080161,18.884533222119355],[-97.44982761220025,18.890812299393936],[-97.44511327122757,18.893098402206242],[-97.43568931809529,18.912813812391967],[-97.4425457101924,18.919266464256005],[-97.44916902938353,18.932158841616687],[-97.44969777144853,18.937460978298482],[-97.43151445274509,18.94091144178428],[-97.4145347382895,18.96294392630384],[-97.40470636803686,18.965112511888798],[-97.3911356571834,18.964421126352324],[-97.38460294014958,18.952001711064952],[-97.41326202852987,18.91638706525569],[-97.4051993307902,18.905738483747353],[-97.40014294663466,18.904722243662363],[-97.39161423815234,18.897521221564595],[-97.4000454440479,18.882805250612325],[-97.39417511053918,18.869834024013453],[-97.40002488725742,18.86585616957974],[-97.40295571761075,18.84815547327347],[-97.40655689770585,18.846775951822867],[-97.41449567418714,18.8370977575016],[-97.42074639829329,18.83621224242209],[-97.42750993476876,18.83982296507084],[-97.42916355389478,18.86334197453614],[-97.4366200421536,18.867960890357253]]]}},{"type":"Feature","properties":{"clues":"PLIMS003041"},"geometry":{"type":"Polygon","coordinates":[[[-97.367088042644,19.864995340474383],[-97.37370253310071,19.865508546999603],[-97.37954291666358,19.86973199276172],[-97.37519827033343,19.893303274101008],[-97.3793709383617,19.90338793807416],[-97.37472404868504,19.911219873795492],[-97.35829378731675,19.928820940313177],[-97.35631233913794,19.93504560178056],[-97.33492276114468,19.937852066492095],[-97.32000803901555,19.914340694329525],[-97.31933369563401,19.906061264499925],[-97.3233039985441,19.898011739184625],[-97.33343831888953,19.885973709544825],[-97.3372465711758,19.877012408475423],[-97.35101055795135,19.871731379081652],[-97.35600444294735,19.848661586209918],[-97.36153350454057,19.83843332392628],[-97.3664129304947,19.834929153221875],[-97.37278666643618,19.838046777013677],[-97.37589766250194,19.84318409405257],[-97.36500033039306,19.85054860763906],[-97.367088042644,19.864995340474383]]]}},{"type":"Feature","properties":{"clues":"VZIMB003532"},"geometry":{"type":"Polygon","coordinates":[[[-97.29425077540813,20.19614827503424],[-97.29895443141979,20.202341176033226],[-97.31033435435495,20.202769080878006],[-97.31256263016647,20.204196560323798],[-97.3273298174474,20.19744969449314],[-97.33643532695126,20.217419636155093],[-97.31507561370857,20.218357961696274],[-97.30842734067991,20.228670253751307],[-97.3126937256339,20.23408198562549],[-97.30985315217839,20.252093526780786],[-97.30413476487207,20.254403364296422],[-97.2911821428687,20.250061331065847],[-97.2864501327812,20.264534091100153],[-97.26931530966817,20.269684975390753],[-97.26941278387753,20.261900253891476],[-97.26149106802582,20.23844796097969],[-97.2443403845417,20.233018030592177],[-97.24228500222004,20.20228962823478],[-97.24044854205948,20.200038244326773],[-97.24281479241137,20.193903721877167],[-97.24327226334059,20.183522264123773],[-97.24219139082022,20.17505499943954],[-97.23749532795884,20.167691700704523],[-97.24876323454754,20.15877838256433],[-97.25522011834961,20.1656991988713],[-97.26380178409575,20.16728839623174],[-97.27127437626702,20.16687879694037],[-97.27840781109258,20.17437364554705],[-97.27968103757962,20.190361706373547],[-97.29425077540813,20.19614827503424]]]}},{"type":"Feature","properties":{"clues":"VZIMB000732"},"geometry":{"type":"Polygon","coordinates":[[[-97.26554879862086,20.648268965334804],[-97.26387308017034,20.637252639390223],[-97.26487461596558,20.630971952325357],[-97.26781782206925,20.628993437434918],[-97.28435021780138,20.632696568248555],[-97.2892229103112,20.612572091274853],[-97.29709157623691,20.613781271912284],[-97.30455053043008,20.630659978391353],[-97.29807733747849,20.63552408401305],[-97.29775344646197,20.646576380237665],[-97.2854734373066,20.656262182133982],[-97.28826855432519,20.666274909332518],[-97.29488220510804,20.67040264847695],[-97.29376313477881,20.68237669430139],[-97.28301264876919,20.68745366336532],[-97.272524308161,20.687748343048437],[-97.27003681953734,20.676578560960074],[-97.27116746297308,20.673234209127692],[-97.26011007513375,20.65839576512818],[-97.26554879862086,20.648268965334804]]]}},{"type":"Feature","properties":{"clues":"VZIMB006332"},"geometry":{"type":"Polygon","coordinates":[[[-97.28299386813283,19.728705225672048],[-97.26979545224255,19.715605276525054],[-97.26392709116195,19.729816792528176],[-97.2568793304283,19.72892966680478],[-97.25387517764314,19.72103975818479],[-97.2610217534193,19.709589474287093],[-97.26979147581179,19.70812671831325],[-97.28170724600778,19.70897691811487],[-97.28695424309755,19.715477112044493],[-97.28299386813283,19.728705225672048]]]}},{"type":"Feature","properties":{"clues":"VZIMB002651"},"geometry":{"type":"Polygon","coordinates":[[[-97.14193829124056,18.919519299279447],[-97.14683792747542,18.92032160545182],[-97.15387184298801,18.91778955272665],[-97.1760376842958,18.919149574521306],[-97.17872070744039,18.92681937399025],[-97.17712768763946,18.93250919055546],[-97.17079168594768,18.949097263159423],[-97.16370797788213,18.957636985533973],[-97.16111755080826,18.954420513258487],[-97.15381364289429,18.9532754372325],[-97.15261555911857,18.94789488956179],[-97.14695682740019,18.947147490458995],[-97.13607805103895,18.941173451516338],[-97.13617205944468,18.932601003005303],[-97.13864516546113,18.930094130454666],[-97.13597526874311,18.925378511527686],[-97.14193829124056,18.919519299279447]]]}},{"type":"Feature","properties":{"clues":"VZIMB004536"},"geometry":{"type":"Polygon","coordinates":[[[-96.98628652333672,20.352097387078622],[-97.00210144719443,20.35940600271189],[-96.99702905011975,20.369169923489654],[-96.99717318486746,20.38323797979693],[-97.00423076007276,20.388972330848613],[-97.01485793175821,20.388816708329525],[-97.01874565725194,20.392853658286555],[-97.0210084844731,20.401601041250263],[-97.01200504402824,20.410908642217294],[-97.00863451710934,20.427588108422746],[-96.99517308529438,20.425516279120934],[-96.99750325821898,20.45484778830383],[-97.00412384412408,20.45446312472387],[-97.01388084600273,20.4609137994355],[-97.00912795281444,20.47036867698784],[-97.00183327737582,20.47544004277976],[-96.98535417002867,20.463368349024584],[-96.95507729011855,20.417379769648385],[-96.93678858001581,20.395960579655],[-96.90907474996169,20.36617297979711],[-96.86280417659921,20.320080461451052],[-96.88685887171472,20.293365687872914],[-96.88530279609553,20.288819756414533],[-96.8969657691216,20.276707003870055],[-96.93456938611628,20.28945466160438],[-96.93868355003434,20.29392503543292],[-96.95989468323219,20.279306109071353],[-96.96145637524197,20.30759246808611],[-96.94226583377812,20.32088606434634],[-96.9539647056878,20.34133222571206],[-96.96205182518439,20.34196652682027],[-96.96731790347621,20.345719402817863],[-96.98326840208347,20.348965982682163],[-96.98628652333672,20.352097387078622]]]}},{"type":"Feature","properties":{"clues":"VZIMB001811"},"geometry":{"type":"Polygon","coordinates":[[[-97.10552609479016,20.431671149599886],[-97.10319650198916,20.429767172922777],[-97.093106715178,20.42824574228812],[-97.08381513551247,20.420180633414805],[-97.09051790455179,20.40730215437071],[-97.10041996291483,20.403466968891127],[-97.10728856375448,20.398659301703535],[-97.11648235146922,20.411997366323316],[-97.11799812879666,20.424114280409935],[-97.10552609479016,20.431671149599886]]]}},{"type":"Feature","properties":{"clues":"VZIMB006822"},"geometry":{"type":"Polygon","coordinates":[[[-97.07512621674276,20.070477480497477],[-97.07512577788486,20.073743332829896],[-97.0780324742614,20.07443132129161],[-97.07990575908212,20.08831197876064],[-97.08825008672336,20.087117098173547],[-97.08964249878086,20.082126983247736],[-97.09661405863343,20.081882050794345],[-97.10543012033303,20.076694825286822],[-97.10961457101976,20.083777682453615],[-97.107611609078,20.08593737259732],[-97.10640250408697,20.100751440364178],[-97.11405943399272,20.100489266791893],[-97.11594787050718,20.10509818403339],[-97.10980911197157,20.117945807499467],[-97.11232145248465,20.124877975285397],[-97.10621088640701,20.131695883301155],[-97.08939514818762,20.1198282435775],[-97.07664071341685,20.126989129460178],[-97.05947273665959,20.12620533603987],[-97.05679233410018,20.123700251943742],[-97.05292494847805,20.123052342015825],[-97.04575902127542,20.137201592590863],[-97.04936171651866,20.143646741301804],[-97.04972848457854,20.147469130592622],[-97.03773397706381,20.15882398809548],[-97.03402382233206,20.159585884286138],[-97.02792037728953,20.159027941167977],[-97.01767810609812,20.13923915527471],[-97.02046772548529,20.13171179445683],[-97.0257841682672,20.124221802043675],[-97.02093188486448,20.119270463628855],[-97.00455689810786,20.111638788169763],[-96.99545230995678,20.118922562520314],[-96.98711957067835,20.12104655058992],[-96.98510829939553,20.129027541996773],[-96.98039333983594,20.130841575434058],[-96.96864343640512,20.125804544417793],[-96.96803862006647,20.124184756435476],[-96.97540990091291,20.11659337379562],[-96.97621568960821,20.104498269189413],[-96.98377567549711,20.09799264552881],[-96.98597046746737,20.089717525713244],[-97.00363006034746,20.090324238820916],[-97.00813942745721,20.08620227241112],[-97.00870414128305,20.083487670999595],[-97.01679343232733,20.072293820402884],[-97.02342116212874,20.071569197879615],[-97.02735287334937,20.06596425679259],[-97.03885969846253,20.067489809583535],[-97.04150300549725,20.071016106103134],[-97.04587684143608,20.0715913389692],[-97.0556223944901,20.065924710165966],[-97.05492430634304,20.06072348652385],[-97.0563242408534,20.05960077398559],[-97.06069833548474,20.06555620421951],[-97.0632856723258,20.062581517687022],[-97.06849849123167,20.061715121713647],[-97.07020439917366,20.0600650226567],[-97.07418289700901,20.065470335103146],[-97.07338250694595,20.068582987756834],[-97.07512621674276,20.070477480497477]]]}},{"type":"Feature","properties":{"clues":"VZIMS006461"},"geometry":{"type":"Polygon","coordinates":[[[-96.76311784923479,19.984831379776992],[-96.76129850064221,19.992119114409654],[-96.75601721340855,20.002286453166022],[-96.7592587112906,20.00910416655895],[-96.76320631086114,20.02471564917727],[-96.75644587175931,20.03558135393818],[-96.76666505892504,20.041897675086137],[-96.76378162817713,20.059782964162373],[-96.76706275324474,20.06783902444211],[-96.77183672479393,20.07334444587908],[-96.76461191886217,20.076707045550172],[-96.75736999451789,20.08391999502806],[-96.73540224541877,20.08065969089053],[-96.7402261731901,20.0681256532179],[-96.74045859321258,20.061394109796254],[-96.73718471062374,20.046933091955744],[-96.74309148329786,20.03878499177664],[-96.74999500402853,20.035562780750237],[-96.74794276738216,20.0195933620071],[-96.7372913536681,20.009011170810954],[-96.73141648933132,20.008818491985515],[-96.72749510285854,20.010321161841773],[-96.72997588308925,20.02113693712351],[-96.72500383866142,20.023577948811308],[-96.71100536436573,20.024358200187212],[-96.71019710016527,20.015322630538684],[-96.72165455833839,20.007846947671766],[-96.71656406410719,19.987437108993213],[-96.72032455437318,19.98159837496164],[-96.74102167071614,19.988990130011235],[-96.74836982994061,19.978606100490147],[-96.75606682330891,19.97656808362347],[-96.76311784923479,19.984831379776992]]]}},{"type":"Feature","properties":{"clues":"VZIMS002594"},"geometry":{"type":"Polygon","coordinates":[[[-96.73116352355356,19.750218075101312],[-96.73271831977567,19.73973267814077],[-96.73937220722294,19.727519978766548],[-96.74167491977161,19.71847413987048],[-96.74332355372441,19.71725253895047],[-96.76210660743162,19.726662156693898],[-96.76477211738644,19.73805914726197],[-96.77211021868071,19.743662343420297],[-96.77144274639927,19.747147973449586],[-96.76095859709096,19.758300410396355],[-96.76359513420395,19.763607721643286],[-96.762732501978,19.772753669815458],[-96.75859570156214,19.77576822241457],[-96.75189540721941,19.773929738111764],[-96.74564106631381,19.766075798436756],[-96.74483189683541,19.760053997608757],[-96.7411906345873,19.754439752701348],[-96.73116352355356,19.750218075101312]]]}},{"type":"Feature","properties":{"clues":"SPIMS001385"},"geometry":{"type":"Polygon","coordinates":[[[-99.47170732767898,21.495725344693263],[-99.47324534927392,21.489530059028702],[-99.49284300680256,21.474893331701786],[-99.49913424601492,21.485243685283834],[-99.50271541110521,21.49971891768647],[-99.49840689595577,21.509722213104794],[-99.49957649155812,21.519371556295567],[-99.48253165752345,21.52020941607406],[-99.47337126555952,21.50943138596262],[-99.47500639303227,21.50185115673546],[-99.47170732767898,21.495725344693263]]]}},{"type":"Feature","properties":{"clues":"YNIMS001010"},"geometry":{"type":"Polygon","coordinates":[[[-89.03561495050566,20.94650163508191],[-89.06490162740585,20.976164896353673],[-89.04565538695635,20.993209043566978],[-89.05514278244254,21.02075093349693],[-89.05949195069647,21.026316680324594],[-89.05813094138763,21.038601036023334],[-89.06159662405551,21.08878507759494],[-89.03220551938335,21.10998399051236],[-89.02723493513639,21.10998097032255],[-89.0069683199057,21.10154380438318],[-88.95225484958031,21.09750690703961],[-88.9345001978621,21.08365831819603],[-88.93752038722288,21.06837125927549],[-88.96585772411905,21.04351354878624],[-88.98762592433629,21.02959091112175],[-88.98991853347314,21.026826271622387],[-88.99422272745188,21.010732254152167],[-89.00829785877437,20.999383797581793],[-89.01397996813797,20.99658118743643],[-89.0102168165079,20.96275460778443],[-89.01888319599735,20.9532800275766],[-89.02323622498831,20.95153762868056],[-89.02712233877608,20.94510677424361],[-89.03561495050566,20.94650163508191]]]}},{"type":"Feature","properties":{"clues":"YNIMS001232"},"geometry":{"type":"Polygon","coordinates":[[[-88.59977005865562,20.472447129601157],[-88.61875196681426,20.40586359177855],[-88.62343254172502,20.404707372382735],[-88.70269747108077,20.45021834296852],[-88.76853050542486,20.49926713272526],[-88.77967825384184,20.50311943472437],[-88.77876929692009,20.521556807983004],[-88.7681700173882,20.594962459314136],[-88.73723987751953,20.59789430242587],[-88.70234278683098,20.573699918282646],[-88.70205349713568,20.534223133367664],[-88.68531308313231,20.51578357257632],[-88.62475728273688,20.542797843505724],[-88.61994277533843,20.495484056185422],[-88.59977005865562,20.472447129601157]]]}},{"type":"Feature","properties":{"clues":"YNIMS000532"},"geometry":{"type":"Polygon","coordinates":[[[-88.65177695445745,20.082146470048386],[-88.6546582011882,20.083540194627385],[-88.69478330818156,20.08597501927519],[-88.735335645827,20.07686224091607],[-88.74339406728254,20.148900325272017],[-88.73687302198718,20.153855151792065],[-88.73128572886282,20.165096023829328],[-88.73973048243028,20.18869315743055],[-88.72331620759783,20.216662086307547],[-88.69607595933877,20.231887650586916],[-88.68408220304114,20.22564363154459],[-88.6760305960573,20.225228823765793],[-88.65138101879535,20.20629629459967],[-88.62839825778946,20.24058037559536],[-88.63960911468884,20.254829597748593],[-88.63778586836864,20.298383017150748],[-88.57714424905606,20.26365011694357],[-88.5362190914153,20.288504061292763],[-88.4732284106324,20.253971421173027],[-88.46640775075161,20.245727029054922],[-88.53664931291489,20.14979524877324],[-88.53502418586504,20.12358342835388],[-88.54101901814336,20.118004186179146],[-88.64946158638638,20.083990489109958],[-88.65177695445745,20.082146470048386]]]}},{"type":"Feature","properties":{"clues":"YNSSA001620"},"geometry":{"type":"Polygon","coordinates":[[[-88.6211501917403,20.604547142920048],[-88.61939693768751,20.55184391262457],[-88.62298778705598,20.5488620316744],[-88.62475728273688,20.542797843505724],[-88.68531308313231,20.51578357257632],[-88.70205349713568,20.534223133367664],[-88.70234278683098,20.573699918282646],[-88.73723987751953,20.59789430242587],[-88.68949807878596,20.654654217518498],[-88.68102708469472,20.667559747472108],[-88.67034219642741,20.653607353731985],[-88.6490707970277,20.61527130207952],[-88.6211501917403,20.604547142920048]]]}},{"type":"Feature","properties":{"clues":"YNSSA013604"},"geometry":{"type":"Polygon","coordinates":[[[-88.64827382708889,20.92421747916029],[-88.69483395572091,20.908158797156066],[-88.72299895653428,20.96156210051257],[-88.72472718513374,20.97650141826857],[-88.75818901884149,21.00954898792619],[-88.75960000281499,21.08884416388264],[-88.72404567387969,21.087650987487187],[-88.71400273799782,21.08613997235758],[-88.68183189751677,21.058848983547918],[-88.64489855394662,21.001875058692068],[-88.64115122972785,21.00186382387217],[-88.63610742581356,21.004161253579834],[-88.60033278953196,21.03147074889542],[-88.53918362734252,21.005993507557935],[-88.52580518302611,20.99837038972704],[-88.52609306886828,20.984612891813793],[-88.51946248662419,20.929120103559452],[-88.56846537975991,20.900005287781728],[-88.61600867953725,20.912946600455328],[-88.62681476163375,20.920756795304012],[-88.64827382708889,20.92421747916029]]]}},{"type":"Feature","properties":{"clues":"QRIMB000293"},"geometry":{"type":"Polygon","coordinates":[[[-87.98087981428586,20.112444987585327],[-87.98102073634203,20.089490861022774],[-88.01688593321329,20.068580416253855],[-88.04490369084765,20.102776220035505],[-88.0523459998491,20.107839651792627],[-88.05651001438018,20.108932344060623],[-88.09957463900747,20.20618979385725],[-88.0985765132379,20.212468317270087],[-88.05625775996867,20.24470414382002],[-88.01091950436303,20.224195284922562],[-87.98938027461762,20.25298883921356],[-87.91563227475727,20.245128959049353],[-87.9601294121998,20.18655350627114],[-87.9597446875181,20.17173433808735],[-87.98566234119073,20.151618973591155],[-87.98087981428586,20.112444987585327]]]}},{"type":"Feature","properties":{"clues":"QRIMB000976"},"geometry":{"type":"Polygon","coordinates":[[[-86.87783222838505,21.14497490772261],[-86.86877548390899,21.147565043633733],[-86.86639303573025,21.1464851313938],[-86.86608498986679,21.14167253265895],[-86.87100859123676,21.139655027480675],[-86.8737275867487,21.141241073808512],[-86.8776310319127,21.14089794162003],[-86.87783222838505,21.14497490772261]]]}},{"type":"Feature","properties":{"clues":"SPIMS002061"},"geometry":{"type":"Polygon","coordinates":[[[-101.25147697650961,22.937268927123196],[-101.25993086335849,22.934013443539445],[-101.26793590294318,22.936949659230653],[-101.27635156694099,22.93550874235074],[-101.28006545186699,22.931277357000894],[-101.29357546841507,22.92371922128878],[-101.30826572035392,22.934234488288837],[-101.30871591369349,22.945770075574003],[-101.30423214180747,22.9557703810203],[-101.31306357457228,22.967793536734074],[-101.34105098409054,22.973428856479657],[-101.32307222717378,22.997157706808807],[-101.32948251298801,23.03792705460595],[-101.33697932270655,23.051899168985933],[-101.30133585712346,23.053051108274353],[-101.28054725174302,23.04259359320645],[-101.27265108527372,23.016449491811123],[-101.25638071001535,23.003697229656],[-101.25158890949643,23.004611897256265],[-101.23598812958272,23.00107632282692],[-101.2058151362527,23.0038396583023],[-101.18164765296196,23.030250947836706],[-101.15436605046135,23.01427982893402],[-101.15027055718741,22.9818742977934],[-101.14845083559142,22.98128568827058],[-101.14325955109688,22.955691167436218],[-101.13436915086275,22.943911512909757],[-101.13782474033714,22.931726956142864],[-101.15335258563111,22.926277426948445],[-101.1615850511158,22.93537494024598],[-101.1834223934587,22.93681507330751],[-101.18478425447124,22.933978148873862],[-101.21437789856618,22.92917089759353],[-101.21976118601818,22.925614848082304],[-101.22135150077864,22.919066179258248],[-101.25147697650961,22.937268927123196]]]}},{"type":"Feature","properties":{"clues":"SPIMS002056"},"geometry":{"type":"Polygon","coordinates":[[[-101.22453659619845,22.783432416953815],[-101.25553765228675,22.793416285740904],[-101.26407366026623,22.801154824944657],[-101.31736432764356,22.819193223414434],[-101.26615452164747,22.882630739056832],[-101.26751930244791,22.898862865663045],[-101.26512332176976,22.903623027405093],[-101.25051887963693,22.91340725468835],[-101.22584383821415,22.906524505417593],[-101.22154689564667,22.91163764357905],[-101.21976118601818,22.925614848082304],[-101.21437789856618,22.92917089759353],[-101.18478425447124,22.933978148873862],[-101.1834223934587,22.93681507330751],[-101.1615850511158,22.93537494024598],[-101.15335258563111,22.926277426948445],[-101.15560678445988,22.918942651075344],[-101.16828389761154,22.91051298727646],[-101.17426224872526,22.89188338812151],[-101.16596230865734,22.87469396646246],[-101.14948486952731,22.869741308719412],[-101.14412178863056,22.855792904452127],[-101.1286843196802,22.843423192199396],[-101.14667723508057,22.793833377397558],[-101.15681196795465,22.794351039653087],[-101.1696410555385,22.789739654176223],[-101.21361645792045,22.787775142841106],[-101.22453659619845,22.783432416953815]]]}},{"type":"Feature","properties":{"clues":"SPIMB002282"},"geometry":{"type":"Polygon","coordinates":[[[-101.14948486952731,22.869741308719412],[-101.16596230865734,22.87469396646246],[-101.17426224872526,22.89188338812151],[-101.16828389761154,22.91051298727646],[-101.15560678445988,22.918942651075344],[-101.15335258563111,22.926277426948445],[-101.13782474033714,22.931726956142864],[-101.13436915086275,22.943911512909757],[-101.14325955109688,22.955691167436218],[-101.14845083559142,22.98128568827058],[-101.15027055718741,22.9818742977934],[-101.15436605046135,23.01427982893402],[-101.18164765296196,23.030250947836706],[-101.1808897766778,23.034882961507705],[-101.15995640081464,23.052490835875332],[-101.14872732540802,23.045649520411274],[-101.13385851888623,23.026110525611283],[-101.1229668756394,23.02503479881395],[-101.11703574054576,23.036790277315767],[-101.09112281330032,23.041445887898757],[-101.07936388451792,23.03059287065799],[-101.0567771556513,23.03858091833343],[-101.04166938520277,23.020848771099736],[-101.03274290163255,23.018059260177427],[-100.99084570307967,23.038056534850806],[-100.9791854475535,23.04181519429335],[-100.96274068509761,23.044115504385015],[-100.95339196129763,23.01190915628194],[-100.95936225415839,22.995023343336225],[-100.98161831861654,22.979584402376002],[-100.9897115498012,22.96067963979294],[-100.97212409728637,22.938460987189362],[-100.97426186449293,22.92317574932684],[-100.97813694315909,22.909303296197468],[-101.0016467576296,22.908864245618545],[-101.01774231179053,22.906256784279087],[-101.02190770104284,22.90821024441463],[-101.05085459059936,22.896739547839466],[-101.05412304617359,22.865902928801752],[-101.0259481522045,22.860375953935154],[-100.99856163572159,22.834340741001714],[-101.00947416599253,22.815912629495536],[-101.02428993368,22.81036113762958],[-101.05310553418965,22.80362075726919],[-101.0724652811204,22.82121890083175],[-101.09395379421454,22.82140092723974],[-101.11440606622612,22.84202840595523],[-101.1286843196802,22.843423192199396],[-101.14412178863056,22.855792904452127],[-101.14948486952731,22.869741308719412]]]}},{"type":"Feature","properties":{"clues":"SPIMS000743"},"geometry":{"type":"Polygon","coordinates":[[[-100.85749556274114,22.160253004000943],[-100.86947150562358,22.167893368557895],[-100.85953418897263,22.180731619767748],[-100.8609438585415,22.18442837274708],[-100.8540843027821,22.189304988782236],[-100.86236469289776,22.193941996785057],[-100.86266109620054,22.19616285659165],[-100.85722453826175,22.205567863827607],[-100.83894715187598,22.20431506969437],[-100.82762264164609,22.21501308582119],[-100.82680348956282,22.22290088831141],[-100.80697666184058,22.263629869935695],[-100.80227813234177,22.262726893038877],[-100.77643941018748,22.241790935010037],[-100.76818856532775,22.230857515005226],[-100.77232938888447,22.198982305657196],[-100.7643086198767,22.183549900863746],[-100.76200334229057,22.182644130141824],[-100.75955165182374,22.1511327313898],[-100.76296190613097,22.14498312478263],[-100.76252980851292,22.131053719364367],[-100.76720487484582,22.126232839413877],[-100.77812374861864,22.12747750580451],[-100.79203551820969,22.13574672274249],[-100.79647641215834,22.135411468291565],[-100.81211690927147,22.16249916433495],[-100.80816735091572,22.17082407571952],[-100.81216663380953,22.180586905072264],[-100.82830744365201,22.180392856497186],[-100.8311407855837,22.174113805594224],[-100.83117739564369,22.166496977781204],[-100.82056654502219,22.158855281983026],[-100.82865817597978,22.145814607496593],[-100.83460125717315,22.146153624846516],[-100.84080855383462,22.161552718130405],[-100.85032602514634,22.151332120164486],[-100.8577507209551,22.158489271034092],[-100.85749556274114,22.160253004000943]]]}},{"type":"Feature","properties":{"clues":"SPIMS002435"},"geometry":{"type":"Polygon","coordinates":[[[-100.75217616931083,21.962902720135318],[-100.76916524281096,21.96817516676651],[-100.78230464744112,21.969640489218026],[-100.78716509068855,21.988309345446243],[-100.80718356528524,22.009110797410194],[-100.7904742249534,22.038200139193776],[-100.78110618062327,22.05951459995636],[-100.7772589027319,22.057526915714107],[-100.76764631312703,22.047673657938798],[-100.74244103584984,22.011514487342744],[-100.7320715635299,22.00922269376372],[-100.72796634448507,22.006787658052325],[-100.71667771591984,21.996105935570927],[-100.72188619284076,21.980150330146607],[-100.74482182126933,21.9655456140631],[-100.75217616931083,21.962902720135318]]]}},{"type":"Feature","properties":{"clues":"SPIMS000830"},"geometry":{"type":"Polygon","coordinates":[[[-100.45543630538265,21.926402331875117],[-100.4743150192523,21.92836838104076],[-100.4862238799891,21.940379491006578],[-100.49589261586533,21.94628507908841],[-100.50402276737884,21.955406071312],[-100.50215385825992,21.965243299148195],[-100.48618934508814,21.99156527136795],[-100.47955883693186,22.01609566018845],[-100.46303234103053,22.016669577494536],[-100.45468269557304,22.01915439360288],[-100.43276108398894,22.036200458028915],[-100.41448714282103,22.014921139528145],[-100.40955413787965,22.002160915132382],[-100.40552359868781,22.00094511163799],[-100.38906129711091,22.004029878631012],[-100.37728783731843,21.99742861627009],[-100.38631195604539,21.972905521821858],[-100.38627954302052,21.947387998829587],[-100.39214695765351,21.939999585172092],[-100.39497768506946,21.941550907615827],[-100.426125249199,21.938408198200268],[-100.43943746404126,21.94542296145928],[-100.45543630538265,21.926402331875117]]]}},{"type":"Feature","properties":{"clues":"SPIMS001081"},"geometry":{"type":"Polygon","coordinates":[[[-100.2257010069486,22.85901201678995],[-100.24136520599559,22.88815171805528],[-100.28015235278725,22.92424645571018],[-100.28033402023274,22.94687004434371],[-100.3040691808992,22.969989000859663],[-100.29307509749154,23.02944548134226],[-100.23824499514207,23.06243477933915],[-100.20858823228824,23.043407611624435],[-100.17079352579876,23.052245539220795],[-100.11364898880535,23.042481278509307],[-100.10287661465071,23.038509214339513],[-100.10827322330282,23.000569987148346],[-100.16613445390068,22.943659396120438],[-100.15507619301275,22.910179456704295],[-100.2257010069486,22.85901201678995]]]}},{"type":"Feature","properties":{"clues":"TSIMB000205"},"geometry":{"type":"Polygon","coordinates":[[[-99.08329508732824,22.52246815314114],[-99.08851666173607,22.51931871152497],[-99.12035150376785,22.515876346325452],[-99.11148170172606,22.530198204454145],[-99.09744043144558,22.55895063469139],[-99.09431985254545,22.5776446954972],[-99.07706145707365,22.571087147340204],[-99.07778015972563,22.564650116466044],[-99.0762318119119,22.555193109662362],[-99.08173583698897,22.550739351466998],[-99.07790099650019,22.546827842446657],[-99.07802504238582,22.544516536976364],[-99.08321792531846,22.54080239457449],[-99.08510625130259,22.537347076187114],[-99.07886492287176,22.531189485180295],[-99.08329508732824,22.52246815314114]]]}},{"type":"Feature","properties":{"clues":"TSIMB002240"},"geometry":{"type":"Polygon","coordinates":[[[-99.08975801866126,22.778767426934312],[-99.12288327860404,22.777891892512258],[-99.12793151783045,22.78240316156562],[-99.13064269161192,22.79140546064409],[-99.11044545137386,22.821940064323776],[-99.11026237483539,22.825147171428846],[-99.11531006724114,22.836317212956033],[-99.13697762869083,22.86008983619963],[-99.1023086875922,22.88694456675304],[-99.09089374450566,22.880658600840032],[-99.0858024057977,22.879709599841725],[-99.06194044744385,22.884710123984707],[-99.05748774112001,22.876082155979862],[-99.05748189330905,22.871904669478518],[-99.04562992692348,22.84055914947365],[-99.0424537092594,22.839078015482784],[-99.02773980630064,22.855651419276818],[-99.01859255082107,22.860189372774474],[-99.01962302766796,22.869123809262515],[-99.01548115650778,22.884499285493224],[-99.01805759389676,22.895192614684795],[-99.00985581460546,22.895134088561225],[-99.0104847390671,22.90593873283448],[-98.99411509190547,22.904455168297435],[-98.99237338927615,22.913555827095337],[-98.98487181978561,22.92426916581767],[-98.96203030211433,22.9153923127671],[-98.9558872142178,22.90116209299952],[-98.96355324151219,22.88013879068426],[-98.96228047831593,22.863750799969967],[-98.96008276482912,22.85185752747462],[-98.951430117177,22.84554922667984],[-98.94605469075033,22.822039942007564],[-98.95587428875058,22.81032361355253],[-98.96160685620508,22.805916788679525],[-98.96921274163672,22.830322977720797],[-98.97858256683718,22.811164320737234],[-98.9756813610786,22.80728516474319],[-98.9810465347332,22.79965800630501],[-98.97653141122254,22.789966963733406],[-98.98058162449684,22.779690457227016],[-98.99614446021317,22.793749025035382],[-98.9995097133624,22.784203854704238],[-98.99691377081223,22.775155758803788],[-99.00714500923756,22.77153921341646],[-99.00921871818304,22.774077017112326],[-99.01987639826145,22.776938201425317],[-99.02216200083348,22.779598598784556],[-99.03398086936755,22.782329609931402],[-99.0404207746487,22.772945756833234],[-99.05889212613619,22.78765083669391],[-99.05875460268828,22.793486977058592],[-99.06649172688678,22.80948020876213],[-99.07599773675608,22.798730486069786],[-99.08975801866126,22.778767426934312]]]}},{"type":"Feature","properties":{"clues":"TSIMB002351"},"geometry":{"type":"Polygon","coordinates":[[[-98.98487181978561,22.92426916581767],[-98.97901352824385,22.95391000485312],[-98.98137892242828,22.95943115632676],[-98.98846544273086,22.964068191892554],[-98.99032571571576,22.975766247305547],[-98.99285115343511,22.977005624525432],[-98.98697742555163,22.99869442650509],[-99.00557381616278,22.99156924436242],[-99.01657918749974,22.998706127131673],[-99.02302704324195,22.998294398550488],[-99.04963629909136,23.020077998581183],[-99.04587061494736,23.029771352575896],[-99.03135979231786,23.036488392766007],[-99.01814912333458,23.050076336083762],[-98.99914511841028,23.0567780357901],[-98.99554279237178,23.06853732006927],[-99.01679111859423,23.106877724637513],[-99.01882867646493,23.118077719366372],[-99.02832780407304,23.136645191968373],[-99.00156134073843,23.162303056356162],[-98.98225395756319,23.16080062189977],[-98.96435493239045,23.145518819253095],[-98.95924811447384,23.14525675102477],[-98.94770914227703,23.138822038925223],[-98.91296006352285,23.10048710429104],[-98.87873450870293,23.09635551271966],[-98.88034676661562,23.08650082628149],[-98.86939104977942,23.04071727896191],[-98.86863361502998,23.031172167368013],[-98.86215200281424,23.02346732948855],[-98.85901052180328,23.0171442951784],[-98.84996439266585,23.013533979626278],[-98.81889350613957,22.974084082509563],[-98.80940914581024,22.968379940517785],[-98.80532868740893,22.9675966163441],[-98.81259027607902,22.94085222718497],[-98.81265434823167,22.908937139333478],[-98.79973980923393,22.88707031573322],[-98.80838061576127,22.862153758632772],[-98.82174658145122,22.851924139143083],[-98.84642896286726,22.864207894067018],[-98.85548827471513,22.859941154300895],[-98.86588421545007,22.864636629124906],[-98.88002838489173,22.8970471295697],[-98.88430556227773,22.900939114437715],[-98.90661429509078,22.89458747608401],[-98.91018332807785,22.88689515757003],[-98.91165340571392,22.877824831276087],[-98.92448668327951,22.870869521618367],[-98.96199910738146,22.8658480519449],[-98.96355324151219,22.88013879068426],[-98.9558872142178,22.90116209299952],[-98.96203030211433,22.9153923127671],[-98.98487181978561,22.92426916581767]]]}},{"type":"Feature","properties":{"clues":"TSIMB000666"},"geometry":{"type":"Polygon","coordinates":[[[-98.9650650381394,22.756960781778748],[-98.96188586919897,22.75735878665162],[-98.95992877961186,22.761237161149875],[-98.96095370573475,22.763457972737573],[-98.9593434314886,22.770135820357897],[-98.96494230839049,22.7732235197359],[-98.96729614814119,22.776695374783166],[-98.95780887845217,22.79130597202491],[-98.94559650991057,22.78623596916789],[-98.93720826067985,22.78706301247934],[-98.92365818708895,22.775498572391697],[-98.91768427895131,22.773543679489354],[-98.91326331865827,22.764477348510667],[-98.89472623616102,22.747548492091713],[-98.89888678265112,22.741050824097236],[-98.90533956541547,22.736404982505807],[-98.91563517668354,22.73347471794855],[-98.922978216213,22.74258235467288],[-98.9259128339739,22.750099180384424],[-98.93928471714223,22.74876305906775],[-98.94354927883151,22.751867349057154],[-98.95233372498255,22.749029170254897],[-98.9582906560412,22.743594775010777],[-98.96335305134299,22.742040692657373],[-98.96754880093054,22.744485138205512],[-98.9650650381394,22.756960781778748]]]}},{"type":"Feature","properties":{"clues":"SLIMB001834"},"geometry":{"type":"Polygon","coordinates":[[[-107.92986310301512,25.25650348183668],[-107.9374895312162,25.261460339342708],[-107.94503543107487,25.264102516586927],[-107.94957879471008,25.274282666194154],[-107.94263636362075,25.314420036604986],[-107.97292841723174,25.31690736381155],[-107.97333041605303,25.336848586178466],[-107.96922640224653,25.35022918624159],[-107.98877526164712,25.362515311499553],[-107.9765923382726,25.391319596841164],[-107.94981438666738,25.359191650541174],[-107.94215875669244,25.357102976149303],[-107.90929071624974,25.356123635495095],[-107.88529324787741,25.344859659223765],[-107.87651553711578,25.335738585990214],[-107.88206060512529,25.281660847502533],[-107.84624730602839,25.275884781482088],[-107.82085515768196,25.252654708200915],[-107.833489907309,25.220022704377953],[-107.83260395248591,25.217495437457167],[-107.81163875880877,25.20970393591106],[-107.78249935477939,25.20944007569546],[-107.76646442748583,25.178126384489744],[-107.76599044432658,25.173853283349175],[-107.77358408696674,25.160394308365323],[-107.78891084524628,25.154049095304682],[-107.80319052482456,25.143987521896893],[-107.83798200250274,25.198826970228126],[-107.88078032027853,25.1591785990041],[-107.89417655344383,25.159199569515778],[-107.90243299274427,25.162011556401353],[-107.90871275472055,25.17223145766072],[-107.9118213278083,25.185866055756513],[-107.92853787561405,25.207884792135545],[-107.92742303027414,25.219074368731146],[-107.92986310301512,25.25650348183668]]]}},{"type":"Feature","properties":{"clues":"SLIMS000983"},"geometry":{"type":"Polygon","coordinates":[[[-107.36164996725677,24.902572561260747],[-107.40074583037017,24.912809838751627],[-107.40265917362356,24.916103771311402],[-107.41860977257784,24.921584286015143],[-107.41926489270247,24.928027302286683],[-107.41770537754512,24.934554922187417],[-107.40444716772795,24.93876140508545],[-107.39819099999913,24.958135546719205],[-107.39261576959714,24.962040549499715],[-107.39660404840829,24.974568362878976],[-107.38187943824401,24.99954504841266],[-107.38567706250483,25.000446485613583],[-107.39114351626212,25.024141718409968],[-107.38508121699529,25.025840457387147],[-107.37564803997662,25.038021685251145],[-107.38665221507368,25.052560881425205],[-107.38989760021686,25.06831631020745],[-107.37832607020428,25.073164671100024],[-107.36460733330163,25.089894919449357],[-107.3582904056786,25.133365684298816],[-107.36052073165777,25.13715074374673],[-107.36634976595921,25.1407814261185],[-107.37996495829022,25.14318170152317],[-107.41255289952987,25.15660534086555],[-107.41119376377675,25.209231402789502],[-107.400635498808,25.22262352728706],[-107.36286898202859,25.219612873494228],[-107.34450719952127,25.245259849525706],[-107.31826541004814,25.240898472329935],[-107.30189095896347,25.260114734251502],[-107.26075385558185,25.253527885289067],[-107.25785277859552,25.243590915565555],[-107.24636480219537,25.23450966867501],[-107.23740742347698,25.220046753596044],[-107.23794923230193,25.192307910414414],[-107.23287830195997,25.174634952158993],[-107.23384766599575,25.16980494143859],[-107.23174082980519,25.160531460148267],[-107.23798241144708,25.138824711439113],[-107.24247066247722,25.129346434471852],[-107.23444841378046,25.11694933226665],[-107.23485964830812,25.10157493583076],[-107.23971461306898,25.08117913869423],[-107.23981774116307,25.073359702560595],[-107.23460944075515,25.057311232754483],[-107.24624787669089,25.038128433571565],[-107.24673802958736,25.02339821776765],[-107.2588661520826,24.999926945749817],[-107.26657739197985,24.97257075166049],[-107.2695965326267,24.96950344788522],[-107.28595989911766,24.970501315544002],[-107.30676390564822,24.946158274433067],[-107.31155944499484,24.913182289166365],[-107.30523718384383,24.902943663176394],[-107.30775964879665,24.887273976881907],[-107.31248882160475,24.881391758660428],[-107.3307488804793,24.881240635285916],[-107.34338391190964,24.907374105000233],[-107.34704276892644,24.90910110511769],[-107.36164996725677,24.902572561260747]]]}},{"type":"Feature","properties":{"clues":"SRIMB000622"},"geometry":{"type":"Polygon","coordinates":[[[-110.75291249217378,30.16795905060578],[-110.75603260852937,30.16799285823765],[-110.7767069705604,30.219723239322303],[-110.77320958365789,30.244520519738344],[-110.77414089069244,30.25453669230413],[-110.79041758740608,30.28852468542107],[-110.80420253966916,30.293946106059188],[-110.85532648800475,30.360206275177756],[-110.84407047699773,30.385668374448976],[-110.83710764398286,30.424463705236022],[-110.88462238137917,30.459072249566354],[-110.90870845475067,30.4911517989377],[-110.88079355115882,30.51060443483248],[-110.85585468053985,30.521667698490784],[-110.77183429219801,30.50261675269299],[-110.76556089324322,30.516547924946007],[-110.75579914082027,30.572872014229535],[-110.76177889645106,30.598207500462525],[-110.76169855213223,30.62165314927193],[-110.65689271922716,30.615060970493786],[-110.63773578481984,30.628245636970817],[-110.62819363926303,30.67225261171524],[-110.6137936822401,30.718917400797608],[-110.57487145032259,30.761853483829498],[-110.5467520222067,30.769232293532927],[-110.46378045914936,30.69633411154267],[-110.45499369715249,30.689233800898922],[-110.44703368128147,30.68631923493117],[-110.43664342968488,30.67630518491452],[-110.39451651120379,30.520544882614978],[-110.37558321720637,30.495982307350364],[-110.38084198982274,30.463566986882014],[-110.37929800864303,30.434659858784105],[-110.4282468689649,30.3758021364706],[-110.43383975132414,30.348157862520722],[-110.37461467019116,30.269465042681],[-110.42999394405327,30.240864701924686],[-110.48353052588065,30.27900393403644],[-110.48066916777505,30.22215856120488],[-110.49901454220587,30.215311108990203],[-110.50048690832558,30.209038554747796],[-110.53126036004919,30.18630184944538],[-110.54874874276946,30.197821115721194],[-110.5614765073027,30.190497491918624],[-110.58873001383743,30.200525686482123],[-110.6015682618117,30.19120904466826],[-110.59925525721238,30.154855025742933],[-110.64716318997239,30.140280470690215],[-110.65470148969264,30.164598721491146],[-110.65260654051472,30.209887305641377],[-110.6602129831703,30.227471702398706],[-110.6839786557536,30.21745318007432],[-110.7004840070521,30.20128225328228],[-110.73304807120019,30.176442213559707],[-110.75291249217378,30.16795905060578]]]}},{"type":"Feature","properties":{"clues":"SRIMB001754"},"geometry":{"type":"Polygon","coordinates":[[[-109.80289644566813,28.39938658688825],[-109.79211829426066,28.51717189160271],[-109.79724469909615,28.522246232707133],[-109.84606360995997,28.532243456133234],[-109.8660712858428,28.572740029869784],[-109.85894639056278,28.605755554755113],[-109.84259002378903,28.62299616772201],[-109.77565676191503,28.59571090546077],[-109.76970655628905,28.60464634339592],[-109.78098620572663,28.666411145148942],[-109.6926777014127,28.690465758571793],[-109.68379270457825,28.682548003436832],[-109.68490096972283,28.649682364043414],[-109.68307700325406,28.642857440330477],[-109.64846975885868,28.59485504270827],[-109.67283360794951,28.492557094781123],[-109.68284535402677,28.489388706198742],[-109.73294165944691,28.371454638850878],[-109.80289644566813,28.39938658688825]]]}},{"type":"Feature","properties":{"clues":"TCIMB001585"},"geometry":{"type":"Polygon","coordinates":[[[-93.35049854012833,18.135434765895198],[-93.33797379895371,18.140489032247306],[-93.3241447744644,18.13861925577387],[-93.32346742077549,18.121996230300216],[-93.33224425855488,18.11686233734773],[-93.33790111655163,18.116648930558945],[-93.35919497639013,18.122371510017683],[-93.35893221012851,18.130105008107456],[-93.36399582348322,18.1367561737139],[-93.36775806580772,18.145036066486256],[-93.37385032180654,18.151903505813895],[-93.36794615649647,18.166289391573173],[-93.34966242389622,18.157372328879436],[-93.35049854012833,18.135434765895198]]]}},{"type":"Feature","properties":{"clues":"TCIMB001643"},"geometry":{"type":"Polygon","coordinates":[[[-93.26840206413135,18.149039487280273],[-93.24573364006996,18.165263408061545],[-93.23477897992542,18.15385231096188],[-93.23654676786249,18.148243158589075],[-93.25430396999415,18.14262175973901],[-93.2660840336948,18.14569901923372],[-93.26840206413135,18.149039487280273]]]}},{"type":"Feature","properties":{"clues":"TCIMB001124"},"geometry":{"type":"Polygon","coordinates":[[[-92.9036329495434,18.03656803042212],[-92.90699817644156,18.037804122715674],[-92.90820423452553,18.04791305613243],[-92.90954124442587,18.049480146177896],[-92.90852973665086,18.059343972775448],[-92.89437586628019,18.057744646900133],[-92.88909593181964,18.07600298911873],[-92.88609234632818,18.076756788219086],[-92.87826437346719,18.06689451048498],[-92.88795797460402,18.049835776289637],[-92.88709282499401,18.04753911667671],[-92.89822042913588,18.044828957999226],[-92.9036329495434,18.03656803042212]]]}},{"type":"Feature","properties":{"clues":"TCIMB000960"},"geometry":{"type":"Polygon","coordinates":[[[-92.75524013597044,18.145742844516302],[-92.75032015324497,18.150205984081524],[-92.7290353248428,18.148273552130338],[-92.72985422054131,18.131377043552572],[-92.73786294852802,18.124355578946297],[-92.7511330825608,18.136400657023596],[-92.75524013597044,18.145742844516302]]]}},{"type":"Feature","properties":{"clues":"TSIMB003005"},"geometry":{"type":"Polygon","coordinates":[[[-97.85350433289437,22.3227037466687],[-97.85806481286536,22.321603777530058],[-97.85973076940351,22.32267195228656],[-97.86000798763418,22.326185972329753],[-97.8531062242989,22.329015620386944],[-97.85355756976257,22.337911253066462],[-97.84599733216267,22.34246594194091],[-97.83706883755139,22.343448983769154],[-97.83056673804596,22.356754208173992],[-97.81404989558926,22.31157306823138],[-97.8237887729471,22.308117264801876],[-97.82221206084586,22.303688688582522],[-97.82522214722414,22.296699858475908],[-97.83136848474261,22.295926154804196],[-97.83557298994639,22.300725981555356],[-97.83847304550038,22.309559781988032],[-97.83476266033098,22.312259533928582],[-97.8342855750804,22.32126763952083],[-97.83726767983478,22.326618737520903],[-97.83942072930927,22.324970978453766],[-97.8434007425589,22.316471800218547],[-97.84933692256733,22.316217971965916],[-97.85350433289437,22.3227037466687]]]}},{"type":"Feature","properties":{"clues":"TSIMB000922"},"geometry":{"type":"Polygon","coordinates":[[[-97.6182690698151,25.65668265675456],[-97.60998515808375,25.662803887800628],[-97.60938502343777,25.68493608387542],[-97.61232793523479,25.691256248932834],[-97.60393764284211,25.701361666217604],[-97.60430598608978,25.708921152564585],[-97.60959413660618,25.72385349145385],[-97.60688854537446,25.740920226382798],[-97.63433546882416,25.744688311366627],[-97.63596843660177,25.749806168606124],[-97.64983059779489,25.758960660361748],[-97.63750884298122,25.776818469318894],[-97.62680941249819,25.774611438913947],[-97.6199389794404,25.778978998587977],[-97.60431968693153,25.767588141844236],[-97.59948174698503,25.744309779990715],[-97.5935580330622,25.745031634238],[-97.58795153000618,25.7483181858291],[-97.58074426291485,25.756711661112877],[-97.57872285068062,25.763292402987872],[-97.5759829289766,25.77466272469672],[-97.5776679561195,25.79823629411731],[-97.57029884612425,25.80261215051747],[-97.55759869717261,25.80370396168163],[-97.55206637945689,25.795619370301882],[-97.54071448907729,25.7946272939875],[-97.5380157292841,25.79027704317389],[-97.529407646702,25.790173147399226],[-97.5250735774437,25.78478039499883],[-97.52151201232246,25.785628558274738],[-97.51970534943912,25.77888115536936],[-97.51317302728943,25.776057575271878],[-97.49277051349142,25.752719335262356],[-97.49320927540477,25.750275636161643],[-97.47097053416276,25.7279190297422],[-97.45591579437027,25.686023408054698],[-97.45279444374663,25.685780153897795],[-97.27453460998504,25.569640473110933],[-97.26024936537728,25.554024890806694],[-97.24668165561224,25.550657770025197],[-97.33752927017635,25.399826330090463],[-97.36870215530261,25.345257514648683],[-97.4128195596821,25.26307348766972],[-97.42020653683281,25.243573743583408],[-97.43638611692965,25.252846511368944],[-97.43898791264046,25.256913742216952],[-97.43888530084959,25.25880225247389],[-97.42731165664792,25.273477470852878],[-97.43365248006417,25.278454599987203],[-97.441055922353,25.291724189756334],[-97.46968599765509,25.292009404725437],[-97.4821925659738,25.339881535879805],[-97.48795320376051,25.342455406932896],[-97.483075279353,25.3682505152852],[-97.46196434491395,25.406035385685836],[-97.46379053720463,25.408211240302723],[-97.48361102708643,25.417867763465008],[-97.48735316637439,25.432005454871096],[-97.4991653676817,25.452977793533847],[-97.5112037580739,25.498460745913306],[-97.54057194472583,25.49849949483911],[-97.55464185162698,25.52729203682199],[-97.55481931745358,25.574870650319575],[-97.54385026952632,25.591535939367457],[-97.5732224131483,25.626934965170637],[-97.58806883070038,25.626391866660587],[-97.59259285797111,25.620746349770545],[-97.59310428705349,25.61744523578344],[-97.62760351244697,25.603735541064513],[-97.6280007125366,25.60985049956506],[-97.62325533886204,25.620539577034435],[-97.63146821560485,25.625605260870433],[-97.62617125633102,25.639159961483458],[-97.61705364045883,25.65080046249408],[-97.6182690698151,25.65668265675456]]]}},{"type":"Feature","properties":{"clues":"TSIMB000782"},"geometry":{"type":"Polygon","coordinates":[[[-97.47063535802837,25.844572035400144],[-97.47340654353683,25.843632466771094],[-97.47591423897393,25.844554544269748],[-97.47720673486458,25.849689394141272],[-97.4743308388635,25.85348906838432],[-97.47926037275741,25.857487016954142],[-97.47757053576312,25.860645352745408],[-97.47454807125024,25.86173450974818],[-97.47193930079038,25.86027470607556],[-97.4711191220508,25.855325786120975],[-97.46679139288064,25.853046370218273],[-97.47051087691992,25.847439916437203],[-97.47063535802837,25.844572035400144]]]}},{"type":"Feature","properties":{"clues":"VZIMB007954"},"geometry":{"type":"Polygon","coordinates":[[[-98.08494021248067,21.43643869030463],[-98.084800590446,21.43978523519117],[-98.080480344355,21.44484446032667],[-98.07547692177874,21.455949304381992],[-98.06399652576467,21.469520174233928],[-98.09077075607433,21.499584520992695],[-98.08383812665146,21.519986122337315],[-98.07875662812467,21.522022624400556],[-98.0608045763239,21.517953478617926],[-98.06055072894883,21.519909925653465],[-98.06801678156936,21.5276895158243],[-98.0586668086468,21.541883394648288],[-98.04664386241127,21.541545953024173],[-98.04890547921512,21.52630745313519],[-98.0452772553836,21.516811468542773],[-98.03859701381552,21.51627958619101],[-98.03723679539317,21.51158223873768],[-98.0278982043225,21.50075972999397],[-98.02126500593266,21.502005776702298],[-98.01799287301982,21.498580374486593],[-98.00420966954242,21.5002812665578],[-98.00094957681222,21.494201199443786],[-97.99442978926962,21.490417251217593],[-97.99503354928929,21.478758662438672],[-97.99016911462925,21.47503175644471],[-97.98070981156627,21.477372607366338],[-97.97084680598265,21.474060085270864],[-97.97369370489093,21.480611202617215],[-97.96894829094506,21.4836955555759],[-97.96382724611304,21.479118566486623],[-97.95989629150748,21.4799998859661],[-97.95881884207645,21.479081343061694],[-97.95422178214258,21.46581630940903],[-97.94214546697918,21.468350484967925],[-97.94209131366486,21.462676594185986],[-97.9374574459774,21.45873687547619],[-97.93311887461167,21.45721432823967],[-97.93140278759095,21.45253053106601],[-97.92749688810314,21.45211823242893],[-97.921943852875,21.443130725853514],[-97.92471594577641,21.434941543733974],[-97.92279656311017,21.41212167754344],[-97.9287626016431,21.410182236379917],[-97.93671120819904,21.416943218934076],[-97.94195089405801,21.4180324194032],[-97.95393582214838,21.412541535653755],[-97.95538083917033,21.400399426782574],[-97.96889815481317,21.39768016219073],[-97.97217514373729,21.39905959361587],[-97.97402282342571,21.41046814414488],[-97.98011303447082,21.423982557826708],[-97.98497199456585,21.429559429028426],[-98.00053063493927,21.43071379466218],[-98.01095062024999,21.417607910121014],[-98.01909065896936,21.403970924851073],[-98.04884364508864,21.41215806655655],[-98.05572286981501,21.405059281414953],[-98.07667792988144,21.417069198519016],[-98.07892477285722,21.42803167928883],[-98.08494021248067,21.43643869030463]]]}},{"type":"Feature","properties":{"clues":"VZIMS006456"},"geometry":{"type":"Polygon","coordinates":[[[-96.69114137380684,20.100575841752878],[-96.69817987435103,20.120400006055863],[-96.70101504176789,20.124314596712445],[-96.704966566027,20.126373943335402],[-96.70844308010551,20.131854239638713],[-96.69410118746237,20.141616247027482],[-96.63807933422251,20.077841577660426],[-96.66118716486866,20.058679155360082],[-96.66779298802834,20.070287144202474],[-96.69077166462593,20.09197749543972],[-96.69114137380684,20.100575841752878]]]}},{"type":"Feature","properties":{"clues":"VZIMS001812"},"geometry":{"type":"Polygon","coordinates":[[[-96.57625037981285,19.737480118776634],[-96.57105114933893,19.75637465383408],[-96.5793641366764,19.787979417975713],[-96.58284540413564,19.789417946589314],[-96.58532925424292,19.796188951600694],[-96.5857613195359,19.80836317422703],[-96.58772519710708,19.81477417544936],[-96.58693090035808,19.821984608281586],[-96.57174161087825,19.834651081878896],[-96.56192037150673,19.837786693293],[-96.55759920929978,19.83689952805709],[-96.55303439663885,19.832583804387472],[-96.51527368264868,19.845359566544996],[-96.50701005391184,19.851722539081027],[-96.50468194417859,19.851720407486177],[-96.49853357701801,19.83765404870881],[-96.49235701439454,19.812799142463714],[-96.50761918092593,19.775281795123416],[-96.51353745343448,19.771931994451364],[-96.53196054581247,19.781165319611986],[-96.53529686464535,19.780636327390038],[-96.54531827724631,19.768226000104296],[-96.53744905316208,19.734134050824416],[-96.55496978834243,19.718128417955317],[-96.57625037981285,19.737480118776634]]]}},{"type":"Feature","properties":{"clues":"VZIMB006455"},"geometry":{"type":"Polygon","coordinates":[[[-96.44321990921229,18.982508939274904],[-96.44710632302957,18.98595750734877],[-96.45080469515779,18.987122835259143],[-96.45336333272643,19.006451747183494],[-96.43894995405684,19.01683955282793],[-96.45158323212677,19.033877458955523],[-96.46875326782481,19.033418999128244],[-96.4778502737511,19.038546510133667],[-96.48135447171407,19.03870346300335],[-96.48909801367579,19.044013958757155],[-96.50616550135312,19.04278043131324],[-96.51180899622858,19.047879669708802],[-96.52476040075572,19.05199532129869],[-96.52200155434335,19.072576625946585],[-96.51954348848496,19.072877560775645],[-96.50928292934391,19.082650380747108],[-96.49813809935922,19.082117104021254],[-96.48681936333035,19.090946345078244],[-96.47527972295858,19.08601104102597],[-96.47274804894685,19.080038564043264],[-96.46564548884989,19.0740007367184],[-96.46367595700647,19.073593016806857],[-96.4387954046203,19.083731155461628],[-96.4287789310336,19.07703410936958],[-96.42353094890217,19.071689239603],[-96.41399347832771,19.068405830269974],[-96.40532612400015,19.06106432272361],[-96.40050323506665,19.059808385683755],[-96.38961097125531,19.069522318272984],[-96.38284137172757,19.071096696407984],[-96.3787307831969,19.066437161477296],[-96.37942229473202,19.062175657152157],[-96.37399564863463,19.044803258699538],[-96.37697376939244,19.043464935023966],[-96.38039015859108,19.037909926173395],[-96.3983043848368,19.03035509950562],[-96.40819053193691,19.018147080001377],[-96.40633279011233,19.015256810655416],[-96.40589247399619,19.010283081852897],[-96.40917582651592,19.000737753927623],[-96.41886400139833,18.994607828318458],[-96.42278352499441,18.98704888137367],[-96.43092302481124,18.98409371568679],[-96.44321990921229,18.982508939274904]]]}},{"type":"Feature","properties":{"clues":"VZIMB006904"},"geometry":{"type":"Polygon","coordinates":[[[-96.38148087108877,19.212653494804467],[-96.39183415608555,19.212065256450515],[-96.39477209692973,19.22693529970465],[-96.40745344710884,19.229744318476065],[-96.4163609428643,19.243030771450673],[-96.41443460030409,19.246392539621603],[-96.40316932251274,19.250614776454444],[-96.39685691965336,19.249758998537583],[-96.38673605475601,19.251555261245485],[-96.37780941012741,19.246491274835357],[-96.3720319170943,19.246940790478455],[-96.36591321498551,19.253992055059417],[-96.36560651411348,19.261517724680548],[-96.36106502688747,19.267004912334972],[-96.35275124843298,19.267066894664868],[-96.3437188835997,19.270256220723496],[-96.33588096335899,19.259365919294208],[-96.3365663782105,19.249017255342448],[-96.3428634138225,19.24056437481886],[-96.34301277790861,19.23006469152744],[-96.35954429892588,19.22211309090696],[-96.36208118024588,19.22276436120832],[-96.3656169915848,19.220119995979132],[-96.36975332083057,19.20905423643134],[-96.37378971389671,19.207520067238388],[-96.38148087108877,19.212653494804467]]]}},{"type":"Feature","properties":{"clues":"VZIMS003895"},"geometry":{"type":"Polygon","coordinates":[[[-96.36327329169171,19.00476779580082],[-96.37075548730448,19.005105406447928],[-96.37891954314946,19.007871372184173],[-96.38165549210365,19.010188580773065],[-96.40633279011233,19.015256810655416],[-96.40819053193691,19.018147080001377],[-96.3983043848368,19.03035509950562],[-96.38039015859108,19.037909926173395],[-96.37697376939244,19.043464935023966],[-96.37087156499273,19.045324886678266],[-96.36765610504006,19.04918833292337],[-96.34542179841404,19.043719560569375],[-96.34655323907941,19.03303260169163],[-96.34169095268031,19.025227876521104],[-96.32905819269875,19.028846123527824],[-96.32289083412256,19.023914646164066],[-96.31114479123654,19.021894450621293],[-96.30824017557146,19.009952695480138],[-96.29816123219891,19.00009054432537],[-96.30090740548827,18.992306248352946],[-96.30120214514561,18.982704887063683],[-96.31454919006826,18.971432649093867],[-96.31650785670354,18.971707977154225],[-96.32661848265506,18.988158152175252],[-96.32559573817318,18.99501153471242],[-96.32739402204247,19.004273810089042],[-96.33926117144084,19.009236310440464],[-96.34237397580897,19.022344381630006],[-96.36026356078229,19.010017022097305],[-96.36327329169171,19.00476779580082]]]}},{"type":"Feature","properties":{"clues":"VZIMB005236"},"geometry":{"type":"Polygon","coordinates":[[[-96.33859592070965,18.735817316842734],[-96.3457677296835,18.73258607707801],[-96.34937852099497,18.736779891160342],[-96.36132325703957,18.74448971793503],[-96.36993901121485,18.740951640384274],[-96.37759333339253,18.742418725602093],[-96.38346095202397,18.740501121584703],[-96.40352657298897,18.750361136821045],[-96.39161858005995,18.766600456103895],[-96.38124499373193,18.763480724373775],[-96.37084823148372,18.767242033830634],[-96.36620842787019,18.764610035952728],[-96.35703127366206,18.763043799333385],[-96.350985419273,18.766115773382865],[-96.34448154628765,18.765204506986745],[-96.3284557501934,18.767117376106533],[-96.31372273620889,18.777443261620828],[-96.29701853829737,18.7757273186038],[-96.29542817731713,18.745703554448873],[-96.30350650913441,18.743994383146234],[-96.30917173375113,18.73913660088792],[-96.32085717396633,18.744905325125586],[-96.33615482042335,18.739201562525313],[-96.33859592070965,18.735817316842734]]]}},{"type":"Feature","properties":{"clues":"YNSSA014150"},"geometry":{"type":"MultiPolygon","coordinates":[[[[-89.7386341931659,22.43775667778225],[-89.73660042944539,22.440125940657992],[-89.73553390654604,22.437630185188535],[-89.73902400487569,22.43634127535606],[-89.73900925163703,22.433688260352046],[-89.74115692786044,22.43289504697127],[-89.74381222952852,22.435035139634678],[-89.74089223096483,22.435766873442265],[-89.74136675554807,22.439059198418892],[-89.73902772756247,22.43911395042922],[-89.7386341931659,22.43775667778225]]],[[[-89.73820425680321,22.447159788172968],[-89.73866659011962,22.44021823918616],[-89.74741969592195,22.442833225801184],[-89.74483321978869,22.444457336154485],[-89.74448467775723,22.44655105198589],[-89.74559831882459,22.454119236146756],[-89.75223936774252,22.45816539065223],[-89.75247389574834,22.463222532722686],[-89.754564081998,22.464184372846866],[-89.75652246007003,22.46911344174481],[-89.759253668156,22.47018822536263],[-89.76081145215387,22.475808597645543],[-89.75746908629449,22.478608338391247],[-89.75554628838306,22.484164103496518],[-89.74792581653502,22.475409677113866],[-89.74929739293805,22.462761614619076],[-89.7448793342362,22.4572267872152],[-89.74336872553347,22.457393501974163],[-89.73820425680321,22.447159788172968]]],[[[-89.74233697409726,22.475906665014858],[-89.74015171262275,22.47217674970845],[-89.74476655171482,22.47206205055439],[-89.74446584137229,22.475606056494478],[-89.74233697409726,22.475906665014858]]],[[[-89.74954284142984,22.487087642516773],[-89.74787064497549,22.48623134361536],[-89.74950759287916,22.48395083360901],[-89.7516507388752,22.485326737357138],[-89.74954284142984,22.487087642516773]]],[[[-89.74953772979528,22.491366359652346],[-89.7539194726797,22.490268480014116],[-89.7540946229234,22.49329587312726],[-89.7497716562082,22.49445871212233],[-89.74953772979528,22.491366359652346]]],[[[-89.75532655499904,22.48735626840329],[-89.75861032690216,22.479962325259255],[-89.75968956786103,22.48022712625025],[-89.75943384857297,22.483876487740083],[-89.76425182385388,22.492155212336442],[-89.7701719368971,22.49545768092289],[-89.77115481944404,22.497464345994374],[-89.77827562817221,22.498829577184903],[-89.7778910720983,22.500303353671804],[-89.7844899645286,22.50545795254895],[-89.7780156558107,22.51097105427832],[-89.77405173214385,22.51209085441762],[-89.76910568337749,22.50534847252166],[-89.77098826170275,22.5007910080171],[-89.76709870616415,22.499005455032005],[-89.76338716908951,22.49916255029442],[-89.75698179792128,22.491017262499874],[-89.75532655499904,22.48735626840329]]],[[[-89.75734045914474,22.506937680019337],[-89.7594265307682,22.505415986682344],[-89.761568418616,22.507514852779522],[-89.75968482544046,22.50965536426328],[-89.75780177048202,22.508955658880396],[-89.75734045914474,22.506937680019337]]],[[[-89.74519214237459,22.509619571204862],[-89.74879786367852,22.50568761949177],[-89.75133322501733,22.507034442051797],[-89.74891815807824,22.513532240094793],[-89.74440153843733,22.518898472711964],[-89.74522230849469,22.52125404675686],[-89.74350568040049,22.522985799206577],[-89.7407529397709,22.520476425767676],[-89.74318528147782,22.518018162587452],[-89.74142075074839,22.51745581802544],[-89.74131395531603,22.515096787566925],[-89.74276189224621,22.5134642203709],[-89.74553286541354,22.515070966627587],[-89.74519214237459,22.509619571204862]]],[[[-89.7523496153824,22.51828576154301],[-89.7538411003544,22.522809561991572],[-89.75009897138058,22.52005293386965],[-89.7523496153824,22.51828576154301]]],[[[-89.74977929430851,22.527031651500234],[-89.74908642484331,22.524131801965613],[-89.75050097051599,22.523424655569315],[-89.7519853344967,22.528436617826937],[-89.74977929430851,22.527031651500234]]],[[[-89.73867789949699,22.521483228638537],[-89.74298612659813,22.52946415595754],[-89.74258007702218,22.532280860289607],[-89.74066166766485,22.528218384605843],[-89.73836332191607,22.52700303622778],[-89.73902295820788,22.52512690975394],[-89.73706422719036,22.5249106795454],[-89.73700810225445,22.521651619766292],[-89.73867789949699,22.521483228638537]]],[[[-89.7393577081215,22.531804621048206],[-89.73855905493636,22.529209688999213],[-89.74049486666269,22.53002677155436],[-89.7393577081215,22.531804621048206]]],[[[-89.74301973181927,22.538948824322244],[-89.74085737494464,22.536365915333253],[-89.73890951508723,22.53603004620542],[-89.74247669521907,22.534988048042],[-89.74301973181927,22.538948824322244]]],[[[-89.76007269618067,22.561354355921697],[-89.76324544926446,22.561156240624165],[-89.76331140149125,22.562941144293024],[-89.76007269618067,22.561354355921697]]],[[[-89.76417859309568,22.562754565769684],[-89.77627524276016,22.560706397088758],[-89.77805969705716,22.562623724371345],[-89.77495282188731,22.563813294563705],[-89.76417859309568,22.562754565769684]]],[[[-89.78041390936828,22.56050989532954],[-89.78028080847425,22.56665786092558],[-89.77823258709579,22.561236806086686],[-89.7791581299074,22.55998087992517],[-89.78041390936828,22.56050989532954]]],[[[-89.77682820485693,22.568618212205728],[-89.77557262961786,22.566899274956544],[-89.77603558713568,22.564783894561074],[-89.77755540114588,22.567560583949138],[-89.77682820485693,22.568618212205728]]],[[[-89.77348123287146,22.56684445611649],[-89.77506672512602,22.572595972314964],[-89.7738770679821,22.572397512484528],[-89.77348123287146,22.56684445611649]]],[[[-89.75737404982864,22.570428084199488],[-89.75569518347017,22.57736913270799],[-89.75256765368397,22.582403064498692],[-89.75096664044544,22.57874154378972],[-89.7537128339374,22.573860108937975],[-89.75516304367326,22.565851135640393],[-89.75737404982864,22.570428084199488]]],[[[-89.75926609032764,22.57537933414325],[-89.76049316216441,22.581223866752016],[-89.7564055531706,22.582056263550736],[-89.75603429100173,22.58101422093141],[-89.75926609032764,22.57537933414325]]],[[[-89.76425721914946,22.580944260877647],[-89.76191665152189,22.58014360329636],[-89.76423761743932,22.57692873509007],[-89.7657180474422,22.57903520813521],[-89.76385919255759,22.57892374472634],[-89.76425721914946,22.580944260877647]]],[[[-89.7163109361702,21.220964048871416],[-89.71653224457765,21.23950789030964],[-89.71126051306,21.272427921479807],[-89.71461099627695,21.27753561984786],[-89.70362336999571,21.279908290530955],[-89.70307193958654,21.28464512572206],[-89.70174394049366,21.282648379252667],[-89.69988346241915,21.283482164739365],[-89.70208446358068,21.284338770045405],[-89.69939466224272,21.283852824099636],[-89.69948296019182,21.282613720225967],[-89.69598045662177,21.281740699445425],[-89.69051258026255,21.282050383125117],[-89.66851029912799,21.28682596174518],[-89.66583971130999,21.288076963544718],[-89.66611151472652,21.290517563990786],[-89.66495235983545,21.288552300113594],[-89.67051846557155,21.33837326591759],[-89.67488219751762,21.33876137443601],[-89.67176855003947,21.340098689746306],[-89.67303888950377,21.341472830459317],[-89.67623350950146,21.341446139548196],[-89.67095665076174,21.342248749478525],[-89.67121591068653,21.344826354022427],[-89.67462236960594,21.346190658904074],[-89.67609008999611,21.34479911972418],[-89.68114803261388,21.344855529986653],[-89.6813033194982,21.348745149533297],[-89.68376119645366,21.346934713201524],[-89.68419124368737,21.347482573888126],[-89.68101823308584,21.349220770164223],[-89.67524090194965,21.34848313842375],[-89.67070089049024,21.345510001279816],[-89.66465277583612,21.288733325406437],[-89.65593191651236,21.289099615525025],[-89.65611627918369,21.284163203330728],[-89.64891467800778,21.284330271610994],[-89.64858090161619,21.280019817277022],[-89.65044866396845,21.27618143845299],[-89.65654064322025,21.278592520299092],[-89.66195978937951,21.27079671559195],[-89.66956653451389,21.24529219709023],[-89.68897907783703,21.23900466418417],[-89.7163109361702,21.220964048871416]]],[[[-89.72924888060535,22.426642682862052],[-89.72711732474852,22.42866650982122],[-89.72446951708046,22.42611204428402],[-89.72591222083976,22.424303321050832],[-89.72842897503243,22.42428706940174],[-89.72924888060535,22.426642682862052]]],[[[-89.72069843734526,22.42849612289669],[-89.7197420685072,22.427479602043928],[-89.72091916717439,22.427790499288076],[-89.72069843734526,22.42849612289669]]],[[[-89.7270161013139,22.42894853348158],[-89.73170279675786,22.424693552403795],[-89.7333555043879,22.425779965074415],[-89.73380556917483,22.42764802251489],[-89.7303163564818,22.4294913452635],[-89.73354220954339,22.429941367396502],[-89.73166371042828,22.43118987188224],[-89.73437917156605,22.43155096787072],[-89.73325821064674,22.433583099233346],[-89.73778603151203,22.433413565141585],[-89.73784488854606,22.435587942825737],[-89.73475566177584,22.43702931195209],[-89.73075299115011,22.43487807413986],[-89.73031919031438,22.431709482922702],[-89.7270161013139,22.42894853348158]]],[[[-89.716155256449,22.430434505288325],[-89.7202317345,22.43051876002779],[-89.71634639347444,22.43182793246347],[-89.716155256449,22.430434505288325]]],[[[-89.72747885807253,22.43357621392764],[-89.72826385385099,22.43271307301439],[-89.72850387588232,22.433484375069387],[-89.72747885807253,22.43357621392764]]],[[[-89.73126257357032,22.44043915623581],[-89.73114966393295,22.43879564856086],[-89.73303102429878,22.439148120998812],[-89.73345422710219,22.440295628929352],[-89.73126257357032,22.44043915623581]]],[[[-89.7287977854816,22.43995584192098],[-89.72909106114027,22.443523072109127],[-89.72736000664537,22.442047062773767],[-89.72596970226715,22.443201854274367],[-89.72696077638294,22.439628552073042],[-89.7287977854816,22.43995584192098]]],[[[-89.7247696747663,22.443474998260932],[-89.72584109463773,22.44535407315104],[-89.72381615859439,22.445713304459563],[-89.7230802109776,22.443571678446105],[-89.7247696747663,22.443474998260932]]],[[[-89.63463323008314,22.516303681841066],[-89.61913665430282,22.49545728265745],[-89.61223099731959,22.479351028774104],[-89.6092468046615,22.465440662960535],[-89.60885629053193,22.43723803175135],[-89.61311181763118,22.422873866184794],[-89.6307878998692,22.385108886825876],[-89.63782300697714,22.37614688214643],[-89.6468423350562,22.36862629435668],[-89.65296942907423,22.366938983758548],[-89.6528547338231,22.369292410908088],[-89.65538588040667,22.370508122268806],[-89.65614204999996,22.367386486526627],[-89.66021000710887,22.365446693783134],[-89.66223034599597,22.36846699346078],[-89.66127602979216,22.371211128586165],[-89.65560614398699,22.374703151338313],[-89.65513961590604,22.37682583582618],[-89.65256133280407,22.375558128116186],[-89.65115638974812,22.376339777655918],[-89.65166456192263,22.378405693021314],[-89.6466116725048,22.382990497127093],[-89.64713863686111,22.388204128424256],[-89.64826413111318,22.387390420861443],[-89.64865789180287,22.38901320907389],[-89.65266812149642,22.39063698687663],[-89.65169026673128,22.386508250567292],[-89.65417176453953,22.388262419156383],[-89.6556393149198,22.387114482119472],[-89.65228199975783,22.385579346778492],[-89.65434124724025,22.38350251815205],[-89.65306910325634,22.380869018249996],[-89.65569754257963,22.379658701843532],[-89.65827684080931,22.380637128565873],[-89.65646675527843,22.37568110243003],[-89.6577917245191,22.374811021761467],[-89.66084622742376,22.37585279364232],[-89.66104331524348,22.37316845747843],[-89.66291321084357,22.372571077877915],[-89.66560465800481,22.3740164411912],[-89.66376689091958,22.38404603704424],[-89.66245112400951,22.38341857167911],[-89.66211788505034,22.378485775227496],[-89.65956346938313,22.37801181994303],[-89.66111017328261,22.38074096829483],[-89.6581499505577,22.384994282916576],[-89.65966545479152,22.38598376517729],[-89.65868727906158,22.39009358690982],[-89.66094114201984,22.39094941337094],[-89.65986852542724,22.386861365098937],[-89.66328573011181,22.384676370259314],[-89.66354874282511,22.389067673727343],[-89.67126706692848,22.392047687230004],[-89.67139579536033,22.388644257304723],[-89.67207080758249,22.3922219149898],[-89.67552876277699,22.39162503835319],[-89.6793636409162,22.395006002127715],[-89.67942983941028,22.39709064315117],[-89.68098269542622,22.396069845926917],[-89.68715869595,22.39761896925168],[-89.686968184749,22.395825744394045],[-89.68276603545114,22.393259369910634],[-89.68308387753503,22.389126151287645],[-89.67978993325497,22.38664203026267],[-89.68303436650451,22.379973168286124],[-89.68482569743664,22.379104042810344],[-89.69291459937676,22.381440795287],[-89.6937081551443,22.382950758671427],[-89.69080608569682,22.383332109350572],[-89.68754818524222,22.388906703537305],[-89.69260856700588,22.394735927801435],[-89.69631855528935,22.395828230287922],[-89.69655774903016,22.399969834580507],[-89.70215212658512,22.408445059948757],[-89.7098992530691,22.412457923874776],[-89.7126793863852,22.415693441268107],[-89.72986177463721,22.420973085084636],[-89.72843879369384,22.42166963356961],[-89.72912447066884,22.423383789589344],[-89.72749169663206,22.42421789283937],[-89.72572485161126,22.422992125946408],[-89.7233440429137,22.424860210390527],[-89.71369232854988,22.42177555474294],[-89.71018439288311,22.417961141413333],[-89.69709611253474,22.41685376725458],[-89.69391839083032,22.415106174804215],[-89.68967105989357,22.4160321172169],[-89.68961620070529,22.41830595747925],[-89.69363219368434,22.418808371542934],[-89.69507281121263,22.42145493686337],[-89.69087827208206,22.423349481673835],[-89.6918649668112,22.42529679408959],[-89.69825650643257,22.424180570239173],[-89.69932222396774,22.426676576190822],[-89.69649567278879,22.42747119588602],[-89.70160196667975,22.432464732511352],[-89.70551929219798,22.43115767069967],[-89.70880727094146,22.43396612147212],[-89.71853738569722,22.43306501337474],[-89.71984886899669,22.43369039957679],[-89.71938430664433,22.436025547394053],[-89.72346809118446,22.43472601249416],[-89.72745826483025,22.435044259029773],[-89.72911676745535,22.436743512627515],[-89.72688062166993,22.43849382690135],[-89.7227762811774,22.438708893493953],[-89.71891930381514,22.443888352462032],[-89.7215010776732,22.4445765021592],[-89.72140507404647,22.450485334922917],[-89.71944174951108,22.45040102187805],[-89.71861100193952,22.448631104291096],[-89.71467086944963,22.45029351365383],[-89.71260901170463,22.454082651489554],[-89.71488198927936,22.454746248784087],[-89.71682156675566,22.451718782573625],[-89.72313594407791,22.45299401924875],[-89.72271633591726,22.45585350572986],[-89.7210022336486,22.456440012902878],[-89.72078182302288,22.4541080623779],[-89.71932232876523,22.45418448536226],[-89.71824637512648,22.457082004602274],[-89.71976787377176,22.45991555238596],[-89.72243177140739,22.460911565574435],[-89.72328154245496,22.46013556296421],[-89.720807164116,22.458491712949446],[-89.72218388492664,22.457275594534835],[-89.7295798146734,22.458287245304422],[-89.72947304225178,22.460147095026826],[-89.72556676105711,22.459263085948315],[-89.71988054501095,22.466946009856755],[-89.71751824723322,22.46549186368486],[-89.71947954177635,22.463648582611107],[-89.71863933221556,22.46196148633491],[-89.71433476178603,22.464953677810183],[-89.71625389926113,22.465743291910407],[-89.71629416116056,22.468003023504732],[-89.71875204398101,22.46767840365937],[-89.71821464957588,22.472148564945833],[-89.72203405463789,22.4712381959286],[-89.72244425830272,22.466121435759735],[-89.72589450009623,22.464487233793363],[-89.73163387798468,22.46886712419834],[-89.73078681222042,22.470667975752935],[-89.72712019963515,22.4703455602332],[-89.7289361484851,22.476246104667375],[-89.72513759081355,22.47650830359349],[-89.72349819290058,22.481621081738506],[-89.72864715704833,22.48485825368296],[-89.73016394444407,22.475028578542645],[-89.73436063911603,22.473964753707573],[-89.73559665955423,22.47575078203686],[-89.73238575118368,22.4790629166329],[-89.73255367308856,22.486089234194786],[-89.72962727880254,22.48800163994639],[-89.72366637205582,22.488780063709257],[-89.72290072225874,22.49200273922858],[-89.7202245161407,22.491765204386798],[-89.71907696619286,22.494638981203444],[-89.71652519169753,22.493615738787444],[-89.71316248613556,22.49715652985802],[-89.71155936858021,22.495413332300547],[-89.70908538892272,22.49758145701231],[-89.70526058940357,22.49503400041611],[-89.70810532408615,22.498780962001494],[-89.71188425417664,22.498129750794867],[-89.71390247538919,22.500547347697644],[-89.71300225906872,22.50759229431196],[-89.71496689663698,22.514634395534106],[-89.71761955787355,22.516928959551812],[-89.7136319917887,22.522339011231473],[-89.7159103001205,22.53141418496299],[-89.72219027982868,22.531697994152005],[-89.72277594434996,22.533926487284848],[-89.7260942252512,22.532840911728155],[-89.72497563012867,22.526266632132295],[-89.72158228728048,22.528587764125383],[-89.71947192425127,22.526852451065942],[-89.72359789591533,22.52151596748354],[-89.72519855072116,22.523150327342055],[-89.72763742026713,22.52160891358412],[-89.73036705335113,22.525490864516673],[-89.73277566364307,22.52610463904379],[-89.73854194086907,22.53449886897302],[-89.7320594730618,22.537378435765405],[-89.73963017519849,22.542195249559228],[-89.73998503612381,22.544537876871935],[-89.74391763803726,22.548611718456435],[-89.74635891257202,22.54301396967905],[-89.74853020601941,22.547001816694685],[-89.74889870013732,22.54502410946728],[-89.75329304806186,22.547139507300585],[-89.75142135067576,22.543229833383663],[-89.74868890899126,22.543591102941683],[-89.74463272280289,22.5408576043016],[-89.74458090192918,22.535790792425427],[-89.74704492739586,22.531020601611647],[-89.7436440113259,22.5239997438051],[-89.74512334481791,22.523153153309675],[-89.74689283180116,22.524788647370528],[-89.75079753548371,22.533103101206095],[-89.75160410231956,22.531672559874497],[-89.75404199178057,22.53225215300497],[-89.75522206446944,22.539006737256795],[-89.75643226285918,22.53939224130401],[-89.75748749247325,22.53723409253139],[-89.75657418589287,22.524466623664953],[-89.75993782163748,22.522600467759013],[-89.76058765330447,22.520193126808895],[-89.76978861954917,22.520523623597295],[-89.77073717464802,22.513598115581203],[-89.78112336759507,22.50988168378048],[-89.7896893683253,22.503988601400042],[-89.7937882629112,22.507242604039234],[-89.78913296920992,22.506656544912552],[-89.79244967873967,22.508257474578283],[-89.79218870877735,22.50982786145145],[-89.79466590217272,22.512196292707255],[-89.79549069699497,22.515082206206102],[-89.79299717634812,22.524005215118517],[-89.7933994423438,22.526688900328388],[-89.79564242020608,22.52869070881193],[-89.79286144890143,22.536931974303453],[-89.79154178657572,22.538539871069784],[-89.78850100455136,22.538588098201053],[-89.78623784223637,22.545423914004097],[-89.78513119500272,22.54475757722388],[-89.7840782537593,22.546048198278406],[-89.78217397306679,22.550670449380217],[-89.78288373926989,22.553113393108042],[-89.77794857800782,22.55597641466494],[-89.77733093254399,22.558458709821164],[-89.76875353342989,22.56197262933576],[-89.76412847850935,22.561460677844234],[-89.7647067178331,22.559409224658165],[-89.76163899952884,22.559744117819612],[-89.74872198986398,22.5676751402823],[-89.74386633970211,22.577523117164215],[-89.7465526717194,22.58246970095622],[-89.75107909774846,22.584059153162983],[-89.7510372650365,22.585357666832255],[-89.74856584357347,22.585951488465327],[-89.73300682679282,22.580132866015877],[-89.69758854811498,22.571522484118237],[-89.67066165861394,22.557465805292768],[-89.65382708131942,22.536793702309012],[-89.63463323008314,22.516303681841066]]],[[[-89.72746817776327,22.498704184459058],[-89.72539948715364,22.500455876968413],[-89.7243047275045,22.497981892072666],[-89.72631922806623,22.497238437690225],[-89.72580292074124,22.49397884531455],[-89.72833426474007,22.493694408134232],[-89.72806843677434,22.49123199463688],[-89.73020642727612,22.490275627585376],[-89.73170513792222,22.495047622260927],[-89.7355514209576,22.4953302281754],[-89.73634612497537,22.50021512475701],[-89.73500973483199,22.50232661366141],[-89.73292273820587,22.50244965439517],[-89.73202798857109,22.499774697763208],[-89.72900522321758,22.49935272890493],[-89.72867619672125,22.494836375701674],[-89.72658965674147,22.49725999485639],[-89.72746817776327,22.498704184459058]]],[[[-89.72108982754213,22.50815403044035],[-89.71867751056811,22.51172884850197],[-89.7152660575177,22.509335189159646],[-89.71580703247508,22.5067080675259],[-89.71751550193036,22.506332340486573],[-89.72108982754213,22.50815403044035]]],[[[-89.7363413537974,22.511842540759126],[-89.73569007234403,22.50835527375255],[-89.73847867217417,22.507588927918498],[-89.73912780801862,22.51067822293305],[-89.7363413537974,22.511842540759126]]],[[[-89.73427946497186,22.515865384427922],[-89.73551589045435,22.51596386425057],[-89.73496829303362,22.51852392307479],[-89.73130013999746,22.518906750195004],[-89.72976660161807,22.514155798456073],[-89.73117088333684,22.512435473100886],[-89.73279290222611,22.512853996515865],[-89.73454149996219,22.51415047426858],[-89.73427946497186,22.515865384427922]]],[[[-89.7397739905153,22.53778386103723],[-89.74111230232556,22.541000334373447],[-89.73726760815421,22.537945943999546],[-89.73570635384964,22.538834170831283],[-89.73740341085933,22.536474106097018],[-89.7397739905153,22.53778386103723]]],[[[-89.66431713184552,22.370673925349617],[-89.66263003161653,22.371536708286246],[-89.66281031692182,22.368585836352345],[-89.664034139488,22.368973289197626],[-89.66431713184552,22.370673925349617]]],[[[-89.66569791624812,22.37275189217032],[-89.66651862524533,22.369490746813646],[-89.67378227367739,22.367553506459785],[-89.6731683993537,22.36914367269738],[-89.66569791624812,22.37275189217032]]],[[[-89.6801526375156,22.380314132127392],[-89.67495869314394,22.38146512320308],[-89.67274061918091,22.377593649743],[-89.67928509996136,22.37813518635323],[-89.6801526375156,22.380314132127392]]],[[[-89.66799625698123,22.380620608490023],[-89.6669483551212,22.379620481691948],[-89.66818967084751,22.379093178024032],[-89.66799625698123,22.380620608490023]]],[[[-89.6791201428025,22.38215608043754],[-89.68191901304628,22.380932566920695],[-89.68002601822322,22.383711284056794],[-89.6791201428025,22.38215608043754]]],[[[-89.67903634680559,22.390315514824355],[-89.67772289023726,22.388402198226174],[-89.67828403953236,22.38724172975287],[-89.68009554263267,22.389375737827685],[-89.67903634680559,22.390315514824355]]],[[[-89.67455947668385,22.38826932889051],[-89.67590295720612,22.38873858339422],[-89.67556875584702,22.39038733726302],[-89.6741635787267,22.38974438021561],[-89.67455947668385,22.38826932889051]]]]}},{"type":"Feature","properties":{"clues":"YNSSA001731"},"geometry":{"type":"Polygon","coordinates":[[[-89.65593191651236,21.289099615525025],[-89.60733746777898,21.296018653311712],[-89.60729263576164,21.29771273778246],[-89.60725700358797,21.296023987333577],[-89.60458747963338,21.29620090890749],[-89.56911744009784,21.30223548878629],[-89.5525527139896,21.30756666138782],[-89.45554755476557,21.322036468373984],[-89.446394398507,21.258520793992286],[-89.47392288107609,21.258360866879894],[-89.49762491230987,21.227671944268998],[-89.50952444441283,21.203742298513408],[-89.55915017695754,21.20760636144912],[-89.5846053658763,21.19518116103891],[-89.60267896250903,21.20204895003279],[-89.61197471470943,21.21914141017852],[-89.61831441880258,21.239500809486277],[-89.66956653451389,21.24529219709023],[-89.66195978937951,21.27079671559195],[-89.65654064322025,21.278592520299092],[-89.65044866396845,21.27618143845299],[-89.64858090161619,21.280019817277022],[-89.64891467800778,21.284330271610994],[-89.65611627918369,21.284163203330728],[-89.65593191651236,21.289099615525025]]]}},{"type":"Feature","properties":{"clues":"ZSIMB001443"},"geometry":{"type":"Polygon","coordinates":[[[-102.4578891264038,22.895851238159338],[-102.4385962893637,22.911332373606733],[-102.42125917017003,22.90530848365877],[-102.41141718370132,22.898475131108494],[-102.40830603027347,22.88767780539224],[-102.41292361853223,22.883049789187353],[-102.46010040170022,22.89028562712629],[-102.4578891264038,22.895851238159338]]]}}]}