{"type":"FeatureCollection","features":[{"type":"Feature","properties":{"clues":"BCIMB000845"},"geometry":{"type":"MultiPolygon","coordinates":[[[[-116.96938707515564,32.412169043309504],[-116.97767812290098,32.420190276654],[-116.97622937380446,32.42383634236743],[-116.96844207263786,32.42718242052991],[-116.9644991865193,32.43304633420867],[-116.96565891821602,32.43698081809447],[-116.95944812077472,32.44154450694378],[-116.95854217781829,32.43753976249503],[-116.95178839501072,32.437235620480166],[-116.95003527741446,32.43588661365668],[-116.94900241388966,32.441978963067875],[-116.94193338260833,32.44033729481914],[-116.94986455345283,32.43346930238534],[-116.94976280890337,32.428383413630705],[-116.94785453872784,32.427470073094554],[-116.94280908485983,32.42949213380621],[-116.93395894260946,32.42780022968899],[-116.92932428528316,32.43211985631066],[-116.92583227557125,32.43036606029087],[-116.92203481655424,32.431828553167115],[-116.91850585887177,32.43004296317192],[-116.90747952024161,32.43020452784743],[-116.90746187028795,32.42616107961409],[-116.91464189887955,32.42321441314923],[-116.92297124780109,32.4242241559699],[-116.92594824578231,32.419377007530535],[-116.94088829881335,32.41769192315711],[-116.94492273100244,32.42003425250299],[-116.94769452631488,32.41962129701336],[-116.95005913093031,32.41722910322185],[-116.95994575287702,32.41565229838291],[-116.96593050272166,32.41785214600466],[-116.96938707515564,32.412169043309504]]],[[[-116.95270971545524,32.448251297633334],[-116.95081279406517,32.44703887660002],[-116.95095534112217,32.44324559759466],[-116.9577089169588,32.44407297563434],[-116.95270971545524,32.448251297633334]]]]}},{"type":"Feature","properties":{"clues":"BCIMB000051"},"geometry":{"type":"Polygon","coordinates":[[[-116.65476091932281,31.86128259883803],[-116.65772804253254,31.86139896559386],[-116.65974974356146,31.86686853554963],[-116.65712448679359,31.87421981533399],[-116.66197279164378,31.886966835983344],[-116.65354531554071,31.905293656612393],[-116.63099179544163,31.906036410293844],[-116.62989774760699,31.897940671122264],[-116.62474202695081,31.891541245706254],[-116.62413951008263,31.882154427982876],[-116.63175004709503,31.879685231850072],[-116.63440845443797,31.881957173650353],[-116.6406953600378,31.87506708017945],[-116.64523104004243,31.876743066639946],[-116.64877481905876,31.871649501319997],[-116.64864553130901,31.868989768082233],[-116.65476091932281,31.86128259883803]]]}},{"type":"Feature","properties":{"clues":"BCIMS000624"},"geometry":{"type":"Polygon","coordinates":[[[-115.47759231593407,32.30239827904407],[-115.49300398430604,32.300060192859874],[-115.51061608121998,32.318212994785235],[-115.44595462736487,32.37494005040101],[-115.34656223426482,32.41461649638789],[-115.35434726218642,32.43275016804829],[-115.3584974173567,32.438135829668546],[-115.4031750969641,32.42407746443286],[-115.37648891311672,32.44395530721055],[-115.37802114165983,32.44843926459704],[-115.38018173420919,32.44975693008059],[-115.37188750987615,32.45657380746633],[-115.37277136914553,32.46547604784278],[-115.34996895063756,32.468012909052206],[-115.34837834487027,32.46384983993367],[-115.33465852200906,32.45426590915425],[-115.32812857787694,32.452674073579665],[-115.31956447948839,32.45330604976497],[-115.31133427282964,32.44851979808727],[-115.30683950656318,32.44309466649763],[-115.32520056058839,32.405252610818145],[-115.31426075345442,32.388107149906766],[-115.29941635149957,32.38092105702508],[-115.311446408524,32.35321976680225],[-115.31438824789335,32.336944022176795],[-115.4345800773767,32.32008044765321],[-115.47759231593407,32.30239827904407]]]}},{"type":"Feature","properties":{"clues":"SRIMB000441"},"geometry":{"type":"Polygon","coordinates":[[[-113.1009993418404,30.741763657833623],[-113.113638257058,30.781795551918606],[-113.12716696969254,30.812041768975817],[-113.12649808025449,30.817156889045762],[-113.11686119388699,30.82975331346469],[-113.11147291000218,30.843660629571897],[-113.10106193972071,30.8908857087738],[-113.09778980041551,30.9189243090975],[-113.09645501951583,30.97004785927727],[-113.10062902034535,30.989696429131143],[-113.12454858049789,31.045805089038833],[-113.12841144951899,31.058908779262026],[-113.12594434035091,31.063160998954203],[-113.12060000035915,31.0646999991505],[-113.1178999995405,31.060099999592108],[-113.12149061999486,31.046805449450385],[-113.11718547123935,31.038931775733356],[-113.11706425455702,31.035339356549247],[-113.11053281474607,31.025923885911755],[-113.10734033999084,31.01723045948703],[-113.10297382980777,31.015743199038862],[-113.10404102027762,31.012927628825032],[-113.09938598006926,31.00946287957393],[-113.09756497038879,31.00139641948377],[-113.09194231015236,30.995267658812004],[-113.0902449799681,31.004977849321477],[-113.08480126006529,31.012512219358182],[-113.07737191037026,31.015326339189613],[-113.06835744960775,31.024281688798382],[-113.06204836950374,31.03343616902574],[-113.0588310602272,31.060480949581468],[-113.05895568040869,31.072349888820575],[-113.06883219982464,31.094562349176723],[-113.07546885001983,31.125241249077096],[-113.07800963032268,31.134504479117453],[-113.08095658036918,31.138812369298847],[-113.07982323045259,31.141674818808955],[-113.08075728042638,31.14790442870532],[-113.07750768023375,31.151666889409853],[-113.08955088978975,31.15567033905144],[-113.09818995002568,31.174784218753384],[-113.09847942009331,31.180946319422148],[-113.10150926004113,31.189443849302428],[-113.11027363040444,31.199616178810288],[-113.11645508030719,31.201589739463433],[-113.11629357046861,31.19642699952773],[-113.12040180043263,31.191667518931173],[-113.14706303427752,31.2032296811433],[-113.14556953403329,31.238566542586607],[-113.04769269817321,31.42610084127355],[-112.94534741459992,31.31344600368574],[-112.933168232392,31.30404167280107],[-112.69435874871738,31.329070979881486],[-112.65494996517752,31.322675105714662],[-112.63772715933298,31.138428798251805],[-112.725232205827,31.039595841247152],[-112.76575642376037,31.036419953488576],[-112.83350038276555,30.910043039793845],[-112.89144755686279,30.900605269215653],[-112.90610780957218,30.912047139308367],[-112.94202775321682,30.88493896898426],[-112.93920176812145,30.87097491067655],[-112.95674156959292,30.84482391870601],[-112.9602202856903,30.842457309698858],[-112.96455748499658,30.829851999822708],[-112.93400700842253,30.81619958699993],[-112.9294134608254,30.798973477519016],[-112.94074701413196,30.78693866503897],[-112.96205086463802,30.774853618965263],[-112.96069998674115,30.76618737962226],[-112.94048232076355,30.761822205414838],[-112.93123095364267,30.753939718503815],[-112.95712514928758,30.721531326328886],[-112.95753189358778,30.716632397190864],[-112.98415761641809,30.703447994043337],[-112.99828899594549,30.6829867382321],[-113.08010990364309,30.73647386883158],[-113.1009993418404,30.741763657833623]]]}},{"type":"Feature","properties":{"clues":"BSIMB000013"},"geometry":{"type":"MultiPolygon","coordinates":[[[[-111.90102859434013,24.99382269198583],[-111.9816410688717,24.88594253209855],[-111.9906661137966,24.887048243470616],[-112.0489423153722,24.950676928886466],[-111.92497029430362,25.029463875621463],[-111.8980500089231,25.009710372327433],[-111.88423468431357,25.011897159262155],[-111.86397755962349,25.02760799678944],[-111.84382123554026,25.028820500256185],[-111.82392387628757,25.067058760201522],[-111.8179383362397,25.06694910230215],[-111.79873073533089,25.051916807965544],[-111.80370737555658,25.035573661914043],[-111.77621193862102,25.038772125646023],[-111.77545220992285,25.05535003815864],[-111.7599338542815,25.06759143643104],[-111.76244049739101,25.080982284359354],[-111.75142158216707,25.087693000691267],[-111.74544632726293,25.103559057883558],[-111.74716924012449,25.10648388194361],[-111.74219496310911,25.124159003513597],[-111.74043862982221,25.125309557656802],[-111.72101914593277,25.118818648800914],[-111.71744597250716,25.115488587711827],[-111.70080160554772,25.113736147565927],[-111.69434642131814,25.114499289809128],[-111.6870970392822,25.111947100576234],[-111.68280050064948,25.103845539774632],[-111.66780817244256,25.100483297301455],[-111.66055397637666,25.126842259339295],[-111.63721108722959,25.134746975719892],[-111.6294885141552,25.132424160122007],[-111.61595586799709,25.105573916223804],[-111.59915478790515,25.1054469382732],[-111.58818407268932,25.1543665587865],[-111.57365315522708,25.158700685416694],[-111.55588294428375,25.170656157059035],[-111.53098444153736,25.190717132677076],[-111.51500502862827,25.228279758485645],[-111.48890483736668,25.250710003047747],[-111.48922115236624,25.266563386979],[-111.41504512283242,25.29087904708744],[-111.40519423563616,25.30381997205244],[-111.37965754685118,25.309814512103127],[-111.36293124632036,25.31696397487823],[-111.35962689614735,25.33053351540259],[-111.34723297176521,25.34855620375091],[-111.35706616174001,25.371911778374557],[-111.35213550968751,25.385176359531545],[-111.31703783082438,25.426891957598738],[-111.29337809749522,25.416391468248516],[-111.26918680240662,25.42024881223319],[-111.23988491892176,25.438048926475336],[-111.21375915345152,25.464465955252404],[-111.19842185579859,25.491621657072294],[-111.15700436224645,25.485967395346425],[-111.14459203759735,25.475979765623766],[-111.11032764697299,25.46596688773034],[-111.0152447153438,25.42741424447727],[-111.01324884287575,25.421442866586514],[-111.00374420632622,25.416235474495572],[-111.00415770386768,25.40737290710912],[-110.99988736927696,25.3949829201825],[-111.00064760693785,25.387931149215355],[-110.99768517764205,25.386646716039742],[-110.99881094621679,25.3827204234842],[-110.99380856027544,25.378959153209287],[-110.99420576811396,25.374220045980298],[-110.98733233978636,25.370847649293136],[-110.98836561907287,25.36804486961671],[-110.98523417045992,25.36615250961834],[-110.98492743014663,25.36206969918478],[-110.98124046492082,25.35639458011989],[-110.9796697425958,25.341469625054632],[-110.96613203787206,25.330309714882766],[-110.95903600869298,25.328394962549865],[-110.95545395253971,25.329411223454468],[-110.9575932466358,25.322917952416688],[-110.94668465035447,25.313252229649894],[-110.943887020176,25.305412829196612],[-110.94748638264363,25.304105103477106],[-110.94743648594019,25.297166135398772],[-110.93752783146344,25.29191692529573],[-110.93311692211529,25.291575616405996],[-110.93832066715781,25.288275754964317],[-110.93904319115065,25.28621133450274],[-110.9385382687071,25.2831194394094],[-110.93379053143126,25.27761503204997],[-110.9365621274156,25.272667657689176],[-110.9386445833776,25.271954722255135],[-110.94113133959733,25.274080739069017],[-110.94446860632033,25.271528712016167],[-110.94617325200412,25.257714513120774],[-110.94344871514937,25.249829303949912],[-110.93873219977706,25.244262688898182],[-110.93845235027686,25.24215047957228],[-110.94055529061146,25.240931310149513],[-110.94129530332931,25.237464434965627],[-110.93830128381585,25.231968043096053],[-110.93750720096261,25.223668320238524],[-110.93413312512251,25.218976023045137],[-110.93403794699954,25.215506769597937],[-110.92545820478334,25.209703859356765],[-110.92166772439928,25.210377840846437],[-110.92289766975985,25.207588268558013],[-110.92047204522397,25.205323866378006],[-110.92101645983371,25.20367448915769],[-110.91572222431078,25.194534081621494],[-110.91612673312274,25.19110468313322],[-110.90897764171926,25.186503995005186],[-110.9064221008919,25.183031170909338],[-110.91240965847045,25.17453423497399],[-110.9102985704934,25.164825677293845],[-110.91155492619994,25.16096619254511],[-110.90952109718528,25.153999214747987],[-110.9988271657721,25.170370194317687],[-111.02330270776908,25.104163043543323],[-111.0610629505843,25.07045808096091],[-111.0737883078441,25.072763559366585],[-111.10522601577284,25.021767007865964],[-111.1151053816601,24.982435806023425],[-111.14827499231592,25.001931888096298],[-111.19467012633358,24.987875529743288],[-111.21100091234041,24.99090596560415],[-111.25358444671429,25.043220962992503],[-111.27046749722672,25.051848480069907],[-111.29106005119596,25.03836974851201],[-111.30952348043382,25.023537650501847],[-111.31430973774495,25.023462447489017],[-111.32948241228759,25.024723545944834],[-111.37418529400603,25.039120986737316],[-111.39080429732441,25.034378169839602],[-111.40471397530314,25.03366953638898],[-111.42820246270485,25.03834260738572],[-111.4683333582263,25.057538903573647],[-111.51118765356397,25.030467621153072],[-111.51374460604498,24.98945804097422],[-111.50542534607001,24.967576716838845],[-111.57085064165507,24.93435498625393],[-111.58220255230957,24.972889415946],[-111.59254435187357,24.973604191027793],[-111.60752913485148,24.99008459311527],[-111.6263402518823,24.99381735097419],[-111.64161657619562,25.001689051295894],[-111.65105505059276,24.992256646535232],[-111.6611833914769,24.970269359680366],[-111.67590650234375,24.97760022533825],[-111.68439901861902,24.97842816216564],[-111.69845958413093,25.002939785599978],[-111.72012541563798,24.996255974841688],[-111.72561323107776,24.983928679725842],[-111.7173818730382,24.969005720322254],[-111.70248462427048,24.961929171969746],[-111.70185583886695,24.944077497890145],[-111.69904317804718,24.938025397681603],[-111.71309256878108,24.900375944493728],[-111.76596266821626,24.88292579122097],[-111.76893810613218,24.885420954404626],[-111.84847766009989,24.892846015811553],[-111.85695624927165,24.889228763679448],[-111.90102859434013,24.99382269198583]]],[[[-110.9171267411265,25.20994119390471],[-110.91536402205408,25.210019187515563],[-110.91657336210723,25.20916245371903],[-110.9171267411265,25.20994119390471]]],[[[-110.92216181799029,25.247677919647405],[-110.92218785564158,25.246528896077212],[-110.92290164338621,25.24675327582207],[-110.92216181799029,25.247677919647405]]],[[[-110.73025566699407,25.26315742010274],[-110.73565200264281,25.282372052947146],[-110.73154664873567,25.291958574209175],[-110.71686315612813,25.304195285544207],[-110.70919859015548,25.3057998347148],[-110.69958304765358,25.305235703337935],[-110.73025566699407,25.26315742010274]]],[[[-110.95280866657725,25.328792428055426],[-110.95459561215193,25.328530928141582],[-110.95417719063691,25.329536347364147],[-110.95280866657725,25.328792428055426]]]]}},{"type":"Feature","properties":{"clues":"SRIMB002092"},"geometry":{"type":"MultiPolygon","coordinates":[[[[-110.39338105972239,27.233478394915377],[-110.41381587137099,27.253576513081107],[-110.42623348451454,27.260731552275043],[-110.42574331637145,27.26261846508588],[-110.42773492530529,27.26498840791944],[-110.44432452733446,27.27405415404826],[-110.46252026492624,27.28139955045121],[-110.48061606627213,27.286731922574926],[-110.52081943950492,27.292016704916183],[-110.52443146138471,27.29367281009586],[-110.52485024570258,27.296923154330422],[-110.52152138145597,27.2996464471912],[-110.51859107359985,27.29957149399735],[-110.51696955640632,27.297593924456567],[-110.51588450422517,27.29910011747456],[-110.5040439756531,27.300331220294698],[-110.48715429473482,27.298999895692226],[-110.47394480152683,27.293035158283836],[-110.47026422119542,27.296826786084956],[-110.46277962743928,27.293346823916874],[-110.46177311497433,27.294888714920724],[-110.45933178815602,27.293957156258458],[-110.4526788146342,27.29528489542489],[-110.45245752495535,27.297126597861652],[-110.44923454500805,27.29772265363619],[-110.44886967904954,27.300020192843807],[-110.44601751364877,27.301588385525704],[-110.44430787079298,27.30067467260816],[-110.44361544828983,27.302427144827355],[-110.4493339859521,27.303718246821592],[-110.45711458969569,27.309187537970224],[-110.4585096844241,27.312867029986947],[-110.4611872327883,27.3090086608963],[-110.46741481745408,27.310586316494348],[-110.46748263067855,27.311796272623297],[-110.4698803491835,27.310796873023744],[-110.47475991435667,27.31204286205557],[-110.47378067290947,27.314405979324345],[-110.4756559657652,27.317343438513614],[-110.47448895429321,27.31852062895459],[-110.46683660806534,27.316225638946023],[-110.4646986617466,27.316575420541493],[-110.4716086166243,27.318891825458522],[-110.47230817842484,27.32124035317826],[-110.46712571163076,27.32189708390205],[-110.46713285067008,27.32304993346975],[-110.46307697451128,27.3247231443455],[-110.46099027165656,27.32926746494092],[-110.46384182814361,27.329080329650413],[-110.46432746596003,27.325155756442253],[-110.4660513860485,27.325948116818406],[-110.4684213294142,27.324256320539142],[-110.47021306301684,27.325462706907334],[-110.4705806902602,27.324952312608474],[-110.47192984372387,27.32460253152944],[-110.47267937412064,27.323617435400735],[-110.4729684794375,27.32366383380565],[-110.4726407312977,27.326447246633194],[-110.47432477056232,27.327200902819744],[-110.47648056306953,27.32473816125165],[-110.47937160793727,27.325830332890387],[-110.48071005483776,27.32468819235625],[-110.4816665984012,27.325866025552457],[-110.47460316835175,27.348048550643433],[-110.47539196005489,27.354276789893056],[-110.4781009916474,27.353269304901897],[-110.47798319281691,27.357114297075228],[-110.48041381171723,27.359887558877237],[-110.47475664407537,27.362400270097513],[-110.47619502823959,27.36395643755301],[-110.47626216117746,27.36958832596857],[-110.48017467640253,27.37464616593337],[-110.48631725453795,27.374721119580375],[-110.49531332494432,27.38168842139488],[-110.49732124439902,27.381404769474567],[-110.4976565758459,27.383711912056572],[-110.49487029029436,27.382081819236163],[-110.49501180459742,27.38469344014696],[-110.49954824825012,27.384682732013943],[-110.50387767714962,27.387227565962657],[-110.51077692348571,27.384936144803646],[-110.51633058590588,27.379207592396313],[-110.52361887508447,27.37740872042225],[-110.52420065373354,27.375035207258893],[-110.52584605077674,27.37403226503267],[-110.53652745089146,27.372680731224982],[-110.53594745796433,27.374361225322847],[-110.53489157211536,27.37417979119625],[-110.53359773984386,27.37618746154832],[-110.53228308787652,27.376657405579973],[-110.53361558642845,27.37579484987349],[-110.5326905707747,27.373555183282107],[-110.53125992021889,27.375354650069998],[-110.52497630699277,27.37504144289528],[-110.52597170896803,27.378028933307903],[-110.53051038938544,27.3776805735449],[-110.52677761006655,27.381300328310726],[-110.52823502981468,27.385645819271154],[-110.52575444219123,27.390770583095158],[-110.52166771718096,27.38989613160719],[-110.51339314182927,27.39169857318394],[-110.5119238254924,27.397263537495107],[-110.5101154343952,27.398289680208457],[-110.51107316651154,27.39928310535142],[-110.50905954775239,27.400550167801423],[-110.51373221526556,27.397947632127057],[-110.51300945413638,27.39543432698775],[-110.52336689842136,27.39834052041938],[-110.52026978423144,27.403973617064118],[-110.51619495724813,27.407016353382833],[-110.51346452625891,27.406927122986612],[-110.5139433924716,27.41106143678156],[-110.51231048702104,27.411406459208692],[-110.51120106254827,27.41230768024159],[-110.51512420046458,27.41121015305799],[-110.5147727160395,27.408294500604807],[-110.51791365421606,27.40720573638153],[-110.51758208947196,27.41051314190412],[-110.51999614588392,27.411507585929606],[-110.51906521195379,27.408379955402538],[-110.52246186327896,27.404943247797704],[-110.5248212205861,27.407893071861718],[-110.52624520607542,27.416073177138927],[-110.5272178094847,27.41607615086493],[-110.52669135398757,27.407501167988286],[-110.52436119212476,27.40404540919413],[-110.52761740404485,27.402078375312726],[-110.52731893731487,27.39673113331491],[-110.53137591802887,27.397688866287737],[-110.52760744749871,27.39837296142768],[-110.5303021866533,27.401448414116334],[-110.52973706470299,27.40423238453665],[-110.53124802166207,27.404297819526136],[-110.53132615810033,27.39949999310239],[-110.53499236849068,27.397297484436553],[-110.5371728798746,27.397992247637994],[-110.53813061327931,27.400425246276445],[-110.53591397141182,27.40089005584505],[-110.53580468980832,27.399363412337937],[-110.53481423858759,27.39896187805802],[-110.53671019835669,27.40238402532525],[-110.54315722511251,27.40365239065194],[-110.54131880803367,27.402394575958233],[-110.54566264281627,27.401283808353313],[-110.54335650366372,27.401011188381023],[-110.54472766902055,27.40011591589681],[-110.54230954161302,27.39837296161656],[-110.5459441675601,27.394399261678412],[-110.54677485476515,27.396949138401332],[-110.54808831733023,27.39739171865033],[-110.54636082872032,27.39497894499637],[-110.5474313306573,27.39259979460371],[-110.54979358157266,27.394452528254266],[-110.5479429154973,27.394387364265373],[-110.54780004322694,27.395177928532764],[-110.54902409352854,27.395375764252705],[-110.55332941977576,27.392703894852943],[-110.55481024843785,27.39566884218526],[-110.55646733500464,27.395428378257776],[-110.55309147379404,27.40025868437697],[-110.55624321964441,27.398037771109884],[-110.55611772541722,27.40129755192588],[-110.55912935684219,27.403765415509184],[-110.55808444475754,27.408261771540456],[-110.55963827569634,27.41082539025273],[-110.55772792590471,27.410925613324686],[-110.55626619455653,27.414269830311163],[-110.55402606427336,27.413056640462326],[-110.55144964625289,27.414990522351477],[-110.54964125592095,27.415032161946765],[-110.5478388141428,27.411531379971002],[-110.54500725553456,27.413536075858318],[-110.54077969723689,27.412338720172993],[-110.54233174645196,27.414459698142114],[-110.54755922745194,27.41424396622411],[-110.54287168936337,27.415421798806],[-110.54109601665569,27.414229093975198],[-110.5404386901465,27.41432427342438],[-110.53938280522709,27.415103546324442],[-110.54067961096924,27.41714393394124],[-110.53754169723014,27.41643901913395],[-110.53675944899918,27.417536545068057],[-110.53822582870876,27.41730800116219],[-110.53842804581693,27.418931503943135],[-110.53595638139126,27.41936278128183],[-110.53570356316133,27.420992712394717],[-110.53815155425286,27.4200032707659],[-110.53778261666427,27.421992085991253],[-110.53960885322435,27.422119982320527],[-110.53990147122987,27.419921517666275],[-110.54113740548318,27.42050697929863],[-110.54327058062093,27.416838563058484],[-110.54621186647137,27.415654411804997],[-110.54744917729589,27.417384854599675],[-110.5477376868781,27.415353390268034],[-110.55244307134534,27.417268856432706],[-110.55127444599626,27.41949428731552],[-110.54885605406368,27.420016456968042],[-110.54956612343746,27.42108980051089],[-110.5517946679428,27.420026055786867],[-110.5462647509698,27.426243808916432],[-110.54204185198415,27.42651900989822],[-110.54724636765846,27.426790209282302],[-110.54627901179464,27.42861081803729],[-110.54027212819439,27.430397532078484],[-110.53918664890806,27.43195871922421],[-110.5396029050528,27.432964375646765],[-110.5473471450356,27.43127564562962],[-110.54755725263982,27.434274977196726],[-110.548207631371,27.429802667125955],[-110.55080421722674,27.42947846527787],[-110.5529933223268,27.425754609456526],[-110.55256204375766,27.423288892247047],[-110.5547987376083,27.42420201041309],[-110.55614578139496,27.42221524351516],[-110.55564950476298,27.42187852893032],[-110.55542133348295,27.421183579373565],[-110.55620559423815,27.420171798500174],[-110.55572675120231,27.421727471387378],[-110.55786777016151,27.422373894344844],[-110.55831439083596,27.419306269111406],[-110.56028529004143,27.42413786019071],[-110.5621334261036,27.424975335076343],[-110.56142256183726,27.427021672283416],[-110.55970637554944,27.426084759286983],[-110.55936309297202,27.426777059607137],[-110.56339414141216,27.42817152638607],[-110.56081282534456,27.42996922941284],[-110.56270152152241,27.430135791569686],[-110.55961119682918,27.43231299827394],[-110.55950783985408,27.434640270934647],[-110.55587544423165,27.434079747769363],[-110.5547090855824,27.434638161967527],[-110.55484037804551,27.43634618380719],[-110.5557029334956,27.43637890263321],[-110.55574299252424,27.43545875355251],[-110.55613991816946,27.434840672862013],[-110.55637522099774,27.434790045530814],[-110.56127087243942,27.43590598387543],[-110.56176163468831,27.437259302632004],[-110.55877541210555,27.437306892334785],[-110.55615800462587,27.434948251507535],[-110.55597062184206,27.436967818969634],[-110.55816469312428,27.437615254664486],[-110.55838609206086,27.439852818157267],[-110.55561288543684,27.440924267403666],[-110.55912159882295,27.442303362837453],[-110.56407979964044,27.437804695474192],[-110.56538552956486,27.43992241489182],[-110.56397867288995,27.441986596906023],[-110.564853125336,27.443381557287356],[-110.56896661764034,27.43902714293259],[-110.57316636719085,27.439324575038604],[-110.5742609191645,27.44048456331732],[-110.57099808323069,27.444488006149403],[-110.57220566001926,27.44850334605997],[-110.56886846596699,27.4498150241599],[-110.57217591671906,27.44960384761673],[-110.57268750111552,27.450674604296406],[-110.57025450202343,27.450784655586574],[-110.56664664360228,27.45626931200428],[-110.56305960695151,27.455552499785693],[-110.5634194997981,27.45369057118613],[-110.5619947979547,27.452994579421976],[-110.56239038255487,27.455704189816093],[-110.56085563133173,27.455977828331257],[-110.56097460376387,27.454797020796743],[-110.5596123620828,27.454312205877816],[-110.56073070884239,27.455046864008807],[-110.55957964512116,27.456697614786307],[-110.55535312729516,27.454627483766874],[-110.5536339670708,27.451468749800267],[-110.54852704781239,27.452795298846997],[-110.54340525862793,27.45131408506176],[-110.54300075015402,27.452179614501905],[-110.5461892283261,27.453211705538],[-110.5450679073009,27.45572501042695],[-110.53711455945735,27.457292480354027],[-110.5401335001527,27.458964051957718],[-110.54652532691186,27.457652374202947],[-110.55401170625281,27.45903841014453],[-110.56022507372398,27.457973600860846],[-110.56601192344299,27.459937846336143],[-110.56841755766266,27.459070533161093],[-110.56921705711362,27.45697184849911],[-110.57341799538031,27.45665062122674],[-110.57575938475979,27.45436276897965],[-110.57740478223883,27.45580829230047],[-110.58253371046636,27.456197333319896],[-110.58680921289418,27.450927754651012],[-110.5878759200008,27.451535198253378],[-110.5875977978423,27.443600764256527],[-110.589123033336,27.44011723283789],[-110.5904555314584,27.44171147251469],[-110.5905982983715,27.456238082574053],[-110.58670541761961,27.50003495117311],[-110.56753884917005,27.49994481076175],[-110.47536293341645,27.48499088065755],[-110.46031777765718,27.48388487377794],[-110.41589369397965,27.496230641376627],[-110.38398514195144,27.515417057446662],[-110.3534606935342,27.51734824231925],[-110.31189343380821,27.49232667875256],[-110.27982487339224,27.491592243816093],[-110.25900131284376,27.49790199620192],[-110.24616128742086,27.470315189214983],[-110.2319331816404,27.465141406700013],[-110.22894081924744,27.45660703464473],[-110.22504066130865,27.45443519546603],[-110.21202958578074,27.454857799297162],[-110.20894976318415,27.452737675312015],[-110.202275641221,27.46601664568548],[-110.20152977920499,27.47055632286129],[-110.19747472630267,27.465116034745606],[-110.19329984012394,27.45445152743419],[-110.1871026673489,27.45187726217428],[-110.17072035877993,27.452921825327586],[-110.16572121618884,27.429700061967544],[-110.158871738474,27.42453435936921],[-110.15960040403468,27.410105466026966],[-110.1633825461491,27.40587697459873],[-110.18094495011792,27.396205155589215],[-110.18826626287576,27.37609954408136],[-110.18741073567718,27.374168445732252],[-110.2111162145919,27.35594207000287],[-110.21126427082966,27.34640054793624],[-110.2029873179818,27.330865164019592],[-110.21330365165825,27.32645545682865],[-110.23040692436564,27.32878970309892],[-110.2294129661239,27.311240980553535],[-110.21962807768386,27.303647123120484],[-110.2198576187339,27.295828305596864],[-110.23157980522983,27.28709888404593],[-110.22528850536315,27.259343241662933],[-110.21211813382243,27.253600278951016],[-110.19859965733335,27.242395312039047],[-110.1924241165451,27.198852181306645],[-110.19994250134933,27.172280547760682],[-110.21664147961124,27.159387809365104],[-110.22228936803388,27.134589243023317],[-110.26194219470034,27.141506964200488],[-110.2728145696548,27.144606109107272],[-110.27645928635624,27.144085110413528],[-110.30666564955105,27.155372429666656],[-110.31575717279983,27.16017449888115],[-110.33795040625914,27.175940806940194],[-110.34558244738754,27.188801635342976],[-110.35965933855098,27.19987088861815],[-110.38994511824504,27.228053224125627],[-110.39338105972239,27.233478394915377]]],[[[-110.58183371373968,27.33010988465667],[-110.57974912423637,27.327009769517183],[-110.58194053207569,27.3251959340803],[-110.5844884578313,27.327755143249046],[-110.58540447643254,27.321898344183857],[-110.57302803316243,27.312420350066734],[-110.55868914949863,27.307966180515997],[-110.54340594444129,27.305462251105556],[-110.53675196265358,27.302152690836277],[-110.5319238219998,27.302685320724766],[-110.53120777170383,27.298850761453597],[-110.53425635844046,27.288271850139726],[-110.58269550261107,27.30357627755165],[-110.5976008012561,27.312706593242446],[-110.60172395153286,27.318701365002884],[-110.60420770543078,27.32664532582658],[-110.60610241289464,27.346835868077214],[-110.59709482969859,27.391348805024165],[-110.59677930973406,27.41422634665841],[-110.5951421716548,27.416626527555596],[-110.5895264299467,27.41479872452781],[-110.5910535700574,27.4074531120228],[-110.59340184642281,27.405433809241984],[-110.60270636979092,27.36159263165331],[-110.60102894453499,27.3621815682228],[-110.60110024860639,27.36117889603454],[-110.59586986920367,27.359807225894727],[-110.59563991395422,27.358844639880875],[-110.59799876581617,27.358886226127517],[-110.597474682129,27.35623562660981],[-110.59568970845702,27.35359474279357],[-110.59697674320265,27.356572328601896],[-110.59543657891331,27.357408276514946],[-110.59359456067192,27.356694238354336],[-110.59401050036894,27.355543746037206],[-110.5920948019463,27.35578440042237],[-110.59263671247366,27.354929442298776],[-110.5847875759117,27.348154559358658],[-110.58471532168326,27.34608054982147],[-110.5826427543595,27.3461413520745],[-110.58286712414356,27.34300662120242],[-110.58021485560532,27.33991613807197],[-110.58532081138806,27.33814157447594],[-110.57903655854373,27.335889810399244],[-110.5796640330515,27.33777420084897],[-110.57728596842107,27.33253900001015],[-110.57816157949895,27.331663170088305],[-110.57966133848913,27.332773580947556],[-110.57886261701927,27.33355069394056],[-110.5810911019495,27.333952708380508],[-110.5798966247488,27.330926499916075],[-110.58183371373968,27.33010988465667]]]]}},{"type":"Feature","properties":{"clues":"BSIMB000206"},"geometry":{"type":"Polygon","coordinates":[[[-110.31956426635197,24.10800359650638],[-110.3283495145142,24.10665188153854],[-110.33176517388138,24.10906591435932],[-110.3334608161427,24.113444132365025],[-110.33533411991917,24.113589634428365],[-110.33801415030433,24.12243334228131],[-110.33282514446249,24.122865201127905],[-110.32856383211043,24.12664634474013],[-110.32060731259268,24.12741342853885],[-110.31354167814332,24.1256253483545],[-110.31105823149392,24.122606989580323],[-110.31173484327347,24.119075725227834],[-110.30796229893079,24.11206711496983],[-110.3126587438595,24.10610347648701],[-110.31956426635197,24.10800359650638]]]}},{"type":"Feature","properties":{"clues":"SRIMB000745"},"geometry":{"type":"Polygon","coordinates":[[[-109.76688474978455,27.061010477930818],[-109.77062852670659,27.0638601909011],[-109.77559912229289,27.090448794131795],[-109.7687797718761,27.096150959178626],[-109.7383209567378,27.102497168680824],[-109.74520235917726,27.12686899031464],[-109.73117704264064,27.1343592662827],[-109.71549298122311,27.135771297911138],[-109.70632520377397,27.12008450891381],[-109.69354103547352,27.11618559317262],[-109.67455122467729,27.122452288070196],[-109.65878916408266,27.117451881909563],[-109.66703028885874,27.099266748610734],[-109.65843430261648,27.08273650298157],[-109.6659787991204,27.07121872082],[-109.66563135896614,27.068936331584137],[-109.64772110245725,27.069301981075228],[-109.64460836309269,27.06604245859911],[-109.65114727803883,27.047074474576547],[-109.66222141260363,27.048076690480595],[-109.66356003439152,27.039759294998916],[-109.67618509860857,27.02278788269782],[-109.6684656367695,27.016485167742367],[-109.66779177131194,27.01365265565198],[-109.67415616039976,27.001733983094933],[-109.68835758708477,27.00876388636954],[-109.6955511022687,27.00604716400512],[-109.7126201456725,27.012104206953698],[-109.71576916996696,27.017397921817324],[-109.7178420614376,27.025968509024338],[-109.74332658161734,27.022981840019664],[-109.76280090062544,27.030497534108854],[-109.76688474978455,27.061010477930818]]]}},{"type":"Feature","properties":{"clues":"SRIMB002396"},"geometry":{"type":"Polygon","coordinates":[[[-109.43046098644854,27.052009773785077],[-109.43277128679699,27.054702881510064],[-109.43065051542328,27.05862315435698],[-109.43215295144131,27.060633838638203],[-109.43151762020281,27.073612809834234],[-109.42978406722364,27.077468121391775],[-109.43416082697709,27.08207646574338],[-109.43324026549912,27.087083334554364],[-109.43503437210094,27.09028113807828],[-109.4329320680851,27.0961568025093],[-109.42682679027747,27.100559954337676],[-109.42989730269835,27.10786691977983],[-109.42887841529222,27.11290581595569],[-109.41112319510303,27.113213873367567],[-109.40873644109477,27.114310652104397],[-109.39595902597938,27.099051717748953],[-109.38787151460747,27.09855100934089],[-109.35625988197128,27.111960255965386],[-109.34090485067357,27.12399272434582],[-109.31619965839093,27.126008521412658],[-109.30214888085864,27.136516965467163],[-109.28515312949993,27.157923546491514],[-109.28025755501093,27.160375839480313],[-109.2728153841703,27.160603946576643],[-109.23591816739524,27.142885474078764],[-109.21562327198694,27.140533279972683],[-109.20010691969054,27.13233770619765],[-109.19534375761243,27.125229048638758],[-109.18921174382076,27.093199651042234],[-109.18036403428805,27.087356916047494],[-109.17277786155786,27.044119066173028],[-109.1695172176298,27.03535354723298],[-109.18414639737719,27.027124859776634],[-109.1967224614818,27.013101087887488],[-109.18635593619157,26.946209842640627],[-109.22729622709434,26.943565632265297],[-109.24069384277063,26.965990334849007],[-109.23756153381132,26.97880114812897],[-109.2603481232577,26.99525784708176],[-109.26760628673028,27.017903434752622],[-109.28143053916993,27.025219416923978],[-109.3067294465902,27.02521008118081],[-109.3308090484386,27.009449626905546],[-109.33600709065202,27.00815183437021],[-109.35826235889512,26.984252699429597],[-109.38500427496977,26.99276858983775],[-109.41691997675565,27.025888404897437],[-109.41939223667055,27.038237047562333],[-109.42616891917137,27.042184891465965],[-109.42920109649722,27.04662979429513],[-109.43046098644854,27.052009773785077]]]}},{"type":"Feature","properties":{"clues":"SLIMS000686"},"geometry":{"type":"Polygon","coordinates":[[[-109.20093907613752,26.14309193675208],[-109.22806345842885,26.108890226778215],[-109.26066124431927,26.103315887041944],[-109.27070175564346,26.10396391721737],[-109.31709513985531,26.158495237546443],[-109.3259032412788,26.161729829498373],[-109.33147612536678,26.16686766393032],[-109.3102875491378,26.20249468926318],[-109.29895051923074,26.2263941203498],[-109.2932302200085,26.24973820609967],[-109.29097638001741,26.27139000906201],[-109.28843630499087,26.277314867186156],[-109.25998104341961,26.303783880553446],[-109.22086173448584,26.288297007427747],[-109.18714765118982,26.24233221587934],[-109.17007723430675,26.20649257245374],[-109.20093907613752,26.14309193675208]]]}},{"type":"Feature","properties":{"clues":"CCIMB000872"},"geometry":{"type":"MultiPolygon","coordinates":[[[[-90.69095198717704,19.691148871098193],[-90.68399641994789,19.703080452794186],[-90.6748539844352,19.7118655708872],[-90.66838444767961,19.722603042215184],[-90.66673915606998,19.729230001821225],[-90.67024889275295,19.735385943027296],[-90.66628081434686,19.7445454572631],[-90.6658854370204,19.75080196477924],[-90.66312802035775,19.753719658793862],[-90.66130609623795,19.75889758355031],[-90.63418964501793,19.781385547763964],[-90.628942238104,19.78701083845362],[-90.63053821141601,19.788644632667072],[-90.63164152177143,19.787302709403964],[-90.63114741891992,19.789686887675288],[-90.62914812737814,19.788340346491893],[-90.62341479303693,19.79418808290377],[-90.61492352632946,19.796838432538248],[-90.61434715310709,19.798871240174925],[-90.61398291852888,19.797147370628057],[-90.61397078659742,19.79890970546832],[-90.61442713225853,19.799176718227358],[-90.61395224846653,19.798999604143187],[-90.6137405232563,19.797608934473832],[-90.61225145943963,19.79824605963518],[-90.6116425237429,19.79979581319758],[-90.61346766683566,19.79946864377894],[-90.61177895232916,19.800013403544856],[-90.61120495544692,19.799694061774797],[-90.59885790507182,19.808191281033334],[-90.59826816526154,19.811495885722184],[-90.5949010910779,19.81198945379757],[-90.59813216869547,19.813015638822716],[-90.59501324560465,19.812587092358786],[-90.59161874853,19.81452865455935],[-90.59308103265663,19.817154838606523],[-90.59005102825809,19.81401642281426],[-90.58593727430738,19.816829618378716],[-90.58646445708774,19.81822643982935],[-90.58559735200855,19.81747261891046],[-90.5775564412891,19.822078207096972],[-90.56845616391492,19.811764902698155],[-90.57000491178414,19.795733857602205],[-90.57615869432713,19.788574913668526],[-90.57886476902421,19.77138315279904],[-90.59083737842627,19.76099132423311],[-90.60293511675049,19.762039831948748],[-90.61101944224143,19.760825420775486],[-90.62782058738142,19.75006247204484],[-90.63885671778274,19.73724452631534],[-90.63616216848708,19.70846076983026],[-90.64408668292634,19.67994963919587],[-90.65035245740546,19.678783307159463],[-90.69095198717704,19.691148871098193]]],[[[-91.95622282014048,20.1969716190781],[-91.95627806028664,20.195958319723108],[-91.95774352008682,20.196741659671478],[-91.95622282014048,20.1969716190781]]],[[[-91.97847285016465,20.20404196929387],[-91.97691385006767,20.202472778983772],[-91.97896248988845,20.20403001917358],[-91.97847285016465,20.20404196929387]]],[[[-91.9634071401608,20.20169634926948],[-91.96231977980568,20.20861997973915],[-91.9610043104004,20.20752044920556],[-91.96108664978136,20.2029438894031],[-91.9634071401608,20.20169634926948]]]]}},{"type":"Feature","properties":{"clues":"TCIMB002524"},"geometry":{"type":"Polygon","coordinates":[[[-92.00030470201654,17.93423747820017],[-92.01905565830262,17.93831360553745],[-92.02373371152095,17.946390558394558],[-92.03681688119337,17.952303669793995],[-92.0385835527601,17.963211297984728],[-92.0522583970843,17.993349966701665],[-92.01822549097186,17.98124654543514],[-92.01793725616923,17.973076554066985],[-91.98958334603657,17.97071603688371],[-91.99463734667039,17.966088245860135],[-92.00030470201654,17.93423747820017]]]}},{"type":"Feature","properties":{"clues":"TCIMB004752"},"geometry":{"type":"Polygon","coordinates":[[[-91.45809816410672,17.948042829861677],[-91.44976458100318,17.960893817684333],[-91.46056305678708,17.972738777318586],[-91.46776919554925,17.990082115276852],[-91.46507194143757,18.005402578867315],[-91.48728089728239,18.023703144015343],[-91.48974263176238,18.02760093079649],[-91.48322020401082,18.065837520663653],[-91.5019055557835,18.076742233193112],[-91.47447056349259,18.124823572078203],[-91.47063711158376,18.12675928766694],[-91.46786575564805,18.124818055175055],[-91.44788512802359,18.119923169123616],[-91.44769680452796,18.113126779326777],[-91.42779870148354,18.09334365063933],[-91.41072403184354,18.11297649541342],[-91.40893034715384,18.12001007440709],[-91.37858748920391,18.134453967153153],[-91.36209158281355,18.1383104995866],[-91.35044697424293,18.13396690275116],[-91.32395454720692,18.114584354109162],[-91.30135193491529,18.067735317271236],[-91.29777963121866,18.06698213090936],[-91.26434557208046,18.00181472473317],[-91.28146118515777,17.99763046026968],[-91.3084407901346,17.94929277097336],[-91.31578256818173,17.946458884807534],[-91.3217783524548,17.936098555165838],[-91.32771116338171,17.93273295782716],[-91.36166788133207,17.92019834785103],[-91.36126455358108,17.89688170599513],[-91.3956735409301,17.875225031549455],[-91.41034514896187,17.891527198832726],[-91.40926877983134,17.91091337617701],[-91.4228218219166,17.919861721155485],[-91.43704325491423,17.914870216968804],[-91.4511150950892,17.924416452749306],[-91.45809816410672,17.948042829861677]]]}},{"type":"Feature","properties":{"clues":"CCIMB000954"},"geometry":{"type":"Polygon","coordinates":[[[-91.17231113506392,18.09454668882585],[-91.1861890675249,18.103821285399032],[-91.18801378753147,18.113876939903093],[-91.19296366173324,18.12153660115635],[-91.22788444801921,18.134241590310054],[-91.23176708180853,18.146148928287083],[-91.20423161849462,18.16466328055604],[-91.18648283510144,18.18429671274171],[-91.18585482905182,18.188123902145875],[-91.15921406229414,18.20981300808793],[-91.15187240870308,18.210846480045234],[-91.1335013222693,18.227308498201403],[-91.12860231047618,18.229350492654373],[-91.10018271701043,18.217586681382347],[-91.09063527790588,18.210311777474583],[-91.07344485180978,18.206339459452042],[-91.07027897200771,18.204427481224933],[-91.05948422923872,18.203986411042806],[-91.04227753039014,18.208788496018965],[-91.03122265523527,18.209588662234314],[-91.02553415849621,18.21555736598986],[-90.99876285060432,18.226042640162802],[-90.99752925508548,18.21292650757916],[-91.00375284484028,18.202415808095452],[-91.01882777702397,18.192408033101895],[-91.01860748847668,18.188577482904893],[-91.01323132204847,18.183747504834137],[-91.0126669291411,18.180356613082843],[-91.00225161049215,18.17563250035713],[-90.99529397435988,18.168421538290666],[-91.0064577529124,18.151522090778172],[-91.00441125780088,18.128267814309524],[-91.00051507985127,18.124892304027682],[-90.98829548329138,18.126725957557127],[-90.96547891926488,18.122628963240498],[-90.9678958327568,18.104102949451025],[-90.9900004932518,18.083518847373487],[-90.98518104045337,18.072039124160693],[-90.9772706483986,18.065005908272195],[-90.97927801779664,18.054308034013026],[-90.99311453770032,18.04852351193508],[-90.99434444090183,18.045194765448617],[-90.98698735612831,18.031547165759175],[-90.98817721360281,18.02388931947825],[-90.99270697684618,18.024112362690804],[-91.01533961297024,18.00731139532894],[-91.01902329227649,18.000453067858185],[-91.0441322543396,18.007736029006352],[-91.03518994274364,18.018508991146085],[-91.03608806977488,18.032885384882114],[-91.047168652602,18.039738796562776],[-91.05681250655716,18.04043974951983],[-91.06438850305487,18.05201656826938],[-91.03997370647707,18.06929019931861],[-91.04203182378154,18.082577539354812],[-91.04713842984698,18.087356622921906],[-91.05652603630715,18.08759504908584],[-91.07534997522312,18.095907464562757],[-91.08169999427379,18.095685741726715],[-91.10320490665129,18.10955340080669],[-91.11265372853636,18.108792911592605],[-91.12546541897058,18.095250060864792],[-91.14712906146826,18.103828051260958],[-91.15787575379619,18.096681552488214],[-91.17231113506392,18.09454668882585]]]}},{"type":"Feature","properties":{"clues":"YNIMS000544"},"geometry":{"type":"Polygon","coordinates":[[[-89.8006268585217,20.694178975423785],[-89.82429832879583,20.664385479246704],[-89.88600097330462,20.707438772844547],[-89.95142446311718,20.73687614129374],[-89.92480108860074,20.777406457620216],[-89.86446342820079,20.80602894647092],[-89.86228744758827,20.80571113189987],[-89.80937136168005,20.850562717121836],[-89.8051751110731,20.850343699385856],[-89.79881312258067,20.832849934230783],[-89.77906776894065,20.813712730108094],[-89.77379089119556,20.797567120206306],[-89.77483237609304,20.787023901318083],[-89.75948679837573,20.771074337864537],[-89.76306400663647,20.73299561376481],[-89.79357737562665,20.705775748577796],[-89.8006268585217,20.694178975423785]]]}},{"type":"Feature","properties":{"clues":"YNSSA000290"},"geometry":{"type":"Polygon","coordinates":[[[-89.30501754169508,20.419829688582183],[-89.30678465919297,20.42670142157149],[-89.30941831159559,20.42802548278173],[-89.33638108362011,20.431364908674627],[-89.34452156925133,20.442543934036948],[-89.32576033720012,20.461953355497187],[-89.31027499120638,20.486739537218853],[-89.2910125900801,20.49326226561596],[-89.26855889291849,20.436534488008064],[-89.2849288734392,20.425962038118357],[-89.2966793015601,20.411794288117342],[-89.30501754169508,20.419829688582183]]]}},{"type":"Feature","properties":{"clues":"YNIMS000766"},"geometry":{"type":"Polygon","coordinates":[[[-89.22382350182805,20.413843586051694],[-89.24852823256931,20.42414377982951],[-89.26855889291849,20.436534488008064],[-89.2910125900801,20.49326226561596],[-89.27612791349529,20.5101170992712],[-89.25643157809982,20.50364925521957],[-89.23439388199714,20.50522066495632],[-89.19157953211847,20.52839435565633],[-89.15268964313731,20.504720492782067],[-89.1519461036231,20.49272664142],[-89.15700480922594,20.457783224668415],[-89.14945407742233,20.44809772366942],[-89.13160240045283,20.40521629816895],[-89.19003556545627,20.407344986635188],[-89.21040549253341,20.401872887932456],[-89.22382350182805,20.413843586051694]]]}},{"type":"Feature","properties":{"clues":"YNSSA000891"},"geometry":{"type":"Polygon","coordinates":[[[-89.08142254520547,20.561213042051918],[-89.08808915110444,20.556830465404015],[-89.10839533890702,20.53044619786122],[-89.11298152227593,20.52790660096882],[-89.11987590172382,20.52059825212675],[-89.15268964313731,20.504720492782067],[-89.19157953211847,20.52839435565633],[-89.22725289348021,20.63414855380716],[-89.22042331988399,20.636196747121534],[-89.14605049261064,20.614243182703643],[-89.06419236006522,20.642614231403478],[-89.05057446733527,20.68475502220622],[-89.0274081500215,20.672577159668087],[-88.98811165697957,20.6583192497955],[-88.97156812101177,20.64444274129647],[-88.9249853795686,20.629241442139712],[-88.93614001881295,20.556994571028152],[-88.93178927965305,20.550405911008777],[-88.95980900611725,20.50786839555127],[-88.9794089205683,20.481701225291943],[-89.00705426297957,20.496855437126598],[-89.01679917388343,20.51935094562043],[-89.08142254520547,20.561213042051918]]]}},{"type":"Feature","properties":{"clues":"ZSIMB000685"},"geometry":{"type":"Polygon","coordinates":[[[-102.12947870230757,24.68276707814434],[-102.14481469118311,24.690241500245882],[-102.17788866575805,24.724496831662034],[-102.1851806630287,24.723144467644133],[-102.19571239955911,24.73320840072475],[-102.2081836254129,24.758032045346063],[-102.21583816460462,24.81676976364694],[-102.22257024632978,24.82132166009681],[-102.24818964461332,24.86746937469082],[-102.2256282109563,24.919645800710814],[-102.1988942875569,24.925611610988827],[-102.13200468024607,24.872827307243114],[-102.13076665049215,24.832214724741664],[-102.10084503503228,24.79782481997458],[-102.03758458546645,24.802084616127054],[-101.96902542351711,24.764298706601334],[-102.0100216778148,24.69325899513286],[-102.00904801479719,24.67768306990682],[-102.01347110645224,24.66387228823668],[-102.04045050307067,24.613276468774085],[-102.07131738847248,24.611920922960465],[-102.10122167249139,24.631610850157728],[-102.0998055561498,24.64542386685702],[-102.08464514015922,24.694288793748846],[-102.12947870230757,24.68276707814434]]]}},{"type":"Feature","properties":{"clues":"ZSIMB001991"},"geometry":{"type":"Polygon","coordinates":[[[-101.56217476960546,24.590875889570412],[-101.59309919899562,24.604809993047883],[-101.60366052974742,24.60178807147036],[-101.61882006005284,24.593153436651953],[-101.64582894943646,24.590623943053338],[-101.65834741390127,24.62042911946879],[-101.68924057501857,24.667815880813247],[-101.68864185771335,24.678260278003705],[-101.63540204083104,24.6769695212881],[-101.62550419852168,24.681570399002876],[-101.5970175177825,24.682222177690832],[-101.58808686301857,24.688511416524555],[-101.54969003415925,24.677832096520746],[-101.52693120048795,24.682013468175136],[-101.4866858697896,24.6699139217812],[-101.47770188948296,24.66241362609458],[-101.45840626574069,24.6547843786188],[-101.47683180001601,24.612154177453235],[-101.47665737245967,24.608646186511063],[-101.44746635734646,24.598049670303972],[-101.44473330338394,24.59227446400142],[-101.47219156858162,24.542853329580378],[-101.49334006446618,24.573149340156373],[-101.54412056215858,24.585978527950292],[-101.54652336584762,24.588287801386837],[-101.56217476960546,24.590875889570412]]]}},{"type":"Feature","properties":{"clues":"ZSIMB002370"},"geometry":{"type":"Polygon","coordinates":[[[-101.39418382727136,24.586683238227174],[-101.39795934384239,24.581566411297217],[-101.42015431288712,24.589826742135692],[-101.43888253911123,24.59060193715889],[-101.44473330338394,24.59227446400142],[-101.44746635734646,24.598049670303972],[-101.47665737245967,24.608646186511063],[-101.47683180001601,24.612154177453235],[-101.45840626574069,24.6547843786188],[-101.47770188948296,24.66241362609458],[-101.4866858697896,24.6699139217812],[-101.52693120048795,24.682013468175136],[-101.54969003415925,24.677832096520746],[-101.58808686301857,24.688511416524555],[-101.58762534543345,24.722297181502526],[-101.58436896637544,24.73857855622412],[-101.54423831939461,24.75256095335265],[-101.5206808742416,24.720342426925512],[-101.46950609550534,24.734072100141695],[-101.46152047961726,24.73159728175435],[-101.443370504917,24.732015900315684],[-101.41589555242231,24.79079303063776],[-101.36072615965085,24.776955383188373],[-101.33156289575011,24.780668483431967],[-101.32695020298662,24.777800479540335],[-101.25054897108953,24.788123526098083],[-101.24528861204375,24.77980132131139],[-101.2235786873731,24.75697981283049],[-101.2130202347726,24.713542929328657],[-101.20834764913472,24.705464316525457],[-101.19153096172705,24.69281087481662],[-101.17353834512429,24.666882533254498],[-101.16573229755957,24.664044665277263],[-101.13734962414978,24.619335038913807],[-101.10528374618602,24.581504318333522],[-101.10715275843611,24.570608533156623],[-101.17082786507757,24.512107855806484],[-101.24238102380731,24.519344142527892],[-101.26437671448333,24.570292536727187],[-101.26560912294089,24.59279631650582],[-101.29287470580098,24.637800181561648],[-101.3418662163336,24.625384058779847],[-101.35127214355072,24.62741840282164],[-101.35843520900376,24.623288058054936],[-101.36931747054636,24.610665005441035],[-101.37005535213791,24.607496660001093],[-101.39310868920955,24.592253743139498],[-101.39418382727136,24.586683238227174]]]}},{"type":"Feature","properties":{"clues":"CMIMB000750"},"geometry":{"type":"Polygon","coordinates":[[[-104.30514096660384,19.23967333177193],[-104.35628892216535,19.236579333442656],[-104.36573443053625,19.24865824447538],[-104.39076547190056,19.293533529542383],[-104.34331503739615,19.282960979707045],[-104.31244777798429,19.258655926804984],[-104.30514096660384,19.23967333177193]]]}},{"type":"Feature","properties":{"clues":"CSIMS005093"},"geometry":{"type":"Polygon","coordinates":[[[-93.56184802506259,15.769308494524628],[-93.62671247989519,15.815553809929309],[-93.62115408559436,15.83115267139097],[-93.61166169287253,15.845068463996261],[-93.6051434059332,15.837934485355389],[-93.588674522223,15.830686461550998],[-93.58140550044943,15.832323911885883],[-93.57081755493229,15.812018350897556],[-93.55823121003459,15.803729988262074],[-93.54932741585289,15.80046731858324],[-93.5450986448846,15.792658157931218],[-93.56184802506259,15.769308494524628]]]}},{"type":"Feature","properties":{"clues":"CSIMS002351"},"geometry":{"type":"Polygon","coordinates":[[[-93.74423542852894,16.32984115327844],[-93.76623279362208,16.342779973114716],[-93.76562669048201,16.346208749836123],[-93.77024765695573,16.37145834308986],[-93.77632962584241,16.37551975637572],[-93.77577291797861,16.384243723078697],[-93.7839591778699,16.414164299343117],[-93.76994589433295,16.42080516703316],[-93.75378409907923,16.42457234430186],[-93.7540138594492,16.430716484461946],[-93.73030618626436,16.467215370760847],[-93.72187310167534,16.466728334622278],[-93.71208944848365,16.460974817459828],[-93.70162916949812,16.46834037917924],[-93.69767329436718,16.480639156452202],[-93.68790254707041,16.482663691759203],[-93.68360887391707,16.466363431459843],[-93.67975808974114,16.463019241033],[-93.69601242123525,16.44481497183054],[-93.68436206803375,16.437586009348507],[-93.6741039490255,16.42779421257066],[-93.65529427986175,16.430357581032766],[-93.65308439854105,16.41759074239759],[-93.6464115052405,16.409035361322115],[-93.62559805610586,16.39364199548381],[-93.62763697696849,16.389159593888472],[-93.61695936751856,16.374703093438896],[-93.60707829311661,16.366617805058414],[-93.60114375257413,16.3549678574245],[-93.60654092958268,16.350977768497597],[-93.63202591647287,16.353522687078524],[-93.64721282828796,16.36989980350246],[-93.6691538112685,16.349016056955552],[-93.70369544225497,16.375017467894942],[-93.70905806315062,16.376418870317718],[-93.70274532962819,16.316996281060042],[-93.72612537165743,16.307542260486212],[-93.74423542852894,16.32984115327844]]]}},{"type":"Feature","properties":{"clues":"CSIMS003582"},"geometry":{"type":"Polygon","coordinates":[[[-93.39917740461844,17.432203478309177],[-93.39769392025092,17.44183564730461],[-93.39959146526319,17.445582323707303],[-93.39814860996805,17.45694057196649],[-93.39918387335427,17.459654530800716],[-93.41326535081599,17.46614038542806],[-93.41610555807341,17.46596106647642],[-93.41883934695437,17.469767599857953],[-93.43867546924692,17.481999168821332],[-93.44363729459579,17.492963482085543],[-93.4655017097316,17.490069803197184],[-93.475744772313,17.494665678155833],[-93.4771039406943,17.511285366715907],[-93.46621679949233,17.52680487806509],[-93.46572028127721,17.531676874194545],[-93.48867579309875,17.535344907556603],[-93.50532846287128,17.552664737384745],[-93.49185002132499,17.57384009846522],[-93.48833782196212,17.57416286326448],[-93.48415736901367,17.571053143684907],[-93.46256919627521,17.535931981724875],[-93.45820651639177,17.537351113761826],[-93.43986204284708,17.521578603457336],[-93.4341328182778,17.504710209407087],[-93.41777619165995,17.502393714522185],[-93.39019066531702,17.516069629070824],[-93.38368852943796,17.49648829490428],[-93.36790024582254,17.48364534993352],[-93.34706080398085,17.496114957148567],[-93.33351025531589,17.495695817150438],[-93.32190349630662,17.508516011901598],[-93.29054140035241,17.514760590531303],[-93.28431096574414,17.49551884303103],[-93.28687260588413,17.47792506148842],[-93.28928582142208,17.473631713362224],[-93.29097302283566,17.46447328564824],[-93.27170653828345,17.44052622124698],[-93.27011037486726,17.434026506545003],[-93.28010959836722,17.41848786152272],[-93.29329345750844,17.422040619872384],[-93.31235543082978,17.419759777889155],[-93.31998756961997,17.43633685651303],[-93.33871811658373,17.42823351438071],[-93.34274357487836,17.430437499652093],[-93.34854221151734,17.430082175755686],[-93.353998484826,17.426690119201584],[-93.3621749263392,17.429552298501477],[-93.36276897193889,17.43482341554873],[-93.37420828671966,17.44141805689599],[-93.38326872495593,17.431084241189506],[-93.39111034043745,17.42968755588971],[-93.39917740461844,17.432203478309177]]]}},{"type":"Feature","properties":{"clues":"TCIMB000231"},"geometry":{"type":"Polygon","coordinates":[[[-93.44080427051892,17.98297866747186],[-93.46318489449477,17.983324743714967],[-93.45310419953087,18.016278410321316],[-93.45723127649798,18.026540341571923],[-93.43328088900121,18.031839593696898],[-93.43184975679702,18.030736347010652],[-93.40577381930859,18.031733095550386],[-93.40729581674368,18.01509778689818],[-93.40198420059623,17.998352241410107],[-93.40386414703137,17.99672112576136],[-93.42546986088618,17.991098979357968],[-93.43013559106953,17.993513179559038],[-93.44080427051892,17.98297866747186]]]}},{"type":"Feature","properties":{"clues":"CSIMB003581"},"geometry":{"type":"Polygon","coordinates":[[[-93.31730821950275,16.556706118614848],[-93.32864986622276,16.5569881387934],[-93.36971388772004,16.59393617140623],[-93.37806199973576,16.597452118916706],[-93.38419766906765,16.594434137448985],[-93.39413705121754,16.60084337946521],[-93.40334043973608,16.611628623166823],[-93.40222397820237,16.62614304381602],[-93.3670217507226,16.638990754574877],[-93.3637271792034,16.632138311294444],[-93.36640624251737,16.61242637954036],[-93.32635914358136,16.602746001684004],[-93.31922870134443,16.598613467279947],[-93.32008562370443,16.5906152832727],[-93.31730821950275,16.556706118614848]]]}},{"type":"Feature","properties":{"clues":"CSIMB000921"},"geometry":{"type":"Polygon","coordinates":[[[-93.32732020675542,17.243320590543558],[-93.33173815276606,17.243913539042126],[-93.34059301784309,17.242177486451208],[-93.34666632210788,17.244843739946898],[-93.34538894982093,17.262211263945602],[-93.33123600305453,17.265240023696304],[-93.33719232131035,17.283441083371503],[-93.33492875585502,17.29012137969042],[-93.3350034706535,17.29692865598733],[-93.34574546230927,17.31096749101867],[-93.36801512499093,17.311292860763167],[-93.37165858062023,17.315827515071504],[-93.35839099437524,17.33706937464361],[-93.36412358585171,17.34971693395824],[-93.36925872033008,17.3538433554106],[-93.36597802863834,17.36861700845847],[-93.35984870616969,17.37258203577121],[-93.34232623899044,17.36553110001947],[-93.3399651136362,17.36660792784906],[-93.32950467380294,17.38008554967737],[-93.31968026520394,17.38038080700637],[-93.31068769097764,17.375121157255172],[-93.30617769944071,17.364424675386736],[-93.30908875625774,17.358827926402167],[-93.30272140739613,17.342563620184404],[-93.29724887244167,17.336219999787787],[-93.28946679829943,17.33390928718272],[-93.2813931374115,17.335324423092036],[-93.28146749603728,17.301069212918414],[-93.29226441378583,17.29129414762476],[-93.2847556710273,17.26979948397201],[-93.28521786409208,17.264028987283695],[-93.29339551301231,17.251267324931963],[-93.31890274351291,17.255489089064632],[-93.32732020675542,17.243320590543558]]]}},{"type":"Feature","properties":{"clues":"CSIMS001255"},"geometry":{"type":"Polygon","coordinates":[[[-93.29892360110333,17.051712909020075],[-93.30914235805689,17.065618677584332],[-93.3074903280515,17.072058213509113],[-93.33136303114271,17.0962821138129],[-93.33319557247641,17.105606427400115],[-93.32274137465387,17.112208922265935],[-93.31693380194409,17.110707220129388],[-93.30800195574969,17.122316516465606],[-93.30366226734971,17.124241980297754],[-93.29846988310629,17.12266912010411],[-93.2938217279952,17.125595070119385],[-93.29163890282898,17.13099771771379],[-93.2942784722601,17.134899902162513],[-93.29286121929233,17.13788600005382],[-93.29826281050154,17.147624089908355],[-93.29692046085206,17.155038076775682],[-93.28446539488567,17.160123819562543],[-93.28570265738402,17.17355358416963],[-93.28940260714994,17.17699563412385],[-93.28458480936958,17.205675667564428],[-93.27335071140486,17.201899418262204],[-93.24896669776592,17.219728278495865],[-93.23305412596764,17.212569745227547],[-93.23426927019813,17.208852449021812],[-93.24502830415217,17.197767750646022],[-93.24896097335923,17.185925098366088],[-93.25532164722905,17.18263200103779],[-93.25900516545047,17.185504901735776],[-93.26558503157706,17.17847850539155],[-93.26814778392925,17.177727622697578],[-93.27025034104237,17.174229492849772],[-93.25801958716995,17.155170399393395],[-93.2532313201663,17.155866249447392],[-93.24260329412071,17.154018030299046],[-93.2374452129565,17.147760750257362],[-93.21581232273311,17.1462455464322],[-93.21774219713906,17.140375975415637],[-93.22621326775305,17.13095179592604],[-93.22525986725259,17.12580393572957],[-93.22689860754647,17.12384206812996],[-93.23925180096667,17.120541779184418],[-93.24315693242187,17.113656757162538],[-93.2404081658081,17.110307424805193],[-93.22545877265345,17.109974718542105],[-93.22202381922823,17.108343339387677],[-93.22287149437393,17.10016514572224],[-93.22802065136268,17.093835014190628],[-93.23092098936117,17.09442164183461],[-93.23859197303884,17.088935758795223],[-93.24029196494371,17.08101714802144],[-93.24993735067866,17.067725508719096],[-93.24684881480546,17.064135702472406],[-93.25140441208553,17.03880322041661],[-93.25833636280062,17.033765825480714],[-93.26562289841439,17.022632626783697],[-93.27203505531867,17.02026053827076],[-93.29526537408714,17.02583243392835],[-93.29892360110333,17.051712909020075]]]}},{"type":"Feature","properties":{"clues":"CSIMS003466"},"geometry":{"type":"Polygon","coordinates":[[[-93.2374452129565,17.147760750257362],[-93.24260329412071,17.154018030299046],[-93.2532313201663,17.155866249447392],[-93.25801958716995,17.155170399393395],[-93.27025034104237,17.174229492849772],[-93.26814778392925,17.177727622697578],[-93.26558503157706,17.17847850539155],[-93.25900516545047,17.185504901735776],[-93.25532164722905,17.18263200103779],[-93.24896097335923,17.185925098366088],[-93.24502830415217,17.197767750646022],[-93.23426927019813,17.208852449021812],[-93.23305412596764,17.212569745227547],[-93.23030312957023,17.21404504277963],[-93.2105535675665,17.243893353961035],[-93.20409195880043,17.241644414164487],[-93.19343933451283,17.22460533324991],[-93.19546413596954,17.212614688624495],[-93.19163128417146,17.20592795008766],[-93.19062598203053,17.18943393671694],[-93.18697595365774,17.18712125316778],[-93.17558177603811,17.185811077360874],[-93.1628811795102,17.18199796243357],[-93.16875192299041,17.1560615047257],[-93.17594259231738,17.151736947350262],[-93.19524079294926,17.16014868172438],[-93.21098836966026,17.153167581686418],[-93.21238019045578,17.148585112516752],[-93.21581232273311,17.1462455464322],[-93.2374452129565,17.147760750257362]]]}},{"type":"Feature","properties":{"clues":"CSIMB001971"},"geometry":{"type":"MultiPolygon","coordinates":[[[[-93.05693509641515,15.508623460489368],[-93.05470449593814,15.519884423090781],[-93.04675983510904,15.524682390455153],[-93.04887699486166,15.531567474925204],[-93.04673740469416,15.535874128907782],[-93.05212049937677,15.53785748663053],[-93.07058212079075,15.536520851920432],[-93.06889524496435,15.542115033385192],[-93.06834601262995,15.553301479751067],[-93.0621644290472,15.568673133282715],[-93.0507830571174,15.56875314444583],[-93.04951232849092,15.575588028864964],[-93.04485798504207,15.57561964046643],[-93.03172655425647,15.5872394948992],[-93.02967565613446,15.577509636711929],[-93.02290270212437,15.570591378396854],[-93.01987416879975,15.568893600441461],[-93.00628335700881,15.566449262650101],[-92.99723016217477,15.569770521036618],[-92.98353512684228,15.550728952235827],[-92.97479688121899,15.542667706446084],[-92.98872853257771,15.524077583730065],[-92.99755202564619,15.520633016902783],[-92.99791643815232,15.516012585235588],[-93.00365779330039,15.512430794132065],[-93.01836663120162,15.509593672275333],[-93.02123306626225,15.507670134627785],[-93.02085460881734,15.494374431440843],[-93.02838234626209,15.483549486340223],[-93.03612141245223,15.480059027982538],[-93.03852668949153,15.479839877486905],[-93.04353078673127,15.485510275660793],[-93.06525106808243,15.496947610423897],[-93.05693509641515,15.508623460489368]]],[[[-92.97101122356713,15.518867461099319],[-92.96759085368937,15.526796255524628],[-92.9764233921367,15.521208870963944],[-92.97902605403762,15.523454219818134],[-92.97027363392706,15.53998078390296],[-92.96369284805517,15.537320145723395],[-92.96099906564231,15.523541884326292],[-92.97101122356713,15.518867461099319]]]]}},{"type":"Feature","properties":{"clues":"CSIMS000555"},"geometry":{"type":"Polygon","coordinates":[[[-92.85819155244772,15.158408183416],[-92.88074249805821,15.183685531690124],[-92.85597190861539,15.201119639965398],[-92.85865140208514,15.205717551625831],[-92.85944073493269,15.217297349900747],[-92.8505933965672,15.231615701970611],[-92.8502375374429,15.235426249009661],[-92.84306904888221,15.247868874882549],[-92.8446080835663,15.254525026836344],[-92.83571032502341,15.266042930844847],[-92.84009021154178,15.280482320749174],[-92.82859973343828,15.285264706060074],[-92.82192331254195,15.28983506565689],[-92.81194699142111,15.293359191875144],[-92.81730085669393,15.309224445223526],[-92.81360612609971,15.31973023053689],[-92.80144895164192,15.314360048063518],[-92.79238821602156,15.32007694359723],[-92.79991266346724,15.334314199305329],[-92.77890429979057,15.33630503651713],[-92.77478428355163,15.330241557511169],[-92.77395129903148,15.323987819653066],[-92.76132425878055,15.31783828642975],[-92.75930254134735,15.307654007963858],[-92.75199827436774,15.304272768708431],[-92.74850322262152,15.293292932948182],[-92.74907854492321,15.289902145552574],[-92.75065891903354,15.287311024449933],[-92.7644888702258,15.280991402108054],[-92.7679661789173,15.280630368608305],[-92.7741569543489,15.274810244300129],[-92.77337082622314,15.265112129443324],[-92.78014957217168,15.255992323000617],[-92.78213729306776,15.25590406534472],[-92.78447581398589,15.253530713333038],[-92.79081744132029,15.231371182131339],[-92.79297031937323,15.231573868673161],[-92.80350564184975,15.243110878857514],[-92.81075066949973,15.235837296146022],[-92.81939229365885,15.23661965422269],[-92.82474646321201,15.227324178995437],[-92.82245553462239,15.216534897554887],[-92.83853863930914,15.197961507186596],[-92.85191033505718,15.198056312166477],[-92.8555329591923,15.16068135323689],[-92.85819155244772,15.158408183416]]]}},{"type":"Feature","properties":{"clues":"TCIMB005143"},"geometry":{"type":"MultiPolygon","coordinates":[[[[-92.98055607159075,17.526672161940073],[-92.97902931282513,17.542013996259346],[-92.96242519019522,17.55208474558427],[-92.95728094130624,17.538798814175095],[-92.98055607159075,17.526672161940073]]],[[[-92.9558041577324,17.554708572257116],[-92.962248666115,17.552699873720194],[-92.96612873196041,17.559708508749022],[-92.98071916115586,17.55711213928865],[-92.98266400251394,17.559560715050864],[-92.98203457217087,17.563477746900443],[-92.99909276387064,17.584467684344062],[-92.97616247158,17.611337200777744],[-92.99382104571251,17.63569576158192],[-92.98403128131727,17.641181501691328],[-92.97541045511862,17.642545952469725],[-92.96633025694116,17.641018485072784],[-92.9466781157895,17.615493243276838],[-92.96226630279821,17.60454124549595],[-92.9615527764919,17.597492834123955],[-92.94927843806965,17.583525470477145],[-92.9384909760157,17.581004367671596],[-92.93953193717529,17.571990325226903],[-92.94268028888129,17.56728847352515],[-92.95288049320763,17.56487559039522],[-92.9558041577324,17.554708572257116]]]]}},{"type":"Feature","properties":{"clues":"CSIMS000473"},"geometry":{"type":"Polygon","coordinates":[[[-92.91567433206237,16.473209923150186],[-92.92674369837675,16.49448632356365],[-92.93012415056681,16.51314305062046],[-92.93465276679414,16.51673081165334],[-92.94292946742236,16.527609947145542],[-92.95056017847288,16.543021262302418],[-92.95862199545118,16.549038980698747],[-92.96175422835732,16.556165512807617],[-92.9653643343646,16.57146859879863],[-92.96263092259696,16.58051026036961],[-92.95584852665003,16.591126753517603],[-92.94571175147419,16.618046139293646],[-92.94303835482555,16.618023241824257],[-92.93232797748395,16.645913227673567],[-92.91998990323145,16.648033558487917],[-92.91901980986111,16.648049369697816],[-92.91871848521346,16.633323451930647],[-92.92647930247448,16.61995554486294],[-92.93234932041763,16.61331466935402],[-92.92408798894267,16.609328810568144],[-92.9191578718648,16.60880809651954],[-92.89570787931716,16.621890236271398],[-92.8967604188753,16.606201758250375],[-92.89832162991728,16.60463846922417],[-92.89375014791513,16.59918679488241],[-92.88582568783114,16.599992020810948],[-92.89136048397873,16.57939933643057],[-92.8863616755889,16.578611773583265],[-92.87629140797513,16.573730932453195],[-92.86933251192349,16.568661940555483],[-92.86071886998933,16.54651124018136],[-92.86182923908669,16.54480094917072],[-92.85708370897086,16.527667377283223],[-92.85828798084582,16.519435533401687],[-92.87534498465368,16.510091858834347],[-92.87499257589394,16.504006881572817],[-92.87758893100438,16.496587144191782],[-92.89238072682255,16.498472278219616],[-92.91567433206237,16.473209923150186]]]}},{"type":"Feature","properties":{"clues":"TCIMB003574"},"geometry":{"type":"Polygon","coordinates":[[[-92.92604455370004,17.677689435584263],[-92.94134833511978,17.66537893698906],[-92.94660414356647,17.6645157741841],[-92.9494103648342,17.64619524860898],[-92.96633025694116,17.641018485072784],[-92.97541045511862,17.642545952469725],[-92.98403128131727,17.641181501691328],[-92.97357717484009,17.6768635725758],[-92.9792693879674,17.688442495416044],[-92.97806504756201,17.69313724033758],[-92.97407338473387,17.695607126555917],[-92.96416469453445,17.71766766883098],[-92.95371230716917,17.72614648666378],[-92.94985952195812,17.738793247818418],[-92.94552853650363,17.743148667746155],[-92.92047994230481,17.721172929156097],[-92.91857949837963,17.70567265006716],[-92.93965637564551,17.70562451777528],[-92.94730044781335,17.693148613478666],[-92.92604455370004,17.677689435584263]]]}},{"type":"Feature","properties":{"clues":"TCIMB001165"},"geometry":{"type":"Polygon","coordinates":[[[-92.77577889529958,18.003952998759097],[-92.79452261429347,17.983868515142213],[-92.81189470245772,17.993886289138022],[-92.81302967890414,17.99859894727264],[-92.82722348979132,18.00730607956028],[-92.84564037133579,18.00639593496915],[-92.85159532503518,18.037422168522077],[-92.84768060147869,18.042097210521987],[-92.8281085528228,18.038281604181687],[-92.80744407843898,18.050487906043944],[-92.79880972004393,18.04794841197161],[-92.79488046576918,18.034113296891203],[-92.77730468043596,18.018111763637464],[-92.77577889529958,18.003952998759097]]]}},{"type":"Feature","properties":{"clues":"TCIMB003335"},"geometry":{"type":"Polygon","coordinates":[[[-92.71405310032821,17.39502895473633],[-92.71972343595688,17.397857753463438],[-92.72933134754578,17.413539664876836],[-92.7087205160049,17.423687509579253],[-92.69711294336736,17.42061909790867],[-92.70057937645544,17.401708454926503],[-92.7119032268633,17.394865126099475],[-92.70547476509202,17.373732411384545],[-92.71841518736143,17.36936103568799],[-92.72456399707671,17.37873172057162],[-92.71405310032821,17.39502895473633]]]}},{"type":"Feature","properties":{"clues":"CSIMS000444"},"geometry":{"type":"Polygon","coordinates":[[[-92.70693196802931,15.376363195324434],[-92.71533739143011,15.382025481655745],[-92.71518480663548,15.386927303137254],[-92.71053076295546,15.394954364598906],[-92.71287876186086,15.39748453687669],[-92.71424750805613,15.410996808358506],[-92.71309167009964,15.412883865300888],[-92.72530061988034,15.42036077917629],[-92.72313248918458,15.439197252790574],[-92.71768644946258,15.44056795350005],[-92.70939415708342,15.438830625150537],[-92.70187548103286,15.443161474369306],[-92.69045257948663,15.44389295555572],[-92.68280086347129,15.41750454117921],[-92.67645305134423,15.411060000486374],[-92.6771517612333,15.40523107584891],[-92.67519079433166,15.401867101411579],[-92.67603233003412,15.398366095172468],[-92.69151455461865,15.375895750904473],[-92.69902525869693,15.37543466445367],[-92.70355580550365,15.37193937597861],[-92.70693196802931,15.376363195324434]]]}},{"type":"Feature","properties":{"clues":"CSIMB000320"},"geometry":{"type":"Polygon","coordinates":[[[-92.70642460894534,17.042750477854277],[-92.69588490505278,17.067479920550685],[-92.68598842702248,17.07572519876314],[-92.68125240456538,17.076202972557184],[-92.67038087258086,17.06353059292273],[-92.67251621070908,17.055650195911383],[-92.67032926928484,17.049664713806326],[-92.68952169884614,17.01365719582058],[-92.69304419268052,17.013968548117916],[-92.700509103356,17.022798769513876],[-92.70642460894534,17.042750477854277]]]}},{"type":"Feature","properties":{"clues":"CSIMS006266"},"geometry":{"type":"Polygon","coordinates":[[[-92.71778505896711,15.881034427069654],[-92.7110652868751,15.888472808511581],[-92.69922243125986,15.879934037757552],[-92.70951700963013,15.875802166119097],[-92.71661802758152,15.87887599711512],[-92.71778505896711,15.881034427069654]]]}},{"type":"Feature","properties":{"clues":"CSIMB000665"},"geometry":{"type":"Polygon","coordinates":[[[-92.6589468531484,16.88185114308008],[-92.6620353838655,16.880924288505792],[-92.66847557384398,16.883685201095037],[-92.66700703600578,16.892954943638973],[-92.65955551369154,16.900552992535314],[-92.66049595488246,16.904052401203554],[-92.65813701384178,16.910755586729294],[-92.6549733897235,16.91317526508993],[-92.64091853835394,16.906831570720296],[-92.63900974410515,16.897712424812003],[-92.6432036732583,16.891946228135897],[-92.6344450669881,16.8848850681354],[-92.63746946565944,16.87768097753468],[-92.64355215972935,16.87874415268954],[-92.64881454359401,16.870946162806366],[-92.6589468531484,16.88185114308008]]]}},{"type":"Feature","properties":{"clues":"CSIMS003005"},"geometry":{"type":"Polygon","coordinates":[[[-92.55809473005246,16.8807734891705],[-92.56735169021574,16.863828819874573],[-92.57185933758382,16.865182271858913],[-92.58249268741076,16.860549514950097],[-92.58938812677167,16.874901885138836],[-92.59922152235575,16.876774752715622],[-92.60012604890028,16.878885784881934],[-92.59849350591367,16.888215840526588],[-92.58244864319175,16.885158924559583],[-92.57619155332614,16.892425094970438],[-92.56591566928037,16.89140688318723],[-92.5615426475073,16.883127254034317],[-92.55809473005246,16.8807734891705]]]}},{"type":"Feature","properties":{"clues":"TCIMB005090"},"geometry":{"type":"Polygon","coordinates":[[[-92.5761637821321,17.665935045265584],[-92.57520608754257,17.66960017166713],[-92.5516450868956,17.674820143877962],[-92.53486486497133,17.662947279401312],[-92.5373528234046,17.654496982430636],[-92.54359962465713,17.65069883409173],[-92.55399249623142,17.638640255177215],[-92.57997315996553,17.648477802012508],[-92.58169875285704,17.65835439314787],[-92.5761637821321,17.665935045265584]]]}},{"type":"Feature","properties":{"clues":"CSIMB000916"},"geometry":{"type":"Polygon","coordinates":[[[-92.50929872883039,15.293990944085705],[-92.51046519387758,15.297923808174291],[-92.5076608170771,15.307787956711588],[-92.51493436814664,15.319287580003115],[-92.51015388485743,15.328497832897567],[-92.50986342305562,15.33906890095655],[-92.50520233772379,15.341342887502654],[-92.50248734539859,15.341001744485508],[-92.49653932106679,15.344974356585002],[-92.49325656002624,15.344571737521694],[-92.48764794127445,15.347241708455778],[-92.47688340004383,15.333716833199016],[-92.46550880526478,15.33613138444319],[-92.46019781949953,15.332946238181952],[-92.4579356395622,15.328936022901642],[-92.46454662040831,15.316927174161885],[-92.465374707518,15.308641612947762],[-92.46232455074303,15.304527670413638],[-92.46648924108489,15.297921990396063],[-92.46705997370931,15.290215584961569],[-92.4744182384001,15.28385219462501],[-92.4834350863999,15.284758886849266],[-92.49071377567091,15.281190183770537],[-92.50238428292558,15.29165274138971],[-92.50929872883039,15.293990944085705]]]}},{"type":"Feature","properties":{"clues":"CSIMB000781"},"geometry":{"type":"Polygon","coordinates":[[[-92.3452493562428,17.10633168824926],[-92.3522428852988,17.10264374594792],[-92.36341548023775,17.11780133196788],[-92.36657171703094,17.119243294578823],[-92.37293492631252,17.136536769997537],[-92.37083458941773,17.1397296759521],[-92.38609143430611,17.157313462222337],[-92.40148856136298,17.1605127820957],[-92.40228341487698,17.16186122236623],[-92.38175948793298,17.176089368084053],[-92.37626391902754,17.17661075783019],[-92.3730525780287,17.17287807859496],[-92.37335347836375,17.163345887247146],[-92.36177178556706,17.155608115155484],[-92.3631562345159,17.145680719619016],[-92.34267986034126,17.139257710408607],[-92.33339394357144,17.131074393302416],[-92.32420489092864,17.133640078335006],[-92.3230236787394,17.13122768512084],[-92.3238922343593,17.124369243377057],[-92.3286206373662,17.114824989360077],[-92.33017584067497,17.107284510450782],[-92.3194484122645,17.105942187519624],[-92.3147545766428,17.10928122323065],[-92.30858800746873,17.100046235838782],[-92.32380559822099,17.095918485544825],[-92.33040905641238,17.106971168719245],[-92.33716775715935,17.1039309892285],[-92.3452493562428,17.10633168824926]]]}},{"type":"Feature","properties":{"clues":"CSIMS004586"},"geometry":{"type":"Polygon","coordinates":[[[-92.32032357104632,14.618934599659337],[-92.3406133826713,14.637437771436923],[-92.3355851643618,14.650420612414631],[-92.31821700726336,14.664383453649966],[-92.31419127122916,14.671695708260529],[-92.3120574826379,14.682165405154409],[-92.30408560198771,14.687687895360478],[-92.30234892990929,14.691752583818069],[-92.3019147769399,14.70437571268234],[-92.30425758601359,14.707501496110071],[-92.30318325523274,14.719596735078758],[-92.28503409797074,14.73377732894718],[-92.28061750295579,14.731446351356992],[-92.28162214627494,14.711712797053789],[-92.26769415137893,14.714790187975826],[-92.26059395910357,14.7251158370643],[-92.2563823422442,14.726349299492695],[-92.2497683701436,14.740223667615172],[-92.26595627134462,14.741569520349698],[-92.27371617300437,14.754138665076486],[-92.25174146951332,14.74757973349431],[-92.25657946771248,14.762292279946713],[-92.247011534123,14.781917251645439],[-92.23083554230483,14.755161555113906],[-92.24846416075853,14.742579276266186],[-92.24888232626208,14.741050244635483],[-92.23017881743054,14.72554985211615],[-92.24508399123769,14.707216207737087],[-92.25645956134625,14.699811894204512],[-92.25939417610526,14.69287936433014],[-92.26821831808027,14.686339976922683],[-92.27461995664912,14.686118533992838],[-92.28039024895406,14.674291854314603],[-92.30122782204451,14.68465538111894],[-92.29366934495177,14.661407291291098],[-92.29194122346958,14.660209250399575],[-92.30054767606318,14.648460976351823],[-92.30164334902581,14.648676160878793],[-92.30882368881043,14.635406254912846],[-92.30601511277162,14.631426219135077],[-92.32458711338545,14.629883333263155],[-92.31719001131589,14.626204774396141],[-92.31297260043304,14.62146523190281],[-92.32032357104632,14.618934599659337]]]}},{"type":"Feature","properties":{"clues":"CSIMB006265"},"geometry":{"type":"Polygon","coordinates":[[[-92.29395621403641,17.06432051815627],[-92.29466679860151,17.072373018542216],[-92.29779598870297,17.075219093676708],[-92.2978221201938,17.082384614769666],[-92.29191445962256,17.083566459165805],[-92.28876186742929,17.087840246598315],[-92.28815133325746,17.091438726560906],[-92.29864991455027,17.086768470189853],[-92.30272053904329,17.09303211688552],[-92.30182651094131,17.100404869487512],[-92.30858800746873,17.100046235838782],[-92.3147545766428,17.10928122323065],[-92.3194484122645,17.105942187519624],[-92.33017584067497,17.107284510450782],[-92.32514443824522,17.12334279229689],[-92.3238922343593,17.124369243377057],[-92.31433316754,17.123934454571657],[-92.31327570762805,17.128536434746024],[-92.31499295066877,17.1302059907476],[-92.31664945654856,17.136697149416744],[-92.31543306453152,17.1414838230143],[-92.30954800044357,17.139034922163894],[-92.30805482325631,17.14192612839035],[-92.30384209836075,17.14037607992282],[-92.3002932688216,17.13535057370944],[-92.29831378240856,17.13599729481863],[-92.29434106222055,17.132345291932616],[-92.29225915667969,17.126617529562996],[-92.28326946315507,17.130605814229877],[-92.27952944661868,17.12424639621548],[-92.28009547445632,17.12214044056786],[-92.27795227022007,17.11579371053772],[-92.27392931999864,17.11622170355197],[-92.27157730927794,17.114904764389706],[-92.27000869495683,17.1111674332282],[-92.2680750908357,17.110998789364682],[-92.26183252715144,17.1214737959629],[-92.26318240168833,17.12722995464641],[-92.25672109652595,17.138039710887664],[-92.25694752439293,17.142501590082297],[-92.23887813489578,17.154851886739007],[-92.23089663085278,17.14054669900468],[-92.2331700540138,17.114892445492288],[-92.22790301474024,17.11014267405563],[-92.2268911233587,17.104801638991034],[-92.229441746906,17.101891370979242],[-92.23381636805159,17.101108714949618],[-92.23739782439095,17.095512926288162],[-92.2340083162882,17.090002127263332],[-92.24773422872272,17.08574162588367],[-92.2484598791584,17.08772833232724],[-92.25646296299755,17.090567699074594],[-92.2631488313545,17.089161323839445],[-92.26332008718337,17.078968882185457],[-92.2608943548704,17.074794573832616],[-92.26580409963366,17.07138086851095],[-92.2675418839628,17.068002443782515],[-92.26662026858264,17.062288625703104],[-92.26899879938489,17.059602934935686],[-92.27567376070078,17.060658591650697],[-92.2853556250217,17.057438140468697],[-92.29395621403641,17.06432051815627]]]}},{"type":"Feature","properties":{"clues":"CSIMB003465"},"geometry":{"type":"Polygon","coordinates":[[[-92.29281492888408,16.78628730234809],[-92.29848686107775,16.789761857988474],[-92.30021849603504,16.80294557993727],[-92.29661768156369,16.808992778394494],[-92.29704824931532,16.811869356912435],[-92.31024927345415,16.82154971842197],[-92.30858645953191,16.82397584394439],[-92.31287904236832,16.83760097763726],[-92.30971004785872,16.840286835345722],[-92.29904341315286,16.84249272082487],[-92.29168037131899,16.835992551430294],[-92.2865823589245,16.82337333346132],[-92.27607248926674,16.82134487635052],[-92.27451804516564,16.82291975028839],[-92.26331206141542,16.823563060198076],[-92.26078423058162,16.82231874221556],[-92.25436028070058,16.810222049469747],[-92.25929090012905,16.80390090431347],[-92.26190206550824,16.796280198871727],[-92.2590849413044,16.793786963660324],[-92.2584908945579,16.775870557465716],[-92.25967796263436,16.774726329030383],[-92.27136140931587,16.777231621603395],[-92.2747345124768,16.786176538876624],[-92.28677711320199,16.78779046037508],[-92.29281492888408,16.78628730234809]]]}},{"type":"Feature","properties":{"clues":"CSIMS000782"},"geometry":{"type":"Polygon","coordinates":[[[-92.27879963389177,15.596309003959092],[-92.26422674556274,15.605352391552872],[-92.26121088705942,15.60220736696424],[-92.25966501697854,15.586737034936982],[-92.26143614621235,15.583093556969196],[-92.27871184324792,15.594771455921675],[-92.27879963389177,15.596309003959092]]]}},{"type":"Feature","properties":{"clues":"CSIMS001972"},"geometry":{"type":"Polygon","coordinates":[[[-92.22332391810434,15.47243615241324],[-92.22866198291894,15.46304122517263],[-92.23151991434649,15.461303331949056],[-92.23642285058246,15.466067514617269],[-92.2502924432652,15.46602732257026],[-92.25006341086745,15.472136367487401],[-92.24535799786027,15.481645419831054],[-92.2422931964293,15.4823731836384],[-92.23770483481935,15.486173789127296],[-92.22578440791784,15.486887404667577],[-92.21824301552253,15.48236141979319],[-92.21639790863135,15.482558874181231],[-92.21261558415904,15.47340766933804],[-92.22332391810434,15.47243615241324]]]}},{"type":"Feature","properties":{"clues":"CSIMS000922"},"geometry":{"type":"Polygon","coordinates":[[[-92.18356113612548,15.079328519126562],[-92.18108161879618,15.064115960224834],[-92.20210058895455,15.066293599302917],[-92.20624105174602,15.065269794812469],[-92.20770303979387,15.082451653963085],[-92.21828305551163,15.090492495436026],[-92.21210421235399,15.099723312638163],[-92.19474818184283,15.10360116079064],[-92.18660706374409,15.08064669134868],[-92.18356113612548,15.079328519126562]]]}},{"type":"Feature","properties":{"clues":"CSIMB005285"},"geometry":{"type":"Polygon","coordinates":[[[-92.1343301543741,17.16457034877699],[-92.14379140736426,17.16800448388334],[-92.15118586817633,17.181329097975876],[-92.14922455257889,17.184938454825108],[-92.13127998934716,17.19783609621149],[-92.1208738590067,17.193885891909204],[-92.12080155404078,17.173635002978],[-92.12608100728615,17.172506126379336],[-92.1343301543741,17.16457034877699]]]}},{"type":"Feature","properties":{"clues":"CSIMB003120"},"geometry":{"type":"Polygon","coordinates":[[[-92.09221297972667,15.018892779385592],[-92.09775616988908,15.014478179604389],[-92.09879128963583,15.009607429901948],[-92.10974977958574,15.011116569403134],[-92.11131797986292,15.0135875195665],[-92.11391470981614,15.012721279244781],[-92.11588252003425,15.013988719109818],[-92.11332841301014,15.03269928255131],[-92.10965097209893,15.038697551149427],[-92.11188881257338,15.044720264711376],[-92.10656215777163,15.05060040138194],[-92.0952569370439,15.046926075176582],[-92.09343228345905,15.048801040206085],[-92.08551267318583,15.048119546164845],[-92.08357233520238,15.055224586695791],[-92.08795205385405,15.059108771802881],[-92.08584055723308,15.065107172431745],[-92.08805362125625,15.072465635585036],[-92.08634005051589,15.076369669257415],[-92.07504354036676,15.074857524357649],[-92.07333590515324,15.069403371688045],[-92.06860781369927,15.065201755176249],[-92.06999045030074,15.062679999584654],[-92.0732413699088,15.061353519460374],[-92.07232409009909,15.057724509498293],[-92.06835447968506,15.05535714976483],[-92.06881861990934,15.052346539580746],[-92.07085450972315,15.05093076909622],[-92.07019601964844,15.046781109314065],[-92.07268785028785,15.044216949571366],[-92.07792405984566,15.045881479716167],[-92.07697997978345,15.042536479689003],[-92.0802539104009,15.028473029404301],[-92.0856658199438,15.020728859571348],[-92.09221297972667,15.018892779385592]]]}},{"type":"Feature","properties":{"clues":"CSIMS000666"},"geometry":{"type":"Polygon","coordinates":[[[-92.12191685882614,15.476702000694987],[-92.12762207016678,15.47789408253549],[-92.12341261227996,15.491633427777662],[-92.12244187263812,15.501637632307505],[-92.1284473880692,15.507679788573155],[-92.13775774121979,15.506911154455151],[-92.14361904203295,15.521656353918539],[-92.13240944613123,15.526804127882874],[-92.13057170404771,15.53626037958955],[-92.13111339183853,15.542608142088307],[-92.1383227509919,15.550260563818192],[-92.13934116349603,15.553231044700278],[-92.13095338618035,15.562561458037756],[-92.12216095181739,15.559589272917897],[-92.10738013961725,15.550398372081263],[-92.1030046824935,15.550421457993359],[-92.09757298361436,15.547735498554278],[-92.1041037735621,15.528662362224686],[-92.10226535444309,15.524824750767326],[-92.09768657740031,15.522115038314261],[-92.1028954571976,15.511727969608687],[-92.10169856852308,15.50766052830639],[-92.09226082747507,15.505270874662312],[-92.08752121000742,15.505593461545944],[-92.08300015315056,15.497224928627185],[-92.07444005698653,15.492329258461366],[-92.09552509133252,15.456443236888974],[-92.0975523839598,15.470243380771896],[-92.10241499291811,15.473144712398232],[-92.10607368111481,15.477588416319486],[-92.11880900415828,15.474236980341278],[-92.12191685882614,15.476702000694987]]]}},{"type":"Feature","properties":{"clues":"CSIMB006381"},"geometry":{"type":"Polygon","coordinates":[[[-92.04727870307386,17.109658099903303],[-92.03239326259957,17.105662147296737],[-92.03201546513988,17.103639565140753],[-92.03621107209692,17.093108008328564],[-92.04969421803118,17.09811804382443],[-92.06397036713481,17.105702945234363],[-92.0706007344472,17.100487115151846],[-92.08350468381339,17.105457128772766],[-92.08010655938963,17.120723652897276],[-92.07178155312165,17.123137739165408],[-92.06803757165312,17.128860956546095],[-92.05989938221033,17.131764787095275],[-92.05051896447874,17.14655403092689],[-92.04326379163292,17.13811985224744],[-92.04261959962449,17.127775407817655],[-92.04552739200037,17.124687326835463],[-92.0436165463864,17.113225021155873],[-92.04727870307386,17.109658099903303]]]}},{"type":"Feature","properties":{"clues":"CSIMS002240"},"geometry":{"type":"Polygon","coordinates":[[[-91.92830591763709,16.226367048952955],[-91.92734886263221,16.220771394860314],[-91.93874345151991,16.211118180786336],[-91.95750441944918,16.2182327570705],[-91.96141065238052,16.21770507837641],[-91.96402330899988,16.2148768076916],[-91.97648891431233,16.212522867822347],[-91.99168820576573,16.228941700511722],[-91.99454540466661,16.234578569968342],[-91.99827587843463,16.236842544645842],[-92.00605429514168,16.251823077290023],[-91.99115831811444,16.260967789517583],[-91.98684156768978,16.269026785952533],[-91.97730716638983,16.27043554981534],[-91.94149947847018,16.27111839128785],[-91.94149530521851,16.246721497262442],[-91.93971487560464,16.24126672199308],[-91.92830591763709,16.226367048952955]]]}},{"type":"Feature","properties":{"clues":"CSIMS005286"},"geometry":{"type":"Polygon","coordinates":[[[-91.83042748808633,15.993489312085805],[-91.83493463989645,16.003256848507252],[-91.85549571165971,16.01923105498315],[-91.83748870970925,16.027681815192615],[-91.82231453400387,16.02726297496368],[-91.7967807157901,16.034427711554084],[-91.76658216559395,16.014516866568854],[-91.79962514419054,15.958637456082595],[-91.80559781827294,15.974890814022212],[-91.82663202790243,15.989956493858514],[-91.85027619577653,15.97484823603288],[-91.85326829866835,15.979093573251719],[-91.844852351909,15.98775002465699],[-91.83042748808633,15.993489312085805]]]}},{"type":"Feature","properties":{"clues":"CSIMS002614"},"geometry":{"type":"Polygon","coordinates":[[[-91.71846305685055,16.320917300366837],[-91.72305131841303,16.33735288921924],[-91.73677451142188,16.35482230883809],[-91.74318707288663,16.367723523219833],[-91.76301466578462,16.367594536317398],[-91.79215247138654,16.388278803468733],[-91.78476028854415,16.399643043128982],[-91.74414580649781,16.426647249386555],[-91.73885212902427,16.421913415392705],[-91.7309386910923,16.408444175180737],[-91.70806267557364,16.40601275555622],[-91.70263664557383,16.401822798938028],[-91.70153578545728,16.39481844553823],[-91.70299044567605,16.381733864091586],[-91.6931136686449,16.374749630359055],[-91.6905067919041,16.374699281115138],[-91.68537414684558,16.368055952005136],[-91.67510822317344,16.37521185183438],[-91.66425502776903,16.374598072683373],[-91.66366236432484,16.369382729385126],[-91.66864299406015,16.361690101339892],[-91.67524323026915,16.362837149996516],[-91.683592551663,16.355674957348825],[-91.68559376949251,16.348799519647496],[-91.67493238134853,16.334148591023766],[-91.7024213737361,16.32790019961619],[-91.71388065492587,16.31708572381713],[-91.71846305685055,16.320917300366837]]]}},{"type":"Feature","properties":{"clues":"TCIMB004035"},"geometry":{"type":"Polygon","coordinates":[[[-91.58920334743891,17.587279716722904],[-91.58083488034706,17.58958363564971],[-91.56554430053056,17.567453721219618],[-91.5807163766718,17.541672502297306],[-91.60668495278208,17.542215787984183],[-91.61570148120853,17.53976440577333],[-91.64348841818547,17.54514318268478],[-91.65702557256566,17.56754505134995],[-91.64922773916739,17.580729949555266],[-91.61839487797388,17.589263188257778],[-91.58920334743891,17.587279716722904]]]}},{"type":"Feature","properties":{"clues":"CSIMS002841"},"geometry":{"type":"Polygon","coordinates":[[[-91.50617741169366,16.232408026919597],[-91.50820512463206,16.229495374206884],[-91.53311145336146,16.21684526227836],[-91.54202599402525,16.222533976120122],[-91.55703135759946,16.222033825719727],[-91.55782993860144,16.249594643382487],[-91.57980943886103,16.265867156448763],[-91.56366179335518,16.288611293897688],[-91.57106200083595,16.29723848568733],[-91.59252696484761,16.29755783666685],[-91.6098748333833,16.30932726771956],[-91.5836947799391,16.320778246879524],[-91.57385585958771,16.33963440362394],[-91.5657578038288,16.33915018366834],[-91.56267940400322,16.314832553601644],[-91.55304736367998,16.31421486153338],[-91.5388555032717,16.304288523576226],[-91.52954537996133,16.303515208627516],[-91.51983556723222,16.29443559912282],[-91.51834021246262,16.264415595629348],[-91.5050048915624,16.252846159055945],[-91.50617741169366,16.232408026919597]]]}},{"type":"Feature","properties":{"clues":"TCIMB003685"},"geometry":{"type":"Polygon","coordinates":[[[-91.46433860039036,17.564837393571327],[-91.47361616916261,17.577829606190093],[-91.47345802947626,17.581101250535465],[-91.43026894328572,17.571309802199785],[-91.42598306179906,17.565139079630494],[-91.43208424330652,17.552945880629366],[-91.43565187857426,17.533341815965375],[-91.44664468504935,17.52607797448976],[-91.46094553358036,17.526196160257832],[-91.46996595645093,17.53663223553381],[-91.46433860039036,17.564837393571327]]]}},{"type":"Feature","properties":{"clues":"CSIMB001860"},"geometry":{"type":"Polygon","coordinates":[[[-91.38391031952916,17.097634526230017],[-91.40848779222304,17.08969195462813],[-91.4152649736726,17.084041585146856],[-91.43123863557064,17.10568550930844],[-91.4140960061133,17.117469877856845],[-91.39874679932387,17.130531780711664],[-91.3956879706554,17.134586955022417],[-91.39110094008225,17.151584059228956],[-91.37369844008843,17.1615844417503],[-91.35656426097637,17.16576342584065],[-91.3519566838583,17.18559959132426],[-91.34690942953371,17.176390779652095],[-91.35025908000576,17.1645225395186],[-91.34984271978978,17.1610842594719],[-91.34429976966868,17.158657889602093],[-91.33971122032742,17.158542149464257],[-91.33557057012548,17.161244169432777],[-91.33123815032772,17.176792659453604],[-91.3249615204726,17.182634829075617],[-91.31852437982128,17.182911659850756],[-91.30898309030975,17.17939985921119],[-91.30188314043565,17.18080717986333],[-91.28478509009372,17.17809345949913],[-91.27785057962495,17.17917839951389],[-91.27053530995622,17.172035819211946],[-91.26603781957833,17.16973262906987],[-91.2629782298504,17.163714909186496],[-91.26422144981572,17.155586079015375],[-91.27208802958535,17.143866289380256],[-91.2729856601386,17.138737689159267],[-91.27183834021596,17.12302301926533],[-91.26799842011134,17.109334649402996],[-91.26494638014968,17.105829799629078],[-91.2555454803969,17.100822909848787],[-91.23336866045243,17.100274509692188],[-91.22425282551595,17.091684116091486],[-91.26465269090455,17.06293870343969],[-91.2830150296793,17.057763011552648],[-91.28500499366001,17.059409238745307],[-91.31268982261415,17.065227428326263],[-91.32611903414553,17.07128787783212],[-91.36618476739916,17.07945391586207],[-91.37080331778847,17.09400380126924],[-91.38391031952916,17.097634526230017]]]}},{"type":"Feature","properties":{"clues":"TCIMB003825"},"geometry":{"type":"Polygon","coordinates":[[[-90.9875846808871,17.30723437811898],[-91.04399335021452,17.320204711724774],[-91.04890959796434,17.330042380152882],[-91.06538530432061,17.339017812176184],[-91.08001586427554,17.377179970844423],[-91.10105514018548,17.3979616615179],[-91.10045792387012,17.402951932753844],[-91.07738566969533,17.433822443083056],[-91.05147232850032,17.423125930435003],[-90.9965132275277,17.45010917879628],[-90.98800532951073,17.448656409558254],[-90.9875846808871,17.30723437811898]]]}},{"type":"Feature","properties":{"clues":"SLIMB001274"},"geometry":{"type":"Polygon","coordinates":[[[-108.87791561580842,25.70339998847451],[-108.88120530672302,25.733744304510676],[-108.89538817195294,25.749840754973793],[-108.90772908414691,25.767341153436092],[-108.9189862247088,25.778532096018836],[-108.93730593157122,25.78102941996283],[-108.94176925788486,25.790363131135916],[-108.95696496763921,25.79633020287391],[-108.95613000279977,25.80169660022107],[-108.952245010078,25.8089733219692],[-108.94570343929023,25.810559385780717],[-108.93831215514842,25.800186643094268],[-108.93042735704283,25.80452771079327],[-108.9186466760373,25.806272918226604],[-108.91549682987542,25.802229345635567],[-108.91738867090643,25.787133148446628],[-108.9045985122751,25.792137735319557],[-108.90271713448493,25.791382364268156],[-108.89265923368538,25.798822611447648],[-108.89220135935379,25.802013848228064],[-108.88907396632443,25.805428997982645],[-108.88786952528707,25.81326876447722],[-108.87810920016084,25.8229087699568],[-108.87358406720924,25.818922741015065],[-108.85367406803032,25.815019340269124],[-108.8555272537517,25.82642402500212],[-108.83726759489717,25.84572446298211],[-108.83758827748082,25.846907568055965],[-108.8219953758641,25.856299528965312],[-108.81233840086551,25.871166223232404],[-108.80741700253841,25.872327959711274],[-108.78907741610385,25.86627913852613],[-108.78790159165665,25.867767406080272],[-108.75973990082332,25.876166500981984],[-108.74712926805799,25.85754380729896],[-108.73531632814587,25.853929323161996],[-108.72448836795544,25.83514457630262],[-108.71150576721979,25.829263552359954],[-108.71490932947,25.802534792333514],[-108.72637673024077,25.787786885130355],[-108.72431025341534,25.77840773293459],[-108.73222671251035,25.754324137721305],[-108.73878452893857,25.750321384519605],[-108.74022008222579,25.733937307300263],[-108.74436118227673,25.726965083532566],[-108.74804701940789,25.7238425771625],[-108.75704827847417,25.729400968315517],[-108.75765075864223,25.74151813954569],[-108.7643716681597,25.740724005616034],[-108.77355317190246,25.727490353790373],[-108.77053679028195,25.720326698792626],[-108.77409706291355,25.7150976137983],[-108.80179803396842,25.729361053575257],[-108.81354156042077,25.721791002593672],[-108.82948632415145,25.719598670802515],[-108.87791561580842,25.70339998847451]]]}},{"type":"Feature","properties":{"clues":"SLIMB003024"},"geometry":{"type":"Polygon","coordinates":[[[-108.4045619146899,25.667906455684953],[-108.40003172635068,25.658527479427722],[-108.40121713976978,25.65497243243044],[-108.40446063701336,25.65096905545729],[-108.41441566042212,25.649437233577018],[-108.4235051454279,25.655049358965723],[-108.44020537404545,25.653021441940957],[-108.44088585831926,25.655743224591312],[-108.45247328800474,25.6682632102107],[-108.4549385338666,25.674548145271668],[-108.43821741118262,25.68410989336489],[-108.43655833938301,25.696078949495163],[-108.42923246591067,25.706400435747582],[-108.43342493653942,25.721232637246484],[-108.42596774845299,25.741147099925616],[-108.41333278171211,25.741217623744234],[-108.4009298770224,25.720136933056626],[-108.39136580738769,25.709838084730954],[-108.39134285198705,25.70174191471738],[-108.40355157692224,25.690408332643138],[-108.40053437969883,25.683234774129655],[-108.4045619146899,25.667906455684953]]]}},{"type":"Feature","properties":{"clues":"SLIMB001390"},"geometry":{"type":"Polygon","coordinates":[[[-108.33225310555348,25.58859619427458],[-108.33946763398212,25.583620427821092],[-108.34533820055474,25.58442197486875],[-108.37728501711563,25.606545307090244],[-108.36757077808386,25.626519295948274],[-108.36708543063119,25.6423181753094],[-108.36481851175814,25.6508993006274],[-108.35239324402806,25.66813836585651],[-108.34929830758794,25.67034957235375],[-108.34455685308458,25.68010850292154],[-108.33191259343913,25.686007949341555],[-108.32043265442604,25.683861946006587],[-108.31221558488592,25.679643691979958],[-108.30784808889881,25.66843230388956],[-108.29416622823751,25.659792970467155],[-108.27488217910535,25.65875241931945],[-108.26536334255985,25.64483369803356],[-108.26201735318952,25.642900067274088],[-108.2540106649803,25.6267770873532],[-108.27611199306956,25.60013050172854],[-108.27632161241043,25.583535416962512],[-108.27929221451666,25.583078569413892],[-108.29632552041419,25.568995385553247],[-108.3101912239641,25.579427069110267],[-108.31747508088765,25.578013853415403],[-108.32700535926575,25.589437307554203],[-108.33225310555348,25.58859619427458]]]}},{"type":"Feature","properties":{"clues":"SLIMB001706"},"geometry":{"type":"Polygon","coordinates":[[[-107.91507370059048,25.476516707704626],[-107.92015062947557,25.483166652929135],[-107.92460229540649,25.480137998722512],[-107.92817611680759,25.482720897736623],[-107.92962533570444,25.487142594713234],[-107.93362203676577,25.483716219685675],[-107.94257902329318,25.486584530101673],[-107.94506228924439,25.485383630286496],[-107.96107176598765,25.49130269254056],[-107.97710188940975,25.50749460428109],[-107.96548936701528,25.52410493967872],[-107.94750817174456,25.52989298349927],[-107.94116975529512,25.535607119659982],[-107.90613893765011,25.540213564117092],[-107.89654662599214,25.56547565433774],[-107.89703019124337,25.568281506616298],[-107.94192715510414,25.583895133126656],[-107.93444796786314,25.617856346168313],[-107.9053294703118,25.617544776137542],[-107.89106415255755,25.592440253929247],[-107.86147805595566,25.593501363061634],[-107.85393466677958,25.619641744308154],[-107.86159971169081,25.630550770145994],[-107.85985813389377,25.641455903291],[-107.84722137689913,25.661670161756383],[-107.83819995245962,25.65979015839683],[-107.83182143651855,25.656964909439964],[-107.82192588256825,25.646866672678208],[-107.81597137190911,25.643931695914414],[-107.81515129806981,25.63158165107294],[-107.79619452905506,25.600775808604798],[-107.81103369292326,25.57686923641917],[-107.8121239152791,25.570777454248603],[-107.81991187219408,25.567958527210166],[-107.8299009621409,25.51830446648315],[-107.82442928659304,25.507147138052744],[-107.82862686226028,25.499506558368044],[-107.8558236487538,25.49826181606207],[-107.86683107287917,25.501884492811808],[-107.8679387412953,25.48005026717024],[-107.87625600944827,25.472003982819814],[-107.89567114039475,25.441499464399705],[-107.90157200751226,25.44496901686663],[-107.90728438991835,25.44614043717856],[-107.91507370059048,25.476516707704626]]]}},{"type":"Feature","properties":{"clues":"MCIMB003830"},"geometry":{"type":"MultiPolygon","coordinates":[[[[-99.27864689888384,19.419736357948263],[-99.28265548854282,19.42166265207016],[-99.27989680661803,19.428694229051366],[-99.2715470448299,19.425147085644333],[-99.27365775714443,19.42039145455562],[-99.27864689888384,19.419736357948263]]],[[[-99.28010032848204,19.43129058377547],[-99.27886538400126,19.44041639861056],[-99.27515161107608,19.43994154618266],[-99.27310942360758,19.442481261033695],[-99.26266509693149,19.443085777198018],[-99.26051268920335,19.444982171729876],[-99.25722233430072,19.44379929583915],[-99.25528750712945,19.445207428795428],[-99.25058540175438,19.442481185174895],[-99.2553485552536,19.438810843997842],[-99.25397394330608,19.435094617166783],[-99.25639040602255,19.433514305816345],[-99.25806290942133,19.42751525105867],[-99.26114355157443,19.428377537663955],[-99.26699063638237,19.423411681348092],[-99.27040494808962,19.425372241071955],[-99.2697576532116,19.427472276272066],[-99.26404013902693,19.432906348519197],[-99.26827096919108,19.435216586228258],[-99.2710585374646,19.434692088672513],[-99.27169225884096,19.43293058890411],[-99.28010032848204,19.43129058377547]]]]}},{"type":"Feature","properties":{"clues":"DFIMB001291"},"geometry":{"type":"Polygon","coordinates":[[[-99.23826200258708,19.36231938033249],[-99.23492036169651,19.362576338449795],[-99.23142312928296,19.365355620196055],[-99.22892728120658,19.360285195061646],[-99.23073759605917,19.359048670538876],[-99.23413518053917,19.359727105488034],[-99.23563294939316,19.356936963647108],[-99.24063876443391,19.35736828084329],[-99.24205141773665,19.359592249026647],[-99.23826200258708,19.36231938033249]]]}},{"type":"Feature","properties":{"clues":"DFIMB000130"},"geometry":{"type":"Polygon","coordinates":[[[-99.18547500513871,19.480459200677096],[-99.19034222337412,19.478722520739254],[-99.19155144808738,19.48278633902487],[-99.203727613337,19.483983466491917],[-99.20695803876725,19.486173846344833],[-99.20927910846618,19.494228772938083],[-99.20721879521541,19.496882517196042],[-99.20450528570605,19.49635367990742],[-99.20262574409207,19.49875095548487],[-99.20029711285409,19.497271272133595],[-99.20311438746306,19.494043440359626],[-99.20128675264066,19.492112290628977],[-99.1978065714004,19.495615301679102],[-99.19583259663281,19.49465924954832],[-99.19476881311486,19.488915912015326],[-99.19037388245263,19.487188313250456],[-99.1896688647384,19.48544679408861],[-99.1869949218052,19.485344195320632],[-99.18547500513871,19.480459200677096]]]}},{"type":"Feature","properties":{"clues":"DFIMB001974"},"geometry":{"type":"Polygon","coordinates":[[[-99.1541430922947,19.387215017255112],[-99.16332545187495,19.388769884017194],[-99.16429748917002,19.389932800873108],[-99.16073990157673,19.395388176727547],[-99.16492616153454,19.397180029954768],[-99.16569594711025,19.40056760705354],[-99.15882343929174,19.40362100896903],[-99.15515242066348,19.402501364185376],[-99.15357358263482,19.405387262607896],[-99.1510163602064,19.406314504886055],[-99.14537035549172,19.401653601503718],[-99.14400247178898,19.40435830131571],[-99.14561938684632,19.40988888690352],[-99.14428397079159,19.414036907622112],[-99.13476476653501,19.413674107698153],[-99.13429765907031,19.41823671215745],[-99.13839652614676,19.418817342747932],[-99.13806993783628,19.422596938080968],[-99.13343278481443,19.424144089111312],[-99.13405375559287,19.41838145160651],[-99.13131857047922,19.417951315333678],[-99.12930005478778,19.415240510589435],[-99.13241919340524,19.411899484777017],[-99.12854341376031,19.40917092972144],[-99.1280159827886,19.41377457484517],[-99.12476452578905,19.41377694827777],[-99.12545554410607,19.40409825607564],[-99.12020704279523,19.406079030512142],[-99.11891090254308,19.40214757189764],[-99.12407640972977,19.399653558185733],[-99.12577047798663,19.39642964022337],[-99.12963245446001,19.396724008361836],[-99.13252437623174,19.394629165511226],[-99.13384181627113,19.387459878935793],[-99.13902971926959,19.38716047268543],[-99.1385381414143,19.392324344589397],[-99.14548309961904,19.39294079494352],[-99.14702739945281,19.39159721162218],[-99.14701720189477,19.387720643360975],[-99.15251255536532,19.388883300067338],[-99.1541430922947,19.387215017255112]]]}},{"type":"Feature","properties":{"clues":"DFIMB000475"},"geometry":{"type":"Polygon","coordinates":[[[-99.12408175919141,19.555501511693404],[-99.13003632580332,19.55767911971416],[-99.12807898117273,19.560457229487923],[-99.12868500259435,19.563878582008037],[-99.12724289937998,19.56522485407061],[-99.1220619577287,19.565191326858947],[-99.11834302917376,19.575105875854206],[-99.111954002814,19.57768852472361],[-99.10819081757572,19.56328211009319],[-99.1095734338959,19.559927322878206],[-99.11381572188232,19.559177326356284],[-99.11999240271733,19.56091922867845],[-99.12408175919141,19.555501511693404]]]}},{"type":"Feature","properties":{"clues":"DFIMB000784"},"geometry":{"type":"Polygon","coordinates":[[[-99.09744405580717,19.382739988424966],[-99.10128980965071,19.379847054411428],[-99.10118788494896,19.383003671612084],[-99.11174208789349,19.385442200868994],[-99.11139224147067,19.387790911501657],[-99.10865542466126,19.390107091147378],[-99.10475786440993,19.389866580628304],[-99.10422150558001,19.392942799434998],[-99.10797129939272,19.39349827154206],[-99.10749622996715,19.398905010199144],[-99.10052871956522,19.399716490570142],[-99.09985077075774,19.40188971397723],[-99.09435911301632,19.405238773104536],[-99.0926072534959,19.401613734229063],[-99.08347998731348,19.397918450308193],[-99.08261178311932,19.39503548921975],[-99.08529740908736,19.39084374748428],[-99.08368803123135,19.388643667399634],[-99.07967555596404,19.388283429957298],[-99.08183665014681,19.382332088115568],[-99.08812868664414,19.381447008481278],[-99.09369119773388,19.377389521748377],[-99.09744405580717,19.382739988424966]]]}},{"type":"Feature","properties":{"clues":"DFIMB000480"},"geometry":{"type":"Polygon","coordinates":[[[-99.10056077876644,19.489627337650983],[-99.10404380682928,19.495546351339716],[-99.10366025444586,19.50160017125378],[-99.10148033358354,19.505788413393006],[-99.09729377990334,19.50558986568491],[-99.09625537220822,19.507360998291745],[-99.09718406631542,19.508840466420203],[-99.09504718821822,19.511659132976924],[-99.0917508977301,19.512001211350906],[-99.09024414962163,19.50844413824885],[-99.0955342388673,19.50223532764686],[-99.10056077876644,19.489627337650983]]]}},{"type":"Feature","properties":{"clues":"DFIMB000591"},"geometry":{"type":"MultiPolygon","coordinates":[[[[-99.07822236975579,19.477298706453098],[-99.07841476822784,19.473487829119698],[-99.0814512967699,19.473149477191765],[-99.08497379281052,19.47571175520543],[-99.0836108700594,19.478599497129967],[-99.07822236975579,19.477298706453098]]],[[[-99.0789993695976,19.486166567408446],[-99.07781108712435,19.489152600797162],[-99.0744393903072,19.488889587357928],[-99.0673260678471,19.4933903934691],[-99.06922663076662,19.496597135037362],[-99.06636090409606,19.49935421054974],[-99.0613721570313,19.4977555035594],[-99.06451132041407,19.49271143209023],[-99.06097136667645,19.48819863193817],[-99.06419646986853,19.480715552062204],[-99.06653686324485,19.480106991808096],[-99.06945737245024,19.482133938630373],[-99.08255732930398,19.482208578562357],[-99.08193806994144,19.486156541680927],[-99.0789993695976,19.486166567408446]]]]}},{"type":"Feature","properties":{"clues":"MCIMB008906"},"geometry":{"type":"Polygon","coordinates":[[[-99.06515900142571,19.561374090170375],[-99.06767471589316,19.565538396827616],[-99.06497703046357,19.570295072610076],[-99.06107104403806,19.57108688802438],[-99.05301452689697,19.568260869569652],[-99.05339383206625,19.560598168447687],[-99.05574716490398,19.558639358560242],[-99.05701232062208,19.553689822003765],[-99.06189807914693,19.553598443967175],[-99.06306628072383,19.555623052921266],[-99.06203881500443,19.560830611584553],[-99.06515900142571,19.561374090170375]]]}},{"type":"Feature","properties":{"clues":"DFIMB000924"},"geometry":{"type":"MultiPolygon","coordinates":[[[[-99.05302791689485,19.361781526572496],[-99.0571806482701,19.36510801259185],[-99.0497545899877,19.367475067427534],[-99.05353746455846,19.370591652201107],[-99.05731623370285,19.369494476781796],[-99.05538480753548,19.37376662017003],[-99.05374577994455,19.37400322032913],[-99.05287978789286,19.372028863374307],[-99.04788482540712,19.37395479958223],[-99.04691113025847,19.371399710714474],[-99.04138276787056,19.373570844201083],[-99.03599450856902,19.37204352048869],[-99.032015415445,19.367478739519605],[-99.02893236344262,19.36616769396302],[-99.03068079159523,19.36243526470188],[-99.04203103536504,19.364708205044522],[-99.04043178928715,19.357269504952153],[-99.04247913934161,19.355261761890173],[-99.04551752533028,19.35502082477675],[-99.04776539056553,19.356838526772417],[-99.05240077457047,19.356034031765194],[-99.05354009386713,19.357148317748095],[-99.05302791689485,19.361781526572496]]],[[[-99.04396845229432,19.37746807129972],[-99.04129814688794,19.381342874713],[-99.03687469758215,19.377584864980093],[-99.04138321202713,19.37358342244554],[-99.04396845229432,19.37746807129972]]]]}},{"type":"Feature","properties":{"clues":"SLIMS000826"},"geometry":{"type":"Polygon","coordinates":[[[-107.38731063250702,25.30101136364862],[-107.3875384045108,25.320148444481028],[-107.41315433041864,25.33625070251569],[-107.42243793153757,25.338302564895923],[-107.43038262861135,25.349467001785108],[-107.4167532492434,25.387214776610886],[-107.41071619268088,25.39298580994161],[-107.41066878843722,25.397131294999312],[-107.38628853943959,25.429774673139796],[-107.39435707820483,25.442622065772316],[-107.38907479240603,25.46540085893847],[-107.33546294363424,25.462106241215817],[-107.32739473055454,25.486453984758423],[-107.32442336424545,25.487005921899907],[-107.30037668157401,25.482858395986973],[-107.26055401918545,25.439994798222692],[-107.25505228454979,25.44017304924613],[-107.24684334661636,25.448087399977428],[-107.2394678535927,25.46552491633919],[-107.22777262207207,25.478689394076785],[-107.18067601087446,25.46485896339287],[-107.16628510057181,25.420010278307885],[-107.1517928873952,25.399803336492827],[-107.15886392831729,25.387855691922862],[-107.15948693088089,25.358627099511775],[-107.1697647219329,25.33504411201189],[-107.2038794984449,25.32555231843052],[-107.22435464784242,25.327324637569035],[-107.22911110695848,25.32887539327148],[-107.24279863671458,25.32161317002156],[-107.25653690255342,25.321418516991674],[-107.26729273108057,25.325701069791737],[-107.27204383755378,25.321642645743648],[-107.29897483940574,25.315515773846094],[-107.29977905082433,25.334300671571782],[-107.31533729689153,25.34441724089433],[-107.321649702561,25.35243904526097],[-107.32492580546743,25.353767436909934],[-107.3302326338417,25.348016288683095],[-107.34899895609269,25.335387469760654],[-107.35819300493662,25.33700840982949],[-107.3708794378362,25.327108331217023],[-107.36134120034087,25.31310168046141],[-107.36061368891983,25.301876858916433],[-107.37631397137991,25.286199595603012],[-107.38731063250702,25.30101136364862]]]}},{"type":"Feature","properties":{"clues":"SLIMB000825"},"geometry":{"type":"Polygon","coordinates":[[[-107.05884094686904,24.319976244025614],[-107.09120627406344,24.324718152367378],[-107.11347260252352,24.318465138927785],[-107.14202770849315,24.347790487127188],[-107.14111746692589,24.36534787057563],[-107.13897490709509,24.37284595918518],[-107.14536323403082,24.413472748513534],[-107.11833907439052,24.420912708855496],[-107.09671932014973,24.418092537873672],[-107.08985159162364,24.415304614494207],[-107.08448512556627,24.422664042556075],[-107.05217497328161,24.44147897226604],[-107.0511466354419,24.445863488693735],[-107.02579359746969,24.45316634256234],[-107.0095649951676,24.417788665600412],[-106.99286338894026,24.41441377564407],[-106.98680346344109,24.420748166169574],[-106.93729317202495,24.4268069589865],[-106.92643254700361,24.40962610938559],[-106.94638713660625,24.335690391240114],[-106.96241363753677,24.318947655016107],[-106.97849205299309,24.328601094820122],[-106.98824406313234,24.330093929317258],[-107.04125844445444,24.32908982201334],[-107.05884094686904,24.319976244025614]]]}},{"type":"Feature","properties":{"clues":"SLIMB000574"},"geometry":{"type":"Polygon","coordinates":[[[-106.92171398128666,24.45611553209266],[-106.93729317202495,24.4268069589865],[-106.98680346344109,24.420748166169574],[-106.99286338894026,24.41441377564407],[-107.0095649951676,24.417788665600412],[-107.02579359746969,24.45316634256234],[-107.01409584127448,24.467051440572817],[-107.01193902567948,24.488916697930566],[-106.99978448116583,24.499690150778527],[-106.99221126018558,24.504072119990802],[-106.96148723669818,24.554804667767154],[-106.9067013058029,24.560244255853817],[-106.89765350613798,24.50101197821158],[-106.92810802922581,24.48810220848939],[-106.92171398128666,24.45611553209266]]]}},{"type":"Feature","properties":{"clues":"SLIMB001880"},"geometry":{"type":"Polygon","coordinates":[[[-106.66862760757736,23.689702168151673],[-106.68318511370316,23.763918360993816],[-106.65827250264412,23.796540309887995],[-106.64824132710541,23.79748606579117],[-106.6398410063461,23.79616410895403],[-106.63079700904845,23.805408667293708],[-106.61134737218076,23.80682823758335],[-106.57992441086127,23.820826216072884],[-106.5787247507643,23.835952156601316],[-106.5714585637512,23.85304452429271],[-106.56889745719556,23.86438445706443],[-106.56003580780768,23.881506401247172],[-106.55136927458776,23.881631196404673],[-106.50228357400628,23.827572259789964],[-106.50820919857667,23.816036790041608],[-106.52395464039282,23.80646796695669],[-106.55203011382756,23.779672118264745],[-106.56401377887427,23.782883244452375],[-106.56609936302165,23.78135862123453],[-106.61583029103137,23.696331087323216],[-106.54850934800477,23.694986132595538],[-106.51910385449408,23.636248512936092],[-106.51772792327517,23.623452817066653],[-106.53445141076709,23.61921489342315],[-106.56072438735693,23.62032295799582],[-106.62007199678648,23.591258020058522],[-106.62850429930562,23.593801229513993],[-106.64948580888827,23.64296462077513],[-106.65636719816703,23.679122198044922],[-106.66862760757736,23.689702168151673]]]}},{"type":"Feature","properties":{"clues":"SLIMB001402"},"geometry":{"type":"MultiPolygon","coordinates":[[[[-106.41321405133318,23.173133136263235],[-106.41289170912971,23.173261934416107],[-106.41287434095021,23.173058436047146],[-106.41321405133318,23.173133136263235]]],[[[-106.40379395148615,23.17842414947101],[-106.40442870382921,23.180123392106463],[-106.40313516277592,23.18025966590835],[-106.40282073952076,23.179729300945347],[-106.40379395148615,23.17842414947101]]],[[[-106.39724516790413,23.18342896542907],[-106.40610747030652,23.186883942554758],[-106.41103295546982,23.18640924029688],[-106.41328785069712,23.18205034969318],[-106.41173965456558,23.180305921993167],[-106.41407747534966,23.17801807121787],[-106.41587588791658,23.17885238872025],[-106.41631571444675,23.18614943089495],[-106.40887980074841,23.19629753676375],[-106.40859288616409,23.20515382577437],[-106.40268942260546,23.209000379533492],[-106.40018253029113,23.209262223030404],[-106.38697456494461,23.20150731520366],[-106.37950975836142,23.1990576497418],[-106.37372256906659,23.19337397198151],[-106.37066333502153,23.18528283264955],[-106.35364886546263,23.183208445046063],[-106.341666378963,23.162986140475123],[-106.32755286657529,23.16585105915885],[-106.31124554916383,23.163532763055517],[-106.30399897002981,23.160422307764716],[-106.32370322810965,23.124997638691802],[-106.3617325411208,23.15726278660743],[-106.39724516790413,23.18342896542907]]],[[[-106.29020885025977,23.091010059522528],[-106.3130063164114,23.115058101998976],[-106.32127216226293,23.12287499360358],[-106.30145184405808,23.12495424840373],[-106.29723585959952,23.119559162466558],[-106.28686721201724,23.115641355367753],[-106.27784354184755,23.082914449555457],[-106.29020885025977,23.091010059522528]]]]}},{"type":"Feature","properties":{"clues":"SLIMB001513"},"geometry":{"type":"Polygon","coordinates":[[[-106.29126352239726,23.557125671723846],[-106.29855603082416,23.561558943689157],[-106.30453052118894,23.568884403533968],[-106.26493645411846,23.633915131125658],[-106.18605614462594,23.683064321818918],[-106.1815899703399,23.687080513173527],[-106.16748309564579,23.725797918130727],[-106.16146592237234,23.752879739613913],[-106.16931987265758,23.776248509612145],[-106.15333026840675,23.809559083964324],[-106.08184442808654,23.869147824096736],[-106.0743298860635,23.885824410611193],[-106.06311294431754,23.89567769417679],[-106.05969013632352,23.895854076267565],[-105.9775783434444,23.871348600359948],[-105.96335491385857,23.835481736970475],[-105.95264773144164,23.830136036264303],[-105.91700321818065,23.830848681486188],[-105.93936279604745,23.78693841658133],[-105.97088605142191,23.763904658874605],[-105.98535050639823,23.765592712467228],[-105.99082841054155,23.76259250535355],[-106.00274189712195,23.69815137339597],[-105.98986788087038,23.6861280628309],[-105.98245251841591,23.644564887093853],[-105.98204927538009,23.639393425198406],[-105.98976850907877,23.614267720476455],[-106.02717244133899,23.615127553310813],[-106.03571774171961,23.61209392526825],[-106.06833383620565,23.62250444845107],[-106.10015583157757,23.60849275219418],[-106.09430004722748,23.577170934023556],[-106.13150242154887,23.583804297419853],[-106.14140859971224,23.562533926270095],[-106.16695714310194,23.554863246759083],[-106.17774746027223,23.540380781154294],[-106.18366133431479,23.539452244542872],[-106.19387934907768,23.532053383481838],[-106.20373561751326,23.51870664232563],[-106.20485853325411,23.516472996774326],[-106.20238441950424,23.48031538089549],[-106.24201185296124,23.471818291561572],[-106.26340781847581,23.494085445291667],[-106.25883514856916,23.509047965770108],[-106.26196411833244,23.5264598943356],[-106.29126352239726,23.557125671723846]]]}},{"type":"Feature","properties":{"clues":"NTIMB001222"},"geometry":{"type":"Polygon","coordinates":[[[-105.4353695907742,22.35573657127379],[-105.44192984117564,22.361086108928234],[-105.44080790963517,22.365385573762058],[-105.44136025668219,22.3834596428797],[-105.43725910031063,22.393879396020328],[-105.42360268301624,22.396680918181577],[-105.41574747433305,22.40107539388405],[-105.41066756120075,22.388071249061824],[-105.39738680079026,22.379751123226306],[-105.41301440286279,22.367529726381612],[-105.41678563728749,22.35285056051714],[-105.4353695907742,22.35573657127379]]]}},{"type":"Feature","properties":{"clues":"NTIMS000395"},"geometry":{"type":"Polygon","coordinates":[[[-105.29417475837504,22.475600099890947],[-105.29740045025261,22.499806159635074],[-105.3150115373917,22.517085755930125],[-105.31726688139409,22.52474952543305],[-105.32950862620801,22.541564647843284],[-105.33173203678533,22.549186082996272],[-105.32704553115992,22.56787227788605],[-105.31726599203277,22.5763188982466],[-105.28949020059848,22.562356685961486],[-105.254963185552,22.584936123991934],[-105.25359874208127,22.585227185791467],[-105.24355419293819,22.575086395380776],[-105.21028662188718,22.584911326920455],[-105.19034015577506,22.55901665118405],[-105.18421022397301,22.55731909616748],[-105.16806500119276,22.525511915107323],[-105.17041421643265,22.509955653158787],[-105.20901093245598,22.49461852379617],[-105.2152492483698,22.49773625054732],[-105.28847352737526,22.47002636453645],[-105.29417475837504,22.475600099890947]]]}},{"type":"Feature","properties":{"clues":"NTIMB000522"},"geometry":{"type":"Polygon","coordinates":[[[-104.7121963853835,22.145168761072195],[-104.71683952283371,22.146694534364475],[-104.72525755546616,22.152387428930695],[-104.73545153650743,22.153527416346268],[-104.74594711959074,22.15814191527174],[-104.75753574340634,22.157836222189573],[-104.7726123566449,22.165964755412993],[-104.77726453459698,22.17392762620543],[-104.76599752725849,22.193252226332877],[-104.7533645767756,22.197847066430683],[-104.74544998548132,22.218643705986594],[-104.74469933062348,22.227735073780416],[-104.76280606473755,22.25350413520061],[-104.76179737807841,22.25920092799214],[-104.73970687139328,22.26717546585313],[-104.73877280790312,22.273718856344534],[-104.7494116932473,22.297116883348263],[-104.72928215865501,22.30012007472231],[-104.70160448920859,22.355391423853845],[-104.697202574914,22.35690696612753],[-104.67839405311207,22.340356523217732],[-104.64581991005441,22.329619973904354],[-104.64378697608507,22.303873360848286],[-104.6222079573461,22.272239158137335],[-104.59590715989235,22.282743314277557],[-104.58011840421369,22.261292071735564],[-104.57640907330388,22.261020011596766],[-104.57052727846568,22.26680699182626],[-104.56003394176166,22.27079051131501],[-104.54402300950808,22.266385468860907],[-104.54224591644584,22.257699658048505],[-104.5612055715478,22.244075787632784],[-104.55348319218233,22.231383810398405],[-104.55654805691553,22.228545468125798],[-104.57577856505004,22.23134499837542],[-104.58303202749913,22.216754608866026],[-104.58237867623876,22.20692887298075],[-104.60876561409151,22.206631316079687],[-104.60624469045445,22.170241595799446],[-104.61451461619822,22.161902799169233],[-104.6183975559245,22.160065907830653],[-104.63414736283072,22.17104838539659],[-104.63932697210572,22.17204239769821],[-104.65684517071216,22.16385291466457],[-104.6584930374845,22.161580757206966],[-104.66880743120356,22.162974756624507],[-104.67755193600165,22.156029349214403],[-104.6918056897121,22.15886872998457],[-104.7121963853835,22.145168761072195]]]}},{"type":"Feature","properties":{"clues":"ZSIMB001402"},"geometry":{"type":"Polygon","coordinates":[[[-104.16017494362612,22.42765546628041],[-104.18199519067014,22.390588191365104],[-104.24863068311086,22.421670907949633],[-104.28311368036555,22.40982398864745],[-104.29752224853041,22.441617219948704],[-104.30001283199384,22.4742559827185],[-104.26703521695192,22.483672121964606],[-104.2913744810071,22.516386479523998],[-104.28045609799197,22.527983408959216],[-104.21413024040731,22.535257832521317],[-104.21071791258561,22.52246662472937],[-104.19422702237361,22.51139002355375],[-104.17469319754838,22.494189425751138],[-104.17184492927618,22.487505749771998],[-104.17627759105622,22.475067737868926],[-104.16017494362612,22.42765546628041]]]}},{"type":"Feature","properties":{"clues":"ZSIMB000574"},"geometry":{"type":"Polygon","coordinates":[[[-103.89789266248425,23.069911303409988],[-103.90671777417563,23.045637791516963],[-103.93258381016312,23.02998443831896],[-103.96953468045221,23.08371631309545],[-104.03021744561883,23.144795669988223],[-104.05883987414398,23.166738755256688],[-104.02963642285108,23.25509708843416],[-103.9856662502336,23.252688088450537],[-103.91313424399776,23.290933183820403],[-103.84440838587673,23.27925805896515],[-103.83662359662611,23.266584570075633],[-103.79569428051815,23.288405249444473],[-103.75987900051155,23.25302125007411],[-103.75461039699186,23.24985176019479],[-103.7591022730646,23.222690929892956],[-103.77068907545085,23.191797272593384],[-103.7672353405115,23.12437021734993],[-103.82304231327902,23.072880182677114],[-103.84222897459102,23.093251892068334],[-103.89789266248425,23.069911303409988]]]}},{"type":"Feature","properties":{"clues":"ZSIMB001390"},"geometry":{"type":"Polygon","coordinates":[[[-103.52982944037764,22.855751277646654],[-103.53026827479314,22.880923312709434],[-103.53464574272161,22.89476930665259],[-103.61672408797116,22.934854010500338],[-103.59214943220599,22.99857028332581],[-103.5960421254394,23.02897601645519],[-103.52946021355761,23.08932031664671],[-103.51787941434736,23.093267777138735],[-103.48503529587457,23.083449740214004],[-103.42269405049974,23.100017743953725],[-103.39478172984663,23.090435763044695],[-103.38214853033402,23.058718450021786],[-103.38430794890284,23.037087485001898],[-103.35865818506302,22.98311403751151],[-103.36331824376482,22.97327589542888],[-103.3952544637168,22.941074873810066],[-103.4077484060527,22.935067323975115],[-103.41942779784729,22.916385610180075],[-103.42822000736103,22.896491212612492],[-103.42776392842826,22.87757269892108],[-103.4453890141348,22.854734140494283],[-103.44801257243225,22.852463835267994],[-103.46030847816603,22.85101128562271],[-103.47176335821469,22.852222841876504],[-103.49123638385238,22.840836714388274],[-103.50745838980009,22.815294720684967],[-103.50995773807108,22.80439934953133],[-103.51482647402379,22.803127609762146],[-103.51997061248296,22.807075268046308],[-103.52746300408461,22.82448701349963],[-103.52298560301115,22.84209257102285],[-103.52982944037764,22.855751277646654]]]}},{"type":"Feature","properties":{"clues":"ZSIMB001274"},"geometry":{"type":"MultiPolygon","coordinates":[[[[-103.14960827273191,22.45779754260424],[-103.16073953444224,22.466214755178527],[-103.17567419100571,22.464189716822297],[-103.16772664615851,22.47877537771547],[-103.17439912885993,22.507299381542236],[-103.17110438543322,22.508536714837025],[-103.13419465303018,22.503770547578114],[-103.12605281478105,22.51687172044568],[-103.09436918365486,22.516071698716175],[-103.08068311320639,22.50391284924688],[-103.06892148947756,22.50185957110884],[-103.05562938754086,22.495205475529225],[-103.0528913237073,22.487759535681686],[-103.04724528765361,22.456028612476942],[-103.03931386070855,22.448651281961375],[-103.0320853331088,22.434621540556826],[-103.06533903322409,22.41980469027082],[-103.07901142920161,22.410141023276722],[-103.08015762828258,22.39174965716462],[-103.13118990833661,22.403159303728938],[-103.12831914533699,22.421624042225282],[-103.13227945608487,22.42334789668183],[-103.14584811845737,22.440890055289525],[-103.1507219010048,22.451439110891947],[-103.14960827273191,22.45779754260424]]],[[[-103.18784728376191,22.438503673545725],[-103.20247792844748,22.423057084016463],[-103.23768272502059,22.43871762371528],[-103.22031200339035,22.474362795651075],[-103.20008565380027,22.478799327328467],[-103.18462263537376,22.45914035068707],[-103.18784728376191,22.438503673545725]]]]}},{"type":"Feature","properties":{"clues":"ZSIMS000686"},"geometry":{"type":"Polygon","coordinates":[[[-103.0422632505983,23.33778823862999],[-103.05391671649204,23.320264651379627],[-103.0770199779392,23.33088164475625],[-103.11756766640191,23.36910705855951],[-103.11708225126216,23.435178522721195],[-103.11979932223508,23.446782349344833],[-103.10482553286569,23.46812534005073],[-103.08638383179286,23.462761697926837],[-103.04064524415037,23.396472692877346],[-103.04175334478587,23.386173214414413],[-103.0402322010544,23.38271664365762],[-103.04464475344534,23.376532826327512],[-103.04353574216488,23.37227538276087],[-103.02732053349311,23.366242693166484],[-103.02696383672665,23.363760948175624],[-103.03212362453743,23.36158695995586],[-103.04358873460788,23.360836507328926],[-103.04320182369824,23.356171596183877],[-103.04631876614202,23.34760536793376],[-103.0422632505983,23.33778823862999]]]}},{"type":"Feature","properties":{"clues":"ZSIMB000224"},"geometry":{"type":"Polygon","coordinates":[[[-103.0422632505983,23.33778823862999],[-103.04631876614202,23.34760536793376],[-103.04320182369824,23.356171596183877],[-103.04358873460788,23.360836507328926],[-103.02717445051273,23.362813638208465],[-103.02732053349311,23.366242693166484],[-103.04353574216488,23.37227538276087],[-103.04464475344534,23.376532826327512],[-103.0402322010544,23.38271664365762],[-103.04175334478587,23.386173214414413],[-103.04064524415037,23.396472692877346],[-103.08638383179286,23.462761697926837],[-103.05474960094482,23.456841244442135],[-103.02853232085529,23.398298464698016],[-103.02716532645901,23.397636297218966],[-103.0024109735114,23.424195970596212],[-102.96273171373873,23.39597577469554],[-102.96122237748632,23.388111315076742],[-102.96378350792858,23.38448358823302],[-102.96520146460576,23.36248949579403],[-102.95545065010404,23.35125526247556],[-102.94859840009872,23.3572126197925],[-102.94743843049064,23.377941207829526],[-102.9283996394185,23.373910983533545],[-102.92793706366362,23.347648790800243],[-102.92176766196087,23.345788064517826],[-102.91786100756914,23.33721951553348],[-102.91093509983453,23.32932117273782],[-102.90148037401278,23.326487622429507],[-102.91220803241329,23.294664928578033],[-102.88522280549836,23.281295546818505],[-102.8786331385181,23.265754293688552],[-102.8792418734024,23.255867615038927],[-102.91049601277989,23.262070311718375],[-102.92595276105772,23.290997320712084],[-102.93282028100961,23.286562711394517],[-102.93613603220268,23.279685221593873],[-102.94327337105791,23.274678716331657],[-102.96762043546074,23.285757598776687],[-102.9681247529611,23.288205222384377],[-102.97640832656074,23.29071192625965],[-102.98100056248941,23.301144167412122],[-102.98593546998512,23.301172645416354],[-102.9903847309403,23.3101886356941],[-102.99726421835359,23.309589674406947],[-103.0072628575877,23.299074167880672],[-103.01332629298169,23.29919509322073],[-103.01705870083713,23.299997054396602],[-103.01625680428218,23.310247831898337],[-103.0214739853567,23.319521504736546],[-103.0273714189071,23.32287596142598],[-103.05158909041096,23.316096456640143],[-103.05391671649204,23.320264651379627],[-103.0422632505983,23.33778823862999]],[[-102.97280851543,23.312982945035056],[-102.97911722966364,23.30255465932964],[-102.9739082095072,23.299791569728846],[-102.96946773516581,23.30046526884219],[-102.96985530788935,23.311473440325326],[-102.97280851543,23.312982945035056]]]}},{"type":"Feature","properties":{"clues":"ZSIMB000335"},"geometry":{"type":"Polygon","coordinates":[[[-102.89493452159239,24.392229420538303],[-102.88856234979413,24.395970765451285],[-102.85075584011054,24.394832846799606],[-102.7984853767464,24.3405309263023],[-102.82641373108902,24.29558588644091],[-102.84303459740381,24.28433878612572],[-102.93004081262006,24.290338653896022],[-102.89493452159239,24.392229420538303]]]}},{"type":"Feature","properties":{"clues":"ZSIMB001880"},"geometry":{"type":"Polygon","coordinates":[[[-102.56171674535746,22.9415984557727],[-102.56544200525823,22.94747692701455],[-102.56381755668005,22.951286741817764],[-102.56707975440362,22.95316497225802],[-102.56228887148121,22.967950387627386],[-102.56769058073424,22.97797158863914],[-102.57097219462291,22.979687203476093],[-102.57569374654229,23.001051160946137],[-102.57501152052983,23.023259702556853],[-102.57247678702376,23.040291940205293],[-102.57325712820874,23.046736325741502],[-102.55794128644813,23.074435219509457],[-102.55750861937884,23.079553662924738],[-102.5125572153709,23.113356502486404],[-102.50556719601154,23.12801042805282],[-102.49073996356995,23.130122818357947],[-102.47674828967472,23.130052150397848],[-102.46221492127945,23.100699831712607],[-102.46497998089475,23.085774351465236],[-102.46303924690447,23.07886822653936],[-102.48353799170688,23.072327181319352],[-102.48273087093607,23.07024182711255],[-102.47645317619144,23.064702486051093],[-102.46534836818536,23.06496683244718],[-102.4608249395494,23.062336908200827],[-102.45641240767065,23.06476186662043],[-102.44757451582265,23.076644919585814],[-102.4390724500875,23.066341224780146],[-102.43226422670107,23.062792647056707],[-102.42855886968073,23.081631766054404],[-102.42333413387334,23.08256331070925],[-102.40161437462424,23.054972460141272],[-102.4232612450597,23.054601907761484],[-102.44189988978086,23.030478650480084],[-102.44700117626233,23.00997531820441],[-102.47451883812602,23.019454370085267],[-102.47853007858204,23.022250672845004],[-102.48939416560466,23.024695025230763],[-102.50002915301181,23.014920177824017],[-102.51294520879468,22.99665560483031],[-102.51100042248224,22.96998134220053],[-102.51493811038856,22.966724725572117],[-102.51987285866886,22.955920062938983],[-102.52381338539028,22.950856853787933],[-102.53571510289562,22.943903256863393],[-102.54561299463354,22.929130997566464],[-102.56171674535746,22.9415984557727]]]}},{"type":"Feature","properties":{"clues":"MNIMB001905"},"geometry":{"type":"Polygon","coordinates":[[[-101.921089226272,20.02989051509499],[-101.86594202553373,20.021584693182884],[-101.86795986300679,19.997109666598735],[-101.88158424881694,19.969374409072554],[-101.92040576468405,19.95337059910598],[-101.92490234154806,19.959531964518384],[-101.92866075592454,20.022539484139998],[-101.921089226272,20.02989051509499]]]}},{"type":"Feature","properties":{"clues":"MNIMS002553"},"geometry":{"type":"Polygon","coordinates":[[[-101.8668236929885,20.095171320951422],[-101.8741432285661,20.094798437681295],[-101.90487925895555,20.11980220515619],[-101.9128289779353,20.117169106188122],[-101.9207568674122,20.127278801802667],[-101.92604098071233,20.146086219160086],[-101.91689916095149,20.150593417565073],[-101.9155647126953,20.163445943206334],[-101.9103865800826,20.169496032511425],[-101.89993861382226,20.177379621528583],[-101.89379099516512,20.176243721790268],[-101.87454159899355,20.14850194495475],[-101.87527268340052,20.137900993416288],[-101.8668236929885,20.095171320951422]]]}},{"type":"Feature","properties":{"clues":"MNIMB001572"},"geometry":{"type":"Polygon","coordinates":[[[-101.37270176799127,19.973137897045913],[-101.38041340281778,19.960145994107688],[-101.41894542764007,19.93683605548437],[-101.4246342902505,19.972191526596756],[-101.44158094785607,19.978182047065335],[-101.44387081373664,19.98300231471849],[-101.44310308400904,20.00303136818169],[-101.43875538951977,20.0046172524922],[-101.4278966996807,20.017527814462493],[-101.41600874025288,20.048625288002597],[-101.4069601735231,20.051451128455497],[-101.39785349584237,20.046047475996218],[-101.39307969000947,20.028387870310187],[-101.39851798027206,20.002928135246133],[-101.39943461767825,19.98744396801466],[-101.37485993691787,19.976604447979817],[-101.37270176799127,19.973137897045913]]]}},{"type":"Feature","properties":{"clues":"MNIMB000522"},"geometry":{"type":"Polygon","coordinates":[[[-101.19160975367407,19.929501636422838],[-101.17363398164852,19.931761489979323],[-101.14385688873061,19.901744514466728],[-101.14150605989,19.897256278824152],[-101.1669406014739,19.875475914426065],[-101.17055544138113,19.8748494750918],[-101.18898760982282,19.90533589071987],[-101.19160975367407,19.929501636422838]]]}},{"type":"Feature","properties":{"clues":"MNIMB001222"},"geometry":{"type":"Polygon","coordinates":[[[-100.51785677706705,19.80800634386354],[-100.52132325350628,19.82261868547736],[-100.51570579904502,19.83095896440315],[-100.51843500750672,19.86263332549157],[-100.52276108917411,19.867672329203184],[-100.5191799716997,19.883073337810643],[-100.52137790172036,19.888244646714572],[-100.537335867681,19.897386420204228],[-100.5424561540102,19.913059429602896],[-100.5294474695145,19.91925526499625],[-100.51429019815963,19.910720214886826],[-100.51090420920498,19.92357571525196],[-100.51576933038561,19.93017377245007],[-100.51445959323593,19.938812523997772],[-100.51001458521982,19.945829201834165],[-100.49518727847588,19.94234023942187],[-100.48998485776285,19.950274864575505],[-100.47207636758311,19.952696397429055],[-100.46300071313044,19.94106141924298],[-100.45752240061933,19.94147281142991],[-100.45304613486289,19.93655766793644],[-100.44885427668366,19.920473408595257],[-100.43959889671149,19.920466038504443],[-100.43227155900557,19.91220215838371],[-100.4159629445429,19.914408963972576],[-100.41298711259907,19.912932216191592],[-100.41333222937126,19.908254384338438],[-100.40172004532327,19.891846727794118],[-100.39422382458598,19.888781443339955],[-100.39989176752461,19.875546179207475],[-100.41254173532671,19.874279952482517],[-100.41689858922648,19.865445414244686],[-100.42856099899903,19.85441913240837],[-100.42891528998057,19.851774859546225],[-100.4261470524356,19.84743092391176],[-100.42412356645865,19.83785230551036],[-100.42906464741007,19.829060601247544],[-100.45204059786579,19.81362372457755],[-100.46629452586619,19.820588010005668],[-100.47043973020664,19.817813321432638],[-100.47682114824002,19.80527639396172],[-100.50627966678712,19.79740759755554],[-100.51785677706705,19.80800634386354]]]}},{"type":"Feature","properties":{"clues":"MNIMB004372"},"geometry":{"type":"Polygon","coordinates":[[[-100.18984315590251,19.88182743108798],[-100.20610467435131,19.866559473414537],[-100.20801873478878,19.859818424709793],[-100.22906624883308,19.866620966479037],[-100.23357582870035,19.872407044495514],[-100.2477940087434,19.873704907536183],[-100.25024339096716,19.879512274260687],[-100.23818273252962,19.899922619308843],[-100.23397089676821,19.898421954049496],[-100.22657774224913,19.90114720877128],[-100.21981153697539,19.90589588878646],[-100.2157930039019,19.91405590003353],[-100.20276324889404,19.910583821450917],[-100.18798308662697,19.919823243410978],[-100.18108744565558,19.915049833096816],[-100.18025002156061,19.907686042838236],[-100.18521749134612,19.896523856693367],[-100.19150209626801,19.890261900152932],[-100.18984315590251,19.88182743108798]]]}},{"type":"Feature","properties":{"clues":"MCIMB009360"},"geometry":{"type":"Polygon","coordinates":[[[-99.94679958397404,20.01566133910112],[-99.95565238624046,20.019674661392138],[-99.9761619303443,20.01656178438476],[-99.97458863079142,20.02382059087892],[-99.98977882488605,20.03805141412698],[-99.99014850129569,20.040805474898477],[-99.9758534606045,20.05328204208631],[-99.97344719799734,20.06071936596451],[-99.97120127254763,20.063229797261734],[-99.93872270904888,20.07481188435792],[-99.92836505622547,20.072515588533584],[-99.92593971598272,20.070449024706388],[-99.92369259088912,20.063689381169848],[-99.93642859501436,20.04511058632371],[-99.94679958397404,20.01566133910112]]]}},{"type":"Feature","properties":{"clues":"MCIMB000120"},"geometry":{"type":"Polygon","coordinates":[[[-99.8017645521791,19.895648655162905],[-99.80087011083573,19.894154436845835],[-99.8122033216091,19.872943599709195],[-99.84238775401523,19.87892416872174],[-99.84470001231328,19.87732933788807],[-99.85945183500147,19.88275951870625],[-99.87525120392135,19.904064647989944],[-99.86985951725264,19.915438080637646],[-99.86278003580615,19.917337016998676],[-99.86069957953228,19.91581154428223],[-99.83291137902094,19.910936076686827],[-99.83066732492996,19.902364664791403],[-99.8017645521791,19.895648655162905]]]}},{"type":"Feature","properties":{"clues":"HGIMB002881"},"geometry":{"type":"Polygon","coordinates":[[[-99.69825520691198,20.494893774198797],[-99.6835598643847,20.504107839352137],[-99.66133053319722,20.49739999765661],[-99.66071829926005,20.48582592729251],[-99.66946486875277,20.462551494076923],[-99.67777023576853,20.460208687096163],[-99.69934378163022,20.47232555619854],[-99.69825520691198,20.494893774198797]]]}},{"type":"Feature","properties":{"clues":"GRIMB007531"},"geometry":{"type":"Polygon","coordinates":[[[-101.87011166035235,17.918832539766015],[-101.91393761328008,17.941184455309582],[-101.91531410975962,17.943172779349602],[-101.91750680427718,17.942972025667714],[-101.92861932360073,17.94852354519127],[-101.93068954016525,17.95150177915809],[-101.93667043406853,17.955365765280742],[-101.96183815023083,17.96601288511854],[-101.9585627818506,17.977749252167303],[-101.96052187683154,17.987875223192166],[-101.95590530530212,17.996996425954713],[-101.95213929879989,18.030517156026075],[-101.94836364934113,18.035430725301964],[-101.92917192407637,18.028262979447174],[-101.91553425225912,18.00233897575521],[-101.90976981652821,18.00052930154184],[-101.879142085298,18.002591420038566],[-101.8764670117823,18.00426535030574],[-101.85619960322487,18.00274806544692],[-101.84633346983003,17.980483205133687],[-101.82852105491519,17.96763837465442],[-101.8224542106416,17.95994766329261],[-101.85268793487096,17.921667884660774],[-101.85670416113099,17.92073692826843],[-101.86820286293572,17.913465241984856],[-101.87011166035235,17.918832539766015]]]}},{"type":"Feature","properties":{"clues":"GRIMB004352"},"geometry":{"type":"Polygon","coordinates":[[[-101.65366193539987,17.711264679253564],[-101.66129624463078,17.722418049269745],[-101.64904697501152,17.726642919793544],[-101.62835959579954,17.728158994259346],[-101.62366882491263,17.726185800486245],[-101.63160983912007,17.71227822469185],[-101.65366193539987,17.711264679253564]]]}},{"type":"Feature","properties":{"clues":"GRIMB003174"},"geometry":{"type":"Polygon","coordinates":[[[-100.69290492674686,18.777258952227918],[-100.69286032447998,18.74223789973324],[-100.69388378418019,18.741013114702316],[-100.72385985071216,18.72643972753448],[-100.75314795291841,18.722014169988622],[-100.76093382684707,18.735528896656213],[-100.75836767639439,18.75283727606065],[-100.76999156520749,18.76739785426369],[-100.76130820775306,18.793800878191465],[-100.74589546443681,18.796834779631265],[-100.73647780148735,18.805397838100514],[-100.73625733117245,18.824721546590066],[-100.75462891019596,18.847324407441644],[-100.7197209315144,18.87013358102808],[-100.71179341476629,18.871062428564848],[-100.70148168914082,18.864580422870894],[-100.68839987359712,18.821475532114114],[-100.69276351852736,18.813393436542757],[-100.69445885004532,18.780707276784085],[-100.69290492674686,18.777258952227918]]]}},{"type":"Feature","properties":{"clues":"GRIMB007152"},"geometry":{"type":"Polygon","coordinates":[[[-100.42108723289188,18.360541646741506],[-100.36189870412058,18.391041968187146],[-100.35548683887826,18.38099996539661],[-100.35555946325329,18.333242079869716],[-100.36473820976269,18.31633783300099],[-100.41876878880957,18.3475738200387],[-100.42108723289188,18.360541646741506]]]}},{"type":"Feature","properties":{"clues":"GRIMB000864"},"geometry":{"type":"Polygon","coordinates":[[[-100.38936991265159,18.217251278121886],[-100.38116385023339,18.246436331632175],[-100.35687960022955,18.247969304042797],[-100.35807003974965,18.21989008620333],[-100.37063195871453,18.209297628628903],[-100.37757321441053,18.20918977786922],[-100.38936991265159,18.217251278121886]]]}},{"type":"Feature","properties":{"clues":"GRIMB001202"},"geometry":{"type":"Polygon","coordinates":[[[-100.28297508436209,18.196793142016634],[-100.26886881115998,18.195886784065873],[-100.24729961226815,18.18896540126084],[-100.2385657351176,18.17592289292908],[-100.24025579746873,18.169242172916963],[-100.2564387653267,18.14693759865074],[-100.28461164320426,18.138463428188732],[-100.29683726924945,18.142845817069816],[-100.29433901009001,18.19049602407412],[-100.28297508436209,18.196793142016634]]]}},{"type":"Feature","properties":{"clues":"GRIMB001552"},"geometry":{"type":"Polygon","coordinates":[[[-100.27038252350539,17.301601731622522],[-100.28719801249301,17.317911371199305],[-100.27988906700726,17.334755447977482],[-100.2902009025542,17.360995741796057],[-100.29826042880585,17.373872600599864],[-100.30016710536262,17.374931081699085],[-100.2829226151295,17.41778252192089],[-100.28185395445101,17.430049435132084],[-100.26913103490683,17.44305405264008],[-100.26074219812114,17.448076522813853],[-100.25801041491492,17.453338673156924],[-100.2554594314852,17.47899598827364],[-100.20277384111577,17.469536799344553],[-100.19599533633695,17.451741565943795],[-100.18170836205776,17.44762926715366],[-100.13260891392282,17.45472950556004],[-100.1297756925794,17.451945212901805],[-100.12808803245709,17.42678226545046],[-100.15896744454629,17.39769128007335],[-100.1809607639318,17.39191254511319],[-100.19892314416381,17.375386794232945],[-100.1918521242249,17.366687619948273],[-100.17391539262877,17.368419696240625],[-100.16714254520706,17.3595859802096],[-100.18583055458161,17.341142958160162],[-100.18433590068494,17.32268330429987],[-100.16583287815621,17.29670440330866],[-100.17289848217587,17.286174636183414],[-100.20118604466698,17.279305861074427],[-100.22371683070166,17.287728734010432],[-100.2271565951024,17.295601803150515],[-100.25633875911201,17.30813128805015],[-100.26019838831279,17.305249069719796],[-100.27038252350539,17.301601731622522]]]}},{"type":"Feature","properties":{"clues":"GRIMB002643"},"geometry":{"type":"Polygon","coordinates":[[[-99.97297946592464,16.984386356963103],[-99.983605731794,16.97297249149286],[-100.00192827503844,16.974597521771635],[-100.00558932616372,16.979195572104654],[-100.00804534277398,16.97981071461637],[-100.02194719419248,16.991074790005243],[-100.02702325915844,16.998895006649654],[-100.02881945911618,17.005266095267164],[-100.0211887484905,17.029687719165388],[-100.01654794829341,17.035880304189696],[-100.00893721865877,17.037228914022336],[-99.99657737931732,17.030900113618603],[-99.98505650915456,16.998202760968795],[-99.97297946592464,16.984386356963103]]]}},{"type":"Feature","properties":{"clues":"GRIMB008861"},"geometry":{"type":"Polygon","coordinates":[[[-99.95824522319784,16.8987439520973],[-99.96367337455743,16.9027254236614],[-99.96896687654191,16.902855700068514],[-99.96186326885689,16.911668221426368],[-99.95654665412498,16.910005664217586],[-99.95589643134157,16.905088777945753],[-99.95312716474396,16.903198528992146],[-99.95274171525605,16.901664483139854],[-99.95626228610769,16.89595093727063],[-99.95755833983789,16.895861100742447],[-99.95824522319784,16.8987439520973]]]}},{"type":"Feature","properties":{"clues":"GRIMB008856"},"geometry":{"type":"Polygon","coordinates":[[[-99.91477891347365,16.942851080997077],[-99.90221690389875,16.961784768039788],[-99.8801672734319,16.946502037787123],[-99.86650472865149,16.93234159277415],[-99.87588112471464,16.914897195286457],[-99.89994777996823,16.910695170299014],[-99.91424904012791,16.92066335494763],[-99.91477891347365,16.942851080997077]]]}},{"type":"Feature","properties":{"clues":"GRIMB000070"},"geometry":{"type":"Polygon","coordinates":[[[-99.92217559416227,16.88205756164021],[-99.91083265163391,16.884515304537263],[-99.90641568505826,16.879786861457028],[-99.91065510120018,16.876728892413066],[-99.91026395854274,16.873110658239057],[-99.91514124874787,16.873296946747903],[-99.92217559416227,16.88205756164021]]]}},{"type":"Feature","properties":{"clues":"GRIMB002585"},"geometry":{"type":"Polygon","coordinates":[[[-99.85676124606539,17.273768756404145],[-99.84951445106059,17.274030894729353],[-99.82921384852011,17.282478934158316],[-99.78446449820568,17.25667086010935],[-99.82472631651123,17.193041514901836],[-99.85118266931939,17.194757315768612],[-99.924717554,17.173979889542444],[-99.93260973676553,17.20151461340056],[-99.92864626961102,17.20860067552184],[-99.85676124606539,17.273768756404145]]]}},{"type":"Feature","properties":{"clues":"GRIMB008634"},"geometry":{"type":"Polygon","coordinates":[[[-99.80268262888708,16.796117309886007],[-99.80382069213373,16.792070652160696],[-99.81527098231012,16.787120982230974],[-99.81071190784537,16.797855467040616],[-99.8122241970969,16.807223984703263],[-99.81556970415417,16.80766741784197],[-99.81723831795132,16.81414948073708],[-99.8151656279259,16.817751893765546],[-99.82052400351095,16.82141976715191],[-99.81901708763338,16.823392655735624],[-99.81328100115024,16.823392461108437],[-99.81127233964023,16.83060526841133],[-99.81497904445999,16.834350699877703],[-99.81322236398177,16.838732855174534],[-99.80846554057092,16.840568146356453],[-99.80677314058902,16.835681142480713],[-99.80294521331062,16.83473554594541],[-99.80187309920586,16.8361696297938],[-99.79031626873626,16.835511221490023],[-99.78858125086498,16.826388185974626],[-99.78409280016973,16.818022903472166],[-99.7786485369881,16.811882454833604],[-99.78666776654006,16.806588172343137],[-99.79456373965324,16.805826131288644],[-99.79778974747097,16.802068455895764],[-99.80445299247046,16.799462857515895],[-99.80268262888708,16.796117309886007]]]}},{"type":"Feature","properties":{"clues":"GRIMB002124"},"geometry":{"type":"Polygon","coordinates":[[[-99.71181750463325,18.14445952634129],[-99.71481666428474,18.157107599119353],[-99.71578052814354,18.189580070148654],[-99.70513076039977,18.197506872746224],[-99.69601641947044,18.215107218773717],[-99.67411213837063,18.217770235685848],[-99.66855818169408,18.213696305875505],[-99.61649152543785,18.18787399018167],[-99.62668702222004,18.157998474939816],[-99.63535786607416,18.141802277190923],[-99.66365148537407,18.125276549245413],[-99.68759245898687,18.061147525767588],[-99.6921135942824,18.06026299713764],[-99.73857945600761,18.072713409761803],[-99.74334393203578,18.078479755195765],[-99.74828715642353,18.09332362608602],[-99.72995838888062,18.13283854794436],[-99.71181750463325,18.14445952634129]]]}},{"type":"Feature","properties":{"clues":"GRIMB000374"},"geometry":{"type":"Polygon","coordinates":[[[-99.60626026580954,16.683202327354145],[-99.62050762157752,16.685411829269047],[-99.67218355071388,16.70080126018509],[-99.69029053306878,16.708066248117223],[-99.69084073000512,16.712972889229906],[-99.67175805532707,16.73060566234748],[-99.66816674894167,16.72732415257398],[-99.66075235924171,16.724296052145714],[-99.64104599594891,16.724598822288478],[-99.63797199258663,16.722314105732107],[-99.6370425478215,16.71270959509061],[-99.62935870627017,16.704523926167393],[-99.61879192370985,16.698330996696505],[-99.61179497088408,16.696873330992645],[-99.60735334405416,16.690594096774674],[-99.60626026580954,16.683202327354145]]]}},{"type":"Feature","properties":{"clues":"GRIMB000502"},"geometry":{"type":"Polygon","coordinates":[[[-99.61301807532999,16.732670478413958],[-99.6083602959319,16.74376133264583],[-99.60232900952265,16.743687963170842],[-99.58586629347641,16.753506045394705],[-99.55955548281368,16.723152272676618],[-99.56730559749953,16.713102317656926],[-99.58155545836455,16.714071427037204],[-99.60430856813568,16.709557815243233],[-99.60830516120723,16.706714752877726],[-99.61179497088408,16.696873330992645],[-99.61879192370985,16.698330996696505],[-99.62935870627017,16.704523926167393],[-99.6370425478215,16.71270959509061],[-99.63797199258663,16.722314105732107],[-99.62671884773273,16.725178717699237],[-99.61301807532999,16.732670478413958]]]}},{"type":"Feature","properties":{"clues":"GRIMB006102"},"geometry":{"type":"Polygon","coordinates":[[[-99.58623798812438,18.585893780051084],[-99.5850753429856,18.597981921511845],[-99.5879421625498,18.600467918054985],[-99.57850760992822,18.62733114720229],[-99.57043545755306,18.629968891408684],[-99.55665881191982,18.61771782137132],[-99.55499022461167,18.617634791149996],[-99.55000905601204,18.611090350835312],[-99.54809790491109,18.594619565908985],[-99.54924154483098,18.587783152575117],[-99.54303116961601,18.575556699548876],[-99.5637660175417,18.576276553868947],[-99.57601641673487,18.57192937337413],[-99.58061544215772,18.572108934970053],[-99.58454436410089,18.576838605355327],[-99.58623798812438,18.585893780051084]]]}},{"type":"Feature","properties":{"clues":"GRIMB008260"},"geometry":{"type":"Polygon","coordinates":[[[-99.55930306184236,18.544949164256284],[-99.51218349476788,18.54597743526948],[-99.51199392833088,18.545659691370528],[-99.54476528117105,18.504334943224382],[-99.56778447441744,18.526969977991058],[-99.57048377133279,18.532417155872373],[-99.55930306184236,18.544949164256284]]]}},{"type":"Feature","properties":{"clues":"MSIMB000251"},"geometry":{"type":"Polygon","coordinates":[[[-99.4441841680841,18.77284032185789],[-99.45317240321042,18.764457699389446],[-99.46732222962133,18.760432171823236],[-99.47362255110889,18.771344264883407],[-99.46427613681192,18.77938171917117],[-99.44221303029208,18.7778891973826],[-99.4441841680841,18.77284032185789]]]}},{"type":"Feature","properties":{"clues":"MSIMB001786"},"geometry":{"type":"Polygon","coordinates":[[[-99.37402062950987,18.773008448839324],[-99.38566204568076,18.771035469812716],[-99.39773654198173,18.76608716913251],[-99.40431917672409,18.767986286255763],[-99.41969752157891,18.791983445011482],[-99.41892714092673,18.79761858505791],[-99.40323494297613,18.805994849545446],[-99.38659267598784,18.81751899856355],[-99.38960581618026,18.84429676067986],[-99.37500222587872,18.853960495366966],[-99.35361735329928,18.859163826600465],[-99.34119368092514,18.828848511894215],[-99.32533612490901,18.821701958588505],[-99.31696581247465,18.823582003128212],[-99.30278880675826,18.814318514072163],[-99.3040118583814,18.785920393750864],[-99.29548760575736,18.784046423164504],[-99.29606731558856,18.75741744437948],[-99.30027300430777,18.752167075191068],[-99.30594980736599,18.755038383926546],[-99.31429498179355,18.75388194645417],[-99.33741666119114,18.756112950559285],[-99.339828539868,18.7611352251465],[-99.34776992503356,18.761632809144718],[-99.36112367976388,18.77077807447396],[-99.37402062950987,18.773008448839324]]]}},{"type":"Feature","properties":{"clues":"GRIMB004842"},"geometry":{"type":"Polygon","coordinates":[[[-99.38339221099204,17.862877549540322],[-99.35047501916038,17.934591826961988],[-99.33915163123055,17.91264097777683],[-99.36650116831832,17.860783782146584],[-99.38339221099204,17.862877549540322]]]}},{"type":"Feature","properties":{"clues":"GRIMB007946"},"geometry":{"type":"Polygon","coordinates":[[[-99.16658720241375,17.771853998783936],[-99.15135909387027,17.75103142329248],[-99.14838149340883,17.72298784593956],[-99.15853812304287,17.71484539005569],[-99.17222511090196,17.71644617097114],[-99.18588154281812,17.733516803152007],[-99.20558050120906,17.722184183947043],[-99.20741518850713,17.723298834736994],[-99.21618387384386,17.745409199450652],[-99.20980235145163,17.76760100758729],[-99.21593481531151,17.770837493715064],[-99.23836379213029,17.790476448280817],[-99.25144766621872,17.82986065135849],[-99.25474216617094,17.851711997201154],[-99.19745354647849,17.845565063872186],[-99.19419828182922,17.770950952466865],[-99.16658720241375,17.771853998783936]]]}},{"type":"Feature","properties":{"clues":"MSIMB002001"},"geometry":{"type":"Polygon","coordinates":[[[-99.19163634651305,18.667707828578447],[-99.20263326909733,18.66965273305842],[-99.206857410613,18.681811333393142],[-99.21454311797032,18.689741087896667],[-99.21373902149817,18.705373071414563],[-99.2089229580878,18.70907883172095],[-99.20233985398022,18.72137081591553],[-99.20508440632676,18.733600349070823],[-99.19835282032565,18.73851289990792],[-99.19338523900652,18.750221665691196],[-99.17152864413141,18.735826034560077],[-99.1728206923586,18.73298492960718],[-99.16861219910928,18.7228802294055],[-99.17180287596007,18.714440671801576],[-99.16281152943938,18.692398690153816],[-99.16323701801652,18.69017393706923],[-99.17510086196546,18.68293835835019],[-99.17282262506862,18.667523215379962],[-99.17845678223027,18.666300990423448],[-99.18439310886122,18.670741287025038],[-99.18949961038592,18.665624020385096],[-99.19163634651305,18.667707828578447]]]}},{"type":"Feature","properties":{"clues":"GRIMB003285"},"geometry":{"type":"Polygon","coordinates":[[[-99.06702823970163,17.63857266331404],[-99.11629643842723,17.626515195897873],[-99.12636094191475,17.635420088355488],[-99.14329493925179,17.63811229776288],[-99.1455337106955,17.641300384184685],[-99.14628339013586,17.65361364849666],[-99.14327009289013,17.667069102369936],[-99.1338569919643,17.6713964049084],[-99.1129968788488,17.690455733456698],[-99.09282041812041,17.6909558572958],[-99.08401385628703,17.709953129880727],[-99.04374904178924,17.695545311488065],[-99.03932261244078,17.691518699979003],[-99.07813381337508,17.662743784470514],[-99.07714998272722,17.65761779397907],[-99.06702823970163,17.63857266331404]]]}},{"type":"Feature","properties":{"clues":"MSIMB001593"},"geometry":{"type":"Polygon","coordinates":[[[-99.09995074302086,18.875345079376654],[-99.11156060894554,18.86528094609791],[-99.12518538125524,18.86026458597091],[-99.1246547103376,18.873943820702422],[-99.12185620935495,18.88087890670249],[-99.1243997320542,18.88648134518892],[-99.11740854628103,18.88773423768723],[-99.11359723809787,18.891086750986744],[-99.1178342126319,18.8983198990131],[-99.10984379823242,18.9247239144679],[-99.10578102119315,18.923462903727096],[-99.09634958620283,18.916063652053342],[-99.09768056343508,18.901875406093232],[-99.10215081944013,18.893798627610963],[-99.1043829691475,18.880465926999115],[-99.09995074302086,18.875345079376654]]]}},{"type":"Feature","properties":{"clues":"GRIMB001803"},"geometry":{"type":"Polygon","coordinates":[[[-99.0933030162716,16.992278996924636],[-99.10277539461393,16.9877637315516],[-99.110251984869,16.99315829328234],[-99.11748364948166,17.002130533181465],[-99.12333770204546,17.005762702859638],[-99.1134699406788,17.034332884199845],[-99.11602326784003,17.052979595281162],[-99.06918324535518,17.049458729285345],[-99.06637069844349,17.014991853511336],[-99.06899804811891,17.012367541579113],[-99.07168073325438,17.012558835492367],[-99.09085855566524,17.004100698075888],[-99.0933030162716,16.992278996924636]]]}},{"type":"Feature","properties":{"clues":"GRIMB009025"},"geometry":{"type":"Polygon","coordinates":[[[-99.04095287185199,17.359625564184952],[-99.03092257139105,17.366034458454468],[-99.02644774537126,17.36581356836009],[-99.01606638397678,17.35205627227626],[-99.01807016264961,17.343704892606073],[-99.04183860462626,17.34839286504593],[-99.04095287185199,17.359625564184952]]]}},{"type":"Feature","properties":{"clues":"MSIMB001132"},"geometry":{"type":"Polygon","coordinates":[[[-98.85899462665286,18.571490905740443],[-98.84077809396524,18.583297401404238],[-98.83580014209198,18.581590425288674],[-98.83132212216053,18.57523148671683],[-98.83413991837848,18.566725116034192],[-98.82614791909481,18.55013051460764],[-98.8411967215211,18.542502727174988],[-98.86472340483115,18.53861333348253],[-98.8877654971017,18.542964959991345],[-98.8726650529788,18.567922122316855],[-98.85899462665286,18.571490905740443]]]}},{"type":"Feature","properties":{"clues":"GRIMB005670"},"geometry":{"type":"MultiPolygon","coordinates":[[[[-98.75140248717834,16.76277620290669],[-98.75866952669348,16.742893155327888],[-98.77135211828855,16.740320746546114],[-98.81462706857404,16.762954660645793],[-98.77598925337534,16.79391568106473],[-98.79222668249997,16.856568111970194],[-98.77404976328103,16.853637640707067],[-98.75776888645187,16.856492792114377],[-98.74387276952251,16.851531043320435],[-98.72243622522114,16.82635596181125],[-98.7209036026104,16.826299122450724],[-98.72447268125694,16.808639948946926],[-98.70803511944715,16.79563186999356],[-98.70651140815639,16.797692246532478],[-98.69048962421074,16.8009792730103],[-98.67915591068844,16.79977545639515],[-98.66725179418117,16.7964789398663],[-98.65997047567924,16.767602171862492],[-98.69681952468262,16.780207579998297],[-98.7080429223652,16.795616361958935],[-98.71917099416787,16.788068700895266],[-98.72280506426894,16.78240108703046],[-98.75045097066314,16.77518694762247],[-98.75140248717834,16.76277620290669]]],[[[-98.71343644694095,16.832124813690143],[-98.7117976392532,16.85825201036394],[-98.71019938398133,16.86001978714538],[-98.70819305568425,16.869370279404265],[-98.7182842108787,16.88784814274348],[-98.7051856833823,16.89886085280444],[-98.68280779924545,16.89119918470043],[-98.66920082742777,16.859023838407982],[-98.65922736668065,16.85021186974201],[-98.68802329675188,16.8379621481912],[-98.6931875197893,16.832687789104014],[-98.71158309222389,16.826868760448306],[-98.71343644694095,16.832124813690143]]]]}},{"type":"Feature","properties":{"clues":"GRIMB004731"},"geometry":{"type":"Polygon","coordinates":[[[-98.65225827542974,17.327027847029058],[-98.65954152100822,17.317337125423293],[-98.66021289041167,17.30420205038233],[-98.67097342403885,17.30177508794516],[-98.68184734783273,17.305817955792396],[-98.6842013628928,17.316320032955602],[-98.67485442131552,17.32619935946972],[-98.6811151508405,17.334959064631835],[-98.68195340614517,17.341179155788392],[-98.69325873323578,17.3473004178788],[-98.69443276218578,17.36367600221279],[-98.6924323111416,17.368869741215594],[-98.6813454822329,17.368663847099423],[-98.67026368218008,17.370645224411586],[-98.65946700653421,17.359768642711835],[-98.64573937575072,17.35587768614619],[-98.64380628743305,17.347672246167157],[-98.65238792193207,17.33904877341625],[-98.65225827542974,17.327027847029058]]]}},{"type":"Feature","properties":{"clues":"PLIMB000771"},"geometry":{"type":"Polygon","coordinates":[[[-98.57590277372258,18.46084205752864],[-98.58858328995132,18.44343104863182],[-98.60015516602232,18.409634391536795],[-98.60746478197801,18.410192619961645],[-98.62598359001095,18.418640187735956],[-98.63631467625883,18.42061134522576],[-98.65015880669021,18.444936521385372],[-98.64750257645751,18.470322398865594],[-98.64990600248909,18.472612789219998],[-98.64744677794579,18.484616330139914],[-98.64382093507972,18.4891187849294],[-98.64838122117465,18.49423843455319],[-98.65224742043411,18.51525610228527],[-98.6405155101621,18.514861138373412],[-98.63617348823715,18.511864166482187],[-98.63301036065769,18.498212244488176],[-98.6205027706072,18.48888756353891],[-98.60815144150136,18.492087577166643],[-98.60313287317724,18.4887321390429],[-98.6044064964637,18.480999426232255],[-98.57590277372258,18.46084205752864]]]}},{"type":"Feature","properties":{"clues":"GRIMB001313"},"geometry":{"type":"Polygon","coordinates":[[[-98.61381583479542,17.33467252353108],[-98.60436171547748,17.327473304613676],[-98.61869220006433,17.308537151015965],[-98.6309103696087,17.30845874927394],[-98.63356980426929,17.31066376957026],[-98.63397573849502,17.31694506758972],[-98.64479383869451,17.345703130896844],[-98.64380628743305,17.347672246167157],[-98.63833318479395,17.346153341324897],[-98.623829764399,17.3317085864506],[-98.61381583479542,17.33467252353108]]]}},{"type":"Feature","properties":{"clues":"GRIMB004620"},"geometry":{"type":"Polygon","coordinates":[[[-98.5988605620823,17.276230729144753],[-98.60527180009213,17.263186478467652],[-98.62048431188134,17.264241576937327],[-98.62132720360381,17.28085515165023],[-98.62526034413031,17.285427275954365],[-98.6309232696877,17.298293823549482],[-98.6309103696087,17.30845874927394],[-98.61869220006433,17.308537151015965],[-98.60937051417952,17.300792872511842],[-98.60676034782782,17.296088749676088],[-98.59838947029553,17.291404408518304],[-98.5921205260868,17.283944236078312],[-98.5988605620823,17.276230729144753]]]}},{"type":"Feature","properties":{"clues":"GRIMB007420"},"geometry":{"type":"Polygon","coordinates":[[[-98.62957782704966,17.67644986705651],[-98.60182241866947,17.713820323879645],[-98.59855103542188,17.71521679297737],[-98.57889228005693,17.7042805268311],[-98.56500885251664,17.67651068534786],[-98.56516918727591,17.65550205245816],[-98.60006029393773,17.64305076556394],[-98.62002792587235,17.656270759767636],[-98.62957782704966,17.67644986705651]]]}},{"type":"Feature","properties":{"clues":"GRIMB005006"},"geometry":{"type":"Polygon","coordinates":[[[-98.52383045421189,17.183517501081646],[-98.5354902075393,17.165545809662014],[-98.56143177303976,17.18282944729759],[-98.57342381485483,17.162366855356186],[-98.57746730968236,17.159326176938087],[-98.59921318715523,17.15357277700269],[-98.61706842132455,17.167669352733895],[-98.61174603802463,17.206500065570207],[-98.57550262264758,17.20737109588398],[-98.5719737811738,17.20862455499067],[-98.55810905762422,17.224152313580582],[-98.5487981422165,17.231486148776092],[-98.52611837881678,17.19199239965163],[-98.52383045421189,17.183517501081646]]]}},{"type":"Feature","properties":{"clues":"GRIMB008371"},"geometry":{"type":"MultiPolygon","coordinates":[[[[-98.56557791302555,17.509722502830954],[-98.56872587147262,17.519985154272437],[-98.57339919616659,17.52029871924063],[-98.57324750281234,17.528399818795766],[-98.57665226999211,17.53384193112963],[-98.57334925108725,17.535075557431718],[-98.57440363032956,17.538235604637254],[-98.57717765625783,17.53994196723602],[-98.57161623790684,17.54559403299601],[-98.57359009819793,17.547927763780624],[-98.57118937216612,17.55354669010548],[-98.56809403442985,17.5522688799376],[-98.56701640076817,17.546206858180327],[-98.55694797284433,17.547891997125152],[-98.5586901564586,17.540424921988354],[-98.55140397958753,17.533293621414977],[-98.54589046157369,17.54793565298416],[-98.53990294495335,17.55219057087025],[-98.53634807862909,17.55127539261972],[-98.50420773922531,17.5522919970291],[-98.49834574020967,17.551074323334774],[-98.5081967296695,17.521726321795878],[-98.52372102077622,17.511488402440367],[-98.53490230761543,17.500663626450176],[-98.55985529957142,17.504269701040247],[-98.56043639019667,17.506478340403106],[-98.56557791302555,17.509722502830954]]],[[[-98.55996981862529,17.554485155829095],[-98.55360522734324,17.558820014964315],[-98.56032922143336,17.563214097241605],[-98.56238676878877,17.568385369294575],[-98.56191457048267,17.573111654029073],[-98.55313810851176,17.56123947798944],[-98.55127331675683,17.5636566593232],[-98.54481141817716,17.561411476632166],[-98.55005060065744,17.557616478822055],[-98.54696475175172,17.549110778980847],[-98.55305632675037,17.55123862981225],[-98.55627181188407,17.54817668159752],[-98.55996981862529,17.554485155829095]]],[[[-98.56192807281865,17.57487207620715],[-98.56532362962068,17.582028898263008],[-98.56135752243136,17.589050832196886],[-98.54573849531846,17.574695790770836],[-98.54608062231458,17.572615543457825],[-98.55612928220927,17.57187543948238],[-98.56192807281865,17.57487207620715]]]]}},{"type":"Feature","properties":{"clues":"GRIMB004953"},"geometry":{"type":"Polygon","coordinates":[[[-98.53016488733167,16.99368432841333],[-98.55011981056478,17.022140017489292],[-98.54993909867211,17.030542749550644],[-98.55453465460042,17.05689213528807],[-98.56271302013313,17.076082816847364],[-98.56648730425317,17.08142204733124],[-98.52987283954278,17.106811252173017],[-98.51860282544243,17.133937819903487],[-98.49093898045805,17.147499295191523],[-98.47582471799484,17.142819920671755],[-98.46849760024,17.137026634636157],[-98.45302325673738,17.11934766575548],[-98.46483571568179,17.100580520310068],[-98.47656193067458,17.075719120398446],[-98.47957655160847,17.0733974009339],[-98.48514442512104,17.054771079113973],[-98.47684598917579,17.033611032663305],[-98.4521986472118,17.01051800741853],[-98.44762595902604,16.994028505350308],[-98.49320749365606,16.973231588762587],[-98.50095676816052,16.967871012232546],[-98.51370093573097,16.985328494609945],[-98.53016488733167,16.99368432841333]]]}},{"type":"Feature","properties":{"clues":"PLIMB000660"},"geometry":{"type":"Polygon","coordinates":[[[-98.54139853860653,18.22520634211639],[-98.50098327639864,18.23670390277841],[-98.44787821261532,18.201678199963204],[-98.4479796386503,18.193760103446273],[-98.51719034797699,18.150710498764184],[-98.52785309828226,18.16832149990951],[-98.54877807533289,18.21777299119975],[-98.54139853860653,18.22520634211639]]]}},{"type":"Feature","properties":{"clues":"GRIMB007724"},"geometry":{"type":"Polygon","coordinates":[[[-98.48314027043384,17.898739670386988],[-98.48581943512656,17.905551876211934],[-98.47385749232406,17.922944686587567],[-98.48083197435874,17.938351246887272],[-98.45380455441457,17.968962703957423],[-98.43742237514006,17.962285610072982],[-98.43221725208426,17.93548318702218],[-98.44916246216131,17.891010944410485],[-98.45346809648282,17.89518572609393],[-98.48314027043384,17.898739670386988]]]}},{"type":"Feature","properties":{"clues":"GRIMB000980"},"geometry":{"type":"Polygon","coordinates":[[[-98.40656928304276,17.359661237781236],[-98.40428298438721,17.329782725538077],[-98.40638210934941,17.325477494015963],[-98.41169965540244,17.323698160101003],[-98.45732432719113,17.335222341110253],[-98.47495969647119,17.359047878224576],[-98.4747400097019,17.361495879973273],[-98.46508565287262,17.373140354062755],[-98.45901725634013,17.370592234283368],[-98.44989138174142,17.34332755013437],[-98.40656928304276,17.359661237781236]]]}},{"type":"Feature","properties":{"clues":"GRIMB000975"},"geometry":{"type":"Polygon","coordinates":[[[-98.37295540988366,17.41807075204844],[-98.36061559213537,17.4442216464023],[-98.35804947302266,17.44596438903649],[-98.32371896719107,17.428333725887846],[-98.3226779300178,17.421990623052906],[-98.36620368128298,17.411901624825223],[-98.35981452763795,17.396993943611278],[-98.39873297051635,17.36868277423675],[-98.40424291874574,17.368501762109126],[-98.40631762570935,17.372169943461646],[-98.41418789629478,17.406174287044195],[-98.37295540988366,17.41807075204844]]]}},{"type":"Feature","properties":{"clues":"PLIMS003333"},"geometry":{"type":"Polygon","coordinates":[[[-98.40593702283412,17.99836942109443],[-98.41756580770948,18.014005952724943],[-98.41694618596009,18.021014648222945],[-98.40540481812812,18.035606657789184],[-98.39844247298,18.06501932756404],[-98.39990927620782,18.07978403793523],[-98.37462600873354,18.090329005621808],[-98.35637398858417,18.042941591565317],[-98.34810633151395,18.03924909680549],[-98.33752444310653,18.029801497453676],[-98.33671361334119,18.02583875110671],[-98.34048883773846,18.017090544914115],[-98.37226307328847,17.999865279790242],[-98.35962312647808,17.967674753571476],[-98.35922436983498,17.95444186154855],[-98.35399485105494,17.941937891487125],[-98.35319292289508,17.915071007721906],[-98.36108118858867,17.9165454004125],[-98.39757460920207,17.9346093389966],[-98.41108748442905,17.972374074056738],[-98.41329593857375,17.974322110676805],[-98.40593702283412,17.99836942109443]]]}},{"type":"Feature","properties":{"clues":"OCIMB004212"},"geometry":{"type":"Polygon","coordinates":[[[-98.34457564891702,16.384647202705292],[-98.34968753193112,16.391550016922427],[-98.35923315945226,16.398085164078143],[-98.36231123207153,16.4025635464417],[-98.36833711396262,16.42317704628342],[-98.37743285466188,16.44434777920555],[-98.35709663920412,16.4764253549358],[-98.34386174299844,16.45993490972099],[-98.33019905888169,16.448769648421077],[-98.31240213193308,16.455280440737276],[-98.30692252683004,16.470284714646148],[-98.28195890103049,16.47159536893305],[-98.25490135313973,16.471117466485396],[-98.25806975047227,16.449020863048936],[-98.27526772612515,16.42202750522959],[-98.29192479939225,16.419809996620803],[-98.32940588931676,16.38164523208091],[-98.34457564891702,16.384647202705292]]]}},{"type":"Feature","properties":{"clues":"PLIMS001163"},"geometry":{"type":"Polygon","coordinates":[[[-98.18408459124115,18.483445550072222],[-98.19493784009966,18.482431723920385],[-98.19811150991583,18.488479779268143],[-98.21422962335288,18.507956142851977],[-98.19941150808303,18.51955519557391],[-98.16792009813409,18.498143835539956],[-98.17888380102987,18.4907408465499],[-98.18408459124115,18.483445550072222]]]}},{"type":"Feature","properties":{"clues":"OCIMB000695"},"geometry":{"type":"Polygon","coordinates":[[[-98.11976672386265,17.85577754663425],[-98.13652175445564,17.850728815307498],[-98.1418674636527,17.856211893048645],[-98.14813763594104,17.855376987938744],[-98.15120923642398,17.852977728786676],[-98.16066661386317,17.874538620501173],[-98.17269319281692,17.892408345880728],[-98.1716167283533,17.893792997033778],[-98.14885688842217,17.88733162013026],[-98.14027677519931,17.886277064155838],[-98.13370220993711,17.879511955488457],[-98.12198107759467,17.874102744593937],[-98.10804546565123,17.880432017725262],[-98.08993947797613,17.8763730465335],[-98.0878927362836,17.860418496278143],[-98.09339429889266,17.858170777519717],[-98.11976672386265,17.85577754663425]]]}},{"type":"Feature","properties":{"clues":"OCIMS004300"},"geometry":{"type":"Polygon","coordinates":[[[-98.06270693023698,17.435461633854462],[-98.09064467377597,17.4258373993618],[-98.0945897257235,17.431463870073628],[-98.11181426796868,17.439762210996545],[-98.11803446026666,17.461801222776714],[-98.09981739932776,17.49035661502113],[-98.0843638930557,17.481275222845593],[-98.06820953450675,17.474694864585754],[-98.06392826591868,17.467770164940525],[-98.06711687259056,17.460069815033233],[-98.06270693023698,17.435461633854462]]]}},{"type":"Feature","properties":{"clues":"MCIMB003690"},"geometry":{"type":"Polygon","coordinates":[[[-99.55344010899113,19.684484333491252],[-99.56217626632377,19.683615555678085],[-99.56452047875213,19.68560962848922],[-99.59439772681232,19.684405213993866],[-99.63144523239697,19.69590272937804],[-99.62721239881206,19.712014878068885],[-99.62779373433294,19.71603525759152],[-99.64961550750918,19.730905922091274],[-99.6441493992102,19.74375583340461],[-99.63114577794236,19.74355101457378],[-99.62616101644288,19.73850511852734],[-99.6235150982835,19.726040479921693],[-99.60944249052227,19.72998747040551],[-99.60312570207716,19.71533361013659],[-99.59299426676833,19.718308361965263],[-99.5786944291793,19.71231461204433],[-99.56768115892883,19.72653859684701],[-99.54231214835741,19.713502546572506],[-99.54962013997601,19.704221549980808],[-99.55344010899113,19.684484333491252]]]}},{"type":"Feature","properties":{"clues":"MCIMB005085"},"geometry":{"type":"Polygon","coordinates":[[[-99.54922285868584,20.099012410123336],[-99.52174898483216,20.122921893231933],[-99.50770252068837,20.122283706386593],[-99.5007407295661,20.106048044889334],[-99.50090725704658,20.097927010252427],[-99.51478732232948,20.087508099824255],[-99.53823381020055,20.084755605943162],[-99.54922285868584,20.099012410123336]]]}},{"type":"Feature","properties":{"clues":"MCIMB005720"},"geometry":{"type":"Polygon","coordinates":[[[-99.54039292534674,19.486768706740694],[-99.54368699195611,19.48460717241452],[-99.56312181234365,19.489253285121382],[-99.56338034639252,19.490809597230186],[-99.56993110251345,19.495159448023646],[-99.5626361244068,19.49965602907855],[-99.56025647910579,19.510184594278428],[-99.55482138390047,19.511713466034664],[-99.550500964624,19.52401263122402],[-99.5523836437724,19.541058536102092],[-99.5263133598154,19.559889748480725],[-99.51873529675736,19.59847276623375],[-99.48954195017491,19.598913392625484],[-99.4667173142306,19.582749883664665],[-99.46538666071514,19.556566495757945],[-99.48438913381405,19.524344062358633],[-99.50499910760564,19.517212517974233],[-99.5081268579316,19.506376768267938],[-99.51960643270672,19.50335541821403],[-99.53319986246271,19.49647149841639],[-99.54039292534674,19.486768706740694]]]}},{"type":"Feature","properties":{"clues":"HGIMB004112"},"geometry":{"type":"Polygon","coordinates":[[[-99.44415669988629,20.716296623251733],[-99.4442771236111,20.728915407464495],[-99.45322815965771,20.73837743035332],[-99.4463063811597,20.749365290883162],[-99.45495854595846,20.76681806036896],[-99.44746340396458,20.780258623839245],[-99.45207554572808,20.78648630376374],[-99.44158084056133,20.823680946455223],[-99.4572782556225,20.831289133781997],[-99.45786972652347,20.851818971724796],[-99.4122804741941,20.870899850104383],[-99.41019790543034,20.86309235296486],[-99.4236710093156,20.838462298507174],[-99.43832810261092,20.823699817833536],[-99.4206521041122,20.808264504904756],[-99.39680183377477,20.808632646356564],[-99.36757564470763,20.7990475825133],[-99.36268864361857,20.78649317459044],[-99.36251782379216,20.78022044653845],[-99.34530674640224,20.773727647100184],[-99.3415466479522,20.768085636859993],[-99.34201417226518,20.755944896527794],[-99.3321827300958,20.742428824551357],[-99.3370613002615,20.738145136231807],[-99.33730426312094,20.725036901668048],[-99.34434194794811,20.72059769862805],[-99.35188749202125,20.723161225806923],[-99.36003321838463,20.714390743492572],[-99.36282479455696,20.702115855308595],[-99.37386283544528,20.69513646898645],[-99.39143296756222,20.69869168205036],[-99.3935974416164,20.701792307157383],[-99.40547007807555,20.706598265315076],[-99.42510262805412,20.69712938785455],[-99.43180393669087,20.707451439168345],[-99.44415669988629,20.716296623251733]]]}},{"type":"Feature","properties":{"clues":"HGIMB002280"},"geometry":{"type":"Polygon","coordinates":[[[-99.35625489320286,20.877419813633384],[-99.38721808125416,20.880736422732504],[-99.41201127872337,20.8728089506625],[-99.41366468482646,20.877144109036553],[-99.41361044840176,20.88933506969187],[-99.39439758962475,20.91076949584555],[-99.40080444052528,20.92606753727682],[-99.40214030982834,20.936568796657905],[-99.40880922813223,20.941319743552018],[-99.4022690206417,20.971625345935937],[-99.38555640406219,20.982394718199302],[-99.3836817772893,20.99169812250043],[-99.35569929404723,20.994645222171474],[-99.3465181647386,20.964543819568213],[-99.35132674352685,20.95968474996559],[-99.35022187029818,20.950093212858633],[-99.32728047946561,20.938117021223597],[-99.32277072769614,20.932329529766168],[-99.30910845650399,20.927271174465847],[-99.30242993400735,20.932348383524392],[-99.28964213024044,20.929829943599056],[-99.27353209679814,20.90246114925962],[-99.2692875714845,20.899995202437285],[-99.30031567516959,20.87130615628583],[-99.30111019364135,20.86755909284779],[-99.29432986233982,20.858874531742174],[-99.29080297857521,20.844680694820255],[-99.32831295864129,20.829056119080313],[-99.34103976223443,20.855563466156273],[-99.35546106669575,20.871675002859654],[-99.35625489320286,20.877419813633384]]]}},{"type":"Feature","properties":{"clues":"HGIMB002275"},"geometry":{"type":"Polygon","coordinates":[[[-99.27353209679814,20.90246114925962],[-99.28964213024044,20.929829943599056],[-99.30242993400735,20.932348383524392],[-99.30695935112686,20.961282738956438],[-99.31366515261757,20.96607217099096],[-99.3155234631693,20.97660010747975],[-99.3200266640225,20.98389572085251],[-99.32926416603965,20.987729686072772],[-99.33564737985307,20.998984607528776],[-99.31691910000039,21.025475042148493],[-99.31390973571457,21.025160751216408],[-99.28930516765232,21.01170887686946],[-99.26602777210407,21.006506588448666],[-99.26369893394588,21.002392459434326],[-99.26181126819992,20.98516051146184],[-99.247667749957,20.963344474227235],[-99.24638807825659,20.939739403037226],[-99.24919518917224,20.911863206374974],[-99.25635621197854,20.89897163819052],[-99.2692875714845,20.899995202437285],[-99.27353209679814,20.90246114925962]]]}},{"type":"Feature","properties":{"clues":"MCIMB002261"},"geometry":{"type":"Polygon","coordinates":[[[-99.2562706495143,19.795861452439205],[-99.2617294177443,19.773463991858808],[-99.27590499082048,19.757925163419213],[-99.29343651041407,19.76356639369956],[-99.30146589415835,19.784309223387623],[-99.2992987249378,19.790543895735937],[-99.30077958184819,19.824153202870356],[-99.29633929065976,19.83088733950505],[-99.29656251082142,19.84471122581223],[-99.29996000858297,19.85257934495955],[-99.27595725112619,19.869961892752393],[-99.26875735232694,19.863927903760494],[-99.25368711550676,19.865344511323226],[-99.24828022309818,19.85340800861191],[-99.25079819036385,19.83304422620969],[-99.25518787715895,19.825769734509006],[-99.26642773225792,19.81917342395904],[-99.25962246716342,19.81230797516917],[-99.2562706495143,19.795861452439205]]]}},{"type":"Feature","properties":{"clues":"HGIMS000741"},"geometry":{"type":"Polygon","coordinates":[[[-99.22234081355454,20.260359407970803],[-99.20873389400408,20.265404768681506],[-99.19833624372697,20.242666734990568],[-99.21757402627019,20.246092190433526],[-99.2212360675152,20.23455104585356],[-99.22411348170625,20.23354561543364],[-99.23030377021934,20.234206423238657],[-99.23717641628559,20.239082463487332],[-99.24407603777047,20.237505136620992],[-99.26846968990537,20.241975675830947],[-99.2693243160289,20.246289394331527],[-99.26404033353924,20.25820352208495],[-99.23906585823018,20.26332453013179],[-99.23240730689012,20.266612249050116],[-99.22234081355454,20.260359407970803]]]}},{"type":"Feature","properties":{"clues":"HGIMB003453"},"geometry":{"type":"Polygon","coordinates":[[[-99.2066446789717,20.13552670307364],[-99.20490219917873,20.14359216681356],[-99.20179887938941,20.148989800184182],[-99.19774177504651,20.149574989539538],[-99.18949830366118,20.14259219423093],[-99.179222272027,20.13868457261587],[-99.17692167626484,20.13323832344418],[-99.17797779571697,20.12607761166994],[-99.20108328909375,20.12295364319842],[-99.21183865239522,20.12912544461663],[-99.2066446789717,20.13552670307364]]]}},{"type":"Feature","properties":{"clues":"MCIMB002256"},"geometry":{"type":"Polygon","coordinates":[[[-99.18237810183064,19.82400119353149],[-99.18974148402326,19.825901745029533],[-99.1922363584984,19.82353588113059],[-99.19571349261015,19.82336463785025],[-99.197463783209,19.825002946427183],[-99.20048338681319,19.83580095501251],[-99.20567283731395,19.839442670027474],[-99.2059451016567,19.841377580099437],[-99.20057816395698,19.847625716643375],[-99.20069802231839,19.851287293784413],[-99.20338674148482,19.856711864906075],[-99.20300963215576,19.862128826714898],[-99.19735761958779,19.865757201059893],[-99.18320197059157,19.864236134154183],[-99.17240228912034,19.883352124132692],[-99.16188185228359,19.880592474968328],[-99.15093891272478,19.872972133097893],[-99.14668137925884,19.85160009218115],[-99.16327975832193,19.842968284506398],[-99.16837487806623,19.84332337372458],[-99.17144563542993,19.839832088338284],[-99.1768388125502,19.826641142578598],[-99.18237810183064,19.82400119353149]]]}},{"type":"Feature","properties":{"clues":"MCIMB006065"},"geometry":{"type":"Polygon","coordinates":[[[-99.16266492571857,19.765992959369616],[-99.16357127559759,19.761025813897422],[-99.17598632799606,19.751953049687625],[-99.18721318716761,19.758679798508805],[-99.19246156549332,19.767457543966017],[-99.18765985504857,19.773566193950423],[-99.18939420745093,19.778755883810607],[-99.18575101259015,19.803415435340188],[-99.1804491183471,19.805046121574158],[-99.16711739054675,19.78822009938457],[-99.15112469473753,19.787754169420914],[-99.14805955172919,19.785504172772416],[-99.16266492571857,19.765992959369616]]]}},{"type":"Feature","properties":{"clues":"HGIMB000653"},"geometry":{"type":"Polygon","coordinates":[[[-99.15140880718948,20.623205990335318],[-99.13444897039226,20.625682258440957],[-99.12998512688193,20.61878593088024],[-99.14532267804978,20.603828595211425],[-99.14965523040345,20.60408447184756],[-99.15173866449504,20.606570489511306],[-99.15401398878551,20.621231738949053],[-99.15140880718948,20.623205990335318]]]}},{"type":"Feature","properties":{"clues":"SPIMB001751"},"geometry":{"type":"Polygon","coordinates":[[[-99.09137008799787,21.318534216876774],[-99.09814333461449,21.321544104190718],[-99.11342881695822,21.309788321237228],[-99.13378579336688,21.31600751659729],[-99.14103656736606,21.32218893698341],[-99.14476050189485,21.351977913427003],[-99.11170175075155,21.382681519764258],[-99.10639651550198,21.380224052226158],[-99.09549196008058,21.365794737958975],[-99.06864296669808,21.357582232190424],[-99.06447335571823,21.350361459161704],[-99.06122604367668,21.348080415884432],[-99.05352209605684,21.35154355173775],[-99.05013955231485,21.350532637627214],[-99.05319858326436,21.33686700584188],[-99.06051410274372,21.337885085745615],[-99.06201707239894,21.336014781292356],[-99.0631755345836,21.322695712768066],[-99.06789604611328,21.321609828147523],[-99.07396006027825,21.325080857438188],[-99.07870105787154,21.324940490253088],[-99.08439586859194,21.319197966293498],[-99.09137008799787,21.318534216876774]]]}},{"type":"Feature","properties":{"clues":"HGIMB004906"},"geometry":{"type":"Polygon","coordinates":[[[-98.82427199346878,19.952519250676485],[-98.83215199785135,19.933247411327056],[-98.83952867385868,19.928457810483803],[-98.86373877087152,19.94911898954076],[-98.87810745806111,19.957143143940854],[-98.8847328641283,19.957500028331303],[-98.88734745358285,19.95985464710853],[-98.8892855225327,19.983710657674486],[-98.87804997543121,19.980424753301573],[-98.86896563961731,19.983834927993364],[-98.86669550311792,19.98063016554951],[-98.86254982462222,19.97928186980146],[-98.85092369143037,19.9863107758493],[-98.83474812835436,19.987786463518187],[-98.82151377592038,19.981052207680392],[-98.82427199346878,19.952519250676485]]]}},{"type":"Feature","properties":{"clues":"HGIMB002403"},"geometry":{"type":"MultiPolygon","coordinates":[[[[-98.72493384229035,20.115680122289763],[-98.72222104803983,20.11067251358318],[-98.72621260784913,20.107770061546383],[-98.73236204953105,20.11358213527596],[-98.73944506295024,20.113391058663993],[-98.73997009376362,20.114406732541795],[-98.74863540953594,20.1111463600959],[-98.74764132133177,20.11598090065803],[-98.74168623638899,20.11753089051741],[-98.74406452345312,20.121609053091753],[-98.73938639427757,20.124197134335024],[-98.73759992933587,20.1214457914037],[-98.73011690461519,20.119724558668867],[-98.72907640246,20.116248738097326],[-98.72493384229035,20.115680122289763]]],[[[-98.73289267857228,20.123498826626466],[-98.7340498939595,20.126594359303937],[-98.73087556769609,20.128435069134785],[-98.72767260625605,20.12556185594654],[-98.73289267857228,20.123498826626466]]]]}},{"type":"Feature","properties":{"clues":"HGIMS002392"},"geometry":{"type":"Polygon","coordinates":[[[-98.72909566831943,19.874302725228603],[-98.73877996445663,19.886947184608275],[-98.74332999518305,19.895602948056773],[-98.73642515681948,19.90316775053576],[-98.69546209998026,19.889092395862082],[-98.69177969185804,19.88439409884606],[-98.69742964782535,19.869696372995225],[-98.70080702861921,19.86799230939109],[-98.72126889398263,19.846447036582965],[-98.72372225155982,19.850184135276574],[-98.72909566831943,19.874302725228603]]]}},{"type":"Feature","properties":{"clues":"HGIMB002391"},"geometry":{"type":"Polygon","coordinates":[[[-98.71536489276859,20.11312344406639],[-98.72222034199669,20.111018132486763],[-98.72493384229035,20.115680122289763],[-98.72907640246,20.116248738097326],[-98.73011690461519,20.119724558668867],[-98.73296809745736,20.120795035155233],[-98.73289267857228,20.123498826626466],[-98.72722814876614,20.12548624535345],[-98.72685420705527,20.121484554450863],[-98.72452323209215,20.119756866251606],[-98.72152016367073,20.120888486744672],[-98.71874215403425,20.11914943551799],[-98.71600792719096,20.122524399339017],[-98.70804630603749,20.125371774838964],[-98.70892890768312,20.118396586733844],[-98.7123516878684,20.118412806185376],[-98.71569405645897,20.115161137898262],[-98.71536489276859,20.11312344406639]]]}},{"type":"Feature","properties":{"clues":"HGIMB003646"},"geometry":{"type":"Polygon","coordinates":[[[-98.72048367901125,21.162662010147127],[-98.70487281847527,21.16817249470873],[-98.69793378059829,21.1477152024969],[-98.71541413267884,21.13902146718584],[-98.72158844050234,21.159452869651904],[-98.72048367901125,21.162662010147127]]]}},{"type":"Feature","properties":{"clues":"HGIMS000596"},"geometry":{"type":"Polygon","coordinates":[[[-98.62052707906388,20.862446926387708],[-98.63772152554269,20.842540446323557],[-98.65958086583453,20.84162681587449],[-98.67581961467083,20.84824366366258],[-98.67588843551748,20.86027456001493],[-98.6609691803075,20.89415907442642],[-98.66466849045666,20.906996868424166],[-98.66349096350054,20.923003218160392],[-98.65607223011514,20.92637521205209],[-98.64669247295305,20.92482722510065],[-98.62873727822252,20.899492991299436],[-98.62059344444812,20.87085848288722],[-98.62052707906388,20.862446926387708]]]}},{"type":"Feature","properties":{"clues":"HGIMS001296"},"geometry":{"type":"Polygon","coordinates":[[[-98.54003235438952,20.412013095553444],[-98.55536409639979,20.401270363794858],[-98.5606737623742,20.40041476112125],[-98.56642226459613,20.396637272486515],[-98.5874927728256,20.39512702134692],[-98.5939166712979,20.413692509137896],[-98.58676894872052,20.425649518973394],[-98.60706825908669,20.437053208894255],[-98.6107631891894,20.436562553769726],[-98.61623406544759,20.438425257562496],[-98.61962915347033,20.44267599937243],[-98.60736803355873,20.460552094843205],[-98.63501527097223,20.46733092378576],[-98.64454896280371,20.477273438126815],[-98.64491642023692,20.48749779985138],[-98.64273684203731,20.489535670458572],[-98.60316648719248,20.46980014354835],[-98.59463120206709,20.488316290247344],[-98.59270148010854,20.488365142602678],[-98.57537095735611,20.4704056165908],[-98.55539333059357,20.473119831182057],[-98.56492431917304,20.449366996555607],[-98.55714093341766,20.436390595827557],[-98.55226074284649,20.43546058976852],[-98.54003235438952,20.412013095553444]]]}},{"type":"Feature","properties":{"clues":"HGIMS002054"},"geometry":{"type":"Polygon","coordinates":[[[-98.5536879511674,20.7472145035641],[-98.55219578615909,20.743560340243164],[-98.53777574623977,20.731309722214],[-98.53718036260369,20.727205559994268],[-98.54493230946318,20.71389434176142],[-98.56296017805472,20.702375526751645],[-98.58506807795676,20.714116057444947],[-98.58466128671094,20.722122420019343],[-98.60307096911794,20.737441034125688],[-98.61601413840802,20.74058006010255],[-98.6147916067564,20.749602426125204],[-98.61251448192158,20.753072862128704],[-98.60358154743865,20.756839651656435],[-98.59282684038,20.764778521440025],[-98.59118732341558,20.77189871821448],[-98.5834769144754,20.774533295336887],[-98.574109785805,20.78145064989317],[-98.55807399543235,20.77290484984815],[-98.55717161102545,20.76657523022862],[-98.56089073716102,20.758012026168167],[-98.5605741538298,20.755024486478163],[-98.5536879511674,20.7472145035641]]]}},{"type":"Feature","properties":{"clues":"HGIMB000595"},"geometry":{"type":"Polygon","coordinates":[[[-98.57421356102628,20.853192302950042],[-98.58357826942294,20.856120898379313],[-98.58698665934956,20.87906428392971],[-98.57909251010499,20.88446762272199],[-98.5694985905115,20.885167416075532],[-98.56359198480598,20.882868384605775],[-98.55939435658156,20.907486286510654],[-98.55437098245497,20.911763278066584],[-98.54683445095823,20.91520314417826],[-98.53342682025871,20.912605483396685],[-98.52763640759983,20.91512906291742],[-98.51695068593531,20.908794896495795],[-98.51078723111229,20.908742134807156],[-98.49253124255425,20.91440919027523],[-98.47626190813587,20.90359836371736],[-98.47610002079428,20.90239560276137],[-98.49978433298938,20.8889376492133],[-98.50276025487972,20.886545778755846],[-98.50389610261072,20.88258573211861],[-98.52434319618082,20.875256305649923],[-98.52874417081138,20.87652643297545],[-98.5335144724431,20.882944212058135],[-98.55247889139002,20.88335465294295],[-98.55766921240814,20.8785716093547],[-98.55709716924916,20.872924210668845],[-98.57421356102628,20.853192302950042]]]}},{"type":"Feature","properties":{"clues":"HGIMB000484"},"geometry":{"type":"Polygon","coordinates":[[[-98.3583303637895,20.952930211002077],[-98.327155446719,20.970537716101635],[-98.30940424073297,20.956522680861287],[-98.31403998197408,20.941505228852368],[-98.34057223781194,20.928750100032193],[-98.3600990570618,20.94668832315536],[-98.3583303637895,20.952930211002077]]]}},{"type":"Feature","properties":{"clues":"HGIMB003902"},"geometry":{"type":"Polygon","coordinates":[[[-98.28974990933443,20.790892525926257],[-98.29141758808454,20.790606681216037],[-98.30300110672312,20.797418761257003],[-98.3182117379861,20.801845589138324],[-98.31366540701185,20.82647139413421],[-98.3049061552958,20.82830005892102],[-98.30049644024514,20.83382906745472],[-98.28407916241791,20.828381670515522],[-98.28052536999202,20.82395653721996],[-98.26987317187118,20.82936106272642],[-98.26888673180585,20.83187050349702],[-98.26573732610025,20.833509859245805],[-98.25183771075723,20.83082160963476],[-98.24305450507525,20.82678953406915],[-98.25784786349634,20.809368508541215],[-98.2645203364009,20.81044942787257],[-98.27792201874239,20.807669207457675],[-98.28267827262242,20.80405784879801],[-98.28974990933443,20.790892525926257]]]}},{"type":"Feature","properties":{"clues":"HGIMS002276"},"geometry":{"type":"Polygon","coordinates":[[[-98.25795372742155,20.911505233639314],[-98.26082752831441,20.93371680287521],[-98.24446610079269,20.9347984012043],[-98.23770468150062,20.91529539770468],[-98.2521250613404,20.90523032487546],[-98.2543866716987,20.90563277558191],[-98.25795372742155,20.911505233639314]]]}},{"type":"Feature","properties":{"clues":"HGIMB000134"},"geometry":{"type":"Polygon","coordinates":[[[-98.23703476747438,20.23109545792602],[-98.22627820924971,20.23000391542637],[-98.21161187756069,20.220358442766518],[-98.21366604824719,20.213619488503536],[-98.22000832661345,20.204464773150203],[-98.23284196672842,20.19913152817357],[-98.24604156435846,20.217068491563033],[-98.23703476747438,20.23109545792602]]]}},{"type":"Feature","properties":{"clues":"PLIMS003572"},"geometry":{"type":"Polygon","coordinates":[[[-98.15639492483126,19.9599365911743],[-98.16056071542502,19.962631986028825],[-98.16479920875068,19.97053854396696],[-98.16203298716547,19.990880442954293],[-98.15643585875381,19.99738460424596],[-98.17133857540912,20.0154184228981],[-98.15240493097636,20.025569916409754],[-98.14845721411434,20.025057505878657],[-98.13898700903613,20.018783856544523],[-98.13558378985002,20.010603854356482],[-98.13100713831,20.010826384068803],[-98.12273983759961,20.002051691629735],[-98.12457366384518,19.987215354406672],[-98.13588755181196,19.978212994114774],[-98.13765983777387,19.97868386920456],[-98.15639492483126,19.9599365911743]]]}},{"type":"Feature","properties":{"clues":"PLIMS001426"},"geometry":{"type":"Polygon","coordinates":[[[-98.1049770752023,19.780308766583783],[-98.09490195357806,19.78918031376954],[-98.08334526054735,19.784765330524515],[-98.0816789472755,19.776862364385952],[-98.10446395829591,19.760685337142334],[-98.1049770752023,19.780308766583783]]]}},{"type":"Feature","properties":{"clues":"HGIMB001295"},"geometry":{"type":"Polygon","coordinates":[[[-98.0427251443967,20.5279336560392],[-98.03192804816071,20.53261321991738],[-98.02860082686637,20.537467486278008],[-98.0141204544363,20.542259230166174],[-97.98933962299296,20.538570482470917],[-98.00793051618663,20.512288267860082],[-98.01164312194454,20.51392448719598],[-98.01991294344032,20.51320155189918],[-98.04154372053546,20.501620757535473],[-98.05376215603924,20.504128501204917],[-98.06150973303518,20.52012706442147],[-98.06114949044397,20.521649251940413],[-98.04561781427917,20.52809301607992],[-98.0427251443967,20.5279336560392]]]}},{"type":"Feature","properties":{"clues":"PLIMB005275"},"geometry":{"type":"Polygon","coordinates":[[[-98.07072672024849,19.80473734342192],[-98.0682311442803,19.806335051875337],[-98.05971572653405,19.823281140569716],[-98.06161237745997,19.839672401394054],[-98.05201971827792,19.83550227400786],[-98.04376393032503,19.83768315481975],[-98.04278235275548,19.840415353489707],[-98.03902301711268,19.84239474240657],[-98.03889171639531,19.845084565761066],[-98.04144904569702,19.847484896844083],[-98.0355066126297,19.851459815603135],[-98.03571900440649,19.854784034166293],[-98.04344261340107,19.854584566649567],[-98.04376323978536,19.862808077764207],[-98.03946858205683,19.8649255728285],[-98.03789051550056,19.868914449543805],[-98.04792436430097,19.88215888559806],[-98.04240539723565,19.893831265870613],[-98.03396573592137,19.902885335286697],[-98.02541026440778,19.900558406367374],[-98.02420562650363,19.89396988273863],[-98.01843600866283,19.881192527571464],[-98.00899759894946,19.881424332273212],[-98.00401266687425,19.87400849786233],[-97.99122127533792,19.872721473834165],[-97.99510701771155,19.8608536526303],[-98.00676909203652,19.86857170136469],[-98.01142222827738,19.864458684017045],[-98.00892707842078,19.85818329280256],[-98.00967939154755,19.85488140737473],[-98.00561467035688,19.848702583406247],[-98.00128928509065,19.84785840230279],[-97.99888940951786,19.84425912465781],[-97.9860312023953,19.8425817140668],[-97.98435900303296,19.847832705869354],[-97.96543379514553,19.84974510718697],[-97.96877650925148,19.816821839202525],[-97.97612701377044,19.803823053940064],[-97.977527003965,19.782580872737334],[-97.98557107851455,19.76962652187254],[-97.98637448330963,19.76595444398882],[-98.00458109470092,19.744025968407232],[-98.015490775016,19.742966468015993],[-98.02747423272996,19.736096337602408],[-98.04225916290436,19.749738459931724],[-98.05672902016401,19.777313568892417],[-98.0547179713076,19.78026337683327],[-98.05611958782492,19.786102011272156],[-98.07072672024849,19.80473734342192]]]}},{"type":"Feature","properties":{"clues":"PLIMB001046"},"geometry":{"type":"Polygon","coordinates":[[[-97.99349315935059,20.149171014252335],[-97.98010104427559,20.142721680738877],[-97.98356060783144,20.13180421327909],[-98.00083183175948,20.130557190098113],[-98.00451609634152,20.12613592264995],[-98.0149880687867,20.130664272501686],[-98.0143291874584,20.154497701080967],[-98.00579332699704,20.152545066922485],[-97.99809743239565,20.148750560822485],[-97.99349315935059,20.149171014252335]]]}},{"type":"Feature","properties":{"clues":"PLIMB003460"},"geometry":{"type":"Polygon","coordinates":[[[-97.96092399415352,19.950904863858614],[-97.96286298474699,19.948405317575034],[-97.9954955080064,19.94934211327147],[-98.00988406336612,19.964710556051376],[-98.00264072267169,19.979789159781447],[-97.9944393870301,19.980999495481257],[-97.97994557314885,19.989057065677034],[-97.9756308112185,19.98687881075505],[-97.97392003982473,19.98226694396013],[-97.97506740279091,19.976605619172588],[-97.96362696263095,19.966854577098804],[-97.96092399415352,19.950904863858614]]]}},{"type":"Feature","properties":{"clues":"NTIMB001572"},"geometry":{"type":"Polygon","coordinates":[[[-105.26432068410078,20.78295182236625],[-105.26853471231136,20.783436511124382],[-105.2746405073152,20.78018111193156],[-105.28491848726657,20.78034884099935],[-105.29654316263644,20.792754647179695],[-105.29388648221928,20.806451205911117],[-105.29779633178778,20.826082553011723],[-105.30475419967907,20.84537011362935],[-105.29732597860519,20.85350664946735],[-105.2861949993167,20.87137320136494],[-105.27251885396035,20.89735892263493],[-105.26556814683374,20.901289743178804],[-105.24185600746216,20.846585370771425],[-105.22552130638142,20.835339614733506],[-105.22578416886542,20.83168413527779],[-105.23439325823517,20.82811439317658],[-105.23336574376255,20.82009804410854],[-105.22725709798267,20.81845233588473],[-105.21567274376171,20.8027177644121],[-105.21574875336378,20.7986119065251],[-105.21948072169512,20.795521539483047],[-105.2211042290286,20.786068792309294],[-105.22879325684667,20.78148909920468],[-105.23964404861024,20.78534558741411],[-105.24260452207062,20.777860436903843],[-105.24919233417988,20.777652798126773],[-105.24857751169536,20.772720043176694],[-105.25512968697667,20.772780750709362],[-105.26285514946035,20.7771478419834],[-105.26432068410078,20.78295182236625]]]}},{"type":"Feature","properties":{"clues":"NTIMB001000"},"geometry":{"type":"Polygon","coordinates":[[[-105.25887459799787,21.863239746041593],[-105.27245730740509,21.853504317325864],[-105.29046755703204,21.850364330426757],[-105.30248020821264,21.85263228847748],[-105.32418614445885,21.890689984754953],[-105.31224989451594,21.89614448010582],[-105.30911559722054,21.899430194335366],[-105.29087456826291,21.91033341979509],[-105.26590179761659,21.899106043672933],[-105.24364237544354,21.880306076068234],[-105.25887459799787,21.863239746041593]]]}},{"type":"Feature","properties":{"clues":"NTIMB001683"},"geometry":{"type":"Polygon","coordinates":[[[-105.26882244138399,20.739348821168786],[-105.26663065237688,20.745947074340606],[-105.2687519628543,20.746484010976364],[-105.27438812930725,20.744467000140308],[-105.2753391903856,20.749454942239314],[-105.26931098820918,20.756155259380613],[-105.26961852989852,20.762052342275037],[-105.27489577721826,20.771043660168385],[-105.2746405073152,20.78018111193156],[-105.26853471231136,20.783436511124382],[-105.26432068410078,20.78295182236625],[-105.26285514946035,20.7771478419834],[-105.25512968697667,20.772780750709362],[-105.24837832918872,20.772433758351124],[-105.25022763182713,20.759561863765413],[-105.24800887948598,20.755414968919954],[-105.25029631240494,20.752496475094866],[-105.24804516109788,20.75192196604224],[-105.2475881178008,20.74740872676844],[-105.24476326806352,20.745410626659364],[-105.24005220009141,20.746545014135584],[-105.22765625799273,20.74152989471897],[-105.22855043972365,20.73437195068928],[-105.2348227390805,20.731641903329297],[-105.24370358563431,20.71853841068072],[-105.25219206047838,20.714792256861877],[-105.2534620897142,20.714940444404643],[-105.25794470247907,20.729539042025564],[-105.26407304890752,20.73277170002156],[-105.26555409776056,20.73737688881329],[-105.26882244138399,20.739348821168786]]]}},{"type":"Feature","properties":{"clues":"NTIMB001111"},"geometry":{"type":"Polygon","coordinates":[[[-105.08627482954807,21.781743754086808],[-105.1023655031771,21.777370752183984],[-105.11106606356707,21.80694791135741],[-105.11908249532787,21.82645772343825],[-105.09633643935226,21.83680293800026],[-105.08044889544772,21.81487364730895],[-105.08627482954807,21.781743754086808]]]}},{"type":"Feature","properties":{"clues":"NTIMB001304"},"geometry":{"type":"Polygon","coordinates":[[[-104.87647210423506,21.48293538739606],[-104.88016449119358,21.476422048537863],[-104.88557295334918,21.479170686188446],[-104.8903147441676,21.490737322149066],[-104.8889594545409,21.493336575525554],[-104.89172378890775,21.499356982255378],[-104.8909996258853,21.500807733290028],[-104.88311457841496,21.49788498172233],[-104.88355358526846,21.495537863469142],[-104.88139301834036,21.490688104970666],[-104.87808131447801,21.48927222695231],[-104.87167634750435,21.495735241324844],[-104.8606211112717,21.48969080587979],[-104.85773223345224,21.482963728752743],[-104.86395894082109,21.47953378413183],[-104.86438742849889,21.484709627152398],[-104.86734624181778,21.487543122403856],[-104.87162372488766,21.486747598470345],[-104.87647210423506,21.48293538739606]]]}},{"type":"Feature","properties":{"clues":"NTIMB001333"},"geometry":{"type":"Polygon","coordinates":[[[-104.86805781644112,21.464317831695777],[-104.87195566141163,21.461205204239672],[-104.87279044252814,21.463396649371848],[-104.87871124197115,21.467128415742593],[-104.88080327403985,21.47101757168094],[-104.87934136864662,21.47385576668554],[-104.87522641972191,21.473223650135406],[-104.872242356009,21.475248014461464],[-104.86907376174223,21.470429426514308],[-104.86805781644112,21.464317831695777]]]}},{"type":"Feature","properties":{"clues":"NTIMS000885"},"geometry":{"type":"Polygon","coordinates":[[[-104.62900554137245,21.473515343700527],[-104.62183127755463,21.46197017309929],[-104.62206671968637,21.45949820324798],[-104.65724688961596,21.41525894773013],[-104.6705669421202,21.410192914794425],[-104.69790211169449,21.42627171540819],[-104.69644773376288,21.462924690244563],[-104.69776774881302,21.46963811984053],[-104.65767006224443,21.517088414655888],[-104.65203063364301,21.498627164718794],[-104.62900554137245,21.473515343700527]]]}},{"type":"Feature","properties":{"clues":"NTIMS001112"},"geometry":{"type":"Polygon","coordinates":[[[-104.07123687528345,21.41321166900519],[-104.09237509345523,21.4157137835551],[-104.1172818434982,21.437076465402495],[-104.13441585498855,21.427701818737553],[-104.15577219537406,21.42289205692382],[-104.16594477850288,21.436139254857395],[-104.16525796700537,21.450832954763754],[-104.17703055999455,21.476872196313874],[-104.18042508282241,21.479689023600567],[-104.18196813199702,21.512320497877756],[-104.19330798756978,21.516459745353647],[-104.22522195673905,21.54017258914268],[-104.26410050803715,21.54127185166928],[-104.27467514610655,21.544976468920925],[-104.23095984425464,21.61622426434644],[-104.19077657468632,21.629846162444228],[-104.18754930946798,21.628942288657242],[-104.16097847856834,21.630045432784033],[-104.15617198971269,21.62314536541334],[-104.14065127689085,21.590370906543257],[-104.18076391442915,21.560618739439853],[-104.15115568936771,21.522445626033015],[-104.14316915067292,21.522744898047055],[-104.11982155980523,21.527580650993748],[-104.10947973790371,21.546093648723534],[-104.0957886353052,21.54387969749252],[-104.04739265741829,21.54730095310282],[-104.04084781232638,21.542505382557124],[-104.0164026045231,21.529708506587994],[-104.01055295847182,21.529017983509128],[-104.00125765052499,21.538892092795415],[-103.97954266513499,21.547129173446613],[-103.98446872315297,21.565116796026288],[-103.94219775551981,21.587019437571023],[-103.95382354764627,21.55966704696879],[-103.97110545685011,21.54233555304605],[-103.96396522019202,21.52408491662468],[-103.96303572106741,21.513764378011047],[-103.97193327919716,21.49444375234162],[-103.98331662411455,21.49302732132975],[-104.01043925130676,21.483594768732537],[-104.00395389798159,21.44618383027832],[-104.00989857376398,21.42275186534679],[-104.01318897856001,21.42109985675877],[-104.05496722896766,21.432391842539452],[-104.07123687528345,21.41321166900519]]]}},{"type":"Feature","properties":{"clues":"ZSIMS000493"},"geometry":{"type":"Polygon","coordinates":[[[-103.63493832506629,21.409020508380486],[-103.69438028948214,21.400648216991385],[-103.71197404058164,21.48812918040962],[-103.7092286325462,21.51292744249451],[-103.68930520996636,21.5466020243712],[-103.64032040548501,21.563413409710257],[-103.63369103693927,21.56457502654007],[-103.62012483741438,21.561644337564818],[-103.60041451981066,21.533355149711564],[-103.60200777490711,21.527151583927495],[-103.58272278038525,21.508153427222812],[-103.59061761559343,21.500703316166806],[-103.60543228864213,21.503034686053116],[-103.61911027784497,21.486701858778574],[-103.62090424189928,21.444238099165258],[-103.63493832506629,21.409020508380486]]]}},{"type":"Feature","properties":{"clues":"ZSIMS001876"},"geometry":{"type":"Polygon","coordinates":[[[-102.9167096054519,22.138672710521586],[-102.93970946134172,22.13690608493215],[-102.96094857656558,22.16512093733039],[-102.96187359068874,22.169041212434248],[-102.99412788580058,22.183089867975593],[-103.00179502868812,22.175771314289424],[-103.02629201225712,22.172552214565812],[-103.052623509805,22.191857957311427],[-103.05572293932148,22.20977510134903],[-103.03917490741667,22.233839089987324],[-102.99428778237319,22.18863361238127],[-102.96344114181709,22.23486115031872],[-102.96476284038467,22.238099935650425],[-102.96255971736296,22.29095704576125],[-102.9078671532648,22.276309946380547],[-102.89823311259154,22.260070503358225],[-102.88052378874244,22.241584773240096],[-102.89335180495203,22.206765696394182],[-102.90299470882933,22.20268420275362],[-102.9167096054519,22.138672710521586]]]}},{"type":"Feature","properties":{"clues":"MNIMS003195"},"geometry":{"type":"Polygon","coordinates":[[[-102.96118542605363,18.948283859509505],[-102.9902518117118,18.95138394881553],[-103.00867185176952,18.962537905464316],[-103.01558884764083,18.977896264034992],[-103.03772505474716,18.97829144133968],[-103.04086185267766,18.977208812318683],[-103.0626920861475,18.99688146588451],[-103.06537006233721,19.03416430495138],[-103.0551587393302,19.03673848982737],[-103.04551339890443,19.042653664884625],[-103.01165381852373,19.06719171491092],[-103.00894502792656,19.069977498807948],[-103.00463968295946,19.084996805671185],[-102.99056171703806,19.101348647670477],[-102.97752119894527,19.107216772757862],[-102.95989173816734,19.128490360871027],[-102.94272871068205,19.131135689094666],[-102.92692326173314,19.143144473217863],[-102.89182529013051,19.131010960623577],[-102.86020123797746,19.116339118297994],[-102.84910522428325,19.101619652555488],[-102.86655634830161,19.087386445649436],[-102.86679637990531,19.07944217953804],[-102.85446265208068,19.065159763239006],[-102.8561800728768,19.033237025079863],[-102.86406675938916,19.036004852399607],[-102.89301688547445,19.03899234626692],[-102.89575446961807,19.050320273218368],[-102.92597929583647,19.064202570927453],[-102.93201038664881,19.074855466288724],[-102.93847131183504,19.074807075023685],[-102.94269846259076,19.070274690925967],[-102.94493383029518,19.0467566889427],[-102.93643515889202,19.026244885762768],[-102.95191238650895,19.02614358399143],[-102.96213823024891,19.023735199462212],[-102.97032111583239,19.01440473556877],[-102.97665211186185,19.004325957096615],[-102.95274800126177,18.967782856238916],[-102.96118542605363,18.948283859509505]]]}},{"type":"Feature","properties":{"clues":"MNIMB001111"},"geometry":{"type":"Polygon","coordinates":[[[-102.75582659589331,19.925322038324605],[-102.7653264048954,19.928883359759027],[-102.77103930535448,19.93391192949486],[-102.78090010926776,19.936626275515323],[-102.78250681827842,19.965236112682312],[-102.77326482471159,19.966005815694327],[-102.77087979937546,19.97761225881846],[-102.77834915273831,19.981718440928038],[-102.7644635978356,20.021178458315795],[-102.75260677274332,20.03019927766173],[-102.72249560015055,20.02590627754126],[-102.7192378007551,20.032883711766715],[-102.71457722179859,20.03318826222511],[-102.71268917481427,20.023954191296436],[-102.70860013170903,20.02250552150977],[-102.70192140265696,20.015940788573392],[-102.70189114694685,20.010202331773815],[-102.71013060854563,20.000167137584572],[-102.71669194724757,20.00120931146995],[-102.7181123202356,19.99467139679981],[-102.71612330113379,19.991331210173534],[-102.71719354573686,19.983096966080545],[-102.70998895475284,19.981807851844767],[-102.70871967282743,19.98582413979325],[-102.70672811452364,19.987181030647918],[-102.69674545481664,19.98429016145244],[-102.70451665831258,19.96909337321307],[-102.70380897600656,19.963771208235467],[-102.68929755620925,19.962861249972768],[-102.68011904109525,19.95461541610833],[-102.68002411485328,19.947366032272875],[-102.68810152387815,19.92916923937179],[-102.69636323792595,19.92630205211069],[-102.70078715590998,19.92770745328964],[-102.70855657491532,19.926948393340517],[-102.73536899189965,19.947409880919757],[-102.75582659589331,19.925322038324605]]]}},{"type":"Feature","properties":{"clues":"MNIMB004150"},"geometry":{"type":"Polygon","coordinates":[[[-102.71617962106627,19.990170702992756],[-102.7181123202356,19.99467139679981],[-102.71669194724757,20.00120931146995],[-102.71013060854563,20.000167137584572],[-102.70189114694685,20.010202331773815],[-102.69492976791177,19.999558962645676],[-102.69500541499943,19.995752198107567],[-102.70213146073438,19.98575667972941],[-102.70672811452364,19.987181030647918],[-102.70871967282743,19.98582413979325],[-102.70998895475284,19.981807851844767],[-102.71719354573686,19.983096966080545],[-102.71617962106627,19.990170702992756]]]}},{"type":"Feature","properties":{"clues":"MNIMS003084"},"geometry":{"type":"Polygon","coordinates":[[[-102.45043938010724,19.263883388447624],[-102.44366484118063,19.2896228452891],[-102.44393931968018,19.29708016507257],[-102.43869716711177,19.30846047291891],[-102.44095498615897,19.318439425622547],[-102.43935426608354,19.321059122597834],[-102.42508343653346,19.320079168834965],[-102.4202453225131,19.33123270483708],[-102.41056001549771,19.33281756471275],[-102.40242450267849,19.327587810631368],[-102.41019252107392,19.301635042590878],[-102.40678529764311,19.29772027098102],[-102.40750327230997,19.28555998033347],[-102.38627085780777,19.273234887827922],[-102.39317245733486,19.26081028731844],[-102.40322841113712,19.2611349330805],[-102.41731745688125,19.247313039638858],[-102.45043938010724,19.263883388447624]]]}},{"type":"Feature","properties":{"clues":"MNIMS002746"},"geometry":{"type":"Polygon","coordinates":[[[-102.34857063347428,19.670197924214374],[-102.38364319823444,19.669499363824972],[-102.38499364982819,19.676510907421278],[-102.38097865308043,19.695528417918226],[-102.39002545147842,19.704226524160223],[-102.41640109231234,19.718132980375014],[-102.42104928182317,19.72756522011216],[-102.40105244388603,19.74588150762967],[-102.3582752708716,19.7571037279127],[-102.35083431128395,19.755521754642224],[-102.34753726559273,19.74241195839151],[-102.3222003966963,19.73264300433827],[-102.31456446389544,19.726937043708404],[-102.30013762727306,19.700857762121817],[-102.2963239196882,19.69634627162189],[-102.283416374203,19.69245109517368],[-102.30014460224547,19.6296381885923],[-102.30227288392611,19.630517990074413],[-102.32120905030308,19.668390322828387],[-102.33611868975373,19.676566661988463],[-102.34857063347428,19.670197924214374]]]}},{"type":"Feature","properties":{"clues":"ZSIMS000826"},"geometry":{"type":"Polygon","coordinates":[[[-102.10424328822211,22.708629173895595],[-102.1220630564854,22.71432909580295],[-102.13092092897429,22.739443902043455],[-102.14652867130356,22.749395654664568],[-102.14218796252213,22.817679258718066],[-102.0958755933618,22.80834639576441],[-102.07867981561121,22.783187115544862],[-102.07507635376369,22.770404629036815],[-102.06631230536364,22.758527436570148],[-102.06449956173527,22.74894952960294],[-102.07008040573338,22.72717923661823],[-102.07804873955423,22.717104834288985],[-102.0984124430939,22.70535584388371],[-102.10424328822211,22.708629173895595]]]}},{"type":"Feature","properties":{"clues":"MNIMB002441"},"geometry":{"type":"Polygon","coordinates":[[[-101.77009547147655,19.551079549994615],[-101.80909569080417,19.52220753947472],[-101.84530032850974,19.5489756142163],[-101.85757959840655,19.554024264457514],[-101.8641858328394,19.578685333760188],[-101.8669730377009,19.596846157672044],[-101.85789490117662,19.613399498411177],[-101.81124357537732,19.614521440852805],[-101.79780412036975,19.618166422301936],[-101.78807563720659,19.59980412195061],[-101.77727072189182,19.58583554391752],[-101.7758283087883,19.57254616758179],[-101.77009547147655,19.551079549994615]]]}},{"type":"Feature","properties":{"clues":"MNIMB001823"},"geometry":{"type":"Polygon","coordinates":[[[-101.63785509725975,19.474088150851838],[-101.65626642950015,19.46341015922108],[-101.67185940514027,19.49155350359733],[-101.66721763665011,19.49983883106685],[-101.64148464226457,19.517625566018328],[-101.62726874077744,19.53048968575779],[-101.62681016741935,19.542186038807117],[-101.63271959461046,19.556815009471247],[-101.62632746156429,19.558602211472934],[-101.61434242012598,19.55465192940871],[-101.61111013265449,19.55511427405631],[-101.60857270181255,19.54533634915174],[-101.60220713562107,19.539105957464592],[-101.59552202055421,19.537734550520586],[-101.59359655166361,19.535541688578697],[-101.58521177298046,19.53807361495387],[-101.57702601110032,19.52931236535213],[-101.57371801296416,19.518686632608652],[-101.58295557650942,19.514869930939525],[-101.58360004180356,19.505493840613795],[-101.59203837289228,19.505160537179666],[-101.59622178971009,19.509953815588272],[-101.6070688358684,19.5082391232003],[-101.61025131279493,19.51623641082627],[-101.61486870733805,19.510033516698485],[-101.61797339536861,19.510159212436076],[-101.61977915432762,19.507978170603458],[-101.61628220258164,19.501702994497432],[-101.6175453884294,19.49488996307927],[-101.62031720560853,19.490252113283365],[-101.62288117397807,19.50707006769245],[-101.62635965170135,19.507596219597083],[-101.6315970354924,19.49681587354963],[-101.63313555358064,19.478958934298518],[-101.63785509725975,19.474088150851838]]]}},{"type":"Feature","properties":{"clues":"MNIMB002663"},"geometry":{"type":"Polygon","coordinates":[[[-101.54463618868675,19.076790985060224],[-101.54479442730678,19.091650120650694],[-101.548208443914,19.09620350175374],[-101.54999383665987,19.112356537663576],[-101.56156104560189,19.114467071753467],[-101.567735508668,19.112315652279058],[-101.59770875010203,19.1230078484916],[-101.60446603040232,19.12393556633261],[-101.6074414428742,19.135462331115804],[-101.58026268349069,19.15660394841618],[-101.5798229385217,19.178434922224586],[-101.57803849438955,19.180900297997447],[-101.55963871889749,19.187361829207173],[-101.54853575952457,19.189042768719037],[-101.54378043553673,19.186024718339596],[-101.52564234468869,19.186054512221244],[-101.52113026099146,19.182658581795778],[-101.50294864505976,19.155070653027845],[-101.51559015607307,19.144651073122848],[-101.5172757240013,19.14031319642615],[-101.51576824372833,19.125267126231403],[-101.50780132605185,19.114633590142017],[-101.49717295441917,19.123334099330066],[-101.47898743979512,19.104189315724668],[-101.46916747379494,19.104705232398494],[-101.4626156738328,19.095905485766654],[-101.46225149499689,19.08381525126363],[-101.4637213215683,19.07980790054368],[-101.48055488788415,19.062742312506334],[-101.46471389213025,19.056892935723315],[-101.45629095050403,19.040685785991784],[-101.48136719888235,19.036227947130826],[-101.4917816658677,19.0443082088846],[-101.50094306544669,19.04119847006945],[-101.51050277419485,19.040482278373606],[-101.52443334377811,19.044293939340243],[-101.53141557946019,19.048680653128216],[-101.53243906559877,19.060304919635144],[-101.54463618868675,19.076790985060224]]]}},{"type":"Feature","properties":{"clues":"MNIMS001112"},"geometry":{"type":"Polygon","coordinates":[[[-101.58766957154002,19.818520294755473],[-101.59980023128817,19.832545235772],[-101.59860496570256,19.838942352878302],[-101.59016657016086,19.851243934496743],[-101.58160575455994,19.84518467949811],[-101.5795731713187,19.846581272023418],[-101.57494819623024,19.86965776471167],[-101.55951481990492,19.86658195555502],[-101.53748928249254,19.875329451836546],[-101.53139447328809,19.862857242808623],[-101.5292860394892,19.854348656993935],[-101.55410405652498,19.836693021333584],[-101.55166100236178,19.827576530615126],[-101.56739617022224,19.806971897102596],[-101.5850971209499,19.81872219842718],[-101.58766957154002,19.818520294755473]]]}},{"type":"Feature","properties":{"clues":"MNIMS001906"},"geometry":{"type":"Polygon","coordinates":[[[-100.48243560545438,19.699431581061752],[-100.46695848804168,19.691296417198345],[-100.47337429876002,19.672365171796148],[-100.48345348732863,19.67833503164791],[-100.48842519469521,19.683437997326497],[-100.4917518645915,19.683717115458585],[-100.50242840368239,19.6982940143008],[-100.50918935461395,19.71083965932433],[-100.4897310226141,19.716359049184707],[-100.47952150795584,19.728230798752147],[-100.47436386515685,19.72599778373073],[-100.46901070034633,19.71763602813005],[-100.47160264012196,19.70871092279548],[-100.48243560545438,19.699431581061752]]]}},{"type":"Feature","properties":{"clues":"MCIMB001964"},"geometry":{"type":"Polygon","coordinates":[[[-100.23303885206265,19.266758693142613],[-100.24826872989918,19.278469823276254],[-100.25268990689777,19.28530476110986],[-100.2713092242545,19.28951594044093],[-100.27334695216734,19.3031683388501],[-100.27719974076682,19.30575559031175],[-100.28212275776097,19.32627496798278],[-100.28087217151202,19.330482176898887],[-100.27471280408041,19.337278790119093],[-100.26721351678356,19.34082580836831],[-100.24904829867047,19.381422867749894],[-100.24066531883113,19.385188073631856],[-100.22743338890756,19.36118829571941],[-100.23959147479412,19.31851398788107],[-100.23467654984273,19.31582045014657],[-100.2250046344727,19.290858916833603],[-100.23303885206265,19.266758693142613]]]}},{"type":"Feature","properties":{"clues":"MCIMB002635"},"geometry":{"type":"Polygon","coordinates":[[[-100.28039030218204,19.216404136162907],[-100.2790091067415,19.230075601326263],[-100.28386040446557,19.236612923269096],[-100.28026757141147,19.246328302317746],[-100.25240585228677,19.246703617683774],[-100.23150077368106,19.243601245931714],[-100.23273855751744,19.23247287897314],[-100.22933495202463,19.217747665502788],[-100.23080826779145,19.215123451094218],[-100.24768790368677,19.202621766052072],[-100.26449715767923,19.20328719189043],[-100.2674162736306,19.202061720611283],[-100.27533612241255,19.190924523921883],[-100.28423014436858,19.190328618610707],[-100.28921035365629,19.191933495074583],[-100.28801357639865,19.209089675226632],[-100.28293848693859,19.212059829924755],[-100.28039030218204,19.216404136162907]]]}},{"type":"Feature","properties":{"clues":"MCIMB008112"},"geometry":{"type":"MultiPolygon","coordinates":[[[[-100.07412601956833,19.70909114826975],[-100.07691374176032,19.706329099342444],[-100.0849767088128,19.70747115421708],[-100.09360045753066,19.716416510888756],[-100.09212706725229,19.71888373073522],[-100.07166098687185,19.725360028001976],[-100.07412601956833,19.70909114826975]]],[[[-100.06180246187682,19.74630071047202],[-100.05838089635334,19.761175794358916],[-100.05300503012573,19.765401827386565],[-100.03948184172417,19.758160982530697],[-100.03800239577151,19.751630141229448],[-100.04430637528394,19.733138635418552],[-100.06002239565757,19.726805708860056],[-100.06679065617956,19.72823539229153],[-100.07145475503845,19.725863172025548],[-100.08562252057118,19.735834860257082],[-100.09248785148311,19.733680706344366],[-100.09561516195706,19.734165235623355],[-100.09779952247126,19.737320274814905],[-100.09798709554278,19.745807599426826],[-100.11053085092001,19.74899300206572],[-100.10878553057914,19.760801461651617],[-100.10004640704011,19.758757452473116],[-100.09763899613813,19.746277663976148],[-100.08686957946125,19.7499810261225],[-100.08684435003322,19.75919883861054],[-100.08413201770652,19.762120531891313],[-100.07144793735328,19.75952111977869],[-100.07515217533323,19.74630030718366],[-100.06557578973062,19.739743872176764],[-100.06180246187682,19.74630071047202]]]]}},{"type":"Feature","properties":{"clues":"MCIMB009430"},"geometry":{"type":"Polygon","coordinates":[[[-100.09763899613813,19.746277663976148],[-100.10004640704011,19.758757452473116],[-100.10898018312064,19.761097025594562],[-100.10946208103478,19.77080042420205],[-100.09827362310642,19.775777659989124],[-100.09097158912236,19.787762237156418],[-100.08056994735473,19.790176494214847],[-100.07825218584962,19.787116144634368],[-100.06055449989353,19.779355741970605],[-100.05606741929417,19.774677704492795],[-100.05300503012573,19.765401827386565],[-100.05838089635334,19.761175794358916],[-100.07144793735328,19.75952111977869],[-100.08413201770652,19.762120531891313],[-100.08684435003322,19.75919883861054],[-100.08686957946125,19.7499810261225],[-100.09763899613813,19.746277663976148]]]}},{"type":"Feature","properties":{"clues":"MCIMS001393"},"geometry":{"type":"Polygon","coordinates":[[[-99.9984138207571,19.532200670722485],[-100.00520484499607,19.518183734080864],[-100.01656850829242,19.515442818932886],[-100.0183852918645,19.527286001399194],[-100.01364194820891,19.53604490141425],[-100.01699392370458,19.53910531040341],[-100.03135230528973,19.541802137491647],[-100.03628235325132,19.53785377555797],[-100.04197806203263,19.539746652564705],[-100.04600819821692,19.550021303353454],[-100.03782989979521,19.559100072701593],[-100.02837736702938,19.554973110471042],[-100.02549152007533,19.556898263109897],[-100.01446473359368,19.555325095730566],[-100.00596656870502,19.57506471313349],[-100.00346889008196,19.575534213678377],[-99.98802181730449,19.567195024007944],[-99.98929131186934,19.559645476957677],[-100.00695123650718,19.551942210513587],[-100.00414881974116,19.536252506426997],[-99.99900024998942,19.533926805415227],[-99.9984138207571,19.532200670722485]]]}},{"type":"Feature","properties":{"clues":"MCIMS001282"},"geometry":{"type":"Polygon","coordinates":[[[-99.86666794567206,19.08460842690798],[-99.87111488641312,19.06936290277994],[-99.89095073823405,19.06176142769054],[-99.89856524750844,19.07435796874464],[-99.91813884806393,19.06886681603789],[-99.92157796548426,19.07251897035162],[-99.93844636545418,19.071015627306544],[-99.94302152758395,19.084441720249313],[-99.94553746457785,19.087203325159695],[-99.96545004353509,19.08263975474172],[-99.98344592142406,19.09127929221223],[-99.97261564100931,19.108020493608183],[-99.9432738974859,19.10159637966786],[-99.9412807988804,19.104058931733608],[-99.92838610863656,19.105873192476583],[-99.91840313833245,19.117732321528706],[-99.90713602305534,19.124896101475656],[-99.89333991283979,19.096969021681605],[-99.86676750003825,19.094484415511207],[-99.86666794567206,19.08460842690798]]]}},{"type":"Feature","properties":{"clues":"MCIMB004834"},"geometry":{"type":"Polygon","coordinates":[[[-99.9668798155978,19.64143402137136],[-99.94441899499631,19.641110466558835],[-99.93981136849939,19.622358554011406],[-99.95116437368807,19.618105301310802],[-99.95491015743711,19.618599001245894],[-99.97026939389171,19.63505089798627],[-99.9668798155978,19.64143402137136]]]}},{"type":"Feature","properties":{"clues":"MCIMB000465"},"geometry":{"type":"Polygon","coordinates":[[[-99.85899238649809,19.38333215969233],[-99.84631560647911,19.395214455643366],[-99.82690552908034,19.383375345190853],[-99.82228171219121,19.367916252468326],[-99.84696578151501,19.367184229860847],[-99.86026876345676,19.375325842657304],[-99.85899238649809,19.38333215969233]]]}},{"type":"Feature","properties":{"clues":"MCIMB007494"},"geometry":{"type":"Polygon","coordinates":[[[-99.63505981885007,18.99215953837963],[-99.65178229747302,18.998194056861173],[-99.6557447798945,18.997280462912677],[-99.65987921975882,18.98639240031347],[-99.6727062632286,18.98200073509941],[-99.68297730200229,18.985218035107945],[-99.68468644474798,18.98871684757132],[-99.66925110268899,19.00207035356918],[-99.66991218433994,19.008357498452547],[-99.67515353289176,19.01356095652032],[-99.66298905596524,19.02725531040437],[-99.67331908217857,19.03227920775134],[-99.69329396027643,19.033571973163603],[-99.73236691194428,19.05505566600744],[-99.73205545871319,19.056720076643106],[-99.7243861686551,19.058718921839404],[-99.6651429319279,19.056355717779613],[-99.64973376397194,19.042282208386197],[-99.64909790235632,19.03265573310126],[-99.62769231285188,19.0227082365442],[-99.63090978135287,19.016698334145065],[-99.63505981885007,18.99215953837963]]]}},{"type":"Feature","properties":{"clues":"MCIMB001281"},"geometry":{"type":"Polygon","coordinates":[[[-99.61469493453679,19.193532382870796],[-99.62322793974022,19.18938521330097],[-99.62673622890813,19.204098545695548],[-99.63499537701784,19.20329852374102],[-99.64209042329155,19.197240136527043],[-99.65009470088434,19.2007088922222],[-99.64906237834505,19.213515715156344],[-99.64664116342414,19.216817589289544],[-99.63574976091785,19.215739100485266],[-99.62594860067719,19.216736693505766],[-99.61853593595018,19.22042134755476],[-99.60967417619817,19.221211699779786],[-99.60543149722213,19.215640060576426],[-99.60518087773835,19.210447809782433],[-99.609654851371,19.20496451702478],[-99.61469493453679,19.193532382870796]]]}},{"type":"Feature","properties":{"clues":"MCIMB009961"},"geometry":{"type":"Polygon","coordinates":[[[-99.53820015189181,19.27996866997819],[-99.53199432208189,19.27859072523098],[-99.53061600404322,19.272796973540103],[-99.53760842907471,19.270598353681113],[-99.54230624650125,19.274268556511625],[-99.54734515358881,19.27055576166102],[-99.55428693441996,19.271275535074466],[-99.5550734644169,19.27645699379122],[-99.54664108354584,19.28098249081582],[-99.54202181254202,19.276811902722784],[-99.53820015189181,19.27996866997819]]]}},{"type":"Feature","properties":{"clues":"MCIMB009956"},"geometry":{"type":"Polygon","coordinates":[[[-99.49682133300041,19.386971889173928],[-99.50171809136356,19.38314584020337],[-99.51193022669973,19.38368185441977],[-99.51634158489092,19.39584581283529],[-99.51295457620755,19.406063661666554],[-99.50494423810044,19.408258781440935],[-99.50134495401699,19.407505074943373],[-99.50018367642414,19.404784021244797],[-99.48605145853905,19.399873851539247],[-99.48813486571773,19.394351336313232],[-99.49496449476372,19.39164236026661],[-99.49682133300041,19.386971889173928]]]}},{"type":"Feature","properties":{"clues":"MCIMB000581"},"geometry":{"type":"Polygon","coordinates":[[[-99.498481056589,19.15171009534778],[-99.50513867311774,19.152500840255954],[-99.51535570987315,19.158154707430427],[-99.52358181745747,19.159930703334723],[-99.51066284026399,19.17544088879332],[-99.49705619889475,19.18208560782578],[-99.49608582613963,19.18855573239396],[-99.49442598386351,19.18999454286285],[-99.48403706068139,19.19338154914924],[-99.4808378861875,19.185577255579286],[-99.4820204341955,19.180291953513112],[-99.48497482815674,19.17631384191224],[-99.4782537800463,19.168289934172762],[-99.47766783552643,19.16393020225195],[-99.47310446743012,19.16146089005238],[-99.47232444698832,19.14363872519885],[-99.47605834901206,19.144241038184422],[-99.48483916442382,19.14248251189778],[-99.498481056589,19.15171009534778]]]}},{"type":"Feature","properties":{"clues":"MCIMB012015"},"geometry":{"type":"MultiPolygon","coordinates":[[[[-99.49698909135878,19.439287454564408],[-99.48278901729309,19.436654922406262],[-99.48351942528355,19.42753985075152],[-99.49962129656117,19.427112442287626],[-99.50151098068923,19.428850651621577],[-99.50180784793274,19.434035802076128],[-99.49698909135878,19.439287454564408]]],[[[-99.46253976632616,19.43740540614526],[-99.47194430534945,19.434044214209294],[-99.48065374791177,19.43845740639751],[-99.4790313136046,19.44441793661121],[-99.4688757075495,19.44874724905876],[-99.47048793208995,19.469667591154458],[-99.46770164740836,19.47917243483426],[-99.44657867804902,19.484804595555932],[-99.43415950703628,19.49204620017723],[-99.41941101622444,19.482511585384554],[-99.41023315792621,19.46961603964148],[-99.416165686673,19.45278564564949],[-99.42738186905459,19.447862021662306],[-99.443740901295,19.44386413268338],[-99.44858324639539,19.43790225086676],[-99.46074699547393,19.44154629625573],[-99.46253976632616,19.43740540614526]]]]}},{"type":"Feature","properties":{"clues":"MSIMB001482"},"geometry":{"type":"Polygon","coordinates":[[[-98.95779233820905,18.950812262189757],[-98.9613663653378,18.956904611397377],[-98.95839071166407,18.960384848922054],[-98.96080594829719,18.97206279923816],[-98.95588589525745,18.974950528332332],[-98.95648922228412,18.992297020572774],[-98.95503380276689,18.9959918857136],[-98.93917762859654,18.991032676449212],[-98.93222962194582,18.987334300704035],[-98.9294208894533,18.983730069631637],[-98.93332534467564,18.972493976161253],[-98.9315972851233,18.968356883667617],[-98.927529743153,18.96679781398731],[-98.92260600384205,18.958043646355986],[-98.92727825227445,18.946977975259976],[-98.93658410254065,18.94582354300303],[-98.93948033437064,18.949876588144132],[-98.9459843384399,18.953850912434223],[-98.95779233820905,18.950812262189757]]]}},{"type":"Feature","properties":{"clues":"MCIMB001170"},"geometry":{"type":"Polygon","coordinates":[[[-98.80760534971269,18.975801766841162],[-98.80238685490549,18.98476472049414],[-98.80277396421678,18.989468701268866],[-98.80778154294443,18.995230417511966],[-98.80847287501106,18.99997491815314],[-98.79123021376061,19.004284461817868],[-98.78574993941884,19.007082241795942],[-98.7827287191817,19.010771500232774],[-98.77298700573617,19.010736878970857],[-98.77308746475343,18.989613440337198],[-98.77180899525004,18.984107876606085],[-98.77284994176289,18.975286853275296],[-98.78474455364146,18.962234269416953],[-98.78965412186515,18.96161542205629],[-98.79351031089868,18.968035853630646],[-98.80760534971269,18.975801766841162]]]}},{"type":"Feature","properties":{"clues":"MCIMB006613"},"geometry":{"type":"Polygon","coordinates":[[[-98.77422883213644,19.19998127713453],[-98.77459588560623,19.212627085042147],[-98.77134313117878,19.216226296992804],[-98.76987416600895,19.252057572074527],[-98.74618185870717,19.270825247566588],[-98.73180857228202,19.271721127349313],[-98.65064984445272,19.192882369388528],[-98.64982631685722,19.189285671438473],[-98.6771305658217,19.180992629579098],[-98.71444590821122,19.17655210230396],[-98.73959090488331,19.180688738422308],[-98.76013680046584,19.17612670664997],[-98.77962963622419,19.185435185230325],[-98.77692595139605,19.197117453368726],[-98.77422883213644,19.19998127713453]]]}},{"type":"Feature","properties":{"clues":"MNIMS000885"},"geometry":{"type":"Polygon","coordinates":[[[-103.09389501768273,18.250553821395926],[-103.1154654473082,18.274540080573875],[-103.14540917324669,18.265047345079623],[-103.15359696142549,18.24612064609854],[-103.16013262460073,18.24194534810471],[-103.1864178205248,18.250674696012474],[-103.19270395853579,18.276794168704527],[-103.20830247747936,18.292463125755816],[-103.20260453237533,18.31142685260876],[-103.18279044848292,18.32788536043937],[-103.17777959466113,18.338079002884122],[-103.16279504097672,18.355534927517805],[-103.15672354513792,18.367839517943953],[-103.14069612350848,18.36530158443334],[-103.13568931652401,18.35485354229764],[-103.12862950171805,18.34752298197095],[-103.12698341929074,18.348073196020117],[-103.11336165937604,18.343730952893154],[-103.10337920728487,18.34553637989013],[-103.09834076178201,18.368281066342536],[-103.09482256754953,18.369043709857113],[-103.09310227406047,18.38948946570261],[-103.07301264231971,18.393888373288405],[-103.0711685771063,18.38983951584566],[-103.05471666994066,18.3821866218579],[-103.0523873835145,18.36981273478743],[-103.05403026598854,18.365656567004887],[-103.04816951789005,18.353451288027273],[-103.04118117827332,18.349917781844148],[-103.0357035500414,18.321733465586707],[-103.04476381412951,18.315156549375185],[-103.04841046133053,18.2814788815558],[-103.05640259760995,18.269318204486407],[-103.07425872407406,18.249221600478606],[-103.09389501768273,18.250553821395926]]]}},{"type":"Feature","properties":{"clues":"MNIMB001333"},"geometry":{"type":"Polygon","coordinates":[[[-102.29251418715944,17.988393966807298],[-102.29810138108422,18.00960668995439],[-102.31018669358758,18.018113319426483],[-102.31443708974194,18.029119860176486],[-102.29379601173704,18.054695412934702],[-102.27494192190532,18.05851702324467],[-102.26071783857232,18.04111516310081],[-102.26055842453583,18.034072156474576],[-102.25537887975806,18.021768853825833],[-102.25913821015847,18.0023532155775],[-102.26458517421656,17.988030882253195],[-102.26954049977189,17.982917805663632],[-102.27370564745733,17.985001420694115],[-102.29251418715944,17.988393966807298]]]}},{"type":"Feature","properties":{"clues":"MNIMB001000"},"geometry":{"type":"Polygon","coordinates":[[[-101.42152014580692,19.516371655757236],[-101.43216159526236,19.53039670516838],[-101.43821531534483,19.54257912886023],[-101.44371924808931,19.567438800140337],[-101.44097817088522,19.569313559147066],[-101.43847400784801,19.56885764661294],[-101.42604428065631,19.557309282601423],[-101.4230355947473,19.548619056437452],[-101.41072189464913,19.548595131372835],[-101.4084137762678,19.547406616784695],[-101.40194653149572,19.53326217850525],[-101.40678595037085,19.522036505922],[-101.39746832122911,19.515119605577013],[-101.39410387784895,19.495427361706874],[-101.42240846643809,19.479769869962688],[-101.42310317569131,19.51312003997097],[-101.42152014580692,19.516371655757236]]]}},{"type":"Feature","properties":{"clues":"MNIMS002203"},"geometry":{"type":"Polygon","coordinates":[[[-101.38697220493881,19.490157477600075],[-101.39410387784895,19.495427361706874],[-101.39746832122911,19.515119605577013],[-101.40678595037085,19.522036505922],[-101.40194653149572,19.53326217850525],[-101.36722852203465,19.54804419587945],[-101.36218192015815,19.57420124835037],[-101.3742038272127,19.585436003857737],[-101.38288821438108,19.616346916796715],[-101.3732096355188,19.62857384338703],[-101.37002344398748,19.62995361900247],[-101.33887948711323,19.623351424843197],[-101.32719706893872,19.598138363222752],[-101.3235960110015,19.597361644103216],[-101.30857643863675,19.579258839280143],[-101.32029286105669,19.571647859944267],[-101.3169052439497,19.55998500038729],[-101.31238320189199,19.559391066125734],[-101.29972183182934,19.53690225982758],[-101.32052386973584,19.53838275127268],[-101.3327716063544,19.533259616816775],[-101.33309708382433,19.530578806359312],[-101.35500560549528,19.514125941512035],[-101.36344151898375,19.510616435722742],[-101.36680562467825,19.501087531010626],[-101.36585900138493,19.4891202305584],[-101.3668842101744,19.486926764586784],[-101.38697220493881,19.490157477600075]]]}},{"type":"Feature","properties":{"clues":"MNIMS003253"},"geometry":{"type":"Polygon","coordinates":[[[-100.74502879499354,18.904152200169094],[-100.75511118418464,18.905008020491724],[-100.7674764754486,18.91733365714469],[-100.7801331783296,18.920041665128043],[-100.79081595590081,18.92622208274553],[-100.81499675776627,18.947825178432716],[-100.81164486207044,18.952718607763217],[-100.80071829928296,18.978595639001412],[-100.7898244580489,18.99442495789735],[-100.74887782718835,18.986476248469376],[-100.73073381453726,18.990668490167405],[-100.70277851415719,18.99018265877448],[-100.68874987500843,18.957825672136003],[-100.68917725670885,18.952245118041855],[-100.69769912364205,18.946438215642942],[-100.7070745840322,18.92739060891735],[-100.73680583450088,18.909877959918276],[-100.73609528521926,18.902305609556638],[-100.73986091888497,18.901348075771562],[-100.74502879499354,18.904152200169094]]]}},{"type":"Feature","properties":{"clues":"SPIMS002020"},"geometry":{"type":"Polygon","coordinates":[[[-100.95763857337074,24.193781845904066],[-100.95357310156382,24.237564935521096],[-100.99047928628042,24.28259006491158],[-100.98994244311935,24.283756095383684],[-100.90608565212344,24.27814935443873],[-100.89393225943284,24.29262980222074],[-100.8911838904527,24.293340530428257],[-100.88291568044409,24.329071184448857],[-100.87872944184421,24.34004560452372],[-100.87254302754819,24.347467390689573],[-100.83547143236754,24.37161658433159],[-100.82910862209256,24.378041309181658],[-100.74684757903026,24.390573156658636],[-100.73175270107704,24.40798590335716],[-100.64578080145378,24.34730143464486],[-100.63280592452907,24.333941297462886],[-100.63185207024885,24.327299006765003],[-100.63629820692024,24.255696684787782],[-100.67158920942498,24.24374441601218],[-100.70114314004296,24.161739662321963],[-100.75181766549404,24.177106235180318],[-100.8063802883548,24.175674934163563],[-100.82932897154166,24.22079680562889],[-100.86463456194963,24.215393100331312],[-100.94263263229837,24.163900731361448],[-100.95763857337074,24.193781845904066]]]}},{"type":"Feature","properties":{"clues":"SPIMS000702"},"geometry":{"type":"Polygon","coordinates":[[[-100.64941975421775,23.927188119426194],[-100.65880252462095,23.904661168518924],[-100.72527301300505,23.910496515331474],[-100.74468343916863,23.93382086757687],[-100.76047345926897,23.94307763542706],[-100.80273911698123,24.0097428888348],[-100.8066206157634,24.013453313477854],[-100.80619531446531,24.023468337661974],[-100.81681121472525,24.147738438474107],[-100.8063802883548,24.175674934163563],[-100.75181766549404,24.177106235180318],[-100.70114314004296,24.161739662321963],[-100.67158920942498,24.24374441601218],[-100.63629820692024,24.255696684787782],[-100.56636893922246,24.212949511877685],[-100.56614422635393,24.20968260190136],[-100.52776838270829,24.169479062416055],[-100.52143348675207,24.155340562460974],[-100.51178475435648,24.123577230446227],[-100.49163771655715,24.10699952674024],[-100.48908517086532,24.09814793527959],[-100.48989062588443,24.067559306067725],[-100.50730223865504,24.053872620287724],[-100.53537475670052,24.011851683581924],[-100.54006205174406,24.010550282049117],[-100.56001866351677,23.976894765166527],[-100.55332971188034,23.962323610159288],[-100.56861819011843,23.932062829969855],[-100.59273999428903,23.905643254624152],[-100.61144764965215,23.930651293894687],[-100.64941975421775,23.927188119426194]]]}},{"type":"Feature","properties":{"clues":"SPIMS002131"},"geometry":{"type":"Polygon","coordinates":[[[-100.70365386242565,23.39850824809424],[-100.7167342155598,23.414688323049045],[-100.74333676701171,23.437925254957506],[-100.74777305109075,23.439934255051114],[-100.75214473907769,23.464734061337932],[-100.77993930937804,23.45154533665577],[-100.80860349164045,23.450247240504684],[-100.81236505503432,23.451550977846974],[-100.80847152850147,23.485895273105974],[-100.7987875389223,23.495408872686685],[-100.7767765365097,23.5004295552992],[-100.75715174199547,23.487094012150774],[-100.74550593364883,23.497665719314067],[-100.72986338207694,23.50491951966805],[-100.71667304311636,23.500984742585448],[-100.70502914102659,23.5139504408696],[-100.69837601885018,23.511519208028467],[-100.6837940156579,23.520359970723934],[-100.66592792184358,23.515184340289284],[-100.66115591872871,23.50029168821509],[-100.6556247880397,23.493285914750768],[-100.6587235590569,23.487628531703752],[-100.651333605675,23.473266150902266],[-100.65265754550062,23.464180077880883],[-100.64702180149266,23.45306478928707],[-100.65051235435816,23.43682488310584],[-100.6396739098406,23.405580651985606],[-100.67254680681741,23.373149746164497],[-100.6892106958192,23.37026332407077],[-100.70365386242565,23.39850824809424]]]}},{"type":"Feature","properties":{"clues":"TSIMB000432"},"geometry":{"type":"MultiPolygon","coordinates":[[[[-99.44097283913126,24.184041369989846],[-99.47873729303907,24.166481473762172],[-99.48371023080918,24.20910726080893],[-99.48267950145829,24.21213590730517],[-99.46798528344499,24.224061305262197],[-99.4710725531375,24.239109140238696],[-99.46422667935745,24.254171568833893],[-99.46370804069906,24.2681984394364],[-99.48454166085573,24.284366288321422],[-99.47845729649737,24.29572795393866],[-99.44990566647742,24.30938194190901],[-99.42967585653236,24.339336212670112],[-99.42356707142744,24.34182260072871],[-99.4208982236146,24.341117021528458],[-99.39522872245959,24.346722344136364],[-99.38180876384592,24.377005706488156],[-99.38197675041333,24.435442190398966],[-99.36877060598553,24.458061344485728],[-99.3592742939942,24.461212349653994],[-99.35680670481769,24.46078371029758],[-99.33582507029654,24.394880677175717],[-99.31492881228175,24.38684607540912],[-99.30736064881997,24.36177258013272],[-99.31702253722663,24.325941351431165],[-99.29688982142073,24.320404406274598],[-99.29030061520376,24.320804232924072],[-99.2730631418327,24.325590364622826],[-99.20074424504026,24.292489745842104],[-99.22288781216658,24.270074051704995],[-99.215515074292,24.246899263461795],[-99.230092984864,24.195924508681852],[-99.25671057197566,24.190355050283348],[-99.2604033309046,24.193081052707512],[-99.26892759005726,24.19339453024253],[-99.29688111518936,24.166351409450993],[-99.30095054869753,24.16631875352671],[-99.32348365879338,24.186313841775892],[-99.34698325525332,24.162897364043136],[-99.35034887120376,24.155514317464064],[-99.37170562607943,24.18344745303039],[-99.38001239245999,24.18808307581554],[-99.38876444630195,24.20343154783408],[-99.4001424877152,24.200067711599154],[-99.42696069659979,24.204468331919465],[-99.44097283913126,24.184041369989846]]],[[[-99.50218820465837,24.294161859691304],[-99.50599721279076,24.28661165905702],[-99.50855564013315,24.28517498949691],[-99.5358841459378,24.305589437483412],[-99.54917863775313,24.30476160846543],[-99.56548563229856,24.316412905818975],[-99.53889225151649,24.350322211503713],[-99.52584519000851,24.31642649023132],[-99.51124131070819,24.32827653989841],[-99.50749161327794,24.326889667665913],[-99.4964424147528,24.31759186534113],[-99.50218820465837,24.294161859691304]]]]}},{"type":"Feature","properties":{"clues":"TSIMB000514"},"geometry":{"type":"Polygon","coordinates":[[[-99.23686233825369,23.3836314109357],[-99.26882353414985,23.383330486623297],[-99.30218440541773,23.441111635207083],[-99.31838616433404,23.446721351277112],[-99.3211105469275,23.454706494073186],[-99.32610073082125,23.461503752081338],[-99.347650914669,23.459562525694693],[-99.35070514669604,23.4619378373436],[-99.34773424388601,23.489602058325815],[-99.33019301553036,23.490963737689317],[-99.27269592329527,23.532080754179514],[-99.24854829857027,23.502728475125473],[-99.19507950056204,23.47101077897373],[-99.20991683655426,23.410443537957796],[-99.23686233825369,23.3836314109357]]]}},{"type":"Feature","properties":{"clues":"TSIMS001570"},"geometry":{"type":"MultiPolygon","coordinates":[[[[-99.11560189473319,23.734437192299783],[-99.11746109698537,23.73122263001245],[-99.12421656880635,23.732811908929662],[-99.12395539019029,23.740203049247114],[-99.12086565570718,23.743381968382376],[-99.11560189473319,23.734437192299783]]],[[[-99.1342380968438,23.740531749155284],[-99.13165218701089,23.740088382445556],[-99.12987753325838,23.735984928671094],[-99.13151262938304,23.732843637312083],[-99.13661046530927,23.733261870141654],[-99.13787398313288,23.73589395527457],[-99.14401518528871,23.736936139097253],[-99.145464691561,23.742251207792656],[-99.14346854776535,23.743143685349718],[-99.1365548630213,23.738954170662616],[-99.1342380968438,23.740531749155284]]]]}},{"type":"Feature","properties":{"clues":"PLIMB004464"},"geometry":{"type":"Polygon","coordinates":[[[-97.92772241598497,18.597982227892945],[-97.9613216931003,18.605015802539015],[-97.96092976683634,18.60751454938069],[-97.97540348996833,18.635263341486684],[-97.98280020880769,18.63980120162738],[-97.98056367442493,18.651506913575176],[-97.96489595873943,18.654902048364125],[-97.96233584885054,18.658385021230654],[-97.98332998448436,18.677557011388533],[-97.98172023277536,18.67929218641867],[-97.98245854705893,18.700363451084268],[-97.96892670951308,18.710236085017495],[-97.95657216267692,18.729199435550687],[-97.96778334388775,18.75620997491431],[-97.95645633175234,18.766780076706418],[-97.94789749362835,18.785909940388454],[-97.93684583911052,18.786775908409638],[-97.92755120584201,18.786251846293204],[-97.9093482383335,18.77652836669802],[-97.9017326515327,18.76839240048814],[-97.89765162688875,18.760306627201793],[-97.89688525157153,18.75432943520387],[-97.88815481573117,18.748045091593962],[-97.89134400590885,18.723516689715936],[-97.89002863660806,18.712152120098896],[-97.86370926303151,18.705128584999493],[-97.8593488563848,18.706278000848133],[-97.8369649328387,18.69318146140167],[-97.82312339533394,18.688000700660485],[-97.81535269497284,18.673595234811685],[-97.80853107374388,18.669539496774764],[-97.79670566289442,18.654709907730776],[-97.792651296438,18.643194092211125],[-97.7934608657254,18.595976096191603],[-97.80244209338595,18.59113705987457],[-97.81569154439717,18.588317917266426],[-97.84909711923149,18.601221913329752],[-97.89234559756743,18.63191444503824],[-97.92772241598497,18.597982227892945]]]}},{"type":"Feature","properties":{"clues":"OCIMS004645"},"geometry":{"type":"Polygon","coordinates":[[[-97.76456677133149,16.98282235794701],[-97.76696049453702,17.00108925209664],[-97.77179175830608,17.003864109387308],[-97.77136279341835,17.014641822598794],[-97.76650421691964,17.01784963175351],[-97.76554098406966,17.02566620651535],[-97.75718468669442,17.027469989606683],[-97.75421959974645,17.024772987644223],[-97.74091907849773,17.02431506749513],[-97.73548999853708,17.021822056147812],[-97.72929032077953,17.022428117599073],[-97.71920823620408,17.008766623904506],[-97.72791941057048,16.99476212299849],[-97.71937702241438,16.975957921403438],[-97.73725802001142,16.972909900263023],[-97.73933129001578,16.974537995427273],[-97.74448248047219,16.988770322513297],[-97.74769529267142,16.988891812649562],[-97.76456677133149,16.98282235794701]]]}},{"type":"Feature","properties":{"clues":"OCIMB009602"},"geometry":{"type":"Polygon","coordinates":[[[-97.53784155520239,16.3809465686357],[-97.55339606091482,16.39228187833131],[-97.54788782160983,16.407022775290244],[-97.56099149054552,16.41412228422107],[-97.56487026924013,16.4116716267455],[-97.58553276116523,16.41551300452918],[-97.60752929826761,16.41270761733773],[-97.61138706032834,16.45292577696982],[-97.59838658017732,16.459293770139737],[-97.58726228720259,16.460187393261148],[-97.56478820534628,16.472551933769378],[-97.55470261261638,16.474531293109894],[-97.54966158526528,16.48047408421945],[-97.53197291828486,16.49228677677717],[-97.50704893287687,16.48421935725467],[-97.50389232961429,16.472439102835505],[-97.47443898234333,16.450794632963145],[-97.46994517178545,16.435719518252114],[-97.48021160618853,16.424004659441973],[-97.50675623647827,16.419153946155],[-97.5108286729531,16.411816643181975],[-97.53526250624559,16.404467343610875],[-97.53784155520239,16.3809465686357]]]}},{"type":"Feature","properties":{"clues":"OCIMS003641"},"geometry":{"type":"Polygon","coordinates":[[[-97.46994517178545,16.435719518252114],[-97.45529117235664,16.434051558560494],[-97.44779905945406,16.43555993024737],[-97.41083452977196,16.459401658194015],[-97.40799849710848,16.4631531363354],[-97.39576286670228,16.464897178979644],[-97.35515774054757,16.451164739444838],[-97.3508014397124,16.399875053275192],[-97.36127315188075,16.375844694207238],[-97.36455992161939,16.373553651943343],[-97.3957334414228,16.377982107761916],[-97.428158659381,16.37103594554363],[-97.46216000111106,16.353481848717358],[-97.47062145059863,16.3447149051028],[-97.48288670852088,16.348836353567638],[-97.51064602362952,16.37898562047964],[-97.5368207396201,16.378902114562198],[-97.53784155520239,16.3809465686357],[-97.53526250624559,16.404467343610875],[-97.5108286729531,16.411816643181975],[-97.50675623647827,16.419153946155],[-97.48021160618853,16.424004659441973],[-97.46994517178545,16.435719518252114]]]}},{"type":"Feature","properties":{"clues":"OCIMB005146"},"geometry":{"type":"Polygon","coordinates":[[[-97.35092084393473,17.234907777955335],[-97.3549394455877,17.216647486451286],[-97.36638709162861,17.20801403756505],[-97.39674300537826,17.220473476160183],[-97.41207595292978,17.219743049009303],[-97.41979042303518,17.22108288715331],[-97.42067661713477,17.244754054493256],[-97.41959530059124,17.256632864341015],[-97.43246908723088,17.29040176404422],[-97.42668349326482,17.303477389499967],[-97.4015413592866,17.300556263274483],[-97.37054418584687,17.264283318510408],[-97.3716129701159,17.253751672965596],[-97.35092084393473,17.234907777955335]]]}},{"type":"Feature","properties":{"clues":"OCIMB004760"},"geometry":{"type":"Polygon","coordinates":[[[-97.3899705156489,17.840937068269586],[-97.38597609510177,17.829262938321023],[-97.3972906805838,17.82069633115929],[-97.42166990442851,17.82276525624289],[-97.43122007400908,17.82512632284332],[-97.43125812188984,17.83686225303061],[-97.43448067134709,17.840953398688015],[-97.43012693211168,17.850968038401565],[-97.41996902645982,17.86103520775884],[-97.40216382021653,17.846941629941764],[-97.3899705156489,17.840937068269586]]]}},{"type":"Feature","properties":{"clues":"PLIMB002521"},"geometry":{"type":"Polygon","coordinates":[[[-97.40668418569966,18.452532659110418],[-97.40740412018376,18.45950628256479],[-97.40981258801517,18.461813589454863],[-97.41328292828827,18.457768004972458],[-97.41640112571432,18.46183259711395],[-97.41162414846866,18.46604034798455],[-97.41538541482912,18.472131305631756],[-97.41144882635372,18.476727965025432],[-97.40720933155805,18.475134893419725],[-97.40187165487364,18.477252940761208],[-97.40948463924157,18.483864793945354],[-97.40485026563924,18.486606261034037],[-97.40239662851135,18.48641551361131],[-97.39913071068644,18.49009796852614],[-97.39234765142072,18.488190596875473],[-97.3903248625305,18.49707806364331],[-97.39055448356558,18.509469290143123],[-97.3789237759402,18.529194120859064],[-97.37955647482833,18.535153023634578],[-97.35124266690603,18.549634344827886],[-97.3338182918885,18.513572776860926],[-97.31808773540608,18.50075017994196],[-97.32369567492705,18.47801553194916],[-97.33186157031855,18.466611409577514],[-97.34213901858752,18.463600987990276],[-97.36035936274982,18.453267003426756],[-97.36607228640915,18.452877732861303],[-97.37324141970682,18.44628512802638],[-97.37528969217774,18.44334368452776],[-97.37538979599036,18.435203213309467],[-97.37821185794581,18.431849689607557],[-97.37204517369705,18.42625884937731],[-97.37254079858413,18.424468700941308],[-97.37854025346834,18.42179793747483],[-97.38194329130482,18.430483973793905],[-97.38979672258293,18.434919573599398],[-97.39228669387448,18.439119878208505],[-97.39568447960532,18.44132132599615],[-97.40341105433997,18.438300527662292],[-97.40522696914861,18.442415058695083],[-97.40458881536077,18.44553111118425],[-97.40951894029371,18.44832253956266],[-97.40668418569966,18.452532659110418]]]}},{"type":"Feature","properties":{"clues":"OCIMB005525"},"geometry":{"type":"Polygon","coordinates":[[[-97.24199392280748,16.071821996943232],[-97.22533071883161,16.091493022280698],[-97.22252560085653,16.092667929275688],[-97.19471929858783,16.083226263144148],[-97.19495028433951,16.08190919640027],[-97.17843640373292,16.065494082538013],[-97.17488864777577,16.043833666317884],[-97.20144122126028,16.044128868305403],[-97.20908486399101,16.034184860727],[-97.21884669630145,16.028811085002886],[-97.23679500686016,16.007564650517295],[-97.24845629252444,16.00858637910598],[-97.26020142908399,16.032660950895252],[-97.26270535051428,16.04631170660985],[-97.27371813537266,16.050908237690976],[-97.27742682392707,16.057186479960965],[-97.2804139572929,16.072783092433408],[-97.27723107957304,16.07845476764889],[-97.24694285630497,16.07536562226364],[-97.24199392280748,16.071821996943232]]]}},{"type":"Feature","properties":{"clues":"OCIMS003496"},"geometry":{"type":"Polygon","coordinates":[[[-97.19355570567909,16.20797361578017],[-97.21289200234713,16.206411674043085],[-97.21822273957999,16.209374892859284],[-97.23013304656786,16.212399526220814],[-97.24408511331264,16.262925724444724],[-97.2691888999994,16.2675822180292],[-97.28380846506835,16.27997458707728],[-97.25342135876527,16.332070767752747],[-97.22820009382808,16.339782465529645],[-97.2185699911631,16.336438825607264],[-97.20920041804433,16.33572437009238],[-97.17910944148238,16.311653043287503],[-97.17420479338179,16.296180830193453],[-97.17144386274208,16.29330079548266],[-97.16259617031767,16.289240874192437],[-97.13145810570747,16.26886991431643],[-97.1142035050982,16.26142251654209],[-97.11200560436858,16.25800278932694],[-97.14123848168623,16.23986017293067],[-97.14496280000668,16.234421404234105],[-97.1598035846632,16.243097937328677],[-97.16868224566224,16.24330486453046],[-97.17512749430057,16.229626078934594],[-97.18723294766598,16.21169774553563],[-97.19355570567909,16.20797361578017]]]}},{"type":"Feature","properties":{"clues":"OCIMB006295"},"geometry":{"type":"Polygon","coordinates":[[[-97.23370229276037,17.505719514597693],[-97.23886610881112,17.493783647793933],[-97.24760958507412,17.48971289035408],[-97.27431514007533,17.48677278312202],[-97.27870643506753,17.49174398846473],[-97.28393020760502,17.494152216781004],[-97.28796857011727,17.509016516023852],[-97.27630015640827,17.518597944336047],[-97.24732844748698,17.524630871672382],[-97.23370229276037,17.505719514597693]]]}},{"type":"Feature","properties":{"clues":"OCIMB007806"},"geometry":{"type":"Polygon","coordinates":[[[-96.99371918606478,16.472801499546577],[-97.01014452266504,16.49030682663035],[-97.02673165502365,16.490252238646345],[-97.03330956899522,16.492994743520853],[-97.04916817816564,16.518529934149857],[-97.0347443431583,16.530774165546873],[-97.02889317238235,16.54395764884799],[-97.02195850460208,16.548903220029093],[-97.00596709021043,16.550772079781794],[-97.00274011894258,16.546117173019464],[-96.9895302240481,16.542088052249238],[-96.985985933157,16.545447031294465],[-96.97791545494088,16.544278642036513],[-96.97431845536153,16.553934798883574],[-96.975004490147,16.55575860634765],[-96.9861419978974,16.560887033748884],[-96.9734020648336,16.576909878363903],[-96.96342540953277,16.57121630943872],[-96.95283298284623,16.590215459184776],[-96.94247512092988,16.592923699890452],[-96.93723440016416,16.598013869985333],[-96.9139653255923,16.589704585391566],[-96.90824090689388,16.580735759664005],[-96.90329714671023,16.57695034403758],[-96.88414923319411,16.529916076406515],[-96.86730970745064,16.519785919175497],[-96.86126349917211,16.508723809783778],[-96.90228718832977,16.482470756454312],[-96.90927871940681,16.480629859814734],[-96.92033228685143,16.462136271696586],[-96.93359768614548,16.462823733530346],[-96.93993693971804,16.45891184866557],[-96.93800566620754,16.453172499128286],[-96.95622269267834,16.439500070667073],[-96.95637608765493,16.436235630736476],[-96.9662271815159,16.4275842818504],[-96.99368738402165,16.39527207557328],[-96.99858446947646,16.401286361821164],[-97.00890822395819,16.432585602454395],[-97.01335766859357,16.43500969794125],[-97.0210863481708,16.44807493953874],[-96.99371918606478,16.472801499546577]]]}},{"type":"Feature","properties":{"clues":"OCIMS001722"},"geometry":{"type":"Polygon","coordinates":[[[-96.94679725129672,17.29191704716259],[-96.95803369487408,17.30265785433746],[-96.97707377597078,17.309288564829846],[-96.98902421130164,17.32353035350477],[-96.98092176917413,17.380224024912835],[-96.97425874005202,17.38357596348163],[-96.97273382626972,17.38681248568165],[-96.97143717047898,17.421210215799192],[-96.89788620327309,17.432543107691053],[-96.88533625050859,17.439784259104115],[-96.8783268615437,17.449974716189377],[-96.87600151917619,17.449187555842173],[-96.87134112723669,17.442848934780294],[-96.84496564790103,17.391206579115394],[-96.87770486262964,17.357319848187085],[-96.87798010888379,17.355548121149923],[-96.90100720919884,17.341562229106284],[-96.91920443899699,17.348317928917144],[-96.92679245643914,17.34767937821892],[-96.93320521726693,17.34009798200893],[-96.93412583230177,17.329655587260987],[-96.92132456190538,17.314513135694153],[-96.92359852335743,17.31097276695933],[-96.93614232897276,17.303047216247414],[-96.94679725129672,17.29191704716259]]]}},{"type":"Feature","properties":{"clues":"VZIMB006863"},"geometry":{"type":"MultiPolygon","coordinates":[[[[-96.99518186129389,18.687556744730987],[-97.01638252016336,18.69037607969607],[-97.02088694771501,18.706051161077028],[-97.01358891370431,18.711461825873663],[-97.0013296619015,18.708818263608613],[-97.00234555756639,18.701045290046782],[-97.00116274265368,18.697413135831425],[-96.99457619686721,18.697626313379498],[-96.99382865899499,18.706103753592682],[-96.98626489224506,18.71057481218515],[-96.9834267681329,18.708358950273066],[-96.98337451797613,18.69198420121923],[-96.97952589124145,18.686914310355426],[-96.98716282207698,18.678718851882977],[-96.98244023700776,18.667699974390327],[-96.98390825982446,18.666032592787737],[-96.99097995115943,18.66966368534668],[-96.99169767197992,18.674719677833465],[-97.0013873935264,18.676856796922223],[-96.99568713877687,18.68264712965776],[-96.99518186129389,18.687556744730987]]],[[[-96.95758656956356,18.664265128434987],[-96.96666685754877,18.66019515177906],[-96.9749765415606,18.671002521762848],[-96.97856661215312,18.686375586597627],[-96.97034425507664,18.686798840130287],[-96.96558671246055,18.703589823102217],[-96.96378646831664,18.704701696944063],[-96.95670260456096,18.69746752651716],[-96.9570266864824,18.684881148061034],[-96.95050595635476,18.68582154016423],[-96.93715279972334,18.691249890924087],[-96.93451031402145,18.687532477285586],[-96.93759336980204,18.676878059937803],[-96.9462444363854,18.6725308258551],[-96.94990426988933,18.66214105840851],[-96.95758656956356,18.664265128434987]]]]}},{"type":"Feature","properties":{"clues":"OCIMB001721"},"geometry":{"type":"MultiPolygon","coordinates":[[[[-96.94312156744738,18.135142345512012],[-96.96140275976855,18.132698454494406],[-96.97042384692547,18.128564234880166],[-96.97201960291632,18.12963649349336],[-96.98031178718995,18.141269252558654],[-96.97363417550908,18.157571198148784],[-96.96992914176022,18.1591202434149],[-96.95916108319713,18.15534112724878],[-96.95618466803478,18.149183677051774],[-96.94081331466539,18.14904812955517],[-96.94312156744738,18.135142345512012]]],[[[-96.91940355611925,18.176994063129587],[-96.89182711762743,18.17154607996925],[-96.88960763666918,18.168728577746485],[-96.90076072122022,18.157880467337208],[-96.90759264323077,18.160094410343724],[-96.91975593220234,18.154458136698],[-96.92405198983136,18.150447491388157],[-96.94067026463172,18.14931373000497],[-96.94393967129552,18.159231462095434],[-96.93923213312176,18.171287997379615],[-96.94251966733538,18.180463282727494],[-96.92730334158182,18.19612383994072],[-96.9217101570982,18.193677741775502],[-96.91940355611925,18.176994063129587]]]]}},{"type":"Feature","properties":{"clues":"PLIMS000801"},"geometry":{"type":"Polygon","coordinates":[[[-96.9205409437509,18.460773400688364],[-96.91620537436673,18.44814403648711],[-96.92254471569511,18.4336458286498],[-96.94114244871118,18.430599540493507],[-96.9454675470891,18.42684477727092],[-96.96483172934866,18.464840753209824],[-96.96283572595016,18.470686827713607],[-96.94007131081239,18.48459133481356],[-96.93282193450307,18.491685399467222],[-96.92724410212138,18.489403847899975],[-96.92093404589032,18.469735849444657],[-96.92342941898949,18.46463957268047],[-96.9205409437509,18.460773400688364]]]}},{"type":"Feature","properties":{"clues":"PLIMB005881"},"geometry":{"type":"Polygon","coordinates":[[[-96.84674271377813,18.299436245331734],[-96.86100127126278,18.29548270838048],[-96.85530936426078,18.32103367265068],[-96.85784365584223,18.327170582225516],[-96.8661698546213,18.32934356150858],[-96.88982796472789,18.324140165597804],[-96.889352752874,18.35170329470204],[-96.8840587866614,18.363365073108223],[-96.8739351256197,18.371646290772357],[-96.86040521690215,18.358606844442285],[-96.84210213131196,18.37162667858138],[-96.83938716231734,18.377967911346502],[-96.82684178422143,18.389793242966096],[-96.81689334409984,18.390022894118175],[-96.80578891970046,18.385348427979693],[-96.79906693886112,18.380305539599604],[-96.80312153648359,18.359896385598965],[-96.80727884642455,18.350612017606306],[-96.80751102405523,18.345417013389948],[-96.81564709097752,18.330019543153973],[-96.82390429822583,18.323620858087764],[-96.82614303819615,18.324091940115366],[-96.83375635402281,18.309626583653955],[-96.84140994556542,18.308241200243373],[-96.84691217650933,18.309256121770296],[-96.84674271377813,18.299436245331734]]]}},{"type":"Feature","properties":{"clues":"OCIMB001890"},"geometry":{"type":"Polygon","coordinates":[[[-96.77233547095112,17.395970455327607],[-96.78904914415293,17.357292834143788],[-96.78780029911914,17.34583001050311],[-96.83362266038387,17.31573190740996],[-96.87798010888379,17.355548121149923],[-96.87770486262964,17.357319848187085],[-96.84496564790103,17.391206579115394],[-96.87134112723669,17.442848934780294],[-96.87600151917619,17.449187555842173],[-96.829186958418,17.463901789434885],[-96.76495651823694,17.472298015978385],[-96.77348931899687,17.41064874488564],[-96.77233547095112,17.395970455327607]]]}},{"type":"Feature","properties":{"clues":"OCIMB009165"},"geometry":{"type":"Polygon","coordinates":[[[-96.76861914186071,17.11247565765837],[-96.76294446639885,17.108970475436767],[-96.76553893900308,17.106297564231863],[-96.77065534365057,17.105529442415172],[-96.77192666993821,17.103693739729632],[-96.77658957333861,17.103835501700054],[-96.7828007506143,17.112528699886962],[-96.78153519567589,17.119946768415797],[-96.77788106245202,17.121253824310216],[-96.7749999608694,17.12002641183378],[-96.77307769849251,17.110675685726164],[-96.76861914186071,17.11247565765837]]]}},{"type":"Feature","properties":{"clues":"OCIMB000234"},"geometry":{"type":"Polygon","coordinates":[[[-96.75443111865108,16.88229776571167],[-96.7666461633512,16.8733006179957],[-96.77153865092988,16.878675790144406],[-96.77243831873884,16.889192903018852],[-96.77843892448398,16.892904101113075],[-96.79279280391366,16.896390178203855],[-96.79806557353393,16.900090136008668],[-96.77671165331381,16.908644357051525],[-96.76494755365347,16.91078956970059],[-96.75181866957294,16.909093180955285],[-96.75231602017413,16.89199852489437],[-96.75443111865108,16.88229776571167]]]}},{"type":"Feature","properties":{"clues":"OCIMS000696"},"geometry":{"type":"Polygon","coordinates":[[[-96.74960713235392,17.975649828527693],[-96.75943570509332,17.986391514477308],[-96.76481725671191,17.98623381243418],[-96.77827408222917,17.994818576490918],[-96.78239553474891,18.003232605992796],[-96.78421348274364,18.015042302794733],[-96.77827503659047,18.016107202832057],[-96.7499068814679,18.027449551128957],[-96.73650291660063,18.019272471309424],[-96.722520071712,18.016394339861947],[-96.71332832036113,18.012477176480576],[-96.72618699698702,17.980243315229618],[-96.74960713235392,17.975649828527693]]]}},{"type":"Feature","properties":{"clues":"OCIMB002870"},"geometry":{"type":"Polygon","coordinates":[[[-96.74312580179992,16.57603680537574],[-96.7463515281069,16.57259229122925],[-96.76247274560129,16.57852173291484],[-96.77439506574143,16.57662818936841],[-96.7778497468781,16.58472023891144],[-96.7635053708813,16.605355088729766],[-96.76201420592652,16.611779504138624],[-96.76378084050492,16.622011631491517],[-96.74086332911378,16.628030303767577],[-96.73279188185313,16.622663727176167],[-96.69666899147289,16.63425549300676],[-96.68291393276564,16.634536419650736],[-96.67722629751705,16.629912831108072],[-96.65157960400168,16.619171929105303],[-96.66020581855368,16.593404334951597],[-96.67313015887288,16.584122989138418],[-96.70636164997248,16.579338407801778],[-96.70789197255935,16.577120745342345],[-96.7213847428296,16.570349351755087],[-96.72500947344417,16.571715865660355],[-96.73138258740053,16.569541261697882],[-96.73265733423621,16.571699520780346],[-96.74312580179992,16.57603680537574]]]}},{"type":"Feature","properties":{"clues":"OCIMB001342"},"geometry":{"type":"Polygon","coordinates":[[[-96.73242263305168,16.901205456304982],[-96.74697921089229,16.913677964999327],[-96.74539042826555,16.920854062106304],[-96.75066512601838,16.927025233703116],[-96.74823799536556,16.942091274839523],[-96.73803591173409,16.941831941837314],[-96.73580269969631,16.940210644903157],[-96.73574289299341,16.93148153982608],[-96.72473840962716,16.930298254698585],[-96.72258170395364,16.92882895221426],[-96.7206586238701,16.92287673232884],[-96.71255054276324,16.916994735741966],[-96.7109871398963,16.90824451146486],[-96.70727950191669,16.91046324477679],[-96.69163801687792,16.898830554544535],[-96.69157051616125,16.8960487100771],[-96.69953638224484,16.890090195112663],[-96.71237770578621,16.88890362230115],[-96.72106492705265,16.88317681342178],[-96.7247561958418,16.886277155452273],[-96.73242263305168,16.901205456304982]]]}},{"type":"Feature","properties":{"clues":"OCIMB007560"},"geometry":{"type":"Polygon","coordinates":[[[-96.70068700226768,17.107492240450092],[-96.70585106525327,17.0994660489209],[-96.7095694236393,17.098866490742285],[-96.71119997212519,17.096633951862028],[-96.71734925648424,17.099028066100946],[-96.71892769573323,17.10316012578262],[-96.72276881613075,17.104777833733284],[-96.72224916355205,17.108015177523],[-96.72414217059993,17.112177676247313],[-96.71956573718849,17.117714764972874],[-96.72216621593452,17.13467920716127],[-96.7200378734255,17.13939234251572],[-96.70295401153874,17.156875247446823],[-96.68804663154278,17.16849899129735],[-96.70437107862813,17.116794409057707],[-96.70068700226768,17.107492240450092]]]}},{"type":"Feature","properties":{"clues":"OCIMS004901"},"geometry":{"type":"Polygon","coordinates":[[[-96.7106233369663,15.82711773281695],[-96.703473670182,15.841421440973098],[-96.71328944734717,15.856706752360585],[-96.69382124868062,15.853209726119532],[-96.69179510268329,15.869453001565798],[-96.67707334755951,15.869772468006396],[-96.67361157407316,15.883463205727155],[-96.661559000063,15.88894046064928],[-96.64689695528071,15.878457753898992],[-96.64722887113102,15.865735147294838],[-96.62619314454543,15.853048249662866],[-96.62227000398178,15.85964226388553],[-96.60881525367176,15.871337005859354],[-96.60438792564017,15.87243888487786],[-96.59085286872048,15.862774106071669],[-96.59239362163156,15.852407522607354],[-96.60843285404718,15.840439533065172],[-96.62534623671081,15.849760602849015],[-96.6469316535105,15.838732551713404],[-96.64606577407574,15.818405344256629],[-96.65614610604116,15.815445694650935],[-96.65835318602366,15.812981520104465],[-96.65424788259389,15.787947466077453],[-96.65644186861263,15.782822596298638],[-96.66244080053244,15.78227416499813],[-96.680557698852,15.768131231257744],[-96.69528662889867,15.775061104649556],[-96.70050783418289,15.7831347073029],[-96.69652319567275,15.797551547303671],[-96.70653475170383,15.806534066751572],[-96.71297159158482,15.825788465935677],[-96.7106233369663,15.82711773281695]]]}},{"type":"Feature","properties":{"clues":"OCIMB001716"},"geometry":{"type":"Polygon","coordinates":[[[-96.59954659327036,16.656948004540208],[-96.61553559883275,16.687133269062468],[-96.62925146481061,16.6988377249399],[-96.62985789290694,16.70273124060587],[-96.62317604433558,16.723468928367843],[-96.6248228418481,16.728987922917852],[-96.61597263346333,16.743974442870854],[-96.60221591453636,16.752664260176736],[-96.58967957109796,16.739826088177193],[-96.56500130591438,16.732117108957155],[-96.56184129537422,16.723450676916354],[-96.51453822170193,16.73239897848101],[-96.50589024134172,16.72255720754808],[-96.5041108233331,16.70466397210445],[-96.5259822260912,16.700450517120014],[-96.55201887285187,16.700673375350796],[-96.55543134234799,16.702561374663613],[-96.58441641130192,16.67860434169177],[-96.59954659327036,16.656948004540208]]]}},{"type":"Feature","properties":{"clues":"OCIMB003034"},"geometry":{"type":"Polygon","coordinates":[[[-96.53714454169474,16.040341865506203],[-96.54452177855836,16.057545318883513],[-96.55259151212887,16.05965748200521],[-96.55761676233101,16.065157799571967],[-96.5753634112453,16.093356829302547],[-96.60825636826644,16.106175454284013],[-96.60819013938638,16.108258915806765],[-96.58488514111717,16.124353454356456],[-96.59042777003593,16.14070565758446],[-96.58116063565559,16.154770872928616],[-96.57422926025434,16.16252132115044],[-96.55235490660452,16.134363874226036],[-96.52963865881931,16.151589068002544],[-96.51914991556899,16.145905346874347],[-96.50822266163468,16.15872132120612],[-96.49869524695558,16.160474034089113],[-96.49004093937934,16.151136190309348],[-96.47934812526094,16.15315006767158],[-96.47345573027773,16.14753527556539],[-96.47408688964926,16.14172748704316],[-96.46818210963569,16.13658509753336],[-96.46109846919624,16.12226736355724],[-96.43954360976228,16.12108711525206],[-96.43574414799915,16.109319314099597],[-96.45383980547453,16.095215627747983],[-96.45409280789208,16.08979971215036],[-96.45126187491485,16.085705411821724],[-96.43379427339529,16.078555646604585],[-96.42976036526365,16.065856268831027],[-96.42301247600471,16.064226132787635],[-96.41646115802527,16.05091595318687],[-96.41375635775002,16.037529988808597],[-96.41612662716408,16.03039371789229],[-96.43349478252293,16.021750995410024],[-96.44275833102776,16.034932218501485],[-96.4463873072112,16.038008956818445],[-96.44432809928327,16.05282375547036],[-96.45790792288668,16.060877607964674],[-96.46989554065658,16.058408297159204],[-96.47853439471315,16.062647554674577],[-96.48823466084546,16.059430813110783],[-96.49176948252637,16.0504110104955],[-96.4904877132835,16.02803615879317],[-96.49165836360697,16.02673389943536],[-96.50251579707789,16.0278734916451],[-96.50980087651294,16.02645599290857],[-96.51592532740187,16.02773096295486],[-96.53714454169474,16.040341865506203]]]}},{"type":"Feature","properties":{"clues":"OCIMS000836"},"geometry":{"type":"Polygon","coordinates":[[[-96.29897151491423,17.469417055558004],[-96.32252147141193,17.4634090659493],[-96.3384348079619,17.449684647565558],[-96.3640126988766,17.448657780853257],[-96.40602253842661,17.46191886516549],[-96.44062479140347,17.460770600012072],[-96.44930351930637,17.47420588918234],[-96.44537513064995,17.557075525160496],[-96.40074048960797,17.580059036135992],[-96.34344343031252,17.573078335980124],[-96.31102161291797,17.585403611184706],[-96.29537919630728,17.586858085596724],[-96.2654354400076,17.508699237203963],[-96.27462365616836,17.49259715857019],[-96.2788190024239,17.49047620532487],[-96.29897151491423,17.469417055558004]]]}},{"type":"Feature","properties":{"clues":"OCIMB000835"},"geometry":{"type":"Polygon","coordinates":[[[-96.43642330511898,17.305194613185293],[-96.40813797921453,17.329755822357253],[-96.42800962063279,17.295480892799542],[-96.43968838140127,17.295208979326908],[-96.43642330511898,17.305194613185293]]]}},{"type":"Feature","properties":{"clues":"OCIMB001412"},"geometry":{"type":"Polygon","coordinates":[[[-96.11794454705247,16.271868210594793],[-96.15463962352668,16.24030511696696],[-96.17950942343953,16.25973101508425],[-96.20129124388956,16.267780599461712],[-96.2198969180394,16.32256143784257],[-96.20418446799383,16.349797633592175],[-96.16079935102977,16.36987673896802],[-96.14893122414259,16.394183385849615],[-96.13002845812882,16.385920892311844],[-96.0530135625234,16.42519921363892],[-96.04495527640945,16.422941344985873],[-96.05499073440319,16.347591526587287],[-96.08717083679159,16.33736426430564],[-96.11794454705247,16.271868210594793]]]}},{"type":"Feature","properties":{"clues":"OCIMB008231"},"geometry":{"type":"Polygon","coordinates":[[[-96.20991920306692,16.11933843562531],[-96.144175596066,16.113995672675944],[-96.14594266923807,16.096025978368818],[-96.17784344413198,16.082543981778606],[-96.2053677251099,16.084737586315132],[-96.20991920306692,16.11933843562531]]]}},{"type":"Feature","properties":{"clues":"VZIMS006152"},"geometry":{"type":"Polygon","coordinates":[[[-96.11462102124734,18.38508175889645],[-96.13103196445347,18.384508036911747],[-96.13768173630869,18.38733863457683],[-96.1463212447489,18.401390274309282],[-96.13904658058668,18.41040175645129],[-96.13686275973765,18.421255167444343],[-96.13759875298847,18.426280744536427],[-96.12161307509832,18.447160848810203],[-96.11459028139258,18.44991928277013],[-96.08911932298166,18.444088736893328],[-96.08258573236704,18.43533295046627],[-96.08187946163966,18.420206306181104],[-96.0980307681247,18.41412642225384],[-96.10420613448376,18.39843443395124],[-96.11199846996183,18.392098275194652],[-96.11462102124734,18.38508175889645]]]}},{"type":"Feature","properties":{"clues":"OCIMB004813"},"geometry":{"type":"Polygon","coordinates":[[[-96.11957327209285,17.669860822138947],[-96.11455244808043,17.684037360351535],[-96.1060649677153,17.70059257435742],[-96.05722082581559,17.712878652193808],[-96.05045397235364,17.71165530349173],[-96.0707826437189,17.62233434015788],[-96.08405934937534,17.627708868088433],[-96.1133321911637,17.63424550407731],[-96.1182371165824,17.640719551582038],[-96.11957327209285,17.669860822138947]]]}},{"type":"Feature","properties":{"clues":"VZIMB006945"},"geometry":{"type":"Polygon","coordinates":[[[-95.55471438807626,18.52982786529252],[-95.55964565069999,18.522181505167563],[-95.57213070122157,18.533018638664593],[-95.57978296999327,18.525977239731645],[-95.58960981428733,18.527370748260225],[-95.5922864509775,18.530729974484533],[-95.59751962385819,18.531971617298556],[-95.61738521000254,18.52707784300005],[-95.6254242043281,18.528867618189746],[-95.64228151594065,18.54757678646262],[-95.6179937609902,18.572460748576272],[-95.62985937191651,18.584750553825703],[-95.63033335270481,18.586873931066847],[-95.61395659452317,18.626014362978207],[-95.57933688145646,18.621889650394362],[-95.57675904628911,18.610503903444133],[-95.56014698781351,18.60391105834296],[-95.55477700595759,18.603586998828376],[-95.55018083791549,18.6067006369711],[-95.52252184982402,18.601642334786135],[-95.51072024386599,18.59637599775562],[-95.51609327616539,18.57811875068092],[-95.53432644480812,18.56627406501927],[-95.53460063137516,18.557914134054197],[-95.53159303122526,18.553970666095267],[-95.53022757048487,18.542091115372955],[-95.52657365792133,18.5354453347994],[-95.53385886709007,18.519049728999512],[-95.53620999633428,18.51935314522803],[-95.54971651690315,18.528904321423536],[-95.55471438807626,18.52982786529252]]]}},{"type":"Feature","properties":{"clues":"VZIMS005061"},"geometry":{"type":"Polygon","coordinates":[[[-95.27848685885527,18.29058821570941],[-95.29660096415313,18.271997367825122],[-95.31183619014327,18.30007960075109],[-95.3098251115679,18.305763093368167],[-95.3100341357963,18.31557830284219],[-95.31307566033726,18.3263285525701],[-95.2890446768767,18.34581209777478],[-95.28193046175566,18.343166339034],[-95.27800487880918,18.328497222253798],[-95.27140128487834,18.317791124571897],[-95.2795320072417,18.30484079848365],[-95.27848685885527,18.29058821570941]]]}},{"type":"Feature","properties":{"clues":"VZIMS005056"},"geometry":{"type":"Polygon","coordinates":[[[-95.31000393398226,18.67188580928628],[-95.30467483955852,18.677782869079493],[-95.31056323856181,18.69319951343972],[-95.32058772283558,18.700008777660308],[-95.32621253337138,18.71256041885664],[-95.29297234987376,18.71374151922183],[-95.2893463195644,18.714835119762775],[-95.28813834967397,18.71665222979653],[-95.28503670329458,18.71346674354729],[-95.27496602979706,18.709007030553387],[-95.25898207756329,18.705231154333063],[-95.25758233720538,18.692736306948497],[-95.24831043891267,18.685814497517992],[-95.23144906239594,18.686999775270962],[-95.22090922217147,18.679284216956844],[-95.20129215642503,18.68473520867138],[-95.19565308416195,18.68018998550424],[-95.17957620379214,18.662482586583195],[-95.17980906962087,18.660146866695086],[-95.22640105150174,18.654299167573534],[-95.22713491943769,18.652913502872885],[-95.22705985737201,18.64571024866938],[-95.22457420542025,18.636292343375434],[-95.2194920140198,18.63560150553555],[-95.19130921388968,18.621019136858397],[-95.20731036569651,18.602676894174927],[-95.21978281663645,18.573214562242406],[-95.24433023021395,18.60593152897047],[-95.2699780864833,18.599236522256852],[-95.28298284574932,18.611460912711717],[-95.29603460056774,18.61720945893816],[-95.29751415174395,18.617394074086793],[-95.30145823849001,18.61391985986984],[-95.3248714009953,18.619676747752347],[-95.32839485608989,18.644138226560237],[-95.316208323977,18.641298506421577],[-95.30529292778365,18.657286312824287],[-95.31000393398226,18.67188580928628]]]}},{"type":"Feature","properties":{"clues":"VZIMS003306"},"geometry":{"type":"Polygon","coordinates":[[[-95.20113901841212,18.19807340835737],[-95.23836301656817,18.20518865840476],[-95.24902279326182,18.215707264874585],[-95.24662421301895,18.231396258895757],[-95.237121821223,18.24120110990527],[-95.20072215062248,18.235796970328426],[-95.19236624909146,18.255417400706456],[-95.18919254424723,18.25961485705602],[-95.18915183842458,18.27186708436429],[-95.18440622596813,18.274708573331644],[-95.17807564640538,18.273643426458545],[-95.153849354964,18.27928304723104],[-95.14882897307184,18.28986519832583],[-95.12750300956358,18.283602712423246],[-95.11909091749226,18.272848704935928],[-95.14378406692279,18.252335770748953],[-95.15549731930996,18.231640232490165],[-95.15632280258072,18.221870845292628],[-95.16797762995908,18.211374603363353],[-95.18339529523394,18.201803614705707],[-95.20113901841212,18.19807340835737]]]}},{"type":"Feature","properties":{"clues":"VZIMB004005"},"geometry":{"type":"Polygon","coordinates":[[[-95.12618145190282,17.837302536687563],[-95.15269173627506,17.848261263009157],[-95.14306196536518,17.862818522634],[-95.15125171713231,17.89385949852125],[-95.1575949977776,17.891910530963056],[-95.16643371458268,17.885283910162734],[-95.17434570718372,17.8841803593958],[-95.1991310315747,17.90140893934463],[-95.19554653141111,17.921467604562928],[-95.18957808417741,17.938796487199443],[-95.17159390374766,17.942612054130066],[-95.16244210451046,17.948505240016278],[-95.15253478477902,17.937406625639298],[-95.1387084233562,17.93167835257196],[-95.1365008390868,17.93270259034268],[-95.12806972871924,17.931333160672114],[-95.12205501786482,17.933478071859835],[-95.10456521211188,17.924336017139574],[-95.09797963637675,17.922464509663417],[-95.08984884976458,17.912293179285662],[-95.09821839494083,17.900621022856985],[-95.09915434133653,17.897019568540383],[-95.08740314850691,17.902227317479237],[-95.08986456187466,17.873225513029936],[-95.09406064411965,17.871249647690682],[-95.09310830899156,17.862530414070353],[-95.11499083543448,17.83671843408311],[-95.12618145190282,17.837302536687563]]]}},{"type":"Feature","properties":{"clues":"OCIMS001500"},"geometry":{"type":"Polygon","coordinates":[[[-95.0996939731283,16.297127874426817],[-95.10572827854061,16.302001880914194],[-95.11120011400384,16.30427034702927],[-95.11215013741123,16.312336139819827],[-95.12574190417283,16.329381805289998],[-95.13100436697724,16.33882515360362],[-95.13080620531258,16.345381426648217],[-95.12170373327152,16.35182443540051],[-95.10978103705267,16.354882963124858],[-95.10317472333753,16.37305827788577],[-95.09313940926215,16.38512700304937],[-95.06956728464394,16.378956028803387],[-95.06764943650356,16.374254061280585],[-95.07426353397933,16.354198282743656],[-95.07617079201952,16.35261000214862],[-95.09597728489851,16.35000275843033],[-95.08384945984898,16.317824772914154],[-95.09615405373751,16.308880308017663],[-95.096274830667,16.30181359453075],[-95.0996939731283,16.297127874426817]]]}},{"type":"Feature","properties":{"clues":"OCIMS002183"},"geometry":{"type":"Polygon","coordinates":[[[-95.04226245974054,16.98443177884803],[-95.0648580990831,16.998458502883363],[-95.0694798701305,17.00390157108995],[-95.0377331492564,17.003883999454743],[-95.03460985046657,17.00725457041804],[-95.02102584097607,17.012131487912026],[-95.01968227599257,16.997278270753206],[-95.0245484132657,16.993397230814693],[-95.02633235893038,16.98804238072384],[-95.01805912906853,16.970954440684196],[-95.02765538042893,16.963474351115675],[-95.04122424286639,16.97717478876807],[-95.04226245974054,16.98443177884803]]]}},{"type":"Feature","properties":{"clues":"VZIMB002523"},"geometry":{"type":"Polygon","coordinates":[[[-94.87132402415855,17.45620428436036],[-94.87998408283205,17.460411412968067],[-94.88035903037468,17.462539004698375],[-94.87454277595971,17.49213833280477],[-94.87725428672678,17.5007489598729],[-94.8690172002833,17.50989955363368],[-94.834514340878,17.51207381290494],[-94.82843958976314,17.519010557988366],[-94.80379185476814,17.5176223365806],[-94.79695181372658,17.510291575425747],[-94.78999873928089,17.512980775799402],[-94.77280056002404,17.514376943502747],[-94.76151333584706,17.53184192757395],[-94.7433559377882,17.537032893788087],[-94.7390357541902,17.534796960014372],[-94.74257748767448,17.508552821022455],[-94.74551824133786,17.505878136236056],[-94.748345810841,17.484143495380604],[-94.76722673489812,17.48378942363779],[-94.76898200150187,17.4878910599666],[-94.79731512416791,17.496028649888796],[-94.80285327401965,17.491685412061297],[-94.82897530427749,17.4878496740252],[-94.83414166818505,17.507986570262513],[-94.85565467638641,17.484437509499237],[-94.83894011019288,17.4749282404299],[-94.8457268259535,17.463654507827584],[-94.84592836181673,17.44501229631749],[-94.85382162348064,17.435604785618473],[-94.87132402415855,17.45620428436036]]]}},{"type":"Feature","properties":{"clues":"VZIMS004006"},"geometry":{"type":"Polygon","coordinates":[[[-94.80952493417787,18.03543277669506],[-94.82008826926025,18.03315237676249],[-94.83635028883033,18.05607445859214],[-94.847253593159,18.048545573029845],[-94.86092846164087,18.04711446278276],[-94.87238593428135,18.054466126271947],[-94.86931567503967,18.068893011637485],[-94.86437554964184,18.074757941700216],[-94.8355321569777,18.071254521089603],[-94.82646070922135,18.090424430478738],[-94.828449434889,18.099744938261846],[-94.81492206538707,18.124949843672432],[-94.81059748406219,18.125375582888704],[-94.79707705077249,18.122668485302817],[-94.78850488670683,18.11860716843828],[-94.78340265387946,18.11221152566046],[-94.78143147559831,18.10076684736682],[-94.77948903162076,18.097633034807412],[-94.76327553751004,18.087254986597202],[-94.76018861234266,18.08005670218082],[-94.77725774454679,18.068179428783957],[-94.78243226008773,18.05453537806736],[-94.78562165479653,18.051893418208458],[-94.79277942529426,18.058122486492653],[-94.79646143596037,18.058753979734743],[-94.80445200095988,18.05383623657202],[-94.81102153339842,18.053098356964927],[-94.80820714436021,18.040331562643885],[-94.80952493417787,18.03543277669506]]]}},{"type":"Feature","properties":{"clues":"VZIMS003113"},"geometry":{"type":"Polygon","coordinates":[[[-94.64587610414254,17.200068405782876],[-94.6458466747702,17.214970151612555],[-94.63297690220871,17.242780161852505],[-94.63084070529543,17.24488173924599],[-94.63309298527952,17.26028529808093],[-94.61004837644754,17.277398373583996],[-94.63205585547992,17.297417169173478],[-94.64037196272524,17.296893926448423],[-94.66502626461842,17.274377630901167],[-94.68895426317235,17.272720912077506],[-94.68936894957393,17.31186141990262],[-94.71126609448643,17.33382669131776],[-94.69033078599797,17.366974719966862],[-94.67762716129486,17.369164280332665],[-94.64470367534584,17.381548085226363],[-94.640274503326,17.36548695209255],[-94.627350492194,17.34896043283748],[-94.60850927133629,17.34623455691752],[-94.58728515642439,17.34598793982961],[-94.58139897539695,17.340261845223765],[-94.58145954951853,17.323432126954216],[-94.56033383230961,17.299648264824313],[-94.57221632960074,17.284077317801785],[-94.58478879951633,17.278548651887732],[-94.57354393731639,17.247447899580454],[-94.5692896098103,17.240083402323172],[-94.55348738390357,17.243901078702972],[-94.54857317091482,17.2438962518847],[-94.5451403269127,17.241752285453483],[-94.5413253318441,17.227791263640643],[-94.5532478176547,17.190556631036433],[-94.5195046172272,17.200875488338887],[-94.49701999362443,17.141929282823842],[-94.48436595946072,17.004659771009372],[-94.56876821608388,17.096421716702018],[-94.57272564350991,17.175317385174065],[-94.58569922687715,17.194506513648484],[-94.60477047348634,17.203376474214057],[-94.64587610414254,17.200068405782876]]]}},{"type":"Feature","properties":{"clues":"VZIMB006414"},"geometry":{"type":"Polygon","coordinates":[[[-94.56033383230961,17.299648264824313],[-94.58145954951853,17.323432126954216],[-94.58139897539695,17.340261845223765],[-94.58728515642439,17.34598793982961],[-94.60850927133629,17.34623455691752],[-94.627350492194,17.34896043283748],[-94.640274503326,17.36548695209255],[-94.64470367534584,17.381548085226363],[-94.63925061137864,17.39944964982658],[-94.62324056340131,17.397304288128126],[-94.56342552454534,17.41022594890565],[-94.55653256199277,17.40413715309618],[-94.52328383077509,17.412759341517607],[-94.52065351814065,17.411519261933623],[-94.50896970676187,17.399020802516823],[-94.51251445280629,17.35248243430238],[-94.50580767606917,17.34857226393147],[-94.48064126459285,17.34825589752552],[-94.47744489647216,17.305782885828272],[-94.4748549689653,17.30274374112536],[-94.48169943075249,17.290620733442363],[-94.49551997554443,17.285584190061485],[-94.51359982052962,17.298797805183586],[-94.51817568793537,17.299568591454893],[-94.53419946083926,17.29663416884001],[-94.5450109746918,17.30186361195937],[-94.56033383230961,17.299648264824313]]]}},{"type":"Feature","properties":{"clues":"PLIMS002522"},"geometry":{"type":"Polygon","coordinates":[[[-98.4024273980679,18.996072461531835],[-98.40255757047424,18.993629675438672],[-98.41561836416297,18.977701106896227],[-98.42251520616577,18.978714376436706],[-98.42842375468067,18.985662289704813],[-98.43145171769038,18.99174075722663],[-98.4246854837255,19.010685302212188],[-98.4273977921902,19.022097558763516],[-98.41809676304305,19.02566500036298],[-98.40538651795367,19.019723297612472],[-98.39802974898082,19.02179036151222],[-98.38876201353598,19.006515354407462],[-98.4024273980679,18.996072461531835]]]}},{"type":"Feature","properties":{"clues":"PLIMB004580"},"geometry":{"type":"Polygon","coordinates":[[[-98.4049687901038,18.931349375320735],[-98.40160435956848,18.9345500822311],[-98.4022348092478,18.93728612835314],[-98.41478505909369,18.939824836482295],[-98.41219234299474,18.949331539521907],[-98.41569250115246,18.953717008126407],[-98.41363291618929,18.974933256124054],[-98.39488714232941,18.965652500146316],[-98.38150767601239,18.974764461713267],[-98.3695411466221,18.966114897048172],[-98.36285108646518,18.952571769213996],[-98.36483210592372,18.949292002164302],[-98.3708376440464,18.945970703472707],[-98.3739499068799,18.938488796756804],[-98.37109728487879,18.9286843095359],[-98.37696904150008,18.920376587698577],[-98.38149390652268,18.92096314845898],[-98.38758337038186,18.917496244683612],[-98.39148301610803,18.928676291296984],[-98.39708655151757,18.932888754189648],[-98.3998321016967,18.932491100554678],[-98.400598780525,18.929666827828772],[-98.4049687901038,18.931349375320735]]]}},{"type":"Feature","properties":{"clues":"TLIMB001523"},"geometry":{"type":"Polygon","coordinates":[[[-98.28779467248,19.322950881981228],[-98.28604664199733,19.318213879738845],[-98.29869031570361,19.312705110247034],[-98.2991882349259,19.315885821164912],[-98.30399358612526,19.31997850579941],[-98.31122198718259,19.330694913555554],[-98.2983737198159,19.3410857864937],[-98.29192124950187,19.336635558169633],[-98.29300481402531,19.32641109163262],[-98.28779467248,19.322950881981228]]]}},{"type":"Feature","properties":{"clues":"TLIMB000036"},"geometry":{"type":"Polygon","coordinates":[[[-98.21499368983962,19.351065104109367],[-98.20939911198073,19.35377171525243],[-98.2074763592617,19.367948013658633],[-98.20493754557845,19.37038752023193],[-98.19515985981792,19.37336670723207],[-98.19136779013311,19.36795587216195],[-98.19359095906232,19.35938220203599],[-98.19190833335452,19.355423041857733],[-98.18647380705374,19.357480757366123],[-98.1770725112671,19.355063456548674],[-98.17583638868157,19.346734224818302],[-98.18164546586486,19.34529983528218],[-98.19218247678621,19.354054888580276],[-98.19713375843443,19.349224490390874],[-98.19745937753066,19.345636240927],[-98.20189907341891,19.341545898567453],[-98.20773322220309,19.342480869100804],[-98.21317405145118,19.337841918706115],[-98.21589286762615,19.339553409512675],[-98.21499368983962,19.351065104109367]]]}},{"type":"Feature","properties":{"clues":"TLIMB001610"},"geometry":{"type":"Polygon","coordinates":[[[-98.15831366964362,19.373280654066626],[-98.16721184856819,19.382345307813257],[-98.165661800454,19.384758361859145],[-98.16508490309606,19.392509006383428],[-98.17019159764916,19.398112845048452],[-98.16918165040329,19.40222614150893],[-98.16439665010772,19.405759480853302],[-98.15751114527748,19.405246451152824],[-98.15681336649794,19.401675306709905],[-98.15141888801283,19.402368179242288],[-98.1510523072944,19.400908483448166],[-98.14611507739797,19.400260938164685],[-98.14543717192731,19.403377356775415],[-98.1411954612034,19.402371552237806],[-98.14242403502918,19.39608519547762],[-98.13970910167407,19.393978240556518],[-98.13892468374702,19.38949075889658],[-98.13129655038237,19.38220948317838],[-98.14067496216732,19.375817622937856],[-98.1490602028249,19.37538535921466],[-98.1545618243155,19.372080660387084],[-98.15831366964362,19.373280654066626]]]}},{"type":"Feature","properties":{"clues":"PLIMB005280"},"geometry":{"type":"MultiPolygon","coordinates":[[[[-98.05730497573276,19.056102604600273],[-98.0614282253835,19.062428163988546],[-98.0766390847365,19.071021447042764],[-98.07372548543707,19.077963084801038],[-98.061607921184,19.081578910019243],[-98.05120985981351,19.077714261339416],[-98.03107606678637,19.081617478556513],[-98.01970616018886,19.08671918178491],[-98.01923263984797,19.083249490161606],[-98.0285637012774,19.063393740169754],[-98.04053319210664,19.048976658938752],[-98.04268621977438,19.04893022094853],[-98.04758481527935,19.042922378395755],[-98.05344218875499,19.044535828142916],[-98.05394639904705,19.047606811247505],[-98.04889956684856,19.054301916756557],[-98.05730497573276,19.056102604600273]]],[[[-98.02274955368202,19.0950505731585],[-98.02810108589675,19.100473779141673],[-98.03450003618185,19.133622968116647],[-98.03051186274318,19.15080370326224],[-98.00606432719826,19.13803248945146],[-98.00514430367375,19.12679057409467],[-98.01033611866804,19.11499810644565],[-98.02274955368202,19.0950505731585]]]]}},{"type":"Feature","properties":{"clues":"PLIMB005391"},"geometry":{"type":"Polygon","coordinates":[[[-97.97117437973974,19.11534235831086],[-97.97173857781353,19.11968537265167],[-97.9753072757988,19.125752383417584],[-97.97793401075903,19.144805912014302],[-97.9916009640015,19.1421539196034],[-97.99699197948156,19.162562977210047],[-97.9996581390516,19.164512602141496],[-98.03100366172285,19.151818235503885],[-98.04324089838576,19.167478539510856],[-98.04231630813779,19.18200815480151],[-98.02866656146122,19.223237669754152],[-98.01555225049934,19.227688130388536],[-97.98743329501193,19.213135926694022],[-97.9806437452878,19.180685207883585],[-97.96617943052453,19.16655764094343],[-97.95193886136335,19.17203908883616],[-97.95113487385795,19.175568726703553],[-97.95346866325899,19.189622031966913],[-97.93184522074073,19.18029370059221],[-97.92451810003605,19.170884333399044],[-97.92177191651639,19.156218523295667],[-97.9134441708403,19.151213657044],[-97.90791678725863,19.13921258415576],[-97.89427378269752,19.136578199421646],[-97.88571316623606,19.140011224310438],[-97.87159190308103,19.139865733594615],[-97.85527485162886,19.104048027621687],[-97.86241181614662,19.099625384492278],[-97.89084053316675,19.109899254822185],[-97.90460401260518,19.107077463267398],[-97.90576330592998,19.104195989946767],[-97.91625090416879,19.09631789303679],[-97.92001537630834,19.09690093495858],[-97.93479296570885,19.086228543396732],[-97.94401600500747,19.086429577084807],[-97.9600385828267,19.09190565674583],[-97.96417582167985,19.100477843138922],[-97.95873729579765,19.10396412953171],[-97.95658239499696,19.107144785247826],[-97.95673734194152,19.11079454194659],[-97.96265745441615,19.115730645905657],[-97.97117437973974,19.11534235831086]]]}},{"type":"Feature","properties":{"clues":"PLIMB002994"},"geometry":{"type":"Polygon","coordinates":[[[-97.95765165780925,20.151133580953314],[-97.9467616833795,20.157173578854415],[-97.94057092895432,20.15790532323137],[-97.93078764452495,20.146650522059407],[-97.93760696843304,20.137821193442246],[-97.93854540619202,20.134553821029463],[-97.95130941256672,20.12983015913984],[-97.95780351911439,20.13364554607471],[-97.96354364209344,20.145813176190938],[-97.95765165780925,20.151133580953314]]]}},{"type":"Feature","properties":{"clues":"PLIMB004575"},"geometry":{"type":"Polygon","coordinates":[[[-97.87502384508458,20.68537261797874],[-97.87517566836868,20.697604500476608],[-97.89225199743483,20.71018246701465],[-97.8880218731702,20.734335605519846],[-97.88450349990852,20.738715693233427],[-97.88530493421312,20.74461176632836],[-97.89368859456982,20.750269267305377],[-97.90914818648014,20.77491741555841],[-97.89598354005321,20.782794753291647],[-97.89329589297958,20.789758999621466],[-97.89665182681249,20.8125362569614],[-97.86659107573244,20.80069061611292],[-97.85931511741317,20.81099874258338],[-97.83831109574055,20.79348970554467],[-97.81917115614014,20.796999218715783],[-97.80566738621751,20.786510322968635],[-97.79891359058723,20.77525222896671],[-97.81709718627154,20.769252870355622],[-97.82094489776735,20.762558655274557],[-97.82039185224882,20.760189654332876],[-97.80691888412774,20.747722166774874],[-97.80749337719487,20.74341661567525],[-97.80553929275396,20.735117775225035],[-97.7847546048626,20.732244347156968],[-97.78244958663862,20.727680123754617],[-97.77670970036013,20.723053093191353],[-97.7742474768231,20.7172697246917],[-97.79883128427215,20.70229346339255],[-97.80205361512863,20.709113576359574],[-97.81837830799941,20.71599386297696],[-97.82333190655862,20.711577315590823],[-97.82642950591364,20.690119356024397],[-97.81282200922657,20.66516805941174],[-97.85026173146143,20.664191093573294],[-97.86206488763682,20.67926232898133],[-97.87502384508458,20.68537261797874]]]}},{"type":"Feature","properties":{"clues":"PLIMB003216"},"geometry":{"type":"Polygon","coordinates":[[[-97.78667052767373,20.36391374363774],[-97.79156972328822,20.35680279292377],[-97.81579536491549,20.346073503967652],[-97.8184212919238,20.340385542478607],[-97.84918987905203,20.334611895874872],[-97.8577703726517,20.338723751029473],[-97.8634133111124,20.34421640293937],[-97.86578288486042,20.36470096854383],[-97.86823651129238,20.367300984068738],[-97.86244362054093,20.3842896761445],[-97.85741235538121,20.38689833098601],[-97.85213942318254,20.38815412584207],[-97.84399726490739,20.385975046427788],[-97.83339413058168,20.388289743984227],[-97.81148058711338,20.402272505793487],[-97.79699634916332,20.402568520084408],[-97.78270163619115,20.393447463133967],[-97.78767196651438,20.37402469104249],[-97.78667052767373,20.36391374363774]]]}},{"type":"Feature","properties":{"clues":"PLIMS003304"},"geometry":{"type":"Polygon","coordinates":[[[-97.81434596833634,18.814302086806187],[-97.82983899620444,18.8143515076665],[-97.84909108372788,18.82363192111565],[-97.84894634989652,18.829669500672118],[-97.84239439217681,18.834368172346615],[-97.83864859865677,18.83425841935343],[-97.82651441787051,18.840272491157663],[-97.82318604562533,18.838788217652116],[-97.82009254453118,18.847013328916617],[-97.81656208380814,18.849024593930526],[-97.81696090483426,18.85493151521924],[-97.81195231575298,18.8556207291347],[-97.81316612738927,18.868834574553492],[-97.80226724099194,18.86830477231005],[-97.8007113307999,18.860240947818774],[-97.80430711511355,18.854396199339575],[-97.80423099196243,18.84987532151747],[-97.79632068010012,18.847784902064202],[-97.79310079287465,18.849641597730393],[-97.7906267171256,18.846005418566293],[-97.79259869408482,18.83915092133499],[-97.79642382953234,18.838129951111803],[-97.80065324201291,18.83475248107627],[-97.80704259371376,18.837428576205095],[-97.81088982154793,18.82662349643955],[-97.81482914284456,18.827368772417703],[-97.81771404223898,18.82556120133016],[-97.81434596833634,18.814302086806187]]]}},{"type":"Feature","properties":{"clues":"PLIMB004225"},"geometry":{"type":"Polygon","coordinates":[[[-97.82755224388758,18.862567920821366],[-97.83390140355056,18.863349616390202],[-97.83702481784991,18.892583663483187],[-97.83506008237839,18.89789422713838],[-97.82442178692261,18.900899741864613],[-97.81033254692645,18.89534168838953],[-97.80329550122268,18.89744689483297],[-97.79825875858525,18.895600016318706],[-97.79105587834522,18.88777664831941],[-97.79227558122106,18.88299120093071],[-97.80226724099194,18.86830477231005],[-97.8176646684655,18.868395153382792],[-97.82755224388758,18.862567920821366]]]}},{"type":"Feature","properties":{"clues":"PLIMB001425"},"geometry":{"type":"Polygon","coordinates":[[[-97.75295732517473,20.42158459563074],[-97.78270163619115,20.393447463133967],[-97.79699634916332,20.402568520084408],[-97.80131627380119,20.415638713949644],[-97.81330756558744,20.439008395345628],[-97.81205030898839,20.446088509299372],[-97.80212721096926,20.451835085276795],[-97.77016365317338,20.45761601604258],[-97.76016544006447,20.463367684620362],[-97.75679102936894,20.461708687401153],[-97.75401089067098,20.445904954964366],[-97.74952960902914,20.44155649373998],[-97.73582722114168,20.44454980350374],[-97.72349780637425,20.428254332334962],[-97.72898557130377,20.420702381746928],[-97.75295732517473,20.42158459563074]]]}},{"type":"Feature","properties":{"clues":"PLIMS003000"},"geometry":{"type":"Polygon","coordinates":[[[-97.74883707249457,19.831355321265672],[-97.75830889130064,19.823749610791307],[-97.77167556999684,19.83405243274978],[-97.77083910356777,19.851106704411798],[-97.7775139716995,19.86354095271194],[-97.76894184719623,19.87116631240661],[-97.76770054512409,19.87892183898257],[-97.77112352946315,19.88963798834079],[-97.75001708484466,19.904380302903984],[-97.72308538333895,19.893470538666154],[-97.72498406892664,19.882035540979608],[-97.7234680392775,19.873952584434896],[-97.72654503414051,19.867522565040794],[-97.72825266983232,19.851460388829057],[-97.74163924728688,19.841945048931496],[-97.74883707249457,19.831355321265672]]]}},{"type":"Feature","properties":{"clues":"PLIMB003764"},"geometry":{"type":"Polygon","coordinates":[[[-97.68512059760651,19.740881672306287],[-97.68838075406252,19.736479939208326],[-97.70635899419474,19.729743412662526],[-97.710371552741,19.730923918816885],[-97.72867511995625,19.716346235352574],[-97.74370781631588,19.716378939108612],[-97.74435230376423,19.74690565720801],[-97.75167086204517,19.75498722261934],[-97.75203790175362,19.766039991981685],[-97.73188322025031,19.78799719283739],[-97.71691231096781,19.77426670649507],[-97.69661218588702,19.788135211606832],[-97.68721559347975,19.77323644818026],[-97.6775432216319,19.769768658503146],[-97.694940341865,19.75097478022977],[-97.68512059760651,19.740881672306287]]]}},{"type":"Feature","properties":{"clues":"VZIMS002285"},"geometry":{"type":"Polygon","coordinates":[[[-97.68532837305742,20.26819645192626],[-97.70158948712742,20.271439521752946],[-97.70201908433422,20.27951848237179],[-97.71049978419333,20.296346199958524],[-97.72172085702516,20.301056464252976],[-97.72548917462092,20.306321884333727],[-97.72515941872622,20.31485667952079],[-97.70517782389939,20.341277854322662],[-97.69527095293935,20.34164938634415],[-97.68090196899344,20.327629441954578],[-97.69079608260655,20.302862170263538],[-97.685413158473,20.29666211993132],[-97.67110267656739,20.29401945093941],[-97.67105207798686,20.27851374793859],[-97.68532837305742,20.26819645192626]]]}},{"type":"Feature","properties":{"clues":"PLIMS003683"},"geometry":{"type":"MultiPolygon","coordinates":[[[[-97.67146040479993,19.766228370973046],[-97.66326339937642,19.745158250981504],[-97.6677021272449,19.743216942131937],[-97.68512059760651,19.740881672306287],[-97.694940341865,19.75097478022977],[-97.6775432216319,19.769768658503146],[-97.67146040479993,19.766228370973046]]],[[[-97.67758145473907,19.76980912196489],[-97.68721559347975,19.77323644818026],[-97.69661218588702,19.788135211606832],[-97.71691231096781,19.77426670649507],[-97.73188322025031,19.78799719283739],[-97.73255142294634,19.794293802627998],[-97.71061006974197,19.810581888412504],[-97.71022689389649,19.814052299961055],[-97.70479796963342,19.819904211475237],[-97.69449408493368,19.8250900195369],[-97.67734994818996,19.82190235167174],[-97.67125266565597,19.817231744581054],[-97.67015556802086,19.813219600650903],[-97.67437842483798,19.79521316499307],[-97.67758145473907,19.76980912196489]]]]}},{"type":"Feature","properties":{"clues":"VZIMB004582"},"geometry":{"type":"Polygon","coordinates":[[[-97.67264891819984,20.82782899529388],[-97.69064672552885,20.835148385739156],[-97.71102505879122,20.833584665497654],[-97.71506136129905,20.84236818113909],[-97.70656685036886,20.852897005497354],[-97.7026828078576,20.86933112212087],[-97.69863424575766,20.875373784121013],[-97.69555285063147,20.875109350311025],[-97.6752660276801,20.88595480547425],[-97.66553625548663,20.871504541330445],[-97.66745388711206,20.865250418487715],[-97.66439446062938,20.848620290643467],[-97.6627329141433,20.846496233233452],[-97.67264891819984,20.82782899529388]]]}},{"type":"Feature","properties":{"clues":"VZIMB004466"},"geometry":{"type":"Polygon","coordinates":[[[-97.64569151994397,20.72694019338935],[-97.65026969119035,20.723367007297867],[-97.65513828232022,20.72697100905878],[-97.66212754300928,20.750541626489817],[-97.65167463270029,20.77256341413176],[-97.6406306994664,20.77015853236453],[-97.6173114918401,20.78605148158169],[-97.61488008676385,20.784981064088484],[-97.59776266055648,20.791080292736428],[-97.59524430947869,20.770639434472194],[-97.59661722818463,20.768857663380686],[-97.59625046173889,20.76450955598155],[-97.58780991586256,20.758813009708906],[-97.58425734169661,20.75281530193869],[-97.5878853014288,20.741222263582582],[-97.58522707910822,20.73871601648593],[-97.58824290795921,20.712691221449973],[-97.58953172498614,20.71092257318315],[-97.59311810967796,20.712489476467105],[-97.60510803585687,20.72669316085967],[-97.61526265114787,20.72882562900309],[-97.64569151994397,20.72694019338935]]]}},{"type":"Feature","properties":{"clues":"PLIMB002142"},"geometry":{"type":"Polygon","coordinates":[[[-97.54695201800074,18.981224839803033],[-97.54430569789157,19.013685646748126],[-97.58225648060419,19.00556356739491],[-97.59237606668628,19.018354151381118],[-97.57906190820519,19.049203168810138],[-97.58208429738393,19.05990659192911],[-97.57725529278792,19.076929738533533],[-97.57146252482845,19.08040694306627],[-97.5623690362407,19.10293283276958],[-97.54669664767079,19.104787633581534],[-97.5395655002371,19.098214005823888],[-97.5373179085677,19.088345937576882],[-97.51871641035966,19.080007971447635],[-97.46520534097776,19.042538755295926],[-97.476521121991,19.029962281275804],[-97.48408140062152,19.028191287806305],[-97.50703240627675,19.02935451435873],[-97.52249162410753,19.03184359079687],[-97.52137637547837,19.023666271179284],[-97.52192211240113,18.99180440785681],[-97.54695201800074,18.981224839803033]]]}},{"type":"Feature","properties":{"clues":"VZIMB005055"},"geometry":{"type":"Polygon","coordinates":[[[-97.53668696482862,20.75343294967799],[-97.53822637131829,20.737800724959257],[-97.55148171530655,20.72921879654469],[-97.55787975922023,20.729969306869346],[-97.565012840028,20.736448895762592],[-97.56314629894857,20.740860988534333],[-97.57226029928096,20.757523260164763],[-97.58425734169661,20.75281530193869],[-97.58780991586256,20.758813009708906],[-97.59625046173889,20.76450955598155],[-97.59661722818463,20.768857663380686],[-97.59524430947869,20.770639434472194],[-97.57313635688493,20.77866467641383],[-97.57909198092129,20.79513018109572],[-97.55552931342142,20.8037205714481],[-97.54917307071499,20.814870414656113],[-97.54940596522347,20.819884467390903],[-97.54441638960789,20.82446139344218],[-97.52707687138708,20.82972102208461],[-97.51882273964591,20.822988562014096],[-97.52863056615223,20.79780208710113],[-97.51511364295351,20.79968239766494],[-97.50532198112131,20.783536585318483],[-97.50655305889525,20.775469271483058],[-97.51693299898886,20.76306741532006],[-97.51778287716448,20.758556221845538],[-97.53668696482862,20.75343294967799]]]}},{"type":"Feature","properties":{"clues":"PLIMS000772"},"geometry":{"type":"Polygon","coordinates":[[[-97.46553870995267,18.987376614644177],[-97.470743356342,18.98916679502023],[-97.48062971129136,18.988694608189434],[-97.5068772908048,18.971986317813762],[-97.52192211240113,18.99180440785681],[-97.52137637547837,19.023666271179284],[-97.52249162410753,19.03184359079687],[-97.50703240627675,19.02935451435873],[-97.48408140062152,19.028191287806305],[-97.476521121991,19.029962281275804],[-97.46520534097776,19.042538755295926],[-97.4586563844299,19.04252441317454],[-97.42918023462988,19.01832198282194],[-97.4314885317152,19.014244249729593],[-97.44104956248174,19.009787987373752],[-97.44839981772552,19.009176131031086],[-97.45535119823,19.000419945546682],[-97.45771990600011,19.000340489108776],[-97.46553870995267,18.987376614644177]]]}},{"type":"Feature","properties":{"clues":"PLIMS003111"},"geometry":{"type":"Polygon","coordinates":[[[-97.44918921833394,19.12917510919014],[-97.46090010361344,19.12884676262695],[-97.47159232807553,19.117403073659055],[-97.49910697224765,19.12760155121494],[-97.50372066758821,19.127701669619096],[-97.51230774447369,19.13495476739287],[-97.51465878832427,19.139026178361952],[-97.5144749976156,19.150841728433683],[-97.47885519014028,19.186687867190695],[-97.47168385917473,19.186914512783705],[-97.45903552360497,19.175041942927862],[-97.44672675215644,19.173228023976957],[-97.42264857619317,19.165207084204283],[-97.42354737685474,19.150331828852252],[-97.43068809354126,19.140932422136302],[-97.44173485437223,19.13959274608021],[-97.44918921833394,19.12917510919014]]]}},{"type":"Feature","properties":{"clues":"VZIMS003002"},"geometry":{"type":"Polygon","coordinates":[[[-97.4941657686199,20.200307739302353],[-97.4929131194722,20.2060604388671],[-97.5033682102211,20.227267101626214],[-97.50196288631481,20.23148497038235],[-97.50534921394274,20.239700568833175],[-97.50457669039092,20.254054056425485],[-97.51005959208203,20.26632567032499],[-97.49327896046755,20.270764625707457],[-97.48357456733471,20.26094593909984],[-97.46395264847635,20.258996942377838],[-97.46155647765406,20.250460504305707],[-97.44990548677619,20.238134920555435],[-97.46073185687654,20.230977620870494],[-97.46837997090108,20.2222679234597],[-97.46723278490043,20.21717406368952],[-97.45973722121641,20.20594899764835],[-97.46165646138081,20.20375495103697],[-97.46486472677408,20.191650272712902],[-97.4941657686199,20.200307739302353]]]}},{"type":"Feature","properties":{"clues":"PLIMS003222"},"geometry":{"type":"Polygon","coordinates":[[[-97.4933156437955,19.802868642977568],[-97.49835378194528,19.805799953863097],[-97.50250883612163,19.80601532527535],[-97.50778309316014,19.81244876741544],[-97.50673094272803,19.816123308938682],[-97.50779247120676,19.82142400236281],[-97.50265371197861,19.828918390378295],[-97.49457527499392,19.825148031504916],[-97.48714042174213,19.82399558612066],[-97.48992414619562,19.815609043085626],[-97.48377415539191,19.80753491832822],[-97.4933156437955,19.802868642977568]]]}},{"type":"Feature","properties":{"clues":"VZIMB006373"},"geometry":{"type":"Polygon","coordinates":[[[-97.4572012934655,20.466850772504536],[-97.45979828289715,20.471580924786668],[-97.4601537408448,20.486354757506405],[-97.46574041046726,20.490892061862827],[-97.4635027085712,20.495839440835823],[-97.45958939089738,20.498416590678808],[-97.45191833794057,20.499470562535784],[-97.44624769930626,20.495075537991543],[-97.4397401703747,20.4932474089925],[-97.43345156120799,20.487723312724142],[-97.42513962004337,20.490898720941743],[-97.41974221896916,20.490727055693238],[-97.41341505944321,20.48389552156734],[-97.41196556852657,20.47685421415284],[-97.40549498230024,20.469941075509613],[-97.38647146252463,20.472328321327034],[-97.37953819417034,20.47062263718539],[-97.37727121031378,20.45243124844375],[-97.3856908651988,20.44702816178056],[-97.39261704358927,20.44522570866931],[-97.39796793892569,20.44689972209473],[-97.40675404101489,20.45429951087701],[-97.42058646380973,20.444055573748933],[-97.42623382585272,20.44443989987978],[-97.42045938380839,20.408041581451375],[-97.43523894345203,20.41565979485086],[-97.43705775957774,20.43150210609353],[-97.44702538055469,20.434748455999937],[-97.4566226757633,20.449582059568616],[-97.45863299380822,20.460621447216827],[-97.4572012934655,20.466850772504536]]]}},{"type":"Feature","properties":{"clues":"VZIMS006420"},"geometry":{"type":"Polygon","coordinates":[[[-97.38676004496492,20.74164915602469],[-97.41159035816875,20.724958701260444],[-97.42278451833216,20.73507732366922],[-97.43939626558743,20.71786922347671],[-97.44572988438915,20.7249917408191],[-97.43928735140628,20.74497930335461],[-97.46525856798847,20.750729514399964],[-97.4499599272721,20.769777590130964],[-97.44039406315093,20.79573084361362],[-97.43128111714867,20.800142335597013],[-97.4268430455919,20.806314405755224],[-97.40517605696981,20.806955005432634],[-97.40050686988432,20.80128831636351],[-97.4118323967027,20.787189352029653],[-97.41131390953174,20.77587836931612],[-97.39266273892353,20.776459596807687],[-97.3867879818529,20.78132242308705],[-97.36381617914468,20.77380848686607],[-97.36435386349677,20.76763196765478],[-97.38775301041598,20.74870122967634],[-97.38676004496492,20.74164915602469]]]}},{"type":"Feature","properties":{"clues":"PLIMS001250"},"geometry":{"type":"Polygon","coordinates":[[[-97.4586563844299,19.04252441317454],[-97.44114697741307,19.055035610903644],[-97.43529046528029,19.054964492120252],[-97.41049510632037,19.049613476812],[-97.40357431440003,19.03874404604172],[-97.41071230086169,19.028985172269973],[-97.41913784506696,19.02265668529747],[-97.42918023462988,19.01832198282194],[-97.4586563844299,19.04252441317454]]]}},{"type":"Feature","properties":{"clues":"PLIMB003221"},"geometry":{"type":"Polygon","coordinates":[[[-97.34439403920737,19.68688654793409],[-97.33389825519336,19.675910710639027],[-97.33507557416338,19.66186798531833],[-97.34413290603389,19.628898789655942],[-97.37593482538398,19.624393894239788],[-97.39012100528373,19.651141954654015],[-97.4113108064148,19.676454914514565],[-97.41447706008512,19.678293074845254],[-97.42055118755012,19.6958297911901],[-97.4189657337092,19.71329361740848],[-97.37057989436332,19.73468356196337],[-97.3628839104615,19.722359206183754],[-97.35671502816967,19.717810101988363],[-97.3494862920798,19.707288610297322],[-97.34439403920737,19.68688654793409]]]}},{"type":"Feature","properties":{"clues":"VZIMB003573"},"geometry":{"type":"Polygon","coordinates":[[[-97.27198089356426,20.446733074459008],[-97.27439312619556,20.443595970308714],[-97.29697570897922,20.447548310753106],[-97.29943630059748,20.466662455963302],[-97.2937413487217,20.467518848560964],[-97.28448575284858,20.473062619151083],[-97.27727884055527,20.485629376091516],[-97.2701202585332,20.485318314771803],[-97.25420078295528,20.490321159053092],[-97.24817483883588,20.48576674917033],[-97.24208542934991,20.484001571114078],[-97.23042040287541,20.470053880659194],[-97.23321552736707,20.46209209068851],[-97.21455060660561,20.453070518808826],[-97.20328467877663,20.441102310963853],[-97.21769870198759,20.419607938554773],[-97.23563838540511,20.425542744817328],[-97.24070884143153,20.424777132112244],[-97.2590895684066,20.449233667381108],[-97.27198089356426,20.446733074459008]]]}},{"type":"Feature","properties":{"clues":"PLIMS001851"},"geometry":{"type":"Polygon","coordinates":[[[-97.24238950411244,19.988523452794016],[-97.2312570854706,19.986544046353362],[-97.23049825109783,19.984935412865127],[-97.24431736929161,19.97469151822647],[-97.25095818243454,19.97853934202555],[-97.25773996813444,19.976652696025173],[-97.2624861772834,19.969924779346954],[-97.27556282234066,19.974807393165307],[-97.28275765378298,19.97217759359636],[-97.28548375562303,19.97421254484818],[-97.28795029818893,19.986424327836872],[-97.28633733887919,19.99638777318987],[-97.2719691090491,19.999304210368873],[-97.26743836985223,20.005018802180434],[-97.25453012270548,20.032906145233415],[-97.24951814912289,20.035441430076563],[-97.24726734224262,20.034240773036863],[-97.2389590550168,20.012461884600263],[-97.2475310652215,19.99578130192955],[-97.24238950411244,19.988523452794016]]]}},{"type":"Feature","properties":{"clues":"VZIMB003544"},"geometry":{"type":"Polygon","coordinates":[[[-97.20078300993188,20.37575387070282],[-97.20786228886246,20.366210351100854],[-97.21294326384808,20.362238356787913],[-97.22322361865643,20.36038602362587],[-97.23164391110157,20.367742300966267],[-97.24867667430225,20.37306247691769],[-97.25316044538187,20.372552944918628],[-97.25696691136864,20.387538400487472],[-97.25739354878331,20.406104656921766],[-97.25998286428462,20.412579823780987],[-97.25151502836462,20.42091374611503],[-97.23563838540511,20.425542744817328],[-97.21665437153851,20.41989311289604],[-97.19149978772941,20.405203666142043],[-97.18692023465218,20.399473740563487],[-97.19762316744338,20.384419422472668],[-97.20078300993188,20.37575387070282]]]}},{"type":"Feature","properties":{"clues":"PLIMB005403"},"geometry":{"type":"Polygon","coordinates":[[[-97.22994909972039,20.096353840967293],[-97.23337256613769,20.10149650855867],[-97.22730016286303,20.117547743735443],[-97.22936005850723,20.128766436450192],[-97.23480167418212,20.133707537633512],[-97.24831600313843,20.13080151141295],[-97.2536157802299,20.139157507709108],[-97.26039841015103,20.143584235949767],[-97.26886249985836,20.14371878283358],[-97.27127437626702,20.16687879694037],[-97.26380178409575,20.16728839623174],[-97.25522011834961,20.1656991988713],[-97.24876323454754,20.15877838256433],[-97.23749532795884,20.167691700704523],[-97.23595768224695,20.164071954828767],[-97.23954709776233,20.150930480343284],[-97.23595951037927,20.14689242674494],[-97.21877095836211,20.152982898303563],[-97.21829600010331,20.15555657891856],[-97.20417068065615,20.163553102672523],[-97.19874057769891,20.1603450853044],[-97.1953202900599,20.161639674103263],[-97.18403256805112,20.175783473461717],[-97.1759603200606,20.168906437654858],[-97.15549057958206,20.171261196387306],[-97.14655691748582,20.170709507887814],[-97.13196760438592,20.16449036057914],[-97.12066648796697,20.155201740132185],[-97.13480294729067,20.12479856312718],[-97.14759514166067,20.116970281524086],[-97.15967251791702,20.118799923403344],[-97.16603305963817,20.107063500746715],[-97.16566191023007,20.10110448707584],[-97.16745985089703,20.099984734468418],[-97.1797823021745,20.099960961669378],[-97.1829418601157,20.10376373107631],[-97.19851794600362,20.09014206338219],[-97.20420883301986,20.09584477949429],[-97.21434901581115,20.090984440302396],[-97.22994909972039,20.096353840967293]]]}},{"type":"Feature","properties":{"clues":"VZIMB006344"},"geometry":{"type":"Polygon","coordinates":[[[-97.22851175237305,19.70035045775103],[-97.23609552472101,19.710877737056073],[-97.23528949847555,19.715032252788063],[-97.22889775128927,19.723953534218165],[-97.2232917232682,19.725371407465637],[-97.22148725467655,19.72874113326697],[-97.20769951989995,19.734373345476726],[-97.20000391825302,19.71537055861724],[-97.21408126313331,19.713853694959017],[-97.22081390497046,19.698499457642633],[-97.22851175237305,19.70035045775103]]]}},{"type":"Feature","properties":{"clues":"VZIMB000662"},"geometry":{"type":"Polygon","coordinates":[[[-97.18143849138376,18.78627411621958],[-97.19581709151485,18.799847590569716],[-97.20382207026339,18.795608242705818],[-97.2106475612776,18.80078267059885],[-97.20811006057393,18.80566295052769],[-97.20770039030772,18.816975228398917],[-97.21598616930997,18.82801028381555],[-97.21418180843224,18.831102413398508],[-97.20629874218709,18.832976350714045],[-97.19900824322025,18.829352341354433],[-97.19290915070411,18.821442786352456],[-97.18988884041039,18.82245100830097],[-97.18387914515654,18.81948669700457],[-97.17747064269074,18.819957534952305],[-97.17043298617375,18.817237227278525],[-97.16155902659632,18.800252739930947],[-97.16502069799276,18.799397336097165],[-97.17872009989776,18.790494396124906],[-97.18143849138376,18.78627411621958]]]}},{"type":"Feature","properties":{"clues":"VZIMS001853"},"geometry":{"type":"Polygon","coordinates":[[[-97.11934024062765,19.74543479524034],[-97.12479831560572,19.74024499665652],[-97.13847558569941,19.742001917933198],[-97.15328966110158,19.726374762607506],[-97.15940338429832,19.7269437371212],[-97.1550047004788,19.75303955162762],[-97.1693018594175,19.755242425322916],[-97.17750752271651,19.772276197643606],[-97.17729221492753,19.77873689682248],[-97.17376692385211,19.782154025746316],[-97.1679278149727,19.78353728108561],[-97.15273773505682,19.797520631017587],[-97.13808442610777,19.796779070213155],[-97.13734052500998,19.78773362767442],[-97.13442731348238,19.78454140092844],[-97.1170752733523,19.78366746961438],[-97.12220829443297,19.771268147648975],[-97.11188641446084,19.76502499209177],[-97.1261215864718,19.758891650714222],[-97.11934024062765,19.74543479524034]]]}},{"type":"Feature","properties":{"clues":"VZIMB000201"},"geometry":{"type":"Polygon","coordinates":[[[-97.12123817902402,19.100338227474964],[-97.11881231930873,19.105109101397293],[-97.11646084553462,19.118168761364362],[-97.11334808208817,19.116488395098294],[-97.10979123609025,19.107517176127416],[-97.11685322206519,19.10487574282425],[-97.10945625558354,19.1006692880636],[-97.11619618017366,19.094481450815177],[-97.11895156525227,19.09397768982219],[-97.12213441412062,19.087270238264217],[-97.12754400043526,19.086769264507858],[-97.13483798017023,19.07949681539534],[-97.14463049953055,19.085781683042693],[-97.1702171405705,19.09125833001277],[-97.17414791943108,19.094114643170485],[-97.16871889932831,19.09813876776191],[-97.15958926455527,19.1170802841367],[-97.15754164128383,19.118544441254336],[-97.14417001760297,19.109081090837055],[-97.14390721324897,19.104312960101197],[-97.13029169475301,19.10714354328479],[-97.12875852186565,19.10184891951036],[-97.12123817902402,19.100338227474964]]]}},{"type":"Feature","properties":{"clues":"VZIMB006262"},"geometry":{"type":"Polygon","coordinates":[[[-97.12151142021555,18.689531924462624],[-97.13069614864428,18.68419925141252],[-97.13627238986662,18.686852864286497],[-97.1467240308544,18.688225937884717],[-97.14850685748056,18.692321257479982],[-97.14847361012454,18.69837829785413],[-97.14591902216438,18.703995333804304],[-97.14688493250154,18.71460714077276],[-97.13646231279957,18.722270984670313],[-97.13496502004149,18.72671277280585],[-97.13576278877864,18.733712494220015],[-97.1322554064743,18.736488020324668],[-97.12221294109152,18.753459218837094],[-97.11593273723103,18.753472017821235],[-97.10867543666184,18.740130513379757],[-97.11216666798434,18.729633755605608],[-97.11260455229953,18.714934662635095],[-97.10727635493002,18.709285473270988],[-97.1128886363732,18.697333948265733],[-97.1164982634354,18.695428986861902],[-97.12151142021555,18.689531924462624]]]}},{"type":"Feature","properties":{"clues":"VZIMB005282"},"geometry":{"type":"Polygon","coordinates":[[[-96.95642138722877,19.55622414179907],[-96.95753331985264,19.546024875973437],[-96.9618230487631,19.550060939648876],[-96.97106774335806,19.548338123512092],[-96.97303903558876,19.55165895588145],[-96.98299947449922,19.551866490309838],[-96.99249678644152,19.546511172848696],[-97.00013203432589,19.551724478703445],[-96.99923133095184,19.559264080759295],[-96.98574151888123,19.564058164968525],[-96.98209354009266,19.561447046702174],[-96.97750015719622,19.567780899077725],[-96.97147578609267,19.5544604976784],[-96.96451443579353,19.553843216290947],[-96.96484824798904,19.55839931633042],[-96.96671163168978,19.561150675949317],[-96.96443487060344,19.564566704931458],[-96.95938019564743,19.561359076476975],[-96.95599172545016,19.562843029731162],[-96.95393210735854,19.56019271164537],[-96.95642138722877,19.55622414179907]]]}},{"type":"Feature","properties":{"clues":"VZIMB002996"},"geometry":{"type":"Polygon","coordinates":[[[-96.98207736797288,20.071965538496784],[-96.98684380410128,20.076948166414425],[-96.98597046746737,20.089717525713244],[-96.98377567549711,20.09799264552881],[-96.97621568960821,20.104498269189413],[-96.97540990091291,20.11659337379562],[-96.96803862006647,20.124184756435476],[-96.95720212542767,20.122427255680787],[-96.93951242509065,20.13759280601241],[-96.93255310354901,20.13978664552595],[-96.92674879882084,20.12395209138853],[-96.93981255491747,20.11287628062285],[-96.94202335686354,20.10869551064702],[-96.94036502957513,20.103788876239403],[-96.95773401919094,20.09323539459008],[-96.96135329472592,20.080754014218],[-96.9695587480268,20.06960415688066],[-96.98207736797288,20.071965538496784]]]}},{"type":"Feature","properties":{"clues":"VZIMB003001"},"geometry":{"type":"Polygon","coordinates":[[[-96.97350857216118,19.991768771110895],[-96.99678732052345,20.001484462556494],[-96.99313286538256,20.011789274393845],[-96.98743911087688,20.017154966961932],[-96.98689119715374,20.025681371008663],[-96.98392230399001,20.028585373916517],[-96.97946369201279,20.043129425153893],[-96.96704977157852,20.04415780856303],[-96.9641124138823,20.051437297318245],[-96.9608929079137,20.054843257666782],[-96.95400753708557,20.053248710717416],[-96.9492811623674,20.046867241931047],[-96.94200972653353,20.04118930083101],[-96.93871162243592,20.027137114258924],[-96.9329132487387,20.0190597890416],[-96.9343769510328,20.015983098706947],[-96.95122743121166,20.014127639838353],[-96.95152436556731,20.002845780250976],[-96.9489421348179,19.99409726746651],[-96.95122248405107,19.993786864823445],[-96.95760476563238,19.997231391215234],[-96.97350857216118,19.991768771110895]]]}},{"type":"Feature","properties":{"clues":"VZIMB000773"},"geometry":{"type":"Polygon","coordinates":[[[-96.95846462320489,19.637493431535162],[-96.96292022925549,19.64738655060323],[-96.96799550247385,19.65049368901287],[-96.96936983089988,19.660868433649565],[-96.98026605053859,19.67486134029871],[-96.97103413930222,19.68968358778539],[-96.97678459033231,19.69761649099341],[-96.97857498022073,19.718814095753846],[-96.97124600158037,19.726325346660136],[-96.96640973718647,19.723778386417887],[-96.94791806531737,19.724038095826515],[-96.94523226103166,19.701382419501748],[-96.93243510889087,19.704195388646674],[-96.9276944093067,19.695563916511418],[-96.93088375057884,19.68180053181526],[-96.92949530560107,19.67503128603541],[-96.92163214261727,19.67279949704988],[-96.9197036157967,19.670417202113132],[-96.919745822166,19.662578173397858],[-96.91424278959805,19.654553227329],[-96.91588180652157,19.649806873737944],[-96.91471512698443,19.64387423093494],[-96.92416061113543,19.634539606373266],[-96.92652409196207,19.634550074135667],[-96.93231602658449,19.627809735983664],[-96.94847646937909,19.62985473975992],[-96.95057703314237,19.6328951588908],[-96.95846462320489,19.637493431535162]],[[-96.9508849711638,19.698403851106693],[-96.96728314030202,19.68886143456856],[-96.95387967264503,19.673919502249312],[-96.9461241656817,19.682864952724984],[-96.94549128017994,19.695567982052598],[-96.94712550394755,19.698807123887317],[-96.9508849711638,19.698403851106693]]]}},{"type":"Feature","properties":{"clues":"VZIMB000551"},"geometry":{"type":"Polygon","coordinates":[[[-96.94369549851037,19.276784836284335],[-96.93983860006156,19.287273264714088],[-96.94883148888334,19.29743097872089],[-96.94375143238322,19.304658526772084],[-96.9419956165759,19.309930872686973],[-96.92656321268247,19.31148565567713],[-96.91921669294257,19.314899270898778],[-96.9179968045037,19.320012132594787],[-96.90738319442563,19.330943511359404],[-96.90502945832745,19.348620471059686],[-96.89878527481555,19.352624562053474],[-96.8858721308734,19.350790259452705],[-96.86783485218363,19.36458087388093],[-96.86537263004824,19.375244714715798],[-96.85065876281752,19.37503365094207],[-96.83853639132094,19.36823528021348],[-96.8388381716963,19.339104318857892],[-96.80104465076917,19.337364284977493],[-96.79867610925629,19.328733999342248],[-96.78874841952842,19.31954961209979],[-96.78377251102972,19.293112658739783],[-96.79421429496811,19.274175096039187],[-96.82671132268446,19.28001313686856],[-96.83553349636286,19.276200658994735],[-96.84121179430771,19.27930733671682],[-96.87485962853359,19.309796959055916],[-96.88238711432122,19.30371396698509],[-96.90417012785443,19.294850495283818],[-96.91456549252949,19.28410505554847],[-96.92635951886002,19.287407577869153],[-96.9373470525398,19.27367939101711],[-96.94369549851037,19.276784836284335]]]}},{"type":"Feature","properties":{"clues":"VZIMB006636"},"geometry":{"type":"Polygon","coordinates":[[[-96.84655997654949,19.04387199589105],[-96.85038079226071,19.0386243980226],[-96.87130806833659,19.031828881368387],[-96.88090163619859,19.04996005236067],[-96.87927414863202,19.052980715821917],[-96.88659363626061,19.075694617482224],[-96.87086944928707,19.08235917859867],[-96.86607584895278,19.08149846175895],[-96.85917340640366,19.07029949850855],[-96.8536564700734,19.069771683961484],[-96.84632759606603,19.054413848806078],[-96.84805864975614,19.049415337238795],[-96.84655997654949,19.04387199589105]]]}},{"type":"Feature","properties":{"clues":"VZIMS006531"},"geometry":{"type":"Polygon","coordinates":[[[-96.77553853328132,19.015337514213677],[-96.77788570281345,19.01353336352732],[-96.78988428966251,19.025657591792818],[-96.79623484622132,19.024892744273156],[-96.80262562448924,19.03371844372626],[-96.80337972478554,19.038371798675698],[-96.81926166131754,19.035855204765774],[-96.81893236728962,19.04715553028453],[-96.8278526413509,19.05281740070222],[-96.82938940176402,19.058860825301224],[-96.83322450431349,19.060961997770708],[-96.83426931952141,19.072866003870747],[-96.84560734900711,19.076848788701138],[-96.84673642961351,19.09003169497052],[-96.82977674900917,19.08957056854803],[-96.82808166726481,19.077337608867932],[-96.81962987281987,19.07566119329466],[-96.81486560295964,19.063402380505497],[-96.80621075411594,19.05779703173814],[-96.80059716817601,19.044841886412314],[-96.78317242534418,19.049823489617918],[-96.77692611203746,19.04382682486778],[-96.77640634814408,19.04054233402391],[-96.76899856551242,19.031678785251714],[-96.77553853328132,19.015337514213677]]]}},{"type":"Feature","properties":{"clues":"VZIMB000440"},"geometry":{"type":"Polygon","coordinates":[[[-96.79039157610981,18.928152736223282],[-96.79410885778034,18.933527478035607],[-96.79413135095177,18.94035802262389],[-96.78967317649939,18.943906812786697],[-96.78839312293846,18.953285778509702],[-96.77674516939337,18.956665029019252],[-96.76473578307356,18.95625907590803],[-96.7555340884711,18.962183697584482],[-96.74718013242926,18.94235317871456],[-96.76139642735642,18.94884191761181],[-96.76150098771642,18.942400527735547],[-96.75909339343629,18.938798094014967],[-96.74754345295393,18.930546656970314],[-96.76367320474355,18.925621464391007],[-96.76552665563855,18.923525370288736],[-96.77151135382525,18.92397468931957],[-96.77398973353876,18.919208168827183],[-96.78366004208212,18.912146974744832],[-96.78950526578795,18.920813546495552],[-96.79039157610981,18.928152736223282]]]}},{"type":"Feature","properties":{"clues":"VZIMS004670"},"geometry":{"type":"Polygon","coordinates":[[[-96.72675025951435,18.847611177311666],[-96.73330337582999,18.856012148451832],[-96.74553399952438,18.859549785667863],[-96.74767983171591,18.862103419498165],[-96.74402421079175,18.8800729137773],[-96.75749277695873,18.88733037122138],[-96.75920616149916,18.896836392920488],[-96.75809771874607,18.903210019090388],[-96.76053552554147,18.90537839040813],[-96.76552665563855,18.923525370288736],[-96.76367320474355,18.925621464391007],[-96.74724600265426,18.931064634691857],[-96.75909339343629,18.938798094014967],[-96.76150098771642,18.942400527735547],[-96.76139642735642,18.94884191761181],[-96.74718013242926,18.94235317871456],[-96.74075797736768,18.936686954226563],[-96.73625591269769,18.93828193848281],[-96.72621526578884,18.92438735570864],[-96.72612560856393,18.914242478378775],[-96.7108181608939,18.90912661062155],[-96.7019669586891,18.917925558941775],[-96.6884921341058,18.899733719603635],[-96.67755658210457,18.897740334001238],[-96.67828124573506,18.888286649115763],[-96.66683770630785,18.8762896659431],[-96.6661816826246,18.87072502349693],[-96.65812393113794,18.85435814863047],[-96.67815442996523,18.84417393249995],[-96.68644338985825,18.85419090028477],[-96.69557550216805,18.85091099202436],[-96.71163247702208,18.854815937647654],[-96.72428141048324,18.846383053086953],[-96.72675025951435,18.847611177311666]]]}},{"type":"Feature","properties":{"clues":"YNSSA001661"},"geometry":{"type":"Polygon","coordinates":[[[-89.09045721241918,21.28544996962796],[-89.1328758185737,21.291657151152815],[-89.14144420020236,21.32413449824166],[-89.15249191693455,21.32867005393959],[-89.15253795672535,21.354915657854978],[-89.1456547840977,21.35544764916737],[-89.14474427937064,21.358034179391066],[-89.14474675082462,21.35478489231394],[-89.14072568870344,21.354950278847213],[-89.14381747105568,21.35539894518995],[-89.14394928164297,21.358332456030794],[-89.13872147906157,21.356589860030574],[-89.11002205962248,21.35782429067217],[-89.08924250989423,21.361582600696174],[-89.07446785021982,21.366945459020727],[-89.04344177042152,21.37197556894978],[-89.01468886013761,21.37441613931663],[-88.9902688499194,21.378280999062806],[-88.99049832665219,21.377198491881916],[-88.97039176563311,21.382155744188758],[-88.96460953011115,21.340104276914953],[-88.97535698478745,21.329988893187984],[-89.02265962495441,21.342051817742444],[-89.0462405074118,21.33969571958675],[-89.07443504246052,21.35047031995929],[-89.08167378429232,21.341687760170256],[-89.09045721241918,21.28544996962796]]]}},{"type":"Feature","properties":{"clues":"YNIMS000573"},"geometry":{"type":"Polygon","coordinates":[[[-88.90591829701708,21.323406324254282],[-88.94323649049227,21.338759430882252],[-88.96460953011115,21.340104276914953],[-88.97039176563311,21.382155744188758],[-88.95015268277727,21.385184259374366],[-88.9207522331009,21.38733726006791],[-88.88049881998575,21.39571043393372],[-88.880053980848,21.396995100904018],[-88.88019362311798,21.394017259393845],[-88.87987437015033,21.397785078945475],[-88.87953394944404,21.396325520585215],[-88.87653192953591,21.39572135469217],[-88.85901314316978,21.395812229448417],[-88.8482304326998,21.398557509866787],[-88.84097775847798,21.39892270172229],[-88.84062229262493,21.39787365958866],[-88.84012792171507,21.39915058176826],[-88.83925508281415,21.398740049271975],[-88.83831532311987,21.398805110027862],[-88.83976968320486,21.399222999755203],[-88.83865758309297,21.40038922965193],[-88.82647800244652,21.40355523121709],[-88.82270315241556,21.40667931001009],[-88.81407760332011,21.410345289858654],[-88.79801741782816,21.41276537297951],[-88.79670500090327,21.417277230050466],[-88.79973607797663,21.413613335168773],[-88.80064042071452,21.414997143309588],[-88.79819609093585,21.417829741007715],[-88.8048609581705,21.415480123065997],[-88.79653185240642,21.419992049750512],[-88.77395959965682,21.424623139292823],[-88.76044515666577,21.425815983353466],[-88.74819978714709,21.383233090835365],[-88.74548428073923,21.368740473878617],[-88.74971343049292,21.29509084350876],[-88.75102940935635,21.291816694381797],[-88.79424006225912,21.302682687763905],[-88.84552487511179,21.30158152910392],[-88.86077046220981,21.29735704614588],[-88.87880188167298,21.310291739164906],[-88.88693308244413,21.318154772750667],[-88.90591829701708,21.323406324254282]]]}},{"type":"Feature","properties":{"clues":"QRIMB001186"},"geometry":{"type":"Polygon","coordinates":[[[-88.98293777819207,19.352824477080304],[-89.00076326435577,19.46639277521172],[-88.95579254159489,19.513108043765406],[-88.96282463357211,19.550472381594652],[-88.95789332974734,19.55576864888807],[-88.97332228551628,19.636175354753235],[-88.96195914611616,19.670063389566884],[-88.94644173051776,19.686323986441604],[-88.91875777540037,19.69167673059677],[-88.90569692928237,19.681253266121487],[-88.89160441630463,19.664562047446562],[-88.87784400212243,19.658068396880857],[-88.84169684065901,19.58441896958574],[-88.84557151757983,19.565384983032864],[-88.83258960776746,19.55608501458319],[-88.82039331913268,19.47296230167417],[-88.83392815545672,19.460841350519924],[-88.8980145702532,19.441862717924423],[-88.90178320791779,19.439491603865708],[-88.90852668843846,19.407974984060665],[-88.98293777819207,19.352824477080304]]]}},{"type":"Feature","properties":{"clues":"YNIMS001244"},"geometry":{"type":"Polygon","coordinates":[[[-88.9066835978309,20.3266050343258],[-88.93956332359097,20.347389827803987],[-88.94422881874088,20.37859049841099],[-88.9495023774994,20.386523418396262],[-88.95089774278465,20.393082712185755],[-88.97693954492543,20.42020837552411],[-88.98021006347115,20.459155321577967],[-88.97702769355877,20.47284670828625],[-88.9794089205683,20.481701225291943],[-88.95980900611725,20.50786839555127],[-88.93178927965305,20.550405911008777],[-88.88447643294012,20.543783796551907],[-88.85817272319375,20.49902135589001],[-88.8831975440251,20.44887630555848],[-88.88213467176836,20.44153861397731],[-88.86429977942146,20.417491962594934],[-88.87431276348963,20.391340646575962],[-88.88759633801611,20.37712706980891],[-88.8870361172291,20.36425476241271],[-88.9066835978309,20.3266050343258]]]}},{"type":"Feature","properties":{"clues":"QRIMB001705"},"geometry":{"type":"Polygon","coordinates":[[[-88.63602444449887,19.46989414541855],[-88.62796747179465,19.536531439909435],[-88.65565727907327,19.563656451075843],[-88.65310880362749,19.59031602902543],[-88.63657299177443,19.623387232361864],[-88.60151603425535,19.637115827982026],[-88.5900587760046,19.61739324715722],[-88.58136618965675,19.606784072331134],[-88.53664154378427,19.560818654605253],[-88.51645547037215,19.53270899627113],[-88.49637904759335,19.52319033630022],[-88.49290198594207,19.490534052221772],[-88.51595515657759,19.47738683391027],[-88.6134982496606,19.44966258911063],[-88.63602444449887,19.46989414541855]]]}},{"type":"Feature","properties":{"clues":"YNIMS000462"},"geometry":{"type":"Polygon","coordinates":[[[-88.59881241332992,21.086161862613146],[-88.56474828503448,21.08293642374274],[-88.53949254570497,21.0896026921788],[-88.5369604301121,21.10214808439535],[-88.52542023534639,21.12322765109993],[-88.504495162116,21.125725480573866],[-88.49881952662845,21.117529558911396],[-88.48827139480092,21.093504883212304],[-88.46628747983627,21.086989395429143],[-88.45129354847847,21.03223071704456],[-88.51616839894108,21.009481886531223],[-88.52580518302611,20.99837038972704],[-88.53918362734252,21.005993507557935],[-88.60033278953196,21.03147074889542],[-88.63610742581356,21.004161253579834],[-88.64115122972785,21.00186382387217],[-88.64489855394662,21.001875058692068],[-88.68183189751677,21.058848983547918],[-88.71400273799782,21.08613997235758],[-88.67640030781732,21.098073314474757],[-88.60264401835283,21.08085388814808],[-88.59881241332992,21.086161862613146]]]}},{"type":"Feature","properties":{"clues":"YNSSA014215"},"geometry":{"type":"MultiPolygon","coordinates":[[[[-88.27067495385927,21.44685950681428],[-88.29979486424301,21.47076390060595],[-88.30832001237279,21.48295931063545],[-88.31602519824372,21.489588154084455],[-88.33635909439568,21.50287248582782],[-88.34973095416257,21.520585843271004],[-88.38452822142771,21.55864902499639],[-88.38600498450936,21.565192621314882],[-88.37134302000703,21.566357709176234],[-88.3624846499665,21.56370914943048],[-88.36172888025405,21.56166187942099],[-88.36082214008911,21.561537739715465],[-88.35862022038131,21.56396314966138],[-88.35416997032958,21.56212085900608],[-88.35044470970776,21.55878934953679],[-88.35047216647622,21.557181535187674],[-88.34233170604764,21.55755613833],[-88.33790043478004,21.55290787918658],[-88.33229407960523,21.554488289248606],[-88.32721790972779,21.55232333920328],[-88.32357568983869,21.552449263795104],[-88.32251886032795,21.550451149779146],[-88.32088281999982,21.55034027943436],[-88.32066329042601,21.552472539455547],[-88.3170434601427,21.550638089018157],[-88.31430617977406,21.55145747932878],[-88.31414836990437,21.553422709449887],[-88.30575926233847,21.551772218339835],[-88.30593410980423,21.553201749005442],[-88.30456413970663,21.55187519951081],[-88.30385658021491,21.553151519579753],[-88.30057757015918,21.55146694950781],[-88.30121597985101,21.555342909706848],[-88.29692735036585,21.552952849108205],[-88.29605923005711,21.554027909478247],[-88.29323329046389,21.553412769100547],[-88.28912686010348,21.55521959945705],[-88.28850851047257,21.554314399062555],[-88.28570274046244,21.55735957940407],[-88.2835316202024,21.556944489765815],[-88.2810628895783,21.553905349419452],[-88.28113740981482,21.556813510783492],[-88.2796105097526,21.557297969554178],[-88.27828695001557,21.560947199710633],[-88.27343697034485,21.555926419518944],[-88.27127852011677,21.556786019706728],[-88.26990837034543,21.555657349002004],[-88.26310686025465,21.558917289666727],[-88.2610426602021,21.561344599108008],[-88.260453890117,21.56039142915138],[-88.25993102980411,21.561667369020945],[-88.25717237034885,21.56122787939253],[-88.25440643023356,21.564212019778644],[-88.24867805978371,21.562432369540623],[-88.24575171969096,21.563656749012146],[-88.24334167998957,21.562870769755296],[-88.24394981982573,21.564634279523293],[-88.24218173986544,21.56636768962438],[-88.24313735027116,21.566942139110996],[-88.23830875036683,21.56741474973133],[-88.23816985991732,21.57429099889347],[-88.24046006290585,21.574719048253723],[-88.23216468918291,21.577871657564632],[-88.23194598907004,21.579834146033523],[-88.23068483031327,21.57879867901704],[-88.23226612135166,21.582138655250876],[-88.2267988641037,21.58289576896843],[-88.20283438319747,21.59819979801106],[-88.197515020545,21.588183842503845],[-88.19443220861564,21.516687677867083],[-88.2043628698339,21.513926046770635],[-88.19748060964359,21.47531107682286],[-88.20168164559095,21.468938888688374],[-88.20092189176172,21.461771056017433],[-88.20238841863075,21.450627290718074],[-88.1908812435097,21.44782446134945],[-88.17187854033136,21.412455033868163],[-88.17952693509065,21.403933066875133],[-88.19600790789859,21.395192663865174],[-88.20083750900478,21.397151498874436],[-88.21874065751797,21.410747643386387],[-88.2240356495152,21.420275791863393],[-88.23483761142488,21.425383149422895],[-88.24436599840514,21.421297265726746],[-88.26624090363637,21.431802849621967],[-88.27067495385927,21.44685950681428]]],[[[-88.28351114718359,21.563984755638817],[-88.28415026686626,21.562831066341975],[-88.28559799340688,21.563257551023618],[-88.28468399959458,21.564467783011377],[-88.28351114718359,21.563984755638817]]]]}},{"type":"Feature","properties":{"clues":"YNIMS001051"},"geometry":{"type":"Polygon","coordinates":[[[-88.22905138847982,20.38486448806829],[-88.23657569123459,20.382541147660746],[-88.2718073573586,20.391396984886217],[-88.28138874036333,20.40155510291196],[-88.28964644390102,20.404814774796126],[-88.33932614918591,20.40750319522017],[-88.34667929623966,20.45349740852993],[-88.34356383126355,20.457567220020795],[-88.32753510558592,20.465478890265654],[-88.29787619802906,20.51463315828331],[-88.31451557240311,20.525623809823173],[-88.32148444556148,20.55090761402849],[-88.29545664295462,20.570531411353613],[-88.28339696969434,20.562781472254734],[-88.26240399833172,20.557860390637124],[-88.22131533844765,20.559083445883612],[-88.20747525581696,20.51812873409595],[-88.17975396406656,20.508469328496542],[-88.14309077824275,20.52056997188205],[-88.12207111569454,20.486184015850082],[-88.11872190337432,20.474331609299288],[-88.10610446873717,20.45692143130981],[-88.12645325089107,20.421009126163607],[-88.12971442414022,20.41806917937249],[-88.13757512944878,20.404240518271276],[-88.15228024472867,20.401991210019446],[-88.17043131840248,20.414424997848368],[-88.20545019124484,20.41417979278626],[-88.22905138847982,20.38486448806829]]]}},{"type":"Feature","properties":{"clues":"QRIMB001401"},"geometry":{"type":"Polygon","coordinates":[[[-87.73710754385712,20.65417396945903],[-87.72426692012822,20.67412227582398],[-87.71432928865464,20.67656794624847],[-87.68266755930064,20.694379084371292],[-87.67642250280625,20.702419285942945],[-87.63273770315054,20.790829761609697],[-87.61509806478865,20.798049295115604],[-87.5960635811659,20.76806782710219],[-87.50978459817175,20.70311288355303],[-87.51561597075504,20.672664854690854],[-87.48561114125692,20.584043352247335],[-87.50044661602111,20.53483204874971],[-87.52716209253177,20.505655573270225],[-87.55065580126146,20.5107953531069],[-87.57003989467162,20.51780358848801],[-87.5871850999623,20.520052430861504],[-87.61618645476574,20.520090339731375],[-87.6202212015412,20.521490328034933],[-87.67022238948228,20.58200586906011],[-87.72341752502098,20.627779432437503],[-87.73710754385712,20.65417396945903]]]}},{"type":"Feature","properties":{"clues":"SPIMB000701"},"geometry":{"type":"Polygon","coordinates":[[[-101.00134829334498,22.098309622409456],[-101.00969327672733,22.119438044127737],[-101.00908589707213,22.120981689626984],[-100.99511476701694,22.121446270538662],[-100.99906404865185,22.132927928377867],[-101.00353691101627,22.134718071808543],[-101.0088699093909,22.141897288497983],[-101.01145546471206,22.148208903375966],[-101.00867911994337,22.15022233317514],[-101.00622750323916,22.14815491326552],[-101.00299904420685,22.147883640447535],[-100.99777289841956,22.14998721025268],[-100.99403667050773,22.14273215445523],[-100.98960055259636,22.146342858542493],[-100.988044471895,22.145448133512414],[-100.98145829344986,22.148412348344202],[-100.97536275881643,22.156462157797947],[-100.97118171563547,22.156617796951465],[-100.96955201975369,22.155092818019074],[-100.96463656910448,22.16009507200512],[-100.9587774999665,22.15225562458178],[-100.96128374549902,22.1504009208515],[-100.96179128954495,22.145690839096492],[-100.96329483924632,22.144430680825774],[-100.96128451961523,22.14047653898499],[-100.96257282538075,22.137873692179035],[-100.9657100476606,22.136175101753707],[-100.9666131301705,22.131876790506183],[-100.97162438600839,22.128362938731172],[-100.98186462533813,22.128418953512334],[-100.98442208020488,22.123045934546084],[-100.97773883897214,22.118771804008002],[-100.97708191571738,22.115044956048266],[-100.9795219119983,22.113392390707062],[-100.98238709853294,22.104077785675607],[-101.00445844624095,22.069806124885222],[-101.00134829334498,22.098309622409456]]]}},{"type":"Feature","properties":{"clues":"SPIMS002481"},"geometry":{"type":"Polygon","coordinates":[[[-100.90793765965141,22.485119887199467],[-100.89318686609776,22.553816832813396],[-100.89173326906622,22.554670690461208],[-100.90361482163205,22.580347469592365],[-100.89493625808461,22.594858627982113],[-100.88417140272004,22.604332343719552],[-100.87531382010405,22.601676753732615],[-100.86752395046972,22.60600327121911],[-100.86807554214347,22.608263026330253],[-100.88190813108976,22.618914868254613],[-100.86123046471755,22.624719054454413],[-100.86171425059995,22.63517716010238],[-100.8651729391793,22.642553138925702],[-100.86898753311586,22.644272366033043],[-100.87534213870363,22.644097232413188],[-100.88158299693092,22.651397926722847],[-100.88728814772755,22.651800081082957],[-100.89080497604944,22.646730015806938],[-100.91039002601066,22.6534202702598],[-100.91552793916864,22.6507402528526],[-100.92073985681476,22.66026789407854],[-100.93491145726455,22.67853392200907],[-100.93420116053775,22.679644434710227],[-100.91126519117766,22.678708680717378],[-100.90547375851176,22.672358899670655],[-100.88060460007908,22.688298154369285],[-100.88751898178407,22.69558163963713],[-100.89703267622438,22.693065891048114],[-100.9028591056196,22.699504668706233],[-100.89764211332097,22.710542600029832],[-100.8902857143173,22.70815485856805],[-100.87535573130275,22.709001567460334],[-100.87130107595839,22.701660498458402],[-100.85944377498151,22.702414721609784],[-100.84788056986619,22.710926925182694],[-100.84116513645364,22.702460694446707],[-100.83428522809761,22.70518491927114],[-100.8173347883432,22.72035853252111],[-100.81353072147859,22.718482061972004],[-100.79089821074624,22.71472072820875],[-100.76863501673115,22.750980066680082],[-100.76730123412914,22.755234050895837],[-100.75236932603455,22.7759767573873],[-100.7196962362387,22.787945145168763],[-100.6784901102141,22.732978898051865],[-100.66966615347856,22.696443594711116],[-100.67797756122567,22.692089617764204],[-100.71736080591894,22.626568898035927],[-100.76165691681618,22.599318538166177],[-100.77093631181616,22.5986171764131],[-100.77379829893884,22.596058924776937],[-100.76432922854798,22.525905147912045],[-100.76702433003234,22.518329192407595],[-100.82812153142373,22.50681719964497],[-100.84080281431997,22.513080115571533],[-100.8809767382915,22.47642016355925],[-100.90229470202964,22.48525141460516],[-100.90793765965141,22.485119887199467]]]}},{"type":"Feature","properties":{"clues":"SPIMS001035"},"geometry":{"type":"Polygon","coordinates":[[[-100.28468127176382,22.545390449573574],[-100.31868654045084,22.60005192797479],[-100.30496314716855,22.61178482325354],[-100.29858898732178,22.66688116576208],[-100.30328279426989,22.67633965516206],[-100.29654385127714,22.697707618340935],[-100.30668718965671,22.743684140868833],[-100.26625855527088,22.75779536367731],[-100.23003635156991,22.778414282895664],[-100.21350332762057,22.75610055571131],[-100.23158109232986,22.723492798910645],[-100.23964163035427,22.683380745694897],[-100.2122892248999,22.652713781894196],[-100.15665844558167,22.726275433406187],[-100.14122251497116,22.725035716950323],[-100.09733288922764,22.742605495218722],[-100.07932227745047,22.741942041682115],[-100.03638742650298,22.68584965399715],[-100.03800840548246,22.65452016860916],[-100.06494689532674,22.63037026629392],[-100.1024214610177,22.613487149017995],[-100.11275463750397,22.571639873750225],[-100.05694366418258,22.55140085458688],[-100.07892197339551,22.49300013952702],[-100.08554376075887,22.491133294036946],[-100.10665418910824,22.49300918682616],[-100.12653645221255,22.536622808206836],[-100.17457575716587,22.51569791304859],[-100.18999868505789,22.522562227292223],[-100.20488912091261,22.51916765748407],[-100.21837974981965,22.543148988638386],[-100.24539167429383,22.55147042698872],[-100.2609805327313,22.540934832334916],[-100.28468127176382,22.545390449573574]]]}},{"type":"Feature","properties":{"clues":"SPIMS002324"},"geometry":{"type":"Polygon","coordinates":[[[-99.99526095695114,22.37864867240898],[-100.0032029133768,22.36206124262684],[-100.07353446746598,22.343132966785657],[-100.14785992926247,22.315191124840347],[-100.1610524488751,22.32521648154486],[-100.15817135742013,22.347255106581436],[-100.18252960842982,22.372678875196076],[-100.16130775328043,22.416448527463835],[-100.16047625763744,22.443218344532582],[-100.15291312532018,22.44765435034757],[-100.15024803597639,22.45208299262198],[-100.10665418910824,22.49300918682616],[-100.08554376075887,22.491133294036946],[-100.07892197339551,22.49300013952702],[-100.05694366418258,22.55140085458688],[-100.05151315044377,22.55422443431085],[-99.99737796750739,22.55265071430501],[-99.9741241019664,22.467223795256768],[-99.99576633223484,22.413066538416448],[-99.99526095695114,22.37864867240898]]]}},{"type":"Feature","properties":{"clues":"SPIMB000182"},"geometry":{"type":"Polygon","coordinates":[[[-99.87893090805282,22.54583367689403],[-99.8981026431404,22.514949689065137],[-99.93205725139283,22.472577688336518],[-99.9741241019664,22.467223795256768],[-99.99737796750739,22.55265071430501],[-100.05151315044377,22.55422443431085],[-100.05694366418258,22.55140085458688],[-100.11275463750397,22.571639873750225],[-100.1024214610177,22.613487149017995],[-100.06494689532674,22.63037026629392],[-100.03800840548246,22.65452016860916],[-100.03638742650298,22.68584965399715],[-100.02689749390137,22.688216276993174],[-99.94309453246753,22.694906973552865],[-99.93484999821806,22.70311957555272],[-99.92764581274955,22.715456939429757],[-99.79762174630022,22.720254361242777],[-99.79567982808818,22.71084664265072],[-99.72872769663833,22.65235444211776],[-99.72628225223113,22.60874195568535],[-99.73231308052469,22.586932894776567],[-99.74086826229856,22.57695252447394],[-99.73823643837531,22.54621845397227],[-99.73376434541186,22.536338465128175],[-99.71345795619112,22.500175112648517],[-99.68806839215644,22.496905642031322],[-99.65250799106992,22.453579994860394],[-99.66602939472284,22.4344310295966],[-99.71050908749257,22.42769090575623],[-99.74848153689366,22.455545942624727],[-99.78807113106544,22.454222226981077],[-99.804816349876,22.484221526998454],[-99.81575522927578,22.514419731854982],[-99.86651705119722,22.554236471929894],[-99.87893090805282,22.54583367689403]]]}},{"type":"Feature","properties":{"clues":"SPIMB002236"},"geometry":{"type":"Polygon","coordinates":[[[-99.4030203091529,21.897255002989336],[-99.41230187223972,21.90123945208074],[-99.42296998791976,21.915215084115864],[-99.42790400904924,21.917075307983684],[-99.42944628709479,21.928933209278238],[-99.41784047376656,21.941092822415857],[-99.43191948521807,21.959739574596444],[-99.44659629260653,21.964089065917143],[-99.44263407185852,21.969842064846766],[-99.4396391398891,22.004757353664523],[-99.43686894172923,22.011502162705863],[-99.4119673697312,22.01339387691629],[-99.40836996433293,22.01927659477829],[-99.40524537432057,22.02108476575332],[-99.33826925395134,22.017748573960453],[-99.33349300760838,21.981391315781874],[-99.35890778841983,21.950945141205423],[-99.35713453554665,21.922028629569432],[-99.35030246322786,21.908677936345953],[-99.34813828405674,21.908201688545155],[-99.33212998593604,21.889218848761335],[-99.33440140322577,21.86091340577751],[-99.34926383687511,21.8545855440016],[-99.36207138883718,21.865661250172685],[-99.36320981844567,21.8683339245661],[-99.36168638672024,21.87827471390613],[-99.38973818939073,21.873241366817684],[-99.38123135980997,21.897855685989843],[-99.39658169992023,21.899648848156897],[-99.4030203091529,21.897255002989336]]]}},{"type":"Feature","properties":{"clues":"TSIMB001214"},"geometry":{"type":"Polygon","coordinates":[[[-99.18167690243834,22.473001713750907],[-99.17236493709021,22.447365965437008],[-99.19348335220047,22.42258282681176],[-99.23004449806719,22.44518967236327],[-99.24265856496731,22.443873455786203],[-99.25357956113785,22.452880522291977],[-99.25550507415558,22.46955475077205],[-99.2668837467242,22.484296755909295],[-99.27430295001923,22.50006902188102],[-99.26239898214061,22.507302319118406],[-99.25592182669543,22.520848698256987],[-99.24268851253328,22.5247242272847],[-99.22650501152461,22.512707013940442],[-99.22544814618928,22.509202254535676],[-99.22310268626245,22.508396671250505],[-99.21813648848017,22.496589751124162],[-99.19819781944396,22.474476042048227],[-99.18415674618403,22.475633209460753],[-99.18167690243834,22.473001713750907]]]}},{"type":"Feature","properties":{"clues":"TSIMB002310"},"geometry":{"type":"Polygon","coordinates":[[[-99.05660444637878,22.72784151505116],[-99.06394090104095,22.727698328127],[-99.06894949104714,22.7256453797215],[-99.08550559166915,22.735561753659113],[-99.1018625682987,22.74193855113],[-99.11386327796338,22.75624700075535],[-99.12288327860404,22.777891892512258],[-99.08975801866126,22.778767426934312],[-99.07599773675608,22.798730486069786],[-99.06649172688678,22.80948020876213],[-99.05875460268828,22.793486977058592],[-99.05889212613619,22.78765083669391],[-99.0404207746487,22.772945756833234],[-99.03398086936755,22.782329609931402],[-99.02216200083348,22.779598598784556],[-99.01987639826145,22.776938201425317],[-99.00921871818304,22.774077017112326],[-99.00714500923756,22.77153921341646],[-99.00726528412879,22.764301583768635],[-99.01205706624897,22.762735379220736],[-99.01266450498655,22.759182042687577],[-99.01150191984766,22.755365026912724],[-99.01292406933153,22.7515904654587],[-99.00805038098571,22.74427389540568],[-99.00932713879995,22.738541616176704],[-99.02510918616639,22.733777879537232],[-99.03090850682258,22.734763742951383],[-99.03723090592614,22.73802625794747],[-99.05660444637878,22.72784151505116]]]}},{"type":"Feature","properties":{"clues":"TSIMB000736"},"geometry":{"type":"Polygon","coordinates":[[[-98.98260056528504,22.551195890781525],[-98.98122937714537,22.55819182337579],[-98.9640193655925,22.585022356813674],[-98.93019831344171,22.596441569931454],[-98.92962145454588,22.6200983358894],[-98.9355494068108,22.63334922326629],[-98.92000140512943,22.670774308882585],[-98.90605756296307,22.678199810842106],[-98.88188635291563,22.673843290223328],[-98.87229850607358,22.64771412414546],[-98.86590253622806,22.639709287544655],[-98.85990984069568,22.627077221804516],[-98.82284985031538,22.638466465188614],[-98.80014035258552,22.626472147574603],[-98.7999285188427,22.608461096269377],[-98.80358668712404,22.56904364896838],[-98.81384030992842,22.55777755302077],[-98.83593079057597,22.550443318474453],[-98.87694415312372,22.56016668421952],[-98.9134894251838,22.525448512877762],[-98.911521375527,22.52089040774522],[-98.86256897369361,22.490245048872257],[-98.88778435819115,22.443320140770517],[-98.91389403501528,22.432884817586007],[-98.92264806519431,22.432596060545848],[-98.97432697448058,22.422524881198427],[-98.97946660881341,22.430620606814884],[-98.99180220217298,22.464348705526096],[-98.9920244934156,22.487990314512228],[-98.97875948146097,22.534335565759424],[-98.98260056528504,22.551195890781525]]]}},{"type":"Feature","properties":{"clues":"SPIMS000871"},"geometry":{"type":"Polygon","coordinates":[[[-98.93382737426835,21.561312224139005],[-98.9374687628261,21.560898547438292],[-98.9435401716838,21.567148853339315],[-98.94504768974868,21.564513012301035],[-98.9550756852209,21.565749374868865],[-98.94721310910803,21.574753861499858],[-98.93297858075209,21.572060158698186],[-98.93130371457255,21.576387732758036],[-98.92931714081814,21.577406297306272],[-98.9297005923639,21.580628735624853],[-98.92567063005994,21.584440006222053],[-98.91294162603496,21.587483783658207],[-98.9042858415591,21.58418395603772],[-98.90072102615883,21.577736874423426],[-98.89397572869105,21.58062166150316],[-98.88947824518559,21.574496933700804],[-98.88726794226235,21.57443258630652],[-98.88346841154677,21.57927598464381],[-98.87563336463734,21.57763880319236],[-98.87270431753497,21.57252484130214],[-98.8743819343335,21.566330612442524],[-98.88034700904548,21.562188502935165],[-98.88387815226922,21.565021563655772],[-98.88756682844429,21.563620974210096],[-98.89173597181559,21.555596141922457],[-98.89763507364103,21.55353272274053],[-98.90616625461836,21.554628296827154],[-98.91331911563252,21.559414502000077],[-98.91558869087255,21.55915935041305],[-98.91882580684685,21.555887488378374],[-98.92151358345059,21.555736159000723],[-98.92329228359642,21.55867632875796],[-98.9290108067181,21.56063374599407],[-98.9323275275052,21.56379027528314],[-98.93382737426835,21.561312224139005]]]}},{"type":"Feature","properties":{"clues":"SPIMS001752"},"geometry":{"type":"Polygon","coordinates":[[[-98.71019697919485,21.69883836605397],[-98.71543858425369,21.696211266933542],[-98.75737493558655,21.69098328087795],[-98.76314776080231,21.698356639558064],[-98.77694446184667,21.70683366306662],[-98.77923691169768,21.70989217679424],[-98.77935583865343,21.712920440785204],[-98.765664264613,21.756095939733864],[-98.74949130360754,21.76367691127652],[-98.74114633357891,21.76564008190286],[-98.72718156176836,21.776508162673007],[-98.6962917194726,21.76659714311929],[-98.67979945035455,21.763487262541783],[-98.6857155655096,21.714125962381672],[-98.69866550585456,21.710284763875244],[-98.71019697919485,21.69883836605397]]]}},{"type":"Feature","properties":{"clues":"TSIMB000362"},"geometry":{"type":"Polygon","coordinates":[[[-98.57893727537412,22.627268457505004],[-98.58688354888749,22.632153324454944],[-98.61235779252563,22.630348814038495],[-98.6311107837375,22.670357104119514],[-98.63242824414364,22.67063742128882],[-98.63570195165559,22.685118227743505],[-98.6395537358673,22.738130400843666],[-98.61683100397767,22.760484415022216],[-98.60580624290185,22.761033704186456],[-98.58682631042649,22.75329177572],[-98.57979447535024,22.744316969944208],[-98.55712542901918,22.749369809243053],[-98.51505171829375,22.77057910590796],[-98.49390742186796,22.756392226625657],[-98.46898843628978,22.750643061787624],[-98.46362073381079,22.74386610312201],[-98.46868145745137,22.719859329583052],[-98.47139514110265,22.715605308016947],[-98.47532199312138,22.697629774723023],[-98.47378116577205,22.656530969542207],[-98.40841432399374,22.641025845810727],[-98.40473950953191,22.60440888292052],[-98.41483921892151,22.592221846306632],[-98.43345953917019,22.55693898645449],[-98.48123522483435,22.549426448652984],[-98.48342262538442,22.554097217318493],[-98.51025406288812,22.580841769894622],[-98.52030518104804,22.622585002842474],[-98.54089581810713,22.61465160332456],[-98.55662649549801,22.62338327708199],[-98.57893727537412,22.627268457505004]]]}},{"type":"Feature","properties":{"clues":"VZIMS006724"},"geometry":{"type":"Polygon","coordinates":[[[-98.53892221788347,21.67114321081157],[-98.54357300301602,21.673499718564052],[-98.55954694087328,21.691636039486138],[-98.5558279833929,21.69861605255744],[-98.56567760101443,21.70984839228751],[-98.55702772962262,21.721958306682378],[-98.53324609371033,21.721098399723136],[-98.53020620760581,21.722702753303288],[-98.51404015971723,21.740439550408766],[-98.47405074662382,21.736090600729987],[-98.46670574766043,21.726457076259358],[-98.47164526234037,21.722993458371665],[-98.49405552376898,21.6964147553652],[-98.49352300397281,21.688040739185432],[-98.48582988788137,21.67407717680243],[-98.49889935827427,21.66273909101326],[-98.50916592699583,21.650701040754587],[-98.51640667710073,21.654171410512273],[-98.52695043779376,21.670455186097602],[-98.53119280698702,21.672245440422035],[-98.53892221788347,21.67114321081157]]]}},{"type":"Feature","properties":{"clues":"VZIMB005883"},"geometry":{"type":"MultiPolygon","coordinates":[[[[-98.42254367306678,21.59540526650984],[-98.42451141631761,21.609411959485378],[-98.4078523148608,21.60565383705925],[-98.40989803453401,21.603145747234475],[-98.41321491275312,21.59013456233525],[-98.4189597028604,21.583644575398008],[-98.42559784760113,21.582490338516966],[-98.42254367306678,21.59540526650984]]],[[[-98.38137171177398,21.600713140185032],[-98.39280069195594,21.60209030052651],[-98.40108404253508,21.610814363449098],[-98.40171130420055,21.616914954180746],[-98.4068358922573,21.624266927245213],[-98.41836242099149,21.62612222061853],[-98.41460046813839,21.643042042888275],[-98.42076474876545,21.647661349413625],[-98.42209452742848,21.65698599192527],[-98.39809435158608,21.66616029220673],[-98.39525807727993,21.66836170387234],[-98.39045472669812,21.66698920765364],[-98.38705605979082,21.669169457333076],[-98.37655468340304,21.680014488132926],[-98.37113488599427,21.692223768042698],[-98.37199190841105,21.71686596797123],[-98.36809276669803,21.73209119597939],[-98.3683669806467,21.735983591845027],[-98.37034632356247,21.743031304217563],[-98.37872877572974,21.74681462205524],[-98.38341652965295,21.77397871566898],[-98.38252164286423,21.781671808674126],[-98.36964777403888,21.795800305645695],[-98.37029227483828,21.79959037091544],[-98.35389701680174,21.80782406128215],[-98.34224565847161,21.82182420721885],[-98.32968780808994,21.815962446957396],[-98.31772302538332,21.814189093600977],[-98.31237322097883,21.824549153064776],[-98.3074317607276,21.829998842809033],[-98.29938278240718,21.83481411073201],[-98.27122908489217,21.835403855120493],[-98.26819771335751,21.833002709965207],[-98.28085557498413,21.78410793714515],[-98.26722874801393,21.781117148643276],[-98.23926002292006,21.76312080201534],[-98.22143729479566,21.780207990743314],[-98.21491618298771,21.779168904476027],[-98.2107339260031,21.775854055542705],[-98.20510074916464,21.765092250805278],[-98.21380495552164,21.752174714685864],[-98.22866516362154,21.74497624950917],[-98.23528556971425,21.74814335962028],[-98.2419972509913,21.74392031863984],[-98.24992465846672,21.72500142253047],[-98.27222485311866,21.71999025218434],[-98.27964165783322,21.695624913287844],[-98.28353258954733,21.695430845193762],[-98.31186254093612,21.681031112662648],[-98.31385582653654,21.66750876560291],[-98.32028635527696,21.663818801488446],[-98.3470578180295,21.678398486291453],[-98.35311105638291,21.67378029525887],[-98.35582858029233,21.66739705220077],[-98.35439813369189,21.652653547857703],[-98.34844592505242,21.64657699110617],[-98.34202085274435,21.644505362862578],[-98.339794954858,21.61901959961457],[-98.3112994753695,21.613178782328294],[-98.31061724394925,21.601671114045207],[-98.33610104966093,21.60059572236501],[-98.34686223024643,21.60818081522428],[-98.3520537664028,21.599020575757045],[-98.36083683109464,21.597596352576605],[-98.36675471087544,21.60071704971566],[-98.37974624711805,21.602160833789974],[-98.38137171177398,21.600713140185032]]]]}},{"type":"Feature","properties":{"clues":"SLIMB000224"},"geometry":{"type":"Polygon","coordinates":[[[-108.07185186145182,25.26302549178252],[-108.05525464047734,25.279362728555014],[-108.06965320145042,25.281897943779605],[-108.08129903026159,25.277569124335972],[-108.09146858599651,25.28895776949304],[-108.1112344929009,25.296059710136742],[-108.0960489187726,25.330490288608555],[-108.10873315544211,25.350623746724242],[-108.09295171775214,25.382209650427196],[-108.0906097141256,25.3835386266478],[-108.05108177236008,25.361212252541293],[-108.04783117182909,25.349416294712128],[-108.03298958931087,25.345671362089412],[-108.00675698875857,25.35631672598537],[-108.00075629683349,25.35469417927016],[-107.98877526164712,25.362515311499553],[-107.96922640224653,25.35022918624159],[-107.97333041605303,25.336848586178466],[-107.97292841723174,25.31690736381155],[-107.98600763371996,25.30743519369745],[-107.99534957951622,25.305139600800754],[-108.00570356434488,25.282994953822726],[-108.00212970205634,25.262675827818775],[-108.02198180956219,25.255333952579004],[-108.03070883391585,25.24810037524359],[-108.0516488096355,25.259466685394763],[-108.0539242453301,25.257276602728908],[-108.07185186145182,25.26302549178252]]]}},{"type":"Feature","properties":{"clues":"SLIMB000685"},"geometry":{"type":"Polygon","coordinates":[[[-107.53313812160562,24.77125936872686],[-107.53577435599658,24.779256358776045],[-107.53453910838628,24.78533098647286],[-107.53753389335017,24.798062115515595],[-107.53062194552453,24.800036532923045],[-107.51231269769707,24.81021303882204],[-107.50097103457226,24.80525770367235],[-107.49874413217962,24.806312380542867],[-107.48711592787083,24.80509332165078],[-107.48366143593229,24.798570208506415],[-107.48046772955723,24.797209156746252],[-107.47964100367486,24.793790082515056],[-107.48170005047167,24.79020938498107],[-107.47940224599576,24.785066588618676],[-107.47791753510957,24.784489729829808],[-107.47070103599562,24.788017284490792],[-107.46633675657642,24.787586001064213],[-107.46587591915123,24.7801596779854],[-107.4559678048089,24.77737953389809],[-107.46039699991852,24.77200628046106],[-107.4671931992587,24.77687910472477],[-107.47367323709443,24.772552065185955],[-107.47172829230131,24.768453552572232],[-107.46575246840919,24.764377414659883],[-107.46648217091963,24.758204436125638],[-107.48381060429807,24.74536897720577],[-107.48034067970154,24.736029642011633],[-107.49354376007831,24.721426936199556],[-107.506225781138,24.717953178122446],[-107.51050540469411,24.72249210120487],[-107.5279251164158,24.731361328461382],[-107.52890155465401,24.73315788268476],[-107.53071394473125,24.73867440479537],[-107.52786196972976,24.747752383643164],[-107.5301966957479,24.76011764509778],[-107.53357018536268,24.762734598589827],[-107.53313812160562,24.77125936872686]],[[-107.5074820042898,24.759718631637313],[-107.52435367380002,24.747814918758575],[-107.50984624967764,24.747010130729993],[-107.50124629217477,24.757654119449786],[-107.5074820042898,24.759718631637313]]]}},{"type":"Feature","properties":{"clues":"SLIMB002370"},"geometry":{"type":"Polygon","coordinates":[[[-107.39046710700038,24.829861889880405],[-107.39669469455721,24.834557949334886],[-107.39547259842472,24.840409029301497],[-107.39949173145338,24.8461144663501],[-107.39871120787053,24.84888048563043],[-107.38748841201544,24.852267621207922],[-107.38583139127768,24.854985044328135],[-107.38626687385492,24.857610409621717],[-107.37939347659083,24.861125597706184],[-107.37656837198776,24.86491467808492],[-107.3620365895852,24.866198609379982],[-107.35865278969862,24.86474114108439],[-107.34589379446585,24.867466313353816],[-107.33978701173668,24.851502615599117],[-107.33698767542052,24.84863878345668],[-107.3404195604493,24.836962386683474],[-107.3473735440437,24.83593522239416],[-107.3545499180251,24.82844631253896],[-107.35959621134946,24.831019010869714],[-107.36369635514757,24.8355776926352],[-107.3688371148742,24.827403748102178],[-107.37302449835072,24.833077727245634],[-107.3760270687167,24.82968450180144],[-107.37924176900474,24.83049861878271],[-107.38223404486048,24.82691950650258],[-107.38653099751623,24.83057025821636],[-107.39046710700038,24.829861889880405]]]}},{"type":"Feature","properties":{"clues":"SRIMB001940"},"geometry":{"type":"Polygon","coordinates":[[[-111.42856388997603,30.468011764435477],[-111.44659082965947,30.462935569866925],[-111.50755796804978,30.50265884686791],[-111.51315811589554,30.508641869969704],[-111.53009513555358,30.595146236899314],[-111.51845396596562,30.611753129846235],[-111.5076450510057,30.6380718937604],[-111.50876501712837,30.66164343546463],[-111.49105100652105,30.678264686586296],[-111.48096690220315,30.692811366888364],[-111.47188552132023,30.711141277542378],[-111.46149829995989,30.74341286705761],[-111.45748548833195,30.773858903878676],[-111.3852173970447,30.797144775115086],[-111.33597747355795,30.7360972497634],[-111.30172134010182,30.703574563152316],[-111.29456082833552,30.70011720620129],[-111.29091707111041,30.69365124011814],[-111.32984361688186,30.620847880776576],[-111.3335890709309,30.59634463107813],[-111.33340729553464,30.53269635100354],[-111.37760569257371,30.50662993799738],[-111.40508580755059,30.478248978584013],[-111.41553757403464,30.474868888543604],[-111.42856388997603,30.468011764435477]]]}},{"type":"Feature","properties":{"clues":"SRIMB000663"},"geometry":{"type":"Polygon","coordinates":[[[-109.44659252953839,29.5365005189358],[-109.516819690998,29.58433930228149],[-109.57108663043992,29.627375212455828],[-109.59425582395336,29.608284215367068],[-109.67901046808504,29.57342539500054],[-109.77656268102261,29.610575363966277],[-109.81913759675172,29.685330343202363],[-109.76768678877764,29.700881050204917],[-109.64464964969787,29.75427742264562],[-109.54709363560599,29.783079468992135],[-109.4931929307262,29.79468076177761],[-109.48872464647907,29.798547707877084],[-109.27847217380305,29.66900609004962],[-109.23688405940571,29.597880654190497],[-109.21361146918811,29.591701431170865],[-109.10111064555454,29.473095879611332],[-109.22425375233243,29.219381552323195],[-109.30761756019115,29.214205877779133],[-109.41907481935132,29.270092586475275],[-109.4355677933151,29.37405365986727],[-109.37318786600144,29.481878214773374],[-109.44659252953839,29.5365005189358]]]}},{"type":"Feature","properties":{"clues":"TCIMB000470"},"geometry":{"type":"Polygon","coordinates":[[[-93.4717823431033,18.038943647618677],[-93.46467184945806,18.072803729120743],[-93.43973758883605,18.069974753967344],[-93.42562974219851,18.070362684644152],[-93.4183690902172,18.058093929330557],[-93.40338953512247,18.051306021572803],[-93.40577381930859,18.031733095550386],[-93.43184975679702,18.030736347010652],[-93.43328088900121,18.031839593696898],[-93.45723127649798,18.026540341571923],[-93.4703789975374,18.035349540809428],[-93.4717823431033,18.038943647618677]]]}},{"type":"Feature","properties":{"clues":"TCIMB001713"},"geometry":{"type":"Polygon","coordinates":[[[-93.34514901332344,18.15954189303362],[-93.34977442072608,18.157381274991103],[-93.36794615649647,18.166289391573173],[-93.36830376107697,18.169965882244743],[-93.3847509638467,18.179999772646983],[-93.38571010512344,18.18314394131763],[-93.3654224670101,18.193109098597283],[-93.36300852896925,18.210728826263747],[-93.33624500950378,18.196265896666507],[-93.34194847063725,18.180800857613434],[-93.34514901332344,18.15954189303362]]]}},{"type":"Feature","properties":{"clues":"TCIMB005394"},"geometry":{"type":"Polygon","coordinates":[[[-93.33182075307845,18.258395694614705],[-93.34825062129167,18.26254836046871],[-93.34945056474699,18.271684071014345],[-93.36685206494812,18.28471814952527],[-93.36499968986915,18.295695034519248],[-93.35832054116844,18.29938019745923],[-93.3438320092011,18.3014709248948],[-93.33349714733215,18.308714160451647],[-93.33243274770348,18.310852279011517],[-93.32069317964879,18.316052356681258],[-93.30788824315867,18.31177484889539],[-93.30069342346732,18.312526482834766],[-93.2868619314276,18.297683449806748],[-93.28410470916714,18.283854684705542],[-93.2852554437612,18.281273405939196],[-93.30103563092246,18.278916991187277],[-93.30964868303386,18.2639961576871],[-93.3121164261794,18.262710375620138],[-93.32093592445393,18.26484200170558],[-93.33182075307845,18.258395694614705]]]}},{"type":"Feature","properties":{"clues":"TCIMB005406"},"geometry":{"type":"Polygon","coordinates":[[[-93.30103563092246,18.278916991187277],[-93.2852554437612,18.281273405939196],[-93.27790995968604,18.265578939453075],[-93.28108519054649,18.25806428517157],[-93.28841703494828,18.25235491162631],[-93.30964868303386,18.2639961576871],[-93.30103563092246,18.278916991187277]]]}},{"type":"Feature","properties":{"clues":"TCIMB003224"},"geometry":{"type":"Polygon","coordinates":[[[-93.13270570332668,18.268229610891108],[-93.14107026974368,18.28344722777456],[-93.13937052996503,18.285722427738488],[-93.13952883579275,18.302526895275424],[-93.1494709908962,18.3099097508566],[-93.14970907315995,18.317563992718764],[-93.1556516109133,18.328096746433],[-93.15389006104388,18.363360137063697],[-93.15203162204351,18.370925381605268],[-93.14146295017056,18.376749780039905],[-93.11719845241717,18.37546521329702],[-93.11088583443579,18.36121396683835],[-93.11075773439278,18.34178488647971],[-93.09365154085167,18.308807451865487],[-93.09585951451888,18.30240958531074],[-93.11045660147927,18.292507111660054],[-93.1116510270866,18.289260610730253],[-93.1111856306502,18.276440273432446],[-93.13270570332668,18.268229610891108]]]}},{"type":"Feature","properties":{"clues":"TCIMB001602"},"geometry":{"type":"Polygon","coordinates":[[[-93.0888937595429,18.02413351649397],[-93.11745269247152,18.026928097640162],[-93.12778977612616,18.042310829643558],[-93.13109746661996,18.043566050508215],[-93.14768852360042,18.059024695138284],[-93.15120057005679,18.069650547721423],[-93.14858286308959,18.08539564358197],[-93.13279763645075,18.087146015959167],[-93.12876023417155,18.08590049773991],[-93.12031422108987,18.09219381104972],[-93.10524690091884,18.092406492497023],[-93.09162769219895,18.07032879711928],[-93.0920389621911,18.06553359880055],[-93.09833576405718,18.052860137572814],[-93.08608400578942,18.028870144563367],[-93.0888937595429,18.02413351649397]]]}},{"type":"Feature","properties":{"clues":"TCIMB003031"},"geometry":{"type":"Polygon","coordinates":[[[-93.01955869705697,18.19212775249742],[-93.00429275318623,18.21744247052224],[-92.99261021832567,18.2170680293583],[-93.00433723715292,18.192022401357917],[-92.99687759840992,18.181258262973078],[-92.99799038143793,18.179428734881203],[-93.00943063237459,18.175250122439255],[-93.02213718361635,18.187277233931226],[-93.02267103274163,18.190381506668373],[-93.01955869705697,18.19212775249742]]]}},{"type":"Feature","properties":{"clues":"TSIMB003162"},"geometry":{"type":"Polygon","coordinates":[[[-98.37016827910331,26.01867829563408],[-98.37073844784454,26.029677235973494],[-98.36348430804324,26.03377126187209],[-98.35678629838374,26.045356717790494],[-98.35757273038203,26.049459632754797],[-98.3531683324371,26.05448110872307],[-98.35718450852615,26.0617702912702],[-98.35613016806094,26.064128240911234],[-98.35296628137297,26.06500910001152],[-98.34967013430382,26.054706789344415],[-98.34521768446487,26.053093455050387],[-98.34235121408888,26.05555070857056],[-98.34336696946279,26.06475078120466],[-98.33770376640628,26.06135308830623],[-98.33337731366501,26.06173425974437],[-98.33263673870508,26.057095646725628],[-98.33901574567336,26.055188901805],[-98.33232899480424,26.04618781929572],[-98.33348469818985,26.04479442731904],[-98.34553160390489,26.048363650071884],[-98.34524765135704,26.040377768202234],[-98.34688867964248,26.033634958119368],[-98.34878892277524,26.03348888878767],[-98.35497752313174,26.03839340901601],[-98.35642639388495,26.034228808837366],[-98.35508684348876,26.029087870560183],[-98.37016827910331,26.01867829563408]]]}},{"type":"Feature","properties":{"clues":"VZIMB003462"},"geometry":{"type":"MultiPolygon","coordinates":[[[[-98.26009809336513,22.074781045844727],[-98.26523908245915,22.069354233307607],[-98.29192043794644,22.095813538696003],[-98.29380390156206,22.11358159346677],[-98.3053634858354,22.123426587232295],[-98.29348108588998,22.162420265648464],[-98.28395812162665,22.169106928250713],[-98.27648004436108,22.18993902555476],[-98.28038501515933,22.19931226044341],[-98.2777800124241,22.20703834256445],[-98.24934164238896,22.21788919906391],[-98.23909347992435,22.226945336146663],[-98.22046526483756,22.21783627983428],[-98.2268121536716,22.181397835131968],[-98.21865802096731,22.17724600186614],[-98.20112926354638,22.174020523453652],[-98.19063253708306,22.177993234409414],[-98.18893280603658,22.177450571703663],[-98.18710226150883,22.17318580331258],[-98.1814292711027,22.16686088701455],[-98.16908621202704,22.160112565414135],[-98.16025298987812,22.162026893542436],[-98.15734957078858,22.158921883440392],[-98.13874940220765,22.157478451890377],[-98.13585097352677,22.163709735235244],[-98.11234409902785,22.158747034380326],[-98.11415837181467,22.13351131322022],[-98.11237688032925,22.128677881286908],[-98.1384703133084,22.10199818475072],[-98.14960557531103,22.11594582726117],[-98.1664170715572,22.11834543967287],[-98.1705913899269,22.117461493959595],[-98.17546611453395,22.107693326650754],[-98.1706019248228,22.078093558790663],[-98.18206624831912,22.07642202753585],[-98.1878168526607,22.082860285779596],[-98.18614964384778,22.09631848756815],[-98.20329038456825,22.09504324888301],[-98.1973003524926,22.103333528385836],[-98.19755802988786,22.11143411098682],[-98.22508106580946,22.10963739442519],[-98.22870075199204,22.100242435606205],[-98.23655354080184,22.096476975428356],[-98.23654602302052,22.092398102053338],[-98.22823827904743,22.06706231372222],[-98.24079307662883,22.061836176460478],[-98.26009809336513,22.074781045844727]]],[[[-98.12074236684377,22.224410355021394],[-98.11321902330916,22.22750863641316],[-98.10832143214392,22.22721206988617],[-98.10402552381572,22.16447132928],[-98.11196660089492,22.1590696094997],[-98.13019346082429,22.192991203270815],[-98.12074236684377,22.224410355021394]]]]}},{"type":"Feature","properties":{"clues":"TSIMS001220"},"geometry":{"type":"Polygon","coordinates":[[[-98.15940545249414,25.55582324132092],[-98.18045968953857,25.567554548680246],[-98.17853237852094,25.602105755262198],[-98.13659777937497,25.642592850265665],[-98.13660642811541,25.64670899726116],[-98.1455133799399,25.66774537833791],[-98.15793891531197,25.68636557484536],[-98.18207600311129,25.703668990538304],[-98.17220061012058,25.74047417948996],[-98.14565944604658,25.75225267326404],[-98.1409632061086,25.75830586780276],[-98.12632272694495,25.767538245310988],[-98.10230522753227,25.756181836603993],[-98.09620440450193,25.73907446496909],[-98.09199002504963,25.73645571765427],[-98.07211541573969,25.742112857001985],[-98.06543142112157,25.731509887168],[-98.07746634347421,25.70953480596091],[-98.07416242817439,25.701117343103103],[-98.06433195906682,25.697010496705822],[-98.06148981088707,25.69279419706335],[-98.0638416730635,25.67420076127512],[-98.06564264047228,25.67213526843762],[-98.07822140355077,25.66681519192636],[-98.07817878726226,25.62449508662858],[-98.06645847888534,25.629281979666345],[-98.03108573642162,25.628423196751825],[-98.02713155327368,25.6262630109346],[-98.03013600644677,25.60741061763557],[-98.00778928203397,25.581581362569384],[-98.02624068228573,25.55918708310805],[-98.03286517683529,25.55640881157321],[-98.04294883969592,25.54107522954691],[-98.0852416739315,25.570986297942536],[-98.09259692552747,25.56942083531581],[-98.12086427154293,25.57199540459212],[-98.15940545249414,25.55582324132092]]]}},{"type":"Feature","properties":{"clues":"VZIMB008741"},"geometry":{"type":"MultiPolygon","coordinates":[[[[-97.97093021712111,22.187014066824226],[-97.97142932443036,22.20768550740919],[-97.98219009445961,22.214383666186325],[-97.96846659333899,22.220969050697803],[-97.95246328337555,22.248286888792126],[-97.95209491140216,22.251875771165995],[-97.93386727997888,22.246557120189483],[-97.90331546580015,22.247399738424495],[-97.90376703854717,22.23985568111983],[-97.89680147375549,22.22232640968416],[-97.89759518587385,22.213444382247168],[-97.91016054920358,22.182966537498846],[-97.91434711569852,22.18659094147899],[-97.93496497898761,22.196664081546384],[-97.96073737594192,22.19181538764586],[-97.97093021712111,22.187014066824226]]],[[[-97.96503670226252,22.300265511662854],[-97.92373658899758,22.311286432402962],[-97.92150352250005,22.300963170409084],[-97.97339178730073,22.281412602204984],[-97.96503670226252,22.300265511662854]]]]}},{"type":"Feature","properties":{"clues":"TSIMB000140"},"geometry":{"type":"Polygon","coordinates":[[[-97.932623643903,22.39800651777106],[-97.93826425318498,22.403205921689942],[-97.94425177488172,22.402294939223705],[-97.94909160679572,22.405101942392697],[-97.95189126380627,22.404911536339725],[-97.95252410023068,22.41177218208627],[-97.96095549686524,22.414275041047024],[-97.96068790696818,22.41938514488745],[-97.95748721588878,22.420653900650603],[-97.95280111363769,22.41904578193393],[-97.94833774771821,22.426920169906012],[-97.95016109009566,22.430588084778094],[-97.94947315275026,22.435303869002077],[-97.95769841518951,22.44452184449938],[-97.96283322775385,22.456042821218833],[-97.95712738886326,22.45994389181417],[-97.94348438158768,22.47449315892097],[-97.94981933070235,22.49561019964902],[-97.94382252142715,22.502812601825266],[-97.91256588302252,22.482568093183612],[-97.92603508921437,22.467759719935472],[-97.92218388686668,22.45407785303967],[-97.92152393175773,22.445963148965454],[-97.91238218895454,22.44178527425517],[-97.90805245493861,22.441366365526278],[-97.88213975396982,22.452472471256456],[-97.88915540923672,22.430384370645964],[-97.89458390359741,22.42175128673191],[-97.8954592983188,22.415251001164265],[-97.88988150785254,22.411434326218075],[-97.88863385611184,22.40611331612869],[-97.89401646437226,22.403609058608314],[-97.90092605100848,22.408752078409737],[-97.90385320946989,22.406866387320186],[-97.90466325335089,22.404203020369092],[-97.9083028365896,22.403172080612514],[-97.9093207128273,22.399368501917863],[-97.91451381949896,22.399240170407296],[-97.91564313576777,22.394287411834586],[-97.91881308703533,22.391901229079316],[-97.92154457331468,22.392290111445796],[-97.92902550625213,22.397461363242513],[-97.932623643903,22.39800651777106]]]}},{"type":"Feature","properties":{"clues":"TSIMS001331"},"geometry":{"type":"Polygon","coordinates":[[[-97.67403295543382,24.51506154084338],[-97.67920133901919,24.48087634367625],[-97.6774452588404,24.48009030942704],[-97.6806328464654,24.479923225908653],[-97.68101783997963,24.477644345684848],[-97.67644836478576,24.477855996592925],[-97.67945976690899,24.47759208849705],[-97.68316281782249,24.46713971573646],[-97.69202764041484,24.418732373319767],[-97.7977643581528,24.445468298971463],[-97.82392845343954,24.4816432953191],[-97.8269392329192,24.538653815380563],[-97.81480323586851,24.564850541107297],[-97.81157105495645,24.56679487978236],[-97.73192933111417,24.525601283391666],[-97.67403295543382,24.51506154084338]]]}},{"type":"Feature","properties":{"clues":"TSIMB001815"},"geometry":{"type":"Polygon","coordinates":[[[-97.85846804278408,22.31003550235818],[-97.86124558775562,22.31135614910078],[-97.86187940049365,22.315966761040105],[-97.86346814451865,22.31671877626002],[-97.86349021492737,22.320992178600164],[-97.85973076940351,22.32267195228656],[-97.85806481286536,22.321603777530058],[-97.85836551003358,22.31661191995769],[-97.85687733205425,22.313400993530863],[-97.85229400407027,22.31352279196657],[-97.85180783761344,22.310193038768887],[-97.84919055037183,22.307546478865905],[-97.85116445663856,22.30431418963456],[-97.85558860453398,22.30365569461241],[-97.85846804278408,22.31003550235818]]]}},{"type":"Feature","properties":{"clues":"TSIMB000963"},"geometry":{"type":"Polygon","coordinates":[[[-97.74849278927458,25.918243193542875],[-97.76215558865489,25.915131595262377],[-97.77031661256528,25.909546880640555],[-97.79192909372459,25.92170001665314],[-97.7972023136101,25.922877333273764],[-97.80308788885584,25.93429961115377],[-97.80130843318354,25.936596581898588],[-97.80333966627141,25.947907520411192],[-97.798889355604,25.964798643470864],[-97.80306097276063,25.97015498465275],[-97.80426397551261,25.982848642291714],[-97.77524905654624,25.981365382924505],[-97.77384779532316,25.98331884077467],[-97.77918294426739,25.99779415136604],[-97.77072407519537,26.009207029871547],[-97.76735111938152,26.00883596564094],[-97.76624176457463,26.001155517556935],[-97.75228442773263,26.004175946386905],[-97.75222097793304,26.011317151861363],[-97.75008302927976,26.01362592665576],[-97.74430046996784,26.0291461596228],[-97.73527102970523,26.028441509663352],[-97.73469155017648,26.032006048928483],[-97.7203613801351,26.031177628813346],[-97.71820271977288,26.02886017966033],[-97.72142094956371,26.023208889367258],[-97.7164987002111,26.024514946538698],[-97.70991890594816,26.00819082408645],[-97.71725967151795,25.99596552784255],[-97.70148676103831,25.98041702047284],[-97.69802859824547,25.980733030963098],[-97.68643877543425,25.992632188548306],[-97.66511046074238,25.986011255672384],[-97.66018673956489,25.980486876795204],[-97.66845800792395,25.975797201986214],[-97.68019878485532,25.966066408498193],[-97.6824202052349,25.959969501167937],[-97.69365245147088,25.954979339396807],[-97.70208620565182,25.956657613923927],[-97.71479259004508,25.94180066463538],[-97.72522046213165,25.939391016119906],[-97.74692614364113,25.92419184954247],[-97.74849278927458,25.918243193542875]]]}},{"type":"Feature","properties":{"clues":"VZIMB003305"},"geometry":{"type":"Polygon","coordinates":[[[-98.13971568834044,21.67056074429726],[-98.1402790429835,21.68965581579055],[-98.14831107722277,21.700415272862767],[-98.16053155366387,21.70542585366668],[-98.1637565591207,21.707734961408963],[-98.16507847912692,21.711214637558086],[-98.14806672574537,21.733407458199434],[-98.14597688205869,21.758194736913897],[-98.1435462002828,21.761446048150383],[-98.1441592668448,21.763496135702052],[-98.13111718374998,21.803738449141388],[-98.11806222392413,21.82236448341345],[-98.10568618486109,21.828053764130388],[-98.09681585909475,21.821486643468546],[-98.06896025045275,21.819257704969594],[-98.0684180474549,21.78794233345826],[-98.03614995928433,21.806391109038305],[-98.02128487128257,21.79534330268182],[-98.01744037071064,21.79046620438644],[-98.00854193316067,21.794463145070544],[-97.99070894723393,21.792909667372705],[-97.97726546293562,21.796558254205866],[-97.97089950384134,21.781158443299407],[-97.97775249425158,21.77381426583524],[-97.97548084141681,21.766474353152873],[-97.96735443756522,21.759031958650716],[-97.96022650434966,21.763240252870208],[-97.95496978254678,21.750725842477888],[-97.94415567875562,21.751404113527748],[-97.9517881964705,21.740168411890405],[-97.9546628612831,21.728019415659382],[-97.94837573406801,21.721849397700865],[-97.94844014571248,21.714313925423166],[-97.95404778249815,21.70653936953587],[-97.97971700572464,21.706435121773165],[-97.98283398240828,21.692238725046813],[-97.98872761927319,21.691058189980502],[-97.9955085550412,21.687452945905374],[-98.00142007587958,21.68811554320542],[-98.01412317924644,21.69712682040196],[-98.01609776561826,21.690033027095556],[-98.01179957055948,21.671407973795024],[-98.01657239214249,21.65923847504508],[-98.02761903033267,21.666434979135587],[-98.04723943314127,21.667986313247276],[-98.04091424971668,21.649400433921],[-98.042230641743,21.63416480513997],[-98.04997481425514,21.623866999687905],[-98.0546364607488,21.622730274242436],[-98.06025710980516,21.624280678217353],[-98.08598235929593,21.648570419478094],[-98.08600485314297,21.650037645406325],[-98.10438088728465,21.660503144032045],[-98.12344220844452,21.656545296160925],[-98.1357216322368,21.66308562894967],[-98.13971568834044,21.67056074429726]]]}},{"type":"Feature","properties":{"clues":"VZIMB008596"},"geometry":{"type":"Polygon","coordinates":[[[-97.83831473014035,20.9338311615929],[-97.84415334148531,20.933997714807152],[-97.84783309424468,20.925719383314448],[-97.85716024950645,20.917051559506923],[-97.86318348334528,20.919176532927317],[-97.8823558058716,20.963942088110013],[-97.86573522072459,20.97090186533875],[-97.8598976730512,20.983548283158317],[-97.86871798467475,21.008592703920776],[-97.84728137164794,21.02019856239617],[-97.84533611282461,21.019052743324693],[-97.82160165653092,21.024290969697383],[-97.81414438303538,21.01153599312993],[-97.8047751907206,21.007637887868693],[-97.79859628985483,20.996640899968142],[-97.79403198892304,20.994770284230796],[-97.78919852151888,20.979741119843236],[-97.78109959160177,20.974353722422435],[-97.78454164283188,20.95779587381125],[-97.79368709533475,20.955642371375202],[-97.80843071723002,20.945004877670677],[-97.81257322416435,20.939304465561214],[-97.82272035521405,20.942599841695294],[-97.83831473014035,20.9338311615929]]]}},{"type":"Feature","properties":{"clues":"VZIMB000744"},"geometry":{"type":"Polygon","coordinates":[[[-97.79462404879021,21.150370282454418],[-97.80510289482237,21.14770982350049],[-97.80782009609783,21.14835857532852],[-97.80968433992317,21.172165464692593],[-97.78789656729538,21.17320086966498],[-97.7722728890369,21.16765850611697],[-97.76985027799917,21.16876512382037],[-97.76684538399502,21.17363015450112],[-97.75637495064724,21.17487750519403],[-97.75135880535862,21.1722621218115],[-97.74788423873555,21.174045579166524],[-97.74349229040861,21.171805743690697],[-97.74393174315358,21.15636969735272],[-97.72430440208234,21.145372333251967],[-97.72066993827033,21.140029319201425],[-97.72520477785267,21.126000640409835],[-97.7413588390723,21.117133361503498],[-97.74812941639388,21.11518843841338],[-97.7698014343176,21.12695211808886],[-97.77033864118975,21.131743446636047],[-97.79182461028097,21.149898800736295],[-97.79462404879021,21.150370282454418]]]}},{"type":"Feature","properties":{"clues":"VZIMS005435"},"geometry":{"type":"Polygon","coordinates":[[[-97.65550013525096,21.40556809878154],[-97.67357349784976,21.401614382702846],[-97.67508153577018,21.413606121759468],[-97.68902911493174,21.41589826299834],[-97.69098301474713,21.41895548042431],[-97.6995076749556,21.424725421533324],[-97.69997600570156,21.426955113426388],[-97.68922951607031,21.44228378469962],[-97.67171842383209,21.440117500946148],[-97.66544224882442,21.44239328542202],[-97.64357487099007,21.442129634687465],[-97.63845916617133,21.444673110334186],[-97.63081694498723,21.434046758071375],[-97.63718356489659,21.413074119530997],[-97.65197449776144,21.41197873609167],[-97.65550013525096,21.40556809878154]]]}},{"type":"Feature","properties":{"clues":"VZIMS005365"},"geometry":{"type":"Polygon","coordinates":[[[-97.67037771726811,21.185265413284053],[-97.6761315360995,21.184433754695096],[-97.69401223363842,21.205317736792374],[-97.68543656307163,21.212801863331357],[-97.67813288299763,21.228882355660943],[-97.67437691534397,21.22897074801603],[-97.65816259744301,21.236881559215792],[-97.65174431609327,21.235396457907882],[-97.63793250949458,21.228815636623704],[-97.62263111636224,21.218333821972085],[-97.61996035444713,21.199259075522914],[-97.61445948651415,21.196965992812213],[-97.602947189545,21.169319158549108],[-97.61082885039497,21.164235032904564],[-97.61752741732826,21.147662692543093],[-97.62083445759275,21.14508171907251],[-97.65505593965814,21.136827404006304],[-97.65973965351593,21.14647778063817],[-97.6521882451295,21.17296671528217],[-97.65236623704844,21.17684053037254],[-97.67037771726811,21.185265413284053]]]}},{"type":"Feature","properties":{"clues":"VZIMB006040"},"geometry":{"type":"Polygon","coordinates":[[[-97.65804563943642,20.917640493075925],[-97.65567434594941,20.925279242730888],[-97.64558429919083,20.922526193847048],[-97.6392755893776,20.909477146062354],[-97.64138626095922,20.903165330542578],[-97.65347423403848,20.906157969794737],[-97.6592596369746,20.90399326853463],[-97.66348384512268,20.910682480684443],[-97.65804563943642,20.917640493075925]]]}},{"type":"Feature","properties":{"clues":"VZIMB003223"},"geometry":{"type":"Polygon","coordinates":[[[-96.66014093485154,18.699067756996264],[-96.69402528828796,18.680964723914283],[-96.70226253686555,18.69373344138812],[-96.70848609217576,18.694732010078532],[-96.72048179541297,18.706994805092418],[-96.7225799016413,18.717453844067894],[-96.69874708475594,18.72854083033685],[-96.69420495834473,18.733032680766748],[-96.67823746576367,18.72280984834275],[-96.67484410546746,18.708590567014518],[-96.66014093485154,18.699067756996264]]]}},{"type":"Feature","properties":{"clues":"VZIMB002610"},"geometry":{"type":"Polygon","coordinates":[[[-96.65564680807037,19.72298224260039],[-96.6631720252698,19.738933367657534],[-96.67963022083178,19.738502721787537],[-96.68088743565256,19.73381221435787],[-96.68648784188916,19.726104504505795],[-96.7042787859909,19.73783125651367],[-96.69512788483632,19.75189215101521],[-96.69555718938342,19.757025453926392],[-96.69824421879981,19.761310999531286],[-96.69016405864684,19.777999685038107],[-96.6787559444016,19.781569948631535],[-96.67424629874719,19.777673235593646],[-96.66716080593845,19.77745398778845],[-96.65579432526425,19.78403868938233],[-96.65327802589793,19.791561023207933],[-96.64144045730147,19.7955832786818],[-96.62233625222274,19.789197615966806],[-96.62171678505565,19.7867042984724],[-96.60011821630118,19.7793581652332],[-96.58284540413564,19.789417946589314],[-96.5793641366764,19.787979417975713],[-96.57105114933893,19.75637465383408],[-96.57625037981285,19.737480118776634],[-96.58672969734076,19.7380945198892],[-96.60985721619652,19.728076350671056],[-96.62309961347981,19.735388129874714],[-96.63430082062577,19.7362200207947],[-96.65564680807037,19.72298224260039]]]}},{"type":"Feature","properties":{"clues":"VZIMS001631"},"geometry":{"type":"Polygon","coordinates":[[[-96.63710898662458,19.539229126712375],[-96.64809677573948,19.537340445302338],[-96.65358722564828,19.540135087644934],[-96.65677847087514,19.54487979588531],[-96.67559483313056,19.554702557839594],[-96.67564358932246,19.557639111316902],[-96.66722544951038,19.578315801373137],[-96.66568290868996,19.588124377721737],[-96.65529042463344,19.600005316199503],[-96.63656845081785,19.587923984225238],[-96.61721843431161,19.581300083951483],[-96.62645360967176,19.571099739088016],[-96.63029611174538,19.563571525694112],[-96.62669032374099,19.55708223441844],[-96.61676025228523,19.545876567463186],[-96.6252422930365,19.53708446869579],[-96.63710898662458,19.539229126712375]]]}},{"type":"Feature","properties":{"clues":"VZIMS002174"},"geometry":{"type":"Polygon","coordinates":[[[-96.53240056242673,18.805790778203217],[-96.5290363864412,18.80873680765332],[-96.52648987834554,18.82077301387551],[-96.53202661018645,18.825367261165706],[-96.54720040067319,18.82157601760892],[-96.55188123740194,18.816734200329368],[-96.55454999035344,18.81749100395659],[-96.55868690712126,18.82101340431119],[-96.56174503666891,18.82754124666032],[-96.57372367301298,18.832750036608783],[-96.58916912542344,18.846066539496725],[-96.58763011187078,18.85304514321492],[-96.58983658877347,18.864009993161417],[-96.5856062722317,18.885170887765838],[-96.56511358059119,18.87969166601708],[-96.56089987058806,18.88318335440892],[-96.55223299127736,18.885212172813386],[-96.54969543390523,18.882515200421672],[-96.54258875154497,18.866395925581923],[-96.52447839981802,18.87081670242555],[-96.52087583875182,18.858600832729255],[-96.51438222245635,18.85368959553184],[-96.496718641551,18.84869189554169],[-96.49081569871105,18.850646774748427],[-96.48539070565955,18.849851744928877],[-96.48224300099126,18.8435051032766],[-96.46352742076782,18.836203509198388],[-96.4707053224475,18.820913435420575],[-96.47255172938169,18.813635901721057],[-96.4834772221599,18.80577401235852],[-96.48636529683095,18.80807089234922],[-96.4918193870899,18.8093960646006],[-96.50516279111714,18.80088181135689],[-96.51034785815276,18.80363212726107],[-96.52409831280528,18.792275262927923],[-96.53240056242673,18.805790778203217]]]}},{"type":"Feature","properties":{"clues":"VZIMB001251"},"geometry":{"type":"Polygon","coordinates":[[[-96.48224300099126,18.8435051032766],[-96.48539070565955,18.849851744928877],[-96.49081569871105,18.850646774748427],[-96.496718641551,18.84869189554169],[-96.51438222245635,18.85368959553184],[-96.52087583875182,18.858600832729255],[-96.52447839981802,18.87081670242555],[-96.54258875154497,18.866395925581923],[-96.54969543390523,18.882515200421672],[-96.55223299127736,18.885212172813386],[-96.54861396357316,18.889345575711303],[-96.52248622416786,18.89705442733938],[-96.5209259951477,18.90027896614471],[-96.5155260267845,18.90189763055657],[-96.49573975806457,18.902042340644236],[-96.48509364205168,18.93109444035803],[-96.47376693832122,18.923166524407662],[-96.47036954860826,18.914150949945476],[-96.46121433384438,18.91040287974902],[-96.4496179281047,18.913250532940438],[-96.44425404715885,18.91084165485965],[-96.44273553223256,18.89150326409821],[-96.43970859374282,18.886975505436926],[-96.42125079680017,18.885639279825835],[-96.41670593451958,18.87947427538096],[-96.42130442381622,18.863209178151006],[-96.41834241811482,18.859076047858217],[-96.41895519741915,18.856793495822707],[-96.42449565284005,18.850920435726177],[-96.43724610256777,18.85149991181347],[-96.43790944266682,18.83976016979775],[-96.43667024704322,18.83551053309281],[-96.44265533597606,18.829191030379636],[-96.44829919003811,18.8278293719887],[-96.45204054477675,18.819792856592816],[-96.46302534540872,18.817516743683534],[-96.47039041033165,18.820382397314365],[-96.46352742076782,18.836203509198388],[-96.48224300099126,18.8435051032766]]]}},{"type":"Feature","properties":{"clues":"YNSSA000606"},"geometry":{"type":"Polygon","coordinates":[[[-89.67709697045332,20.87210997811397],[-89.67811025539322,20.886570718803377],[-89.68625417837467,20.89373817200445],[-89.68188874141939,20.899998692349673],[-89.67558172774532,20.903634169758696],[-89.68222262645156,20.914546158654346],[-89.68421901151468,20.915007349643375],[-89.68409208631044,20.919191946508445],[-89.69177549873838,20.926345255539033],[-89.68538840506108,20.928113332097812],[-89.68165950092776,20.92694943566915],[-89.67557189211874,20.931267285760878],[-89.67575885843948,20.93688497468249],[-89.67722822157329,20.93900832258656],[-89.67631091978463,20.94220477835942],[-89.67183076577273,20.947455312786524],[-89.66629434721217,20.948135231021997],[-89.66237431943561,20.955862214928754],[-89.65596864259494,20.955127955646642],[-89.64978674432001,20.957033514739944],[-89.64723866076923,20.95121440803773],[-89.64927453469996,20.94776940958853],[-89.6424529846576,20.944260642848842],[-89.6407368641767,20.944937318336986],[-89.63651771853608,20.942002747280647],[-89.63256064038461,20.94534068675213],[-89.62881491584801,20.94447738454805],[-89.62757284152947,20.945949296985933],[-89.62091614140004,20.94591898294709],[-89.6197084933904,20.948902280602404],[-89.6151314913291,20.94943966270011],[-89.61386020133797,20.95107749962556],[-89.60905264882061,20.95052733849642],[-89.6074217895497,20.95224981832067],[-89.59767985419914,20.946487540961122],[-89.59367480142252,20.950116725820934],[-89.5863132864044,20.945600782339387],[-89.58826288371027,20.939396991715167],[-89.58603192599367,20.93637199389316],[-89.58903007805867,20.93105285178049],[-89.59258124737762,20.928024816813952],[-89.59919118815915,20.92788184434574],[-89.60090206455399,20.924676935583594],[-89.59855956456954,20.92129001438074],[-89.59354581176598,20.920924552846277],[-89.59278762203087,20.915573272936143],[-89.59641450276413,20.909727936885123],[-89.5938834289734,20.906865321681522],[-89.58615448825526,20.909151921624755],[-89.57584197549517,20.89960544980739],[-89.5745461179014,20.896249995161195],[-89.57871679564035,20.88711245390779],[-89.57443410473584,20.880647275753955],[-89.58263454827144,20.870111934605905],[-89.5886082023213,20.868585302714347],[-89.5922752429018,20.87010584317595],[-89.59249053401611,20.874358244526874],[-89.58911997753445,20.88221516696279],[-89.5976301053878,20.8739727242935],[-89.60358926260965,20.871144099002567],[-89.60971315955847,20.876192105903716],[-89.61734538859898,20.873251065939186],[-89.63523514351856,20.876738950097348],[-89.64148077540187,20.874973105432172],[-89.64589358401108,20.882159652014977],[-89.64503602760765,20.88741617753643],[-89.64848026197707,20.894759661648173],[-89.65485250935865,20.892371405742768],[-89.66174802518908,20.893078541883447],[-89.65874654862955,20.90472850966574],[-89.66265756552643,20.91036100948571],[-89.66237861644781,20.914588521764337],[-89.6718051543649,20.91926812074993],[-89.67350831475078,20.918976019079548],[-89.67559499310514,20.915709455237348],[-89.67309182561948,20.90550710012523],[-89.67428522078795,20.90403158393975],[-89.66922116461701,20.895296416027488],[-89.66303366995714,20.892538661741312],[-89.66562294902386,20.88372828643955],[-89.66375586797594,20.87970470801382],[-89.66498635068419,20.87198935263554],[-89.66953335190637,20.86992477667356],[-89.67709697045332,20.87210997811397]]]}}]}