{"type":"FeatureCollection","features":[{"type":"Feature","properties":{"clues":"BCIMB001521"},"geometry":{"type":"Polygon","coordinates":[[[-116.83239403264993,32.489083217041674],[-116.8344135281938,32.500358699331265],[-116.83322866610095,32.501308588385655],[-116.81830586396651,32.50807790624484],[-116.81581924254019,32.507608083353546],[-116.81403949241127,32.50373816489597],[-116.80816105036486,32.500413458921784],[-116.80727038202396,32.48779752364398],[-116.81121613554286,32.48337714289996],[-116.81322220555076,32.483412338327085],[-116.81980229743422,32.478478485794305],[-116.82849405975146,32.47521668833739],[-116.82937040732591,32.48044362476448],[-116.82782548089568,32.48632097805542],[-116.83239403264993,32.489083217041674]]]}},{"type":"Feature","properties":{"clues":"BCIMB001516"},"geometry":{"type":"MultiPolygon","coordinates":[[[[-116.61870321993442,31.774509570310336],[-116.62021679631152,31.770981081506008],[-116.62377933480704,31.774124510922952],[-116.62207394954466,31.775471284730735],[-116.61870321993442,31.774509570310336]]],[[[-116.61008466094593,31.771116750063552],[-116.61190527255555,31.776177849487517],[-116.6155334738748,31.7751423070431],[-116.6198155528498,31.779729789166236],[-116.61986474516861,31.78286955532756],[-116.61346469336388,31.796692170197687],[-116.6039712562103,31.793145758620653],[-116.59892878601487,31.794885676676454],[-116.59224596795744,31.78650865641085],[-116.59229014388205,31.777224839317796],[-116.59829317844516,31.77544543677796],[-116.60312467143424,31.78081992192273],[-116.60690605160073,31.777391779066114],[-116.61008466094593,31.771116750063552]]]]}},{"type":"Feature","properties":{"clues":"SCCSA000045"},"geometry":{"type":"MultiPolygon","coordinates":[[[[-115.4899121376583,32.63562735610846],[-115.48520872769537,32.63622456483667],[-115.48687665343031,32.642826136508944],[-115.48036808169545,32.646897499648006],[-115.47872656205182,32.64235197453841],[-115.47076687196237,32.64039110226762],[-115.4641174340138,32.633839489542254],[-115.4688508564305,32.629153836932616],[-115.4689644993363,32.626211669890814],[-115.4725343637229,32.62388581970798],[-115.47812414945197,32.62518639503518],[-115.47995142730691,32.61970024320046],[-115.48336926419739,32.61871853832697],[-115.4888381304262,32.622092740182715],[-115.48900511308328,32.6121407506089],[-115.49543117009529,32.61407834069829],[-115.490709154883,32.62502811203351],[-115.4899121376583,32.63562735610846]]],[[[-115.45339132594835,32.629972791734986],[-115.45507733923468,32.62685147020779],[-115.45833872426203,32.626972023344436],[-115.46376621937563,32.63387478993341],[-115.45383007026764,32.63600098059565],[-115.45339132594835,32.629972791734986]]]]}},{"type":"Feature","properties":{"clues":"BCIMB000495"},"geometry":{"type":"Polygon","coordinates":[[[-115.46499489077193,32.6226696705222],[-115.4689644993363,32.626211669890814],[-115.4688508564305,32.629153836932616],[-115.4641174340138,32.633839489542254],[-115.47076687196237,32.64039110226762],[-115.47872656205182,32.64235197453841],[-115.48036808169545,32.646897499648006],[-115.47588540924684,32.65102064222311],[-115.47573764742901,32.65664587759019],[-115.47263413376838,32.659645862871585],[-115.47405353646738,32.666629134406804],[-115.46385243372406,32.66736223457396],[-115.46303567047231,32.66075800623701],[-115.45343413259229,32.66126041620059],[-115.45273569831579,32.66818594286629],[-115.44547797554118,32.66869416132791],[-115.44334041820451,32.66299811681591],[-115.44440757832116,32.659108532526275],[-115.45137837823985,32.65620995796617],[-115.45327303030136,32.65251230523428],[-115.45335323796233,32.646608693851704],[-115.45667066343184,32.641550977681085],[-115.45383007026764,32.63600098059565],[-115.46376621937563,32.63387478993341],[-115.45833872426203,32.626972023344436],[-115.46222959512642,32.62316151294625],[-115.46499489077193,32.6226696705222]]]}},{"type":"Feature","properties":{"clues":"BSIMB000083"},"geometry":{"type":"Polygon","coordinates":[[[-112.02875842054277,26.13701210101204],[-112.07691921827123,26.234688166519884],[-112.03542480339445,26.21766071187077],[-112.01192395416537,26.175347605114375],[-112.01027975331345,26.164698717713087],[-112.01751458526348,26.137108311583052],[-112.018571131032,26.13548254258878],[-112.02875842054277,26.13701210101204]]]}},{"type":"Feature","properties":{"clues":"SCCSA000072"},"geometry":{"type":"Polygon","coordinates":[[[-111.6400744614201,25.02774012313089],[-111.6444080056644,25.031640759223286],[-111.64376960420293,25.034392872682254],[-111.63829886352725,25.03627729123447],[-111.63335531834412,25.035419248817472],[-111.63357742800835,25.040279711713165],[-111.62979847553584,25.041060305586072],[-111.62587251184267,25.045109614676637],[-111.63112902146365,25.05811434764815],[-111.62353909159816,25.067268260968795],[-111.6241321884379,25.097767802948212],[-111.61595586799709,25.105573916223804],[-111.59915478790515,25.1054469382732],[-111.59542888232592,25.104036935732605],[-111.58407916188683,25.0855492277531],[-111.54367035571494,25.057147318507955],[-111.54131051490825,25.053751482979607],[-111.52992463475243,25.04803826894222],[-111.51118765356397,25.030467621153072],[-111.51374460604498,24.98945804097422],[-111.50542534607001,24.967576716838845],[-111.57085064165507,24.93435498625393],[-111.58220255230957,24.972889415946],[-111.59254435187357,24.973604191027793],[-111.60752913485148,24.99008459311527],[-111.6263402518823,24.99381735097419],[-111.64161657619562,25.001689051295894],[-111.64286305046923,25.00504494357103],[-111.64058562530279,25.009854387516334],[-111.64147042064333,25.022057345675904],[-111.6400744614201,25.02774012313089]]]}},{"type":"Feature","properties":{"clues":"SCCSA000087"},"geometry":{"type":"Polygon","coordinates":[[[-111.27819991031899,24.855784188872416],[-111.35249060331897,24.820406470805327],[-111.40396373650294,24.82477721538518],[-111.4189111945987,24.817112461616166],[-111.42330652585991,24.819014268795954],[-111.44381535108279,24.83659736778903],[-111.49537876712841,24.958409834881465],[-111.50542534607001,24.967576716838845],[-111.51374460604498,24.98945804097422],[-111.51118765356397,25.030467621153072],[-111.4683333582263,25.057538903573647],[-111.42820246270485,25.03834260738572],[-111.40471397530314,25.03366953638898],[-111.39080429732441,25.034378169839602],[-111.37418529400603,25.039120986737316],[-111.32948241228759,25.024723545944834],[-111.30952348043382,25.023537650501847],[-111.29106005119596,25.03836974851201],[-111.27046749722672,25.051848480069907],[-111.25358444671429,25.043220962992503],[-111.21100091234041,24.99090596560415],[-111.19467012633358,24.987875529743288],[-111.14827499231592,25.001931888096298],[-111.1151053816601,24.982435806023425],[-111.10546613580793,24.973394830358316],[-111.09429951083622,24.958540841983478],[-111.09987068000139,24.926250246450707],[-111.10808803897278,24.907151084561534],[-111.13162240945358,24.894036303256588],[-111.1638569296172,24.872175633555862],[-111.16604833299907,24.872932792174936],[-111.17706805369056,24.870753862331],[-111.2596397138672,24.863110981024544],[-111.27819991031899,24.855784188872416]]]}},{"type":"Feature","properties":{"clues":"SRIMB002570"},"geometry":{"type":"MultiPolygon","coordinates":[[[[-110.96870142044948,27.90847322875587],[-110.97031448000146,27.9097027190873],[-110.96835785951347,27.90907481890501],[-110.96870142044948,27.90847322875587]]],[[[-110.96284480982649,27.896237082700782],[-110.96219351845768,27.904276077013147],[-110.96577297511644,27.904414706457104],[-110.96616752271865,27.906393309514513],[-110.96415601991761,27.907070969170466],[-110.96050277515495,27.90477757416897],[-110.95540011057147,27.909102121103047],[-110.94744311428805,27.91154338541516],[-110.94576509546559,27.916291027439662],[-110.94786143069815,27.923760184865095],[-110.95002893873162,27.92653809454509],[-110.95216462203227,27.92562188166013],[-110.95106290558503,27.927834505409333],[-110.95670211959265,27.925319182149032],[-110.96171221689319,27.926453491265317],[-110.96332316224124,27.92484891186835],[-110.96720644267987,27.92839847335705],[-110.96996185878326,27.927416944965668],[-110.97287841025215,27.93650161094014],[-110.97992799123237,27.94667687288859],[-110.97699502286412,27.950111804564067],[-110.97763476984127,27.953113719433254],[-110.97947687484225,27.953318622662596],[-110.98039394001593,27.955901399255772],[-110.98452725204986,27.958643945805292],[-111.0045855544011,27.963478854936707],[-111.02372016376933,27.962782209875648],[-111.02958770592205,27.960945501237852],[-111.02895852512192,27.963700608323695],[-111.03220114696269,27.97110467368566],[-111.03607066928305,27.972120779872615],[-111.03439961031116,27.98699780147425],[-111.04212754281026,28.002207790008],[-111.0483890999548,28.036680337726843],[-111.01452152796534,28.04164813060471],[-111.00645518203741,28.029710656234357],[-110.97867673745361,28.008628200471534],[-110.97007573374253,28.00773812511123],[-110.95214984077185,28.012747099707767],[-110.94156211268886,27.99539496030401],[-110.93531149626095,27.992237304447848],[-110.93454635647801,27.986551788482846],[-110.94093305079826,27.976099918151466],[-110.93162065205627,27.969254244822906],[-110.92579544813974,27.971928878664666],[-110.91990097380997,27.97900052516936],[-110.91849057728658,27.977972611697144],[-110.91535349912382,27.965613408968544],[-110.91840893980323,27.96229514345128],[-110.92613022099766,27.95980138058046],[-110.92244345827667,27.956395705762564],[-110.92365069695708,27.95194279069763],[-110.92198331290174,27.950725271808867],[-110.92241371309449,27.947815526858307],[-110.91885834559794,27.948269734069516],[-110.91664865027421,27.94702540898916],[-110.91521496871894,27.94838520058119],[-110.90515376898281,27.943374472959764],[-110.91411817365643,27.937267410677393],[-110.91750838941226,27.931122620637975],[-110.92525125558424,27.93129973273708],[-110.9270605235737,27.929276825718482],[-110.9256040903527,27.925796426389685],[-110.92964319360458,27.922320817765613],[-110.93194165670975,27.91628213256956],[-110.93891216894444,27.921440396262867],[-110.940471162305,27.91679033326187],[-110.94208236885147,27.91541563817764],[-110.94485125545712,27.91567924517599],[-110.94800080024544,27.90858773366032],[-110.96284480982649,27.896237082700782]]],[[[-110.99176364530008,27.92525052357088],[-110.99185968436356,27.925959859192343],[-110.99111452195568,27.925502562954488],[-110.99176364530008,27.92525052357088]]],[[[-110.9906332895987,27.93535116929184],[-110.99109509041513,27.93291213876293],[-110.99302073964142,27.93524496901766],[-110.9906332895987,27.93535116929184]]]]}},{"type":"Feature","properties":{"clues":"SLIMB000096"},"geometry":{"type":"Polygon","coordinates":[[[-109.4100961289689,25.753627565203065],[-109.42127472155607,25.783841857381656],[-109.43245771317564,25.807073347869373],[-109.42194417889588,25.852663292138892],[-109.42156142843494,25.870730356097507],[-109.42338764493178,25.879738153727402],[-109.39651334714128,25.853534177783896],[-109.38462511938047,25.852066423927372],[-109.37309870536464,25.886462928071843],[-109.3489877485233,25.85974877084427],[-109.3330359362882,25.867573716234883],[-109.31963857165974,25.86992292080171],[-109.30732390599506,25.86784123769085],[-109.29121827570336,25.846092948564852],[-109.2890823097589,25.83035339698455],[-109.29534545927656,25.82055928753824],[-109.30402212872963,25.811218468680543],[-109.34147778089117,25.806948476455073],[-109.37756858239598,25.785206095803247],[-109.4100961289689,25.753627565203065]]]}},{"type":"Feature","properties":{"clues":"SRIMB002816"},"geometry":{"type":"Polygon","coordinates":[[[-110.15858540910462,27.567251088935834],[-110.16703007883201,27.563924552006842],[-110.17245645692991,27.563905971818176],[-110.19359861054296,27.581337840387953],[-110.18429676023929,27.600745439364175],[-110.16044427734549,27.626848688448995],[-110.18452420824288,27.669469508945852],[-110.2029678570006,27.68758959420704],[-110.21537024947702,27.704511169078593],[-110.21454670169896,27.734601222528624],[-110.227050625853,27.75731266018632],[-110.28874752722855,27.827413544416697],[-110.28669853068509,27.88434319396846],[-110.3088197969431,27.95018956526564],[-110.26657662930445,28.046429793362766],[-110.2309204408905,28.05689879488864],[-110.18378885882807,28.07798763638052],[-110.07736847948952,27.992537108485248],[-110.03866474882818,27.953916059209764],[-110.04566769340703,27.903923725908232],[-110.05354176902405,27.898051037804446],[-110.0701875357079,27.868013155963354],[-110.07749323689563,27.844556427696716],[-110.09720068082366,27.833212999578432],[-110.0976809033244,27.82344833417551],[-110.08475023682321,27.801504630698368],[-110.07490118205438,27.77221755322177],[-110.07347586382278,27.765924893611555],[-110.07395656351088,27.749583660550375],[-110.07589218664901,27.742310281184785],[-110.06606689524835,27.722164865794834],[-110.06218946261427,27.717149473877917],[-110.0551372364132,27.666767754124535],[-110.04500462470826,27.667227311946746],[-110.01112442273781,27.641920093209215],[-110.00219595484288,27.623243190212545],[-110.00751065884033,27.615648379655784],[-110.01826255800276,27.607104249309067],[-110.0393134101063,27.60624798040841],[-110.04955756044278,27.607413151652647],[-110.0546601370937,27.583671416144078],[-110.05593093131525,27.58141947525705],[-110.0627694568394,27.578106071396626],[-110.09514865455492,27.575721820827326],[-110.10354381003135,27.57966931086303],[-110.10846671834567,27.579663094253025],[-110.115369744104,27.56816883736794],[-110.13548373553621,27.56885979047248],[-110.13928005945985,27.563292370509423],[-110.1492168024006,27.560733631932386],[-110.15858540910462,27.567251088935834]]]}},{"type":"Feature","properties":{"clues":"SCCSA002683"},"geometry":{"type":"Polygon","coordinates":[[[-110.2294129661239,27.311240980553535],[-110.21962807768386,27.303647123120484],[-110.2198576187339,27.295828305596864],[-110.23157980522983,27.28709888404593],[-110.23784797395803,27.288525340779195],[-110.25044041250374,27.29569499715277],[-110.25178092587032,27.299894010354826],[-110.24901591934645,27.309969923128296],[-110.23803340879532,27.30841979750325],[-110.2294129661239,27.311240980553535]]]}},{"type":"Feature","properties":{"clues":"SCCSA000163"},"geometry":{"type":"Polygon","coordinates":[[[-109.97054522960636,22.87500855751149],[-109.98289286996962,22.88022191842297],[-109.99984139679891,22.891368291696327],[-109.99577420232032,22.90010377191541],[-109.98022214947709,22.9019916000754],[-109.97587400279716,22.900014505105606],[-109.9724203040046,22.909138580235386],[-109.9689125955766,22.90745933925287],[-109.97029206005595,22.898976651374277],[-109.97192058266535,22.897123401215776],[-109.96940135291712,22.887194733431404],[-109.96945327573127,22.87601333611265],[-109.97054522960636,22.87500855751149]]]}},{"type":"Feature","properties":{"clues":"SRIMB000535"},"geometry":{"type":"Polygon","coordinates":[[[-109.92233556856009,27.328586014627106],[-109.92680226760011,27.32629522366224],[-109.93570650931551,27.325832667507992],[-109.94025660830579,27.327133107029592],[-109.94940972822009,27.323341422827937],[-109.95614149265786,27.317816783125654],[-109.96195139625102,27.324766408418064],[-109.96234546625584,27.34579483852308],[-109.9533959032592,27.355560635501888],[-109.95344900375952,27.36004538653758],[-109.96433758575698,27.38916495256649],[-109.95662625003334,27.399654453233385],[-109.95086055519684,27.399702182204948],[-109.94873418115208,27.376125455189573],[-109.94360547298328,27.381420993674432],[-109.93685690408121,27.384961095279184],[-109.92263373969855,27.38477802789798],[-109.91506871992706,27.389939466139744],[-109.91578735743677,27.404995821094666],[-109.90661938170368,27.410446743369583],[-109.90528938900798,27.428698942623353],[-109.900539668209,27.430359036601647],[-109.8980470092042,27.436790636899435],[-109.89796771553596,27.444538628914252],[-109.88267084822768,27.439359430138143],[-109.88156069395292,27.435240747128255],[-109.87466255626236,27.43220160609168],[-109.87523448038347,27.41413146397716],[-109.86665585341898,27.41285694706125],[-109.85971294837644,27.409929601842848],[-109.85082385708607,27.381895388143256],[-109.8434009158921,27.377521176191372],[-109.84446612492629,27.369185445422076],[-109.8585547424202,27.364699663797815],[-109.85535838099575,27.35522916585378],[-109.85636632793421,27.345775411995618],[-109.84569562455582,27.348586778891423],[-109.84102615773675,27.345446366658212],[-109.83671267349193,27.33998904151105],[-109.84945759761612,27.32853608175359],[-109.84557332011445,27.32372594164285],[-109.8464183942477,27.308744771255572],[-109.84220681207559,27.306281805947563],[-109.84487714721571,27.29434798907493],[-109.86088595756836,27.295808343661818],[-109.86355828760051,27.28952273443262],[-109.88027113929662,27.290119269693943],[-109.88099887939659,27.291191884116504],[-109.90913923505319,27.291205072332428],[-109.90856381819873,27.30140484515081],[-109.91058741131526,27.305147855190413],[-109.91180754995307,27.32301170648436],[-109.92233556856009,27.328586014627106]]]}},{"type":"Feature","properties":{"clues":"SRIMB002220"},"geometry":{"type":"Polygon","coordinates":[[[-109.8876154016949,26.913270350581247],[-109.89153522448021,26.925131578827166],[-109.90001562388038,26.938244788301215],[-109.91678844468579,26.960753299921215],[-109.93049685008093,26.974299919392998],[-109.93703120539625,26.98327363391321],[-109.86755564213507,27.02471121289931],[-109.8714660395928,27.035276889704665],[-109.86753930917314,27.050428782902753],[-109.86934526965294,27.06161878365349],[-109.8564528252008,27.0882164582123],[-109.85780579029911,27.093116518848554],[-109.8745480977752,27.096332364849946],[-109.8843108495564,27.116422132950397],[-109.8949386874305,27.116381256650907],[-109.9052689312991,27.11961151889047],[-109.91001298718778,27.124871215621738],[-109.90998024705276,27.127355519876133],[-109.89143307345186,27.139257246457397],[-109.88748959258056,27.13920910251209],[-109.87649742043847,27.135125347939347],[-109.87264888983971,27.136195929931528],[-109.86729206654292,27.141372832378977],[-109.862844954159,27.16459140558692],[-109.86835459894411,27.172452043401908],[-109.85565247288726,27.18661762731546],[-109.86185360615518,27.195110063300866],[-109.8626197056904,27.19915170924879],[-109.8734203404055,27.214625878018357],[-109.87535818186745,27.215321644581664],[-109.87664879818558,27.22492997268005],[-109.86060458843271,27.235232596240483],[-109.84468274421093,27.235050761229086],[-109.83941756692863,27.231289192332707],[-109.83094973578498,27.236858107898634],[-109.81769898544394,27.23412583821998],[-109.81877943550408,27.22575024888116],[-109.80509853809718,27.20705437462642],[-109.80987912784222,27.203116981138194],[-109.81711946069429,27.185016992908988],[-109.81632124889705,27.16746580851813],[-109.82557534141873,27.156371552562305],[-109.82542668877574,27.150280482573773],[-109.82039500337673,27.14383047125529],[-109.79701145940685,27.145021213772846],[-109.79831138476374,27.115205734978037],[-109.79263179836978,27.110525970155898],[-109.78804074169298,27.10088129185885],[-109.77559912229289,27.090448794131795],[-109.77062852670659,27.0638601909011],[-109.80992316156943,27.052712123339614],[-109.82618821884586,27.059838501792587],[-109.83607430853478,27.050447985432648],[-109.84286506591127,27.03341815772479],[-109.8527553476645,27.015762872050924],[-109.8538008846593,26.99553409101045],[-109.86986334713018,26.92887366503646],[-109.8876154016949,26.913270350581247]]]}},{"type":"Feature","properties":{"clues":"SCCSA000154"},"geometry":{"type":"Polygon","coordinates":[[[-109.72858936055478,23.070708758939812],[-109.74535885408851,23.072082022454772],[-109.74504031670827,23.079707275198725],[-109.77331279015429,23.069251795440405],[-109.77621616263295,23.071936089578685],[-109.80105889677618,23.064998886303368],[-109.80938588337871,23.072897479756936],[-109.81342789369286,23.080369895346248],[-109.79227491745769,23.1250065090092],[-109.7728616980905,23.11059056089532],[-109.77419465996405,23.08167635922242],[-109.75805225756207,23.083436291844023],[-109.75248720431586,23.08234347900726],[-109.74325568229766,23.084694529927642],[-109.73550363146144,23.08361826346117],[-109.73077219734152,23.088846180211284],[-109.72789483581928,23.08931226277257],[-109.7244028671025,23.086228195340667],[-109.72039365034117,23.085893936827148],[-109.71555147062179,23.08299171863599],[-109.71226680444572,23.088434113643018],[-109.70867908835744,23.08765145783042],[-109.70657352646485,23.084854589186524],[-109.70306643758042,23.085795576413506],[-109.69893976056926,23.084788378664136],[-109.70192315216484,23.0775319210218],[-109.70215350984346,23.074024883051546],[-109.69870334453003,23.07224240225442],[-109.7011656793554,23.068135081372866],[-109.70940944544864,23.071841737828912],[-109.7144149172214,23.06721471845849],[-109.71694121065292,23.06745312337048],[-109.72303910006772,23.074572142263783],[-109.72566320599289,23.07397578189822],[-109.72858936055478,23.070708758939812]]]}},{"type":"Feature","properties":{"clues":"SRIMB001235"},"geometry":{"type":"Polygon","coordinates":[[[-109.64662636665673,26.693901913823193],[-109.65704974454793,26.6905197754454],[-109.65870121314104,26.747243642181683],[-109.63562537380403,26.744490093642657],[-109.63397896921697,26.748604034291404],[-109.64384979559948,26.760905146709497],[-109.64518485457293,26.769827444805223],[-109.6414645686632,26.78245222860425],[-109.63471207584281,26.775497746819667],[-109.62208776904974,26.77326219492253],[-109.61539869233142,26.769735874594293],[-109.60736491569583,26.77700254454968],[-109.59788789449227,26.780191506493264],[-109.56297024062755,26.74463038315707],[-109.5743308463252,26.732273803426466],[-109.55781947592752,26.68868580120049],[-109.61280589788886,26.695163027817788],[-109.64662636665673,26.693901913823193]]]}},{"type":"Feature","properties":{"clues":"SCCSA002641"},"geometry":{"type":"Polygon","coordinates":[[[-109.6231570078482,26.85726028379165],[-109.62757099814843,26.857540148635966],[-109.63088056490031,26.86302854878991],[-109.63167259435785,26.876310719206614],[-109.62631057234982,26.88021007626092],[-109.6194726623603,26.882614914085238],[-109.60033285422413,26.88454238664696],[-109.59388727002438,26.8782143453053],[-109.59755762972684,26.85946997581061],[-109.60477398843896,26.862175612128134],[-109.6231570078482,26.85726028379165]]]}},{"type":"Feature","properties":{"clues":"SCCSA002676"},"geometry":{"type":"Polygon","coordinates":[[[-109.63428230706363,27.684466397227645],[-109.60881374276319,27.730166993976983],[-109.59714054582561,27.74029597709654],[-109.57709712969206,27.74804248966635],[-109.58685501382911,27.790265245959127],[-109.58094280537078,27.811065244785468],[-109.59388765060156,27.822739849388263],[-109.6891088291274,27.936354870135048],[-109.68779859158664,27.943888077472],[-109.61267597934439,27.95570267768444],[-109.60310750539661,27.94939041793109],[-109.44668845973102,27.981432093147113],[-109.44201273383499,27.988502527484993],[-109.38178382392893,28.00402968815796],[-109.34975484071379,27.966323316268266],[-109.32714413527567,27.949417325214075],[-109.30318032206885,27.907458575685194],[-109.30326740615287,27.903071406491254],[-109.3563558671682,27.88655353061436],[-109.36308187272823,27.85425750854616],[-109.36322606768853,27.848019426529902],[-109.36107720295637,27.843266948101714],[-109.36535023713014,27.840941593147754],[-109.37015083255135,27.842232454151606],[-109.3690821614479,27.837475963173304],[-109.37939398871866,27.829165260608956],[-109.3532800173421,27.81782854010258],[-109.3412753273738,27.810203555446435],[-109.34822566387923,27.78765725036722],[-109.38885456181225,27.78871215345349],[-109.41473540735602,27.695462971284023],[-109.43908074367707,27.70200801083631],[-109.46439139181945,27.715652005148137],[-109.53299498386194,27.721170226204304],[-109.54464553270248,27.71806033129731],[-109.56266462699377,27.655592441789533],[-109.60645553484633,27.656206511373004],[-109.63428230706363,27.684466397227645]]]}},{"type":"Feature","properties":{"clues":"SLIMB002650"},"geometry":{"type":"Polygon","coordinates":[[[-109.28647459307581,25.643580766161723],[-109.3065491831472,25.64598234448528],[-109.33288068043284,25.646520148323788],[-109.3711662084694,25.639607814616234],[-109.38428893543794,25.639542379662256],[-109.39240903555852,25.637646227411945],[-109.39714770529413,25.638601963274272],[-109.3921480005123,25.642822380788207],[-109.39049999983744,25.66960000140553],[-109.39248605020687,25.6770724289182],[-109.39658499731848,25.677960213121626],[-109.39970663034963,25.685397908834382],[-109.40466608378613,25.729030972625548],[-109.4100961289689,25.753627565203065],[-109.37756858239598,25.785206095803247],[-109.34147778089117,25.806948476455073],[-109.30402212872963,25.811218468680543],[-109.28355469318082,25.77110459117838],[-109.28647459307581,25.643580766161723]]]}},{"type":"Feature","properties":{"clues":"TCIMB002541"},"geometry":{"type":"Polygon","coordinates":[[[-92.27445477818885,18.32739604165353],[-92.30399584190852,18.30708510940189],[-92.33159777562713,18.327412484149256],[-92.33775480201986,18.336802791110053],[-92.3199663105354,18.37884954566138],[-92.3260275875014,18.398713343194718],[-92.33445093250889,18.409543033492945],[-92.33239868486683,18.418342528764985],[-92.27975466162421,18.458724605685962],[-92.2577725100262,18.484131666094722],[-92.2288038960497,18.508830013440114],[-92.203957386433,18.500152338126227],[-92.17973673463702,18.486460680632614],[-92.14573877739925,18.472021597190132],[-92.17409382304949,18.39094998649886],[-92.20000198625593,18.37439480330474],[-92.23666901029077,18.325757832630458],[-92.27445477818885,18.32739604165353]]]}},{"type":"Feature","properties":{"clues":"SCCSA002719"},"geometry":{"type":"Polygon","coordinates":[[[-91.64657360302694,18.028403924055045],[-91.65311586722238,18.02512050365016],[-91.65708298004884,18.020531346136362],[-91.70590979646805,18.04670730201092],[-91.71556411958764,18.0483241905079],[-91.71661358331178,18.051131593071005],[-91.7111648903666,18.10479903357757],[-91.70159066381366,18.126094832704496],[-91.6913682688295,18.120484721041986],[-91.65051222477348,18.11156612171125],[-91.62071501245639,18.091010307018788],[-91.60242912162437,18.10429643914834],[-91.5941673932384,18.108171729074442],[-91.58247339490664,18.11089021419344],[-91.57371600432427,18.09735234061999],[-91.58268828078282,18.07154768268954],[-91.58756735431876,18.068284302357274],[-91.59930542538902,18.040064384071115],[-91.58575702355279,18.020746961194156],[-91.58901763111557,17.99599210319463],[-91.59099482735296,17.993540187269414],[-91.61243960630193,17.99012791997348],[-91.62140339832119,18.014090293048863],[-91.64657360302694,18.028403924055045]]]}},{"type":"Feature","properties":{"clues":"SCCSA000219"},"geometry":{"type":"Polygon","coordinates":[[[-90.99924969365637,18.662167407160503],[-90.99187077370996,18.675051371505585],[-90.99095006657926,18.686718060991595],[-90.99383884416054,18.694081977529507],[-91.00910804318103,18.697854436296698],[-91.00366161186881,18.719309074276595],[-91.02095263642383,18.74879199833586],[-91.00173777238392,18.74603773939957],[-90.97625321246832,18.75741439792739],[-90.96962178094668,18.751154612179878],[-90.96047337456294,18.73912239411029],[-90.96045968182048,18.73062530503893],[-90.95567968593757,18.723995261450284],[-90.9493035374634,18.71867474961062],[-90.94801393900012,18.70615992205141],[-90.94995567235826,18.702213826879852],[-90.95121979528481,18.67437842839094],[-90.94750788135718,18.658864244743103],[-90.95218260654623,18.656796878316154],[-90.9710715095575,18.641466156075168],[-90.99175461432277,18.64425248130587],[-90.99686921529643,18.659409948465044],[-90.99924969365637,18.662167407160503]]]}},{"type":"Feature","properties":{"clues":"CCIMB000546"},"geometry":{"type":"Polygon","coordinates":[[[-90.73018715582201,18.580450539044442],[-90.7518142561482,18.586666120622795],[-90.74607176510969,18.59609685200617],[-90.74360087364686,18.59672187383474],[-90.73932329660965,18.602081620970896],[-90.73970072457779,18.60688311922585],[-90.73578212081644,18.609002474731312],[-90.737305191092,18.615807857686796],[-90.73262760236571,18.618939696072573],[-90.73422323127056,18.62783767397386],[-90.72869812585701,18.63289911059603],[-90.73043493958978,18.640470337265523],[-90.72486744311419,18.660232996627105],[-90.71816303211298,18.66441015067029],[-90.71571972712286,18.68045374664306],[-90.70576655536573,18.705571834320804],[-90.69634441414323,18.71708701857124],[-90.67599897378989,18.729008963322027],[-90.58353298012203,18.696161751517852],[-90.58612562726401,18.685768287771857],[-90.61881728273994,18.650990818190124],[-90.63983420804942,18.63862366292296],[-90.68238739564103,18.62713256902097],[-90.68393869806829,18.612978856304082],[-90.69066265031744,18.587757195015556],[-90.67975906935395,18.5693626251819],[-90.7124976064978,18.53748013992682],[-90.72049213436954,18.546069049411255],[-90.72440745715309,18.576368676113564],[-90.73018715582201,18.580450539044442]]]}},{"type":"Feature","properties":{"clues":"SCCSA003354"},"geometry":{"type":"Polygon","coordinates":[[[-90.06259840453457,20.43007843679791],[-90.06944206314742,20.41647226052969],[-90.09551316459658,20.407380307445784],[-90.12803926076047,20.4224979975433],[-90.14773981988282,20.44912390234198],[-90.12888242031585,20.46931129351356],[-90.1256527900637,20.469627001872777],[-90.10433815486041,20.485845737160002],[-90.08453250055467,20.479298904037545],[-90.07627296627481,20.48966142169289],[-90.07141360256277,20.475874173886226],[-90.03689010404149,20.485134649402042],[-90.04496012661836,20.466918340184286],[-90.06223263410273,20.44346453809641],[-90.06259840453457,20.43007843679791]]]}},{"type":"Feature","properties":{"clues":"YNIMS001034"},"geometry":{"type":"MultiPolygon","coordinates":[[[[-89.53478194873361,20.832657156231633],[-89.53816888358004,20.836329030460497],[-89.55377612510897,20.82487230377118],[-89.57177852259268,20.832533934861136],[-89.54082794598594,20.840105752276553],[-89.54836785191519,20.85232383837391],[-89.5519690754965,20.861944033513726],[-89.54910630581425,20.866066280285118],[-89.53402749500003,20.8650737766426],[-89.5313102924138,20.863292139685086],[-89.52849566274176,20.864098455833545],[-89.52325666266118,20.862267786448438],[-89.50829530135161,20.862845938391068],[-89.47086551210086,20.88167196487779],[-89.46969664596286,20.881041296747814],[-89.4660609764184,20.87099748974304],[-89.47713349659783,20.859073324126932],[-89.4768018250051,20.84766704972864],[-89.48401258813438,20.832188183151658],[-89.47938978782588,20.829771414933557],[-89.47608245117972,20.808947834641202],[-89.48011220531929,20.79105330245059],[-89.4817235637585,20.79101715232047],[-89.50342437400872,20.751329262740462],[-89.5172210238119,20.73835696759682],[-89.52826745932357,20.73564765431799],[-89.54405176930783,20.782097085988926],[-89.54879969841542,20.78486783348885],[-89.55178213785963,20.784926397726057],[-89.56701290347502,20.796692777170843],[-89.56438080979949,20.82247821610717],[-89.55743722149008,20.82126919649533],[-89.54795870843216,20.790176367946568],[-89.53478194873361,20.832657156231633]],[[-89.52357103714911,20.803361755669112],[-89.53585953778294,20.785095004219194],[-89.51101781613107,20.786654028782163],[-89.51190139651182,20.80521898609404],[-89.50641766957784,20.81168808914281],[-89.50085271244139,20.81498297519122],[-89.50153654506276,20.817671545204043],[-89.51924034083845,20.81784903311078],[-89.53015065283671,20.827268617469958],[-89.52357103714911,20.803361755669112]]],[[[-89.58346393487614,20.84813704776907],[-89.56629132518331,20.857669700110335],[-89.57289267875927,20.859582865233293],[-89.57882342858471,20.857739020984187],[-89.58371641857151,20.852174295562182],[-89.58564102505346,20.855744413414605],[-89.58263454827144,20.870111934605905],[-89.57443410473584,20.880647275753955],[-89.57317457135001,20.87913933615869],[-89.57673172991939,20.862158162373277],[-89.56092685101923,20.866482363085847],[-89.5558189841865,20.862992313299277],[-89.56009779250196,20.86015763166993],[-89.56767287649022,20.849911649578598],[-89.56058559329298,20.84804381878522],[-89.57631207707209,20.835485259796144],[-89.58497103442662,20.839156733061834],[-89.58346393487614,20.84813704776907]]]]}},{"type":"Feature","properties":{"clues":"SCCSA000196"},"geometry":{"type":"Polygon","coordinates":[[[-89.45586045255445,18.477718359571544],[-89.48208511365625,18.46495574896713],[-89.48814246034001,18.463668542981793],[-89.52643460717582,18.435562659800745],[-89.55364590269497,18.439554318688817],[-89.53399647728743,18.521974992752604],[-89.51674957769679,18.58288135838429],[-89.48420096206625,18.540925401991323],[-89.44924901272188,18.533724196962282],[-89.42830407779235,18.53746164404298],[-89.41296212302362,18.552987002841423],[-89.385315425334,18.55462924126246],[-89.36991297797273,18.558062461366788],[-89.35103231458831,18.566453864843943],[-89.328440647132,18.557687659415592],[-89.3107767898084,18.553878224975502],[-89.28139626245503,18.553939581220444],[-89.26823303539055,18.555797906030886],[-89.2757365512641,18.50309607496156],[-89.27222318447143,18.48481231049924],[-89.27256033865771,18.460343090008596],[-89.25517917068265,18.45247425901888],[-89.2245926773563,18.427940334297556],[-89.2215577845209,18.42229305303923],[-89.22364086269081,18.393286619963348],[-89.25197469219208,18.35802749013911],[-89.26063799371508,18.35134841797116],[-89.30050839851464,18.337452142111182],[-89.32945340127526,18.34459523485132],[-89.34083612269771,18.350725015203672],[-89.35634681961552,18.380788505317774],[-89.36141007314792,18.393680234308622],[-89.36938066513572,18.430913402361185],[-89.39919131692373,18.47995686075364],[-89.39859465470838,18.49823177819427],[-89.39998884703397,18.49903719490781],[-89.40621331329845,18.49654648562504],[-89.41308904268715,18.49952223018495],[-89.41690434259179,18.49846852832979],[-89.42354020963715,18.493359482230932],[-89.43226656480408,18.491132229634395],[-89.44428485051627,18.47962267012172],[-89.45586045255445,18.477718359571544]]]}},{"type":"Feature","properties":{"clues":"YNIMS000870"},"geometry":{"type":"Polygon","coordinates":[[[-89.3956049794446,20.819518663715197],[-89.4159333726812,20.830935061674378],[-89.41995988449467,20.841229011415045],[-89.40949353778777,20.873329581493643],[-89.39182481505169,20.871618962029032],[-89.36320672176701,20.889200226685407],[-89.35792073278506,20.878033058797513],[-89.35666160086933,20.855434010939426],[-89.37112349673959,20.846862640444215],[-89.37221237806831,20.837940838423766],[-89.36501384384012,20.83309074183509],[-89.36445666404077,20.826832656889405],[-89.36724949129938,20.81940200930851],[-89.36173192177147,20.810895774556872],[-89.32973933841947,20.821484258312022],[-89.32963196725593,20.777527104167582],[-89.34560264443257,20.774209378494195],[-89.36907333472149,20.78588064195431],[-89.37365510525179,20.785228143813004],[-89.3951548701533,20.803109425189355],[-89.3956049794446,20.819518663715197]]]}},{"type":"Feature","properties":{"clues":"QRIMB001121"},"geometry":{"type":"Polygon","coordinates":[[[-89.0115901390935,19.319680691315515],[-89.09476852608076,19.311501795596783],[-89.16432302939756,19.372464490604493],[-89.17663288358581,19.423985531106336],[-89.20121801563727,19.458214036656795],[-89.1118496068657,19.59289126795233],[-89.11164362416218,19.614395642194122],[-89.10528524070155,19.62569344654525],[-89.04235644690922,19.63699367687098],[-89.03690642491591,19.634970029427578],[-89.02899140618199,19.639705033374444],[-89.01445450301877,19.669782869319665],[-88.9883465245589,19.67217192314192],[-88.96195914611616,19.670063389566884],[-88.97332228551628,19.636175354753235],[-88.95789332974734,19.55576864888807],[-88.96282463357211,19.550472381594652],[-88.95579254159489,19.513108043765406],[-89.00076326435577,19.46639277521172],[-88.98293777819207,19.352824477080304],[-89.0115901390935,19.319680691315515]]]}},{"type":"Feature","properties":{"clues":"YNSSA001376"},"geometry":{"type":"Polygon","coordinates":[[[-89.06353439228872,20.00872103212507],[-89.07922182761754,19.983834334320196],[-89.08545786405583,19.983033139287066],[-89.10564567136748,19.974419701393476],[-89.1435274808753,19.99903580099131],[-89.12594327092985,20.068269103231813],[-89.0978419703975,20.104137731982775],[-89.0828213610992,20.104236562593417],[-89.05851115337913,20.09688507569126],[-89.05806112518974,20.083992218398855],[-89.04925507750617,20.082476319320712],[-89.05084287561745,20.07343157934064],[-89.04922912536207,20.069095056041526],[-89.05070549750151,20.06605809280661],[-89.04799240757768,20.04255026282709],[-89.06353439228872,20.00872103212507]]]}},{"type":"Feature","properties":{"clues":"CMIMB001124"},"geometry":{"type":"Polygon","coordinates":[[[-104.40142961099231,19.158055444132213],[-104.39818605875793,19.161022388646447],[-104.37955707138816,19.144502490271865],[-104.37856678982581,19.137848991115394],[-104.38005325514352,19.13225084731754],[-104.39060951222068,19.12146050356674],[-104.39462869697171,19.123721332335503],[-104.40188565326359,19.150751579733697],[-104.40142961099231,19.158055444132213]]]}},{"type":"Feature","properties":{"clues":"CMIMB000960"},"geometry":{"type":"Polygon","coordinates":[[[-103.84529152779183,19.096595357505294],[-103.83409558148765,19.05975781677879],[-103.84576542291686,19.047687394311396],[-103.88877916118435,19.05430985141734],[-103.8935326479861,19.061678054863663],[-103.9029882568435,19.069167596957023],[-103.91145506796359,19.069232845741393],[-103.95552320875859,19.11330098653637],[-103.92370228259645,19.126456272853407],[-103.89953597834567,19.115098122760834],[-103.8852961280351,19.114888208300027],[-103.8694918882867,19.10634254493779],[-103.85992514318082,19.106392946937554],[-103.85584402664288,19.10495919882356],[-103.84529152779183,19.096595357505294]]]}},{"type":"Feature","properties":{"clues":"MNIMS001066"},"geometry":{"type":"Polygon","coordinates":[[[-103.71032114954498,18.595820849583085],[-103.71189375014336,18.597150489264024],[-103.70645606041785,18.598452749305224],[-103.7057824903001,18.602290279855236],[-103.70051734850804,18.601264084817668],[-103.6989047101876,18.60224501948657],[-103.69665719258658,18.609956749323484],[-103.69028051990455,18.612438749712716],[-103.68877007966069,18.61628804914251],[-103.6900258625471,18.62099241207005],[-103.68678622701866,18.62201677058919],[-103.68557414029769,18.624808089835327],[-103.68748685034072,18.63227664971979],[-103.69532696986127,18.64516250960987],[-103.71632602091664,18.669484852268507],[-103.71432866161632,18.68333549191837],[-103.7051835615,18.693448900507626],[-103.69586093565194,18.697312970292682],[-103.69535611546904,18.70117770657168],[-103.68787763716021,18.716981079187217],[-103.66761988501304,18.728156751234373],[-103.65381148357547,18.726110276399755],[-103.649513620054,18.72370203676365],[-103.6446911176289,18.711042208415382],[-103.6334447678305,18.707345305536997],[-103.6298660447757,18.699888459113843],[-103.6443833989774,18.686687220497422],[-103.64442117579544,18.669884858899785],[-103.63636546018084,18.657662703614946],[-103.63301978384688,18.648365581315986],[-103.64032177179924,18.636923751325398],[-103.64144437903977,18.626281463751766],[-103.65742567347559,18.60574984218163],[-103.6807867985887,18.604248611428904],[-103.71032114954498,18.595820849583085]]]}},{"type":"Feature","properties":{"clues":"SCCSA001200"},"geometry":{"type":"Polygon","coordinates":[[[-103.78174729730044,19.216178287613584],[-103.785117708945,19.21858538442904],[-103.7959239289162,19.23363117337411],[-103.79504359422846,19.235915358951427],[-103.78625892235645,19.229071470605493],[-103.78563994271208,19.234551688149626],[-103.78343717549325,19.235377725856715],[-103.77772186543442,19.23280596846879],[-103.77539293989923,19.23609706115404],[-103.77305560526577,19.235020074464842],[-103.76685822916039,19.236383676290433],[-103.76154558436855,19.240817024220995],[-103.76362599115893,19.24373956198037],[-103.762100756958,19.246856088424703],[-103.76638548314777,19.251411973802718],[-103.77034519906425,19.24892016400486],[-103.77500475929482,19.249516887471806],[-103.78194108755775,19.255682880953486],[-103.79033091656508,19.253796453147725],[-103.79894141303501,19.267578734614],[-103.80206513356869,19.269274617988966],[-103.80559156526542,19.281008162731588],[-103.80520541066733,19.283804866742493],[-103.79625113527094,19.287729789910564],[-103.78794355405476,19.283067273473893],[-103.7860810416496,19.28061926254925],[-103.78180172169539,19.280296795891125],[-103.77547824825483,19.28396318351301],[-103.77272705199574,19.275047826744515],[-103.77165802465849,19.273937555849866],[-103.76514436241929,19.27433241747039],[-103.76335300243811,19.267838271039654],[-103.76054239243393,19.26749191390401],[-103.76164834215797,19.27487738942497],[-103.75737966962586,19.276359110956335],[-103.7596407633052,19.267897156675463],[-103.7558614992575,19.268314360928738],[-103.75444372125858,19.266484242357123],[-103.7563247376294,19.263066359891635],[-103.75189242005327,19.260633258065297],[-103.75264897127269,19.255212492599483],[-103.7543525981175,19.254381929754157],[-103.75590802640896,19.24967002731931],[-103.74949032814462,19.241975806284305],[-103.75080431870326,19.236158090033726],[-103.74864554706717,19.233306467536618],[-103.75165689999868,19.22979766965691],[-103.75871439183898,19.225749314079863],[-103.75854724294014,19.221682959855567],[-103.76113979998269,19.21717733183323],[-103.77946514307085,19.211092805505235],[-103.78174729730044,19.216178287613584]]]}},{"type":"Feature","properties":{"clues":"SCCSA001133"},"geometry":{"type":"Polygon","coordinates":[[[-103.68283583309707,19.039052552581715],[-103.72629083983908,19.023006941686223],[-103.73882564264375,19.032574964843963],[-103.73576276216015,19.038882294576396],[-103.73445140495531,19.049664192157568],[-103.7246145621583,19.079178077689644],[-103.702429244108,19.085892337530165],[-103.68709389940359,19.044357049965583],[-103.68283583309707,19.039052552581715]]]}},{"type":"Feature","properties":{"clues":"SCCSA001104"},"geometry":{"type":"Polygon","coordinates":[[[-103.7004693855625,19.219511295935767],[-103.69760017606386,19.220571733568292],[-103.6981311236619,19.223796846202518],[-103.69003205802515,19.223395344463544],[-103.6862838947053,19.216080952073025],[-103.69756605546146,19.21231211406297],[-103.7004693855625,19.219511295935767]]]}},{"type":"Feature","properties":{"clues":"CSIMS000712"},"geometry":{"type":"Polygon","coordinates":[[[-94.07561931777859,16.156399275445064],[-94.08580781761319,16.16873503266841],[-94.09631365514996,16.16368380349087],[-94.10592020567137,16.183614002568515],[-94.10038652799781,16.18914891009289],[-94.0798257212494,16.19074400653705],[-94.0758935685969,16.18664366160983],[-94.0739225012246,16.186954651113012],[-94.06760332893627,16.19156937601025],[-94.05691895016473,16.205776771477762],[-94.04610239148649,16.204335699685863],[-94.04251597917421,16.199974734082616],[-94.04859421022476,16.181803869390734],[-94.04538032889585,16.170903831273996],[-94.04784355526594,16.16713332516458],[-94.03341694420763,16.150661989837864],[-94.03426731284364,16.149321223599923],[-94.05702302780357,16.14281749074364],[-94.06521550843914,16.121895128239235],[-94.07199896864138,16.111204149514588],[-94.07979593913805,16.146381080317923],[-94.07561931777859,16.156399275445064]]]}},{"type":"Feature","properties":{"clues":"CSIMB000192"},"geometry":{"type":"Polygon","coordinates":[[[-93.96203774669847,16.19203014181567],[-93.97216920696442,16.18079059193162],[-93.98462547437317,16.184025676247895],[-93.98598689846281,16.18754692379057],[-93.98219785512744,16.20432155357746],[-93.99012523033767,16.21604995249611],[-93.99251657286558,16.21699951564123],[-93.99261517025319,16.22676882342423],[-93.97876020700305,16.23173909834484],[-93.97008952651301,16.240842138063726],[-93.9684951197372,16.250953253029508],[-93.95233367811217,16.251346277173216],[-93.94763769118117,16.243887821963895],[-93.93863944768742,16.23806628401254],[-93.93671468839312,16.23532901450768],[-93.9328648127788,16.234133149967036],[-93.93325070366961,16.21853803175239],[-93.9257828103848,16.223401972626778],[-93.92420774332142,16.220213717141252],[-93.93338292834822,16.216148046778358],[-93.931140427105,16.20181172254808],[-93.94317667782647,16.193860485301567],[-93.95282025951227,16.197061729618675],[-93.96203774669847,16.19203014181567]]]}},{"type":"Feature","properties":{"clues":"TCIMB001923"},"geometry":{"type":"MultiPolygon","coordinates":[[[[-93.70457043801292,17.434298379160666],[-93.71153086386536,17.43773609128651],[-93.72523864546778,17.43857731196612],[-93.73925190624851,17.486987149096453],[-93.69444887881545,17.489670725760252],[-93.69363398441995,17.505729981676755],[-93.70311500276176,17.533409706185232],[-93.68542385601319,17.539193456503373],[-93.67463138122717,17.560659028060357],[-93.66213141295475,17.550300732525734],[-93.64491807948993,17.547142446553956],[-93.62968903003765,17.55141174806171],[-93.62318585318845,17.537624633516952],[-93.59681681300751,17.574446599431003],[-93.59325051547948,17.576186773698268],[-93.58532698122802,17.563750182476916],[-93.59564836115426,17.520089824673992],[-93.62287874807342,17.53604470117583],[-93.64035067866223,17.52790018222239],[-93.64104068511284,17.525543801588835],[-93.62924136455464,17.5100877649517],[-93.59894801572138,17.506955313631618],[-93.60824841869665,17.481636785258775],[-93.61008779208414,17.470146796444226],[-93.59357112674347,17.453143127395702],[-93.61127515304977,17.422293136519084],[-93.61822869686442,17.42244024188859],[-93.64312625676429,17.43182292706059],[-93.65703055571542,17.427404423096025],[-93.6718500462119,17.438258348414212],[-93.70457043801292,17.434298379160666]]],[[[-93.63406530735777,17.348597748916287],[-93.62319072539596,17.379847130708324],[-93.59167929071012,17.38864382380168],[-93.57057265551998,17.3713687967586],[-93.56668666242656,17.360299777866125],[-93.5664843547768,17.353207006703734],[-93.57693202958289,17.343038431491067],[-93.5788524178345,17.336009789198158],[-93.57810207556042,17.334121175668017],[-93.58618140067601,17.30624280815177],[-93.59154926311996,17.305303408421405],[-93.60420548172895,17.278142602523147],[-93.61413135860015,17.268754164844577],[-93.62859551727806,17.30258443571695],[-93.60766388319094,17.319211180430646],[-93.6088433506034,17.333514293234817],[-93.61270337970994,17.338968889840807],[-93.63406530735777,17.348597748916287]]]]}},{"type":"Feature","properties":{"clues":"CSIMS002334"},"geometry":{"type":"Polygon","coordinates":[[[-93.63262647171526,16.677620314886397],[-93.6252236540486,16.67373092293331],[-93.6237256838857,16.665432743169017],[-93.63118538898263,16.66429909215098],[-93.63444998952231,16.662216191952993],[-93.63909012743288,16.663991112980455],[-93.64334826734887,16.668132353092854],[-93.64950763247805,16.66752654871625],[-93.65278430184799,16.674777414608585],[-93.65696773069914,16.677018047270643],[-93.65837647356149,16.67956393786066],[-93.65640245874549,16.683674513113466],[-93.64133717118132,16.681976528687958],[-93.6368718547031,16.67733241898091],[-93.63262647171526,16.677620314886397]]]}},{"type":"Feature","properties":{"clues":"SCCSA002814"},"geometry":{"type":"Polygon","coordinates":[[[-93.59367908443095,17.760359736267862],[-93.58071204794177,17.730169252642437],[-93.59178997943512,17.704195996014004],[-93.61528701403903,17.701890991155175],[-93.63595698234637,17.718411259677662],[-93.62312055196058,17.750176648641286],[-93.60526826617834,17.762863935206354],[-93.59367908443095,17.760359736267862]]]}},{"type":"Feature","properties":{"clues":"CSSSA006700"},"geometry":{"type":"Polygon","coordinates":[[[-93.57851522864533,17.232925934357866],[-93.57980705699468,17.240478583053438],[-93.58876217189442,17.255177402753894],[-93.61043738849953,17.254840269839544],[-93.6150220822304,17.26552140286037],[-93.61413135860015,17.268754164844577],[-93.60420548172895,17.278142602523147],[-93.59154926311996,17.305303408421405],[-93.58618140067601,17.30624280815177],[-93.57810207556042,17.334121175668017],[-93.57088330418215,17.32901658230937],[-93.56760753196352,17.323943415149724],[-93.54734857438194,17.3212797080523],[-93.54843875633856,17.316882459841306],[-93.53890109699402,17.307923051332605],[-93.52268301220757,17.314890821092725],[-93.51911898751246,17.313787532091403],[-93.50527907192806,17.29423956313489],[-93.52686827847621,17.284030968946055],[-93.53383362099528,17.286289176069705],[-93.55055035722123,17.27302477500388],[-93.55101513857028,17.271432213002072],[-93.5308337508522,17.250260290725123],[-93.52997580798467,17.246896783360427],[-93.53556907619416,17.24628953571116],[-93.5574860334834,17.22921569040637],[-93.55645490255739,17.22541519738451],[-93.5708658945611,17.21819111380526],[-93.56619256627091,17.234253968856148],[-93.57851522864533,17.232925934357866]]]}},{"type":"Feature","properties":{"clues":"CSSSA008223"},"geometry":{"type":"Polygon","coordinates":[[[-93.57306748547427,16.180195255991148],[-93.60518719301216,16.18286810104595],[-93.63011556156602,16.217056579429016],[-93.6230969686879,16.221019002784043],[-93.58238171498614,16.263491281285994],[-93.58339843825948,16.270691262534225],[-93.56542157879956,16.29134034570854],[-93.55732285996729,16.29598786705644],[-93.53688114971553,16.285103958462173],[-93.52392011242591,16.28060651831818],[-93.52778243348325,16.253122402705415],[-93.5252865656096,16.244989375925435],[-93.53054893534484,16.23746716795837],[-93.5346414213098,16.22173554120078],[-93.55125181925352,16.208163638755643],[-93.55783830762839,16.204410478167134],[-93.56311116540854,16.18567079781903],[-93.57306748547427,16.180195255991148]]]}},{"type":"Feature","properties":{"clues":"CSIMB004404"},"geometry":{"type":"Polygon","coordinates":[[[-93.53556403343968,16.479173372835174],[-93.5533882233054,16.474701050061284],[-93.56892791011627,16.49210584989817],[-93.55971774644975,16.52603927528555],[-93.58106144741768,16.540743628503993],[-93.58660168969512,16.548939700914975],[-93.59644201614431,16.55183270820782],[-93.61059674984683,16.561811598966845],[-93.61198670689248,16.56580102300462],[-93.60833287554229,16.574935235937208],[-93.61509734053115,16.593961864726623],[-93.60122086515962,16.60764677882607],[-93.59016391148961,16.602481561974187],[-93.58319257455818,16.595121160927015],[-93.58307068506035,16.592247959507564],[-93.56767936371264,16.577506927285288],[-93.54698515399821,16.58144410177687],[-93.53117416699163,16.555273951948802],[-93.51124985377257,16.548134836930558],[-93.50611586273962,16.542569823219246],[-93.50777713205255,16.53783276736094],[-93.50356729824779,16.532010738325724],[-93.51096169986387,16.52105280647695],[-93.51056077757477,16.519476444712847],[-93.52085288504257,16.507258317232147],[-93.52533303336895,16.505375888720426],[-93.53556403343968,16.479173372835174]]]}},{"type":"Feature","properties":{"clues":"CSSSA008001"},"geometry":{"type":"Polygon","coordinates":[[[-93.5024851456704,16.140117141452798],[-93.51810281718939,16.15072529985813],[-93.52587130351604,16.160169852568647],[-93.52942561307407,16.17093091944179],[-93.54295347576183,16.179126479942248],[-93.55151539245456,16.179738680310574],[-93.56311116540854,16.18567079781903],[-93.55783830762839,16.204410478167134],[-93.55125181925352,16.208163638755643],[-93.5346414213098,16.22173554120078],[-93.53054893534484,16.23746716795837],[-93.5252865656096,16.244989375925435],[-93.48732965197846,16.241595767395868],[-93.48025662375117,16.24701274245758],[-93.45860805348688,16.23791788525304],[-93.45836227909112,16.20512507994267],[-93.43214727524277,16.18102441814963],[-93.43289514184698,16.174566437672944],[-93.42671794146047,16.162595239489413],[-93.43362592194353,16.157184031381963],[-93.4496248238857,16.15204780619019],[-93.45348144648062,16.14855812588682],[-93.48037963713914,16.156071923086163],[-93.4840169252161,16.155817541977086],[-93.5024851456704,16.140117141452798]]]}},{"type":"Feature","properties":{"clues":"SCCSA002823"},"geometry":{"type":"Polygon","coordinates":[[[-93.40372990769356,17.807930580330463],[-93.40489913338334,17.815822907783687],[-93.41104600792939,17.82321717225858],[-93.40783738303817,17.82785758138128],[-93.40660333802546,17.838396611862343],[-93.41326385795283,17.854574767395864],[-93.40960730078974,17.8584173319244],[-93.39798741803163,17.862972084481402],[-93.37814578545967,17.854330486870495],[-93.37928970058341,17.848343362897094],[-93.3759972198217,17.841784748086386],[-93.37610337612139,17.83282846327665],[-93.37329643975684,17.829510505424125],[-93.37511348609881,17.815386513266827],[-93.37934529798942,17.805197098978745],[-93.38582158524173,17.80441823741467],[-93.393966377754,17.798648196960187],[-93.40372990769356,17.807930580330463]]]}},{"type":"Feature","properties":{"clues":"CSIMS003874"},"geometry":{"type":"Polygon","coordinates":[[[-93.34562758492045,15.663244766391228],[-93.34986349877452,15.670476703539292],[-93.35797106845996,15.669956337999755],[-93.35936617655571,15.676698037003678],[-93.35534871808014,15.685091716549888],[-93.36045301505023,15.694825882698302],[-93.35624497178098,15.702933746037624],[-93.35127435549398,15.70572553974721],[-93.34233111956628,15.719348753300128],[-93.32744482971938,15.727755284605875],[-93.31048458716862,15.724676002046788],[-93.30388115404166,15.733808883270834],[-93.30335616564538,15.737685043363543],[-93.28825102002634,15.734087708064006],[-93.28538315601286,15.732208696298228],[-93.28363464470098,15.727394723359867],[-93.27873056936257,15.72204632576092],[-93.27302265501338,15.720302525897871],[-93.2686175683815,15.714972829685498],[-93.27002780222544,15.70258624001795],[-93.26104124334597,15.68635865472944],[-93.2696014435811,15.683807147350347],[-93.27770835932095,15.676514662666671],[-93.29001303328492,15.670768540820301],[-93.29998669812957,15.660214503005184],[-93.30218574116266,15.65487219680823],[-93.30667933405472,15.651880050257608],[-93.31823382131027,15.656021461337428],[-93.32690335953916,15.648874779300066],[-93.33817490860766,15.651715310759705],[-93.34292073171416,15.641998114481353],[-93.3588074052987,15.637738114397926],[-93.3673603355936,15.642926064395725],[-93.36804620650273,15.647480391354128],[-93.35965091884958,15.657183452201233],[-93.3455250242289,15.659201769594006],[-93.34562758492045,15.663244766391228]]]}},{"type":"Feature","properties":{"clues":"CSIMS003512"},"geometry":{"type":"Polygon","coordinates":[[[-93.29655815224928,16.660672510512853],[-93.32354638326315,16.677972307722598],[-93.31718694871451,16.687693261751733],[-93.31696632674783,16.694452075156924],[-93.31047079780728,16.71102306929138],[-93.3028086429566,16.70125966769549],[-93.2949418730449,16.701629709787277],[-93.29269443752716,16.71185564136795],[-93.27509298549064,16.707800498097683],[-93.26367423425562,16.711092450969282],[-93.24720428094659,16.7024956968653],[-93.24283574068444,16.70496047951444],[-93.23507584483428,16.70666582256648],[-93.22023920243691,16.707936942132267],[-93.21613989596923,16.70259586749594],[-93.21725045671906,16.698162200959803],[-93.2160064306956,16.682764919981185],[-93.20931659907572,16.67777528791933],[-93.19907949969723,16.67694373185407],[-93.18052356113357,16.6537856785706],[-93.19035305251082,16.61790388243021],[-93.18890404692256,16.6152056252762],[-93.21114804448932,16.56610476261816],[-93.23813787665186,16.550903826306435],[-93.26023934913772,16.526095597625098],[-93.27353178578349,16.525053798288532],[-93.29293097274535,16.531137412758593],[-93.31730821950275,16.556706118614848],[-93.32008562370443,16.5906152832727],[-93.31922870134443,16.598613467279947],[-93.30059853676457,16.62447992628502],[-93.29655815224928,16.660672510512853]]]}},{"type":"Feature","properties":{"clues":"CSSSA005196"},"geometry":{"type":"Polygon","coordinates":[[[-93.25945046229597,15.686130109323546],[-93.26104124334597,15.68635865472944],[-93.26393592860504,15.692131965199229],[-93.25808144958205,15.710256776334807],[-93.25875398366084,15.713329315986197],[-93.26250761205198,15.716105514606717],[-93.26043816871528,15.719863723277491],[-93.2638998451889,15.726160091996038],[-93.26053297104265,15.72579175951528],[-93.25847928520244,15.750705638324677],[-93.255585686965,15.75636237945027],[-93.234565779982,15.777004417051517],[-93.23356875069224,15.788872557581339],[-93.2350419407445,15.80957589374283],[-93.23392538895241,15.813262450389331],[-93.21804535696415,15.849262885177405],[-93.21145225469212,15.849138894384815],[-93.19765982981004,15.809180509851736],[-93.19426055123024,15.794118868772177],[-93.1918745975415,15.790833256964868],[-93.1962253298381,15.774374049334602],[-93.19639272613954,15.75293103875974],[-93.20721299880996,15.743213751072828],[-93.21079362052191,15.735330428235667],[-93.21524393055256,15.73409065746843],[-93.22633021874859,15.724078572503657],[-93.23245127603074,15.722415356969538],[-93.24147449288733,15.71039959217622],[-93.24075104282852,15.706101486095013],[-93.24607991077774,15.695476177943462],[-93.25945046229597,15.686130109323546]]]}},{"type":"Feature","properties":{"clues":"TCIMB001783"},"geometry":{"type":"Polygon","coordinates":[[[-93.1516331254585,17.98416796902434],[-93.16021595340158,17.974979079430934],[-93.16520327792131,17.975427555748404],[-93.17951162083676,17.991818285232775],[-93.19101171014624,17.984345091724954],[-93.20508921971738,18.003458719667872],[-93.22688662378938,18.006998257425312],[-93.23028675821035,18.013015826549864],[-93.21642903959254,18.02626435820054],[-93.19435825874187,18.01966921437217],[-93.19086056103978,18.021405469300813],[-93.18028394941317,18.017466540969696],[-93.16463441049699,18.022117883296286],[-93.14684488312994,17.99791737005684],[-93.15040739561104,17.99210064400463],[-93.1516331254585,17.98416796902434]]]}},{"type":"Feature","properties":{"clues":"CSIMB005792"},"geometry":{"type":"Polygon","coordinates":[[[-93.09304236142619,17.24314736201547],[-93.09069684781804,17.241547879829692],[-93.08453385646759,17.225128490867174],[-93.09392400419766,17.21270993839013],[-93.10105512355243,17.212528065592267],[-93.11472051818589,17.215710097066008],[-93.11702366292498,17.214261093884268],[-93.13338619555331,17.223481188377576],[-93.13820428833888,17.233183464523055],[-93.15026591544712,17.23938721022096],[-93.15555953274902,17.246921727700407],[-93.15555724142604,17.25216851463325],[-93.13614249888062,17.255210444257866],[-93.12785434112448,17.248729834308786],[-93.12578635204045,17.249683645233446],[-93.11447683351173,17.244248345978846],[-93.11097516257715,17.257356516300373],[-93.10907926093141,17.258743617697245],[-93.10647284781018,17.258197314669708],[-93.09781587218045,17.24226812878954],[-93.09304236142619,17.24314736201547]]]}},{"type":"Feature","properties":{"clues":"SCCSA000458"},"geometry":{"type":"Polygon","coordinates":[[[-93.11487020970391,16.752664289834943],[-93.1152415140246,16.75017279835214],[-93.11753516238777,16.748292214998827],[-93.12086898954009,16.75155355190035],[-93.12494236262924,16.748843740298625],[-93.12658954822504,16.754202652879115],[-93.12427472806854,16.756056307136078],[-93.12398058962424,16.75947269750133],[-93.11982644453275,16.760037623608284],[-93.11723250613457,16.758864252018462],[-93.11783064214286,16.75517242145605],[-93.11487020970391,16.752664289834943]]]}},{"type":"Feature","properties":{"clues":"SCCSA000383"},"geometry":{"type":"Polygon","coordinates":[[[-93.12095046607736,17.507352916153323],[-93.12005207889915,17.510739360049996],[-93.12181349949695,17.51266396936298],[-93.11535770884824,17.524930626908592],[-93.11614389561446,17.530170348065223],[-93.13197978763489,17.53589516669676],[-93.13881438371494,17.556593147380877],[-93.11107160294699,17.570258974448457],[-93.10474591339398,17.569808069887866],[-93.08902287023132,17.57716213289897],[-93.07567056100292,17.60043223797068],[-93.0650502294988,17.60159479997069],[-93.04847071164882,17.591243060926136],[-93.04258853196035,17.58576264190313],[-93.04924927266438,17.56722201057224],[-93.05904310286003,17.555848243908017],[-93.06116488555186,17.54550654909911],[-93.05979759075163,17.532664526777296],[-93.03662534138782,17.52906419246301],[-93.03376156719898,17.513407183404166],[-93.03827762866025,17.50386405313307],[-93.04981854232469,17.495578203561358],[-93.06573353949024,17.497924724148334],[-93.07334500949483,17.4927526307652],[-93.07357627703146,17.490283998938043],[-93.08936582161675,17.47601004134592],[-93.10348875932107,17.48365104431545],[-93.10682508669873,17.48291780126569],[-93.11639238334465,17.485192178815463],[-93.11860373758503,17.494331998364537],[-93.11399261879325,17.50383930319044],[-93.12095046607736,17.507352916153323]]]}},{"type":"Feature","properties":{"clues":"TCIMB001100"},"geometry":{"type":"Polygon","coordinates":[[[-93.03948045180347,17.83007028542256],[-93.06636982536729,17.80482508179943],[-93.06918797232628,17.799566628460372],[-93.08352546480083,17.79857956970863],[-93.10942387304372,17.813310280970367],[-93.11550218466618,17.83529687148589],[-93.09495391930413,17.878155063647014],[-93.09614416822586,17.883565599832597],[-93.082832857991,17.890063347592033],[-93.07452610408677,17.892280700969252],[-93.05635201081984,17.882437517826087],[-93.05704295792775,17.870585793360988],[-93.03588599177179,17.842330796216647],[-93.03948045180347,17.83007028542256]]]}},{"type":"Feature","properties":{"clues":"CSIMS004521"},"geometry":{"type":"Polygon","coordinates":[[[-93.06068290684314,16.93709552907743],[-93.0607178910047,16.940205695781906],[-93.05279552097309,16.952096456182876],[-93.05337310175511,16.975663569838265],[-93.05213688545592,16.97914182374408],[-93.03865547781386,16.98329096707836],[-93.02154937870046,16.991379513109003],[-93.00435170463662,16.979976156296352],[-92.98988478474358,16.977792019229522],[-92.97542739719265,16.96806531808786],[-92.97030916843352,16.95703452023417],[-92.96576899673606,16.931150763615804],[-92.9781667339701,16.923974183274716],[-93.00382701766665,16.921329621566905],[-93.00987126024461,16.918534276157025],[-93.02508392078919,16.899697426307927],[-93.04870138718071,16.91743234270639],[-93.0530656965406,16.922972792278692],[-93.05482386992163,16.930041239367334],[-93.06068290684314,16.93709552907743]]]}},{"type":"Feature","properties":{"clues":"SCCSA000292"},"geometry":{"type":"Polygon","coordinates":[[[-93.04575928619592,16.708683330875548],[-93.04814301104346,16.7149624352506],[-93.04517618113005,16.71653382876202],[-93.04393657731858,16.722038300569956],[-93.04212317438662,16.72363626173956],[-93.0375915594442,16.72367412884825],[-93.03897705668251,16.717512883160772],[-93.02751457618027,16.70454124197809],[-93.03995821956434,16.68819085601177],[-93.04493652906005,16.696536503823552],[-93.04575928619592,16.708683330875548]]]}},{"type":"Feature","properties":{"clues":"SCCSA000426"},"geometry":{"type":"Polygon","coordinates":[[[-93.01553529211965,17.23363344676041],[-93.0150663928327,17.2454467527315],[-93.01656323833737,17.24555093039505],[-93.01703399190416,17.251605221489854],[-93.01356037018293,17.25373496749687],[-93.01316042118964,17.256700238946255],[-93.0153888292531,17.26029363376725],[-93.01663385890747,17.26713100041072],[-93.01227283036506,17.277554792597844],[-93.00651917273096,17.278270726459095],[-93.00354832437888,17.27199826346729],[-93.00566379577958,17.267060425755815],[-93.00522706484907,17.259212718849408],[-93.00142021275555,17.255413710819],[-93.00166647270578,17.251578815672357],[-92.99156858622835,17.24419013331135],[-92.99006077320183,17.237916407388692],[-92.99814806097416,17.238880446131706],[-93.00223870559465,17.232152412216436],[-93.01553529211965,17.23363344676041]]]}},{"type":"Feature","properties":{"clues":"CSIMB000711"},"geometry":{"type":"Polygon","coordinates":[[[-93.00154381982657,16.606556547551165],[-93.00016042808171,16.6150904737036],[-93.00199507092285,16.620464847809004],[-93.00184027633851,16.626418977981555],[-92.99938902394848,16.629641241478062],[-93.00083942873353,16.644729921265608],[-93.0068795630153,16.64445269611631],[-93.01104310822936,16.660887716858035],[-93.0074893337581,16.66405002481471],[-93.01527055404564,16.675702649490642],[-93.00626465465433,16.681561689471305],[-92.99864241704582,16.67525563358341],[-92.99608343481779,16.665871280720076],[-92.99149425691456,16.663377884785707],[-92.98678856858817,16.65098905566885],[-92.9689979089466,16.637793180754638],[-92.96470669861644,16.62656977891464],[-92.97382260394542,16.620508370747373],[-92.98390145311804,16.610608672413182],[-92.98684832506382,16.601202619406113],[-92.9973722572143,16.606202587036503],[-93.00154381982657,16.606556547551165]]]}},{"type":"Feature","properties":{"clues":"CSIMB006200"},"geometry":{"type":"Polygon","coordinates":[[[-92.90250876618259,17.341957654692393],[-92.9121602482273,17.337873844273478],[-92.93383630511524,17.345307513599447],[-92.93892922624886,17.359846723622724],[-92.96023714736538,17.37544682087859],[-92.97527649083088,17.37468422525361],[-92.97887723397447,17.40346912530345],[-92.97752387941867,17.409757179147963],[-92.96925327735285,17.4239923435342],[-92.95631850663003,17.424662329100098],[-92.94260416730334,17.42033852535647],[-92.93863334580833,17.40662500803969],[-92.9326246593569,17.40238401304558],[-92.91687841418273,17.406654929076815],[-92.90220896366638,17.399039428788047],[-92.89122949623385,17.3722895016287],[-92.89633423041903,17.36429395476635],[-92.89697010447873,17.350758954954085],[-92.90250876618259,17.341957654692393]]]}},{"type":"Feature","properties":{"clues":"SCCSA000267"},"geometry":{"type":"Polygon","coordinates":[[[-92.9112864110555,16.960698141266146],[-92.91256978402309,16.971052629549625],[-92.91717862817696,16.975799000150037],[-92.9297539095255,16.977569459636225],[-92.93316711630672,16.989802123149605],[-92.93579134186021,16.99193807066982],[-92.92197436894382,17.00630155369815],[-92.91682881545226,17.03238252280247],[-92.90357562895835,17.030434322431745],[-92.89060603382038,17.03407449712399],[-92.88755749686224,17.01860526731777],[-92.8779148113594,17.00998176066983],[-92.8715371110046,17.006650144319895],[-92.85893595765421,17.010377211498078],[-92.85437856086199,17.008967965347484],[-92.83672662947349,16.996591046368373],[-92.83650506594267,16.98359976559746],[-92.83069890269356,16.97679183229213],[-92.81493943535698,16.974089044989878],[-92.80859811892755,16.959563910481478],[-92.81093185026558,16.95369440080023],[-92.83414985791552,16.942571203266745],[-92.84901467045353,16.951594403551553],[-92.85047341661512,16.953900572673533],[-92.85566489064254,16.95584707188144],[-92.86641109932268,16.951547201428948],[-92.87340333431975,16.94109703418658],[-92.87863870786121,16.936738695279544],[-92.88540846575692,16.94238661449641],[-92.88981972583011,16.95261410590345],[-92.89257396085895,16.954748978933825],[-92.9079178180838,16.95131608690186],[-92.9112864110555,16.960698141266146]]]}},{"type":"Feature","properties":{"clues":"CSIMS004516"},"geometry":{"type":"MultiPolygon","coordinates":[[[[-92.89207771035325,16.842117853425695],[-92.90733097343166,16.840280963758804],[-92.91111282437645,16.84379802981529],[-92.92795368280244,16.85192826736687],[-92.92714050563015,16.86895310524792],[-92.92550813426305,16.86924130022076],[-92.9202228865715,16.88059290265226],[-92.92198970140669,16.88441112664899],[-92.9254669977376,16.885008609271498],[-92.92621334352278,16.886625802990995],[-92.91768802816422,16.89335885285806],[-92.92090923748198,16.884838548363106],[-92.9137268706651,16.884143222617702],[-92.90586801351347,16.877815213289807],[-92.90554555547361,16.87244056004705],[-92.90276751333002,16.87064734342088],[-92.87289276652666,16.87051248368915],[-92.87496321696474,16.86504711479357],[-92.89207771035325,16.842117853425695]]],[[[-92.90582494788741,16.910284391939285],[-92.91443519938217,16.896434562266624],[-92.93160141447937,16.893885353363412],[-92.95312714266501,16.929063657748856],[-92.92194934869632,16.926155386763703],[-92.9059592572504,16.914484294912125],[-92.90582494788741,16.910284391939285]]]]}},{"type":"Feature","properties":{"clues":"TCIMB005126"},"geometry":{"type":"Polygon","coordinates":[[[-92.91317433913026,17.964198469832976],[-92.91510278872809,17.972208938344977],[-92.9131150659918,17.9774920239262],[-92.90879895505923,17.980533346770535],[-92.91125535759713,17.984819571896907],[-92.90977283632417,17.987887407657748],[-92.88689947685096,17.988269246289114],[-92.86169196312731,17.97758257538646],[-92.89425521016793,17.96094081359072],[-92.9002688855227,17.953922862257652],[-92.90446214472065,17.95385586518252],[-92.91317433913026,17.964198469832976]]]}},{"type":"Feature","properties":{"clues":"CSSSA000226"},"geometry":{"type":"Polygon","coordinates":[[[-92.90537208666615,17.47965408794731],[-92.90569067814143,17.48455825196237],[-92.89658066084827,17.49303722709292],[-92.90611312378476,17.526417103523265],[-92.88420644993607,17.527422078038352],[-92.84788963330772,17.51128899488352],[-92.84778091252822,17.505004276256933],[-92.84391087085729,17.497059396862124],[-92.84011105673565,17.478671032979335],[-92.84210023935775,17.461836721928588],[-92.85451076649557,17.45767690213486],[-92.8676606638018,17.44837450267757],[-92.87310414777161,17.43513821572873],[-92.88618122887027,17.432108865833627],[-92.89128899004808,17.44396265420909],[-92.90505958509473,17.44237943441426],[-92.90338271007562,17.463799825525395],[-92.89860316424738,17.466516975477138],[-92.90537208666615,17.47965408794731]]]}},{"type":"Feature","properties":{"clues":"CSSSA005411"},"geometry":{"type":"Polygon","coordinates":[[[-92.82459415829175,17.173228061930747],[-92.82580089227675,17.176468094599105],[-92.83670410530083,17.18197004945242],[-92.83053193559583,17.194126466444644],[-92.83027457729423,17.19686002452238],[-92.83197394244809,17.199558146902707],[-92.82979964964468,17.20759041011331],[-92.82329947925989,17.210016022007537],[-92.8306505823956,17.21962265538511],[-92.84549209293073,17.225654928649266],[-92.83124153853831,17.25272189501893],[-92.83656281443561,17.259997258448927],[-92.8395486701472,17.272203986179118],[-92.83622954206407,17.274770091379406],[-92.81737805605812,17.26776041058911],[-92.81665722655444,17.26497286649545],[-92.82266001690718,17.25531934311335],[-92.81335958613235,17.24406257787385],[-92.81050309152599,17.24359542302801],[-92.79738897306858,17.253651006796055],[-92.78253544500748,17.24805345032617],[-92.78288540105373,17.2388925965639],[-92.79601601573567,17.229034486375074],[-92.7967278376326,17.21717417895985],[-92.79361898899307,17.21537136480185],[-92.78162283325744,17.214599177992916],[-92.77507965299901,17.21007237592829],[-92.77219905164253,17.201092128791117],[-92.77326949372718,17.197633500940768],[-92.77053669739088,17.19581544814801],[-92.76666629489715,17.194390475621713],[-92.7597490417738,17.199685083088717],[-92.75471316621527,17.193727496038008],[-92.74886206539465,17.193529992716435],[-92.74765400096148,17.187823668541995],[-92.74862146347296,17.185394597856156],[-92.74321045537972,17.17990651212033],[-92.74678951269478,17.17538676043002],[-92.75053262034959,17.166192746068827],[-92.76404312800422,17.1763633538807],[-92.77148008473479,17.177790124020326],[-92.77687345776923,17.171936129807683],[-92.7864459137245,17.17390179565419],[-92.80621427922338,17.16136615111056],[-92.8086681700651,17.1654563146376],[-92.81905488404604,17.16906933821012],[-92.82459415829175,17.173228061930747]]]}},{"type":"Feature","properties":{"clues":"CSIMS005764"},"geometry":{"type":"Polygon","coordinates":[[[-92.73614155917134,15.725264177367952],[-92.80543376273357,15.73972003517875],[-92.80812277186014,15.742549404962004],[-92.8087063915713,15.74816462296222],[-92.80261727601786,15.759833311190215],[-92.7939628722315,15.76317968636083],[-92.79089789791774,15.766857688185672],[-92.79244862602421,15.790841610860985],[-92.77764820794103,15.80039904582657],[-92.7777838393771,15.815229566001955],[-92.7430075803568,15.826050405294431],[-92.73973067260341,15.82835131973639],[-92.72076424838247,15.826920528424003],[-92.7106919180179,15.834483241105458],[-92.69929350466833,15.824457832652183],[-92.69977281573594,15.801721538700729],[-92.69371663889379,15.796663496190673],[-92.69049364977715,15.776261071978851],[-92.68070786568624,15.760237771859016],[-92.68974409691093,15.735031974795046],[-92.71978478958182,15.74451602098611],[-92.73363214672894,15.736713215785253],[-92.73614155917134,15.725264177367952]]]}},{"type":"Feature","properties":{"clues":"SCCSA002905"},"geometry":{"type":"Polygon","coordinates":[[[-92.80620616385684,17.56857294239851],[-92.7751662151013,17.56515286937332],[-92.77407124991865,17.562502962623135],[-92.77723194359238,17.548038780289854],[-92.80725925777428,17.550858336121244],[-92.80620616385684,17.56857294239851]]]}},{"type":"Feature","properties":{"clues":"SCCSA000308"},"geometry":{"type":"Polygon","coordinates":[[[-92.76972939647143,17.079892479375122],[-92.75822244090314,17.095971103785452],[-92.75503144234774,17.097860996379225],[-92.74864832992172,17.108321675435942],[-92.73957743544089,17.115845420833242],[-92.7305695763498,17.11467632507658],[-92.7205937772797,17.09562409265384],[-92.71965104384122,17.089015957751094],[-92.72221696707663,17.085037623955458],[-92.73018056156786,17.080807197359235],[-92.73320738061463,17.070718815254338],[-92.73830610057448,17.062769232810595],[-92.75207511566553,17.05831913875853],[-92.76606298471957,17.047940940526058],[-92.77068040058677,17.048013401745003],[-92.78396093889968,17.052314988685158],[-92.7841533579778,17.056453163204058],[-92.77016978943156,17.073200683228436],[-92.76972939647143,17.079892479375122]]]}},{"type":"Feature","properties":{"clues":"CSIMB000600"},"geometry":{"type":"Polygon","coordinates":[[[-92.74477565592026,16.791394459362667],[-92.75222009174345,16.785696456696417],[-92.75742915698554,16.788059567748117],[-92.77561242554437,16.7876041393473],[-92.7740547402252,16.79696028420048],[-92.76286458291185,16.805228189762282],[-92.76180835884384,16.80904150199476],[-92.76586957184021,16.813504719692414],[-92.76789525653068,16.8264396034516],[-92.76312158731484,16.83573042785235],[-92.75740909192731,16.835121625271558],[-92.74505907934791,16.824997827053448],[-92.74840055635521,16.8118560680091],[-92.73135403933507,16.80920108123669],[-92.73021508896188,16.8053100516032],[-92.74290895563442,16.795841903713182],[-92.74477565592026,16.791394459362667]]]}},{"type":"Feature","properties":{"clues":"CSIMS002491"},"geometry":{"type":"Polygon","coordinates":[[[-92.71857564526205,16.90881406251394],[-92.71840431897796,16.903076947216974],[-92.72969747921431,16.90162018215804],[-92.7334594186089,16.906235525465615],[-92.73602722097306,16.905732227024878],[-92.74199461639371,16.908748623856273],[-92.74751158241891,16.908692919892733],[-92.75393095517792,16.914872953230105],[-92.75362913886607,16.916473016178923],[-92.75692518265814,16.920914819471925],[-92.75651231311207,16.929786020250543],[-92.74783692315744,16.932466399570004],[-92.74759502846092,16.93643861960322],[-92.738238550843,16.942867746239926],[-92.72966076652403,16.936916686344674],[-92.72726337437665,16.92807457291404],[-92.71927935106427,16.91764336062304],[-92.72059668343647,16.913720269518105],[-92.71857564526205,16.90881406251394]]]}},{"type":"Feature","properties":{"clues":"SCCSA000250"},"geometry":{"type":"Polygon","coordinates":[[[-92.69412950565012,16.915740756534277],[-92.70218937781569,16.916312146180573],[-92.70295634591326,16.918209865293722],[-92.69620593063514,16.92731422748396],[-92.69457162320101,16.93201315408048],[-92.69073222498368,16.93479340796202],[-92.68598775754303,16.92689403833983],[-92.68778856319042,16.92056122111962],[-92.69412950565012,16.915740756534277]]]}},{"type":"Feature","properties":{"clues":"TCIMB004962"},"geometry":{"type":"Polygon","coordinates":[[[-92.70423904220439,17.485986985271396],[-92.69765144441881,17.488604686636915],[-92.65142037808131,17.458920045638447],[-92.65227170814066,17.45195479726201],[-92.65535059814015,17.448345815553953],[-92.69571478530062,17.460387630717307],[-92.70423904220439,17.485986985271396]]]}},{"type":"Feature","properties":{"clues":"CSIMS003990"},"geometry":{"type":"Polygon","coordinates":[[[-92.64004870823284,15.136935825658899],[-92.65446346758952,15.12944836830098],[-92.66190367193148,15.142434798074786],[-92.66046112058517,15.146103976846987],[-92.67714301650346,15.169967921266974],[-92.6744107407352,15.1763047623965],[-92.65946851582208,15.1839177902428],[-92.65944878956309,15.195210096086802],[-92.65052080018458,15.206341814872577],[-92.63674567469417,15.19385987932256],[-92.63123818420218,15.203539785856623],[-92.62807914310079,15.213383412786747],[-92.61190181740396,15.206243725986493],[-92.61434810278097,15.189230078997332],[-92.60953518858844,15.185387591211414],[-92.6056133246893,15.173391702797607],[-92.60920978250584,15.165678859222469],[-92.61313515032919,15.16520288938095],[-92.62076303074971,15.161078804875642],[-92.62480118396232,15.156446720127267],[-92.6398797012005,15.153434311823005],[-92.63688621836499,15.141645789971458],[-92.64004870823284,15.136935825658899]]]}},{"type":"Feature","properties":{"clues":"CSIMB006550"},"geometry":{"type":"Polygon","coordinates":[[[-92.60465347874467,17.020797764982763],[-92.61344915220144,17.02674436787758],[-92.61322276709251,17.030559192027447],[-92.61886394258322,17.03748524445154],[-92.62274495659048,17.05708767419196],[-92.61099512990363,17.067403487714788],[-92.61013965891695,17.074334609144206],[-92.6080088747848,17.075993077241385],[-92.57892173813103,17.09068751516965],[-92.57654795071741,17.089626337377062],[-92.575971169039,17.08591947966996],[-92.56623295445455,17.076903655669135],[-92.55413770066752,17.05052040122943],[-92.5571514455982,17.040995893644084],[-92.5629568409236,17.041624689402838],[-92.5827120959026,17.039075784418426],[-92.58735564565036,17.02855831357427],[-92.59522140933551,17.027932953398015],[-92.59668984840647,17.025009902025676],[-92.60465347874467,17.020797764982763]]]}},{"type":"Feature","properties":{"clues":"TCIMB002763"},"geometry":{"type":"Polygon","coordinates":[[[-92.58464032339693,17.7075102072596],[-92.58107118608997,17.713206121952627],[-92.57010362990496,17.71778697767214],[-92.55998729350426,17.71179636396125],[-92.55319451215514,17.71014930314617],[-92.52272221058413,17.67421291528305],[-92.53486486497133,17.662947279401312],[-92.5516450868956,17.674820143877962],[-92.57520608754257,17.66960017166713],[-92.5761637821321,17.665935045265584],[-92.58169875285704,17.65835439314787],[-92.60321619519728,17.662169286836395],[-92.61821747020315,17.686573886742444],[-92.58464032339693,17.7075102072596]]]}},{"type":"Feature","properties":{"clues":"CSIMB003733"},"geometry":{"type":"Polygon","coordinates":[[[-92.58536280342649,16.434019816198955],[-92.58160806051885,16.432090287118697],[-92.58272443681025,16.43966164212854],[-92.5816882488099,16.44237567700152],[-92.55859821305171,16.431643704722934],[-92.55930224167498,16.428319810483668],[-92.57035527518106,16.418424081549745],[-92.5840875481315,16.39958642359297],[-92.60316062839362,16.391028659035843],[-92.61128840111164,16.392204167711398],[-92.6262762830334,16.399742530453803],[-92.58536280342649,16.434019816198955]]]}},{"type":"Feature","properties":{"clues":"CSSSA006176"},"geometry":{"type":"Polygon","coordinates":[[[-92.57087093489162,17.1382869781696],[-92.58216504262711,17.146962162372194],[-92.58162931947983,17.155642050299694],[-92.57724799401119,17.161925074844355],[-92.57125827776458,17.19043363792292],[-92.55941691109355,17.188528500233993],[-92.53154074165985,17.190322890467986],[-92.51821920844864,17.178781622273657],[-92.521343835061,17.162031228444263],[-92.51944892473328,17.143551365830202],[-92.52416852326711,17.139448425858596],[-92.54367782214544,17.139992016447522],[-92.54978502061486,17.146716863103304],[-92.55914432565649,17.14869537492335],[-92.57087093489162,17.1382869781696]]]}},{"type":"Feature","properties":{"clues":"CSIMS002935"},"geometry":{"type":"Polygon","coordinates":[[[-92.51794372274642,14.900535197067764],[-92.54674471648741,14.894568642078342],[-92.56662925837746,14.902413143267816],[-92.56868415171222,14.913067967674237],[-92.5793162803671,14.931240469141983],[-92.5854006169235,14.962464687061528],[-92.54798974356075,14.966477280700952],[-92.51967101707775,14.981083585046639],[-92.51630669831334,14.984310084161342],[-92.49160734960465,14.961066129577889],[-92.48376536191908,14.958875178064677],[-92.47610491272248,14.961518375121326],[-92.45572100812909,14.948908306742426],[-92.46062428200723,14.936946477291587],[-92.4745525562019,14.932764539493853],[-92.48633038022582,14.926182785358383],[-92.48447521822362,14.920547350987706],[-92.49496546200993,14.903674870311269],[-92.51080822330846,14.897153204429205],[-92.51794372274642,14.900535197067764]]]}},{"type":"Feature","properties":{"clues":"CSIMS004994"},"geometry":{"type":"Polygon","coordinates":[[[-92.48203055910253,17.234549180385386],[-92.48883693040503,17.244054722691732],[-92.49747775025283,17.242676419582242],[-92.50540304273805,17.25383266924303],[-92.50725789502489,17.25405151178216],[-92.5091165142315,17.261059954614797],[-92.50310537993423,17.272421821666253],[-92.49546396007088,17.273779191155228],[-92.48910274149031,17.26959698987985],[-92.46932055903821,17.273907029669257],[-92.46577561363344,17.27298913110778],[-92.46182312782808,17.26723778296824],[-92.45511328316827,17.262542631725317],[-92.45315766430241,17.254841721618178],[-92.42890693353485,17.24641431601265],[-92.44773396548933,17.219410444485085],[-92.45070669956509,17.218354089529566],[-92.45742615436865,17.225533151853288],[-92.4713122036442,17.235593137223855],[-92.48203055910253,17.234549180385386]]]}},{"type":"Feature","properties":{"clues":"CSIMB005932"},"geometry":{"type":"Polygon","coordinates":[[[-92.42865780455074,16.906263129939305],[-92.41597634819179,16.901459605750063],[-92.412277135767,16.88174227807619],[-92.41260213804647,16.87994942352804],[-92.42486205364008,16.873771044701705],[-92.43282868968022,16.880802738849816],[-92.43400409020194,16.900467773110567],[-92.42865780455074,16.906263129939305]]]}},{"type":"Feature","properties":{"clues":"CSIMS005460"},"geometry":{"type":"Polygon","coordinates":[[[-92.36529026580294,15.16600595999928],[-92.35884604283385,15.169017498338466],[-92.34918020798747,15.169432515254165],[-92.3433552644237,15.162520062414668],[-92.35067802244444,15.14605734051928],[-92.35803202638844,15.143826886301412],[-92.36927554596873,15.152461727563162],[-92.37101723781412,15.155789888611768],[-92.3893572990248,15.154715861537598],[-92.39074190235372,15.164300822229853],[-92.3955684566499,15.168835722749124],[-92.40160905209942,15.17800380340718],[-92.40140430471054,15.179671476437651],[-92.38808611431791,15.183085002067232],[-92.38108484857652,15.176802764702726],[-92.37242942202423,15.183637352410676],[-92.37077783113367,15.172510977954033],[-92.36529026580294,15.16600595999928]]]}},{"type":"Feature","properties":{"clues":"CSIMS002030"},"geometry":{"type":"Polygon","coordinates":[[[-92.35952071947636,15.048543384985942],[-92.36367110989337,15.051486011352223],[-92.36347530189231,15.059197686856184],[-92.36675230222251,15.062878783621336],[-92.36222944987098,15.071768943603681],[-92.35853867439386,15.07408141662142],[-92.35300002437864,15.081684941599061],[-92.36133976096716,15.09322528468769],[-92.3586360720884,15.10182319173835],[-92.34710586946264,15.103784065483657],[-92.34467553311727,15.101942740538444],[-92.33431658050027,15.100501909704768],[-92.33043786405196,15.096284529447095],[-92.32615663697098,15.10199990610566],[-92.32470485337234,15.102095808177406],[-92.31651271989281,15.087291107607143],[-92.31711390790906,15.083257379476207],[-92.31523653495837,15.080877479356854],[-92.31874869040908,15.06844384720185],[-92.31721206298783,15.066210825959205],[-92.32889954831998,15.060418492453794],[-92.32664037802189,15.051652693797307],[-92.32858953064255,15.047595405292306],[-92.3400031669837,15.040290551456874],[-92.34317028989028,15.044712755469092],[-92.35785073320828,15.04092145052561],[-92.35952071947636,15.048543384985942]]]}},{"type":"Feature","properties":{"clues":"CSIMB006311"},"geometry":{"type":"Polygon","coordinates":[[[-92.21700186158313,17.175571315818427],[-92.23226876035682,17.173436335236882],[-92.24065640367081,17.183474039799023],[-92.25694642222739,17.18553147063775],[-92.26184911600951,17.184245198951213],[-92.27219895520345,17.192337516749724],[-92.27921900566001,17.20321121447459],[-92.26625769589516,17.21553912349057],[-92.26172049446845,17.212383430098733],[-92.26021334946442,17.20870093635851],[-92.25126544617382,17.205412238368236],[-92.24338538838192,17.210759250597853],[-92.24022308579926,17.215983567757583],[-92.23400507345477,17.214989244225634],[-92.20438225916168,17.22788063262918],[-92.19880020330743,17.225425004887697],[-92.19095417508076,17.216979094038187],[-92.19231977717658,17.203040288427047],[-92.21243583417467,17.187350565158017],[-92.21700186158313,17.175571315818427]]]}},{"type":"Feature","properties":{"clues":"CSIMB000986"},"geometry":{"type":"Polygon","coordinates":[[[-92.21568928506285,14.758401236423863],[-92.21917298287693,14.754081136976732],[-92.23083554230483,14.755161555113906],[-92.24704012483127,14.782313851563995],[-92.23642476573085,14.78986371706373],[-92.22755634395445,14.8043127473106],[-92.19773654660325,14.814844001492117],[-92.18712191946672,14.806491214130007],[-92.1785478303107,14.806942548936242],[-92.1769697998615,14.800365249166653],[-92.17174185975388,14.793007649258083],[-92.17107174004146,14.789426379380618],[-92.16485214005861,14.782976109211601],[-92.1646132689179,14.780749176263315],[-92.18217082763863,14.776358377532201],[-92.18860016465533,14.779016008577102],[-92.19253812493776,14.777712470662577],[-92.20197766812757,14.78295336551435],[-92.21413603376077,14.76949492451646],[-92.21568928506285,14.758401236423863]]]}},{"type":"Feature","properties":{"clues":"SCCSA000341"},"geometry":{"type":"Polygon","coordinates":[[[-92.2327149130603,15.499908910887257],[-92.2342085812921,15.508100017031369],[-92.22683023779254,15.512135412649508],[-92.22706703764067,15.51570717111669],[-92.22499595560359,15.517385697570399],[-92.22047356933865,15.513363523395471],[-92.21588167213882,15.517329802445957],[-92.22459821600037,15.522250639413588],[-92.22106159625169,15.535720972909564],[-92.21714511881333,15.538030560304374],[-92.21213809659386,15.534697025130976],[-92.20304569876184,15.535692909495486],[-92.19853354276849,15.539404674640107],[-92.19006417485691,15.542947189213471],[-92.1858586518177,15.538818768516384],[-92.19083376747196,15.524798626661017],[-92.1926616087774,15.52416435463417],[-92.19737891999365,15.51480179517504],[-92.1969439058094,15.510574835787706],[-92.18982421382117,15.505086676926828],[-92.19853000438923,15.492092446932002],[-92.19868138587977,15.487771561711519],[-92.21115385818004,15.490647413328581],[-92.21061000543462,15.499906714692068],[-92.21374553257186,15.50130989255968],[-92.21801351997183,15.50246435949648],[-92.22232556414977,15.498717913783798],[-92.22687087458128,15.497244629575004],[-92.2327149130603,15.499908910887257]]]}},{"type":"Feature","properties":{"clues":"CSIMB005676"},"geometry":{"type":"Polygon","coordinates":[[[-92.18460714167603,16.1014051208299],[-92.18950523910381,16.104516596314895],[-92.19064552024452,16.11671948812986],[-92.19523284752621,16.120968112755936],[-92.19990783226234,16.120016552959683],[-92.20613489222903,16.130286074834416],[-92.20454792147525,16.13513936091526],[-92.20449186196751,16.159059094298073],[-92.21360567443477,16.166991921507943],[-92.20440977484097,16.175573484754807],[-92.19184616793868,16.181495895888975],[-92.1905508517367,16.18955417806962],[-92.17023772489486,16.196415481703365],[-92.1666659019002,16.188106421706234],[-92.15651980533602,16.176239620108454],[-92.15711667236266,16.172311825985116],[-92.17110434496088,16.147143608027783],[-92.17045711931914,16.145745690320332],[-92.1548841784163,16.138635007632615],[-92.14648955236511,16.124793146241448],[-92.1540536360439,16.113698328812625],[-92.15340241043334,16.111264007826403],[-92.15916020816755,16.10076243746498],[-92.1606923628642,16.101467995442878],[-92.17326293565515,16.09261977079075],[-92.17863994288425,16.100705489204593],[-92.18460714167603,16.1014051208299]]]}},{"type":"Feature","properties":{"clues":"CSIMS005571"},"geometry":{"type":"Polygon","coordinates":[[[-92.12785963125604,15.043778158086647],[-92.13250007618547,15.049691552299773],[-92.13275729919602,15.054196713220636],[-92.11878825913612,15.061183760958007],[-92.11616852648345,15.061259776206917],[-92.10827868654673,15.06739842212301],[-92.10393031969362,15.057351737085773],[-92.10619741162678,15.054266038028274],[-92.10656215777163,15.05060040138194],[-92.11188881257338,15.044720264711376],[-92.1177997217797,15.046380020137613],[-92.12785963125604,15.043778158086647]]]}},{"type":"Feature","properties":{"clues":"CSIMS002795"},"geometry":{"type":"Polygon","coordinates":[[[-92.08621986867269,16.37380018231849],[-92.08874717805634,16.418130572746538],[-92.03709687259521,16.413171230552177],[-92.02983709754507,16.375561778876023],[-92.06108509160273,16.360568682541576],[-92.06594972172405,16.36138906095408],[-92.08621986867269,16.37380018231849]]]}},{"type":"Feature","properties":{"clues":"CSSSA001054"},"geometry":{"type":"Polygon","coordinates":[[[-92.06541105659171,16.272652359553188],[-92.06404084115238,16.276147636715105],[-92.04808073307055,16.283913366993886],[-92.04095487299706,16.27562893581308],[-92.03422735643854,16.273019490335475],[-92.03136525447445,16.26319853282217],[-92.03756563061482,16.2563361046145],[-92.0500007905783,16.24982285614033],[-92.0513760335981,16.24257205850861],[-92.07674757846635,16.255473077968738],[-92.07792037868224,16.264375770872725],[-92.06541105659171,16.272652359553188]]]}},{"type":"Feature","properties":{"clues":"CSIMS004142"},"geometry":{"type":"MultiPolygon","coordinates":[[[[-91.95420909257881,17.19130920085795],[-91.96090438346383,17.194982961894922],[-91.97806630976572,17.198128064358514],[-91.97258636791649,17.2224920132372],[-91.9770698105388,17.224878075603378],[-91.98211379055223,17.23321921516553],[-91.9833317182675,17.245454454297168],[-91.98136897460391,17.28729607013865],[-91.96428547288127,17.28423590159273],[-91.96115544883172,17.281078466244015],[-91.95200994037319,17.25409324173501],[-91.9496859627264,17.232045139613195],[-91.95347530520775,17.22585198050688],[-91.94839455138538,17.2025807921422],[-91.95420909257881,17.19130920085795]]],[[[-92.00387746298082,17.260972775931187],[-92.01141688136666,17.266567987037643],[-92.01612520717062,17.268161936980416],[-92.01819188356293,17.271849777525322],[-92.01879934896618,17.283339108897426],[-91.99190926509361,17.2972465017126],[-91.98447092750318,17.28926331071818],[-92.00109970756563,17.261400786319882],[-92.00387746298082,17.260972775931187]]]]}},{"type":"Feature","properties":{"clues":"CSIMB000076"},"geometry":{"type":"Polygon","coordinates":[[[-91.85891185472173,16.683028054971093],[-91.85329300585408,16.675068271358242],[-91.86981671923665,16.65317243385764],[-91.89520870390072,16.65761386493686],[-91.90648401326698,16.652322605338277],[-91.92474491457752,16.666950714609516],[-91.93320801137934,16.666428471069587],[-91.94820082505191,16.67027108450292],[-91.96117165283879,16.67065009372244],[-91.97224178412124,16.666405631488907],[-91.98806946445654,16.671457036876504],[-91.99681633006287,16.712743121976697],[-91.98221616107398,16.714722758086477],[-91.96436419768176,16.709608346092146],[-91.95713845659142,16.701828552461965],[-91.94191215696142,16.70080624975338],[-91.92516008316062,16.70792622495285],[-91.91884951826026,16.69783905700367],[-91.8884876556775,16.695715928267326],[-91.88440671637906,16.689383938505586],[-91.85891185472173,16.683028054971093]]]}},{"type":"Feature","properties":{"clues":"CSIMS005216"},"geometry":{"type":"Polygon","coordinates":[[[-91.93249018012439,15.896804013354558],[-91.9488192176295,15.887388559592983],[-91.95502139388884,15.902193691112355],[-91.93967435515783,15.902543720580741],[-91.94232001776697,15.916958526405281],[-91.95329533654551,15.919128663010232],[-91.9433214329586,15.939685069948437],[-91.9360232480802,15.939808106336422],[-91.93148992775977,15.94523938500042],[-91.92243024723936,15.94887710037699],[-91.9159717008,15.944317291837333],[-91.907290467271,15.947448885297531],[-91.90518528689711,15.95072041073591],[-91.90672175566414,15.959936217183731],[-91.9163921949378,15.96963480337547],[-91.90304496089226,15.986474771563769],[-91.90927090865783,16.002181097087735],[-91.86715271371472,16.016954707349395],[-91.86509775503228,16.02000026874143],[-91.85549571165971,16.01923105498315],[-91.83493463989645,16.003256848507252],[-91.83042748808633,15.993489312085805],[-91.844852351909,15.98775002465699],[-91.85326829866835,15.979093573251719],[-91.85027619577653,15.97484823603288],[-91.82663202790243,15.989956493858514],[-91.80559781827294,15.974890814022212],[-91.79962514419054,15.958637456082595],[-91.84215660429628,15.886646686778564],[-91.86203748330277,15.88405301364331],[-91.88991044999932,15.885066001273708],[-91.8990705763247,15.883996824131223],[-91.93249018012439,15.896804013354558]]]}},{"type":"Feature","properties":{"clues":"SCCSA000376"},"geometry":{"type":"Polygon","coordinates":[[[-91.80639692559188,17.28361618104162],[-91.85274651824105,17.272187260963744],[-91.85616949887716,17.29694964234621],[-91.88507506986608,17.309460073562466],[-91.88917284492871,17.308945400834514],[-91.89379175932636,17.35033424973903],[-91.92023631450856,17.337254536766014],[-91.9258140314488,17.34107851810551],[-91.9255057235426,17.364565179355782],[-91.89066257943033,17.369382553867265],[-91.88497940988451,17.374648710601722],[-91.86703453360191,17.373824306957026],[-91.85522361658657,17.368811440981208],[-91.8452325085772,17.34941413101571],[-91.82177523551763,17.33440579847168],[-91.82331652310951,17.311753656839187],[-91.80639692559188,17.28361618104162]]]}},{"type":"Feature","properties":{"clues":"CSIMS005221"},"geometry":{"type":"Polygon","coordinates":[[[-91.88824098089212,16.111311902829136],[-91.89132979981228,16.11131690733003],[-91.90089321128995,16.117237256626183],[-91.88612265699214,16.150361246211748],[-91.90017056830442,16.168628104525737],[-91.89060675356421,16.183424829896413],[-91.87254868893791,16.179179053414956],[-91.86413279950601,16.171780468515532],[-91.85925526033917,16.163618886327285],[-91.85132322893968,16.15756531814532],[-91.8418213122949,16.146448149959692],[-91.84974847315927,16.131952328464298],[-91.86327345260395,16.135262626726426],[-91.86519037087342,16.13719424206912],[-91.87019682304239,16.135844712552245],[-91.87901611452212,16.140026470840926],[-91.8863198294326,16.113917869252194],[-91.88824098089212,16.111311902829136]]]}},{"type":"Feature","properties":{"clues":"CSIMB005215"},"geometry":{"type":"Polygon","coordinates":[[[-91.76755334159691,16.62565802514176],[-91.77563179246481,16.64005282824294],[-91.78590372433855,16.640531796887295],[-91.80037515004662,16.64897916673527],[-91.80122687337943,16.652795179446404],[-91.79873189789706,16.65939107667359],[-91.78625859029843,16.6636747009558],[-91.7692612629636,16.671930741161137],[-91.7652430742086,16.66696266623259],[-91.74056667871926,16.66302134565802],[-91.718566714115,16.673203341889312],[-91.70893902363505,16.666757373092985],[-91.70454375147138,16.66566518077531],[-91.67855273909288,16.63987145959145],[-91.70969314794338,16.615577374014435],[-91.72000826941779,16.618358225211598],[-91.7339622257374,16.63149493128766],[-91.74521542212881,16.62676137745258],[-91.7470695122375,16.62340567592652],[-91.76755334159691,16.62565802514176]]]}},{"type":"Feature","properties":{"clues":"CSIMS002684"},"geometry":{"type":"Polygon","coordinates":[[[-91.75780274974372,16.29237487253332],[-91.76392560761741,16.29771248439009],[-91.76668179187146,16.303697389879986],[-91.76675573902956,16.309889063558135],[-91.77508176897527,16.310362071047894],[-91.78237020639466,16.30895077823471],[-91.79526626039566,16.3286619395778],[-91.7913457354818,16.338479665842847],[-91.80102224678345,16.376029334661464],[-91.7973446217832,16.387847788004585],[-91.79215247138654,16.388278803468733],[-91.76301466578462,16.367594536317398],[-91.74318707288663,16.367723523219833],[-91.73677451142188,16.35482230883809],[-91.72305131841303,16.33735288921924],[-91.71846305685055,16.320917300366837],[-91.71388065492587,16.31708572381713],[-91.70819673831977,16.308961010762083],[-91.7278253680192,16.28396074815093],[-91.73419456712965,16.284697190776026],[-91.7423150345848,16.288811395391765],[-91.74530839644792,16.29296267851089],[-91.75780274974372,16.29237487253332]]]}},{"type":"Feature","properties":{"clues":"TCIMB003615"},"geometry":{"type":"Polygon","coordinates":[[[-91.46960209949918,17.41047982875704],[-91.48461060830851,17.407549221701878],[-91.49988303082907,17.414849436926083],[-91.51136698047445,17.417088422719186],[-91.51940649374276,17.422050872828265],[-91.52611539349073,17.435074020622313],[-91.52105921837321,17.449379055717515],[-91.52104136130707,17.454074615958817],[-91.51628425397736,17.456450616848525],[-91.48720536090826,17.45230961772128],[-91.48497453027089,17.440353462161575],[-91.46971362181215,17.434722147168944],[-91.46960209949918,17.41047982875704]]]}},{"type":"Feature","properties":{"clues":"CSIMB001563"},"geometry":{"type":"Polygon","coordinates":[[[-91.45654866201271,17.043387556379013],[-91.45146346888774,17.054980983723425],[-91.41603202557899,17.069007966372833],[-91.39334845981394,17.05088827860872],[-91.38381091160242,17.0347192472163],[-91.37712367984675,17.012318683715936],[-91.41106285894145,16.98878007020376],[-91.43032109288937,16.96682012162893],[-91.44426276643877,16.972483699557515],[-91.47616100108591,17.02094905982672],[-91.45654866201271,17.043387556379013]]]}},{"type":"Feature","properties":{"clues":"CSIMS002824"},"geometry":{"type":"Polygon","coordinates":[[[-91.25771273871491,16.18594891754041],[-91.27791461554182,16.191051934882186],[-91.2866348261369,16.209134544097868],[-91.29661778301772,16.214887912914016],[-91.30993544821078,16.24447160279098],[-91.30742974892178,16.252929491612143],[-91.27018891903464,16.26520711260956],[-91.26206779222781,16.257406846033508],[-91.24497735649501,16.2617707090502],[-91.22544867839245,16.250529024019272],[-91.22359053288581,16.241225373467174],[-91.22864506794336,16.217142466087076],[-91.23691633986007,16.21034305538117],[-91.25771273871491,16.18594891754041]]]}},{"type":"Feature","properties":{"clues":"CSIMB003400"},"geometry":{"type":"Polygon","coordinates":[[[-90.67896520773695,16.460897400986],[-90.66285492596356,16.428564841504347],[-90.65889664821626,16.40249701608832],[-90.7149602759337,16.37560040679411],[-90.72684745918058,16.374108306571426],[-90.76229052444269,16.39617399561894],[-90.90691142147139,16.453144553091697],[-90.87991362118987,16.53178838449005],[-90.86858327594139,16.539095239100913],[-90.73954262551892,16.515917329476252],[-90.71375548947022,16.496358485238602],[-90.67896520773695,16.460897400986]]]}},{"type":"Feature","properties":{"clues":"SCCSA002454"},"geometry":{"type":"Polygon","coordinates":[[[-109.04047342477998,25.845198094815036],[-109.05689880263112,25.86668300189221],[-109.06188158645332,25.869091150207822],[-109.05927065967663,25.878224932328944],[-109.05937696085437,25.898612578391983],[-109.06073252313602,25.90235197577203],[-109.05472949883391,25.907733556632497],[-109.04258714034727,25.909294910623963],[-109.03136729736786,25.89897697012],[-109.0329751870975,25.89567596613036],[-109.0304823157757,25.88109631553549],[-109.02462426808306,25.87651842265479],[-109.02034455423386,25.87538468926378],[-109.01539562844548,25.868881653961786],[-109.01050767582856,25.857070515853582],[-109.0315732865469,25.855093757304658],[-109.0368101391861,25.845912343429276],[-109.04047342477998,25.845198094815036]]]}},{"type":"Feature","properties":{"clues":"SRIMB000156"},"geometry":{"type":"Polygon","coordinates":[[[-108.85971946281182,27.165480014827462],[-108.86543910555818,27.171398393916494],[-108.89154398794408,27.18582300335498],[-108.92511278772135,27.185437600681652],[-108.9381705535195,27.21409641162461],[-108.90898928865988,27.233311938190074],[-108.90767550011437,27.25599823060852],[-108.87218486032258,27.262439887774516],[-108.87227782965377,27.230771949805316],[-108.86079625834171,27.226715773233384],[-108.84883728818676,27.226479617985422],[-108.83868995217873,27.259058131639364],[-108.80471836214257,27.267345598932575],[-108.78953110391382,27.21144180889128],[-108.8171743655651,27.210067502401056],[-108.85971946281182,27.165480014827462]]]}},{"type":"Feature","properties":{"clues":"SRIMB000161"},"geometry":{"type":"Polygon","coordinates":[[[-108.90389188650154,26.673984196573137],[-108.85045738191036,26.704525521957574],[-108.83728370106478,26.64040327092259],[-108.84928231546083,26.61513642883957],[-108.90541399735004,26.61226869637879],[-108.919415805189,26.62602738506477],[-108.93109971575646,26.653508220601175],[-108.90389188650154,26.673984196573137]]]}},{"type":"Feature","properties":{"clues":"SLIMB001122"},"geometry":{"type":"Polygon","coordinates":[[[-108.81617705865463,26.047019719297236],[-108.8077853298447,26.03752658077185],[-108.81470920562586,26.03482559642591],[-108.81591093744429,26.035577620608542],[-108.81660938428692,26.04710199351199],[-108.82250839953547,26.04918682075185],[-108.81307060548174,26.06489592690087],[-108.80527002405208,26.06648705404158],[-108.80422223386532,26.07014496801701],[-108.79451747313198,26.075643269869726],[-108.7943303622099,26.0769251468398],[-108.80974130178988,26.10388366666987],[-108.81055881763497,26.128201800955477],[-108.80542238124983,26.12726562763648],[-108.76396616251442,26.104970674372293],[-108.760073479159,26.107181727642416],[-108.7564983420239,26.112347350507093],[-108.74815944871146,26.116649759676932],[-108.71128388574581,26.102427725578245],[-108.66017782521175,26.11172162881155],[-108.66147703673899,26.089853368889404],[-108.68052031915761,26.070138278618607],[-108.6941091822324,26.061639694276504],[-108.72130911574445,26.00147077550435],[-108.74123029343359,26.00804599263536],[-108.74875353268989,26.021679423459148],[-108.77212364202506,26.019943471923565],[-108.78575802271884,26.01286899229924],[-108.79975809729439,26.036455776400004],[-108.7982041989105,26.038689482577784],[-108.80298502919503,26.04711832793662],[-108.8101923413394,26.049336707253943],[-108.81617705865463,26.047019719297236]]]}},{"type":"Feature","properties":{"clues":"SCCSA002496"},"geometry":{"type":"Polygon","coordinates":[[[-108.31673956428945,26.778436437925034],[-108.32931182678479,26.750996157095045],[-108.33542738640338,26.744908367017697],[-108.36955427055781,26.757038394196705],[-108.36903590637674,26.76422220452256],[-108.37250689744552,26.77844300039469],[-108.34007483065982,26.818306563175014],[-108.31133267980235,26.80496820404675],[-108.31673956428945,26.778436437925034]]]}},{"type":"Feature","properties":{"clues":"SCCSA002587"},"geometry":{"type":"Polygon","coordinates":[[[-107.99349780535658,25.857745556177075],[-107.99755590317973,25.86967949113376],[-108.00910606997327,25.875053675773728],[-108.01283560529798,25.884426125069304],[-108.00954463963937,25.88921594689992],[-108.0255450620866,25.915527970439275],[-108.00218754863093,25.928440828541742],[-107.99236887178347,25.94352108578051],[-107.99782870386488,26.004516069503808],[-107.98476562126507,26.015147228838217],[-107.96162572253219,26.01460010309088],[-107.93121148156692,25.957702908488713],[-107.9276255178514,25.941242277699914],[-107.92667999539017,25.928733958309863],[-107.92903860759588,25.92306791561216],[-107.92685868077777,25.910728604009762],[-107.94164740509788,25.89159962788944],[-107.92695616156158,25.861549120535656],[-107.92818355227759,25.85994756281433],[-107.95068852779347,25.87056291072059],[-107.95477325242379,25.88452795462735],[-107.9744921526597,25.877280628036683],[-107.97403328399696,25.870097076677986],[-107.99349780535658,25.857745556177075]]]}},{"type":"Feature","properties":{"clues":"SLIMS001671"},"geometry":{"type":"Polygon","coordinates":[[[-107.71940867055453,25.931666463167094],[-107.71439700486259,25.943869586790555],[-107.71693135557379,25.947962190916623],[-107.7261783843784,25.99308631654687],[-107.72182057478531,26.0025871927378],[-107.72132656308702,26.023987025308205],[-107.70306197838244,26.034875827469804],[-107.68031412078474,26.03358995437684],[-107.67394810204989,26.030920407450534],[-107.66426502960222,26.033074255391437],[-107.65839747146474,26.04302661503071],[-107.66400905849233,26.06268230512224],[-107.63214928128276,26.08990666279723],[-107.61583710093669,26.065680804636738],[-107.62080009203143,26.0438495070867],[-107.62311558934563,26.04205379221638],[-107.63602801809074,26.00371276221231],[-107.59101807514018,25.989286548607],[-107.57811423961687,25.979018832590665],[-107.57516926319583,25.965075248397387],[-107.58780039285756,25.94146122129176],[-107.58551062285547,25.92818251346162],[-107.61118353124448,25.8944393790274],[-107.61610894114635,25.88485626317131],[-107.61540792217666,25.860496401645516],[-107.63916498653938,25.81293013432459],[-107.6418095305752,25.790105809668525],[-107.68250444285903,25.798912495703348],[-107.70138707904097,25.820347826312315],[-107.71394583869439,25.849031512633072],[-107.70711045564238,25.871826348950087],[-107.72017438990683,25.907004123789257],[-107.71940867055453,25.931666463167094]]]}},{"type":"Feature","properties":{"clues":"MCIMB004250"},"geometry":{"type":"Polygon","coordinates":[[[-99.34955471112896,19.261066146355592],[-99.3357992559168,19.20112407343718],[-99.35311051453154,19.201285664404974],[-99.38062151454163,19.226050643490478],[-99.40824182880932,19.23352171870074],[-99.41337032749472,19.24565347629038],[-99.40357969949345,19.25362537665641],[-99.39413650384331,19.258544039072707],[-99.3833052185192,19.280119476452477],[-99.3689431425809,19.27524615285238],[-99.34955471112896,19.261066146355592]]]}},{"type":"Feature","properties":{"clues":"DFIMB000340"},"geometry":{"type":"Polygon","coordinates":[[[-99.31643330799479,19.345498455345297],[-99.3148058510401,19.339005966838215],[-99.31811559073718,19.335662362274117],[-99.32313195091699,19.341934358296314],[-99.32841158750766,19.343692519862508],[-99.33042258904966,19.343180746278254],[-99.33160056939226,19.335274470526176],[-99.33524702571152,19.331608667630697],[-99.34819569147382,19.330779774510017],[-99.34696429245543,19.33950138270783],[-99.33592073305782,19.346022010959793],[-99.33648902407022,19.34850237629799],[-99.33254856071066,19.35394668799288],[-99.33596559273518,19.35948622409184],[-99.33178236087593,19.36623494504807],[-99.32961253994546,19.367322373228564],[-99.32239525471093,19.367396636323623],[-99.31950030866123,19.359301900078957],[-99.31219318652617,19.357894939377548],[-99.31130538405347,19.356234378235698],[-99.31643330799479,19.345498455345297]],[[-99.3262161267754,19.346894110428053],[-99.32222970811456,19.349078138850775],[-99.32138263934941,19.350614587351945],[-99.32277718307537,19.35295716711858],[-99.32702657395882,19.350835848139532],[-99.3262161267754,19.346894110428053]]]}},{"type":"Feature","properties":{"clues":"DFIMB001566"},"geometry":{"type":"Polygon","coordinates":[[[-99.22868571838787,19.274511671280656],[-99.23182228431551,19.273914996630207],[-99.23666421232564,19.275498508407264],[-99.23933871363305,19.27795583121223],[-99.23908594995152,19.28244724781254],[-99.24240398290506,19.2839323144579],[-99.2431052723569,19.287608307458857],[-99.23787095341918,19.28826945403004],[-99.23524434583672,19.286082327844372],[-99.23041151926337,19.288496951149668],[-99.2291666862661,19.28370159088313],[-99.22565459456187,19.284167014447696],[-99.22518033095692,19.278606570591247],[-99.22868571838787,19.274511671280656]]]}},{"type":"Feature","properties":{"clues":"SCCSA000500"},"geometry":{"type":"Polygon","coordinates":[[[-99.22726791094432,19.370592837250634],[-99.22591110269317,19.381550153481474],[-99.22053988695927,19.380081278612572],[-99.21815744628346,19.381376622932606],[-99.21656036565236,19.379088271649053],[-99.22141064833285,19.374973382407298],[-99.22078055098693,19.370729055115454],[-99.22726791094432,19.370592837250634]]]}},{"type":"Feature","properties":{"clues":"DFIMB003140"},"geometry":{"type":"Polygon","coordinates":[[[-99.21029086892433,19.388819050062768],[-99.21101156482607,19.392340068426236],[-99.22123598438702,19.391579898363336],[-99.22383932215769,19.394632055251474],[-99.22250606015653,19.402405453998966],[-99.21862614520812,19.408524267212385],[-99.21217647635275,19.4075569254328],[-99.21083908816821,19.404536336595783],[-99.21313147522025,19.400052105865097],[-99.21214803677941,19.39825944084622],[-99.2064552440302,19.39714371395458],[-99.20322888788628,19.400771452451586],[-99.20085372349773,19.398107878376795],[-99.20206800467467,19.395596261649715],[-99.19945006488645,19.39191779778355],[-99.20083156175025,19.389718583625406],[-99.2055280463308,19.39206188512307],[-99.20862177475699,19.388088275515493],[-99.21029086892433,19.388819050062768]]]}},{"type":"Feature","properties":{"clues":"SCCSA001022"},"geometry":{"type":"Polygon","coordinates":[[[-99.21453009943104,19.278315707755485],[-99.20979135386266,19.27570868032169],[-99.214410090905,19.269701223504335],[-99.21679680272302,19.272455220147894],[-99.22071095751588,19.273475006425947],[-99.2201435872847,19.278124685989955],[-99.21453009943104,19.278315707755485]]]}},{"type":"Feature","properties":{"clues":"SCCSA000549"},"geometry":{"type":"MultiPolygon","coordinates":[[[[-99.19903732539395,19.507833711548372],[-99.20112556884558,19.50305916026746],[-99.20491379071622,19.504903317892442],[-99.20726927702607,19.50443931037471],[-99.21097262188464,19.514055265295745],[-99.20539671943057,19.510515992007715],[-99.20464057639825,19.507847628785786],[-99.19903732539395,19.507833711548372]]],[[[-99.19846824310419,19.513559607434665],[-99.19789136667211,19.510653455571042],[-99.19917662114558,19.50888535763735],[-99.20331099582866,19.51242686942113],[-99.20065951197601,19.51460865868336],[-99.19846824310419,19.513559607434665]]]]}},{"type":"Feature","properties":{"clues":"SCCSA000940"},"geometry":{"type":"MultiPolygon","coordinates":[[[[-99.19342292163996,19.407300782307296],[-99.19674325608769,19.406361079454534],[-99.2006317652699,19.41055856075188],[-99.19524492365956,19.41342037354672],[-99.19342292163996,19.407300782307296]]],[[[-99.20257649402744,19.41939885070806],[-99.20803477457116,19.425341163468453],[-99.20357343339586,19.426571414085426],[-99.20546448905296,19.431456838807335],[-99.20213021382833,19.434010250655795],[-99.19613579389281,19.42853996761932],[-99.19720927664187,19.42260832746354],[-99.19876491810898,19.42275604143472],[-99.20257649402744,19.41939885070806]]]]}},{"type":"Feature","properties":{"clues":"SCCSA000633"},"geometry":{"type":"Polygon","coordinates":[[[-99.16060136339478,19.433452248023883],[-99.16029519887711,19.429031120456152],[-99.16165413163127,19.427249071481437],[-99.17030244003273,19.428993020092854],[-99.17279393771956,19.43213351402265],[-99.17028094666037,19.435270568156717],[-99.16823830944412,19.435684604365818],[-99.16491196678419,19.436014342981373],[-99.16060136339478,19.433452248023883]]]}},{"type":"Feature","properties":{"clues":"DFIMB000714"},"geometry":{"type":"Polygon","coordinates":[[[-99.13998420377311,19.48278175207375],[-99.14569128905373,19.489978111191444],[-99.14444235171342,19.493262294525593],[-99.14660335565134,19.494200117147386],[-99.15141017270206,19.492074276254616],[-99.14911307664397,19.496453134184733],[-99.15471939021997,19.503073539744705],[-99.15008221534565,19.50501821946941],[-99.14541743218507,19.502848396716793],[-99.14215052858594,19.506421808293027],[-99.13742310024884,19.504906931803276],[-99.1346554014388,19.500706211541143],[-99.1353821488456,19.49828391851356],[-99.12776161241734,19.491669006017975],[-99.12782198412997,19.49023306971034],[-99.1322620079789,19.4863883478499],[-99.13583887734171,19.48673784628237],[-99.13998420377311,19.48278175207375]]]}},{"type":"Feature","properties":{"clues":"SCCSA000537"},"geometry":{"type":"Polygon","coordinates":[[[-99.14663148681807,19.473295144609008],[-99.1437402097057,19.47077277732362],[-99.14395500325189,19.46770488027647],[-99.1486604345385,19.46789831858951],[-99.14663148681807,19.473295144609008]]]}},{"type":"Feature","properties":{"clues":"SCCSA000604"},"geometry":{"type":"MultiPolygon","coordinates":[[[[-99.13822884192709,19.315724879798196],[-99.13424707704043,19.309105734671668],[-99.13833598957841,19.30701620818329],[-99.14165973920028,19.30853764200608],[-99.13822884192709,19.315724879798196]]],[[[-99.11995672864383,19.31387343598212],[-99.11991913698812,19.311841003030445],[-99.12330773738397,19.309262010108764],[-99.12487291712704,19.310079768459737],[-99.1242038520183,19.3147993120071],[-99.11995672864383,19.31387343598212]]],[[[-99.1291938334186,19.32267643329866],[-99.12573541302959,19.32130573316833],[-99.12477217480838,19.318196277961494],[-99.12988030760474,19.314753445401106],[-99.13170296539808,19.31897527072701],[-99.1291938334186,19.32267643329866]]]]}},{"type":"Feature","properties":{"clues":"MCIMB006683"},"geometry":{"type":"Polygon","coordinates":[[[-99.12527592097935,19.531951858697884],[-99.12722065402903,19.53042877806607],[-99.13119078804785,19.533955991193483],[-99.13063712727138,19.536599278340198],[-99.12663315525073,19.538797343748172],[-99.12614247621794,19.542348992348465],[-99.12388896086534,19.543155519926753],[-99.12056076047838,19.54047928117879],[-99.11582120454752,19.53983728479524],[-99.11200268762424,19.542776153294653],[-99.11044505298122,19.54169978800412],[-99.11236956099974,19.524157767330657],[-99.11677959757561,19.524678609683775],[-99.117974230355,19.52814341209254],[-99.12153551205067,19.531664461611964],[-99.12527592097935,19.531951858697884]]]}},{"type":"Feature","properties":{"clues":"SCCSA000866"},"geometry":{"type":"Polygon","coordinates":[[[-99.10322754632531,19.3681161203749],[-99.1041072462897,19.37228045669305],[-99.10109315347867,19.375683270430063],[-99.09625260479729,19.373532294881837],[-99.09512054896979,19.368492760457993],[-99.09771625960366,19.362688279860656],[-99.10092801439501,19.361336666156998],[-99.10390017304933,19.363152844840926],[-99.10486219567517,19.365619239023484],[-99.10322754632531,19.3681161203749]]]}},{"type":"Feature","properties":{"clues":"DFIMB001023"},"geometry":{"type":"Polygon","coordinates":[[[-99.0971770235586,19.32345330447609],[-99.09920765180904,19.321785449763922],[-99.10694169877414,19.32833135097787],[-99.10479943310719,19.33094701164318],[-99.10125629423854,19.331484732886352],[-99.09885877882657,19.334681855225085],[-99.09295332460226,19.33447299781894],[-99.09327548378084,19.330043135828184],[-99.09635735117135,19.328512978878297],[-99.0971770235586,19.32345330447609]]]}},{"type":"Feature","properties":{"clues":"SCCSA000715"},"geometry":{"type":"Polygon","coordinates":[[[-99.09879343635257,19.4917236377679],[-99.0955342388673,19.50223532764686],[-99.09269127046292,19.49937030196321],[-99.08883814400187,19.4992654564079],[-99.08959600029716,19.495549306732645],[-99.09322818859296,19.491469239982457],[-99.09879343635257,19.4917236377679]]]}},{"type":"Feature","properties":{"clues":"SCCSA000851"},"geometry":{"type":"Polygon","coordinates":[[[-99.07998527951318,19.36176283528956],[-99.07549039681362,19.36182298930994],[-99.07385686778532,19.356561452056926],[-99.07592453033247,19.355402148497028],[-99.07998527951318,19.36176283528956]]]}},{"type":"Feature","properties":{"clues":"SCCSA000982"},"geometry":{"type":"Polygon","coordinates":[[[-99.05511242746562,19.295686753051555],[-99.0538880267059,19.29310654319364],[-99.0554697471804,19.291311551201606],[-99.05867215704552,19.29163708014533],[-99.05940358263533,19.29395655695492],[-99.05511242746562,19.295686753051555]]]}},{"type":"Feature","properties":{"clues":"DFIMB000941"},"geometry":{"type":"Polygon","coordinates":[[[-99.0531706727308,19.33937061931983],[-99.05293815154066,19.34257723608532],[-99.04794603652994,19.34326457413588],[-99.04836756953165,19.339160231982436],[-99.05238127266992,19.33826843319115],[-99.05302074415059,19.336295433470514],[-99.05570715536665,19.33521331369255],[-99.05766220789359,19.337470033616977],[-99.0531706727308,19.33937061931983]]]}},{"type":"Feature","properties":{"clues":"SCCSA000893"},"geometry":{"type":"Polygon","coordinates":[[[-99.0246295308635,19.336033593793523],[-99.02647332828158,19.330658387165858],[-99.02799782396343,19.330488726683633],[-99.02917251488823,19.3338359177161],[-99.03289630823943,19.335226585328822],[-99.03076582847591,19.33923119349549],[-99.02620275473757,19.337484836431763],[-99.02193843256349,19.341605940498432],[-99.02201406528599,19.337076413108502],[-99.0246295308635,19.336033593793523]]]}},{"type":"Feature","properties":{"clues":"SCCSA000818"},"geometry":{"type":"Polygon","coordinates":[[[-99.00685360122094,19.34716412497437],[-99.01428540330237,19.344539855887838],[-99.01667919604732,19.347902731077053],[-99.01159003033752,19.349950172789015],[-99.01235881496098,19.353566291663995],[-99.00741422418983,19.35767847630569],[-99.00594964770868,19.350533360702435],[-99.00685360122094,19.34716412497437]]]}},{"type":"Feature","properties":{"clues":"SCCSA000977"},"geometry":{"type":"Polygon","coordinates":[[[-99.0047096695274,19.248190410779213],[-98.99164942825038,19.255597836777113],[-98.9852680633123,19.25428322831518],[-98.99170765853967,19.249605102154728],[-98.99558055016517,19.243971767982213],[-98.9997645625885,19.240827201169015],[-99.00272907231516,19.24207864191267],[-99.0047096695274,19.248190410779213]]]}},{"type":"Feature","properties":{"clues":"MCIMB008066"},"geometry":{"type":"Polygon","coordinates":[[[-98.95225710321795,19.276862140493883],[-98.95624518412944,19.279864011838594],[-98.96708071543418,19.276694854006124],[-98.97426270035216,19.282060328366814],[-98.9674921809649,19.291988835520137],[-98.96689157845942,19.295041076412],[-98.96882712694104,19.29949563007058],[-98.9650870882746,19.302247659119818],[-98.96026162249908,19.29931576758359],[-98.95695758924833,19.299978197221098],[-98.95515212804614,19.304382894559087],[-98.95258172227993,19.305052333670844],[-98.9483589840808,19.298857406057294],[-98.94257477680392,19.294808371754808],[-98.94460942416008,19.287123187205285],[-98.94697365996439,19.28693310005154],[-98.94751622100927,19.2829730018657],[-98.94357938085442,19.28093849814687],[-98.94401493773255,19.277726738719593],[-98.95088460987279,19.278394180501092],[-98.95225710321795,19.276862140493883]]]}},{"type":"Feature","properties":{"clues":"MCIMB010306"},"geometry":{"type":"Polygon","coordinates":[[[-98.94395674397076,19.588067554567264],[-98.9479195382876,19.590108458408846],[-98.94767522684225,19.592214309241964],[-98.95542771081021,19.59635673313175],[-98.95701032930255,19.603460419379992],[-98.96381277556974,19.603132275677584],[-98.96423018619774,19.610996245806003],[-98.95881204429973,19.611800959103423],[-98.95669113622031,19.609831797925256],[-98.95048994413256,19.61006397210273],[-98.94753012225215,19.61316499773475],[-98.94389106268463,19.61096772252697],[-98.94227505203544,19.605731585584813],[-98.93756960686306,19.60394482618009],[-98.9348948818883,19.60566785117101],[-98.92747838673837,19.60102876188194],[-98.9267175344349,19.59553033826132],[-98.93333730038178,19.59045268477173],[-98.9366269271627,19.591961953303883],[-98.93861893169287,19.589286390610656],[-98.94395674397076,19.588067554567264]]]}},{"type":"Feature","properties":{"clues":"SLIMB003041"},"geometry":{"type":"Polygon","coordinates":[[[-107.02522904063636,24.608252490337264],[-107.04647637153516,24.574326757971477],[-107.08912233141949,24.594086276752776],[-107.10200852542762,24.58041883316834],[-107.12220633901123,24.589413360611506],[-107.13809460416864,24.607081291299295],[-107.13564961455167,24.61769884013612],[-107.14479872863876,24.631650454341685],[-107.13513587102314,24.664718601527106],[-107.13135336609942,24.664644518517868],[-107.11142922702878,24.652644400637993],[-107.09489951669919,24.649074415789723],[-107.0789673064555,24.660167562937392],[-107.07322346815137,24.662130885371695],[-107.06814613809912,24.66666874874185],[-107.05155593032899,24.6901204768554],[-107.0373720513572,24.696262594838153],[-107.02400521760217,24.66716274125725],[-107.02849259927144,24.61287617490191],[-107.02522904063636,24.608252490337264]]]}},{"type":"Feature","properties":{"clues":"SCCSA002572"},"geometry":{"type":"Polygon","coordinates":[[[-106.12470523745877,24.217687388132443],[-106.08411516053624,24.197270386155694],[-106.14420021637002,24.120837082683487],[-106.21233950892626,24.090223637274605],[-106.12470523745877,24.217687388132443]]]}},{"type":"Feature","properties":{"clues":"SLIMS000843"},"geometry":{"type":"Polygon","coordinates":[[[-106.09685851908881,23.03228590687608],[-106.10300690397524,23.03969046328508],[-106.11219551355656,23.103587304678427],[-106.113741245066,23.10651526710992],[-106.11289028853535,23.11817592536706],[-106.0883794976696,23.140121960542213],[-106.06907481495637,23.160737523421428],[-106.02287911762329,23.158156679491448],[-105.99136093688367,23.177322958609217],[-105.98458858709635,23.172093112333986],[-105.9785313062052,23.143128994390292],[-106.0136582676311,23.11870598994989],[-106.02419959840765,23.097448905300254],[-106.04429900638164,23.092414046980466],[-106.04475465056653,23.042530422870612],[-106.09685851908881,23.03228590687608]]]}},{"type":"Feature","properties":{"clues":"NTIMB001181"},"geometry":{"type":"Polygon","coordinates":[[[-105.49468215432334,22.371755400034328],[-105.47945127492379,22.377202579469785],[-105.45499294393261,22.35783964948984],[-105.48233284880111,22.329430185132605],[-105.48769549018431,22.329728093703803],[-105.49468215432334,22.371755400034328]]]}},{"type":"Feature","properties":{"clues":"SCCSA001663"},"geometry":{"type":"MultiPolygon","coordinates":[[[[-104.58237867623876,22.20692887298075],[-104.58303202749913,22.216754608866026],[-104.57577856505004,22.23134499837542],[-104.57621372314154,22.23905016708344],[-104.57236663175287,22.248302271898613],[-104.57640907330388,22.261020011596766],[-104.58011840421369,22.261292071735564],[-104.59590715989235,22.282743314277557],[-104.6222079573461,22.272239158137335],[-104.64378697608507,22.303873360848286],[-104.64581991005441,22.329619973904354],[-104.60732023051578,22.34737812151604],[-104.59287677285872,22.34500210731376],[-104.58465809864497,22.30275159738484],[-104.56019858313556,22.289067408684417],[-104.56003394176166,22.27079051131501],[-104.54402300950808,22.266385468860907],[-104.53311925033294,22.276877627029652],[-104.52476345779279,22.277127562038288],[-104.52058361789064,22.27355752880745],[-104.50643462497673,22.271185945121747],[-104.5007367614408,22.2715100237237],[-104.4951807564014,22.274617455346217],[-104.48766871042817,22.24971254604006],[-104.48884535303165,22.244229705508868],[-104.47789545388476,22.241748312655655],[-104.4634118895886,22.229602657686744],[-104.46588521656534,22.207504423830624],[-104.46826937872137,22.20324214009639],[-104.46877608621342,22.176820982319622],[-104.48375188149201,22.177984201705204],[-104.49082819248385,22.181323779006494],[-104.51937163927406,22.182778532003454],[-104.52866282044619,22.172204070033246],[-104.54956350188993,22.172594008119876],[-104.55069522161807,22.15527951907637],[-104.5699172175555,22.13386838329474],[-104.57663400831288,22.145814105604927],[-104.60474336569821,22.15004808897654],[-104.61451461619822,22.161902799169233],[-104.60624469045445,22.170241595799446],[-104.60876561409151,22.206631316079687],[-104.58237867623876,22.20692887298075]]],[[[-104.36285730809068,21.971014055099463],[-104.36522879290489,21.96147118322383],[-104.3788965770956,21.95014313148302],[-104.40261430808627,21.98827180542409],[-104.41535602337642,21.969476928182598],[-104.4424113699316,21.979321413840708],[-104.45142503650746,21.9890354624222],[-104.43832889311348,22.003697253477366],[-104.43396028920955,22.006700523218484],[-104.40040530487113,21.997582186675707],[-104.38606398544309,22.00482555553108],[-104.37525674881608,22.00392530990072],[-104.36563687141174,21.997978633867195],[-104.36235403092616,21.992778366501696],[-104.36285730809068,21.971014055099463]]]]}},{"type":"Feature","properties":{"clues":"ZSIMB000241"},"geometry":{"type":"Polygon","coordinates":[[[-103.17917085511841,23.128053069484398],[-103.19223529103255,23.125399904428175],[-103.1970973246959,23.159276696185433],[-103.2010104239304,23.170892716228124],[-103.18139181585055,23.194018646623825],[-103.18609292282235,23.206743711020515],[-103.18807079863623,23.208009374670084],[-103.19449609878083,23.234206780107886],[-103.22629878898937,23.255403017700296],[-103.23481909365815,23.257203686558956],[-103.24037373379771,23.267044141502677],[-103.24141047268307,23.27170234715768],[-103.22251765729656,23.302982049167895],[-103.196019856081,23.32732345662771],[-103.16566894158855,23.28282734921777],[-103.163916593838,23.268811310400178],[-103.1537659687613,23.254610183745253],[-103.14675550617885,23.235443092120434],[-103.14775883268203,23.225994322984775],[-103.13531754797089,23.213496261097276],[-103.13526789385543,23.209673507942913],[-103.12963265919801,23.202977437577488],[-103.12491697407046,23.188773526752666],[-103.11189687045176,23.190659394715638],[-103.10842839187573,23.18028613582729],[-103.11783769957741,23.173251500610963],[-103.12484222328658,23.163690985026363],[-103.12285599697701,23.15020652226423],[-103.11788352191931,23.148733457388747],[-103.1124090439865,23.115672037232606],[-103.12821663202145,23.117928714751834],[-103.13580006035748,23.104210422673386],[-103.13268034283446,23.09382319337709],[-103.1411457787521,23.076082043872805],[-103.15159775968651,23.079029754022876],[-103.16342201082671,23.084585170451078],[-103.16470402357878,23.09070251722412],[-103.16362483907777,23.101123404662694],[-103.17917085511841,23.128053069484398]]]}},{"type":"Feature","properties":{"clues":"ZSIMS000621"},"geometry":{"type":"Polygon","coordinates":[[[-103.05391671649204,23.320264651379627],[-103.05158909041096,23.316096456640143],[-103.04729640445473,23.294418011832274],[-103.0502111368743,23.291730257744767],[-103.07129068995144,23.285299070312178],[-103.08143290205692,23.2869304540273],[-103.09306992871396,23.295278256509526],[-103.1212237931414,23.29544335064336],[-103.16566894158855,23.28282734921777],[-103.16682419733313,23.283772476486448],[-103.196019856081,23.32732345662771],[-103.20166727886952,23.33848274873342],[-103.18518150785795,23.384203608693436],[-103.17149307215071,23.431146629506916],[-103.11979932223508,23.446782349344833],[-103.11708225126216,23.435178522721195],[-103.11756766640191,23.36910705855951],[-103.0770199779392,23.33088164475625],[-103.05391671649204,23.320264651379627]]]}},{"type":"Feature","properties":{"clues":"ZSIMB001122"},"geometry":{"type":"Polygon","coordinates":[[[-102.93080674201478,23.689948228124063],[-102.95298511241029,23.6916698462601],[-103.0089470372675,23.710152183297716],[-103.02140035085723,23.716185410936575],[-103.02354003974754,23.726667058511],[-102.97631962938536,23.760026701757155],[-102.95578334627443,23.806792881016396],[-102.93204168038335,23.82586202736472],[-102.90187728314787,23.843488542596074],[-102.86202935457285,23.8478211520666],[-102.8052735893978,23.845134883448004],[-102.81719249367134,23.779892989173284],[-102.81636627080204,23.716991827413363],[-102.8548430878563,23.646912361316733],[-102.88443629873859,23.64313777256762],[-102.88636299098059,23.64417498396972],[-102.93080674201478,23.689948228124063]]]}},{"type":"Feature","properties":{"clues":"ZSIMB002650"},"geometry":{"type":"Polygon","coordinates":[[[-102.98076748973152,22.657176272560328],[-102.98401565353235,22.664856003155343],[-102.98234801601853,22.668941530245867],[-102.98409580067349,22.671488203607893],[-102.98212849963306,22.678842977442237],[-102.9846736440992,22.68189801308959],[-102.98486074432688,22.687434644776516],[-102.99151014567167,22.695913746363676],[-102.97649836901205,22.702129669977136],[-102.97429027919986,22.687499224257536],[-102.96953582245077,22.68429575596126],[-102.9569832528985,22.692537668838366],[-102.95100246501114,22.69119502848834],[-102.94795304845513,22.692873419458323],[-102.91925541187624,22.684234593700562],[-102.91348643399581,22.71178947059623],[-102.89563715828014,22.724406378730045],[-102.86809135244233,22.723623801964518],[-102.87096292395094,22.695236454368473],[-102.8914996594115,22.672420260106147],[-102.90802654218497,22.66858053737556],[-102.91698764510618,22.676557175841584],[-102.94465109060467,22.663608457773037],[-102.9587267148689,22.665777894592274],[-102.96339792474784,22.652449870188143],[-102.96996759240075,22.64710214200184],[-102.9739866196539,22.649369398144064],[-102.9763017074345,22.647708042937555],[-102.9829577823615,22.648294080721897],[-102.98076748973152,22.657176272560328]]]}},{"type":"Feature","properties":{"clues":"ZSIMB000096"},"geometry":{"type":"Polygon","coordinates":[[[-102.72677708903548,23.537990931155637],[-102.74514794629704,23.537411058398465],[-102.75445581776579,23.54533036618642],[-102.81789882081229,23.566638130592754],[-102.81939291565891,23.603841482376772],[-102.8548430878563,23.646912361316733],[-102.81636627080204,23.716991827413363],[-102.81719249367134,23.779892989173284],[-102.8052735893978,23.845134883448004],[-102.76208486509154,23.882752402682687],[-102.73783854614794,23.89914455962589],[-102.63860510955269,23.80379775750281],[-102.6280794827953,23.778388930039405],[-102.62274346965613,23.701172508491826],[-102.59421925583561,23.68143272545827],[-102.57286442988566,23.613263824533014],[-102.55452800475547,23.58877366175393],[-102.56521301343176,23.56077041792383],[-102.5902469771412,23.530117362270225],[-102.60160563691944,23.529310508203324],[-102.62930458401657,23.518335776232725],[-102.65055208477892,23.517623851502474],[-102.66587659398967,23.524932894858992],[-102.6839484157274,23.548836117491177],[-102.70949585910634,23.54756616323821],[-102.72677708903548,23.537990931155637]]]}},{"type":"Feature","properties":{"clues":"SCCSA003515"},"geometry":{"type":"Polygon","coordinates":[[[-102.6375207669872,22.958733092502595],[-102.66436781933943,22.9642341616487],[-102.66851820316907,22.980021650651892],[-102.6648194241813,22.985573745088573],[-102.67132143880556,22.99564314666097],[-102.67444312784961,22.995473886649528],[-102.6865011156032,22.986406003531446],[-102.69012736799674,22.985460833751798],[-102.7020941932365,22.987834898703994],[-102.70116829792813,23.003178916953317],[-102.69355061872656,23.011732577848313],[-102.68346683935445,23.019617705923665],[-102.66847725516901,23.013269887009812],[-102.6658288059588,23.016687961568486],[-102.65996415153752,23.01922346510864],[-102.65557692978639,23.035636716403932],[-102.63467198142801,23.037822526469476],[-102.62834575687195,23.04588367923527],[-102.62407163339594,23.043600911637043],[-102.60962257388785,23.05690086658947],[-102.60883731259734,23.061691778126555],[-102.59647822231467,23.067792274388932],[-102.58486811943833,23.0543480444227],[-102.57325712820874,23.046736325741502],[-102.57247678702376,23.040291940205293],[-102.57501152052983,23.023259702556853],[-102.57548314241073,23.001438911677862],[-102.58475580457944,23.00111229817479],[-102.60442569904595,22.987888073024504],[-102.60237647027007,22.973542161065456],[-102.60999478684751,22.96837188337383],[-102.61216122716513,22.960925724076972],[-102.61174247382685,22.952167501513927],[-102.63621071354676,22.956063217683347],[-102.6375207669872,22.958733092502595]]]}},{"type":"Feature","properties":{"clues":"ZSIMS000616"},"geometry":{"type":"Polygon","coordinates":[[[-102.66935517340818,23.283368111077735],[-102.66965758767977,23.288071734558144],[-102.65456945799744,23.314491734397727],[-102.6510148078087,23.362070583038268],[-102.63302219347395,23.369941755749586],[-102.61134733127797,23.432990064854778],[-102.60691326820923,23.434746642686676],[-102.6019754540495,23.439100708914943],[-102.59606914135622,23.455605044324162],[-102.55394773335713,23.48935912286697],[-102.52666721071436,23.48250404756334],[-102.5185286835815,23.456022616679142],[-102.51753327597375,23.42283688116036],[-102.50187960778123,23.37590105459835],[-102.54087045386244,23.355635934242297],[-102.54693603807343,23.35072697504009],[-102.56341003657316,23.301017459715528],[-102.56219607672898,23.289279759657596],[-102.62728076078743,23.23843657492501],[-102.66935517340818,23.283368111077735]]]}},{"type":"Feature","properties":{"clues":"MNIMS002850"},"geometry":{"type":"Polygon","coordinates":[[[-101.04109388657382,20.05478661730466],[-101.04395521694688,20.049396101722316],[-101.07615196028031,20.053691589548205],[-101.07947483816291,20.067864258160775],[-101.0852457265017,20.070862315800728],[-101.09108129049743,20.081264360130184],[-101.0753429831794,20.101169078029745],[-101.06710715180556,20.097256095901667],[-101.06196000725984,20.083671094353974],[-101.05050291555875,20.077055488679456],[-101.04109388657382,20.05478661730466]]]}},{"type":"Feature","properties":{"clues":"MNIMB000790"},"geometry":{"type":"Polygon","coordinates":[[[-100.33187833757003,20.094898657613466],[-100.32551052406673,20.11206320509031],[-100.33726276907171,20.135822165406985],[-100.3400930180863,20.135280689769505],[-100.35401076638377,20.14421174945652],[-100.35474532322797,20.160987041992666],[-100.35166363413008,20.166168327677273],[-100.35144889835762,20.16970488325763],[-100.3483884098583,20.17355601017647],[-100.34612249822088,20.192004882608348],[-100.32932319853596,20.201945076135022],[-100.34225602335893,20.220241582271207],[-100.33944127569399,20.22428767676027],[-100.34526473352167,20.24723512865174],[-100.33241033327,20.248211117295334],[-100.31990951705006,20.261484952633758],[-100.29995114949318,20.252240798605257],[-100.29939156993372,20.248268477166157],[-100.29002672688617,20.23859102207176],[-100.28925494032994,20.233322021661717],[-100.30259866361085,20.214455966719648],[-100.29531992197474,20.20486662809353],[-100.29830850310074,20.191900625004486],[-100.29610281096859,20.18712199913121],[-100.27590338486434,20.190962804012848],[-100.2663573408765,20.174858263362704],[-100.25454782219352,20.184646479554733],[-100.25182508036107,20.192205935832245],[-100.24150754577914,20.20115566027075],[-100.2316430621426,20.202719592593862],[-100.22172401100032,20.196644972738554],[-100.21926930342714,20.1907787781973],[-100.18552761101012,20.18482705164021],[-100.18228133565779,20.191423021141297],[-100.16700779436505,20.194262512589273],[-100.160893745149,20.19349993052856],[-100.16210040808515,20.18549533765524],[-100.16908658175672,20.173730399180386],[-100.18045495624794,20.17835626856022],[-100.18353451265239,20.16666926164901],[-100.19227353813444,20.153277668595326],[-100.19181422126346,20.151359036613847],[-100.2206015706064,20.137590810307834],[-100.22035703837594,20.133271145496167],[-100.22653144903958,20.125597522041595],[-100.24667998634723,20.12576228040469],[-100.24753938137214,20.119554148114943],[-100.25474588879366,20.11047738856979],[-100.24914568435432,20.10508606143952],[-100.24755015301405,20.101263768042728],[-100.25055471557971,20.098127640263204],[-100.24577580045582,20.076315414884274],[-100.25601811603782,20.07123149580328],[-100.26997401508855,20.082875148183962],[-100.28805238637234,20.08161846658541],[-100.29493241387036,20.090847550319907],[-100.30197819795507,20.09444781597713],[-100.31922674995933,20.090934285618033],[-100.33187833757003,20.094898657613466]]]}},{"type":"Feature","properties":{"clues":"MNIMS001182"},"geometry":{"type":"Polygon","coordinates":[[[-100.18025002156061,19.907686042838236],[-100.18108744565558,19.915049833096816],[-100.18798308662697,19.919823243410978],[-100.18987045713035,19.925768543300318],[-100.19394655861927,19.93083288699436],[-100.201163437251,19.93107592874808],[-100.2054933275851,19.949365135092865],[-100.19397196152791,19.956187416640894],[-100.18677831688964,19.94642283991166],[-100.18086311613686,19.947904616504008],[-100.17349768990175,19.954062484725732],[-100.16991864022661,19.952556287097597],[-100.16494004114737,19.955568889013385],[-100.16215054326588,19.953179380646606],[-100.13094834991685,19.95728372820526],[-100.13114228980801,19.951740946950462],[-100.12496889066823,19.933052973328913],[-100.14769755778315,19.915519399914036],[-100.15119986365153,19.91581235665837],[-100.15584615401494,19.912703204931493],[-100.16270929329279,19.903610267946448],[-100.18025002156061,19.907686042838236]]]}},{"type":"Feature","properties":{"clues":"MCIMB005476"},"geometry":{"type":"Polygon","coordinates":[[[-100.05028128501372,19.908168274213278],[-100.04933925625139,19.898782642953442],[-100.05707031427343,19.892996577888997],[-100.07201771498576,19.887917591735622],[-100.0946140679318,19.923484390037974],[-100.08854199117202,19.952636734165477],[-100.05845895547984,19.947999068766283],[-100.05784708273568,19.944619213363502],[-100.06471091054836,19.928655594936647],[-100.05028128501372,19.908168274213278]]]}},{"type":"Feature","properties":{"clues":"MCIMB011052"},"geometry":{"type":"Polygon","coordinates":[[[-99.81214565425476,20.181102304874678],[-99.83300743462547,20.189544639928368],[-99.83273334477217,20.203251949024004],[-99.82838515571714,20.215743250938086],[-99.81957344226606,20.218193743506085],[-99.81262556974478,20.215529852815393],[-99.8091628895187,20.207274383198023],[-99.81078943629056,20.205555570190914],[-99.81214565425476,20.181102304874678]]]}},{"type":"Feature","properties":{"clues":"HGIMB002123"},"geometry":{"type":"Polygon","coordinates":[[[-99.65955542885969,20.22859749284093],[-99.67100390866473,20.218833662223552],[-99.67996158060598,20.217583024211226],[-99.68970535973665,20.224397473092292],[-99.69331860031163,20.224670425090665],[-99.69490123420117,20.227748720507133],[-99.69308617064851,20.254280015868876],[-99.69699650147278,20.260753575288515],[-99.6811151792874,20.270194539771055],[-99.67598841847365,20.26853296153463],[-99.65829805259985,20.277627760647814],[-99.65552504596963,20.29270929488987],[-99.64123773706115,20.293558534662406],[-99.61221217799053,20.307540673548026],[-99.60507254057795,20.297104878533393],[-99.60256552645349,20.283125324444644],[-99.6304712595003,20.26164855018055],[-99.6276080988089,20.252144964510357],[-99.63248204535921,20.24519032492987],[-99.63541419489718,20.237096553163283],[-99.62863531864019,20.229778377581614],[-99.6291487507275,20.22580315216468],[-99.6262932713242,20.21338781291057],[-99.63658871277167,20.2156271790571],[-99.64401658289803,20.207776657170875],[-99.64886103453414,20.207483462885975],[-99.65420754428554,20.21166330311909],[-99.65487941402549,20.224338510132007],[-99.65955542885969,20.22859749284093]]]}},{"type":"Feature","properties":{"clues":"MNIMB000930"},"geometry":{"type":"Polygon","coordinates":[[[-102.00624516422195,18.83201255251929],[-102.00716827892188,18.85336596757207],[-102.02462526609655,18.876266182101265],[-102.02486879808195,18.9109447901601],[-102.00311622758869,18.934719791555466],[-101.990274294659,18.933782460823778],[-101.96878554158647,18.947049792363494],[-101.93002103993386,18.949271380305976],[-101.9188501902703,18.95743970237215],[-101.90108807777679,18.942717844288634],[-101.89960424571508,18.90621791231413],[-101.89488167944342,18.89710560825088],[-101.89441762212863,18.893353953738877],[-101.8522900031445,18.874717363936675],[-101.85707890986382,18.82693594401603],[-101.86865494393864,18.797197829602364],[-101.88501834690689,18.796050444689318],[-101.94689109223206,18.767677642728604],[-101.97021543871182,18.78024863688417],[-101.97710309824966,18.817362979849708],[-102.00624516422195,18.83201255251929]]]}},{"type":"Feature","properties":{"clues":"GRIMB007596"},"geometry":{"type":"Polygon","coordinates":[[[-101.879142085298,18.002591420038566],[-101.90976981652821,18.00052930154184],[-101.91553425225912,18.00233897575521],[-101.92917192407637,18.028262979447174],[-101.94836364934113,18.035430725301964],[-101.94899643211285,18.057149172074897],[-101.92370576030098,18.06136359790084],[-101.91636093520432,18.06798071030676],[-101.88787833661713,18.05003908222209],[-101.87244647192024,18.07357025109638],[-101.89135131583778,18.091835040128792],[-101.88607954873142,18.110001835666708],[-101.87995561858123,18.119725487115787],[-101.88166906549944,18.130993662518247],[-101.86823818111337,18.190663945423033],[-101.85064391185456,18.205662153839672],[-101.83070958993123,18.203811670317982],[-101.82108938328714,18.181003529645263],[-101.82649277909225,18.1428619351507],[-101.82090024279947,18.137786642622213],[-101.81261215692346,18.094008331210393],[-101.79703047363822,18.086794521361984],[-101.82466922858265,18.029286867645773],[-101.83118866269155,18.028235967286125],[-101.85619960322487,18.00274806544692],[-101.8764670117823,18.00426535030574],[-101.879142085298,18.002591420038566]]]}},{"type":"Feature","properties":{"clues":"MNIMS001701"},"geometry":{"type":"Polygon","coordinates":[[[-101.78419928948405,18.732815523928725],[-101.81760855665762,18.740718934762462],[-101.83275259713099,18.748352464729074],[-101.85626874621288,18.755629797044474],[-101.86865494393864,18.797197829602364],[-101.85707890986382,18.82693594401603],[-101.8522900031445,18.874717363936675],[-101.8232416847019,18.894722302228207],[-101.79015812098991,18.899362711505663],[-101.77139613176794,18.89614292798649],[-101.75477177207618,18.887353171221832],[-101.74372165626723,18.85037559781946],[-101.73607706326108,18.845943492453337],[-101.73147387279916,18.833349765361653],[-101.71614397101558,18.802645549125142],[-101.7168198023594,18.79602587044848],[-101.73292941286654,18.76996078018797],[-101.765598177579,18.769139427850018],[-101.77672598748421,18.74103090662962],[-101.78419928948405,18.732815523928725]]]}},{"type":"Feature","properties":{"clues":"GRIMB000910"},"geometry":{"type":"Polygon","coordinates":[[[-100.51890907857543,18.209771433056325],[-100.52767672359398,18.17759117124982],[-100.52965157442357,18.1764747698185],[-100.53924328864733,18.181783525865182],[-100.55898748426908,18.183849109112618],[-100.58057692894188,18.143631319258958],[-100.58440725024185,18.142097706613992],[-100.62869492925032,18.166363664070715],[-100.64815843262959,18.18356217757184],[-100.63211699517812,18.19689767628107],[-100.6051701985015,18.234860741583667],[-100.60056762721635,18.236615996761376],[-100.59213201984946,18.234167962030156],[-100.57671518747536,18.22594249228435],[-100.56935173251101,18.223601593771416],[-100.55466356665258,18.22941221328822],[-100.54691619108733,18.224178570766245],[-100.53679039731989,18.22144243670755],[-100.53389263809785,18.212201436049526],[-100.51890907857543,18.209771433056325]]]}},{"type":"Feature","properties":{"clues":"MCIMB006905"},"geometry":{"type":"Polygon","coordinates":[[[-100.3326242460301,18.498975897648062],[-100.3654720611718,18.499481355000817],[-100.36635437527977,18.509509505934744],[-100.35018773267042,18.519918738774294],[-100.34673405999892,18.52400694158659],[-100.34212438003172,18.535277370262808],[-100.3433004069896,18.55372211838206],[-100.35089962438285,18.564745970809938],[-100.3532743020835,18.572931788999316],[-100.34932735405378,18.58212112275796],[-100.3422737243839,18.58339611197241],[-100.32600586309819,18.604975207989305],[-100.31423364681788,18.60190486472911],[-100.30842958442076,18.604883440516147],[-100.30268938179755,18.611029801245223],[-100.2901179820351,18.613399471125632],[-100.28896602936258,18.61286158148047],[-100.28560748797577,18.587761202245837],[-100.28846336600549,18.58485259741422],[-100.29217899233278,18.576651739328614],[-100.29228757592452,18.57327795256284],[-100.28736005648337,18.570842429128422],[-100.27183850083325,18.57343887517291],[-100.26475050105141,18.566083079851843],[-100.27658732353194,18.55537885292221],[-100.26564586414334,18.544917136151806],[-100.28051402191653,18.529215689948607],[-100.28228999785541,18.529247158474806],[-100.29105682944486,18.497985507492444],[-100.29927165839673,18.4954757335907],[-100.30306704339169,18.497589125164435],[-100.32512465987223,18.490580186020473],[-100.3326242460301,18.498975897648062]]]}},{"type":"Feature","properties":{"clues":"MCIMB006823"},"geometry":{"type":"Polygon","coordinates":[[[-100.2269402298762,18.357144290810833],[-100.22676970161315,18.324626770733804],[-100.23888707215055,18.325332913623225],[-100.25981780409042,18.332514183509716],[-100.26785431730102,18.342394900438343],[-100.27802360857294,18.359260603370515],[-100.2883251198322,18.363472114891167],[-100.29699283102548,18.355584406967644],[-100.31506664362495,18.37705604950376],[-100.3028019823749,18.381953269763333],[-100.29871340591468,18.39387645582015],[-100.28387306260771,18.414773352938514],[-100.27046159437369,18.405728854971464],[-100.2664887210026,18.404657900777554],[-100.24318525885857,18.404117528532833],[-100.2258450077372,18.408578401620918],[-100.22328413343604,18.407343596702088],[-100.23225184379145,18.362756268229617],[-100.2269402298762,18.357144290810833]]]}},{"type":"Feature","properties":{"clues":"MCIMB000733"},"geometry":{"type":"Polygon","coordinates":[[[-100.2374814951303,18.725763628253347],[-100.24823859106405,18.72252856956773],[-100.25942012492382,18.7302145323453],[-100.25343097336074,18.745322324676298],[-100.2549140291536,18.74840189195703],[-100.25352175363032,18.765902930753366],[-100.25995235127766,18.76736191187556],[-100.2767720623413,18.78622413418963],[-100.27107496225963,18.79270327701275],[-100.25442855822098,18.798778043524283],[-100.24988861436992,18.794285897240524],[-100.23024829406506,18.79159683670192],[-100.22007934223673,18.785905724677633],[-100.2114490403003,18.76688450052918],[-100.21144869789259,18.750568088824046],[-100.2283749119173,18.744866625225836],[-100.23236275755715,18.73885752830415],[-100.2374814951303,18.725763628253347]]]}},{"type":"Feature","properties":{"clues":"GRIMB003792"},"geometry":{"type":"MultiPolygon","coordinates":[[[[-99.95875263181448,17.41478509369209],[-99.96241702335065,17.389931675282142],[-99.98821929759657,17.37502857417502],[-100.07434489674895,17.462044382048457],[-100.05106574359893,17.49025005926654],[-100.00712535833657,17.46823935376734],[-99.95875263181448,17.41478509369209]]],[[[-100.09035015704181,17.52320377975825],[-100.0788387436738,17.462892675063],[-100.1297756925794,17.451945212901805],[-100.13260891392282,17.45472950556004],[-100.13767590347817,17.47832543054848],[-100.17264953286983,17.503403312712603],[-100.17644009050507,17.514756640817275],[-100.17100291786534,17.54467219131404],[-100.14381784450894,17.54825018200095],[-100.13947816976734,17.553276118268005],[-100.13085342676996,17.550433364763943],[-100.1139175809447,17.55252282496144],[-100.08818782183153,17.528522602660146],[-100.09035015704181,17.52320377975825]]]]}},{"type":"Feature","properties":{"clues":"MCIMB000704"},"geometry":{"type":"Polygon","coordinates":[[[-100.05368550742011,18.69979698167494],[-100.0336004641431,18.670263082767203],[-100.05019281970159,18.649373745509287],[-100.051622281171,18.638412015974286],[-100.0647890753832,18.625798640823444],[-100.1008936246551,18.636846375700006],[-100.11094922247044,18.643671442622637],[-100.11579385345915,18.660408807651972],[-100.11022278735842,18.66666974120113],[-100.11250741566197,18.67974844708027],[-100.12331710374771,18.686942746882988],[-100.12887013225435,18.685334634979757],[-100.14200944279645,18.70025324601264],[-100.14425082721431,18.708724706726713],[-100.1485584301859,18.71406959301938],[-100.142038054805,18.725031628609017],[-100.1044492098486,18.724485262840357],[-100.09203318501838,18.72299026078767],[-100.0775564637528,18.728369127359255],[-100.06105852316288,18.704187664067433],[-100.05368550742011,18.69979698167494]]]}},{"type":"Feature","properties":{"clues":"GRIMB003676"},"geometry":{"type":"Polygon","coordinates":[[[-100.04729568083258,18.464857571183742],[-100.05405495937593,18.451221152269067],[-100.07674085742116,18.44592065994718],[-100.08275516821638,18.45859614749468],[-100.08909931603174,18.46601696452115],[-100.09740819537954,18.464801901038435],[-100.10957075345944,18.47552606060016],[-100.11772755238722,18.487238262356502],[-100.12037265106888,18.496066349917765],[-100.13145206948568,18.497998552703564],[-100.14178844039505,18.506423496615543],[-100.13807355182263,18.52873039423002],[-100.10050928929694,18.536587918098466],[-100.0851224395417,18.52233624971086],[-100.09041096694587,18.511033298893548],[-100.08311442310193,18.499196146577756],[-100.06085629060941,18.48709575542437],[-100.04729568083258,18.464857571183742]]]}},{"type":"Feature","properties":{"clues":"GRIMB002515"},"geometry":{"type":"Polygon","coordinates":[[[-100.11478209327652,16.947440149057908],[-100.12034137307464,16.948644744241108],[-100.12016448462018,16.959035344031793],[-100.11542119955608,16.96608823785681],[-100.11646660580539,16.97839214929468],[-100.11460147563187,16.982559055088956],[-100.10928113510626,16.988902824539156],[-100.10758628872833,16.993271541873224],[-100.10436088290253,16.994355052140403],[-100.10121517827459,16.997892317726677],[-100.08645184152351,16.99899911058323],[-100.08354918018713,16.997218939155825],[-100.0808233331528,16.990038563682837],[-100.08208160833003,16.98455526947671],[-100.07901962527356,16.9665746669727],[-100.09424253247663,16.962161593141126],[-100.11478209327652,16.947440149057908]]]}},{"type":"Feature","properties":{"clues":"GRIMB002433"},"geometry":{"type":"Polygon","coordinates":[[[-99.99080944610188,16.94303936706385],[-99.99003335952739,16.94874334005179],[-99.98546406571128,16.959729245238172],[-99.983605731794,16.97297249149286],[-99.97297946592464,16.984386356963103],[-99.96073633226679,16.981716570726338],[-99.9541752125811,16.967998474144878],[-99.95344863180836,16.963150893639753],[-99.9625531524763,16.953819767616483],[-99.9697497954698,16.953922149446147],[-99.99080944610188,16.94303936706385]]]}},{"type":"Feature","properties":{"clues":"GRIMB002626"},"geometry":{"type":"Polygon","coordinates":[[[-99.91477891347365,16.942851080997077],[-99.94907376133177,16.958723573404978],[-99.95344863180836,16.963150893639753],[-99.9541752125811,16.967998474144878],[-99.96073633226679,16.981716570726338],[-99.93660505804398,17.00492295910368],[-99.92338154396764,17.008528353272858],[-99.90166750211739,16.963739011426764],[-99.91477891347365,16.942851080997077]]]}},{"type":"Feature","properties":{"clues":"GRIMB000654"},"geometry":{"type":"Polygon","coordinates":[[[-99.85145053737892,16.881549608237147],[-99.85609259288192,16.87977623673104],[-99.86054800732666,16.881905247755064],[-99.86290797069572,16.887421708752218],[-99.86071388356208,16.892948558987126],[-99.8581441727646,16.89366508503625],[-99.85486136907645,16.89132598205702],[-99.85532641821514,16.88980833914188],[-99.852445153346,16.886725682174088],[-99.85320529824774,16.88488284819684],[-99.85145053737892,16.881549608237147]]]}},{"type":"Feature","properties":{"clues":"GRIMB008651"},"geometry":{"type":"Polygon","coordinates":[[[-99.83838211479653,16.795946158133525],[-99.83914164444114,16.797510033374042],[-99.8405329687532,16.79599628442135],[-99.8391394784499,16.797648499110608],[-99.83706015036815,16.797076519416997],[-99.83636854960587,16.80360627914427],[-99.84104157912468,16.80893688016258],[-99.84665422413185,16.81101081723426],[-99.85003240357302,16.809688149147924],[-99.85043994641902,16.80628629221681],[-99.8524174173297,16.8056797890456],[-99.85961317021328,16.807305419644162],[-99.86139809777168,16.809645826927667],[-99.85572693054402,16.81557455016651],[-99.8406781856242,16.814395942997834],[-99.83993139321132,16.808091661388257],[-99.83203469311418,16.80495211711719],[-99.82514157982375,16.79820481339637],[-99.82517886188923,16.796276559385475],[-99.83838211479653,16.795946158133525]]]}},{"type":"Feature","properties":{"clues":"GRIMB002141"},"geometry":{"type":"Polygon","coordinates":[[[-99.77511282477118,18.13325352939944],[-99.75360929346536,18.143041213842995],[-99.76354238595441,18.161368705883337],[-99.75444316254912,18.16799795545004],[-99.74534176511989,18.198732367502632],[-99.73934435072789,18.19991992594714],[-99.71578052814354,18.189580070148654],[-99.71481666428474,18.157107599119353],[-99.71181750463325,18.14445952634129],[-99.72995838888062,18.13283854794436],[-99.74828715642353,18.09332362608602],[-99.78700308180285,18.111963902059934],[-99.79131277267278,18.11580442598261],[-99.77511282477118,18.13325352939944]]]}},{"type":"Feature","properties":{"clues":"GRIMB006855"},"geometry":{"type":"Polygon","coordinates":[[[-99.51319773010344,18.131701604357612],[-99.51812745797343,18.131897706575966],[-99.56155323947355,18.14583234378608],[-99.56812335217141,18.174777268361098],[-99.58567239415368,18.203568445668267],[-99.57692443074362,18.209155700047628],[-99.55770468431437,18.205807185680168],[-99.52098146316582,18.17467966408617],[-99.52154233761125,18.1696238146464],[-99.51319773010344,18.131701604357612]]]}},{"type":"Feature","properties":{"clues":"MCIMB010113"},"geometry":{"type":"Polygon","coordinates":[[[-99.52004933979946,18.88869025013503],[-99.53192721265086,18.872072795271883],[-99.53815148428119,18.87474529962513],[-99.55806694605495,18.868467830831637],[-99.56501212284394,18.879108260387856],[-99.56732904345773,18.888950547912813],[-99.56437241184226,18.896583575114793],[-99.54482935521284,18.908520617308255],[-99.53874893489426,18.92244253112448],[-99.52807030341636,18.927086782305523],[-99.5255328742312,18.920011981195895],[-99.52854754447448,18.897540625680758],[-99.52004933979946,18.88869025013503]]]}},{"type":"Feature","properties":{"clues":"GRIMB010256"},"geometry":{"type":"Polygon","coordinates":[[[-99.4985597948397,17.734683143844652],[-99.505883040263,17.74931632253264],[-99.5214369596277,17.773441337030945],[-99.51648576936626,17.796405099667595],[-99.51318141178896,17.801001568200796],[-99.4714052938241,17.782650112746218],[-99.44892481480758,17.77694819259272],[-99.42581900438203,17.76780905296966],[-99.4094275041638,17.730999971195736],[-99.40652538516564,17.71727687250244],[-99.43975495867936,17.654940241429056],[-99.4596101608553,17.65192768899003],[-99.49823919154625,17.68404531944807],[-99.48950375867709,17.727296937761228],[-99.4985597948397,17.734683143844652]]]}},{"type":"Feature","properties":{"clues":"MCIMB003533"},"geometry":{"type":"Polygon","coordinates":[[[-99.46504160637816,18.817926286754933],[-99.4748753578622,18.802589410231324],[-99.4853137503615,18.796423461539586],[-99.49012672442505,18.835874254170772],[-99.50679136228942,18.843544564032857],[-99.49129154191348,18.875817339156914],[-99.46454307733056,18.880334760414375],[-99.46249277992378,18.86580756025344],[-99.43134749674805,18.839479152397516],[-99.42989490897567,18.815157883870093],[-99.41892714092673,18.79761858505791],[-99.41969752157891,18.791983445011482],[-99.43480405402674,18.783911623873045],[-99.4620282142564,18.796523502965112],[-99.4627303155244,18.797885000297242],[-99.45466154633974,18.815179711578793],[-99.46504160637816,18.817926286754933]]]}},{"type":"Feature","properties":{"clues":"GRIMB003454"},"geometry":{"type":"Polygon","coordinates":[[[-99.49747919511097,17.549701528730417],[-99.4935508356058,17.55188716950721],[-99.49003907548821,17.551856211652805],[-99.48899897649918,17.54904349808823],[-99.4929763525788,17.54708745349557],[-99.4935440299455,17.545121995281033],[-99.4979782837568,17.545778787228095],[-99.49747919511097,17.549701528730417]]]}},{"type":"Feature","properties":{"clues":"GRIMB004492"},"geometry":{"type":"Polygon","coordinates":[[[-99.45035866311683,17.18423087252106],[-99.43162951872077,17.213796477129485],[-99.41365625209706,17.21810768958553],[-99.39339025226093,17.21368203615795],[-99.37368450177212,17.203877714506575],[-99.36343567059441,17.184482180437858],[-99.39311342920361,17.139132023394062],[-99.4033955745011,17.141005965769974],[-99.45453940045493,17.126601079746294],[-99.4533027241665,17.172110735139167],[-99.45035866311683,17.18423087252106]]]}},{"type":"Feature","properties":{"clues":"MSIMB000234"},"geometry":{"type":"Polygon","coordinates":[[[-99.45643897895958,18.68371524445962],[-99.44707422220779,18.70691025543579],[-99.43943113478463,18.71148462487099],[-99.43091117870196,18.70969427836561],[-99.42977368583831,18.70835436238913],[-99.44571191574187,18.683684390032468],[-99.45338685434818,18.678559341929347],[-99.45340051712984,18.67504010895617],[-99.47069746367366,18.66347078251255],[-99.47342507254187,18.664277700816815],[-99.4750352811097,18.6703099383146],[-99.47400289193071,18.687278034366663],[-99.47224324442709,18.69016190110874],[-99.45643897895958,18.68371524445962]]]}},{"type":"Feature","properties":{"clues":"GRIMB004796"},"geometry":{"type":"Polygon","coordinates":[[[-99.39035993903298,17.862950855127817],[-99.36650116831832,17.860783782146584],[-99.32055167467692,17.845269827054537],[-99.32317412355916,17.80558148286576],[-99.32785690377791,17.78431820070379],[-99.35102475491432,17.769511049945425],[-99.36851968661942,17.763582832372013],[-99.39035993903298,17.862950855127817]]]}},{"type":"Feature","properties":{"clues":"SCCSA001311"},"geometry":{"type":"Polygon","coordinates":[[[-99.32142233809918,17.845852638288715],[-99.30541920994597,17.9376219673181],[-99.29059102448012,17.96818766788876],[-99.23839584342294,17.95086737903534],[-99.2538670948852,17.85246428493874],[-99.32142233809918,17.845852638288715]]]}},{"type":"Feature","properties":{"clues":"GRIMB010261"},"geometry":{"type":"Polygon","coordinates":[[[-99.27901808980128,17.515699682590547],[-99.27892245144467,17.53066827099912],[-99.25524604732088,17.53490316277061],[-99.25487388518961,17.527723843523695],[-99.2622648609802,17.513358824811707],[-99.27901808980128,17.515699682590547]]]}},{"type":"Feature","properties":{"clues":"MSIMB001716"},"geometry":{"type":"Polygon","coordinates":[[[-99.17760528807908,18.633435299331616],[-99.19516020186404,18.63182706854951],[-99.19758849753104,18.64018543047103],[-99.20170287182636,18.64215623909905],[-99.20746338792021,18.640691990984163],[-99.21011740875406,18.641554476179838],[-99.21090750517264,18.653066846198712],[-99.20853421683881,18.652540607193092],[-99.20058009826249,18.65573749653646],[-99.19970468676178,18.657738465586775],[-99.19540211926837,18.65971116130396],[-99.1913033669446,18.659320767180464],[-99.18950555917256,18.66562257478135],[-99.18217979274833,18.664649949387414],[-99.17282262506862,18.667523215379962],[-99.17510086196546,18.68293835835019],[-99.16323701801652,18.69017393706923],[-99.156360063431,18.676030189212906],[-99.15656619527597,18.672775147112223],[-99.16552587556211,18.664761592798765],[-99.1681264253313,18.66443541300288],[-99.17343726045893,18.651687636308186],[-99.17228681176748,18.648261809644616],[-99.17764662676521,18.63921766402881],[-99.17760528807908,18.633435299331616]]]}},{"type":"Feature","properties":{"clues":"GRIMB006254"},"geometry":{"type":"Polygon","coordinates":[[[-99.19853242810755,16.97884592866747],[-99.19644020379637,16.996869625718606],[-99.17623974950598,17.015949896519597],[-99.16185673466612,17.001957671106094],[-99.14224180641672,17.007712200290293],[-99.1280189563843,17.004031992479042],[-99.13752302871521,16.978955495836743],[-99.15251288830315,16.96553979607872],[-99.15264163774249,16.955498990287794],[-99.1901862595422,16.949467511380504],[-99.20622720029743,16.97010392046475],[-99.19853242810755,16.97884592866747]]]}},{"type":"Feature","properties":{"clues":"SCCSA001592"},"geometry":{"type":"MultiPolygon","coordinates":[[[[-99.17760215600342,18.849460233463823],[-99.17205566817236,18.852135016547646],[-99.16666489824946,18.849690023485433],[-99.17014211189355,18.843906078894914],[-99.17999185160834,18.839977708091677],[-99.18308421600314,18.84197046455566],[-99.19097619838233,18.843186115624437],[-99.1926441674703,18.84825472787883],[-99.18734929472213,18.850986995105554],[-99.1884073721037,18.856645997440662],[-99.18737718454142,18.85921360223539],[-99.17989886244132,18.853546364955392],[-99.17988363267627,18.850407772001684],[-99.17760215600342,18.849460233463823]]],[[[-99.19416436461407,18.853760893939725],[-99.19285177559344,18.848375674286704],[-99.20083973752479,18.846050171310267],[-99.20317104103597,18.848068358584516],[-99.20322261657948,18.85022468493579],[-99.19831871467305,18.85596450080011],[-99.19416436461407,18.853760893939725]]]]}},{"type":"Feature","properties":{"clues":"MSIMB000835"},"geometry":{"type":"Polygon","coordinates":[[[-99.1891455691196,18.580898395999313],[-99.18795961804011,18.585442853006107],[-99.180303032712,18.584481746488578],[-99.1740986202744,18.58674071013156],[-99.17064098175399,18.583622870160685],[-99.15531299666091,18.577346036599426],[-99.14811033521487,18.560374266346827],[-99.16787831500376,18.538583598542374],[-99.19984642296257,18.544839996592223],[-99.20420182412273,18.5660309625053],[-99.19346818904451,18.57486687566801],[-99.1891455691196,18.580898395999313]]]}},{"type":"Feature","properties":{"clues":"GRIMB003215"},"geometry":{"type":"Polygon","coordinates":[[[-99.05561219330248,17.527924385685218],[-99.0698187806941,17.540992004048846],[-99.06846860887663,17.54503100223779],[-99.05186966759537,17.560974227204508],[-99.04355871369656,17.562839700714417],[-99.03202059554647,17.55169703064271],[-99.01869159759946,17.552331417259285],[-98.9987325607865,17.52140975010651],[-99.01957230961911,17.511279558130095],[-99.02908476133005,17.50930446003822],[-99.04107882687086,17.4936058782226],[-99.04921929695062,17.48606143079783],[-99.07159928679398,17.491304100276654],[-99.0728805151283,17.507992576046327],[-99.06845359633171,17.515057315153253],[-99.05801053972388,17.51749537440276],[-99.05561219330248,17.527924385685218]]]}},{"type":"Feature","properties":{"clues":"MSIMB001342"},"geometry":{"type":"Polygon","coordinates":[[[-99.04118324610211,18.54303010493607],[-99.0692506972287,18.552338750678548],[-99.0606033438894,18.588785579948603],[-99.0614352915236,18.591790057586856],[-99.05809492384077,18.59755379381065],[-99.02211371127227,18.57554182388136],[-99.03516007808274,18.561742371661847],[-99.04118324610211,18.54303010493607]]]}},{"type":"Feature","properties":{"clues":"MSIMB001412"},"geometry":{"type":"Polygon","coordinates":[[[-99.03783060471903,18.5359259531341],[-98.98025130579848,18.52819521648354],[-98.97546999809776,18.508430724545207],[-99.00783144296041,18.475387524372586],[-99.04753822523922,18.476787969375263],[-99.05676558292271,18.490492368000076],[-99.03783060471903,18.5359259531341]]]}},{"type":"Feature","properties":{"clues":"SCCSA001567"},"geometry":{"type":"Polygon","coordinates":[[[-98.92854142543924,18.837465449037115],[-98.92927092657992,18.8349074580243],[-98.9362482416774,18.83572264007205],[-98.93687539180202,18.830403745919337],[-98.93932268575055,18.829122871528682],[-98.9462802702494,18.83416015347478],[-98.94540169220942,18.837071125929086],[-98.94781405274283,18.843211603245663],[-98.94311324111403,18.84719512436007],[-98.939502783204,18.84779955176101],[-98.9375896745742,18.845150903459864],[-98.93820974056985,18.83998385743926],[-98.93118850595889,18.84219791853817],[-98.92854142543924,18.837465449037115]]]}},{"type":"Feature","properties":{"clues":"GRIMB001383"},"geometry":{"type":"Polygon","coordinates":[[[-98.90680924213852,17.552233455465178],[-98.91231279833383,17.557512394385384],[-98.9206744150722,17.560239578602776],[-98.92143737563161,17.569046874507634],[-98.93245161101125,17.574033384972203],[-98.94553514029343,17.589254017104142],[-98.9429504969201,17.595473789726725],[-98.94193685571305,17.60495884618473],[-98.92910712113152,17.637901255230595],[-98.9173095960037,17.640975210319272],[-98.90950240775598,17.63780371320413],[-98.89882076154365,17.612668782633307],[-98.87427994531336,17.602094417784535],[-98.87663838244731,17.58487092014524],[-98.87592596968318,17.577246103694865],[-98.88654337254911,17.568324421954106],[-98.89045519867855,17.554386853178283],[-98.90680924213852,17.552233455465178]]]}},{"type":"Feature","properties":{"clues":"SCCSA001326"},"geometry":{"type":"Polygon","coordinates":[[[-98.79406960549619,17.401535076033756],[-98.79555922053284,17.403352556643114],[-98.8029452833876,17.40531217136427],[-98.80859357798037,17.412049377181138],[-98.80637355482915,17.414559180801913],[-98.8000368388205,17.416357956345337],[-98.79666337444601,17.429094503800393],[-98.79688869887316,17.4332707104458],[-98.81480405424433,17.470970763733703],[-98.814587959146,17.475817844355117],[-98.78123032616821,17.46931584788343],[-98.77254018052928,17.470436566331532],[-98.7494187163489,17.445750253187118],[-98.74188905376455,17.44461479307373],[-98.74098244889481,17.443070470256774],[-98.73874359353454,17.428059321344392],[-98.74092962321406,17.416504501197352],[-98.74567228810739,17.413998312215853],[-98.7620301023056,17.415437707312083],[-98.76627926178263,17.405341110758673],[-98.77515010076426,17.40344353598782],[-98.78910659461592,17.405064424598887],[-98.79406960549619,17.401535076033756]]]}},{"type":"Feature","properties":{"clues":"MSIMB001721"},"geometry":{"type":"Polygon","coordinates":[[[-98.73987607630461,18.788774177685962],[-98.7367223062356,18.76965643765914],[-98.74012164976482,18.76263126101645],[-98.76126094165993,18.77406060648698],[-98.76773815315259,18.779156918727395],[-98.77412927523119,18.77746175459843],[-98.78735584737643,18.79459820234812],[-98.79505621060939,18.80150730227114],[-98.79498017821922,18.808268173986274],[-98.78659809080249,18.819962907158576],[-98.78225666503405,18.820748499050953],[-98.76990694973632,18.813323885818118],[-98.76564351783672,18.806424221459846],[-98.75924681682315,18.80382442877743],[-98.75780549240288,18.801402827147978],[-98.75906435112996,18.7925798376392],[-98.75425124880877,18.789738960436175],[-98.74604929232831,18.790696809191502],[-98.73987607630461,18.788774177685962]]]}},{"type":"Feature","properties":{"clues":"MSIMB000695"},"geometry":{"type":"Polygon","coordinates":[[[-98.74088289654372,18.605915219169066],[-98.74372157446744,18.598373272853248],[-98.7524241162478,18.59809233347118],[-98.7637494553496,18.62882007830685],[-98.76563395704618,18.64803934794616],[-98.7412613942179,18.656235335088297],[-98.74633169950606,18.676140158031767],[-98.71437197820133,18.70455113772054],[-98.70225175995006,18.69782608822884],[-98.73345814312793,18.652060129329865],[-98.73201866984216,18.649412428826306],[-98.73460702315423,18.632343382563732],[-98.74134887669408,18.630038067410315],[-98.74088289654372,18.605915219169066]]]}},{"type":"Feature","properties":{"clues":"GRIMB002363"},"geometry":{"type":"Polygon","coordinates":[[[-98.69325873323578,17.3473004178788],[-98.70867891644083,17.334347571956297],[-98.73111027370176,17.347209660017597],[-98.73570175751901,17.35185162925567],[-98.75510151028921,17.35678065067105],[-98.7476450838005,17.373707632391724],[-98.73652162775097,17.378403529687343],[-98.7216659314594,17.391786746306423],[-98.70240921032206,17.383684770151866],[-98.69954915984395,17.383920459100107],[-98.6924323111416,17.368869741215594],[-98.69443276218578,17.36367600221279],[-98.69325873323578,17.3473004178788]]]}},{"type":"Feature","properties":{"clues":"GRIMB002404"},"geometry":{"type":"Polygon","coordinates":[[[-98.70799106351444,17.478396624459833],[-98.69966391625978,17.487144076647105],[-98.69228869708326,17.48444759224946],[-98.68689174275649,17.47804363248142],[-98.69180632054454,17.462018007766417],[-98.6942976907585,17.46059476189864],[-98.7022983583054,17.46780861677266],[-98.70799106351444,17.478396624459833]]]}},{"type":"Feature","properties":{"clues":"SCCSA002037"},"geometry":{"type":"Polygon","coordinates":[[[-98.61443741322255,18.667584127972656],[-98.63047632645757,18.6568482289691],[-98.66099498772296,18.65053483685971],[-98.66388822158689,18.655497581464424],[-98.68476162396819,18.66796303260846],[-98.6920297461994,18.674555080735153],[-98.70143644418823,18.697592772245166],[-98.66185440406802,18.72039663595669],[-98.63338996398994,18.70485149554561],[-98.63146098621431,18.692650961631262],[-98.61443741322255,18.667584127972656]]]}},{"type":"Feature","properties":{"clues":"GRIMB007741"},"geometry":{"type":"Polygon","coordinates":[[[-98.617970443395,17.930956497070962],[-98.60888212946865,17.973618250871514],[-98.58070578643967,17.99116820371279],[-98.57574496022359,17.941382155337404],[-98.58003496776145,17.93374594707704],[-98.6071479915977,17.92750234789973],[-98.60583668552111,17.884277392298767],[-98.62655059781723,17.8828001215815],[-98.6350165772129,17.892221272455497],[-98.6258949569991,17.931340134801136],[-98.617970443395,17.930956497070962]]]}},{"type":"Feature","properties":{"clues":"GRIMS000660"},"geometry":{"type":"Polygon","coordinates":[[[-98.51860282544243,17.133937819903487],[-98.52987283954278,17.106811252173017],[-98.56648730425317,17.08142204733124],[-98.5736252358139,17.083173555901055],[-98.60602990032454,17.10347497437212],[-98.60159371252101,17.117376928313828],[-98.59921318715523,17.15357277700269],[-98.57746730968236,17.159326176938087],[-98.57342381485483,17.162366855356186],[-98.56143177303976,17.18282944729759],[-98.5354902075393,17.165545809662014],[-98.53456873146149,17.15374867375488],[-98.51860282544243,17.133937819903487]]]}},{"type":"Feature","properties":{"clues":"GRIMB003932"},"geometry":{"type":"MultiPolygon","coordinates":[[[[-98.51673847098466,17.728088765941248],[-98.54348941119271,17.685391961252503],[-98.56500885251664,17.67651068534786],[-98.57889228005693,17.7042805268311],[-98.56801985178674,17.71254489259532],[-98.51673847098466,17.728088765941248]]],[[[-98.51433145597791,17.78326412255637],[-98.48789280124201,17.80036979815851],[-98.45672279254863,17.78857657549716],[-98.43637667445664,17.75288300667668],[-98.43904112859613,17.74038257885329],[-98.45306906652435,17.727841799478355],[-98.48758618543194,17.71576836393381],[-98.49097599074165,17.717066396764444],[-98.50940305553166,17.7325028068743],[-98.51696668622104,17.756644653124308],[-98.51433145597791,17.78326412255637]]]]}},{"type":"Feature","properties":{"clues":"GRIMB004936"},"geometry":{"type":"Polygon","coordinates":[[[-98.46849760024,17.137026634636157],[-98.47582471799484,17.142819920671755],[-98.49093898045805,17.147499295191523],[-98.51860282544243,17.133937819903487],[-98.53456873146149,17.15374867375488],[-98.5354902075393,17.165545809662014],[-98.52383045421189,17.183517501081646],[-98.52611837881678,17.19199239965163],[-98.54858114112275,17.23132954077316],[-98.51756068705902,17.228783751081835],[-98.49395320791142,17.24035343107156],[-98.48479307878517,17.220956600914278],[-98.47257372855475,17.222980346610356],[-98.45381412048665,17.233077508069947],[-98.45122972013309,17.22837123074562],[-98.43335203928177,17.215482749776786],[-98.42633461352271,17.20678056629719],[-98.42801160085051,17.203545866010927],[-98.42640275780295,17.199151502577358],[-98.42623212100895,17.18030497936419],[-98.42921815387457,17.18035329735234],[-98.44183871925986,17.17305789998512],[-98.44148183043617,17.170892363658805],[-98.43007747353808,17.165969971166756],[-98.42474250789225,17.16768833400759],[-98.41091015519869,17.16245022645035],[-98.41119720264345,17.155947114953246],[-98.40518870171111,17.146513155199155],[-98.40382634510932,17.130410872131936],[-98.42137457444622,17.114716000231574],[-98.44053824552063,17.118538601067232],[-98.45302325673738,17.11934766575548],[-98.46849760024,17.137026634636157]]]}},{"type":"Feature","properties":{"clues":"GRIMB001045"},"geometry":{"type":"Polygon","coordinates":[[[-98.40638210934941,17.325477494015963],[-98.40428298438721,17.329782725538077],[-98.40656928304276,17.359661237781236],[-98.40424291874574,17.368501762109126],[-98.39873297051635,17.36868277423675],[-98.383289947376,17.364947671884643],[-98.35036799912228,17.342082564849978],[-98.33701946512862,17.34395645453692],[-98.33314790283879,17.334643211318507],[-98.3195441412705,17.31838429330163],[-98.32049351394143,17.311490610350713],[-98.33114264950751,17.289293351120534],[-98.3450803546158,17.276785640386127],[-98.35299583992483,17.280559842733137],[-98.39065354849554,17.265494372079008],[-98.39851773224322,17.26749007640628],[-98.41297834260003,17.276617464776596],[-98.40444742535719,17.307832506259945],[-98.40638210934941,17.325477494015963]]]}},{"type":"Feature","properties":{"clues":"OCIMS003356"},"geometry":{"type":"Polygon","coordinates":[[[-98.11322159016348,17.289085289636958],[-98.1099711802143,17.29560803980483],[-98.11107011873837,17.300784915586664],[-98.10925394053412,17.30791995646699],[-98.11355083941343,17.312949304937344],[-98.12087164927806,17.313773987850958],[-98.12253969969873,17.308985260817945],[-98.12837275771417,17.30402781605054],[-98.1312561624989,17.305653551280546],[-98.13218620138596,17.311171479034382],[-98.12679995068423,17.31932318444888],[-98.13641725048319,17.333283180321878],[-98.15280031477549,17.325753778127392],[-98.15266457004395,17.34982220039858],[-98.16061396036824,17.352598819682893],[-98.1634336745904,17.362333242190694],[-98.15095161312905,17.37256866708041],[-98.14637917556163,17.354904927836387],[-98.1279109378107,17.343375234502943],[-98.12237947418683,17.346184056370408],[-98.11825876024672,17.34462120533698],[-98.09943616125167,17.35105169947441],[-98.0885874634739,17.323034269885984],[-98.0847690829196,17.324340882943986],[-98.07347940535887,17.339181271058358],[-98.06904058975847,17.339827271781225],[-98.05382941992839,17.32151878214888],[-98.06590206679265,17.309777460997655],[-98.06593597577594,17.302756536125187],[-98.07956118748123,17.290014737647056],[-98.07896593554602,17.261029364596702],[-98.0892213429635,17.250309261840222],[-98.09959966245351,17.274059347448134],[-98.11322159016348,17.289085289636958]]]}},{"type":"Feature","properties":{"clues":"OCIMS003361"},"geometry":{"type":"Polygon","coordinates":[[[-98.06631834666699,17.342238354978402],[-98.06904058975847,17.339827271781225],[-98.07347940535887,17.339181271058358],[-98.0847690829196,17.324340882943986],[-98.0885874634739,17.323034269885984],[-98.09943616125167,17.35105169947441],[-98.11825876024672,17.34462120533698],[-98.12237947418683,17.346184056370408],[-98.1279109378107,17.343375234502943],[-98.14637917556163,17.354904927836387],[-98.15095161312905,17.37256866708041],[-98.14219438689005,17.39297502808527],[-98.13590685056234,17.394208861230766],[-98.13159459252017,17.420860038598384],[-98.11181426796868,17.439762210996545],[-98.0945897257235,17.431463870073628],[-98.09064467377597,17.4258373993618],[-98.06270693023698,17.435461633854462],[-98.06711687259056,17.460069815033233],[-98.06392826591868,17.467770164940525],[-98.04627969639711,17.465837761209933],[-98.04089156403944,17.451188538426806],[-98.04741728929204,17.43738955658226],[-98.04116242350713,17.431311003947073],[-98.03376938076718,17.429439665435616],[-98.03231307201929,17.419652567719154],[-98.03716587781538,17.413077866852625],[-98.04393532524297,17.41377091818863],[-98.04848519872,17.409480941741272],[-98.05878111066563,17.40597737464852],[-98.04137891356869,17.393833159734548],[-98.04143018339398,17.391768756620685],[-98.0490748567486,17.373197144181184],[-98.05188001216318,17.371350674715803],[-98.05326397123801,17.364624681984004],[-98.0669146909001,17.365157590908314],[-98.06631834666699,17.342238354978402]]]}},{"type":"Feature","properties":{"clues":"OCIMS003052"},"geometry":{"type":"Polygon","coordinates":[[[-97.9915456263081,16.465449588280006],[-98.02518193212923,16.46715595490178],[-98.03195823217887,16.469750769618404],[-98.0649121865203,16.473941763908975],[-98.06972083739835,16.48016284774976],[-98.07299411757889,16.481348854845727],[-98.08656205844062,16.51682945715998],[-98.06232705394586,16.520910963840823],[-98.04883526523507,16.52071412206771],[-98.0252750623847,16.50782522570222],[-98.02352442040636,16.50842352397191],[-98.02007712195531,16.506845043218707],[-97.99758168558841,16.47902658890073],[-97.9915456263081,16.465449588280006]]]}},{"type":"Feature","properties":{"clues":"PLIMS002930"},"geometry":{"type":"Polygon","coordinates":[[[-97.95619676396694,18.492969186011372],[-97.94238351991676,18.481323359356857],[-97.94652017544036,18.429606991395755],[-97.94837356107749,18.428146944357483],[-97.95997378963436,18.429421220332195],[-97.98736746871268,18.463440789015348],[-97.99594458767719,18.465821679121575],[-98.0195689201336,18.481877891182606],[-98.00770461744717,18.513558643716625],[-97.99595765029466,18.51534862085442],[-97.98704740300288,18.519056493431087],[-97.9691949067753,18.4958668915068],[-97.95619676396694,18.492969186011372]]]}},{"type":"Feature","properties":{"clues":"MCIMB006572"},"geometry":{"type":"Polygon","coordinates":[[[-99.7778655875927,19.822295529445732],[-99.78232732299875,19.842663486692235],[-99.77978024315615,19.84678853151605],[-99.76299498773275,19.8544534888315],[-99.756657095764,19.847937604541084],[-99.7580908642854,19.83367590725283],[-99.75427605188975,19.827096310730152],[-99.75218065675301,19.81015798361135],[-99.77689051274918,19.810256392326025],[-99.78103125541091,19.815345957692998],[-99.7778655875927,19.822295529445732]]]}},{"type":"Feature","properties":{"clues":"MCIMB003726"},"geometry":{"type":"Polygon","coordinates":[[[-99.75218065675301,19.81015798361135],[-99.73842681254808,19.81430502035955],[-99.72845658629741,19.809135442273803],[-99.72770650559053,19.796160948632203],[-99.74067124071686,19.792201124513166],[-99.75218065675301,19.81015798361135]]]}},{"type":"Feature","properties":{"clues":"MCIMB009640"},"geometry":{"type":"Polygon","coordinates":[[[-99.61742407109685,20.14536539722221],[-99.61804615890992,20.148245994064432],[-99.61383445527184,20.156201748597702],[-99.61636590616921,20.168857210725605],[-99.60301266320984,20.181969111036988],[-99.58788071520857,20.169840470955986],[-99.58730587819797,20.16241115430781],[-99.57364588777078,20.149596002637256],[-99.5870995907649,20.135089201785743],[-99.59056201047319,20.114051554674052],[-99.60044959943274,20.112209889185415],[-99.60574292638903,20.105730132217047],[-99.629540156131,20.09927297710364],[-99.63264867250754,20.10358960544144],[-99.63210171038595,20.123519550970563],[-99.62105898163269,20.13086998806329],[-99.61742407109685,20.14536539722221]]]}},{"type":"Feature","properties":{"clues":"MCIMB001672"},"geometry":{"type":"Polygon","coordinates":[[[-99.57202308547294,19.768094896813505],[-99.56443438632606,19.771843301389154],[-99.54273415504909,19.753205656901248],[-99.540748966297,19.749564921528016],[-99.56779833922644,19.729347044229144],[-99.58030761838641,19.74692128239807],[-99.57202308547294,19.768094896813505]]]}},{"type":"Feature","properties":{"clues":"SCCSA001358"},"geometry":{"type":"Polygon","coordinates":[[[-99.46563104303993,20.15785402104142],[-99.49583225767073,20.160083935702403],[-99.50186890857188,20.157557622814622],[-99.50830479427447,20.162039706764507],[-99.512224569686,20.183049944322338],[-99.5329494703056,20.19495698928035],[-99.5140686690771,20.21925650257591],[-99.50023241201758,20.192268394444053],[-99.49198362663616,20.190077244218717],[-99.48758132115105,20.19198592289428],[-99.48119751346783,20.210694911687067],[-99.47219686696766,20.215394052633314],[-99.45650895958651,20.188792058803877],[-99.46302708185728,20.18084426660843],[-99.46563104303993,20.15785402104142]]]}},{"type":"Feature","properties":{"clues":"HGIMB000863"},"geometry":{"type":"Polygon","coordinates":[[[-99.48758132115105,20.19198592289428],[-99.49198362663616,20.190077244218717],[-99.50023241201758,20.192268394444053],[-99.5140686690771,20.21925650257591],[-99.5164983088107,20.233240284893125],[-99.50182346888509,20.247392480907678],[-99.49707433727005,20.248962768224374],[-99.48882529345465,20.24904389240867],[-99.47829738462526,20.243452815288354],[-99.46896593267208,20.223030449635377],[-99.45666547165719,20.223944592192133],[-99.43706288193614,20.237506290121146],[-99.42947963682273,20.231925320564756],[-99.4322335003663,20.21037727834219],[-99.427581732588,20.190897118417062],[-99.44539691197706,20.191165390452593],[-99.45650895958651,20.188792058803877],[-99.47219686696766,20.215394052633314],[-99.48119751346783,20.210694911687067],[-99.48758132115105,20.19198592289428]]]}},{"type":"Feature","properties":{"clues":"MCIMB004163"},"geometry":{"type":"Polygon","coordinates":[[[-99.38327096070617,19.67218791371061],[-99.35560592155957,19.657021590140065],[-99.34725762177436,19.657566249814664],[-99.35171023957554,19.63638318432083],[-99.353584553797,19.63600916748966],[-99.35690616165391,19.64037529156506],[-99.36989420520715,19.640385320098087],[-99.38452227747221,19.62632954383463],[-99.38721195097033,19.62101699724713],[-99.39194605319092,19.625915480370853],[-99.3989976797257,19.647536544817463],[-99.40465379052945,19.6474706822819],[-99.41548115874001,19.659873115879847],[-99.40984854584235,19.66689353531774],[-99.40715061052387,19.696330039370718],[-99.40340392429428,19.6991919348365],[-99.39893336729062,19.69735870758307],[-99.38327096070617,19.67218791371061]]]}},{"type":"Feature","properties":{"clues":"HGIMB003173"},"geometry":{"type":"MultiPolygon","coordinates":[[[[-99.36096013329134,19.79532909122745],[-99.36016427045055,19.775154022255613],[-99.37905213550323,19.757792944176707],[-99.38186623055812,19.80738801983323],[-99.36096013329134,19.79532909122745]]],[[[-99.34358706598971,19.84444868434751],[-99.33674128900951,19.838478429081263],[-99.33448769974096,19.83130026949923],[-99.34030338972714,19.82002230240061],[-99.35520137908996,19.82563425451388],[-99.34966075439453,19.843042557128427],[-99.34358706598971,19.84444868434751]]]]}},{"type":"Feature","properties":{"clues":"MCIMB006222"},"geometry":{"type":"Polygon","coordinates":[[[-99.24088022375085,19.69511859731349],[-99.25112546992749,19.694372169079262],[-99.25313734247749,19.69782534296556],[-99.26124978241388,19.699398332525337],[-99.2735234362117,19.71213962285009],[-99.27603099078786,19.72081292522545],[-99.27035827818096,19.738197677495897],[-99.24265379591519,19.722256343928052],[-99.23452886821651,19.703559718575846],[-99.23981897526268,19.698734455923358],[-99.24088022375085,19.69511859731349]]]}},{"type":"Feature","properties":{"clues":"HGIMB000414"},"geometry":{"type":"Polygon","coordinates":[[[-99.22371706110175,20.057507570274034],[-99.23099862036771,20.075528908131876],[-99.2197912487398,20.081157229181187],[-99.21034458277151,20.076034899420787],[-99.21038354664923,20.067613783765772],[-99.21526056927324,20.06537993655612],[-99.22371706110175,20.057507570274034]]]}},{"type":"Feature","properties":{"clues":"MCIMB010002"},"geometry":{"type":"Polygon","coordinates":[[[-99.15768463205681,19.692333038669705],[-99.16394330273006,19.694394916501338],[-99.17008796680118,19.692158786310717],[-99.17469456027385,19.69501577948507],[-99.17305519826571,19.6978005975889],[-99.17689631043275,19.707709073108745],[-99.17065964532357,19.710826764033502],[-99.16974879393233,19.713701594852957],[-99.17872436574537,19.722170402189963],[-99.17060333759797,19.730677807916372],[-99.16308062997597,19.72400935278263],[-99.15709065004313,19.727229498326917],[-99.15410695951643,19.725734304046544],[-99.15165612901394,19.723619624272924],[-99.15630490034118,19.716983453001994],[-99.15439969538264,19.71533044287895],[-99.15059421127516,19.719455826220408],[-99.14732437783643,19.71580145873037],[-99.15263213014146,19.71391210638225],[-99.14983926125073,19.709321559816974],[-99.1525228393154,19.704240172347404],[-99.15104212375735,19.700822811161792],[-99.15156786925351,19.69905517881022],[-99.15772361895472,19.69738132212079],[-99.15768463205681,19.692333038669705]]]}},{"type":"Feature","properties":{"clues":"HGIMS001470"},"geometry":{"type":"Polygon","coordinates":[[[-99.12204606038863,20.72652366009214],[-99.1313771828001,20.720863798957307],[-99.13887566118517,20.70632761205669],[-99.14836884672904,20.698382771317384],[-99.15385101142057,20.698611100253398],[-99.15353151540104,20.724381159516714],[-99.17086063922265,20.740564835444268],[-99.1572823914335,20.747316860301137],[-99.1482952211402,20.74628523959004],[-99.14004194718616,20.758925022505764],[-99.13248350853803,20.76289287221859],[-99.12004477056122,20.767264939937643],[-99.10960837133412,20.764959371975266],[-99.12313145854903,20.741952832439654],[-99.12204606038863,20.72652366009214]]]}},{"type":"Feature","properties":{"clues":"HGIMB000636"},"geometry":{"type":"Polygon","coordinates":[[[-99.12796636151988,20.65562467605727],[-99.1270132661668,20.636059365514505],[-99.13198940213871,20.633055697988972],[-99.13444897039226,20.625682258440957],[-99.15140880718948,20.623205990335318],[-99.1504690255891,20.64000769418578],[-99.1559059920663,20.648044548487086],[-99.15289063912776,20.658547061969866],[-99.1324044599366,20.65445375754201],[-99.12796636151988,20.65562467605727]]]}},{"type":"Feature","properties":{"clues":"MCIMB009751"},"geometry":{"type":"Polygon","coordinates":[[[-99.12287986456543,19.80231370796237],[-99.12568540049058,19.79881656789886],[-99.13206033913957,19.80686723809493],[-99.13476564396382,19.817875487032563],[-99.14361457781214,19.82158494625377],[-99.13740406998778,19.84811217041281],[-99.11507480882908,19.833738670912105],[-99.10372417096201,19.836622861328607],[-99.0994258176946,19.846798145007828],[-99.09100679930087,19.85217965408148],[-99.07903038850581,19.84943746173679],[-99.06754821657277,19.851924674959054],[-99.05159837636259,19.852099972115816],[-99.04023109890173,19.84839303368257],[-99.04733388038376,19.83517875535876],[-99.04364532938787,19.819530648462887],[-99.04995603799168,19.814719066049943],[-99.05325739127052,19.814970749225445],[-99.05406923180693,19.810004458286826],[-99.05914283725032,19.806543151555324],[-99.06319551557343,19.810838586006337],[-99.06182670821578,19.81579781556303],[-99.07467054829277,19.819658130136496],[-99.07556619499903,19.809413410567213],[-99.0876566825084,19.811436335689002],[-99.09325362935111,19.81011061612104],[-99.0970589338781,19.81594886734443],[-99.09334153508618,19.819903670722447],[-99.09808460428074,19.82274662475118],[-99.10624172255477,19.819425045446753],[-99.1106770096787,19.820596782539077],[-99.12005915008352,19.813779556500695],[-99.12287986456543,19.80231370796237]]]}},{"type":"Feature","properties":{"clues":"HGIMB004701"},"geometry":{"type":"Polygon","coordinates":[[[-99.12662426537932,20.033469658697975],[-99.14539017897154,20.064500561891524],[-99.12733954304342,20.081604473518926],[-99.13628948083823,20.085980976060565],[-99.13296755772062,20.095190914361854],[-99.13496792970926,20.097702986309525],[-99.13684244186751,20.112904864729046],[-99.1270952775567,20.127650874617252],[-99.11511223729224,20.12718965640509],[-99.09107144223321,20.108040026858653],[-99.0668729740828,20.0925673229279],[-99.06193981159332,20.066966001074416],[-99.08835675489594,20.03304142911845],[-99.09950973323559,20.025246061676153],[-99.12662426537932,20.033469658697975]]]}},{"type":"Feature","properties":{"clues":"MCIMB007955"},"geometry":{"type":"Polygon","coordinates":[[[-99.0031978611128,19.794150000198762],[-99.02149469804169,19.794249160084775],[-99.02572233207141,19.7928992722548],[-99.02847674122425,19.795062218452454],[-99.03080471132058,19.80541081432593],[-99.03619237490379,19.801698140400127],[-99.03332125381564,19.809786151965696],[-99.03982076849526,19.81131347823578],[-99.0407067817424,19.8174912330586],[-99.04364532938787,19.819530648462887],[-99.04733388038376,19.83517875535876],[-99.04023109890173,19.84839303368257],[-99.03105128113039,19.855314823105395],[-99.01113580517303,19.838865242203457],[-99.00717215828138,19.83748711760136],[-99.00587027208769,19.830423180455885],[-99.00213679966288,19.82753417577651],[-98.99704166506187,19.827928947478803],[-98.99127345031408,19.83125248586133],[-98.98947382628408,19.828188560676058],[-98.98432770028357,19.82808855487502],[-98.98375054052704,19.82330511079084],[-98.97785316667915,19.817703118158168],[-98.98018753383195,19.81648296501018],[-98.98966774432805,19.81709398142475],[-98.98791285944822,19.806656445235646],[-98.98043872006821,19.80293180322574],[-98.97675320538163,19.79149372607335],[-98.97787055591819,19.78960180070231],[-98.98043589573312,19.7881487506952],[-98.99232804856129,19.791828596174295],[-98.99941821455188,19.791437905959384],[-99.0031978611128,19.794150000198762]]]}},{"type":"Feature","properties":{"clues":"SCCSA001408"},"geometry":{"type":"Polygon","coordinates":[[[-98.96190938379812,21.183361872065365],[-98.9709090433799,21.184316272284427],[-98.97552426399231,21.186727594218258],[-98.98171160682178,21.194615716110423],[-98.98704596551366,21.19523287915157],[-98.99526221219345,21.20220219244896],[-98.99502054082097,21.212962075383178],[-98.99146088399723,21.21471372105337],[-98.97720368983896,21.227856141561684],[-98.97438060462265,21.224775286579884],[-98.95721315497586,21.221805589277135],[-98.94912138909926,21.221870050667903],[-98.94566527319175,21.22573651617513],[-98.93537805123754,21.230142318664328],[-98.9301809558617,21.230525390826106],[-98.92397726022733,21.227876139595296],[-98.92253095836675,21.220090324945307],[-98.93936342256261,21.205099880419894],[-98.9369609599518,21.198887290424587],[-98.93727011648463,21.191609298096285],[-98.95487680812893,21.18754413919246],[-98.96190938379812,21.183361872065365]]]}},{"type":"Feature","properties":{"clues":"HGIMB000945"},"geometry":{"type":"Polygon","coordinates":[[[-98.96691323019385,21.08823724782676],[-98.9499239578583,21.101509566664273],[-98.9325742963946,21.096068281366975],[-98.9403081447075,21.0774608791629],[-98.94542963092341,21.073450414642107],[-98.94836852192716,21.063393801562334],[-98.95340667172049,21.05933803764084],[-98.97651756252819,21.068503518674554],[-98.9729189694523,21.07968993830597],[-98.96691323019385,21.08823724782676]]]}},{"type":"Feature","properties":{"clues":"MCIMB008701"},"geometry":{"type":"Polygon","coordinates":[[[-98.9348948818883,19.60566785117101],[-98.93756960686306,19.60394482618009],[-98.94227505203544,19.605731585584813],[-98.94389106268463,19.61096772252697],[-98.94753012225215,19.61316499773475],[-98.95048994413256,19.61006397210273],[-98.95669113622031,19.609831797925256],[-98.95881204429973,19.611800959103423],[-98.96423018619774,19.610996245806003],[-98.96635364983702,19.611979664029263],[-98.9707698632623,19.608651600763455],[-98.97622605163063,19.609612173295073],[-98.98331255524369,19.616383716432384],[-98.9810360236721,19.621496905349836],[-98.97579079715115,19.620936291019863],[-98.97233193198255,19.62420114119156],[-98.96640428109082,19.62663730734881],[-98.9649144883045,19.635406347847102],[-98.9578569825254,19.64521688644168],[-98.95287338880924,19.639551319147937],[-98.9476983390828,19.628616215082776],[-98.94561625019674,19.618398932332813],[-98.94041026408786,19.618696462355818],[-98.93498106640466,19.6149966928192],[-98.93367770197895,19.611638044827004],[-98.9348948818883,19.60566785117101]]]}},{"type":"Feature","properties":{"clues":"HGIMB004182"},"geometry":{"type":"Polygon","coordinates":[[[-98.9516590067961,20.277503289688717],[-98.96248112926102,20.281677257875167],[-98.96218976946378,20.296160250849447],[-98.95696209750345,20.29532709979212],[-98.94936428122477,20.285285924266752],[-98.941822674952,20.2816843841405],[-98.94621219981643,20.276548094153004],[-98.94443703454827,20.273717826625436],[-98.94536966728286,20.26990992757223],[-98.94933995779522,20.268837983946945],[-98.95097052667226,20.266006012639355],[-98.95767477725295,20.264950767512218],[-98.95826021093029,20.269272121371497],[-98.95250848049959,20.27434711022681],[-98.9516590067961,20.277503289688717]]]}},{"type":"Feature","properties":{"clues":"SPIMS002411"},"geometry":{"type":"Polygon","coordinates":[[[-98.93260380039496,21.314017898515043],[-98.9365584194366,21.308640122811244],[-98.94136566989827,21.308740082424034],[-98.95145134138873,21.314342209726135],[-98.95687133416293,21.32390768751085],[-98.95453771693614,21.335665614538915],[-98.95616659732242,21.341334277198328],[-98.96064074671499,21.342459944937918],[-98.96371013825971,21.34765997700095],[-98.96303326397826,21.351647581493808],[-98.9669479715222,21.356844334623567],[-98.9623394066303,21.36259665016262],[-98.94970906749569,21.36221921138394],[-98.95019961060174,21.35686102670492],[-98.94216458956892,21.343026549582405],[-98.93724885930764,21.342110725176948],[-98.93054001055071,21.34388950612331],[-98.93260380039496,21.314017898515043]]]}},{"type":"Feature","properties":{"clues":"HGIMB003436"},"geometry":{"type":"Polygon","coordinates":[[[-98.9473326606529,19.859639991006325],[-98.95987117515276,19.865273987240414],[-98.9591669398641,19.868286266378824],[-98.95336635414867,19.870874388123987],[-98.9517386623161,19.879908734576563],[-98.94558912196116,19.8857285364924],[-98.94635506421533,19.888293903776557],[-98.94293673171603,19.894886189380255],[-98.94303149310184,19.898747090341836],[-98.93808927293765,19.910976845330904],[-98.94028057895271,19.919908681133574],[-98.93741932518246,19.9244252393617],[-98.917448623649,19.928712710078443],[-98.90352969598479,19.923772013080917],[-98.91731509181201,19.90095977179359],[-98.93710636198252,19.909723369789813],[-98.93425684011116,19.90141115576885],[-98.93343703399734,19.88917983185191],[-98.9371062282826,19.887718442937874],[-98.93807412473022,19.88552686564356],[-98.93542495993994,19.882120520589304],[-98.92977175964045,19.88298738441534],[-98.93033546138992,19.88004151061922],[-98.92838316332674,19.8742814756764],[-98.93120627220787,19.872160379703057],[-98.93677299689823,19.87392169204757],[-98.94135551398524,19.86737919272746],[-98.94528717730867,19.865596985041496],[-98.9473326606529,19.859639991006325]]]}},{"type":"Feature","properties":{"clues":"HGIMB000373"},"geometry":{"type":"Polygon","coordinates":[[[-98.90169514101616,20.213675592811846],[-98.90471297973815,20.208436956343494],[-98.90989888728647,20.207877687020847],[-98.92333950891782,20.195009013709235],[-98.93284191863556,20.221152694497928],[-98.91886639952278,20.229660166790524],[-98.91227655739942,20.239632062854],[-98.90274383184129,20.233256617461038],[-98.89356786218356,20.236957159039754],[-98.88363523094255,20.231386247279485],[-98.88865256014348,20.218195932200324],[-98.89405627311882,20.217546750482096],[-98.90169514101616,20.213675592811846]]]}},{"type":"Feature","properties":{"clues":"SPIMS002341"},"geometry":{"type":"Polygon","coordinates":[[[-98.86855612443141,21.32534866546783],[-98.87253254717965,21.31833830633069],[-98.87538995720979,21.317349176164413],[-98.88271654905446,21.324267347967126],[-98.88826824594989,21.325003528554525],[-98.89419207427906,21.32830643118072],[-98.8847875540195,21.341597961067045],[-98.88182507188351,21.34945702458685],[-98.87790633194469,21.348454810847908],[-98.87358967484565,21.351326868692457],[-98.86690159283864,21.366447207730502],[-98.86806969524439,21.37343171321205],[-98.85644386005599,21.400080569129766],[-98.83972076740793,21.384817910344832],[-98.8326098955386,21.38488771001499],[-98.82936827256805,21.379885303876232],[-98.83278715609698,21.361505868166493],[-98.84564708741834,21.3631100100754],[-98.84969031107708,21.366728399300943],[-98.85729853075344,21.35980742198037],[-98.85760020561182,21.352410986502793],[-98.85212552416873,21.34726563731412],[-98.84935068870716,21.339687515918072],[-98.84976449044564,21.33148593706805],[-98.8567017542579,21.327440401448253],[-98.86855612443141,21.32534866546783]]]}},{"type":"Feature","properties":{"clues":"MCIMB006111"},"geometry":{"type":"Polygon","coordinates":[[[-98.86179246193207,19.66464309325795],[-98.86739033963016,19.656476748657436],[-98.87216441438117,19.65649212471354],[-98.88726461066061,19.662634963717743],[-98.88755605974775,19.67229797348759],[-98.88162262152915,19.677730907682992],[-98.86943773748293,19.6795526345219],[-98.86541875114123,19.684173231004685],[-98.8635724794048,19.683781810033945],[-98.86179246193207,19.66464309325795]]]}},{"type":"Feature","properties":{"clues":"HGIMS000724"},"geometry":{"type":"Polygon","coordinates":[[[-98.84482766879209,21.16485222499924],[-98.84008824521779,21.162061031937096],[-98.84664125165277,21.1470112273695],[-98.85678569329177,21.14905166005646],[-98.85713124117161,21.151014196839323],[-98.84658068073914,21.164807700144426],[-98.85831191434217,21.165221375894422],[-98.86496039365501,21.172672673203685],[-98.8639262310376,21.175635599709906],[-98.86569540664263,21.184730396628343],[-98.86244390319537,21.18703706748443],[-98.84547235029085,21.177420662653038],[-98.84407110650346,21.173555462011937],[-98.84482766879209,21.16485222499924]]]}},{"type":"Feature","properties":{"clues":"HGIMB003144"},"geometry":{"type":"Polygon","coordinates":[[[-98.81757634665043,21.14782467006434],[-98.81469105434542,21.16174892059339],[-98.81101269790996,21.16409980242135],[-98.79718482298178,21.15875215215766],[-98.78835200908475,21.163508412897443],[-98.77178333151754,21.151673339385784],[-98.77222136079966,21.146114366339724],[-98.7954688284133,21.13547291989688],[-98.79841346698477,21.11406684531103],[-98.80666688393914,21.10908771303798],[-98.82835081966118,21.136338661848544],[-98.82820642027117,21.139156718335137],[-98.82302383631598,21.145289905826324],[-98.81757634665043,21.14782467006434]]]}},{"type":"Feature","properties":{"clues":"MCIMB001211"},"geometry":{"type":"Polygon","coordinates":[[[-98.76236007370608,19.82147112526201],[-98.76856602350324,19.843114209943593],[-98.7756469977465,19.84040875208049],[-98.790406023277,19.856037359428296],[-98.79095191961689,19.858187881127364],[-98.78150355271497,19.8917445897806],[-98.774185283909,19.89903532356649],[-98.7514976632786,19.892836662360214],[-98.74332999518305,19.895602948056773],[-98.73877996445663,19.886947184608275],[-98.72909566831943,19.874302725228603],[-98.72372225155982,19.850184135276574],[-98.72126889398263,19.846447036582965],[-98.7209490876078,19.831366837881973],[-98.73589739064614,19.815667959052494],[-98.73999815130374,19.818012644273576],[-98.76236007370608,19.82147112526201]]]}},{"type":"Feature","properties":{"clues":"HGIMB003062"},"geometry":{"type":"Polygon","coordinates":[[[-98.77602945816292,21.031294238628206],[-98.74538867632336,21.026911025878224],[-98.73919084661946,21.03071527767916],[-98.73641765868987,21.030754718898617],[-98.72442724356081,20.99869016340949],[-98.75305685163163,20.996597621017948],[-98.75767907493865,20.994862572140516],[-98.77682748741967,21.002899036147916],[-98.78297652420697,21.015620361222947],[-98.77602945816292,21.031294238628206]]]}},{"type":"Feature","properties":{"clues":"SPIMB001956"},"geometry":{"type":"Polygon","coordinates":[[[-98.77625063341115,21.21904490591771],[-98.76408960196306,21.205179431069283],[-98.77355415385081,21.203859159283073],[-98.78197625673877,21.212688889077093],[-98.77625063341115,21.21904490591771]]]}},{"type":"Feature","properties":{"clues":"SCCSA001441"},"geometry":{"type":"Polygon","coordinates":[[[-98.67275585728322,20.925471202694254],[-98.6767391249247,20.93121143699938],[-98.71277023836328,20.939085041392804],[-98.71384773204531,20.948889748313288],[-98.72571879653229,20.953151495588035],[-98.73942355375567,20.95300901605024],[-98.74289598168401,20.964665127334747],[-98.73690508577585,20.974906183612273],[-98.734451289184,20.976033953312548],[-98.72653522527291,20.974131140637162],[-98.71539773336899,20.986316558005743],[-98.7075592514342,20.96671807341877],[-98.6888683289585,20.985267338376755],[-98.68136891468957,20.970921055433717],[-98.67016243558032,20.971608672739794],[-98.66313243654275,20.969753295794074],[-98.6465336113502,20.971715222895554],[-98.64585978965462,20.964394459147222],[-98.62330797858708,20.941782901648754],[-98.62881014436725,20.93465620594196],[-98.64669247295305,20.92482722510065],[-98.65607223011514,20.92637521205209],[-98.66349096350054,20.923003218160392],[-98.67275585728322,20.925471202694254]]]}},{"type":"Feature","properties":{"clues":"HGIMS001231"},"geometry":{"type":"Polygon","coordinates":[[[-98.7091224603898,20.901856424285775],[-98.71478071398452,20.916755620511896],[-98.71188937861805,20.928658220577926],[-98.71277023836328,20.939085041392804],[-98.6767391249247,20.93121143699938],[-98.67275585728322,20.925471202694254],[-98.66349096350054,20.923003218160392],[-98.66466849045666,20.906996868424166],[-98.68865679781665,20.892578805761644],[-98.70130015899979,20.87440645632125],[-98.71074386261898,20.877546172745813],[-98.7213425083053,20.88374697082561],[-98.72255959293277,20.889481915106536],[-98.71313151393397,20.894341170341193],[-98.7091224603898,20.901856424285775]]]}},{"type":"Feature","properties":{"clues":"HGIMB002210"},"geometry":{"type":"Polygon","coordinates":[[[-98.57241861642193,21.332325842376274],[-98.58750460753653,21.330149957670102],[-98.60000289341333,21.345856658378676],[-98.60731552293218,21.348898751053017],[-98.59840311629647,21.36361146031631],[-98.59075490031722,21.363597333960094],[-98.58789571373032,21.358994918421406],[-98.58280562379548,21.357220144739106],[-98.57928521794314,21.357797391939464],[-98.57107659020966,21.371794078738084],[-98.58408336737651,21.376020722550518],[-98.59040634408281,21.390192695383565],[-98.58110200986786,21.394980073754517],[-98.58292647295474,21.40749537128193],[-98.57396654191031,21.42052715590666],[-98.56030415072723,21.42422106210843],[-98.5566973781977,21.42281036920249],[-98.55607265578239,21.41900402923149],[-98.56061404783772,21.405132208783122],[-98.55625019060724,21.395944458771506],[-98.54388333093021,21.39745047811374],[-98.53613014467668,21.394144435604396],[-98.53333918984687,21.391480636444303],[-98.52162863683637,21.390465677927743],[-98.51234990483175,21.385564177314958],[-98.51116897698266,21.367502478238134],[-98.52081920327757,21.354532443805542],[-98.52982647961137,21.366243623314194],[-98.53776091545642,21.36874871501761],[-98.54782050752017,21.36458267614893],[-98.55406222327484,21.361210811402955],[-98.55700216652723,21.35488653233739],[-98.56721912994577,21.349138347283905],[-98.57241861642193,21.332325842376274]]]}},{"type":"Feature","properties":{"clues":"HGIMB002811"},"geometry":{"type":"Polygon","coordinates":[[[-98.55848884877629,19.928276242586325],[-98.56015396909686,19.934153324759507],[-98.54659501237842,19.945878058703464],[-98.54959747391506,19.952249645526653],[-98.53751626440712,19.962223958981962],[-98.53439137400268,19.962385077811142],[-98.53939394429109,19.975132443671335],[-98.5448009172292,19.97614310180995],[-98.54850823960234,19.988260826687803],[-98.54572529524967,20.00317852188959],[-98.54106087636208,20.000799336051497],[-98.53304300015078,19.99183454501506],[-98.53063105424569,19.98166629441642],[-98.5266656757168,19.98205647620722],[-98.52326063021636,19.986124541578832],[-98.5148146734391,19.986378570499276],[-98.51494680985145,19.98186776761552],[-98.51926493649182,19.980386350490853],[-98.52237252729503,19.972218790138825],[-98.51371084007711,19.976428144593303],[-98.51289957240434,19.978401479841672],[-98.50515813052958,19.97778894564237],[-98.50397868336556,19.97568501205167],[-98.49173403836377,19.970845794069827],[-98.48580655684137,19.98699818121844],[-98.4821070646677,19.989387791754563],[-98.47435963212119,20.00041466301117],[-98.47418456122182,20.002579030297213],[-98.4673248628482,20.009624967701896],[-98.43684072609678,20.01176073405976],[-98.43967035649858,19.988797828574263],[-98.44522566249589,19.981263886044246],[-98.44519602343014,19.975763538840898],[-98.46675447412908,19.96377586770394],[-98.46442315679498,19.957006187148878],[-98.45604781530001,19.949340345108958],[-98.4366678204446,19.947992630374618],[-98.42901275467165,19.924597662650587],[-98.43331896308383,19.918783037517905],[-98.46382612032363,19.924483750010975],[-98.46772568115557,19.92265486656881],[-98.48167852764398,19.928281535772587],[-98.48561655705629,19.939510526003012],[-98.49774309905973,19.940210874486034],[-98.51564168189104,19.91090394835418],[-98.53572117686973,19.92467541450867],[-98.55005027980835,19.922255684433523],[-98.55848884877629,19.928276242586325]]]}},{"type":"Feature","properties":{"clues":"HGIMB004066"},"geometry":{"type":"Polygon","coordinates":[[[-98.5356973340608,20.670146908499945],[-98.51939815189681,20.689280314658408],[-98.49868392878932,20.69239309041659],[-98.49660612882042,20.705886310228234],[-98.46287620450876,20.702373733029944],[-98.4586929016064,20.6868385154914],[-98.46554467315154,20.66431858141395],[-98.46823106061522,20.661649795164266],[-98.478842349196,20.66124081853873],[-98.4824373967831,20.65786878444873],[-98.49587406722749,20.65375917091709],[-98.52672962927018,20.630078261944842],[-98.54362045024767,20.656929870771997],[-98.54408504818079,20.666874180463104],[-98.5356973340608,20.670146908499945]]]}},{"type":"Feature","properties":{"clues":"HGIMB000344"},"geometry":{"type":"Polygon","coordinates":[[[-98.52629929142435,19.655120296714774],[-98.52808188122809,19.66105099682337],[-98.52664214163448,19.67328662573923],[-98.52834773113068,19.68427328401274],[-98.51607710920412,19.690439438853822],[-98.50961034727256,19.699311934637883],[-98.48954062925517,19.701082712487203],[-98.47465982672442,19.675469478840306],[-98.484234834652,19.665382250994128],[-98.48628801674059,19.655597636283474],[-98.49164789996867,19.648220180573603],[-98.50214483735917,19.644163823023586],[-98.5062430527775,19.63593515357812],[-98.52712634509902,19.629542785091637],[-98.52839714620455,19.6305927928576],[-98.52872480594851,19.649869746137888],[-98.52629929142435,19.655120296714774]]]}},{"type":"Feature","properties":{"clues":"HGIMB003366"},"geometry":{"type":"Polygon","coordinates":[[[-98.48756908627934,20.75982927793065],[-98.48681896233893,20.765181623205777],[-98.47430839206629,20.777278385521196],[-98.46447242513847,20.777442684792707],[-98.4498183677789,20.762717288470856],[-98.4537364778989,20.749681893425397],[-98.456406455376,20.74705353127936],[-98.4760581461505,20.744182565749842],[-98.48173506730652,20.7466620622973],[-98.50024535635087,20.722288713837717],[-98.51130464720381,20.751029633166514],[-98.48756908627934,20.75982927793065]]]}},{"type":"Feature","properties":{"clues":"HGIMB000040"},"geometry":{"type":"Polygon","coordinates":[[[-98.44163322462288,20.1348862565617],[-98.43585772324919,20.131749066760833],[-98.43236911205703,20.120773414475924],[-98.44380502254774,20.11137946091949],[-98.44813872821162,20.11077204828656],[-98.45718715025178,20.09600918356991],[-98.45996607087594,20.094204096476695],[-98.48034467420729,20.10027737516679],[-98.49677961464648,20.111523109420144],[-98.51085179223952,20.11239079596052],[-98.48932280424984,20.150440384016395],[-98.48837487817678,20.163899044818574],[-98.478744317344,20.165216062082063],[-98.4668877064723,20.141205426074656],[-98.46445557004097,20.141385036068773],[-98.4582283774762,20.13408728664861],[-98.44163322462288,20.1348862565617]]]}},{"type":"Feature","properties":{"clues":"VZIMS003183"},"geometry":{"type":"Polygon","coordinates":[[[-98.44048798015405,20.528467374735143],[-98.4299474740544,20.535378340231155],[-98.40836730985696,20.534991163448318],[-98.41859519238491,20.556015950235714],[-98.41673804389939,20.56873143400262],[-98.42294404857574,20.573218971172757],[-98.42598622709369,20.595638182602915],[-98.41646116745122,20.601073329803867],[-98.4055218320817,20.6029151041969],[-98.39877569307001,20.600118248855868],[-98.39416793887989,20.590827000161276],[-98.3897610144228,20.58916393583761],[-98.37833182271451,20.560549501838604],[-98.38526331571428,20.555043063536274],[-98.38722452969795,20.554962870268422],[-98.40750996222962,20.53448623893455],[-98.41146484160548,20.523358763416006],[-98.42050778351509,20.51795644286542],[-98.42522834997362,20.5092688312745],[-98.43994271465311,20.511171100118446],[-98.44507468906889,20.51690015770133],[-98.44048798015405,20.528467374735143]]]}},{"type":"Feature","properties":{"clues":"HGIMB000262"},"geometry":{"type":"Polygon","coordinates":[[[-98.38192735294405,20.337314577005813],[-98.39268936036878,20.35315468102598],[-98.403078937293,20.352841106336296],[-98.41128330543798,20.370529582964437],[-98.42446495298292,20.36635641482231],[-98.43845187105303,20.373612871649804],[-98.43969463972017,20.38028674725879],[-98.42171597770596,20.39709370670913],[-98.41995035081716,20.411939198234183],[-98.4173460892148,20.413866484387764],[-98.39588777780916,20.41115647736901],[-98.39271892067558,20.404224257786314],[-98.39592388197745,20.38560053017025],[-98.40385357320724,20.37930685482307],[-98.38829402043287,20.361981236902892],[-98.38489612839975,20.3634092334995],[-98.37105849595345,20.35958174314068],[-98.36318058482222,20.378615201417503],[-98.35594056717363,20.37564655653335],[-98.34259825469374,20.37771369762081],[-98.32729272860237,20.363691484476416],[-98.3322149484668,20.35857811520713],[-98.3329500633837,20.332206468751984],[-98.34508422783738,20.330433311395115],[-98.35384183939419,20.320211099523505],[-98.35932667432984,20.316750245744927],[-98.37152361752179,20.33651841118676],[-98.38192735294405,20.337314577005813]]]}},{"type":"Feature","properties":{"clues":"HGIMS000531"},"geometry":{"type":"Polygon","coordinates":[[[-98.43337162483101,20.991776236727688],[-98.42301590779756,21.017040906266697],[-98.41705054738685,21.017271369485997],[-98.40766989780545,21.009829057151435],[-98.40646466364056,21.00511193388889],[-98.41553091386882,20.98650514691722],[-98.42574744613125,20.98065398056558],[-98.43337162483101,20.991776236727688]]]}},{"type":"Feature","properties":{"clues":"HGIMS000420"},"geometry":{"type":"Polygon","coordinates":[[[-98.40650509724185,20.288821296581855],[-98.38892723172702,20.31978854344098],[-98.39086333932138,20.323605751591668],[-98.38192735294405,20.337314577005813],[-98.37152361752179,20.33651841118676],[-98.35932667432984,20.316750245744927],[-98.35384183939419,20.320211099523505],[-98.34508422783738,20.330433311395115],[-98.3329500633837,20.332206468751984],[-98.3322149484668,20.35857811520713],[-98.32729272860237,20.363691484476416],[-98.3245844405292,20.364443351610685],[-98.30067073642715,20.34762126881266],[-98.29489920885426,20.327880208981743],[-98.2983415855548,20.324543006374093],[-98.3022091951345,20.31096419468388],[-98.33159795761306,20.309825273233574],[-98.33694164154973,20.302968530711652],[-98.342813569187,20.305718060930364],[-98.36158578736081,20.303383831542178],[-98.36452524376973,20.308096763171893],[-98.37512338511564,20.308408628276723],[-98.39105470809702,20.282856883693874],[-98.40650509724185,20.288821296581855]]]}},{"type":"Feature","properties":{"clues":"VZIMS005901"},"geometry":{"type":"Polygon","coordinates":[[[-98.34371954951719,20.545001286518033],[-98.34981353633042,20.542202337714357],[-98.36992763067916,20.56392177050931],[-98.37833182271451,20.560549501838604],[-98.3897610144228,20.58916393583761],[-98.38125197574242,20.589266697138285],[-98.37492563149489,20.592302964934557],[-98.36816188882841,20.598781987606905],[-98.3619694426059,20.597306975407406],[-98.34546917413167,20.611367026967834],[-98.33406294373819,20.614439004625712],[-98.3256935453239,20.637337639919995],[-98.30062592688273,20.62937364164313],[-98.30632831105805,20.59941348923747],[-98.31233040079125,20.594039972849785],[-98.3172498543582,20.594178454622405],[-98.32809325611505,20.58163020824233],[-98.32085517099264,20.560190201845064],[-98.33992042958693,20.552298209036348],[-98.34371954951719,20.545001286518033]]]}},{"type":"Feature","properties":{"clues":"HGIMS001774"},"geometry":{"type":"Polygon","coordinates":[[[-98.3849189819194,20.02206263165533],[-98.38961217731521,20.036853542059614],[-98.37297175532115,20.031230111509664],[-98.36857501181619,20.022651208947906],[-98.36954639081836,20.010411271894593],[-98.36555809919852,19.998245234649737],[-98.36934843061805,19.984741403101694],[-98.39358382848862,19.982366669907645],[-98.40418397887818,20.00265494496865],[-98.3849189819194,20.02206263165533]]]}},{"type":"Feature","properties":{"clues":"VZIMB005813"},"geometry":{"type":"Polygon","coordinates":[[[-98.36190394257909,20.686897392376515],[-98.36891806607181,20.699918502727524],[-98.35841193737303,20.717315667193407],[-98.36365744395818,20.726788534814123],[-98.35723323414041,20.74062207956111],[-98.34233766231168,20.740792978512776],[-98.3403598131276,20.743593527134582],[-98.32930449808654,20.745055120263025],[-98.3234082445761,20.72777398020891],[-98.30211199243683,20.726299056316268],[-98.29986304480991,20.71684717664819],[-98.30430977474889,20.70790906890963],[-98.30959031944974,20.701294600557475],[-98.33273389003163,20.699767740434446],[-98.33915048707289,20.691227315358944],[-98.35567263982884,20.679786909456404],[-98.36190394257909,20.686897392376515]]]}},{"type":"Feature","properties":{"clues":"SCCSA003245"},"geometry":{"type":"Polygon","coordinates":[[[-98.05684455894372,21.344170854207338],[-98.06774979858447,21.327097715424543],[-98.09315577313585,21.320113661109577],[-98.0987886889375,21.307508706473214],[-98.11908756797096,21.320010987013195],[-98.13044153504603,21.320278729983485],[-98.14510381978099,21.333260603308023],[-98.1346464115185,21.346913634829818],[-98.12386191512135,21.356616653322988],[-98.12418375750589,21.369779247720967],[-98.09139599104509,21.381456018020288],[-98.08891642916589,21.37753312982418],[-98.08247249123063,21.372363220240405],[-98.08035025752946,21.36591054804517],[-98.06837371223877,21.351622035483086],[-98.05684455894372,21.344170854207338]]]}},{"type":"Feature","properties":{"clues":"HGIMS000946"},"geometry":{"type":"Polygon","coordinates":[[[-98.12614542688291,20.4259197918491],[-98.11480736879109,20.42527604108699],[-98.11076891198611,20.429999755873524],[-98.09695617112871,20.428460347149183],[-98.09405772391673,20.426973775100603],[-98.09253232740964,20.419839395608015],[-98.10188347693168,20.407961559038213],[-98.11608890298936,20.40279706221594],[-98.1337082931088,20.41516982381929],[-98.13430729837286,20.417441420695827],[-98.12614542688291,20.4259197918491]]]}},{"type":"Feature","properties":{"clues":"SCCSA003050"},"geometry":{"type":"Polygon","coordinates":[[[-98.02814614312815,19.580324984021424],[-98.00925008307641,19.572405310615746],[-98.01177574013249,19.565904734193666],[-98.02284680015362,19.5562244786928],[-98.04027184849605,19.555357603296358],[-98.04397930421156,19.55672372888553],[-98.04556071652497,19.561048576764435],[-98.05264087868599,19.566749664030265],[-98.05583040250409,19.58289891835955],[-98.04299017600003,19.59337327822843],[-98.03854318013393,19.60413912196973],[-98.02966345510458,19.615278152953152],[-98.02608769512055,19.60882631898388],[-98.02470678329834,19.593030256955558],[-98.02968127196148,19.58712123165121],[-98.02814614312815,19.580324984021424]]]}},{"type":"Feature","properties":{"clues":"PLIMS003613"},"geometry":{"type":"Polygon","coordinates":[[[-98.01128023465378,20.0047164400126],[-97.99024125842396,20.018154261819884],[-97.98833805074234,20.002781966002587],[-97.98161856719082,20.008494831494012],[-97.97183293943178,20.007526181035853],[-97.96797115991073,20.009474147209023],[-97.96324736204653,20.006106473316194],[-97.96548930047875,19.99300569122295],[-97.9756308112185,19.98687881075505],[-97.97994557314885,19.989057065677034],[-97.9944393870301,19.980999495481257],[-98.00264072267169,19.979789159781447],[-98.00988406336612,19.964710556051376],[-98.01676453969225,19.964703891145792],[-98.03831900879453,19.98152497002881],[-98.0405066329679,19.989833480466686],[-98.01591524714975,20.00739095706544],[-98.01128023465378,20.0047164400126]]]}},{"type":"Feature","properties":{"clues":"VZIMS002932"},"geometry":{"type":"Polygon","coordinates":[[[-97.98725846890217,21.256622243833903],[-97.98246460520116,21.277235589109175],[-97.98738957753764,21.283199407465684],[-97.99962321908693,21.28390457560679],[-98.00759430503315,21.30704543038971],[-98.0030652893668,21.310182711374132],[-97.98596059849687,21.302203472082258],[-97.97858136759021,21.3113902285218],[-97.96920211349654,21.314446967694543],[-97.96124394171886,21.3220644162842],[-97.9548014341882,21.320869265643132],[-97.9497250309527,21.30521019237351],[-97.94036504727964,21.29844347097195],[-97.94026281930182,21.294502824117743],[-97.94574529155565,21.279959257529928],[-97.94480594750635,21.272269381339598],[-97.92197523722585,21.25739920329197],[-97.94112960693884,21.24602279425835],[-97.95333286186083,21.235753017017096],[-97.97181070517148,21.235443446478442],[-97.97310904721989,21.236096317654138],[-97.97551856244903,21.245232599216465],[-97.98725846890217,21.256622243833903]]]}},{"type":"Feature","properties":{"clues":"VZIMS002676"},"geometry":{"type":"Polygon","coordinates":[[[-97.91177303314271,20.86144157960426],[-97.93493725336394,20.84539903065662],[-97.96443803176065,20.834287484900674],[-97.96481996462616,20.835814878094535],[-97.94826120741293,20.85941923636911],[-97.95073225209138,20.862000206392793],[-97.96513547187948,20.856917759100224],[-97.97112871714813,20.8639228938554],[-97.98334439267454,20.861283180297082],[-97.98748034123588,20.872686651720024],[-97.96676403878543,20.87731514081552],[-97.95246385343977,20.877513202417788],[-97.94867811338682,20.882335375250065],[-97.93336623609972,20.8892182340982],[-97.9281197438779,20.88683756093566],[-97.90979982291564,20.892190507011893],[-97.90506728244863,20.889829850705347],[-97.90052163843934,20.867112813374987],[-97.91177303314271,20.86144157960426]]]}},{"type":"Feature","properties":{"clues":"NTIMB001065"},"geometry":{"type":"Polygon","coordinates":[[[-105.31134375659838,21.71425734372125],[-105.33176570008611,21.703196886729216],[-105.33504412263645,21.700028504315984],[-105.34374837701802,21.69708697805528],[-105.3519913997782,21.728786799694657],[-105.36978450013568,21.736617920860045],[-105.39188908171462,21.756704276071982],[-105.38403693114235,21.767042481985648],[-105.33898992003137,21.773010581020923],[-105.32597457440342,21.759578571524123],[-105.31318991649007,21.75646428247045],[-105.29804541336502,21.736451575139967],[-105.29888811522338,21.729073686775532],[-105.31098015583979,21.717475609786863],[-105.31134375659838,21.71425734372125]]]}},{"type":"Feature","properties":{"clues":"NTIMB000674"},"geometry":{"type":"Polygon","coordinates":[[[-105.36737135389275,22.22448240430244],[-105.30581104941412,22.251110807845944],[-105.3013913764042,22.240473154269814],[-105.31517409721859,22.205990249092803],[-105.38213474118378,22.197988187283922],[-105.37437623588926,22.219043152486016],[-105.36737135389275,22.22448240430244]]]}},{"type":"Feature","properties":{"clues":"NTIMB000790"},"geometry":{"type":"Polygon","coordinates":[[[-105.17554577207395,21.697471782246996],[-105.17127204020022,21.69641376755951],[-105.13216505639517,21.675252391652247],[-105.13278315551044,21.671082633177537],[-105.14063313612094,21.658365566252805],[-105.14690962933354,21.653026743601433],[-105.17455359978432,21.643091622407205],[-105.17746776543332,21.643233090778175],[-105.17554577207395,21.697471782246996]]]}},{"type":"Feature","properties":{"clues":"NTIMB001613"},"geometry":{"type":"Polygon","coordinates":[[[-105.13366181302034,20.912301229839144],[-105.14536432603012,20.90849351922018],[-105.15860365057382,20.912248953105966],[-105.20443505508285,20.91366281784056],[-105.16853112640517,20.962558105568814],[-105.16634363202442,20.98709691264428],[-105.15034260659749,20.998327200736416],[-105.11389777039176,21.004742755620523],[-105.10927427970061,20.998861427580533],[-105.0924395305111,20.968338518081445],[-105.11117092600395,20.95014658361153],[-105.12233084399222,20.92339677005171],[-105.13366181302034,20.912301229839144]]]}},{"type":"Feature","properties":{"clues":"NTIMS000815"},"geometry":{"type":"Polygon","coordinates":[[[-105.015400780268,21.898038782043905],[-105.02767348257503,21.894207716859157],[-105.0454486118808,21.90361184835151],[-105.06705692872153,21.905349318427138],[-105.07369234540754,21.90320396982825],[-105.08226595496852,21.902946353235674],[-105.09243455892147,21.961419569347903],[-105.08382641125783,21.968932594632353],[-105.07311761386198,21.964546704163734],[-105.03487580956966,21.970734339608967],[-105.01995172032531,21.984628969429426],[-105.00711770937814,21.98658315477053],[-104.9891577178396,22.00624790850674],[-104.98375726931539,22.00606659811868],[-104.96595260250879,21.985834218448012],[-104.94764718510535,21.97331035808006],[-104.91403862460861,21.98227996350003],[-104.90793889647635,21.97022184958833],[-104.89501030560041,21.961221150869903],[-104.89392596286615,21.957336669864066],[-104.896323871007,21.92165746521017],[-104.9243506082809,21.92781195802696],[-104.92870407406402,21.930507890047426],[-104.94607659181203,21.949360251114314],[-104.96129064501316,21.950759059024836],[-104.97358038731231,21.946184950115285],[-104.98176297067796,21.945743705747315],[-104.98342735591424,21.939752328200292],[-104.97143320351246,21.92328337375604],[-104.96934913318057,21.913581552587054],[-104.96052738695994,21.909420924672997],[-104.95391754847921,21.908381189161073],[-104.94928923341817,21.90468783752553],[-104.94481124389844,21.886568115250796],[-104.96924537397354,21.892785564346426],[-104.98106791735,21.88338214517433],[-104.99110426697749,21.88247023614002],[-105.015400780268,21.898038782043905]]]}},{"type":"Feature","properties":{"clues":"NTIMB000930"},"geometry":{"type":"Polygon","coordinates":[[[-104.46915205051127,21.308872023177067],[-104.4777026515564,21.309350405767656],[-104.4982396558968,21.34055746517095],[-104.49767570728133,21.353146064514576],[-104.50281632102174,21.36809351649786],[-104.51814367389065,21.387689692014185],[-104.47944354703637,21.40561868365544],[-104.47816228531363,21.409335379925558],[-104.45291491479567,21.422269626732234],[-104.44136970876193,21.403597542124732],[-104.42861912297913,21.40440182441084],[-104.42253583244911,21.418624078690154],[-104.3904723487072,21.416143697877263],[-104.39313214626429,21.393387328629093],[-104.3881773708508,21.388491730262533],[-104.38429577615634,21.373599506465816],[-104.40158048023959,21.35455564484474],[-104.40122614892941,21.33149209179352],[-104.42005337309509,21.333579484074768],[-104.42866646899576,21.3299898580254],[-104.45481161742482,21.32859434223075],[-104.46915205051127,21.308872023177067]]]}},{"type":"Feature","properties":{"clues":"NTDIF000076"},"geometry":{"type":"Polygon","coordinates":[[[-104.40942582272183,21.005657023443174],[-104.40518844132971,21.02123923031944],[-104.39050682827488,21.03097206601261],[-104.39562725158768,21.04116423703127],[-104.40428675394217,21.030836334403283],[-104.42344579130791,21.05473598236397],[-104.42198179239543,21.063585063541677],[-104.41715226563308,21.070511340925048],[-104.40387100280327,21.07932832314477],[-104.37592754931143,21.07380512510013],[-104.37429127470776,21.06579762498182],[-104.38335528024419,21.04769317189788],[-104.37535707855768,21.042397095183194],[-104.37003645547959,21.044270162277705],[-104.36747606645011,21.05803861701359],[-104.36037045636992,21.054361531037163],[-104.33957333301393,21.055247435485956],[-104.34809040410636,21.042598671906596],[-104.35112036987738,21.04126952616859],[-104.35825264413394,21.043253462717434],[-104.3644132705767,21.037981535661505],[-104.35955221385157,21.035324718084514],[-104.3592303948139,21.03362644094551],[-104.35309176779765,21.032807859932305],[-104.34671182496494,21.02445299558848],[-104.3386203435113,21.021777867378706],[-104.35402688494187,20.994579585691984],[-104.35692704079754,20.992833910313617],[-104.35397817109362,20.978983647225412],[-104.33240737138922,20.96767897257727],[-104.33492544580042,20.95664260962943],[-104.33141415855253,20.900311702695163],[-104.37961826607193,20.895082143245414],[-104.38284722031445,20.89796795136374],[-104.39994077544856,20.90651197338232],[-104.42625716465999,20.932633475215958],[-104.43140322316552,20.946348270340227],[-104.42741666176143,20.96384211281857],[-104.41050340150854,20.983383007534712],[-104.40538457323112,20.993120293221004],[-104.40942582272183,21.005657023443174]]]}},{"type":"Feature","properties":{"clues":"NTIMS001066"},"geometry":{"type":"Polygon","coordinates":[[[-104.16540103374606,21.189220629578433],[-104.18041800163533,21.2091050794392],[-104.19344711933206,21.219355532293843],[-104.19129755997255,21.240285524714707],[-104.18366557061664,21.24611069256431],[-104.17963707917114,21.2517736262147],[-104.18232599724033,21.271148718636596],[-104.21496008516337,21.293653005301476],[-104.22569539641204,21.298172852787307],[-104.23396422075116,21.331895167734405],[-104.21937140771463,21.340804105545136],[-104.20805997875436,21.35572847020434],[-104.19798111764865,21.36567377557325],[-104.18581696114069,21.385034892681137],[-104.17221454771932,21.39017282794276],[-104.15946221836585,21.413088002862477],[-104.15577219537406,21.42289205692382],[-104.13441585498855,21.427701818737553],[-104.1172818434982,21.437076465402495],[-104.09237509345523,21.4157137835551],[-104.07123687528345,21.41321166900519],[-104.05496722896766,21.432391842539452],[-104.01318897856001,21.42109985675877],[-104.03555751399368,21.36042332830017],[-104.05321853108481,21.35411256990068],[-104.06438347871321,21.341984725715918],[-104.07413354199674,21.33650953123996],[-104.08657579799733,21.316436819858925],[-104.09368345115318,21.297126455310636],[-104.11857779406316,21.25912601125545],[-104.11883285007927,21.2522234720817],[-104.11203630708638,21.239796134821198],[-104.11430640134078,21.198186280035646],[-104.12790428989678,21.18226139913926],[-104.14639947624529,21.189096568202014],[-104.16126627589337,21.187034600541445],[-104.16540103374606,21.189220629578433]]]}},{"type":"Feature","properties":{"clues":"ZSIMS001671"},"geometry":{"type":"Polygon","coordinates":[[[-103.30565586844973,21.801664522306904],[-103.311629061848,21.799979080385288],[-103.34677552264637,21.81380470242696],[-103.34081988093448,21.825175407113914],[-103.33725417868642,21.840637094866278],[-103.34556858376625,21.867882698407026],[-103.34388489112625,21.87746654306989],[-103.33556053744309,21.88945323342384],[-103.30470862949488,21.891651624335193],[-103.29072239304871,21.899022597994463],[-103.27502346274107,21.88191931340512],[-103.26858183221381,21.884651222356826],[-103.24987408368004,21.920927517421337],[-103.25020003618904,21.924135889465123],[-103.17277396376204,21.92808426533656],[-103.16141408032794,21.910013622448698],[-103.17333143562387,21.88685165560905],[-103.20263253812625,21.837248275548767],[-103.20297866017711,21.818248775263125],[-103.20793424821571,21.80463552465147],[-103.25039742152767,21.7980024216637],[-103.25450601648555,21.798554105527597],[-103.28752668718384,21.81586349641569],[-103.30565586844973,21.801664522306904]]]}},{"type":"Feature","properties":{"clues":"ZSIMB001810"},"geometry":{"type":"Polygon","coordinates":[[[-103.10510122769863,21.356548521526527],[-103.10974957846922,21.35508908230437],[-103.13450091260788,21.359294950585976],[-103.15635094474698,21.37102451901347],[-103.169698984817,21.37141227208306],[-103.19884968447343,21.40880587276061],[-103.19747715402568,21.41990719656993],[-103.1847347220613,21.430932320157613],[-103.16608997790823,21.451081591043472],[-103.1589966210758,21.455650386233405],[-103.11935952646004,21.421875274122513],[-103.11318443891423,21.42722166664337],[-103.10806459036844,21.419885756599932],[-103.12030460683894,21.417075364140363],[-103.12163263002154,21.415594427244322],[-103.1211645705263,21.412528563293602],[-103.1164047154171,21.409245620511683],[-103.10976669874397,21.413485291647593],[-103.10204322205796,21.414801168947275],[-103.09642797171213,21.412722996412942],[-103.09421302217629,21.41446230134335],[-103.08235388382865,21.416717945806113],[-103.05722137309452,21.428763500462725],[-103.05060451038254,21.427759869317946],[-103.03704551440693,21.419512616060622],[-103.02221426723196,21.41862216082406],[-103.01876260013238,21.417285039984],[-102.9992528105172,21.387731893773005],[-102.99930651448166,21.372495703283573],[-102.99367159738509,21.3543418111851],[-103.01122643903408,21.32435860981311],[-103.03750922262108,21.323137180203187],[-103.0663714463167,21.372413274156543],[-103.08813525140015,21.37433009133785],[-103.10271559066561,21.362684554203557],[-103.10510122769863,21.356548521526527]]]}},{"type":"Feature","properties":{"clues":"MNIMB002424"},"geometry":{"type":"Polygon","coordinates":[[[-102.89155005676848,19.130293093473906],[-102.92692326173314,19.143144473217863],[-102.94272871068205,19.131135689094666],[-102.95989173816734,19.128490360871027],[-102.96856974220657,19.14640020349092],[-102.95788532035849,19.17782643551106],[-102.9223614763305,19.17775967166528],[-102.91847237853439,19.183309392526102],[-102.91237504643443,19.199501518088315],[-102.91201670911644,19.205806073557618],[-102.89781050535184,19.21939158015272],[-102.87295386349525,19.200660023554086],[-102.86585362647976,19.198665660249304],[-102.85466096795473,19.204943233177442],[-102.8507589583107,19.203817594935703],[-102.84894804679234,19.200894877256573],[-102.84177245169279,19.19920861717266],[-102.82954132584611,19.21726778710943],[-102.8311114827222,19.233174735698306],[-102.82924432592219,19.25160124438193],[-102.78540768324088,19.21394577490998],[-102.78158458160061,19.217758852929997],[-102.77553693834538,19.237937998901437],[-102.77820901791422,19.25265997388726],[-102.7645775383596,19.243943381250247],[-102.73496879112595,19.25152049714436],[-102.73564842161912,19.238586821859045],[-102.7326710975053,19.22936759396726],[-102.76667151369267,19.179015991086423],[-102.77815897179755,19.178741460868423],[-102.79103735434934,19.16556208983116],[-102.79882164850851,19.164686948287326],[-102.8255899315449,19.13928139855364],[-102.82994061635848,19.103416780662158],[-102.83248072475675,19.10154400884106],[-102.84910522428325,19.101619652555488],[-102.86020123797746,19.116339118297994],[-102.89155005676848,19.130293093473906]]]}},{"type":"Feature","properties":{"clues":"MNIMS003236"},"geometry":{"type":"Polygon","coordinates":[[[-102.60786896184837,19.828669345132077],[-102.61303756540397,19.835621900794226],[-102.61529417658619,19.843771655353272],[-102.62934252566653,19.840059803463724],[-102.64234944950266,19.845091133067054],[-102.64959754053653,19.86889259796419],[-102.66211316218798,19.874351380939775],[-102.6592391336965,19.89457535199421],[-102.64427869423987,19.900256351905924],[-102.63382733194969,19.901569531992184],[-102.62773173058157,19.900775659844328],[-102.61102293114604,19.916172476795918],[-102.60528228100196,19.91606779579873],[-102.59440566375056,19.90528004165014],[-102.55986972904887,19.90538599167193],[-102.55082484420618,19.893966543075457],[-102.52130773585046,19.88610764313912],[-102.51083901590334,19.86706955486612],[-102.51592957917156,19.863819860877122],[-102.55731920316191,19.825450842631184],[-102.56829405672129,19.829571635459068],[-102.59381815147357,19.819416084767305],[-102.60786896184837,19.828669345132077]]]}},{"type":"Feature","properties":{"clues":"MNIMB003474"},"geometry":{"type":"Polygon","coordinates":[[[-102.47041136495668,19.879240532570574],[-102.44475751043757,19.87048847102026],[-102.44127866633112,19.85968848577289],[-102.46088239256524,19.845165892330073],[-102.46657758153515,19.849544998399253],[-102.47208982270033,19.878140731248894],[-102.47041136495668,19.879240532570574]]]}},{"type":"Feature","properties":{"clues":"ZSIMS000843"},"geometry":{"type":"Polygon","coordinates":[[[-102.38995462845577,22.688631096394424],[-102.41531421186234,22.69286330818922],[-102.40667269129831,22.72893929853934],[-102.40387548757647,22.762682033144568],[-102.40067237208912,22.76747310363053],[-102.39432655230037,22.771313686471327],[-102.38142614516197,22.766939117877516],[-102.34921125596975,22.776047631271858],[-102.32991811554814,22.78374154280622],[-102.31532815037153,22.769316586547298],[-102.26680928861961,22.787399241213937],[-102.25185426636529,22.782748780407456],[-102.23941691038148,22.771657673138144],[-102.24294078622245,22.756292249054088],[-102.2677680430278,22.734344638787363],[-102.26767806240582,22.732855648986607],[-102.30364412016607,22.707415652246446],[-102.28985275530502,22.68342461063408],[-102.30994897745911,22.65755702245128],[-102.31646308832146,22.657893062072862],[-102.3380378256629,22.678181421641327],[-102.35482390832267,22.689376274433208],[-102.36980796594486,22.690932428909786],[-102.38995462845577,22.688631096394424]]]}},{"type":"Feature","properties":{"clues":"MNIMB001065"},"geometry":{"type":"Polygon","coordinates":[[[-102.40461518980445,20.164348531578153],[-102.39551566806121,20.1695797297263],[-102.39492739363446,20.171453588588708],[-102.38943481916162,20.169529180212237],[-102.3892937184634,20.159875885801906],[-102.38636823897012,20.148530916364592],[-102.39151959688192,20.1444968476609],[-102.40830110661595,20.159623195635373],[-102.40461518980445,20.164348531578153]]]}},{"type":"Feature","properties":{"clues":"MNIMB001613"},"geometry":{"type":"Polygon","coordinates":[[[-102.19802026563272,18.918752771811395],[-102.21881900681198,18.9109224568821],[-102.22026832243125,18.91234495472233],[-102.21819540345278,18.9308144188281],[-102.22735828605751,18.944321755090844],[-102.22941427074329,18.949816878616076],[-102.20790695079744,18.965621416183875],[-102.20921721837702,18.972587905865474],[-102.2121458391931,18.976352549678527],[-102.20331083726605,18.99810024672976],[-102.19518844139337,18.999578047661867],[-102.19547446236054,19.003486130743248],[-102.19942147746075,19.0065882481592],[-102.19558485676907,19.01366921621097],[-102.17716958118964,19.017978429594674],[-102.16742832130058,19.022289952095914],[-102.15963076336507,19.02956645594954],[-102.14026772759017,19.020878157122254],[-102.12236391343289,19.015850819875208],[-102.1146129182032,19.008272283955446],[-102.11284266265609,19.002802902345127],[-102.12516111015917,18.99082774333208],[-102.13430919519833,19.000237470925335],[-102.14000025183154,18.983427490370705],[-102.13188169060676,18.977589203328577],[-102.13396438705982,18.951437598228665],[-102.14143154285223,18.947327995092287],[-102.14803371204559,18.947622520508162],[-102.16557851029344,18.96627330594948],[-102.19604359171676,18.956765639837382],[-102.19558893564658,18.953895665151943],[-102.17791034013811,18.92923976746901],[-102.18177000999549,18.915237867153085],[-102.19802026563272,18.918752771811395]]]}},{"type":"Feature","properties":{"clues":"MNIMB000674"},"geometry":{"type":"Polygon","coordinates":[[[-102.1936042043772,19.749761586067056],[-102.16387648341579,19.79838529307211],[-102.15013452272306,19.79979634956387],[-102.10759330550032,19.788889498768217],[-102.11918914174974,19.719541973117416],[-102.14758676933562,19.70693502341033],[-102.1936042043772,19.749761586067056]]]}},{"type":"Feature","properties":{"clues":"MNIMB003235"},"geometry":{"type":"Polygon","coordinates":[[[-101.91977955743215,19.252835197784126],[-101.93886064710438,19.249758857290733],[-101.93824605850054,19.315579446690037],[-101.93899500868555,19.31927343775986],[-101.95133331324345,19.334061764933743],[-101.94999244479449,19.346386431624985],[-101.95684647220142,19.364587172595932],[-101.93501205461847,19.366835738378644],[-101.90819398181053,19.371921947268767],[-101.89410049819345,19.37017220065068],[-101.89444390357231,19.35914010667265],[-101.88894680208222,19.33595011292812],[-101.8860909566744,19.330738657230548],[-101.91392160990046,19.30822724683157],[-101.9030050084134,19.276973601592104],[-101.90749358645398,19.2582262787355],[-101.91977955743215,19.252835197784126]]]}},{"type":"Feature","properties":{"clues":"SCCSA001519"},"geometry":{"type":"MultiPolygon","coordinates":[[[[-101.82303086579881,19.387963528941313],[-101.80439214377539,19.3600387436088],[-101.8025314722619,19.348331112872852],[-101.80846549556853,19.3464105225039],[-101.8368812011678,19.342813530022813],[-101.84014043636161,19.349799203144585],[-101.83754869255287,19.371413287781657],[-101.82303086579881,19.387963528941313]]],[[[-101.79690574105328,19.406537707966972],[-101.81004024325898,19.395223489411332],[-101.82112272746836,19.393384789437228],[-101.84131067180873,19.414260639893357],[-101.85041431230682,19.421569803983008],[-101.84558438468427,19.44801889424443],[-101.80397301912691,19.48005713374628],[-101.77697924424879,19.469739875042247],[-101.77505464771724,19.43014561705627],[-101.79312318484199,19.423912682888382],[-101.79863697004826,19.412771887396442],[-101.79690574105328,19.406537707966972]]]]}},{"type":"Feature","properties":{"clues":"SCCSA003522"},"geometry":{"type":"Polygon","coordinates":[[[-101.72027887422063,22.045389758435984],[-101.76110233142114,22.079435134468007],[-101.77037175480113,22.080494251700205],[-101.777749351973,22.092034656852015],[-101.76829532392793,22.11336686508898],[-101.76463067584575,22.127614400551664],[-101.74634417736343,22.152444655637296],[-101.72799529781855,22.14403473208185],[-101.69731380635744,22.137082179556725],[-101.69441865599158,22.11972692096881],[-101.68264970472227,22.09891101899155],[-101.65066699344055,22.089392857661732],[-101.63873498491712,22.058004294402444],[-101.64313855130428,22.045624869587343],[-101.68110761189934,22.047676298048973],[-101.70704678526296,22.059854915424353],[-101.71440492041204,22.048313265655572],[-101.72027887422063,22.045389758435984]]]}},{"type":"Feature","properties":{"clues":"SCCSA001483"},"geometry":{"type":"Polygon","coordinates":[[[-101.7045379361584,19.215446345201634],[-101.70072959559846,19.213942103858702],[-101.69332121064525,19.219307036881737],[-101.69896379620037,19.22630863115754],[-101.69520409682802,19.234579932553803],[-101.69838487747798,19.25123884654601],[-101.69481410594375,19.256349170648754],[-101.67793970280854,19.254073641617023],[-101.6692203629532,19.242114893200487],[-101.65833502262387,19.23797872742591],[-101.66976876503429,19.225187347170753],[-101.66270701853075,19.198940963014557],[-101.65923218006364,19.192342679986236],[-101.66398357495412,19.187908519250694],[-101.69349554204715,19.172756590534643],[-101.69980563941704,19.18132357547544],[-101.71850290692704,19.186028376604778],[-101.70798587134409,19.204415362359352],[-101.70609253069868,19.20432634448955],[-101.7045379361584,19.215446345201634]]]}},{"type":"Feature","properties":{"clues":"MNIMB002156"},"geometry":{"type":"Polygon","coordinates":[[[-101.66219146273208,19.38894280290494],[-101.68072691223358,19.3722621380251],[-101.68529310873222,19.37594110481363],[-101.70431340301838,19.37421908058443],[-101.70919149368453,19.38276048335015],[-101.69384555707758,19.399641202166016],[-101.69811374195984,19.403985275089155],[-101.69430836667195,19.4342774034822],[-101.68854587374804,19.440990678046678],[-101.65663940535038,19.459969984275137],[-101.65217872175366,19.45388764742632],[-101.6320596524888,19.439988730404448],[-101.62965047966095,19.436245334144914],[-101.63078755535513,19.427353064515877],[-101.63646367479397,19.41071636139171],[-101.63650194011556,19.39580290982598],[-101.6201171528519,19.38047755402335],[-101.63269068512878,19.364680582923185],[-101.65535623460956,19.370993761642552],[-101.65452618076327,19.38527858132722],[-101.66219146273208,19.38894280290494]]]}},{"type":"Feature","properties":{"clues":"MNIMS002536"},"geometry":{"type":"Polygon","coordinates":[[[-101.57702601110032,19.52931236535213],[-101.58521177298046,19.53807361495387],[-101.59359655166361,19.535541688578697],[-101.59552202055421,19.537734550520586],[-101.60220713562107,19.539105957464592],[-101.60857270181255,19.54533634915174],[-101.61111013265449,19.55511427405631],[-101.60900574332524,19.556678095164354],[-101.59673901859229,19.558296971873226],[-101.59400739949203,19.560213469487024],[-101.58026466846495,19.558737916977844],[-101.57935404486079,19.583487988414667],[-101.56493780581327,19.586180405166754],[-101.5544005421333,19.572145090775084],[-101.57247983005543,19.553581879517594],[-101.57184094708262,19.550489283551293],[-101.55576848394291,19.54862544105957],[-101.54764703819734,19.541289450077986],[-101.54804718115317,19.53868556108669],[-101.55650563198276,19.534608986814124],[-101.55873055577663,19.51627027001782],[-101.56558589149343,19.518380555939356],[-101.57371801296416,19.518686632608652],[-101.57702601110032,19.52931236535213]]]}},{"type":"Feature","properties":{"clues":"MNIMS003014"},"geometry":{"type":"Polygon","coordinates":[[[-101.5204881681996,19.22031283978727],[-101.53271486312573,19.226691594200332],[-101.53256581820376,19.236393140246246],[-101.53936990635316,19.238760349928224],[-101.55241644459973,19.265322594228774],[-101.55321242706692,19.272553816389394],[-101.53987433157042,19.276063844711178],[-101.52761622369624,19.28228975429436],[-101.50678619479618,19.27129693285492],[-101.49226242995859,19.27984072713093],[-101.48442185207969,19.259073581971915],[-101.4875086884638,19.253582611664754],[-101.5061789637929,19.25874486865685],[-101.50923192634626,19.25558236631439],[-101.50875521985292,19.241147877119676],[-101.50660560060504,19.23354995232966],[-101.51378053659998,19.222414388673453],[-101.50930421460886,19.21973318826734],[-101.49906285162008,19.21855090625129],[-101.4939401487292,19.214366345034282],[-101.49096270506334,19.2083729078116],[-101.49045238470447,19.201049051939133],[-101.48235873062141,19.187834537989637],[-101.49209011095313,19.161383656898312],[-101.50294864505976,19.155070653027845],[-101.52113026099146,19.182658581795778],[-101.52564234468869,19.186054512221244],[-101.52367418243308,19.189013243409786],[-101.51990711417812,19.210721081818523],[-101.52193064408213,19.215228425400603],[-101.5204881681996,19.22031283978727]]]}},{"type":"Feature","properties":{"clues":"MNIMB002161"},"geometry":{"type":"Polygon","coordinates":[[[-100.35999324574493,19.68641483175139],[-100.38608869542958,19.705311833265814],[-100.3894511942106,19.7165011183467],[-100.38501389480409,19.728576334666233],[-100.38705692985725,19.74368647323588],[-100.38842454145316,19.745752439689284],[-100.4045415532333,19.75180814665952],[-100.40491192827784,19.75614236182093],[-100.39833858767777,19.77107982539216],[-100.38496630849082,19.76084402821313],[-100.37785375822031,19.762464355230275],[-100.36717629926854,19.758190434496225],[-100.36658029952568,19.753988525699825],[-100.3631405245515,19.748711932410423],[-100.34093391009105,19.749054708058758],[-100.32644072307318,19.734935318058337],[-100.32541801408313,19.725794440137733],[-100.30267725242095,19.709826130749384],[-100.29163650502191,19.69351080402856],[-100.29717672797405,19.685820742764744],[-100.33352687346839,19.680257497422264],[-100.35999324574493,19.68641483175139]]]}},{"type":"Feature","properties":{"clues":"MNIMB002535"},"geometry":{"type":"Polygon","coordinates":[[[-100.16135530935057,19.747219935682637],[-100.16927683576783,19.758189224568877],[-100.1784461804641,19.761318193282914],[-100.18997300959397,19.757366602284137],[-100.19026448028133,19.759678488749564],[-100.17607136722187,19.778856508459555],[-100.17474958941071,19.77896446518134],[-100.17787411213197,19.79015256149919],[-100.1724065059179,19.794441339350506],[-100.16842758382771,19.79397871189391],[-100.15951168866229,19.79898957715674],[-100.15165585767551,19.801327307341975],[-100.14686619214234,19.791035645743683],[-100.14677521725524,19.782082426840933],[-100.15032301071263,19.7815610572408],[-100.15586806608047,19.776401281203672],[-100.15537370807832,19.769215777671857],[-100.15810412418618,19.766696909261825],[-100.15392510131892,19.747584433782613],[-100.16135530935057,19.747219935682637]]]}},{"type":"Feature","properties":{"clues":"MCIMB008182"},"geometry":{"type":"Polygon","coordinates":[[[-100.13647896339204,19.54592019610204],[-100.13562378655769,19.554826815530244],[-100.13199979340321,19.561959185211567],[-100.13570784180584,19.568867521383048],[-100.13186262059186,19.57676874040903],[-100.11972109123502,19.57750220381234],[-100.10864614949946,19.570585242520224],[-100.08280956376748,19.56514313456284],[-100.08198179414896,19.550272940397672],[-100.10442197844786,19.543994337047234],[-100.10866529817828,19.535866139326632],[-100.11934609645664,19.534910966853044],[-100.12246863249645,19.539841664346326],[-100.12429308404455,19.539774258128745],[-100.13203535914134,19.53406004485273],[-100.13892135102279,19.53601808902401],[-100.14129240356982,19.532456196120894],[-100.15700263611798,19.532834042549016],[-100.15827245039308,19.530996707144954],[-100.20998300645462,19.54328059544143],[-100.20965876248454,19.544947456059774],[-100.1805317563795,19.55068880569711],[-100.16839444994818,19.549487871038977],[-100.15701690100137,19.53900434638363],[-100.14822938079483,19.54585626259966],[-100.13978853415378,19.54193988067878],[-100.13647896339204,19.54592019610204]]]}},{"type":"Feature","properties":{"clues":"SCCSA001237"},"geometry":{"type":"Polygon","coordinates":[[[-100.11402462347071,19.294032942626725],[-100.12503296030438,19.284390347755828],[-100.14018878811109,19.278312358897274],[-100.15491596879066,19.28361774413459],[-100.1607807312064,19.313193658094395],[-100.15364302125037,19.313595386214587],[-100.13851089210584,19.321741917257686],[-100.14469200725789,19.337143710735432],[-100.12360528231143,19.345206314804063],[-100.12050653934098,19.348939999917004],[-100.10384766267534,19.33698543301581],[-100.12503019310066,19.315064461641427],[-100.11402462347071,19.294032942626725]]]}},{"type":"Feature","properties":{"clues":"MCIMB004426"},"geometry":{"type":"Polygon","coordinates":[[[-100.09779952247126,19.737320274814905],[-100.11281183107266,19.744011686570918],[-100.11541180062078,19.740548310204268],[-100.12822563964131,19.738697949572074],[-100.14152400227684,19.74708024686773],[-100.13983115274196,19.752824295825963],[-100.14250587482881,19.768527844655555],[-100.13927511932326,19.774863573626636],[-100.12756847720706,19.774727432339873],[-100.12732894042396,19.761834264625293],[-100.11890594853014,19.759518188793727],[-100.10898018312064,19.761097025594562],[-100.11053085092001,19.74899300206572],[-100.09798709554278,19.745807599426826],[-100.09779952247126,19.737320274814905]]]}},{"type":"Feature","properties":{"clues":"MCIMB007272"},"geometry":{"type":"Polygon","coordinates":[[[-100.09535029049589,19.0750795958444],[-100.11383528486914,19.098532620924026],[-100.1141790604225,19.106639122748636],[-100.08176995886062,19.11319648573545],[-100.0821164080198,19.121580732706292],[-100.08752267679311,19.132393270252937],[-100.09194845579849,19.15228883931353],[-100.09263975265696,19.165041247642698],[-100.08411563600997,19.173884496424854],[-100.07494113033277,19.17825787308277],[-100.07498383385547,19.182775878292496],[-100.06158535777793,19.198399163969057],[-100.06724337033398,19.217023827814874],[-100.05939051711597,19.224952750093344],[-100.04136639083222,19.2274101837494],[-100.0251493936283,19.219542506804434],[-100.01672902017617,19.21948875447115],[-99.99219129082272,19.193568743397233],[-100.00271357115274,19.18432830302866],[-100.00878175123923,19.174793954059062],[-100.02977784182055,19.17298903873512],[-100.03345165866877,19.16580850980057],[-100.0392919683684,19.16252315676033],[-100.04019977036903,19.15020424828875],[-100.02594129577412,19.13858259736554],[-100.03034853689226,19.12708634225215],[-100.02982078476826,19.119637798577045],[-100.04973755704566,19.1045995036307],[-100.0380435412685,19.082965554532827],[-100.06054511497483,19.071251329554023],[-100.06776883627296,19.077490875206408],[-100.08518978020466,19.083705123775218],[-100.09535029049589,19.0750795958444]]]}},{"type":"Feature","properties":{"clues":"MCIMB005015"},"geometry":{"type":"Polygon","coordinates":[[[-100.06370532179538,19.022322460984668],[-100.04423332133288,19.02653868004823],[-100.03098092840337,19.032003394981185],[-100.02808317953361,19.03195994163687],[-100.02181904076363,19.02896045796096],[-100.02039950335262,19.017243036401958],[-100.02751367870945,19.012473265195354],[-100.03125541960657,19.00062278264361],[-100.04210644160243,18.993013706752457],[-100.04378519629745,18.98668023762441],[-100.05893412243535,18.98431200863425],[-100.07787078667883,18.98808345640658],[-100.0877503940562,18.999709341453755],[-100.06370532179538,19.022322460984668]]]}},{"type":"Feature","properties":{"clues":"MCIMB000622"},"geometry":{"type":"Polygon","coordinates":[[[-99.97748962571238,19.28872677017443],[-99.99822031893369,19.290051191941668],[-100.00510361605077,19.304869362963483],[-100.02286102335422,19.297340524809574],[-100.0317338053041,19.30575825014348],[-100.02715519743555,19.315587039806218],[-100.02095500519988,19.319863587070763],[-100.00797808172173,19.31763802369842],[-99.99868314689702,19.33308164281905],[-99.9835644064198,19.334844905930918],[-99.97318927425788,19.316753545680776],[-99.97539373383091,19.312685959884693],[-99.97748962571238,19.28872677017443]]]}},{"type":"Feature","properties":{"clues":"MCIMB007354"},"geometry":{"type":"Polygon","coordinates":[[[-100.02095500519988,19.319863587070763],[-100.02465716712456,19.344625553804814],[-100.009732507268,19.348029292877357],[-99.99868314689702,19.33308164281905],[-100.00797808172173,19.31763802369842],[-100.02095500519988,19.319863587070763]]]}},{"type":"Feature","properties":{"clues":"MCIMB004851"},"geometry":{"type":"Polygon","coordinates":[[[-100.00370986920753,19.617299786967774],[-99.99953851199388,19.63275404112745],[-99.99471906052858,19.638897902746034],[-99.97947679412884,19.630650480184723],[-99.98085911439698,19.6211492128259],[-99.97920871185781,19.61591197902599],[-99.97862037072703,19.601092836211397],[-99.98105432855576,19.598470521296907],[-99.99452477653017,19.610224553054977],[-99.99817543032194,19.599855220398293],[-100.0036229582135,19.598936540526196],[-100.01429399186361,19.60605796935999],[-100.0182897174741,19.61296888046138],[-100.00370986920753,19.617299786967774]]]}},{"type":"Feature","properties":{"clues":"MCIMB006304"},"geometry":{"type":"Polygon","coordinates":[[[-99.93954888034256,18.902795144742097],[-99.94712338205979,18.902699742961016],[-99.95535955340036,18.906916744244565],[-99.95444901391001,18.91510997345234],[-99.9590533508054,18.924696996751774],[-99.96401576139658,18.928794055923664],[-99.97273231533445,18.916642629388022],[-99.9970292443636,18.92709057251726],[-99.9829666681995,18.949389222135263],[-99.98663860826643,18.958488622780795],[-99.98555883005649,18.968776159390252],[-99.9798964997318,18.975916605640514],[-99.95367337926885,18.97078714820331],[-99.9493519355914,18.96251696925547],[-99.95239758820999,18.956167314512186],[-99.94676183881195,18.94661029122497],[-99.92729365251094,18.946924055089617],[-99.91869849035447,18.92784884844266],[-99.92048218329137,18.925136318382066],[-99.93824986794914,18.916636084844978],[-99.93954888034256,18.902795144742097]]]}},{"type":"Feature","properties":{"clues":"MCIMB005592"},"geometry":{"type":"Polygon","coordinates":[[[-99.96407168250069,19.12289277676883],[-99.94469167650004,19.133989208637576],[-99.94157877859226,19.142349656772986],[-99.90608734529845,19.129173649233604],[-99.90713602305534,19.124896101475656],[-99.91840313833245,19.117732321528706],[-99.92838610863656,19.105873192476583],[-99.9412807988804,19.104058931733608],[-99.9432738974859,19.10159637966786],[-99.97261564100931,19.108020493608183],[-99.96887326430797,19.12250145896074],[-99.96407168250069,19.12289277676883]]]}},{"type":"Feature","properties":{"clues":"MCIMB011846"},"geometry":{"type":"Polygon","coordinates":[[[-99.91500246635285,19.886435492141903],[-99.90327176935867,19.88598958444185],[-99.90105247180033,19.874863361111903],[-99.9021666865405,19.872586942358105],[-99.90852953572873,19.868230534999316],[-99.91923927099032,19.870376763919865],[-99.91500246635285,19.886435492141903]]]}},{"type":"Feature","properties":{"clues":"MCIMB000511"},"geometry":{"type":"Polygon","coordinates":[[[-99.77119083487926,19.326186391128946],[-99.77230821614779,19.32295686915093],[-99.77870276014701,19.321251962003352],[-99.79069463208707,19.32405346288897],[-99.8055774011543,19.321582927969043],[-99.81503720657832,19.33546068252158],[-99.80505232748264,19.346800469196683],[-99.81999579686337,19.358065908807518],[-99.8281285843191,19.34364938074959],[-99.8438089069186,19.339731021698576],[-99.84509441416272,19.34042579555371],[-99.84696578151501,19.367184229860847],[-99.82118844735595,19.36727946242535],[-99.81812591821483,19.36875476941882],[-99.8099005779984,19.37942643004937],[-99.79156479095587,19.390678205341473],[-99.78794654172889,19.385722716411728],[-99.79485283784798,19.36536951363365],[-99.78878389267236,19.35588173368135],[-99.7855491877053,19.355094281418506],[-99.7818810915086,19.350766421244558],[-99.78176775593069,19.34429206900047],[-99.77119083487926,19.326186391128946]]]}},{"type":"Feature","properties":{"clues":"MCIMB000400"},"geometry":{"type":"Polygon","coordinates":[[[-99.78167804474107,19.468762595247714],[-99.78766629185687,19.459243233136363],[-99.79841130616884,19.463600820307807],[-99.80294018971124,19.469966710992736],[-99.82036245443739,19.47803098252339],[-99.82075548334215,19.483188904352886],[-99.83397886046382,19.512825801232953],[-99.82718875130988,19.52950851512834],[-99.80643362410312,19.531304988327832],[-99.80124921889285,19.49939341802544],[-99.78778152770415,19.496133415165907],[-99.78182048680199,19.486441299488188],[-99.78386176069013,19.48235780160635],[-99.78167804474107,19.468762595247714]]]}},{"type":"Feature","properties":{"clues":"MCIMB007844"},"geometry":{"type":"Polygon","coordinates":[[[-99.80658456212433,19.29343575420167],[-99.79706960791243,19.283596985519722],[-99.80697651881182,19.26881549092466],[-99.81428705224245,19.277511806779458],[-99.8154419326403,19.282624398294132],[-99.82422750731212,19.285919916118566],[-99.82199970818202,19.295460366096894],[-99.81426846675788,19.300242863710967],[-99.80730339948337,19.295969679361644],[-99.80658456212433,19.29343575420167]]]}},{"type":"Feature","properties":{"clues":"MCIMB007873"},"geometry":{"type":"Polygon","coordinates":[[[-99.69315086241978,19.29183838502103],[-99.69438357314984,19.288611008369354],[-99.70074336417383,19.28585571967495],[-99.71277345379508,19.29661752204637],[-99.7088515817643,19.30312000168],[-99.7050745865622,19.314717232143646],[-99.69716841877747,19.31376172382675],[-99.69178526730299,19.316278260642484],[-99.6813453378509,19.308312538742328],[-99.68027622218582,19.305030997138818],[-99.68155138728322,19.302113989325935],[-99.69133904200052,19.297050159461786],[-99.6957583142415,19.296903512226645],[-99.69315086241978,19.29183838502103]]]}},{"type":"Feature","properties":{"clues":"MCIMB007050"},"geometry":{"type":"Polygon","coordinates":[[[-99.67748365034508,19.18973181159169],[-99.67161417085367,19.20566343435718],[-99.67237094674763,19.215809475264624],[-99.66635817168981,19.22186933057094],[-99.66711921446091,19.22331161557522],[-99.66272029141273,19.229797476772067],[-99.66627269385349,19.235430735461872],[-99.66243476161681,19.236566503000763],[-99.65364786156756,19.234028148406253],[-99.6552379333756,19.22983798814328],[-99.65374967024972,19.225625566233948],[-99.64714166189981,19.222630877909538],[-99.64664116342414,19.216817589289544],[-99.65030220719956,19.209808195082136],[-99.65009470088434,19.2007088922222],[-99.67748365034508,19.18973181159169]]]}},{"type":"Feature","properties":{"clues":"MCIMB006000"},"geometry":{"type":"Polygon","coordinates":[[[-99.56477700999548,19.025407567157163],[-99.56564378177595,19.023292313757917],[-99.59590763946939,19.01787737769028],[-99.61196426158288,19.027177647539116],[-99.6115481790854,19.038396918199247],[-99.58626583313011,19.058841918682106],[-99.58451122107789,19.06232767341311],[-99.57482675793175,19.068492100921834],[-99.56466896703253,19.0575933457915],[-99.56086639337472,19.04625551741298],[-99.56661053526727,19.040718564551604],[-99.56477700999548,19.025407567157163]]]}},{"type":"Feature","properties":{"clues":"MCIMB003422"},"geometry":{"type":"Polygon","coordinates":[[[-99.50171809136356,19.38314584020337],[-99.49682133300041,19.386971889173928],[-99.48811833153663,19.382429246904127],[-99.48336551624827,19.382686224247834],[-99.47876845991397,19.375061770089157],[-99.4895328915395,19.370240722736977],[-99.49317217927342,19.37650286877672],[-99.49883026046444,19.37885262873503],[-99.50075187503921,19.362600985012147],[-99.51555395081353,19.375501705659048],[-99.51193022669973,19.38368185441977],[-99.50171809136356,19.38314584020337]]]}},{"type":"Feature","properties":{"clues":"MCIMB003504"},"geometry":{"type":"Polygon","coordinates":[[[-99.44726048655764,19.32690650366595],[-99.45688456501767,19.327831344514927],[-99.46252554081924,19.33475712962244],[-99.4618131918578,19.337638280648978],[-99.47613561160577,19.341875029346177],[-99.46366832768886,19.354594277289266],[-99.45574946754444,19.34556925527408],[-99.44947156680135,19.344755387313622],[-99.42870750323019,19.35399589414427],[-99.42247143883088,19.353605264976867],[-99.41825424010409,19.349929029844276],[-99.4326398975044,19.314189849775712],[-99.43442790570832,19.31328705991477],[-99.43702800287821,19.315045181278503],[-99.44726048655764,19.32690650366595]]]}},{"type":"Feature","properties":{"clues":"SCCSA001249"},"geometry":{"type":"Polygon","coordinates":[[[-99.40300725066722,19.52751462034244],[-99.392663606683,19.52166221675054],[-99.36903200251899,19.53341256783244],[-99.36717790129691,19.524551405940464],[-99.41941101622444,19.482511585384554],[-99.43415950703628,19.49204620017723],[-99.4369823025923,19.503459674606958],[-99.43505323809457,19.51538747195063],[-99.40300725066722,19.52751462034244]]]}},{"type":"Feature","properties":{"clues":"SCCSA001654"},"geometry":{"type":"Polygon","coordinates":[[[-99.06878540667158,18.8979753003014],[-99.07430823156757,18.899595118289977],[-99.08377788724161,18.910895551193892],[-99.09634958620283,18.916063652053342],[-99.10578102119315,18.923462903727096],[-99.11195877383123,18.92592550289352],[-99.10299993610856,18.96468609640712],[-99.08749156281343,18.96312200817171],[-99.08005166976501,18.96016228165777],[-99.07453379960356,18.96031168785346],[-99.07092571368119,18.951616019078877],[-99.06379056019568,18.94490080630317],[-99.05396799740876,18.943126189758825],[-99.05427625406352,18.92905142339043],[-99.06032868208126,18.910340306925928],[-99.06067036726216,18.89733995526487],[-99.06729808270161,18.899368745452758],[-99.06878540667158,18.8979753003014]]]}},{"type":"Feature","properties":{"clues":"SCCSA001550"},"geometry":{"type":"Polygon","coordinates":[[[-98.93608997123856,18.928307094617857],[-98.93521234306617,18.93300090432912],[-98.93839045146615,18.940322079304686],[-98.93658410254065,18.94582354300303],[-98.92727825227445,18.946977975259976],[-98.92260600384205,18.958043646355986],[-98.91213385097453,18.95694257327066],[-98.90869567634216,18.95964469964122],[-98.89935943782683,18.963046595264025],[-98.8900245831025,18.960599881584262],[-98.88560869295345,18.961843775271202],[-98.8807523476945,18.95929096522506],[-98.87967417989077,18.95737405073637],[-98.88429604964952,18.947295589943216],[-98.88922452601739,18.945940160188197],[-98.8903805740162,18.939991642020793],[-98.88897625837605,18.938095339518856],[-98.89339485233008,18.931760921315327],[-98.8919381487375,18.929771526321222],[-98.89301417407682,18.92587369321671],[-98.8974352735881,18.927367950748206],[-98.90326622377644,18.92401448490102],[-98.9038579179843,18.931089903676344],[-98.90924090048362,18.932514185244518],[-98.91477459365491,18.92896342035012],[-98.92033413524864,18.933583479796496],[-98.92889648595056,18.923142589229343],[-98.93608997123856,18.928307094617857]]]}},{"type":"Feature","properties":{"clues":"MCIMB001450"},"geometry":{"type":"Polygon","coordinates":[[[-98.87931414304141,19.2203345011677],[-98.88413547467226,19.22628200839088],[-98.88192119679523,19.23517801277603],[-98.88466915692288,19.239311930507483],[-98.88440102882264,19.24578740367843],[-98.88056433319497,19.248872783995374],[-98.87903650648803,19.24884554488498],[-98.8730909523097,19.24227682973576],[-98.86525973923251,19.243603281698313],[-98.8535403041477,19.23963969073028],[-98.85214831823262,19.236327278187446],[-98.85516346837376,19.231085272964684],[-98.84941549716565,19.22209905724024],[-98.8566567262152,19.216963082879694],[-98.85750093467547,19.21448735444654],[-98.87628580985694,19.221526046666554],[-98.87931414304141,19.2203345011677]]]}},{"type":"Feature","properties":{"clues":"MCIMB001754"},"geometry":{"type":"Polygon","coordinates":[[[-98.87171897922767,19.562643199370612],[-98.87606987530252,19.560287424760443],[-98.88010338880412,19.562006037316518],[-98.88078275317972,19.56680761248707],[-98.87573154954958,19.571407575707745],[-98.87693098315674,19.573885410002607],[-98.89109413539997,19.57793412698289],[-98.89207918384079,19.58063557822131],[-98.87577494918311,19.584455528388393],[-98.86913947235422,19.593803695099613],[-98.85812632605803,19.583311994023372],[-98.86297433983943,19.571737948779347],[-98.866149453901,19.572385216255945],[-98.87325070731248,19.570625140550472],[-98.87171897922767,19.562643199370612]]]}},{"type":"Feature","properties":{"clues":"MCIMB006333"},"geometry":{"type":"Polygon","coordinates":[[[-98.82729923617615,19.513977327867853],[-98.83502619826524,19.521589738288235],[-98.84087730866973,19.52090683097832],[-98.84605333167549,19.527047738096865],[-98.84017412676015,19.53541271267408],[-98.844118628261,19.544066096193326],[-98.83632873687168,19.553298691501876],[-98.83128450097273,19.549800648587723],[-98.82481211376351,19.549931639766196],[-98.82056065923487,19.546738943509364],[-98.82084229000347,19.543602302885347],[-98.83145538963214,19.542809231040398],[-98.83287185146612,19.540593140575808],[-98.83239127274258,19.536327751383418],[-98.81937854186198,19.538130594588484],[-98.81798167971188,19.53651259030294],[-98.80442626958498,19.534157018163636],[-98.80327130274384,19.529679319390073],[-98.7959237034824,19.51997398545709],[-98.80133457707454,19.516931867877833],[-98.81439374786237,19.516104619487024],[-98.81599133555713,19.51378179795003],[-98.82251791801852,19.51642796718719],[-98.82729923617615,19.513977327867853]]]}},{"type":"Feature","properties":{"clues":"MNIMS000815"},"geometry":{"type":"Polygon","coordinates":[[[-103.35467663553209,18.35355148146971],[-103.39265706341946,18.365590858315876],[-103.38560241443791,18.379501270798425],[-103.3857694988924,18.391787225176618],[-103.39276257652271,18.39605315597571],[-103.42456785486709,18.406365276611],[-103.43012797377203,18.399658852163252],[-103.43679200922195,18.397030534531165],[-103.44576233202584,18.387815269501747],[-103.47529820210733,18.410891153775175],[-103.46166653168635,18.430498861193943],[-103.45185066655752,18.43041220787204],[-103.42919889595623,18.440828465154844],[-103.42656672785239,18.45130178346693],[-103.40013270238795,18.4752248922477],[-103.37766665574254,18.481101582152128],[-103.36710727612243,18.477380716943657],[-103.356120615979,18.46766648511989],[-103.35868917195762,18.439990717299015],[-103.35661800707507,18.433455466404602],[-103.32519385936895,18.43486109005853],[-103.32318830709426,18.43341471510624],[-103.31597391945515,18.436842297968376],[-103.30540450252452,18.430860697595588],[-103.29276171096038,18.43710212794458],[-103.2935612107914,18.44775239643229],[-103.27360835978531,18.447200281051146],[-103.265451622237,18.450469678611242],[-103.26469045246797,18.452663343768656],[-103.24702809817435,18.464305222400725],[-103.20928141344196,18.43854551385583],[-103.23142792168208,18.418963085792505],[-103.23338055231928,18.40199317903034],[-103.2465588789398,18.385939450788158],[-103.27005463702446,18.409222366168102],[-103.27363879216524,18.404822696422734],[-103.27399045197373,18.389513564137268],[-103.28753869851607,18.38237987704777],[-103.28877349444177,18.376885137546193],[-103.31012965349069,18.377320045378774],[-103.3118553355315,18.364648731151036],[-103.31604403050525,18.36047657313444],[-103.32127898193863,18.358242829340906],[-103.32674871430882,18.3470504449483],[-103.34390081526895,18.348718303124468],[-103.35393734226184,18.35137903690024],[-103.35467663553209,18.35355148146971]]]}},{"type":"Feature","properties":{"clues":"SCCSA001476"},"geometry":{"type":"Polygon","coordinates":[[[-102.90650011882636,18.187757379546436],[-102.93819055076071,18.19196776040107],[-102.94312724264496,18.19524896624641],[-102.94737931086736,18.20553342409532],[-102.96653623960978,18.23065425126187],[-102.96614307374608,18.23215529826446],[-102.94058254878668,18.24708607706457],[-102.93955304595627,18.255973848315477],[-102.93036641147567,18.269615847648012],[-102.92430176206881,18.268445051707847],[-102.92208341491958,18.27062533566082],[-102.91871567691058,18.280513881926733],[-102.89641059448228,18.279694871434288],[-102.88136504222409,18.275757235049653],[-102.8787685540124,18.271276233533445],[-102.88588403506441,18.254246707183434],[-102.89508509029831,18.25302180079324],[-102.90052585655664,18.24576371237597],[-102.89732133769269,18.217666108527617],[-102.89225890891578,18.211717559262134],[-102.90650011882636,18.187757379546436]]]}},{"type":"Feature","properties":{"clues":"MNIMS002162"},"geometry":{"type":"Polygon","coordinates":[[[-101.33699718108235,19.684322796722487],[-101.34688874192938,19.69625714256268],[-101.34674400102483,19.69843791422558],[-101.36333236644488,19.713517954161667],[-101.37906738958733,19.701666347858854],[-101.38850048516393,19.703085761547218],[-101.38927799829088,19.72337778795114],[-101.39385651034571,19.735589358879643],[-101.40721664211837,19.739748588019232],[-101.4069339994976,19.7453400729652],[-101.38712088759331,19.75889986329628],[-101.37002797666214,19.742733240050917],[-101.36752987964864,19.74183511814431],[-101.36283252661444,19.740691026978773],[-101.35535486610237,19.748578607117445],[-101.3451403193634,19.75371648634912],[-101.31363792165254,19.730684013104447],[-101.30143220330298,19.73344453939932],[-101.29791570309544,19.72195875200032],[-101.30128481709271,19.701322960244656],[-101.3081077829598,19.696346890561852],[-101.32213240726193,19.70032870710955],[-101.3257902751418,19.705654808050216],[-101.33585172960399,19.70016941012556],[-101.33438584498536,19.688935518736255],[-101.33699718108235,19.684322796722487]]]}},{"type":"Feature","properties":{"clues":"TSIMB002071"},"geometry":{"type":"Polygon","coordinates":[[[-99.36877060598553,24.458061344485728],[-99.41792329949935,24.47931864251753],[-99.42616127362012,24.486546385468262],[-99.42559173062375,24.517944662744537],[-99.38858413202573,24.586190546936567],[-99.32584084265626,24.578275249203458],[-99.32193027278184,24.55690456107103],[-99.31327357052008,24.544944298929625],[-99.30159109987451,24.532442683627412],[-99.31033073906745,24.514316694587226],[-99.35294118224134,24.46110311805912],[-99.3592742939942,24.461212349653994],[-99.36877060598553,24.458061344485728]]]}},{"type":"Feature","properties":{"clues":"TSIMS001611"},"geometry":{"type":"Polygon","coordinates":[[[-99.31245350278652,24.391552485101034],[-99.31492881228175,24.38684607540912],[-99.33582507029654,24.394880677175717],[-99.35680670481769,24.46078371029758],[-99.35294118224134,24.46110311805912],[-99.31033073906745,24.514316694587226],[-99.30159109987451,24.532442683627412],[-99.28782258730261,24.529031620485476],[-99.26378849154423,24.50866420050023],[-99.25283180976598,24.506363121711345],[-99.24676304116396,24.49414495788292],[-99.21634338756132,24.482449148922335],[-99.20779543147306,24.495716205006104],[-99.1900981344909,24.498511801862833],[-99.17464470210217,24.488882122992454],[-99.17201551212727,24.481680617997217],[-99.17402519273169,24.47114055180616],[-99.19170962842854,24.45520685209205],[-99.19688842883345,24.455689569920768],[-99.20339783436548,24.454147009625125],[-99.24732654167791,24.43079330627111],[-99.25511986307083,24.43649993368346],[-99.28378802364853,24.416834487414235],[-99.29077399598218,24.41492366190006],[-99.29283682258077,24.410846392389903],[-99.31245350278652,24.391552485101034]]]}},{"type":"Feature","properties":{"clues":"TSIMS001092"},"geometry":{"type":"Polygon","coordinates":[[[-99.16565772557625,26.088176764959123],[-99.19801210345044,26.11054934929987],[-99.1960312673927,26.131789549132442],[-99.20883266081213,26.14979434297204],[-99.214057095862,26.154700843153503],[-99.19953209389304,26.17477215858999],[-99.19299807650728,26.198819967835117],[-99.20642016654266,26.219381512996616],[-99.188422497079,26.226430663713533],[-99.19232292831602,26.24362372630275],[-99.19619028276192,26.245857095588224],[-99.1946818222417,26.266240635469682],[-99.18362583408243,26.26803512813313],[-99.16835306584422,26.282726093511865],[-99.14816036716329,26.27540946956498],[-99.13418518267702,26.27938024753992],[-99.12871923195064,26.259892095565192],[-99.13360760515505,26.2408049809233],[-99.11086864861062,26.243405276937825],[-99.10288391818324,26.214416184252745],[-99.08247164226266,26.2184354415293],[-99.06776389918697,26.214155368818307],[-99.04956212625096,26.200740040559104],[-99.02188751986577,26.208801968896715],[-99.0155060538703,26.204297179758097],[-99.01390241963138,26.18202190199084],[-98.99410266599605,26.162961290076954],[-98.99623150170454,26.136165284286466],[-99.00448966212367,26.13283087349418],[-99.01916536402919,26.12096196802802],[-99.02866983549741,26.108462118409435],[-99.03284359789814,26.07793430121716],[-99.05889339326218,26.09518781544993],[-99.06132363421541,26.093830667088792],[-99.06354951706166,26.07542445524986],[-99.07846691751857,26.065259976932317],[-99.08009510493079,26.058373481005834],[-99.10711441752522,26.08895768510507],[-99.11159915183892,26.09084276594875],[-99.11543773733062,26.088752442803404],[-99.10951272339103,26.0213473248763],[-99.14328019749698,26.061504333004702],[-99.16875497556771,26.075485398903922],[-99.16565772557625,26.088176764959123]]]}},{"type":"Feature","properties":{"clues":"SCCSA003019"},"geometry":{"type":"Polygon","coordinates":[[[-99.19489158196538,23.72014528824476],[-99.1904404711073,23.72153658596407],[-99.18839449640785,23.719727396763297],[-99.18978174156946,23.71828464619675],[-99.19489158196538,23.72014528824476]]]}},{"type":"Feature","properties":{"clues":"TSIMB003553"},"geometry":{"type":"Polygon","coordinates":[[[-99.15502620664196,23.79103914793385],[-99.16182584140796,23.792745058366748],[-99.16907797308629,23.791894675732436],[-99.1747568695106,23.788505572926034],[-99.17570792152522,23.79029051404207],[-99.17448016244872,23.798492097189524],[-99.18308931266166,23.805340794010654],[-99.19006881079694,23.821496895923353],[-99.18102947914564,23.822586978727163],[-99.1754355363497,23.820124763008444],[-99.15975508721509,23.818252753690803],[-99.14883490763701,23.81968705451118],[-99.14405629343138,23.823736466165833],[-99.14024615517829,23.834514070333967],[-99.13716113625476,23.83648615314491],[-99.12842045399594,23.831659009228403],[-99.13055171085952,23.824799868597893],[-99.12855656811205,23.81745670798888],[-99.13169078817269,23.816088122646345],[-99.13425114620404,23.80641619981687],[-99.13885985442445,23.8003901959013],[-99.14693777729673,23.797059955240876],[-99.15502620664196,23.79103914793385]]]}},{"type":"Feature","properties":{"clues":"TSIMB002981"},"geometry":{"type":"Polygon","coordinates":[[[-99.11395758996696,23.86166790022846],[-99.11182364800428,23.864821325449974],[-99.11503972245677,23.86538255519867],[-99.11864067252905,23.880899322245323],[-99.14536243590322,23.871807096827524],[-99.15604323496922,23.885060412251434],[-99.15655719638536,23.887902468584233],[-99.13579608070661,23.910065756696756],[-99.13319364392608,23.910556612332165],[-99.12820459597516,23.904020832219278],[-99.11899717748145,23.90548340365433],[-99.11543842152031,23.908222748875744],[-99.11632566415734,23.917664467068366],[-99.12501421915404,23.923668438829974],[-99.12375198680232,23.934028024450964],[-99.12675344589991,23.943618130168442],[-99.14551097197872,23.953393609835935],[-99.1509519649378,23.962219663457752],[-99.16015427990968,23.968099195007415],[-99.15803390825236,23.999014672906657],[-99.1499964571756,23.998448205249385],[-99.13471994610802,24.02090272424889],[-99.13570836118286,24.02894691736056],[-99.11989068524561,24.033803558457947],[-99.09342403848646,24.015642421221212],[-99.07538093018036,24.00681189993787],[-99.06307482800834,24.0100115407488],[-99.06100730368468,24.009048008409394],[-99.0639825041065,23.993909378098884],[-99.05943296476916,23.96283057921986],[-99.05428908024089,23.96243169232139],[-99.03618112366394,23.94883727672186],[-99.07212613267208,23.941834130496936],[-99.0765540201468,23.939294486353774],[-99.06622890325055,23.928873381227753],[-99.06593242833658,23.89855813073609],[-99.06072572696759,23.897756164511527],[-99.04985890089628,23.882202808704612],[-99.0540069590489,23.873750437824256],[-99.06505979648252,23.867089811807684],[-99.06879506445713,23.862378191733065],[-99.08172718234124,23.863017173358795],[-99.08846218607324,23.86569367192094],[-99.1030010810613,23.84882081672705],[-99.11981717959239,23.85991099607902],[-99.11395758996696,23.86166790022846]]]}},{"type":"Feature","properties":{"clues":"TSIMB000584"},"geometry":{"type":"Polygon","coordinates":[[[-98.76353073473794,23.16547815128762],[-98.77065102290494,23.163562936743027],[-98.79766268838044,23.172122460971188],[-98.81728412375729,23.170586380106013],[-98.85188492852073,23.146228008921927],[-98.87531086971823,23.19579478505317],[-98.84446425032284,23.211238369825764],[-98.82075549985082,23.211830801379627],[-98.79044878191014,23.227336833961225],[-98.76607228086053,23.233280955091615],[-98.79130112605571,23.205342004650813],[-98.79053531278723,23.187277716319823],[-98.78346363301648,23.18628584090082],[-98.70815654108745,23.22247792661393],[-98.70194227056501,23.21151264611876],[-98.76353073473794,23.16547815128762]]]}},{"type":"Feature","properties":{"clues":"TSIMB001395"},"geometry":{"type":"Polygon","coordinates":[[[-98.53077741720223,26.060130301580905],[-98.54771245701608,26.07536499265172],[-98.5657239657837,26.099787767583248],[-98.57539288437833,26.131148418679647],[-98.57309440524436,26.13415966868724],[-98.55507542135756,26.142846620254574],[-98.55142836550095,26.145961843468793],[-98.53795464997191,26.148317766248798],[-98.52853284882397,26.15629644767994],[-98.52426798199849,26.170702360167997],[-98.4892548083608,26.16697911217814],[-98.48318890146511,26.149867036578527],[-98.47631527986528,26.147850579968743],[-98.46723453223699,26.08921761252694],[-98.4760969909318,26.0848204360904],[-98.49741766510935,26.06471561757822],[-98.50580486033613,26.062328919443992],[-98.53077741720223,26.060130301580905]]]}},{"type":"Feature","properties":{"clues":"TSIMB003203"},"geometry":{"type":"Polygon","coordinates":[[[-98.53077741720223,26.060130301580905],[-98.50580486033613,26.062328919443992],[-98.49741766510935,26.06471561757822],[-98.4760969909318,26.0848204360904],[-98.46238367067146,26.090638927864525],[-98.43995236167805,26.071734377386804],[-98.42921844981345,26.065177740793285],[-98.41834511403637,26.080889555212767],[-98.41010024991128,26.076997198608403],[-98.4025022027484,26.077417627784083],[-98.40250522146997,26.072994300600957],[-98.40551990347883,26.065105171236308],[-98.39835986462964,26.055690875700943],[-98.40003595959335,26.051808572933446],[-98.39695012568927,26.04251626972288],[-98.38795581694487,26.049163771298023],[-98.38014838737804,26.05056543302428],[-98.37455332280348,26.044795245118326],[-98.36923230397281,26.04543480489788],[-98.3671466509568,26.043228614565745],[-98.3707092222427,26.02972436641668],[-98.36348430804324,26.03377126187209],[-98.35642639388495,26.034228808837366],[-98.37042940874274,26.019081778031374],[-98.36413655004965,26.007583741666217],[-98.34837833884052,26.007332865922898],[-98.32854620220046,26.011702608629324],[-98.32194015424928,26.001902801546862],[-98.32254103226036,25.987428021037765],[-98.33696835888217,25.983304262897622],[-98.34432815971198,25.976715041402727],[-98.33446924550414,25.95680547734293],[-98.36114943254404,25.93805007771357],[-98.38165102625892,25.94346832525331],[-98.405620941339,25.930351870035796],[-98.42109197614978,25.93314684040064],[-98.44499696300119,25.951531188285472],[-98.45370312699951,25.9558647190689],[-98.46061211479457,25.957252755340388],[-98.46503297740135,25.956544039746944],[-98.50093126195586,25.94178351433985],[-98.53245717024448,25.914931930550296],[-98.53601983112101,25.917570100102907],[-98.54926819089589,25.922076528041497],[-98.59231872153143,25.94790308435933],[-98.582925711256,25.977773576806154],[-98.58262914397415,25.992254757565636],[-98.56652661634084,25.994589103476937],[-98.53077741720223,26.060130301580905]]]}},{"type":"Feature","properties":{"clues":"SCCSA002000"},"geometry":{"type":"Polygon","coordinates":[[[-97.90126756518212,17.92869331690926],[-97.93807881523823,17.896926076615838],[-97.93551070260045,17.92024718978761],[-97.93824829706202,17.931385089203282],[-97.92318774003083,17.953526584390538],[-97.91756412748957,17.95298517084759],[-97.8997776240232,17.94229587222183],[-97.8989512794549,17.93272531051712],[-97.90126756518212,17.92869331690926]]]}},{"type":"Feature","properties":{"clues":"OCIMS000631"},"geometry":{"type":"Polygon","coordinates":[[[-97.79082313786878,18.105332926831558],[-97.81252724687349,18.10392325320844],[-97.8224514258613,18.109838384246455],[-97.8290515103486,18.11101183296522],[-97.83958917180549,18.12312409709957],[-97.875288230607,18.139052247171488],[-97.87685636276089,18.14411253148709],[-97.86259029200441,18.17943739414384],[-97.85501305265959,18.18130606428387],[-97.84327996920092,18.180855449734608],[-97.83664482984926,18.175926509652715],[-97.7987867953588,18.16895489425461],[-97.79257394514536,18.16894294533847],[-97.77720486163577,18.17532955558756],[-97.7753236014639,18.17902659620931],[-97.72890116605478,18.163818173606327],[-97.725825902557,18.164367861186935],[-97.7090455746756,18.127883795404536],[-97.72149154730806,18.12138779211746],[-97.74927910160649,18.129149960608544],[-97.75445120639112,18.132385376082404],[-97.76482127733644,18.13411743657724],[-97.79082313786878,18.105332926831558]]]}},{"type":"Feature","properties":{"clues":"OCIMS004365"},"geometry":{"type":"Polygon","coordinates":[[[-97.75071770548698,16.487130218857622],[-97.80272088410386,16.466167118883178],[-97.80557071686165,16.467107402766825],[-97.80836004008223,16.47029532642212],[-97.81468454037166,16.51071827826169],[-97.8189112121764,16.521866660521116],[-97.78860615216634,16.54986423786427],[-97.76602819332108,16.54817696039158],[-97.73993901753266,16.538737440881707],[-97.75051194598323,16.510043088658936],[-97.75071770548698,16.487130218857622]]]}},{"type":"Feature","properties":{"clues":"OCIMS003735"},"geometry":{"type":"Polygon","coordinates":[[[-97.74412347123524,17.171302645974283],[-97.7557807858173,17.16567307751513],[-97.7590988395354,17.167412726400027],[-97.76432519813638,17.184199217666006],[-97.76699413475981,17.188338207353308],[-97.76588512046115,17.190148670869927],[-97.77165846731559,17.201993956338306],[-97.76448253645349,17.2095263357097],[-97.77860760623096,17.220986428079236],[-97.78006213154457,17.23297447366967],[-97.77730410275149,17.23586289190945],[-97.77931609551898,17.25676308540453],[-97.77858218788907,17.260874226203164],[-97.75216453785463,17.286890499991575],[-97.74891024158832,17.279140907080098],[-97.73148548196184,17.25936714467338],[-97.71240047569209,17.25374744799663],[-97.70824085206256,17.26067229497882],[-97.70715867752719,17.2664167636075],[-97.69160744587093,17.268474702858065],[-97.69013851051281,17.273416861727362],[-97.68438838475137,17.271981525515326],[-97.68343280171716,17.265296449037184],[-97.67492265405154,17.26630233442277],[-97.67254552542578,17.255361019877547],[-97.66964136318197,17.253531686644653],[-97.66804313013108,17.24571727715439],[-97.6730310407525,17.241410421982835],[-97.67227129160386,17.234220126403475],[-97.6692512667269,17.228835085916167],[-97.6702922428206,17.220132462177688],[-97.66696044993657,17.210785360068456],[-97.67282932510253,17.20306953862177],[-97.682643869357,17.1970894640831],[-97.68903909547849,17.19585904384201],[-97.6954298219369,17.199019038772075],[-97.70341276849267,17.21462354892306],[-97.71460133094503,17.22003489220542],[-97.72250184673983,17.228941175841864],[-97.72991234537218,17.215985052957468],[-97.72594655882232,17.201245749654117],[-97.73802026285037,17.184294722834153],[-97.73808383631352,17.17987901165768],[-97.74412347123524,17.171302645974283]]]}},{"type":"Feature","properties":{"clues":"OCIMB001926"},"geometry":{"type":"Polygon","coordinates":[[[-97.57969213312533,17.94962458259031],[-97.59511818724107,17.932347110791618],[-97.6484933689803,17.94799230423546],[-97.6603924575085,17.950284665249352],[-97.66939110218587,17.95956395950198],[-97.67588347776386,17.9774601343853],[-97.69454021738699,17.97047029273267],[-97.73073892708139,17.952299595707988],[-97.73754520928908,17.964542479946],[-97.7302979598028,17.99801532496206],[-97.6831104678775,18.00834804351067],[-97.67822108031652,18.026019842673776],[-97.66149708296311,18.043311082372817],[-97.63133741661402,18.035508216302677],[-97.62630193726478,18.032555991233032],[-97.61171462060132,18.016948871037467],[-97.57969213312533,17.94962458259031]]]}},{"type":"Feature","properties":{"clues":"PLIMS002790"},"geometry":{"type":"Polygon","coordinates":[[[-97.57883884257315,18.28322979808324],[-97.58533400095287,18.277873193747332],[-97.59186000609311,18.27834366182498],[-97.61268841961424,18.269959976978093],[-97.63432448597428,18.28329429664933],[-97.637978831914,18.322334402471455],[-97.68102145653239,18.34484190138901],[-97.66216745455328,18.36317054488488],[-97.6538309106677,18.36576150011354],[-97.63405994967188,18.358877174554767],[-97.61863484511385,18.37046498084262],[-97.61577200362231,18.378056063258136],[-97.6292951719485,18.400482747897108],[-97.62956615347295,18.416461768871134],[-97.59551081719785,18.451352076737127],[-97.56971720566219,18.44121872680042],[-97.55237254065929,18.43765849897899],[-97.53842171886764,18.440811131098034],[-97.523259275956,18.43437995791677],[-97.52421656649548,18.412052808075295],[-97.51087652013454,18.386093798940507],[-97.51747318802975,18.38140460128002],[-97.52574156044737,18.366598446020603],[-97.53809365069962,18.368849630864712],[-97.54474516881163,18.364877041819188],[-97.54642145743759,18.356068882179493],[-97.53431081344841,18.331340846565002],[-97.54496773127624,18.326945359270926],[-97.5536613537268,18.32133947237755],[-97.57883884257315,18.28322979808324]]]}},{"type":"Feature","properties":{"clues":"PLIMS003065"},"geometry":{"type":"Polygon","coordinates":[[[-97.60528230013149,18.66478154356683],[-97.60963236989285,18.671999776463178],[-97.61635677579449,18.66958919107336],[-97.62026129639882,18.661693438623487],[-97.63213509360907,18.66886627005197],[-97.62836192627458,18.68814985910003],[-97.6189450585866,18.693350030810954],[-97.60978898745458,18.713977290108996],[-97.59709582191394,18.720935420565795],[-97.57906883237742,18.71734188471083],[-97.57000655981024,18.68724699877754],[-97.56784036951515,18.68479746313707],[-97.5490288313678,18.67017320563801],[-97.5344904142787,18.672700900264612],[-97.49111587917413,18.669361083373158],[-97.47787999334132,18.65344680179726],[-97.47803390467698,18.63708264403421],[-97.4917933391261,18.61410189720864],[-97.52493414552774,18.60985847014872],[-97.55188529723108,18.625239763246118],[-97.56022020927634,18.644118680934803],[-97.58333096344442,18.641208137068446],[-97.58601242552554,18.645514995500655],[-97.59791781713069,18.653730843273095],[-97.59410444542331,18.66304281047749],[-97.59488103584994,18.670340867099313],[-97.59834099694027,18.670240956688485],[-97.60059885607289,18.66694821277778],[-97.60528230013149,18.66478154356683]]]}},{"type":"Feature","properties":{"clues":"PLIMB005210"},"geometry":{"type":"Polygon","coordinates":[[[-97.4217713044198,18.521119622593208],[-97.44354523994075,18.513335488924053],[-97.46078296590537,18.52073520691442],[-97.46720197171648,18.524959369745833],[-97.45925527248731,18.55051222944136],[-97.46485391608536,18.566129722256132],[-97.4640356261575,18.57508236080079],[-97.44142786358657,18.572029194898903],[-97.43112013376484,18.575370262912152],[-97.42820479318112,18.57374020556626],[-97.42629962282498,18.557976698188757],[-97.42033119228401,18.54482139250594],[-97.40772544632381,18.54070852724336],[-97.40311173102707,18.541385053601292],[-97.3833457913019,18.53786433783331],[-97.37955647482833,18.535153023634578],[-97.40679189050239,18.51619017625785],[-97.41798696300464,18.518325793505866],[-97.4217713044198,18.521119622593208]]]}},{"type":"Feature","properties":{"clues":"OCIMS003624"},"geometry":{"type":"Polygon","coordinates":[[[-97.4397178686766,16.50835068056809],[-97.4483927823486,16.516681555838016],[-97.45093655749942,16.527449024088277],[-97.4548889614396,16.534568199816032],[-97.45896594722849,16.537914250740357],[-97.45901841568313,16.54740146983851],[-97.45224237296627,16.551767383020035],[-97.44577579953409,16.568421214643124],[-97.42651156651773,16.58272595231859],[-97.42018858533822,16.57623467886436],[-97.42136023042869,16.561786847903285],[-97.43212799786639,16.55555197245239],[-97.42835213227228,16.54227270345527],[-97.41317704499752,16.548528751527904],[-97.41627569192273,16.557762691706785],[-97.40744026097556,16.567914434631145],[-97.40204902669974,16.565370538219828],[-97.40000560909044,16.552125195671902],[-97.39094672429667,16.546883175222234],[-97.39244334538708,16.53262812457811],[-97.40136419846515,16.525460997195164],[-97.40646345792628,16.5283254243239],[-97.42729039267324,16.530189034525705],[-97.42844963459402,16.52630508132461],[-97.4110586121567,16.50901066056098],[-97.43799678467104,16.490876637403662],[-97.4397178686766,16.50835068056809]]]}},{"type":"Feature","properties":{"clues":"OCIMS000853"},"geometry":{"type":"Polygon","coordinates":[[[-97.24150439774124,17.273125885099322],[-97.23185768513316,17.296053875793863],[-97.24148831158554,17.325699663604173],[-97.25101464606789,17.330775926824472],[-97.23813561687864,17.364814389488053],[-97.22292018511325,17.363642668719663],[-97.20925285854558,17.37894028656595],[-97.19158221610695,17.375956775465696],[-97.16952825311822,17.383444135933754],[-97.16563588076428,17.37833005099891],[-97.13781783745902,17.378863462398552],[-97.1370498795837,17.373861191988702],[-97.14216040472418,17.366263542667767],[-97.13936013686377,17.35317678215523],[-97.14035607167902,17.352179173283506],[-97.13009727481878,17.341683131519787],[-97.13297415211795,17.33158287017763],[-97.13157207394576,17.328859304635813],[-97.1478414893627,17.323603949385834],[-97.14889663086021,17.321865979901027],[-97.16011737087778,17.319205174952064],[-97.16522725331876,17.322643035224598],[-97.17096070208933,17.322530026555476],[-97.18657515094435,17.303795563768393],[-97.15981417423096,17.29484325528288],[-97.15976431701993,17.289216661279852],[-97.16634016836645,17.282697746928992],[-97.16897356546967,17.27585141078176],[-97.16862942464755,17.26967704219747],[-97.18088623583587,17.264053205956145],[-97.19340469165716,17.26515709513446],[-97.19993267182869,17.261248860592445],[-97.20598023997843,17.251147495712985],[-97.206377947476,17.23692668674426],[-97.23068356814541,17.216868574518475],[-97.24563329395109,17.219584662615677],[-97.25791315020112,17.236791050086758],[-97.25462269889098,17.265102068958406],[-97.24150439774124,17.273125885099322]]]}},{"type":"Feature","properties":{"clues":"VZIMB000160"},"geometry":{"type":"Polygon","coordinates":[[[-97.30387054971662,18.70377492184539],[-97.311005705865,18.713274282480842],[-97.31424481520192,18.714955175915502],[-97.31810480282947,18.713930964768107],[-97.32510115085843,18.70620442163983],[-97.33218846591811,18.717562242239424],[-97.3415103146179,18.710895770090566],[-97.34884521576402,18.720672771969934],[-97.3330740871734,18.722096382988436],[-97.32775016033602,18.732608651962817],[-97.31645600637196,18.73724490594371],[-97.3168164551735,18.745272202933425],[-97.30872185044784,18.759530793592436],[-97.30243780113061,18.760070535799155],[-97.29831731428506,18.762300204030634],[-97.28156937306511,18.754395883784795],[-97.27348478711937,18.753428232459797],[-97.27023027357511,18.751724931576373],[-97.26769481796137,18.734344770810164],[-97.26389036762254,18.73069298127517],[-97.2461364163584,18.728890767819934],[-97.23933644302697,18.70092983065245],[-97.22143798087257,18.6874023095506],[-97.22051474693157,18.679823585124645],[-97.22282531639289,18.666186570779043],[-97.25542581491264,18.66291304719548],[-97.2694284632918,18.671130983057235],[-97.2708687832811,18.683613303793962],[-97.27441181497396,18.689567968699983],[-97.29063606823281,18.70050078174579],[-97.30387054971662,18.70377492184539]]]}},{"type":"Feature","properties":{"clues":"SCCSA001801"},"geometry":{"type":"Polygon","coordinates":[[[-97.24925257221253,17.013293149194432],[-97.24457487384838,17.019093502896467],[-97.26182917614669,17.071630833384013],[-97.20916663686154,17.059217155362624],[-97.1988355381219,17.044714680241096],[-97.20250351760231,17.023006302163473],[-97.19439222573938,16.996116640319244],[-97.22501794987438,16.99797844190558],[-97.23256101240761,17.001787575964507],[-97.24013867785354,16.99641034309014],[-97.24009880640499,16.99152627463147],[-97.249323115145,16.978847339501936],[-97.26969080103427,16.98449942039948],[-97.25535730185226,17.010068657443952],[-97.24925257221253,17.013293149194432]]]}},{"type":"Feature","properties":{"clues":"VZIMB008724"},"geometry":{"type":"Polygon","coordinates":[[[-97.12537658627566,18.645636999487554],[-97.12417501868299,18.650649373598753],[-97.12650521123878,18.660728464980483],[-97.14305667632416,18.66067997972958],[-97.14729566622407,18.662971914216108],[-97.14923727005633,18.676187820950915],[-97.1467240308544,18.688225937884717],[-97.13627238986662,18.686852864286497],[-97.13069614864428,18.68419925141252],[-97.12570509429273,18.673425469769008],[-97.12159186189886,18.671037866320454],[-97.11815197136937,18.671661676107302],[-97.114245212559,18.676963041275656],[-97.1057252898931,18.67828319462496],[-97.09952176479861,18.686638118855114],[-97.09516903942969,18.684412893521994],[-97.09364934110998,18.681874942199972],[-97.09402731893914,18.669828865786425],[-97.09622698330118,18.66694788674087],[-97.0935811634606,18.64963736848813],[-97.08330338949821,18.64209315997845],[-97.08196768682214,18.636046691140063],[-97.08760592067149,18.630681080284752],[-97.10178892826197,18.633630131726342],[-97.10509936519715,18.636563268464673],[-97.11035418654872,18.638068732079393],[-97.1100719795958,18.64684234466959],[-97.12537658627566,18.645636999487554]]]}},{"type":"Feature","properties":{"clues":"OCIMS002306"},"geometry":{"type":"Polygon","coordinates":[[[-97.1376962030193,17.963757562371708],[-97.16108123763762,18.007433402859938],[-97.12152933673494,18.042128863857243],[-97.09799883064632,18.072735614592382],[-97.0491863087418,18.063390689414785],[-97.03774411517188,18.067461938457317],[-97.04120710494506,18.077148820543005],[-97.03806842548586,18.086595663273616],[-97.03817732441253,18.122188715310266],[-97.02033757203452,18.119305052246947],[-97.01269114851307,18.115790856853074],[-97.00883564052066,18.101776225117717],[-96.99686967143651,18.08869563372964],[-97.00140404478249,18.07929275446296],[-97.00621169063845,18.07370215006709],[-97.02651881315732,18.05715633478851],[-97.02280536134627,18.03968265303663],[-97.02261194886742,18.024463160748535],[-97.02524307121399,18.01633367419246],[-97.1376962030193,17.963757562371708]]]}},{"type":"Feature","properties":{"clues":"VZIMS005645"},"geometry":{"type":"Polygon","coordinates":[[[-97.01385422255751,18.541704221633573],[-97.01632872808212,18.548044926607897],[-97.01575588341258,18.553650577772842],[-97.02249963956999,18.562133587765903],[-97.02368505909833,18.569261540866606],[-97.00725915525156,18.56945830851577],[-97.00496287444385,18.564275456954373],[-97.00036368844022,18.560896637583472],[-96.99232435809719,18.55886737408162],[-96.9883628776081,18.555409281970633],[-96.97564828324703,18.557372564923458],[-96.97034808102893,18.554087156010933],[-96.97393860099395,18.54515838496432],[-96.9846094439076,18.547276520324182],[-96.99258454464595,18.533161556789292],[-97.00862215818314,18.531887960065074],[-97.01030931681001,18.52212791807489],[-97.01240821161166,18.51955298572155],[-97.03171665221448,18.51467094714403],[-97.03567012449065,18.530957659408266],[-97.03420518051652,18.533517313168172],[-97.01425721123373,18.538521960452844],[-97.01385422255751,18.541704221633573]]]}},{"type":"Feature","properties":{"clues":"SCCSA001927"},"geometry":{"type":"Polygon","coordinates":[[[-96.99496898303757,16.441226449342217],[-96.98430460747787,16.467797820727156],[-96.97809911081426,16.46808910703175],[-96.96150156751231,16.454976144036575],[-96.95622269267834,16.439500070667073],[-96.95637608765493,16.436235630736476],[-96.9662271815159,16.4275842818504],[-96.99368738402165,16.39527207557328],[-96.99858446947646,16.401286361821164],[-97.00890822395819,16.432585602454395],[-96.99496898303757,16.441226449342217]]]}},{"type":"Feature","properties":{"clues":"VZIMB005760"},"geometry":{"type":"Polygon","coordinates":[[[-96.93199240834323,18.63985119835499],[-96.92548883404453,18.649320061833556],[-96.92708816649629,18.655571093543823],[-96.94103031588295,18.65346656321297],[-96.94990426988933,18.66214105840851],[-96.9462444363854,18.6725308258551],[-96.93759336980204,18.676878059937803],[-96.93451031402145,18.687532477285586],[-96.92856176922753,18.686567752187383],[-96.91759056684263,18.678144549408433],[-96.92001026666921,18.673785760692603],[-96.91313921406353,18.660023991441093],[-96.91095035722486,18.660552757473354],[-96.90050965597656,18.655195358583992],[-96.9012573022958,18.650450325954],[-96.91239722924755,18.64517253364923],[-96.91385394896635,18.640752006550727],[-96.92633220549965,18.63388751904831],[-96.93199240834323,18.63985119835499]]]}},{"type":"Feature","properties":{"clues":"VZIMB006653"},"geometry":{"type":"Polygon","coordinates":[[[-96.90050965597656,18.655195358583992],[-96.91095035722486,18.660552757473354],[-96.91313921406353,18.660023991441093],[-96.92001026666921,18.673785760692603],[-96.90809261725897,18.68839785226484],[-96.90822634788442,18.691909377830246],[-96.9025576440648,18.69628745597183],[-96.89853792677577,18.70168989556143],[-96.90087422299452,18.711935762235306],[-96.89993616862441,18.717909549112917],[-96.89270583002724,18.7247609955147],[-96.87984448817504,18.711196244550596],[-96.87798575368033,18.710864245212726],[-96.86901273492334,18.694746676851548],[-96.85156087862305,18.685539854090774],[-96.85178318989887,18.682115485402573],[-96.87142630434677,18.674837070349795],[-96.88274431169947,18.659452247663058],[-96.89433425947963,18.661905020982594],[-96.90050965597656,18.655195358583992]]]}},{"type":"Feature","properties":{"clues":"OCIMB001482"},"geometry":{"type":"Polygon","coordinates":[[[-96.8629064779161,17.1086222143112],[-96.86413896593123,17.11509587261827],[-96.88679945725214,17.135893381424104],[-96.85687179050734,17.145720236613524],[-96.85302263943207,17.14922489498437],[-96.83152930196268,17.14839633173223],[-96.82734039635311,17.145404637497403],[-96.82535612905717,17.139187024177144],[-96.82590565074173,17.127985673414067],[-96.82172321307509,17.125190603776858],[-96.82475048801774,17.11907324735741],[-96.83023665720498,17.114351875498492],[-96.82601470313351,17.099174620599605],[-96.83258286851216,17.096428768854413],[-96.84079013409284,17.090496083018234],[-96.85252802912335,17.0899676958355],[-96.85292429108036,17.100056450317744],[-96.85883720404772,17.108474644003547],[-96.8629064779161,17.1086222143112]]]}},{"type":"Feature","properties":{"clues":"PLIMS002674"},"geometry":{"type":"Polygon","coordinates":[[[-96.8297248136448,18.29555707384156],[-96.82382156764037,18.295383540824087],[-96.82420228243048,18.284953024921833],[-96.8359451629967,18.274320822961137],[-96.83754721912322,18.264149608743853],[-96.84436707431475,18.258883871044734],[-96.85416769856062,18.26673749700997],[-96.85327946845115,18.271352778847735],[-96.84731252236959,18.27968341831055],[-96.85878992455483,18.285805742935157],[-96.86363085111215,18.292439095647122],[-96.86100127126278,18.29548270838048],[-96.84674271377813,18.299436245331734],[-96.84157336907403,18.292441734097178],[-96.8297248136448,18.29555707384156]]]}},{"type":"Feature","properties":{"clues":"OCIMS002113"},"geometry":{"type":"Polygon","coordinates":[[[-96.75202884675348,17.270743229177796],[-96.78922717666856,17.25733135242962],[-96.79236412642635,17.259209715770368],[-96.8193004667876,17.26081303988463],[-96.83662487515952,17.276257750393206],[-96.83842318428964,17.280908146594776],[-96.83362266038387,17.31573190740996],[-96.78780029911914,17.34583001050311],[-96.7537723063644,17.321233089819465],[-96.7538573039794,17.28783822711688],[-96.75202884675348,17.270743229177796]]]}},{"type":"Feature","properties":{"clues":"OCIMS004061"},"geometry":{"type":"Polygon","coordinates":[[[-96.74376268000258,15.725096570436088],[-96.80823693878551,15.733979188482877],[-96.81190440102297,15.732055817877638],[-96.82901073412457,15.733660647427328],[-96.83603035115108,15.732356224589033],[-96.848642624208,15.735743399751284],[-96.84763008847484,15.751624143578065],[-96.84952622815455,15.752567855725296],[-96.8551012322787,15.764796518146238],[-96.83314148845301,15.778449424222371],[-96.8387164841109,15.79046184523373],[-96.83249125903694,15.795913262354494],[-96.8122349168596,15.807692836865275],[-96.80342592007274,15.801650372320223],[-96.80198953678493,15.78917372268208],[-96.81136909417056,15.770355024472646],[-96.8084008554178,15.765769648952002],[-96.79793198257775,15.7569026944029],[-96.79423356634182,15.757532435633488],[-96.77742209318706,15.77594424157754],[-96.77017066003226,15.775259413991138],[-96.7649458431745,15.761587589869144],[-96.74923669990022,15.754877451318505],[-96.75060642403976,15.742418218888691],[-96.74950522624466,15.739653353172118],[-96.71878427000948,15.739781023554473],[-96.72069349180983,15.72046564586343],[-96.74376268000258,15.725096570436088]]]}},{"type":"Feature","properties":{"clues":"OCIMB004055"},"geometry":{"type":"Polygon","coordinates":[[[-96.79777100605791,17.01910496877635],[-96.80244448301043,17.01731156517033],[-96.80493453738531,17.028937802379925],[-96.80888496248349,17.028653536590063],[-96.82217532712095,17.022945682332164],[-96.83257114760353,17.023843957459224],[-96.81367840398276,17.042994375844202],[-96.80914066796674,17.04330768803965],[-96.80549369811534,17.050954211943644],[-96.80051785404673,17.051647976330703],[-96.79873333576721,17.058008649887302],[-96.79303251915088,17.05986268007607],[-96.7878636406384,17.055407132670435],[-96.78000689102173,17.06141094248878],[-96.77314034702154,17.05978585266231],[-96.7715616816336,17.05373725338624],[-96.76664857131685,17.045663716071477],[-96.77879137459672,17.040147725164502],[-96.7787217938777,17.03846390781638],[-96.78350167783701,17.035086017241078],[-96.79083434430575,17.032546562966285],[-96.78455491878387,17.026465134128497],[-96.78757364197863,17.014944083858115],[-96.790558027433,17.01488046270886],[-96.79777100605791,17.01910496877635]]]}},{"type":"Feature","properties":{"clues":"OCIMB002462"},"geometry":{"type":"Polygon","coordinates":[[[-96.80918623226867,17.156485573169014],[-96.80691368829072,17.154866139644778],[-96.79876021203394,17.15598348370792],[-96.79859336931702,17.146515708348627],[-96.80410556836938,17.146021674102908],[-96.80864372327831,17.142814699301983],[-96.81444788665716,17.1440423267876],[-96.81423071271244,17.132727636418345],[-96.82535612905717,17.139187024177144],[-96.82734039635311,17.145404637497403],[-96.830382018429,17.148053694110875],[-96.82049325033236,17.155579223964097],[-96.80918623226867,17.156485573169014]]]}},{"type":"Feature","properties":{"clues":"OCIMB001593"},"geometry":{"type":"Polygon","coordinates":[[[-96.79752880435937,17.84168698250819],[-96.7958505513948,17.860077452958482],[-96.79183537955686,17.867583145797894],[-96.79061833688519,17.876148976811713],[-96.7719089602205,17.900698893811892],[-96.76344450668675,17.902970670388424],[-96.74701568554038,17.902295386956048],[-96.73792755286829,17.910146892182993],[-96.7225334419378,17.9116113812432],[-96.71644455205582,17.916648741208594],[-96.70128718629232,17.907260450394308],[-96.69043872357946,17.880539556930636],[-96.69252019576025,17.87847063181863],[-96.70315675528637,17.87821892039914],[-96.72888662992209,17.867713393950336],[-96.73054594997697,17.864561686038957],[-96.72870135045045,17.853387878166508],[-96.69443015411728,17.83115523668048],[-96.69977632898042,17.79221088259158],[-96.70281471279446,17.785033478079626],[-96.70366036346836,17.775717444950374],[-96.7243456205226,17.769141952071863],[-96.7550330889473,17.777646541749128],[-96.76629299598287,17.787802206224374],[-96.77434035553543,17.79844797004157],[-96.79205527835725,17.83726076933772],[-96.79752880435937,17.84168698250819]]]}},{"type":"Feature","properties":{"clues":"OCIMS002002"},"geometry":{"type":"Polygon","coordinates":[[[-96.71657959123044,18.0146325480532],[-96.73650291660063,18.019272471309424],[-96.7499068814679,18.027449551128957],[-96.77827503659047,18.016107202832057],[-96.78421348274364,18.015042302794733],[-96.79333402468095,18.021808192647963],[-96.78953543412955,18.03174207247658],[-96.77711758874473,18.042257294193114],[-96.77535463360555,18.05930078396161],[-96.767412627474,18.068335550502617],[-96.7610000911558,18.067291563757102],[-96.75003627081536,18.06969930066602],[-96.73582716478388,18.082579037014472],[-96.71759009378931,18.076266828569814],[-96.72342804328719,18.051612829777802],[-96.71657959123044,18.0146325480532]]]}},{"type":"Feature","properties":{"clues":"SCCSA001848"},"geometry":{"type":"Polygon","coordinates":[[[-96.7752129334453,18.302746065737477],[-96.77046200405475,18.314419855036903],[-96.78251428621861,18.32912027208704],[-96.77891183879072,18.33546586905229],[-96.78081862598353,18.340252259021383],[-96.77886330341714,18.34571393377095],[-96.77665254585288,18.350404377207937],[-96.77244803138073,18.352611504430755],[-96.75997930818158,18.3484150750322],[-96.7571535645213,18.334741542584226],[-96.75314556869112,18.332447684878726],[-96.75314962600504,18.31961965162692],[-96.75068524225763,18.31737915438624],[-96.75044063226868,18.310509815315896],[-96.74710516795737,18.297665116300976],[-96.76171199140094,18.29134021071863],[-96.77488039254762,18.29643715482034],[-96.7752129334453,18.302746065737477]]]}},{"type":"Feature","properties":{"clues":"OCIMS004056"},"geometry":{"type":"Polygon","coordinates":[[[-96.7402227075493,17.94397698448531],[-96.75126912114922,17.951910802067562],[-96.74804578845013,17.959575090961742],[-96.7494358603519,17.96305937511734],[-96.76685903045406,17.961715949927246],[-96.77197748016286,17.959359681573517],[-96.7785837573953,17.962365809133253],[-96.78555129035318,17.974807207495942],[-96.77827408222917,17.994818576490918],[-96.76481725671191,17.98623381243418],[-96.75943570509332,17.986391514477308],[-96.74960713235392,17.975649828527693],[-96.72618699698702,17.980243315229618],[-96.72549657677577,17.966864198055397],[-96.7196102771852,17.958476569277178],[-96.70577080932249,17.952542500544237],[-96.70289647526565,17.94942750260302],[-96.68593225103297,17.947670664541715],[-96.68553945090962,17.934320322236967],[-96.68181981300671,17.930300135961126],[-96.68804684741937,17.92148135029514],[-96.68584029998176,17.916193661742625],[-96.69728973700812,17.9110381010741],[-96.70128718629232,17.907260450394308],[-96.71644455205582,17.916648741208594],[-96.7225334419378,17.9116113812432],[-96.73792755286829,17.910146892182993],[-96.7417324738892,17.921433216548824],[-96.73997358916615,17.932183790605105],[-96.73862282928917,17.933061848969817],[-96.7402227075493,17.94397698448531]]]}},{"type":"Feature","properties":{"clues":"OCIMB001786"},"geometry":{"type":"Polygon","coordinates":[[[-96.71516657768076,18.17923004292697],[-96.72921854728017,18.173818275549024],[-96.73019974297038,18.16827034712928],[-96.73513611959575,18.166874936609197],[-96.74321143218772,18.170610397166346],[-96.74653284643647,18.180073460011563],[-96.74453958950463,18.186060441555664],[-96.74849804144078,18.19635130686735],[-96.73823491376234,18.221327511161913],[-96.73064550252944,18.225489707751148],[-96.72216946426677,18.21439352346587],[-96.71536567704051,18.213677224970215],[-96.70711243643832,18.20526479204602],[-96.70652021599322,18.195175371012663],[-96.71533136864562,18.189786970879805],[-96.71656872867014,18.186487735934353],[-96.71516657768076,18.17923004292697]]]}},{"type":"Feature","properties":{"clues":"SCCSA001836"},"geometry":{"type":"Polygon","coordinates":[[[-96.71064489329248,16.079429706150897],[-96.70231987215672,16.08028021222421],[-96.69084863758148,16.077001505224857],[-96.68804013170939,16.07375382959132],[-96.69274944564599,16.04715246352967],[-96.71131336396684,16.049076698798114],[-96.71651739517456,16.04297442166922],[-96.73314423052946,16.054229695873588],[-96.7308364029432,16.064471284058673],[-96.73951307073112,16.0686909552134],[-96.74022267378986,16.075105651612482],[-96.73485944608613,16.084927483398864],[-96.72054057839445,16.092524572290284],[-96.71064489329248,16.079429706150897]]]}},{"type":"Feature","properties":{"clues":"SCCSA001745"},"geometry":{"type":"Polygon","coordinates":[[[-96.7222662234618,18.15681307368353],[-96.72992132351733,18.14912294226831],[-96.73332697030112,18.149162301150028],[-96.73427817250632,18.15436717701918],[-96.74006908359148,18.159585588975776],[-96.73513611959575,18.166874936609197],[-96.73019974297038,18.16827034712928],[-96.7234120816519,18.164858247080435],[-96.7222662234618,18.15681307368353]]]}},{"type":"Feature","properties":{"clues":"OCIMB008296"},"geometry":{"type":"Polygon","coordinates":[[[-96.66856041231755,17.060533252617212],[-96.67325709444896,17.065377136976146],[-96.67187288348136,17.072326071506737],[-96.66724838776327,17.076740045712842],[-96.66088415619322,17.07806113032753],[-96.65934657084111,17.076613362008054],[-96.65626834742633,17.064847832995156],[-96.65645511683498,17.060756128165714],[-96.65338075587756,17.056018458205802],[-96.65875994917629,17.047817243434324],[-96.6633276503736,17.05284762580774],[-96.66305718387339,17.05589271199265],[-96.6568539477511,17.06049796430899],[-96.66856041231755,17.060533252617212]]]}},{"type":"Feature","properties":{"clues":"OCIMB001132"},"geometry":{"type":"Polygon","coordinates":[[[-96.5889799533805,15.928778930571188],[-96.6070255686198,15.91546824748675],[-96.62431590275192,15.913906770751233],[-96.62638354420885,15.91204126178685],[-96.64071490592326,15.920983673915508],[-96.65044128485495,15.935126138943653],[-96.64558114802587,15.946416291515316],[-96.62282254847602,15.950411964897787],[-96.61883646571764,15.964351703951289],[-96.6089816100399,15.969836988811636],[-96.59146203041338,15.96730157570715],[-96.59204578087699,15.938940349423389],[-96.5889799533805,15.928778930571188]]]}},{"type":"Feature","properties":{"clues":"OCIMB002544"},"geometry":{"type":"Polygon","coordinates":[[[-96.49696490468446,16.362742612641668],[-96.50735772040602,16.360885374592666],[-96.5151800483102,16.378088291559614],[-96.54272106416639,16.403835019470126],[-96.54168855504295,16.41137459422592],[-96.54495081607156,16.41528795963269],[-96.53836659440647,16.428802836839626],[-96.53846617007198,16.440113859038853],[-96.53039653582633,16.452995807317684],[-96.52408580717756,16.443971411686853],[-96.51374259228994,16.418397211211392],[-96.47764264433988,16.433806502170707],[-96.46730028299913,16.428217272259392],[-96.4660307018799,16.411698874190208],[-96.42880411406443,16.366031283388924],[-96.42981826175993,16.359844664703456],[-96.43160287416215,16.358171645027586],[-96.45484276936925,16.353924216419102],[-96.469894195933,16.3642283869895],[-96.48996299307133,16.36150193189334],[-96.49696490468446,16.362742612641668]]]}},{"type":"Feature","properties":{"clues":"OCIMB003845"},"geometry":{"type":"Polygon","coordinates":[[[-96.44666017290777,17.26814454516301],[-96.44208130244883,17.255815621719197],[-96.46232085530302,17.230540513893875],[-96.47844731959218,17.238555995492685],[-96.50323744519562,17.247268795238366],[-96.50887932167007,17.251863880016174],[-96.50853007368704,17.263159815240158],[-96.488756365466,17.279496096639637],[-96.47130969190218,17.27038328367279],[-96.46607530093344,17.270921767237933],[-96.44666017290777,17.26814454516301]]]}},{"type":"Feature","properties":{"clues":"OCIMS005490"},"geometry":{"type":"Polygon","coordinates":[[[-96.48615664480859,18.47542643056574],[-96.49327213230568,18.477520162613935],[-96.49163700872683,18.506193763005726],[-96.49380184195844,18.510478085040784],[-96.49205136535782,18.521449982605457],[-96.48516966926918,18.534739034867698],[-96.4545035937213,18.52326272352484],[-96.45092035917693,18.523165212066598],[-96.44186381155075,18.539400464086825],[-96.43805387480818,18.53811392082127],[-96.43132336542348,18.531666415830387],[-96.41388795398166,18.541300760143155],[-96.4166193067767,18.551657113555418],[-96.41474137606238,18.563389204755772],[-96.41011606933854,18.562040624415214],[-96.39454434546067,18.551932587547384],[-96.39232524156085,18.543760720607956],[-96.38667656583111,18.53639947387889],[-96.3669622707662,18.539857564523256],[-96.36720329834608,18.544239642618056],[-96.35636753465582,18.555748271134405],[-96.3377270108308,18.540506268445345],[-96.3391639401862,18.532854216888378],[-96.36499532415287,18.534286042805427],[-96.3674775905491,18.532157702273455],[-96.37459046876133,18.53071099059497],[-96.38750735792027,18.53172841679582],[-96.38907746680675,18.528400723334958],[-96.39440852794249,18.523599040148483],[-96.38495439158196,18.512179925191738],[-96.39811281721859,18.499142840387734],[-96.39800897385356,18.491004509357307],[-96.39936570160698,18.48937369466922],[-96.40809985359812,18.487229807643228],[-96.41882715729338,18.470286978739725],[-96.42894507123879,18.477212506194057],[-96.44103668821916,18.473761626010003],[-96.4510451364077,18.48192457356228],[-96.45624885401809,18.476247494116517],[-96.45504393428665,18.447257851748386],[-96.45823049431911,18.442160925796614],[-96.47316211436969,18.453834254265367],[-96.48615664480859,18.47542643056574]]]}},{"type":"Feature","properties":{"clues":"OCIMB004883"},"geometry":{"type":"Polygon","coordinates":[[[-96.37290046895866,17.1956219963024],[-96.36394682103808,17.21889433100489],[-96.34064588580284,17.29091723150173],[-96.33550976895798,17.290557406381797],[-96.31848183615976,17.284366781056754],[-96.29564637439215,17.280768976819243],[-96.26924575961813,17.21686231278382],[-96.26966190469916,17.201724416852016],[-96.28880552970195,17.192482594964506],[-96.31824177427968,17.16616717604385],[-96.34006134961172,17.15183571191418],[-96.34840499288377,17.159301589626043],[-96.37290046895866,17.1956219963024]]]}},{"type":"Feature","properties":{"clues":"SCCSA001787"},"geometry":{"type":"Polygon","coordinates":[[[-96.30813969566671,15.930655160612213],[-96.31921622314925,15.914133598448592],[-96.32514384335204,15.918199313854473],[-96.3424778562228,15.902875164974033],[-96.3458695548944,15.922888684350974],[-96.35180973045358,15.922183418081755],[-96.35966846242694,15.928202470320027],[-96.35928872958998,15.933129803120949],[-96.35440504249412,15.933417985582583],[-96.34656739970103,15.949389169406963],[-96.34254807752048,15.953434873596297],[-96.34519041061621,15.958985054797303],[-96.35928920111029,15.964838089894235],[-96.36398673309455,15.97373643313121],[-96.356761202157,15.983848903646118],[-96.345695159392,15.979048399495664],[-96.34200059076348,15.973638274040479],[-96.32785382025027,15.977997720895715],[-96.31570828770826,15.966332812966531],[-96.33555179591811,15.952152440939559],[-96.32994664926498,15.941088822139248],[-96.31804631089939,15.93559363611815],[-96.3117198179532,15.93425891643253],[-96.30813969566671,15.930655160612213]]]}},{"type":"Feature","properties":{"clues":"OCIMB002001"},"geometry":{"type":"Polygon","coordinates":[[[-96.27948859662474,18.274131292630372],[-96.28673163979084,18.261908388373396],[-96.29896820796547,18.257096200547007],[-96.31178211673613,18.264590517549784],[-96.32498183961467,18.25925904251912],[-96.33380106422199,18.283345780115678],[-96.33240664887204,18.287321263527065],[-96.32309789349151,18.295141663566863],[-96.30525475839018,18.291736395630778],[-96.30406431115645,18.293725077167828],[-96.28793543447557,18.300975266860377],[-96.27527368859988,18.292591390402592],[-96.27856468858793,18.284477608616818],[-96.27948859662474,18.274131292630372]]]}},{"type":"Feature","properties":{"clues":"OCIMB003051"},"geometry":{"type":"Polygon","coordinates":[[[-96.28704433374497,17.341749686767418],[-96.27416126618739,17.355153355063628],[-96.27385311917784,17.384952981836364],[-96.26882046664903,17.39569203541891],[-96.25589361126282,17.3973205739792],[-96.22681217541074,17.37428765989905],[-96.2049263309384,17.367685316164533],[-96.2072076823509,17.35886248058233],[-96.20745908709485,17.34123798804491],[-96.22761714329039,17.32437504509278],[-96.24296318270251,17.297939808145554],[-96.27635907319616,17.286674386888073],[-96.28283181146732,17.282372537668213],[-96.29564637439215,17.280768976819243],[-96.31848183615976,17.284366781056754],[-96.33550976895798,17.290557406381797],[-96.29281189183789,17.337850329163793],[-96.28704433374497,17.341749686767418]]]}},{"type":"Feature","properties":{"clues":"OCIMB007601"},"geometry":{"type":"Polygon","coordinates":[[[-96.17545170791716,17.32163002361797],[-96.15759876028358,17.32058727208146],[-96.14898726795549,17.315222700344226],[-96.1598891715818,17.299766002562254],[-96.18315694381147,17.280529100137052],[-96.18594238544439,17.295949239711188],[-96.18763195506075,17.319273254305457],[-96.17545170791716,17.32163002361797]]]}},{"type":"Feature","properties":{"clues":"VZIMB004990"},"geometry":{"type":"Polygon","coordinates":[[[-96.00180048750003,18.53121602817454],[-96.0167776528711,18.53269294358776],[-96.02906761198666,18.53834947672651],[-96.03660690925174,18.53868162215315],[-96.03949701511137,18.541023780657728],[-96.05012927858779,18.538441415365153],[-96.06033573326226,18.538834288440967],[-96.06732306647517,18.532295692238435],[-96.07510051328445,18.53802480570409],[-96.07788247411548,18.542132295077405],[-96.09439636700347,18.536436678568407],[-96.09752375289678,18.540516603400185],[-96.09779818740448,18.54856339514418],[-96.10265850716226,18.555415495733126],[-96.09413887000889,18.56678580469573],[-96.08203090989723,18.563234569063653],[-96.07485049869771,18.558184022591675],[-96.0712548451302,18.559583012039568],[-96.06532493912991,18.57647143562083],[-96.04073181433155,18.564970516620264],[-96.03759340558454,18.56865598155634],[-96.02516603659593,18.56832458504996],[-95.99787799991591,18.58219078880583],[-95.98365797117695,18.566206795564444],[-95.99235419754542,18.555506488057816],[-96.00180048750003,18.53121602817454]]]}},{"type":"Feature","properties":{"clues":"OCIMB002223"},"geometry":{"type":"Polygon","coordinates":[[[-95.91114780298588,16.42739567698042],[-95.9312862331455,16.456914043717262],[-95.97498258286491,16.45664662974918],[-95.99634368249284,16.45943207110648],[-96.02366440608944,16.45074478500304],[-96.028828566396,16.48579587375741],[-96.00322199104453,16.527040753701158],[-95.97304511717236,16.54036005775052],[-95.97167453943378,16.543396452649304],[-95.90674686657853,16.57846515162124],[-95.89539637779879,16.577186712297557],[-95.876986041278,16.577694126148415],[-95.85927969927519,16.590204048872728],[-95.8394490829729,16.59709709915413],[-95.82549821073962,16.59390701529892],[-95.7578950191072,16.546084813267168],[-95.7419986833182,16.50472840987189],[-95.75668109235495,16.47686784297418],[-95.76798290650716,16.471779981595322],[-95.82458812888521,16.47549055323546],[-95.84714841640836,16.48380834263902],[-95.91114780298588,16.42739567698042]]]}},{"type":"Feature","properties":{"clues":"OCIMS004435"},"geometry":{"type":"Polygon","coordinates":[[[-95.97871639762604,17.55023070674266],[-95.93902710044392,17.556967052989645],[-95.91886022749162,17.541404371847076],[-95.91885408452362,17.538698894105366],[-95.95571138424302,17.49990409029853],[-95.9636081756734,17.50608291273414],[-95.98420145297347,17.54085868624895],[-95.97871639762604,17.55023070674266]]]}},{"type":"Feature","properties":{"clues":"OCIMS003431"},"geometry":{"type":"Polygon","coordinates":[[[-95.82549821073962,16.59390701529892],[-95.8394490829729,16.59709709915413],[-95.85927969927519,16.590204048872728],[-95.876986041278,16.577694126148415],[-95.89539637779879,16.577186712297557],[-95.90674686657853,16.57846515162124],[-95.9293182706203,16.608857975458616],[-95.94145927254894,16.642413214790228],[-95.94959747050902,16.658376819698688],[-95.93112027629256,16.685123604426646],[-95.91443063091864,16.68397507423517],[-95.89470624750786,16.685470997524764],[-95.85113441944236,16.7272672293762],[-95.81943439596184,16.73409410915633],[-95.8045842224848,16.74645936324983],[-95.80164635641876,16.74675488003465],[-95.76539488575416,16.701637510523813],[-95.6681725084068,16.660063144121008],[-95.68179103957476,16.632102839683363],[-95.7032727370258,16.620957439790025],[-95.7578950191072,16.546084813267168],[-95.82549821073962,16.59390701529892]]]}},{"type":"Feature","properties":{"clues":"OCIMB009322"},"geometry":{"type":"Polygon","coordinates":[[[-95.7728709462938,16.885906702233967],[-95.74699023168495,16.795260027926993],[-95.7510931591698,16.78395406361524],[-95.80164635641876,16.74675488003465],[-95.8045842224848,16.74645936324983],[-95.85566058497395,16.828785519793744],[-95.9151759405942,16.838652951181796],[-95.91945918251446,16.8502208248745],[-95.91233402481888,16.879179268853743],[-95.87583463619472,16.90146898296756],[-95.86598136644237,16.92324708625981],[-95.82494210454348,16.92233764838584],[-95.80147047530326,16.911439969173873],[-95.79200893760745,16.893871068752038],[-95.7728709462938,16.885906702233967]]]}},{"type":"Feature","properties":{"clues":"OCIMS003846"},"geometry":{"type":"Polygon","coordinates":[[[-95.75668109235495,16.47686784297418],[-95.75432185888687,16.473036469530438],[-95.67781359144935,16.40658911448639],[-95.70867573764858,16.3523252258402],[-95.73560801990598,16.353471759498078],[-95.76623921956515,16.341713994788027],[-95.78602849299153,16.313819400784517],[-95.79275124650685,16.309679103659196],[-95.85720074553713,16.330722786841363],[-95.87849542890395,16.346455357705327],[-95.90052544667962,16.373549594837474],[-95.90797852031037,16.376552271056816],[-95.91114780298588,16.42739567698042],[-95.84714841640836,16.48380834263902],[-95.82458812888521,16.47549055323546],[-95.76798290650716,16.471779981595322],[-95.75668109235495,16.47686784297418]]]}},{"type":"Feature","properties":{"clues":"SCCSA001696"},"geometry":{"type":"Polygon","coordinates":[[[-95.63125714381073,16.461239020418386],[-95.59281108358296,16.482677657785615],[-95.5690581681586,16.42428072786894],[-95.60047629183417,16.409090883878463],[-95.61655069143937,16.410289065263747],[-95.64300696153236,16.433777386909636],[-95.6603857259825,16.4129307146253],[-95.67781359144935,16.40658911448639],[-95.75432185888687,16.473036469530438],[-95.75668109235495,16.47686784297418],[-95.7419986833182,16.50472840987189],[-95.72333143585409,16.506448630229624],[-95.63125714381073,16.461239020418386]]]}},{"type":"Feature","properties":{"clues":"VZIMB006595"},"geometry":{"type":"Polygon","coordinates":[[[-95.71222693547476,18.033434663814464],[-95.72788495053636,18.02850904029466],[-95.72870367356018,18.049087308800164],[-95.74032354594094,18.04551830424854],[-95.74785157488932,18.066602451081376],[-95.74945711425441,18.06730805544904],[-95.74470701552457,18.082300686122398],[-95.74401700035865,18.094181398377795],[-95.73043014052534,18.09559084941881],[-95.7238688158639,18.109969728483712],[-95.7117335182025,18.107974287093942],[-95.70011648491469,18.11153079644791],[-95.68452487556854,18.124253447004065],[-95.66765601389145,18.10316569985562],[-95.65378119989923,18.090839953298083],[-95.65698861666282,18.083056928590977],[-95.67576951114987,18.078232682339845],[-95.69740397186867,18.077382638138864],[-95.70201033963828,18.07497019773521],[-95.70484987763719,18.06558615070972],[-95.70308939283595,18.060649636722207],[-95.69091788787564,18.056862389788176],[-95.68704188471366,18.041455380558155],[-95.6779807266128,18.028522182926057],[-95.69062960462558,18.021814486716],[-95.70882880624401,18.029287516235147],[-95.71222693547476,18.033434663814464]]]}},{"type":"Feature","properties":{"clues":"OCIMB003244"},"geometry":{"type":"Polygon","coordinates":[[[-95.73731937826932,15.97897316698759],[-95.72742346885902,15.976063641640401],[-95.7062140987383,15.980782009019025],[-95.69593992963709,15.974137735388974],[-95.69024461229215,15.95829217703879],[-95.68565996380273,15.918096326729422],[-95.73549467262481,15.947333357401774],[-95.76086194422017,15.969653104636736],[-95.73731937826932,15.97897316698759]]]}},{"type":"Feature","properties":{"clues":"OCIMB004393"},"geometry":{"type":"MultiPolygon","coordinates":[[[[-95.26619352265331,16.349628961571216],[-95.29992824078234,16.343534592609185],[-95.31071995981304,16.365626351601865],[-95.34403272244509,16.39890908751979],[-95.31728527671306,16.44341877915165],[-95.30608036032717,16.51439501093689],[-95.23403599558108,16.460283145320545],[-95.23259541835817,16.437366163269786],[-95.23772776844585,16.419635983603584],[-95.23169367030386,16.40027330023745],[-95.23337752696638,16.393165148350157],[-95.22910867650413,16.381457735053466],[-95.22288832218906,16.37506187667242],[-95.2274692423424,16.36707854096775],[-95.22687229055155,16.36156806680371],[-95.2365858453932,16.355698617845672],[-95.24369526120955,16.355988011998377],[-95.25840938377976,16.34939502274661],[-95.26619352265331,16.349628961571216]]],[[[-95.3481672510192,16.52151322551388],[-95.4423015370372,16.49707560408487],[-95.45189607446336,16.514041239522292],[-95.4535807137008,16.52659763910826],[-95.44957472687317,16.562916505721184],[-95.44181816480246,16.57436319528483],[-95.4119664185872,16.599824472309592],[-95.41035468316801,16.599406092698143],[-95.32432213236675,16.537576114113655],[-95.3481672510192,16.52151322551388]]]]}},{"type":"Feature","properties":{"clues":"OCIMS001565"},"geometry":{"type":"Polygon","coordinates":[[[-94.7153024803683,16.21042417962594],[-94.72513614020296,16.20802891939947],[-94.74368805024679,16.208142569118973],[-94.7735674897548,16.21200444928458],[-94.7934734793235,16.213042753745146],[-94.7935142222082,16.21731566612257],[-94.91264254833635,16.288781797866328],[-94.91417809201758,16.292465806121722],[-94.86933707408721,16.353600246164984],[-94.85667365494365,16.353074354792213],[-94.79323882616706,16.29513733172128],[-94.76428257486715,16.322140899129682],[-94.75817293565345,16.3234086311114],[-94.75799175130545,16.325948081253998],[-94.71742438098202,16.357676933902724],[-94.68324193361046,16.293744241958834],[-94.68769009853845,16.285827400971176],[-94.67901244665809,16.207727426950367],[-94.7153024803683,16.21042417962594]]]}},{"type":"Feature","properties":{"clues":"SCCSA001772"},"geometry":{"type":"Polygon","coordinates":[[[-95.07532160841123,17.137008783587355],[-95.08285829627482,17.104243795046905],[-95.08712049644328,17.09380455896796],[-95.10440957180268,17.09031391231277],[-95.11924908909536,17.122846115922773],[-95.1457150412567,17.129315396427366],[-95.15836118094242,17.129639720734907],[-95.15617568637406,17.1428830312659],[-95.12787771828646,17.160341303985753],[-95.11554835863107,17.14631513046899],[-95.08649984800849,17.160389952469878],[-95.08598223145793,17.156797027964483],[-95.07532160841123,17.137008783587355]]]}},{"type":"Feature","properties":{"clues":"OCIMB000251"},"geometry":{"type":"Polygon","coordinates":[[[-95.08471557265378,16.553392867460964],[-95.09409519166852,16.561911477929744],[-95.09147704511804,16.568921355902642],[-95.10117485084217,16.57256170978327],[-95.10366755942951,16.57705099648984],[-95.10246001688634,16.580201678789873],[-95.10093457835089,16.610221906245357],[-95.10198317266025,16.614219763378753],[-95.09147846243197,16.63488080331353],[-95.08355702451453,16.637125902292027],[-95.06057570158542,16.702403903002956],[-95.04847845830753,16.7066423644004],[-95.0315258161088,16.693443494220343],[-95.02745970654115,16.666249651579022],[-95.03010817268355,16.626505549921777],[-95.05632992659196,16.620223020032295],[-95.05228254414489,16.578397493817945],[-95.0003942486737,16.57954521290357],[-95.00132771851118,16.571810836145747],[-95.01039872110881,16.558256452222032],[-95.0011508100977,16.536051958771328],[-95.01081367746433,16.531878540212254],[-95.02147285191406,16.53600728264356],[-95.02720462473698,16.542474091806604],[-95.03208527468082,16.542942789336912],[-95.04858130909129,16.555444645398474],[-95.06230262151213,16.540376987016412],[-95.08471557265378,16.553392867460964]]]}},{"type":"Feature","properties":{"clues":"VZIMS002215"},"geometry":{"type":"Polygon","coordinates":[[[-95.04136101241123,18.339246426498402],[-95.05067053622814,18.35399735946913],[-95.05077515708729,18.36503321097797],[-95.06393956098107,18.377489942369444],[-95.07542436461969,18.39637038233093],[-95.06718537955922,18.405556081906216],[-95.0683499250941,18.412218125348872],[-95.06414759916585,18.429616188062187],[-95.05433530144981,18.446710519943057],[-95.04050009837424,18.455578316970406],[-95.03761005371334,18.46927817325753],[-95.0188406535767,18.471214867396014],[-95.01424309640713,18.47339211777478],[-94.99548267808125,18.464716672758527],[-94.99346736899665,18.45866825015715],[-94.96233808789269,18.459962825512946],[-94.93795968735475,18.452472952142653],[-94.93400248988073,18.44956386606747],[-94.9183818310636,18.42090969921151],[-94.88940340669336,18.41961766858676],[-94.87024574951944,18.405743018877658],[-94.85991803842667,18.376604169149605],[-94.91647463090851,18.336847537719255],[-94.9237799478539,18.344541728697678],[-94.93325537635411,18.348042481881357],[-94.94400162156315,18.361779799367287],[-94.95107497158497,18.36126193071335],[-94.96240357165233,18.353209060984966],[-94.96666071929774,18.356110323363936],[-94.97061956664493,18.356239412584653],[-94.97936800432375,18.36391436381583],[-94.98898897351157,18.357352022427406],[-94.99305021988702,18.35103518838397],[-95.0036673492515,18.356615798260524],[-95.01968003463442,18.357784148408847],[-95.03071338858142,18.352328092413902],[-95.04136101241123,18.339246426498402]]]}},{"type":"Feature","properties":{"clues":"VZIMS005300"},"geometry":{"type":"Polygon","coordinates":[[[-94.96245540746811,18.153114791901135],[-94.97796673546212,18.167150972430324],[-94.95207882143545,18.197842277367773],[-94.94865415318706,18.207260976097185],[-94.91440485238456,18.19833574684165],[-94.90499226644316,18.187091686407438],[-94.90279798805636,18.15917126916737],[-94.88922405850477,18.145346022261393],[-94.88888986431691,18.134543314250443],[-94.89742484753755,18.131159549582826],[-94.91415132395444,18.137939253677008],[-94.93209152569592,18.135870602183935],[-94.93410272202073,18.106774826919565],[-94.93689708874895,18.104151650247147],[-94.94936337809659,18.10081905782325],[-94.96831359145598,18.105638594249886],[-94.97299422531819,18.11173939717737],[-94.97374187375188,18.12589765617328],[-94.96245540746811,18.153114791901135]]]}},{"type":"Feature","properties":{"clues":"VZIMB004874"},"geometry":{"type":"Polygon","coordinates":[[[-94.86841129823831,17.8044887066084],[-94.8890377832351,17.81459384646729],[-94.87883536744835,17.832848999775507],[-94.8793304892528,17.84337717209946],[-94.88740197078168,17.850184579654417],[-94.88485320813437,17.86866557196918],[-94.87915118200065,17.875776572067096],[-94.87609174092131,17.87513396925566],[-94.87004705214068,17.868606041396024],[-94.84101800362829,17.88039043409625],[-94.84165453078592,17.882112023643316],[-94.85475935951222,17.886699066254888],[-94.86327070552308,17.894498984991028],[-94.87303909805921,17.89806566199155],[-94.87028541747786,17.909207343550186],[-94.85800778553701,17.911524257466166],[-94.85353021456903,17.914867667609858],[-94.86586168950218,17.93055576821606],[-94.85348757628753,17.933801001582687],[-94.85402457093416,17.94253266795169],[-94.8477052277256,17.94134715916576],[-94.83894260692286,17.94740880708173],[-94.83535364756733,17.94535719062437],[-94.8308252874814,17.945711963185197],[-94.82641722262535,17.951720414999425],[-94.82767293474237,17.958886259169017],[-94.82118455111356,17.965977037339968],[-94.8151480946901,17.96604298190994],[-94.80464829391867,17.97675101168792],[-94.80109401861971,17.975869898585273],[-94.79767947886933,17.970283931055],[-94.78991813550157,17.967952399884847],[-94.78778583900569,17.96874313778372],[-94.78290325805432,17.975134403252966],[-94.77292180348185,17.967835942758683],[-94.76997146294626,17.968843205916535],[-94.76569768822834,17.963495639470167],[-94.76617452376277,17.96203801053225],[-94.77264690810652,17.95821649146997],[-94.77534285926636,17.965120397173497],[-94.78038376570308,17.95455550988358],[-94.78453087746306,17.952469482469613],[-94.78949986808281,17.95241651147782],[-94.79508033363095,17.949088386446665],[-94.79972426451951,17.965851000813494],[-94.80527366038402,17.961932537525822],[-94.81074389642342,17.962493762585204],[-94.8123324777546,17.95478497014626],[-94.81644155006714,17.94939766469408],[-94.81617362219043,17.946952326954104],[-94.8067831590043,17.93437768297527],[-94.8017828983229,17.932202441282538],[-94.79694515789355,17.920706983480226],[-94.78675275600907,17.915109045775306],[-94.777539905106,17.904085328797205],[-94.75701795234289,17.89957334499809],[-94.75371670513377,17.894048530946378],[-94.76370873358698,17.85838211249788],[-94.75199089754332,17.83262743775355],[-94.75542827800433,17.824368292989096],[-94.76846845860929,17.823376652690193],[-94.77053096560132,17.821731420165374],[-94.77044568101364,17.81739264898339],[-94.77836586176949,17.809412224194308],[-94.80288288881152,17.804822355158727],[-94.80861600366612,17.799628719876154],[-94.82454471284717,17.82204112393741],[-94.84333271679388,17.81815939155302],[-94.84748913299605,17.804253337190584],[-94.86841129823831,17.8044887066084]]]}},{"type":"Feature","properties":{"clues":"VZIMS002792"},"geometry":{"type":"Polygon","coordinates":[[[-94.67226595527146,17.99499124869883],[-94.6892978368407,17.990408220527843],[-94.6875974351646,17.998704510838344],[-94.68888151162622,18.00626635949649],[-94.67967662258765,18.014755204406246],[-94.67641582672628,18.01398092533082],[-94.67398910715723,18.011318256210625],[-94.65803141206361,18.01821513675188],[-94.66235721629471,18.004712631425654],[-94.67104370921082,18.004926287479105],[-94.67226595527146,17.99499124869883]]]}},{"type":"Feature","properties":{"clues":"VZIMB001835"},"geometry":{"type":"Polygon","coordinates":[[[-94.61985697330236,17.71393147124439],[-94.64157322321667,17.696668205418938],[-94.64817979467922,17.701801895858008],[-94.66148962005957,17.702426581056397],[-94.6671450005626,17.71834444279895],[-94.67831917032231,17.719973314311215],[-94.68349111918069,17.73367719105247],[-94.67746140211739,17.73769982678646],[-94.67093070191193,17.748720252375726],[-94.66780535918814,17.75063527735403],[-94.665589607713,17.762734472738263],[-94.65701182017185,17.772413498572725],[-94.64726690534684,17.769967198729574],[-94.6454459433682,17.760939596613767],[-94.64252905510456,17.758969338361943],[-94.63773612518438,17.749431684901435],[-94.63785797733097,17.74609595826813],[-94.62934975338423,17.738256696432426],[-94.62510207754696,17.720394346156784],[-94.62069906068402,17.71699989004616],[-94.61985697330236,17.71393147124439]]]}},{"type":"Feature","properties":{"clues":"VZIMB002931"},"geometry":{"type":"Polygon","coordinates":[[[-94.57245196434283,18.021573782420955],[-94.57726530041711,18.016766342441475],[-94.58154125691028,18.02355446309642],[-94.57491337926548,18.025700899023445],[-94.58137509012438,18.03542693497414],[-94.58254573290992,18.046747265851504],[-94.5769213490129,18.045291408215054],[-94.56385421812836,18.04800712237139],[-94.54134282241654,18.059956332929954],[-94.5426804395014,18.051307264287892],[-94.54136337173986,18.03930732236276],[-94.54649731644258,18.02937262878868],[-94.55548186844794,18.02410503195982],[-94.5623530836682,18.025303247161638],[-94.5671915633014,18.01987402735769],[-94.57245196434283,18.021573782420955]]]}},{"type":"Feature","properties":{"clues":"SCCSA003141"},"geometry":{"type":"Polygon","coordinates":[[[-94.5350571497274,18.143942720396534],[-94.53906620790093,18.135605015773997],[-94.54486270946586,18.136214102462578],[-94.55002613777754,18.145738799078117],[-94.54951397845188,18.148593292939754],[-94.54590505150775,18.14899037151704],[-94.54085005938431,18.1619724213991],[-94.53576755644438,18.160017690121038],[-94.5379234418203,18.15367168073113],[-94.53558226110185,18.14968136220462],[-94.53634764973556,18.146326828366576],[-94.5350571497274,18.143942720396534]]]}},{"type":"Feature","properties":{"clues":"OCIMB007386"},"geometry":{"type":"Polygon","coordinates":[[[-94.49428369457405,16.331562908008223],[-94.50260584563873,16.365819461202967],[-94.52762998544904,16.39763653584319],[-94.52684958624037,16.398807953054135],[-94.51299206415489,16.403143090719016],[-94.47535761880474,16.391749481828498],[-94.44881587883252,16.369090683166288],[-94.4455642698455,16.368594790579074],[-94.41616633575589,16.385833752908585],[-94.39736132029779,16.35164046676908],[-94.40255041363027,16.33523626312407],[-94.44406778648361,16.32405889230733],[-94.45191740341451,16.314875837620406],[-94.45265269495583,16.309715409764383],[-94.48086243872423,16.309357378480676],[-94.50096978507217,16.321943837146783],[-94.49428369457405,16.331562908008223]]]}},{"type":"Feature","properties":{"clues":"SCCSA001910"},"geometry":{"type":"Polygon","coordinates":[[[-94.35595376471724,16.366428312801965],[-94.36805549792302,16.361398862699],[-94.37215315569725,16.357698577669115],[-94.39736132029779,16.35164046676908],[-94.41616633575589,16.385833752908585],[-94.402344296875,16.424523123169227],[-94.38789240000777,16.421953360170104],[-94.36882287050054,16.41161998094027],[-94.36033877228094,16.404575623150855],[-94.32452199443568,16.414631071544374],[-94.31619826144451,16.4146292994861],[-94.29903248677803,16.400234971991974],[-94.28477727735984,16.394309579082954],[-94.28229617215699,16.385582656592856],[-94.29663660216646,16.36610989128507],[-94.30435842903118,16.362126761508748],[-94.3127781182597,16.35235950968355],[-94.32392224396175,16.347687874872527],[-94.33758563949037,16.35053232510023],[-94.34913968666505,16.364005608491446],[-94.35595376471724,16.366428312801965]]]}},{"type":"Feature","properties":{"clues":"TLIMB001680"},"geometry":{"type":"Polygon","coordinates":[[[-98.53819314952362,19.462690238228806],[-98.5374714988493,19.478262351181165],[-98.54437811443671,19.485051995656114],[-98.55470804440506,19.485292613140068],[-98.55572167804281,19.478354120469614],[-98.56842137620869,19.472291606587675],[-98.57981355032715,19.48883929099452],[-98.57615087490568,19.4914469141549],[-98.57387707336257,19.501722748051595],[-98.56622584812293,19.509338088670432],[-98.56171602258468,19.510141122082636],[-98.55636405454327,19.52346758932179],[-98.53970857047865,19.519454704563305],[-98.53285203466679,19.521823136821215],[-98.53589244992237,19.541955113957272],[-98.52620745726804,19.546908631823104],[-98.5160422100341,19.561844224393578],[-98.50779111076955,19.55867236925707],[-98.50405131436546,19.544659101701146],[-98.5074031385028,19.540786736304323],[-98.50642059251201,19.52962073777089],[-98.5112197538127,19.52116386732823],[-98.52365105471543,19.519406181559578],[-98.51614023356512,19.50720017620479],[-98.51975850240393,19.501783278953702],[-98.50667965456674,19.49780078455404],[-98.50594506600379,19.495905030822126],[-98.49810483026725,19.49503076489409],[-98.49440360319377,19.486835773545053],[-98.49753785453214,19.477933942589733],[-98.49624437427457,19.468787159802933],[-98.50060013272629,19.46352620515327],[-98.51298226785188,19.45809610668126],[-98.52916589928383,19.457102067658045],[-98.53819314952362,19.462690238228806]]]}},{"type":"Feature","properties":{"clues":"SCCSA002049"},"geometry":{"type":"Polygon","coordinates":[[[-98.51500264334996,19.118946563532898],[-98.5002408604194,19.13965443417418],[-98.49302131322045,19.12886793836847],[-98.48270494678377,19.13846627454055],[-98.47319529297533,19.12779116202196],[-98.4690136385457,19.133860577469356],[-98.46385777057439,19.13481541668031],[-98.45268670319325,19.12647544529113],[-98.46047978193968,19.11945779866401],[-98.47022180857996,19.12116347187156],[-98.47322211808142,19.122928277121613],[-98.48580189050699,19.117075933767083],[-98.49272890370904,19.11672153759968],[-98.5000865280455,19.111545579907293],[-98.51500264334996,19.118946563532898]]]}},{"type":"Feature","properties":{"clues":"TLIMB001791"},"geometry":{"type":"Polygon","coordinates":[[[-98.39081230299908,19.26882197921775],[-98.39862674544011,19.26655160121943],[-98.40003136095316,19.274918793591457],[-98.40548589605677,19.27641992802578],[-98.40868164900706,19.280721775755907],[-98.4172924422542,19.28420680358493],[-98.41678562998122,19.287103915419944],[-98.40910839695057,19.2900954545421],[-98.40907620786342,19.292377413988007],[-98.4006485557724,19.294703171181762],[-98.40005515568478,19.287704344717863],[-98.39748266524674,19.28524042505923],[-98.38937827940175,19.287095650123803],[-98.36716085960154,19.285093060459662],[-98.37100088383114,19.28008989641363],[-98.38936469230845,19.275015379744826],[-98.39081230299908,19.26882197921775]]]}},{"type":"Feature","properties":{"clues":"PLIMB000293"},"geometry":{"type":"Polygon","coordinates":[[[-98.36539041851856,18.913237649347295],[-98.35824780752709,18.89886488674674],[-98.36127153402106,18.896234569202985],[-98.37575299584896,18.895572468432665],[-98.3807397832467,18.89102193795723],[-98.39061608453663,18.890997725140885],[-98.39332030336621,18.902283473537143],[-98.39836886559785,18.907687042519],[-98.39046459148916,18.915739161417974],[-98.38149390652268,18.92096314845898],[-98.37696904150008,18.920376587698577],[-98.3726701229871,18.91446401712338],[-98.36539041851856,18.913237649347295]]]}},{"type":"Feature","properties":{"clues":"TLIMB000625"},"geometry":{"type":"Polygon","coordinates":[[[-98.32622100178327,19.232107544391543],[-98.33261475374975,19.22503560412275],[-98.33881565032308,19.226532837302308],[-98.34434387805408,19.231218405233587],[-98.34733721641328,19.235310482430815],[-98.34440820910095,19.243772418366788],[-98.34774604943239,19.257156144818456],[-98.33927515237882,19.2608378355991],[-98.3263484480244,19.257871410150617],[-98.33027409142126,19.24945953332194],[-98.32519024898907,19.23986591558284],[-98.32622100178327,19.232107544391543]]]}},{"type":"Feature","properties":{"clues":"PLIMB004510"},"geometry":{"type":"Polygon","coordinates":[[[-98.24982381371791,19.113078921755683],[-98.24984549168519,19.119763961529962],[-98.26408557912615,19.125094619114122],[-98.26493211671949,19.13229026653363],[-98.26129961250255,19.134581221388693],[-98.25813799676068,19.143282247345276],[-98.25183145468743,19.146293435593204],[-98.2508513988631,19.149637738324518],[-98.25136646074658,19.151382610387504],[-98.26139621412246,19.157797848765654],[-98.2627367396317,19.16593201631434],[-98.26164237586075,19.166294436636065],[-98.24234393905056,19.15682688031261],[-98.24233361666184,19.151356098609753],[-98.23983827504168,19.148855989381097],[-98.22944307335597,19.15278441674782],[-98.22768788141485,19.14935403078646],[-98.22833170445276,19.145284285518162],[-98.2195219865998,19.138371938142278],[-98.21954225959863,19.134572633280996],[-98.22660539149605,19.13313542240758],[-98.23022378801619,19.12592519421992],[-98.2332910233749,19.11690261143299],[-98.23060759075774,19.114334064359397],[-98.23176370099937,19.106256370440008],[-98.23506991813204,19.10270691577704],[-98.24513078389343,19.100634258559207],[-98.24638740158582,19.10197093566949],[-98.24620216243451,19.109689231351116],[-98.24982381371791,19.113078921755683]]]}},{"type":"Feature","properties":{"clues":"SCCSA002111"},"geometry":{"type":"Polygon","coordinates":[[[-98.19675547185105,18.9813144426783],[-98.19847843137742,18.974178995948197],[-98.20567364632788,18.977262499867344],[-98.20858406814446,18.982582742230328],[-98.21401019785866,18.98546390046143],[-98.21058549536882,18.992795863475344],[-98.20337278936479,18.998388991446085],[-98.20372475022477,19.000269611109406],[-98.19605882141235,19.004835261062482],[-98.19315893882819,19.002282679089273],[-98.1860810865469,19.00347818740105],[-98.18480654566426,19.00248981080772],[-98.18501169327331,18.99564648883915],[-98.18623068914562,18.9932724583304],[-98.19116771168659,18.990986328155472],[-98.19055545670103,18.9873234457148],[-98.18731174481523,18.985682350921067],[-98.18926349569018,18.980799534550776],[-98.19675547185105,18.9813144426783]]]}},{"type":"Feature","properties":{"clues":"TLIMB000053"},"geometry":{"type":"Polygon","coordinates":[[[-98.1464615066433,19.49540975053334],[-98.15323045752476,19.499840549242652],[-98.16546468435119,19.494621390202276],[-98.17328467238426,19.500823013009608],[-98.16811512330293,19.517254584798607],[-98.17017266697707,19.519049505335808],[-98.17222737936136,19.52972771158368],[-98.16752683496217,19.533671130995064],[-98.17077532389575,19.54338794818956],[-98.16814893908776,19.555644733407455],[-98.1632684302051,19.557202585430908],[-98.15280973917554,19.542845483656592],[-98.14306745942912,19.547728796266906],[-98.1384545862072,19.54544593746582],[-98.13189838510353,19.550193351276167],[-98.12969550869485,19.556401292320636],[-98.12730230713154,19.556356290975664],[-98.12724787530544,19.549816043690615],[-98.12971755575848,19.548338851643933],[-98.13144212256809,19.54121898473985],[-98.12478775391718,19.5419839207934],[-98.11757521697187,19.538909505941245],[-98.12334063820742,19.52670118370477],[-98.11540090786406,19.519958679232317],[-98.11097222777244,19.520293745809543],[-98.09346323704973,19.508604168070573],[-98.10938815551071,19.501028980337168],[-98.11160253899511,19.504031397494256],[-98.12311677206944,19.50553638647549],[-98.12635760761972,19.49990705028112],[-98.13383597907105,19.500369206595774],[-98.1464615066433,19.49540975053334]]]}},{"type":"Feature","properties":{"clues":"TLIMB000246"},"geometry":{"type":"Polygon","coordinates":[[[-98.07658879152218,19.339283071702692],[-98.08571045937221,19.338880392775184],[-98.08216638951548,19.355217635929762],[-98.0840574606634,19.359687512718246],[-98.07128332341513,19.368288776997435],[-98.06633906229844,19.367213064187425],[-98.06381891410929,19.359490540163865],[-98.05361867324888,19.350099880464054],[-98.0591511579405,19.342047734097758],[-98.07108504280589,19.344015060568253],[-98.07658879152218,19.339283071702692]]]}},{"type":"Feature","properties":{"clues":"TLIMB001330"},"geometry":{"type":"Polygon","coordinates":[[[-98.05475804690428,19.392452028987332],[-98.04924989339007,19.394978670350532],[-98.04991002504084,19.40498278677665],[-98.04685524316838,19.406593782397408],[-98.045527078393,19.41094772248022],[-98.03704715432515,19.410543192205786],[-98.03393182925757,19.406940392321395],[-98.0413286518394,19.401031490034203],[-98.04179280442642,19.394727791400804],[-98.03759408715801,19.38965958514743],[-98.03575540515882,19.381574218114896],[-98.03898535320228,19.37604306717409],[-98.05775836051173,19.382393966461613],[-98.05998908454748,19.38727755627113],[-98.05475804690428,19.392452028987332]]]}},{"type":"Feature","properties":{"clues":"TLIMB001675"},"geometry":{"type":"Polygon","coordinates":[[[-98.00758658837262,19.43507687337537],[-98.00986952806765,19.437861377378855],[-98.00513457554234,19.454744417085205],[-98.0131511609158,19.471689183446497],[-98.01147336173457,19.47791714110218],[-98.00890162523893,19.48105175736818],[-98.00831402733911,19.492306215809453],[-97.97194142435384,19.512398591548884],[-97.96346740523697,19.52712308437832],[-97.94143176032875,19.52723173840073],[-97.9315459112013,19.49895448110718],[-97.93737774155376,19.494381158897582],[-97.9412652340005,19.493436561092317],[-97.94480676737261,19.48849359173708],[-97.94568760409398,19.474500436891525],[-97.94068449537009,19.462342003442537],[-97.94111244207483,19.45788666473935],[-97.96861064793407,19.442424978078133],[-97.97243076758387,19.444962882502082],[-97.98565705227912,19.441203578449738],[-97.98775995729157,19.438676781755966],[-98.00758658837262,19.43507687337537]]]}},{"type":"Feature","properties":{"clues":"PLIMS003181"},"geometry":{"type":"Polygon","coordinates":[[[-97.85165535082045,20.108966090304733],[-97.86199637015838,20.121173776760372],[-97.86337286747852,20.135301624348184],[-97.84072094990847,20.132328766992828],[-97.83655251715457,20.144872499788846],[-97.82393282000533,20.146521655504525],[-97.82372433913329,20.1181101800922],[-97.81633254300506,20.117326967901214],[-97.8125141680077,20.09250982787619],[-97.81543074012454,20.08747223685121],[-97.83034224868669,20.08996405774856],[-97.84156112428388,20.085467312742438],[-97.84655347843265,20.078865189690625],[-97.87553812108291,20.079476688801286],[-97.8818177467955,20.084634117752387],[-97.88263489146354,20.086027339798953],[-97.88059134322118,20.09477783030965],[-97.85165535082045,20.108966090304733]]]}},{"type":"Feature","properties":{"clues":"SCCSA002158"},"geometry":{"type":"MultiPolygon","coordinates":[[[[-97.85656851365101,18.975887441915205],[-97.8662765071793,18.969887391203457],[-97.87186700183496,18.9722655886],[-97.87897100280028,18.967142109521486],[-97.88532444249553,18.969559657859477],[-97.88408290555671,18.981160737887645],[-97.88791244246605,18.983015284913428],[-97.88198875719773,18.99994359349701],[-97.87794328078523,19.004556635163315],[-97.87229492687354,18.99756481978736],[-97.86143341537273,18.997329673731716],[-97.84935567502741,18.999576450553462],[-97.84633598122281,18.996614103864975],[-97.85845671577577,18.98416613498592],[-97.85908111486869,18.982440292780055],[-97.85656851365101,18.975887441915205]]],[[[-97.83544184216075,18.984781354000376],[-97.85172247014806,18.974350543709633],[-97.85204480246796,18.974542092517886],[-97.84536623168671,18.9961509084348],[-97.83544184216075,18.984781354000376]]]]}},{"type":"Feature","properties":{"clues":"PLIMB002586"},"geometry":{"type":"Polygon","coordinates":[[[-97.84834144196732,18.922867730350447],[-97.84564243557763,18.9168762456762],[-97.85065404725856,18.90978375925827],[-97.85852977232427,18.908319938572706],[-97.86043883288167,18.905374530855592],[-97.86506202534503,18.903920194115894],[-97.87672707760652,18.90670783896714],[-97.88223984031917,18.92145103127893],[-97.87553439926624,18.92440976537859],[-97.87206999024681,18.930885166355893],[-97.86568729672108,18.932703907490296],[-97.86345072428468,18.92497711954836],[-97.85473092323818,18.921926278624316],[-97.84834144196732,18.922867730350447]]]}},{"type":"Feature","properties":{"clues":"PLIMB005123"},"geometry":{"type":"Polygon","coordinates":[[[-97.83864859865677,18.83425841935343],[-97.84239439217681,18.834368172346615],[-97.84894634989652,18.829669500672118],[-97.86211212012972,18.83791396439427],[-97.87256287935104,18.850125887542248],[-97.86165504796197,18.85929953258384],[-97.85803832921738,18.854791739253116],[-97.83815045774172,18.863446871026245],[-97.82755224388758,18.862567920821366],[-97.8176646684655,18.868395153382792],[-97.81316612738927,18.868834574553492],[-97.81195231575298,18.8556207291347],[-97.81696090483426,18.85493151521924],[-97.81656208380814,18.849024593930526],[-97.82009254453118,18.847013328916617],[-97.82318604562533,18.838788217652116],[-97.82651441787051,18.840272491157663],[-97.83864859865677,18.83425841935343]]]}},{"type":"Feature","properties":{"clues":"SCCSA002222"},"geometry":{"type":"Polygon","coordinates":[[[-97.82218681823639,20.295770844597406],[-97.82902854398444,20.29583369572959],[-97.8335097895113,20.287744741815672],[-97.8535832562684,20.293199637786152],[-97.85292000568919,20.29572308870483],[-97.85767863296847,20.311412320314165],[-97.84854382351696,20.32831270945256],[-97.84918987905203,20.334611895874872],[-97.8184212919238,20.340385542478607],[-97.8139279890949,20.32657457454936],[-97.8084130554115,20.321627453833546],[-97.80576605343627,20.30262489554657],[-97.81288144994974,20.30159276279345],[-97.82218681823639,20.295770844597406]]]}},{"type":"Feature","properties":{"clues":"PLIMB000976"},"geometry":{"type":"Polygon","coordinates":[[[-97.73740799217055,20.77219077921162],[-97.72681492658876,20.737306445873838],[-97.75315017865124,20.745822811269775],[-97.75746095200876,20.745681948659847],[-97.7672503522752,20.754935702496656],[-97.7799770687691,20.754649648503268],[-97.79001437708419,20.763598394563562],[-97.7931472869071,20.77334262108566],[-97.7869491298168,20.780033502814806],[-97.76454194690155,20.789031003293395],[-97.75411987168286,20.781714751779894],[-97.74345724086268,20.781456231923393],[-97.73740799217055,20.77219077921162]]]}},{"type":"Feature","properties":{"clues":"PLIMS001694"},"geometry":{"type":"Polygon","coordinates":[[[-97.74767076275317,20.060553743099444],[-97.76251956759825,20.064140965372328],[-97.776229607678,20.052998057827313],[-97.77902292363878,20.056109561773948],[-97.78472201996958,20.07893276098544],[-97.78218812206715,20.084145784027108],[-97.76602348431183,20.08728332243381],[-97.76090585182168,20.09793205116508],[-97.74907035050649,20.105821056729987],[-97.74299701802735,20.10531687447541],[-97.74138955739988,20.103283951369097],[-97.73275401256825,20.100979188479666],[-97.71778831688965,20.107141696583067],[-97.71074842563839,20.098522436236536],[-97.70881463033663,20.0939295643375],[-97.71773973932535,20.0768873546538],[-97.73867296627847,20.077376243247027],[-97.74037743011061,20.075533007184596],[-97.74275762068824,20.06180174947107],[-97.74767076275317,20.060553743099444]]]}},{"type":"Feature","properties":{"clues":"VZIMB006484"},"geometry":{"type":"Polygon","coordinates":[[[-97.71102505879122,20.833584665497654],[-97.70894511053855,20.815998773818638],[-97.72070532217293,20.807370966728797],[-97.73766251880367,20.807099478414372],[-97.74212474721918,20.814458659578793],[-97.75181610301875,20.812828038147064],[-97.76285254927309,20.821865610797254],[-97.76811284094032,20.830843649476705],[-97.76527454112859,20.86636635397413],[-97.75634143363017,20.867899392975776],[-97.74973447720954,20.864882172781446],[-97.73528698125924,20.84672668478494],[-97.71506136129905,20.84236818113909],[-97.71102505879122,20.833584665497654]]]}},{"type":"Feature","properties":{"clues":"SCCSA002126"},"geometry":{"type":"Polygon","coordinates":[[[-97.78079720345775,19.266603424921406],[-97.7528877829064,19.280952638022764],[-97.75112929743429,19.28040187110564],[-97.74852284761847,19.270969563275255],[-97.75852114737387,19.256520626394032],[-97.76461300220829,19.257190477651754],[-97.77284797786636,19.26032289272034],[-97.78079720345775,19.266603424921406]]]}},{"type":"Feature","properties":{"clues":"PLIMB005811"},"geometry":{"type":"Polygon","coordinates":[[[-97.72598216633695,18.93757885879658],[-97.73705026238967,18.935542577579042],[-97.74030367746391,18.936124419594112],[-97.73995935570142,18.94241279712804],[-97.74419233728777,18.960596698460133],[-97.75009397063998,18.967109787403004],[-97.74872527193575,18.976432548705688],[-97.7376516515598,18.983315814848897],[-97.73267604481812,18.981647070985435],[-97.72846788979021,18.983094257942625],[-97.71546036314257,18.97360667277264],[-97.71806958543154,18.962836104346206],[-97.72273005345707,18.95969347751751],[-97.727578452996,18.952571672689373],[-97.72598216633695,18.93757885879658]]]}},{"type":"Feature","properties":{"clues":"PLIMB003286"},"geometry":{"type":"Polygon","coordinates":[[[-97.65752267333198,19.81983427893839],[-97.65954789307504,19.822828395855225],[-97.66586638232631,19.822685318304597],[-97.66187879679633,19.82979917784313],[-97.65719781635403,19.829036708484516],[-97.6465680557634,19.849711480699177],[-97.655898537768,19.859884378575902],[-97.64901113805851,19.87153474539273],[-97.64623895801992,19.874102560029204],[-97.63619073736643,19.86247749353986],[-97.62339034857587,19.86751982306625],[-97.6193778638806,19.86244095932636],[-97.61802846009867,19.843048595298608],[-97.6212535972523,19.84152304808715],[-97.62535357850076,19.83422847506494],[-97.64423367649653,19.831519395813025],[-97.6459035450223,19.82438588229454],[-97.65293495679252,19.819086986947767],[-97.65752267333198,19.81983427893839]]]}},{"type":"Feature","properties":{"clues":"SCCSA002215"},"geometry":{"type":"Polygon","coordinates":[[[-97.59854576198195,19.84964171443355],[-97.59450469965886,19.858288247316885],[-97.58834697637954,19.85814913499249],[-97.58677299028949,19.856629357286483],[-97.59053643670488,19.84754826667647],[-97.58819423531186,19.844072562570535],[-97.58773518684588,19.8316743637475],[-97.60391666042659,19.833238248782123],[-97.61473542852845,19.842682777414065],[-97.6110721630636,19.845409074405175],[-97.59854576198195,19.84964171443355]]]}},{"type":"Feature","properties":{"clues":"SCCSA001959"},"geometry":{"type":"Polygon","coordinates":[[[-97.43991904894017,19.829254346231075],[-97.44853681470686,19.829747345663527],[-97.45019359594447,19.836490593707857],[-97.44029151700254,19.841436511060614],[-97.43810020282471,19.839185771413547],[-97.42987824589159,19.840285237963307],[-97.42540745749167,19.82884462369906],[-97.43586757064955,19.81596958876426],[-97.4376885580373,19.818474426761743],[-97.43991904894017,19.829254346231075]]]}},{"type":"Feature","properties":{"clues":"PLIMS001443"},"geometry":{"type":"Polygon","coordinates":[[[-97.39038193446397,19.818009164286256],[-97.37868052984633,19.817885283420086],[-97.37669624675554,19.80948506979683],[-97.38322331230675,19.80552569237266],[-97.38547050019564,19.806861268162027],[-97.39264878112995,19.804154737211352],[-97.39159687749886,19.81236339015568],[-97.39263882720067,19.81333126744437],[-97.4075174007971,19.814029678111964],[-97.41287155265115,19.819153044456396],[-97.41273386394512,19.82119653226104],[-97.40059161551228,19.835418450047648],[-97.39038193446397,19.818009164286256]]]}},{"type":"Feature","properties":{"clues":"SCCSA003272"},"geometry":{"type":"Polygon","coordinates":[[[-97.33584445869334,20.816164069465035],[-97.34045279132502,20.82555183201502],[-97.33961935647126,20.829467668402362],[-97.3416519485706,20.83817628137974],[-97.35921463002416,20.85569889696334],[-97.3533243421129,20.860020686160105],[-97.3325038607216,20.86712130669032],[-97.31554848455932,20.85867937146731],[-97.30400383892542,20.85654765958478],[-97.30664152621547,20.831779486147504],[-97.33584445869334,20.816164069465035]]]}},{"type":"Feature","properties":{"clues":"PLIMS001834"},"geometry":{"type":"Polygon","coordinates":[[[-97.31349322954203,19.951536050203867],[-97.31403261927106,19.959797845490073],[-97.31159768739954,19.965116889099786],[-97.30550920014817,19.967968398153907],[-97.30204616098682,19.965411294602077],[-97.28782431075429,19.960843841289776],[-97.28313526530111,19.96110328806905],[-97.27973191327801,19.956919478641602],[-97.26625022308971,19.95312097347276],[-97.26472707034262,19.951391298040196],[-97.26460200982291,19.942236482205946],[-97.27453956070282,19.931556276830324],[-97.2780036506602,19.935169632134325],[-97.28784296448188,19.936874890944217],[-97.29192919769184,19.93519575941634],[-97.29464234542901,19.92696808638563],[-97.29808279854075,19.92497733721778],[-97.30638193301067,19.93567009960341],[-97.31114920844526,19.93376596447323],[-97.32000803901555,19.914340694329525],[-97.33492276114468,19.937852066492095],[-97.32215986722042,19.942104498838923],[-97.31947620065834,19.947738161785143],[-97.31349322954203,19.951536050203867]]]}},{"type":"Feature","properties":{"clues":"VZIMB000534"},"geometry":{"type":"Polygon","coordinates":[[[-97.2087095677179,19.781415566830212],[-97.21314378555546,19.780750647093754],[-97.22183632962074,19.794875993141474],[-97.22436722521718,19.811893297984376],[-97.22056063438836,19.817711493169575],[-97.20630897559906,19.822157396035898],[-97.19240363759486,19.823596345251623],[-97.18843749340185,19.822448029452403],[-97.17729935671191,19.83312728847369],[-97.17391921780596,19.841210219425935],[-97.1645739862369,19.841592436861216],[-97.15992082346783,19.833579469558366],[-97.16026536219064,19.8288428342254],[-97.16349233785485,19.824783710023354],[-97.15958081017229,19.812898475674487],[-97.17927742278603,19.81357849358804],[-97.17322534147846,19.80052405985445],[-97.17376692385211,19.782154025746316],[-97.17729221492753,19.77873689682248],[-97.1850267390268,19.78298604363794],[-97.19337065550309,19.79456775958127],[-97.20424345883072,19.79700684511711],[-97.2087095677179,19.781415566830212]]]}},{"type":"Feature","properties":{"clues":"VZIMB004512"},"geometry":{"type":"Polygon","coordinates":[[[-97.05088406519653,20.45092380852236],[-97.06539395878337,20.45854523346749],[-97.06958424722744,20.470907748316883],[-97.06200496707525,20.480926992314835],[-97.06762806119372,20.499168684549417],[-97.06188659284622,20.504841133898534],[-97.07384495894696,20.52042911389216],[-97.06491085149584,20.531215556099287],[-97.03085614031828,20.49943674965186],[-97.00183327737582,20.47544004277976],[-97.00912795281444,20.47036867698784],[-97.01388084600273,20.4609137994355],[-97.01970413655326,20.464102125662443],[-97.0362129323669,20.464199085563745],[-97.04391647844464,20.458904806067597],[-97.05088406519653,20.45092380852236]]]}},{"type":"Feature","properties":{"clues":"SCCSA003176"},"geometry":{"type":"Polygon","coordinates":[[[-97.11049583614418,19.650752794573584],[-97.11956122700126,19.659410614006276],[-97.12190928156144,19.65648189605194],[-97.12881293272197,19.652666802598617],[-97.13494595323617,19.652127022734746],[-97.16168556571189,19.656309678504048],[-97.15835650991912,19.676917842786892],[-97.14025616962145,19.67764251446754],[-97.13624475163377,19.67982511095078],[-97.12919628496061,19.67300832331577],[-97.12030035752916,19.67563268224479],[-97.0999184840269,19.663312654002294],[-97.09502218760024,19.679545724096467],[-97.09652491222712,19.683004877840226],[-97.08955773766691,19.686506528695375],[-97.0875062343905,19.69301290915957],[-97.08206296476234,19.7008299366951],[-97.08015013118616,19.70038607580309],[-97.07163534136225,19.68831401582494],[-97.063524816465,19.68476142080357],[-97.0608118359835,19.6849326672831],[-97.05669341400836,19.67444816316389],[-97.06220823518325,19.66854408645086],[-97.06897908256539,19.66751086898195],[-97.06530369383049,19.655303035952315],[-97.06763309989097,19.65166461755586],[-97.07188180620146,19.65332354692368],[-97.07922791069338,19.662690972049088],[-97.08775679586522,19.65574928858248],[-97.09788381937109,19.659501890345947],[-97.10201845732797,19.65204473582329],[-97.10254210311865,19.644075908147865],[-97.11261634591317,19.642461718113193],[-97.11049583614418,19.650752794573584]]]}},{"type":"Feature","properties":{"clues":"SCCSA003183"},"geometry":{"type":"Polygon","coordinates":[[[-97.0390394936762,20.208590645856365],[-97.06253061791064,20.197628748505306],[-97.07176937848747,20.199453035696212],[-97.08044493415244,20.2151975362444],[-97.1030449395402,20.220795971287185],[-97.1057148754942,20.229409669119867],[-97.10401697211462,20.238957448210375],[-97.1148610098316,20.260385600855344],[-97.11059820837625,20.26734678737957],[-97.09085695567067,20.266822589460205],[-97.0813533135934,20.249011016217416],[-97.0726081737805,20.248492700245478],[-97.06791188073552,20.24513329685467],[-97.05603692682251,20.245215886733025],[-97.05290134525417,20.24220093185435],[-97.0488033643062,20.23391737969245],[-97.04944337674517,20.224477089973874],[-97.0390394936762,20.208590645856365]]]}},{"type":"Feature","properties":{"clues":"VZIMS002454"},"geometry":{"type":"Polygon","coordinates":[[[-97.08201032624478,19.00953654428404],[-97.07519870231714,19.008252267095454],[-97.07474148782853,19.00388239074564],[-97.07956355413896,18.988812712810223],[-97.09519629316085,18.987097133190577],[-97.10374400812246,18.991192229940225],[-97.1044952649521,18.997672476362055],[-97.11750310291754,19.007381840632345],[-97.11857116964723,19.011956122782195],[-97.10776803955719,19.02091088061551],[-97.10074106213075,19.029003811795807],[-97.08201032624478,19.00953654428404]]]}},{"type":"Feature","properties":{"clues":"VZIMS001836"},"geometry":{"type":"Polygon","coordinates":[[[-97.0432102805143,19.806748076653296],[-97.0450898372878,19.809820050492064],[-97.04048479083734,19.82385364270521],[-97.04682741256356,19.832412467646893],[-97.05490085597687,19.838225391776596],[-97.05358817128378,19.843939933933083],[-97.04339364620374,19.857447049037813],[-97.03528002332455,19.855578411185842],[-97.02977428638815,19.860370364425485],[-97.03033583698368,19.86618349198214],[-97.02313994625229,19.8753003168001],[-97.02356423525961,19.87773912880568],[-97.01891200090249,19.88370987626481],[-97.00516850831995,19.878835382032683],[-97.00255201219997,19.880747568462823],[-96.99602965819594,19.881855439171474],[-96.99585418682976,19.897697493829227],[-96.99707630921874,19.90081680536061],[-96.99214915903123,19.91554178045834],[-96.98262946238535,19.91473976715338],[-96.98015017483597,19.912188755985646],[-96.98365094563528,19.898864813309654],[-96.97335167302217,19.88788603155268],[-96.9657266197859,19.893062473959233],[-96.96662736520688,19.9009631282552],[-96.95685720516848,19.912873097866783],[-96.9496083383438,19.90711849767665],[-96.95875776340573,19.8922181524244],[-96.95099915024385,19.885748786336823],[-96.95142344847356,19.87069412798757],[-96.94667076806905,19.865321986532553],[-96.96676290537158,19.847876036126134],[-96.96983048379015,19.84975667174656],[-96.99593169216932,19.85279591380445],[-96.9975044202391,19.849096285665976],[-96.99544912082544,19.8353815115518],[-96.99759015964919,19.81625926053676],[-96.99926975043238,19.81565460227875],[-97.01448873474264,19.792182638557232],[-97.01668457764843,19.795672564123365],[-97.0432102805143,19.806748076653296]]]}},{"type":"Feature","properties":{"clues":"VZIMB002680"},"geometry":{"type":"MultiPolygon","coordinates":[[[[-96.95720212542767,20.122427255680787],[-96.96803862006647,20.124184756435476],[-96.96864343640512,20.125804544417793],[-96.9700757047538,20.140740580985426],[-96.96700792431031,20.144085952186696],[-96.96308837615908,20.156256452968552],[-96.96616443151824,20.16003368200348],[-96.96270344466522,20.179520141111],[-96.96400183255905,20.181681580678905],[-96.97775708771935,20.184511346069705],[-96.98213108078694,20.19006921130716],[-96.98992112191617,20.20619778327141],[-96.98883336386993,20.209110481836735],[-96.95624248770437,20.197853679255772],[-96.95302300400668,20.200094393623413],[-96.93383145208314,20.185773526684763],[-96.93375961114788,20.182582557204462],[-96.92480011349805,20.17613370594176],[-96.92629951399267,20.163266829780124],[-96.92245660417976,20.153694437416632],[-96.92683892156538,20.14338325360664],[-96.93951242509065,20.13759280601241],[-96.95720212542767,20.122427255680787]]],[[[-97.0171723060102,20.265704000595843],[-97.00749327153325,20.256916067909753],[-97.00690737773267,20.233384947469144],[-97.00859338554278,20.23290980116663],[-97.03072699342226,20.243605353517932],[-97.03235288965826,20.248128418653927],[-97.03228438958877,20.25822121586605],[-97.0439302264987,20.259800247219413],[-97.04873257679967,20.278187360103022],[-97.04206716170229,20.282225628192744],[-97.03068075335013,20.278259798107303],[-97.02318151596549,20.266728737708046],[-97.0171723060102,20.265704000595843]]]]}},{"type":"Feature","properties":{"clues":"VZIMS006596"},"geometry":{"type":"Polygon","coordinates":[[[-96.95340555699259,18.75612726244266],[-96.97079625555325,18.76073451715115],[-96.97180918917297,18.77101719559821],[-96.97086082152079,18.77214513001748],[-96.96258862744561,18.77329402881627],[-96.95410314063604,18.781832881592724],[-96.94542099585264,18.778930950053788],[-96.93748864136319,18.78038237623042],[-96.93334525564042,18.78314759167234],[-96.93071907103875,18.77049224082322],[-96.95063947830458,18.76088624741076],[-96.95340555699259,18.75612726244266]]]}},{"type":"Feature","properties":{"clues":"VZIMB001695"},"geometry":{"type":"MultiPolygon","coordinates":[[[[-96.81970666073504,19.469983879203696],[-96.82765978859031,19.478845180414353],[-96.82720698700385,19.48355980103542],[-96.81746839937314,19.496459146594923],[-96.81883276330983,19.50348424240264],[-96.82370876214455,19.50474065665199],[-96.82760886378921,19.51260735051155],[-96.83141335872652,19.524923015905514],[-96.82830882091682,19.52765311008739],[-96.81032007068966,19.526169970842577],[-96.80614696292061,19.512912240978025],[-96.8031809726195,19.51106983103049],[-96.80250385738391,19.495409181242476],[-96.79261641619435,19.49172238776461],[-96.78701945015226,19.493176474572444],[-96.77935946027314,19.492632357435962],[-96.7755812526575,19.4909287731808],[-96.76679149709321,19.47340830399415],[-96.7547673703766,19.47562185364213],[-96.7443847819755,19.471481440247715],[-96.75309448415582,19.45078799967506],[-96.76750386275467,19.449090330928726],[-96.77102210490663,19.456991773442212],[-96.78565630996931,19.464174063301183],[-96.79261175824406,19.456533688330644],[-96.80144804214302,19.454816621461035],[-96.80973994970581,19.47034570175264],[-96.81970666073504,19.469983879203696]]],[[[-96.84492027502512,19.479276607851546],[-96.84908877341175,19.48612177339486],[-96.84339954663744,19.491693318810647],[-96.84617611052006,19.494848876335297],[-96.84404423631788,19.49836539750369],[-96.8427035476124,19.497902491832875],[-96.83685376301183,19.501935303963183],[-96.83340745235468,19.501274459534027],[-96.8322800492343,19.500234473263937],[-96.8327845711403,19.495856135093785],[-96.8392286211181,19.494778400490176],[-96.84193350929583,19.491347135167157],[-96.83695831949814,19.478342117828042],[-96.84016525137726,19.477316264116062],[-96.84492027502512,19.479276607851546]]],[[[-96.8497562826024,19.498867440839707],[-96.84989970365574,19.50369845204456],[-96.84457350242083,19.503553520521173],[-96.84346696197639,19.501488676206908],[-96.84428443431642,19.49891150667007],[-96.84684869556311,19.499877382901587],[-96.8497562826024,19.498867440839707]]]]}},{"type":"Feature","properties":{"clues":"SPIMS000545"},"geometry":{"type":"Polygon","coordinates":[[[-99.27368928261254,21.44912276388266],[-99.27937941137799,21.446647700196024],[-99.29151932708095,21.446332277698566],[-99.32510266427654,21.432129111589507],[-99.37345958225076,21.4277417498732],[-99.37349376590942,21.471163162461256],[-99.36283929001233,21.480461577874422],[-99.36045750920945,21.48656363505206],[-99.37387880050916,21.547783657256275],[-99.26959822651968,21.537026506429086],[-99.27099198449304,21.577395011253245],[-99.27314953898593,21.588029972905755],[-99.2336545228006,21.636925246351606],[-99.2185627037342,21.629145963088103],[-99.20269235562603,21.64676091622808],[-99.19995884009408,21.647939291431832],[-99.19879768523444,21.66701665393159],[-99.20785789906748,21.695812029025895],[-99.2072577695692,21.70768003030631],[-99.2001887159139,21.72044442025132],[-99.19863030956289,21.730728641345156],[-99.15992591573425,21.719466030941746],[-99.15240459367018,21.711013857719692],[-99.15022915671379,21.703115960939154],[-99.12970086442067,21.70075858120074],[-99.12216716659306,21.70463586388889],[-99.11330538538735,21.699232837934403],[-99.1025505655851,21.67927487678538],[-99.10146490168694,21.67283624989313],[-99.09153971220911,21.6681349052816],[-99.08907260507763,21.645228672477124],[-99.10426934722733,21.62839327671014],[-99.0989722587015,21.61925076590275],[-99.09206581247462,21.613905270527894],[-99.10527521097342,21.581669124103776],[-99.10497813758857,21.576225033477645],[-99.11905438145449,21.564314675104388],[-99.12941670954856,21.560961415133775],[-99.13141638604895,21.553566727334267],[-99.14306296538169,21.533709774031784],[-99.14838624399857,21.530607912557773],[-99.14973182284758,21.514970452650225],[-99.1243588108803,21.485543807393906],[-99.11955178684971,21.46528441422376],[-99.12570096777758,21.441693494956564],[-99.13402038599907,21.442368931038136],[-99.16690592860778,21.431776756363472],[-99.17381691605783,21.432242640516147],[-99.20078940159699,21.405945531165564],[-99.21794541253374,21.39887506998051],[-99.25682630282385,21.46661262024344],[-99.27368928261254,21.44912276388266]]]}},{"type":"Feature","properties":{"clues":"YNSSA000022"},"geometry":{"type":"Polygon","coordinates":[[[-89.24546813495898,21.04951785843562],[-89.22449409422322,21.063892419044738],[-89.21439333120033,21.024785708559538],[-89.21868250542438,21.024981305060926],[-89.23020664849379,21.0331448863451],[-89.24486778593369,21.047236235023043],[-89.24546813495898,21.04951785843562]]]}},{"type":"Feature","properties":{"clues":"QRIMB001116"},"geometry":{"type":"Polygon","coordinates":[[[-88.96195914611616,19.670063389566884],[-88.9883465245589,19.67217192314192],[-89.01695255546458,19.709131515375905],[-89.0047165984323,19.736863593720233],[-89.00678456543831,19.74304778326751],[-89.0046872517584,19.747176999592664],[-88.92251205712596,19.7797060185947],[-88.92025848025457,19.778605743172836],[-88.91138343899507,19.721723717798945],[-88.91875777540037,19.69167673059677],[-88.94644173051776,19.686323986441604],[-88.96195914611616,19.670063389566884]]]}},{"type":"Feature","properties":{"clues":"YNSSA000483"},"geometry":{"type":"Polygon","coordinates":[[[-88.85701512117032,20.776571366666996],[-88.85068183631016,20.770311613514103],[-88.8849113413676,20.679773584074656],[-88.91904428119524,20.708733361088473],[-88.92001735758214,20.711157718842053],[-88.96739881733403,20.7424575321371],[-88.96641869413898,20.796716810649652],[-88.93324977302468,20.80406926827614],[-88.91780787995297,20.801005590483182],[-88.8900263443959,20.776673187034994],[-88.85701512117032,20.776571366666996]]]}},{"type":"Feature","properties":{"clues":"SCCSA003396"},"geometry":{"type":"Polygon","coordinates":[[[-88.7374210587521,20.07478418794946],[-88.735335645827,20.07686224091607],[-88.69478330818156,20.08597501927519],[-88.6546582011882,20.083540194627385],[-88.65177695445745,20.082146470048386],[-88.64884264325033,20.05536404872313],[-88.65470751534971,20.04061525887937],[-88.73702155845788,20.023948386989616],[-88.7374210587521,20.07478418794946]]]}},{"type":"Feature","properties":{"clues":"QRIMB000730"},"geometry":{"type":"Polygon","coordinates":[[[-88.64103575030731,18.216664939789464],[-88.65824741995127,18.203722889704284],[-88.66529910585201,18.20307703165354],[-88.68563320660513,18.21841125323482],[-88.69691686398195,18.216057813466243],[-88.73194533097426,18.224076872682097],[-88.69602303876981,18.245655485664727],[-88.68956777139988,18.25544310309639],[-88.68388242242628,18.256875443535804],[-88.67301409584314,18.25168190215681],[-88.66840654527284,18.256544495328153],[-88.65766406028101,18.26023868839957],[-88.64884906558741,18.276261289147207],[-88.62351103742971,18.275718107184098],[-88.60627959407341,18.262400415525182],[-88.60383137966613,18.257447289087683],[-88.60557749037393,18.256478709407563],[-88.60546506006803,18.252161509499416],[-88.60310426025147,18.250594659183093],[-88.60658188983734,18.24557585918855],[-88.6041295097171,18.24509762940294],[-88.60442061956351,18.241518179660822],[-88.60841148032354,18.23826739967777],[-88.60945305989605,18.2339933391711],[-88.61231901996055,18.232439489824724],[-88.61191557961997,18.230012939172866],[-88.61386673980248,18.22851359942138],[-88.61554439974492,18.22327808925624],[-88.6188683399754,18.2237443498317],[-88.62414410987871,18.22136719943943],[-88.62580522047375,18.218678819068554],[-88.62900741968772,18.21896848900754],[-88.63232395030668,18.215734739103688],[-88.63237746016829,18.212928459840743],[-88.64103575030731,18.216664939789464]]]}},{"type":"Feature","properties":{"clues":"YNSSA000326"},"geometry":{"type":"Polygon","coordinates":[[[-88.51303047795572,20.777345491731065],[-88.48811278282437,20.773114547278887],[-88.51268646149389,20.707910676645078],[-88.52991410972875,20.698047361947392],[-88.55826189354782,20.707580101624714],[-88.58014992544207,20.738569651936352],[-88.64804022474577,20.761390765285014],[-88.648516770179,20.762937569960382],[-88.6453688604913,20.79355201151437],[-88.59001650597185,20.825919593183567],[-88.5597458345727,20.808296156663516],[-88.51303047795572,20.777345491731065]]]}},{"type":"Feature","properties":{"clues":"QRIMB000095"},"geometry":{"type":"Polygon","coordinates":[[[-88.35347185350241,19.562033649521457],[-88.34226830964027,19.566227103676976],[-88.29774916156185,19.545314377327877],[-88.26209235795633,19.524589187341668],[-88.40468011091482,19.456111713693108],[-88.41098392187055,19.450311019721703],[-88.42298475549292,19.449549129798225],[-88.47419174316153,19.455265671418072],[-88.49290198594207,19.490534052221772],[-88.49605902160114,19.511790981732627],[-88.49637904759335,19.52319033630022],[-88.4836633764261,19.53876324610241],[-88.35347185350241,19.562033649521457]]]}},{"type":"Feature","properties":{"clues":"YNSSA000133"},"geometry":{"type":"Polygon","coordinates":[[[-88.47661442133479,20.580549701746097],[-88.46073005130776,20.57130509350964],[-88.45182513567694,20.552031191320825],[-88.44878179368098,20.53519345981532],[-88.45640871244062,20.525227808215714],[-88.49564724398391,20.5430779160652],[-88.5071001134995,20.541249155977447],[-88.53948863706043,20.557296960934938],[-88.53807318235509,20.574825469887568],[-88.5319258383289,20.583489434459942],[-88.50712888070768,20.568315018213326],[-88.50012488589907,20.578138203609715],[-88.48471559217161,20.5747477905545],[-88.47661442133479,20.580549701746097]]]}},{"type":"Feature","properties":{"clues":"YNSSA000104"},"geometry":{"type":"Polygon","coordinates":[[[-88.31448844421412,20.618353466106033],[-88.28489421945703,20.651703085066558],[-88.26796039043855,20.635513330713735],[-88.28029216520687,20.620787615001657],[-88.30204724865946,20.60702715743959],[-88.31460989669822,20.613782459773805],[-88.31448844421412,20.618353466106033]]]}},{"type":"Feature","properties":{"clues":"YNSSA013435"},"geometry":{"type":"Polygon","coordinates":[[[-88.27011042289506,21.292186515443955],[-88.26888153742544,21.296846570400934],[-88.26649548445609,21.29803087151595],[-88.26140960438363,21.285971966708654],[-88.26825731779087,21.286386926297986],[-88.27011042289506,21.292186515443955]]]}},{"type":"Feature","properties":{"clues":"SCCSA003433"},"geometry":{"type":"MultiPolygon","coordinates":[[[[-88.19488813638263,20.745695449094633],[-88.21202414983011,20.73581781027996],[-88.21694501679788,20.741606628176886],[-88.21335203096915,20.75165813186368],[-88.2185390974286,20.757390523548313],[-88.2214279090643,20.758762771639812],[-88.24087558877292,20.75436065650523],[-88.26741916572956,20.771915691530957],[-88.28654628071135,20.775697250205734],[-88.28281763395545,20.78829054460397],[-88.2317106484414,20.808090377133865],[-88.22469547829355,20.80439117392166],[-88.2116076925591,20.816321077421247],[-88.20766605586014,20.805683435168945],[-88.19932279027059,20.80391324341009],[-88.19516325430486,20.810515533828088],[-88.17629066564218,20.805734690956633],[-88.16786960821226,20.819759952773353],[-88.15934516045479,20.828493027726886],[-88.1289787943947,20.818766989463388],[-88.13411035402049,20.81290573915286],[-88.13181992794463,20.798784432091313],[-88.12769050341775,20.7976350133908],[-88.11028228532977,20.80457015869577],[-88.11554710263296,20.77113935994284],[-88.12966855723725,20.78375794503366],[-88.14946926979431,20.78469978911584],[-88.15082593956907,20.782551210311762],[-88.14991699808287,20.777358669451118],[-88.15148393881111,20.768892658345735],[-88.15423548198824,20.76436727653394],[-88.16193004565335,20.761617788831867],[-88.1679623716354,20.755804971873427],[-88.17712761022759,20.760093519342984],[-88.18182337039538,20.760301670826156],[-88.19112133255581,20.753114316018888],[-88.19488813638263,20.745695449094633]]],[[[-88.18402038735474,20.734296582064005],[-88.17663197556482,20.744211949412925],[-88.16670218520918,20.73815651552514],[-88.16240689727763,20.74419495749178],[-88.1544383729724,20.733012434176057],[-88.16299595900838,20.729127837565198],[-88.18402038735474,20.734296582064005]]],[[[-88.00564697131459,20.784084453066278],[-88.01527731040113,20.797191075388486],[-88.01607886198344,20.80449218830079],[-88.01425179514167,20.806993363820904],[-87.98636960495367,20.80026293782114],[-87.98944076155026,20.778023880402916],[-88.00564697131459,20.784084453066278]]],[[[-87.93070819748891,20.795412061709275],[-87.9250986820361,20.812825729896964],[-87.89332081487616,20.83338047671994],[-87.87921149239922,20.82001293212095],[-87.9272910802502,20.782922242016497],[-87.93070819748891,20.795412061709275]]]]}},{"type":"Feature","properties":{"clues":"QRIMB000952"},"geometry":{"type":"MultiPolygon","coordinates":[[[[-86.80709028957857,21.18085617931696],[-86.8040195406824,21.168934100064313],[-86.8018218936602,21.169883360704592],[-86.80975266499551,21.157900782861184],[-86.81508871660866,21.159522365910068],[-86.81792463552269,21.16417859641444],[-86.81658960985212,21.1708775456669],[-86.82031772672116,21.17561497905549],[-86.81908973008281,21.179792478186585],[-86.8204042626153,21.18361416013475],[-86.81547320364476,21.188807985118583],[-86.8123220711951,21.196170219079633],[-86.81738224331416,21.21563683384981],[-86.81738150934807,21.23000169050326],[-86.82898551933985,21.24579643616685],[-86.82961176737959,21.247679353970167],[-86.82346759414958,21.24399157857802],[-86.82271331981778,21.245823109389146],[-86.82060426346831,21.245498103058054],[-86.82377894693187,21.250213593783197],[-86.82315928022882,21.2514481993013],[-86.83156302973968,21.253725689714436],[-86.8274260434087,21.269837567875147],[-86.83480080050174,21.276880715949222],[-86.83032805716783,21.282632362163834],[-86.82849349207899,21.282196920224603],[-86.82734373696701,21.27905710232171],[-86.82499092586633,21.27962626918877],[-86.8247053908595,21.281947553412646],[-86.82110610264402,21.28178160116846],[-86.82115000386706,21.2830264167116],[-86.82400107427918,21.28374168271862],[-86.82032195134157,21.284759616203],[-86.82476107372797,21.286379553011884],[-86.82455168124108,21.28787195150327],[-86.82312971529855,21.287799614954025],[-86.82464777043563,21.289504799796454],[-86.82583391338356,21.297438169505206],[-86.82678178048523,21.295097919245606],[-86.82744919979292,21.296326259179946],[-86.82228348031099,21.305338079430616],[-86.82187679589555,21.314864938659486],[-86.81781160620693,21.318922752483395],[-86.80960389318791,21.321585369029957],[-86.79964953678044,21.32809045861473],[-86.79552462154528,21.33677989338469],[-86.79638384560775,21.337839229160824],[-86.79475962644776,21.338247544439593],[-86.79426545944537,21.341397737059697],[-86.79255843397458,21.342322870993804],[-86.79269120817312,21.34505544400557],[-86.79658651030292,21.347893539729792],[-86.79528405955386,21.350348119439346],[-86.79551945027839,21.35851191893537],[-86.79418874978883,21.359989918965134],[-86.7964236196111,21.363558429580745],[-86.79487402971901,21.365515629035723],[-86.79714458040792,21.370648479007716],[-86.80049162000158,21.373901078912734],[-86.80568658023563,21.37523924958227],[-86.80466165981088,21.38286894935127],[-86.81346534978186,21.39293955897368],[-86.81005704981109,21.398560289462605],[-86.81577269022343,21.400810249538182],[-86.81758557023541,21.403980349172297],[-86.82242187864243,21.40474513648647],[-86.82343457813015,21.406795755493274],[-86.82077196122394,21.40918425843264],[-86.82648504987148,21.40970664889357],[-86.82771843044057,21.411442969665426],[-86.82685854968845,21.415686849337806],[-86.82206794023219,21.42009081958997],[-86.81530256954017,21.414006169318455],[-86.80983471965294,21.412905279021377],[-86.80517731975863,21.40894379888774],[-86.80124851039264,21.392803489139688],[-86.79921974001738,21.38879885950821],[-86.79505408042168,21.385918089305825],[-86.79830111978103,21.388568749237315],[-86.79437971966586,21.388152349011563],[-86.79825582002441,21.394391259505365],[-86.79658738885651,21.39517176693591],[-86.7999476301965,21.402381489660065],[-86.79831285499014,21.40441704464259],[-86.79823480900025,21.40727620434786],[-86.7991148524411,21.4067027546282],[-86.79630042599959,21.409728952069138],[-86.79799103323239,21.410325006952114],[-86.79632915313188,21.41098612630417],[-86.80132235684046,21.412352382658423],[-86.79580479359171,21.412256631956744],[-86.79370666030613,21.397599949653138],[-86.78984908950288,21.388742459709412],[-86.79114694963835,21.376421399540536],[-86.79040002961503,21.345640999306642],[-86.79705854021587,21.328576509257687],[-86.81160177975976,21.303033449275983],[-86.81573766045445,21.286801109606955],[-86.81551404970496,21.27919430971582],[-86.81198984989729,21.26549262921631],[-86.81101563582827,21.2628474197995],[-86.80973528093776,21.26316405008409],[-86.81087306902091,21.262460309909372],[-86.80431630197637,21.245100542639037],[-86.80154502267389,21.240202739691398],[-86.8000697569678,21.24032004638466],[-86.80168463285423,21.24000508961816],[-86.80143101029647,21.238735258507077],[-86.79978500120212,21.23919881009551],[-86.80100368068442,21.23870118642628],[-86.80127757106715,21.23459147313152],[-86.79958934300133,21.233142857759965],[-86.80116004646071,21.233286468091872],[-86.8020056902098,21.229510289110177],[-86.8007439497324,21.213544259165566],[-86.80432705951932,21.20477344948013],[-86.80443011991218,21.203360835333637],[-86.80293341014242,21.203388828932574],[-86.80319575508386,21.202256121673763],[-86.80381159747034,21.2020471419936],[-86.8030554882853,21.203038856918017],[-86.80443371718754,21.203311517801836],[-86.80635192966,21.19089956578032],[-86.80490140967039,21.190791062694757],[-86.80636525537297,21.19086530128699],[-86.80675302023447,21.18942407994207],[-86.80581559854768,21.187756773287887],[-86.80699504989195,21.183786268455258],[-86.80443130001817,21.184431339965855],[-86.80451053613557,21.182690525923455],[-86.80700468694783,21.183695610675002],[-86.80708464279498,21.182329855180864],[-86.80535532435329,21.182258978593136],[-86.80708035380047,21.18228792132844],[-86.80709028957857,21.18085617931696]]],[[[-86.89647455646137,21.410647723265676],[-86.89233420032377,21.411346629372556],[-86.88673621968665,21.40354619917208],[-86.8869693101129,21.396415509638096],[-86.88457070994586,21.39203768938345],[-86.88582886027893,21.388212138946184],[-86.8802650302958,21.369615309342585],[-86.87918387985177,21.36005002964134],[-86.87561478017611,21.353221949754708],[-86.87447893999509,21.344547179336526],[-86.86173171920059,21.320956840091434],[-86.89601583288136,21.371507158715858],[-86.90802521463891,21.414945149173125],[-86.90092716986229,21.419649057675496],[-86.89647455646137,21.410647723265676]]],[[[-86.87044681966029,21.428678799154756],[-86.87851789009811,21.420434169017845],[-86.88832890970407,21.416807519586698],[-86.88616346012262,21.420612999483126],[-86.87729721997378,21.422522059095762],[-86.87482117041414,21.426330919486674],[-86.87507082955783,21.427239769413646],[-86.87842199976913,21.42492651954559],[-86.87738771016028,21.42659659932298],[-86.8789825501866,21.42841516943777],[-86.88001623019576,21.42759514910268],[-86.87911054955923,21.42504425947805],[-86.88264777995288,21.424841599253227],[-86.8815192199709,21.426951339003992],[-86.88408634964121,21.42648413901949],[-86.88346490966155,21.428248768940108],[-86.88727365558161,21.4299286748099],[-86.88078423006198,21.434853008673358],[-86.86866398042184,21.42965167943816],[-86.86869320043871,21.432026049583246],[-86.85186489008028,21.4363821397613],[-86.85571893990792,21.432633509606376],[-86.86574381977618,21.430234309178566],[-86.86816212019657,21.428295909348872],[-86.87044681966029,21.428678799154756]]],[[[-86.71839517024738,21.212185779054074],[-86.71040527988357,21.201453539381863],[-86.71844664966558,21.205545219363763],[-86.72518765028622,21.21444468967868],[-86.73416518034696,21.222670859191123],[-86.73667708976485,21.228063599586836],[-86.74255258004,21.234361369519085],[-86.74356224995135,21.237389509291575],[-86.74269435559519,21.23898758675359],[-86.74013436956997,21.239376649525592],[-86.73848276982339,21.235781089467373],[-86.73986256956776,21.233700721321213],[-86.73013510989786,21.22137567916911],[-86.73426208508754,21.23106782836523],[-86.73660333991182,21.234424379367752],[-86.73766105022054,21.23389316917775],[-86.73694352033733,21.235611049167755],[-86.73743300175748,21.23480646078406],[-86.74535875615514,21.25433709380323],[-86.7530721995401,21.257784459148763],[-86.75064646416008,21.262642920552025],[-86.74883111702599,21.262753704954626],[-86.74911002993245,21.26382704970236],[-86.74999339960601,21.26456967943227],[-86.750234720215,21.264459938936646],[-86.75029542015838,21.264602289722994],[-86.74997577031623,21.26461681909671],[-86.74908663021583,21.26385002938322],[-86.74933954996061,21.26492947907925],[-86.74863219962738,21.265200279177975],[-86.74716385954135,21.259551489602988],[-86.73892777022391,21.24550867912283],[-86.72224307996775,21.222801919331843],[-86.71839517024738,21.212185779054074]]],[[[-86.79571263546887,21.5055503436909],[-86.7838815995509,21.46109027904927],[-86.78422278003345,21.45799936911274],[-86.7866579099696,21.458396379681542],[-86.78941965968262,21.463523628927256],[-86.79031788972983,21.46857502940454],[-86.78827791952503,21.470378459245726],[-86.78868500018447,21.47564777960088],[-86.79046522040942,21.479032339168196],[-86.79095380023321,21.477834569583955],[-86.79214274017384,21.47861245966015],[-86.79484199953738,21.48463125942134],[-86.79278914962357,21.48267079913678],[-86.79089412015527,21.483883709736542],[-86.79159237039448,21.487378569539015],[-86.79452717012009,21.490555429803475],[-86.79509998031301,21.493577449352365],[-86.79378019972407,21.495955719495658],[-86.79701750965862,21.501852419320773],[-86.79878191971714,21.501411029135717],[-86.79577132020943,21.489367199111772],[-86.79884922969826,21.490726059499085],[-86.80013675699263,21.501864965454942],[-86.79571263546887,21.5055503436909]]]]}},{"type":"Feature","properties":{"clues":"QRSSA017972"},"geometry":{"type":"Polygon","coordinates":[[[-86.91105545297822,21.1810205992347],[-86.90556046058185,21.18502390326665],[-86.91524038615904,21.18363122813641],[-86.93578981545328,21.189188226728138],[-86.96535560046974,21.21742353964773],[-86.92496121546537,21.220430015805697],[-86.91927871706528,21.219648693718963],[-86.90603443927202,21.223563836923795],[-86.88668887362539,21.215657293885915],[-86.87987666454204,21.21472875961454],[-86.86573695938063,21.217208214409947],[-86.85804775609031,21.213676679823056],[-86.85584224447312,21.207937507318224],[-86.8559241867823,21.199688995411048],[-86.85907463709864,21.198813740259947],[-86.85977533217216,21.20430378059958],[-86.86650670299625,21.199803390421618],[-86.86098461245392,21.196952096073353],[-86.85981805067335,21.194829415069346],[-86.86362571603992,21.191793141870313],[-86.86290530937045,21.188289702882617],[-86.86948777176002,21.190620116874456],[-86.87452737324594,21.188889220557385],[-86.88388549821053,21.191032296524284],[-86.88752360808277,21.18865455660027],[-86.89697948446332,21.191560071910075],[-86.8939584756122,21.18114783216524],[-86.90438592518072,21.180004093191084],[-86.90688494023858,21.17658733635198],[-86.90812282704171,21.17802013787446],[-86.91010810754824,21.17693698713198],[-86.91105545297822,21.1810205992347]]]}},{"type":"Feature","properties":{"clues":"SPIMS002196"},"geometry":{"type":"Polygon","coordinates":[[[-101.66668388806994,23.087455960849848],[-101.65270704237243,23.106275700965497],[-101.63880928983417,23.136076193222703],[-101.4840323049486,23.195796008044418],[-101.4731424171533,23.18863757133158],[-101.45692261298798,23.112017824358777],[-101.44050373682997,23.08466180584527],[-101.49835703289129,22.94402202939244],[-101.53114502910809,22.945593185640494],[-101.5946461056345,22.97182196581066],[-101.62317951642244,22.975635432473776],[-101.64956638893766,22.99348031095637],[-101.74218710387437,22.949147706439362],[-101.77157545725103,22.952455172282818],[-101.78669292146839,22.972692478676525],[-101.80664109501207,23.021631573637706],[-101.80584856347485,23.04188190108555],[-101.81031753972493,23.04758377649169],[-101.84327855936645,23.06595936867928],[-101.87434254632439,23.092912436677164],[-101.88300380535377,23.114610860018143],[-101.81705834804673,23.165571688859092],[-101.81193551931158,23.2314100742901],[-101.79807386693929,23.23819786692379],[-101.79348251073597,23.23803193932204],[-101.67386654705535,23.08890152901631],[-101.66668388806994,23.087455960849848]]]}},{"type":"Feature","properties":{"clues":"SPIMS000463"},"geometry":{"type":"Polygon","coordinates":[[[-101.19104538424536,22.340840184952388],[-101.20414062822252,22.361102356000067],[-101.22747713329977,22.352295219789518],[-101.2332082391541,22.35346297577857],[-101.25516098917281,22.371437328344964],[-101.25903391916957,22.38155865831034],[-101.2271920785945,22.412543639750293],[-101.20825406323978,22.40868576222983],[-101.20037906922374,22.38622643262115],[-101.18255670202103,22.388426709402026],[-101.17187580141079,22.387894895802916],[-101.1662966829432,22.385106256170168],[-101.16246518074765,22.38045325560112],[-101.16192761425354,22.37821444332391],[-101.16503919259904,22.368326080684167],[-101.15935297943776,22.35277176316345],[-101.19104538424536,22.340840184952388]]]}},{"type":"Feature","properties":{"clues":"SCCSA002304"},"geometry":{"type":"Polygon","coordinates":[[[-101.0409874852724,22.451832729298246],[-101.03461936007878,22.44040366532638],[-101.0408410923216,22.42915212004338],[-101.0591769666907,22.424516875994687],[-101.06161570251213,22.429823960749594],[-101.08729468337329,22.4320142247146],[-101.08840552757853,22.440210735455693],[-101.09582320667077,22.452249941903624],[-101.11226301415887,22.495318423678253],[-101.07824605268415,22.493781991322997],[-101.0692104030542,22.489656159107124],[-101.06709543283924,22.478520904757435],[-101.07504203561786,22.461067129240057],[-101.05789429703063,22.460871314460434],[-101.04886922739433,22.451281211534276],[-101.0409874852724,22.451832729298246]]]}},{"type":"Feature","properties":{"clues":"SPIMS001245"},"geometry":{"type":"Polygon","coordinates":[[[-101.06204603516767,22.17695979946162],[-101.074538448416,22.176843978934293],[-101.09300933912414,22.184040866111328],[-101.09574646136944,22.18381634815248],[-101.08111364825768,22.217834196215076],[-101.08842392951023,22.228512200363923],[-101.08409628307683,22.235680030543854],[-101.06824867098953,22.236093988333913],[-101.06795528334393,22.25415214445251],[-101.06663457427514,22.25675554451068],[-101.04875135365673,22.254349143045204],[-101.0519519142969,22.238863197571447],[-101.04604827989989,22.226054763647603],[-101.05116711377877,22.224225502912358],[-101.06202227932901,22.210958078350966],[-101.05556739252972,22.205793033516617],[-101.040650991217,22.211080602978967],[-101.03985694992522,22.19474767938532],[-101.04671725885689,22.188563766242297],[-101.04672503399271,22.179524020887122],[-101.05406329400661,22.179916145319172],[-101.05567098240516,22.181634527723144],[-101.06204603516767,22.17695979946162]]]}},{"type":"Feature","properties":{"clues":"SPIMB002084"},"geometry":{"type":"MultiPolygon","coordinates":[[[[-100.93181832978759,22.201782985928826],[-100.9398644024029,22.20483106241548],[-100.94668835583514,22.21086047362118],[-100.95499523834592,22.200040239631882],[-100.96138925303622,22.201846746359358],[-100.96164837017686,22.203894420147346],[-100.95682209364783,22.20767374157988],[-100.9569097698722,22.209688951951208],[-100.95861803263736,22.212476212396577],[-100.96248818199223,22.214066255729158],[-100.9625876908226,22.218803991085142],[-100.95990851194209,22.222146668632107],[-100.95116468946344,22.226218168174494],[-100.9494904700985,22.229760113213604],[-100.94254759075727,22.234153623609526],[-100.9412971883293,22.242508028889027],[-100.96504390866443,22.255505880556402],[-100.94672805016314,22.2684563862029],[-100.93270186126541,22.274621836149347],[-100.93152761852066,22.278712119140845],[-100.92345617186616,22.289281310575248],[-100.91431426450018,22.29558133702632],[-100.89477774746531,22.257358958630455],[-100.89853763135437,22.253364107927762],[-100.90019552159261,22.23625437668039],[-100.90261658425932,22.231549126845323],[-100.90441608895836,22.220598268961574],[-100.90250365110428,22.213298592119948],[-100.8968331670661,22.209173468625764],[-100.89365836012001,22.20968137612591],[-100.89059851529308,22.21358424133727],[-100.8848130251047,22.210611554739668],[-100.8774546215247,22.217204113290716],[-100.87524949145926,22.2153024065516],[-100.87386110739415,22.207344753018326],[-100.87142623446202,22.205394638297157],[-100.87184452801803,22.201043228209656],[-100.8769977981264,22.200736438713886],[-100.8800545375984,22.19763929957928],[-100.87783341731492,22.19552341960766],[-100.88075581011928,22.18758242341233],[-100.88838650965981,22.191097556993334],[-100.89116156119881,22.190241239994943],[-100.89540332857527,22.194343443440136],[-100.8981276516568,22.19377026857283],[-100.90209887592951,22.189437003150736],[-100.90563321660605,22.19113756743203],[-100.90862837514864,22.188505555426858],[-100.9069228651312,22.184765792050797],[-100.91214471529341,22.183778794107003],[-100.92002520739688,22.184255823222742],[-100.9201208681547,22.191191682080095],[-100.91828248377068,22.193206148189063],[-100.92199110419908,22.202569154826104],[-100.92504741507862,22.202885675787716],[-100.92715557734985,22.201389157120516],[-100.92950922674605,22.19376920314795],[-100.93577466123408,22.196324697416134],[-100.93181832978759,22.201782985928826]]],[[[-100.96312922718023,22.21878520785315],[-100.96817753283075,22.21568929464939],[-100.97265558604735,22.217119136114857],[-100.97005201640387,22.22030297667367],[-100.96312922718023,22.21878520785315]]]]}},{"type":"Feature","properties":{"clues":"SPIMB002195"},"geometry":{"type":"Polygon","coordinates":[[[-100.96325092402849,22.046391835386785],[-100.9589815338751,22.06838284968717],[-100.95620087863475,22.095611585418123],[-100.95420004006081,22.10202445721844],[-100.94542138646399,22.105277463318853],[-100.94468596886138,22.109383654465763],[-100.95622126099992,22.118124676912863],[-100.95203627483583,22.12338510793602],[-100.95422796222643,22.126928510379777],[-100.95018051616299,22.130773381317848],[-100.95115639288622,22.13424161523267],[-100.94804063533817,22.136714073757716],[-100.9438406239848,22.136024157724542],[-100.94113325986964,22.131260091699357],[-100.9391002784949,22.131597131176385],[-100.9356533577159,22.135724696435574],[-100.92983266712893,22.133304657135135],[-100.92580121268688,22.133653434924323],[-100.9232674029712,22.13135501487344],[-100.91904755401572,22.132643180277967],[-100.91702727634424,22.131041637000006],[-100.91420625120932,22.120542199377965],[-100.9053912207899,22.124836168990683],[-100.90358094663924,22.124303828763292],[-100.90197821224125,22.118686637333198],[-100.90232179889998,22.112397608737812],[-100.90982845488479,22.11324587421475],[-100.91771340928028,22.104529797926617],[-100.91539061211864,22.098115764724078],[-100.92000051269872,22.078411272384884],[-100.94052947853712,22.066519327263194],[-100.9378214188416,22.077611103385106],[-100.94020347657174,22.099539599980883],[-100.94171272798994,22.10090114263048],[-100.94341563627239,22.100207422845532],[-100.94564425324035,22.095720148860803],[-100.94219070222,22.06476955779073],[-100.96325092402849,22.046391835386785]]]}},{"type":"Feature","properties":{"clues":"SPIMB000906"},"geometry":{"type":"Polygon","coordinates":[[[-100.75670387869155,21.858443203425605],[-100.76241738801461,21.871136527983722],[-100.76735317269032,21.8729431215564],[-100.77375023452122,21.866108432717407],[-100.77927064069775,21.86507689319998],[-100.78203012651619,21.86929540869966],[-100.79585755873389,21.874722082914253],[-100.79897356052881,21.881849512951934],[-100.80481771258324,21.885822293228696],[-100.82092424322026,21.865161532355113],[-100.82897828650776,21.880895695755555],[-100.81905859539135,21.901450670700548],[-100.82299822599647,21.90911502280996],[-100.82826248808445,21.914105427451144],[-100.82570264835789,21.930144457769874],[-100.81040561983227,21.93132801632313],[-100.79405230754708,21.925461322505253],[-100.79145416251326,21.921134033907222],[-100.79602171872574,21.91619032600667],[-100.79258831014542,21.900755162469483],[-100.78614068355925,21.899970897067828],[-100.78327671675638,21.903296625748403],[-100.77528656504113,21.90625963637613],[-100.7622873574919,21.898947139029637],[-100.76467020904118,21.890289285601614],[-100.74671245116005,21.87813315094067],[-100.74274391671256,21.8718186964421],[-100.74659902773155,21.860575728915727],[-100.75670387869155,21.858443203425605]]]}},{"type":"Feature","properties":{"clues":"SPIMB002253"},"geometry":{"type":"Polygon","coordinates":[[[-99.02494042399093,21.888438969553437],[-99.03970889019033,21.87585451147216],[-99.05191278074179,21.880115361631564],[-99.05144310807762,21.89054842102576],[-99.0560624322648,21.908183449278408],[-99.04569903234867,21.9231259052191],[-99.04635682411221,21.927740507728327],[-99.03796782832947,21.938206533826673],[-99.03460238040044,21.938668079732434],[-99.02610216833236,21.94818419904106],[-99.02834001175034,21.95537525973399],[-99.03149638538036,21.95908140769627],[-99.02730932811069,21.971902105336994],[-99.0208735453314,21.970970007972916],[-99.01628738564656,21.980974116804088],[-99.01367650623837,21.982561862406232],[-99.0069308726176,21.982980633733725],[-99.00574140581092,21.988725329464955],[-99.00101384580447,21.986114107721683],[-99.00057105970264,21.98195954263133],[-98.9978684089335,21.978212465785376],[-98.99261803150728,21.977606925021387],[-98.99405683991291,21.97458268414799],[-98.99261274763647,21.972108680278556],[-98.98426651765874,21.97102808021035],[-98.98081397755072,21.96196739564279],[-98.98373833721338,21.955768405485344],[-98.98295883262614,21.94669251585501],[-98.97788120855724,21.944799033912922],[-98.97087874901808,21.945626604303957],[-98.97011063357765,21.946769916687675],[-98.9485457225303,21.948460074876902],[-98.95006258272073,21.939503242044665],[-98.94384667797952,21.92772685683933],[-98.93253068077783,21.915239239530653],[-98.96069328639085,21.91682151374575],[-98.96454578120341,21.9149573673659],[-98.9685126379286,21.90020257161646],[-98.98093598277704,21.897529800893167],[-98.99091419191296,21.90499378905154],[-98.99989231334858,21.900077092496613],[-99.0072743305329,21.90076902040137],[-99.00691012033583,21.889424267862967],[-99.02494042399093,21.888438969553437]]]}},{"type":"Feature","properties":{"clues":"TSIMB000642"},"geometry":{"type":"Polygon","coordinates":[[[-99.00390279943963,22.655086976829285],[-99.00414957286826,22.678924509610397],[-99.00545044202916,22.687912743348647],[-99.01403338080576,22.691904438055083],[-99.01821275756812,22.695946223729532],[-99.02113295118997,22.703786420924427],[-99.01478298626796,22.713033827183253],[-99.00198158442127,22.720204153804012],[-98.99238533202573,22.71600183639658],[-98.98609988990967,22.716528752511447],[-98.9827603832754,22.713095392882025],[-98.97674736805081,22.71809188884258],[-98.97424495241118,22.713136607925964],[-98.96578146100067,22.707628449726755],[-98.96291842551696,22.701348557236884],[-98.96076794951021,22.70141680766103],[-98.95403333525202,22.694283076447444],[-98.95140073400881,22.686091092402165],[-98.92491735081288,22.681925752944704],[-98.91783268933312,22.672828203424483],[-98.92000140512943,22.670774308882585],[-98.9355494068108,22.63334922326629],[-98.96581836425791,22.64565054093807],[-98.9808077554601,22.616156102576316],[-98.99525040281202,22.62050041562329],[-99.00082046975864,22.624778515267096],[-99.00448772051075,22.63147737208834],[-99.00667942237723,22.638594747206096],[-99.00555531993015,22.652140848783016],[-99.00390279943963,22.655086976829285]]]}},{"type":"Feature","properties":{"clues":"SCCSA002333"},"geometry":{"type":"Polygon","coordinates":[[[-98.98959844773607,22.0050544055127],[-98.99918661363435,22.010351110470857],[-99.00511591634887,22.00986649837888],[-99.00428494691565,22.015813988414003],[-99.00714808974709,22.018395386622966],[-99.00153551362892,22.024914318720544],[-99.00180027394954,22.02759622935264],[-98.99890401850632,22.028854564776616],[-98.99093690342396,22.02824957155015],[-98.98914819521397,22.025161382557524],[-98.9910398957522,22.020528368657786],[-98.98617288241458,22.01687693218528],[-98.98121110178383,22.016369010308974],[-98.97974511463586,22.008784258374007],[-98.98667013798739,22.00895575968202],[-98.98714054763603,22.011834404420938],[-98.98986897336981,22.012805595009134],[-98.99119373231818,22.01210032291248],[-98.98846578083268,22.0069910078435],[-98.98959844773607,22.0050544055127]]]}},{"type":"Feature","properties":{"clues":"SPIMB001360"},"geometry":{"type":"Polygon","coordinates":[[[-98.85326304734035,21.71882075856227],[-98.85701286233054,21.701944600566673],[-98.87290735211138,21.70182035575664],[-98.88440930365614,21.706773384559686],[-98.89008489421225,21.711096391005483],[-98.89685967868573,21.73018715751844],[-98.90515780667758,21.736358992887137],[-98.8967656098963,21.76753157426716],[-98.88775014969683,21.769659439587723],[-98.865853222608,21.77865230054115],[-98.85434340560067,21.75300183053197],[-98.85589558638274,21.749654568977526],[-98.85537780839081,21.725682857509423],[-98.85326304734035,21.71882075856227]]]}},{"type":"Feature","properties":{"clues":"SPIMS001962"},"geometry":{"type":"Polygon","coordinates":[[[-98.71802715972203,21.434346038410077],[-98.7225800454132,21.437709097205584],[-98.73419425604737,21.44147741157108],[-98.74982799809798,21.42921312252048],[-98.75421589882872,21.444500838312724],[-98.74861743279992,21.46335430756951],[-98.75335344462663,21.467951271235812],[-98.75785999810017,21.484296103933886],[-98.75409979012602,21.48809633718872],[-98.74213256605505,21.491452636264402],[-98.73680903820808,21.485406080724147],[-98.72817619957776,21.47924914845512],[-98.72421734788793,21.48029155173797],[-98.71998624797035,21.484549589122697],[-98.69680416733878,21.47826801944012],[-98.67289713606858,21.476525516041747],[-98.67164229088365,21.474189196134592],[-98.67367041882221,21.458455627776665],[-98.66738624500586,21.45221359269866],[-98.67100435605984,21.446062684870423],[-98.68151600988648,21.438200776665614],[-98.68070265435105,21.435133072641825],[-98.6823357017198,21.43259072119835],[-98.69153673387538,21.4262914862594],[-98.69719174225374,21.430559337480165],[-98.69868862210954,21.43377876191426],[-98.70944212615274,21.4388310848524],[-98.71802715972203,21.434346038410077]]]}},{"type":"Feature","properties":{"clues":"VZIMS006741"},"geometry":{"type":"Polygon","coordinates":[[[-98.5596444596236,21.601531490489148],[-98.57202167885774,21.609375093415828],[-98.59321393149376,21.59237341524738],[-98.59447259325539,21.593831159095362],[-98.59210426571731,21.620127726795587],[-98.60552544039565,21.615762011552416],[-98.61098153952344,21.62329174507639],[-98.62280905498068,21.622364973268105],[-98.62381075723489,21.624788075815523],[-98.62695575685134,21.625971484570208],[-98.64066895323431,21.63819952141274],[-98.62269235271046,21.651085614158944],[-98.6119312114513,21.66217901539552],[-98.61040468325234,21.665825031277826],[-98.59610399884949,21.673308246372155],[-98.59424631217225,21.67311019005001],[-98.57294366931023,21.689113815316823],[-98.55954694087328,21.691636039486138],[-98.54357300301602,21.673499718564052],[-98.53892221788347,21.67114321081157],[-98.53119280698702,21.672245440422035],[-98.52695043779376,21.670455186097602],[-98.51640667710073,21.654171410512273],[-98.50916592699583,21.650701040754587],[-98.5091346282285,21.648168218053847],[-98.50132126363371,21.641157293910396],[-98.48803272060947,21.643721609826127],[-98.47241684863853,21.650081360671013],[-98.48119290352193,21.62505804433877],[-98.48826124324336,21.62251178318648],[-98.49842613886372,21.608271112974013],[-98.48356248178773,21.598254630920746],[-98.48210887220291,21.59121429002765],[-98.48297991933953,21.588300716914134],[-98.50499500432575,21.587338293627443],[-98.51462248056606,21.576406711388135],[-98.52492698368494,21.589997777592544],[-98.54358166291493,21.60356937317215],[-98.5596444596236,21.601531490489148]]]}},{"type":"Feature","properties":{"clues":"SCCSA002463"},"geometry":{"type":"Polygon","coordinates":[[[-109.22524146695852,25.959017136984464],[-109.22726335164846,25.95838466147434],[-109.23670946108629,25.961294733686806],[-109.24427311491702,25.96043680101466],[-109.2499929050463,25.9617416255312],[-109.25662616964046,25.96011213564949],[-109.26146193819515,25.972741067758932],[-109.26955366855076,25.985969606108192],[-109.28084207693001,25.98544699067871],[-109.28883052508381,26.012183682375206],[-109.27385885587582,26.018348141936873],[-109.25307539931102,26.004796421569747],[-109.24152719834402,26.003511344902844],[-109.20906921236747,26.031233767323833],[-109.19145123904106,26.033235065824694],[-109.18457550869167,26.02601775590985],[-109.19655294516217,25.977120758889434],[-109.21600542591186,25.97234544707132],[-109.22524146695852,25.959017136984464]]]}},{"type":"Feature","properties":{"clues":"SRIMB001474"},"geometry":{"type":"Polygon","coordinates":[[[-109.25639685443444,26.75154755861337],[-109.25131337364866,26.754649017249214],[-109.23560421235834,26.75119361672214],[-109.2148622753585,26.73987447829341],[-109.25338292973733,26.72672440451417],[-109.25616285199085,26.727919738947772],[-109.26060916556352,26.74246083555284],[-109.25639685443444,26.75154755861337]]]}},{"type":"Feature","properties":{"clues":"SCCSA002545"},"geometry":{"type":"Polygon","coordinates":[[[-108.29742257944397,25.428738289668853],[-108.2951826075521,25.386134551813793],[-108.34569018709414,25.341257034915404],[-108.36512834224688,25.338939398762843],[-108.37077393727694,25.358784141296567],[-108.38624231985476,25.383757859311256],[-108.38707491693451,25.387945232179632],[-108.37240272237656,25.409067658875106],[-108.36892988370546,25.424564819016833],[-108.36142800292987,25.436989795067845],[-108.35466788109828,25.43802339299747],[-108.34305867442026,25.429949220577466],[-108.32732882135979,25.446931876766605],[-108.29742257944397,25.428738289668853]]]}},{"type":"Feature","properties":{"clues":"SLIMB001810"},"geometry":{"type":"Polygon","coordinates":[[[-108.12702579170787,25.4005237381654],[-108.14911537215502,25.41246419452558],[-108.16077288123601,25.41499787858492],[-108.16862831799338,25.421959895066802],[-108.16610484443224,25.436288365122373],[-108.16649664082288,25.443110894354],[-108.15470083501563,25.455804415313267],[-108.14082250280623,25.462562439299973],[-108.12418739929143,25.462702709034804],[-108.11011668375782,25.452966603861093],[-108.11261539286345,25.43949897840797],[-108.10618705593768,25.436279401207734],[-108.10794932216069,25.43110834529076],[-108.11052799152226,25.42852430169172],[-108.11138428088906,25.420485394948376],[-108.11703125313704,25.41824876706466],[-108.11995690423306,25.419797363666486],[-108.13017450057464,25.410931906807782],[-108.12424214003194,25.404358807717596],[-108.12446534689775,25.40234844135876],[-108.12702579170787,25.4005237381654]]]}},{"type":"Feature","properties":{"clues":"SLIMB001583"},"geometry":{"type":"Polygon","coordinates":[[[-107.7876179709198,25.363139759392677],[-107.77539070720483,25.362346083270385],[-107.75973802380366,25.369203678199238],[-107.75020940829124,25.36131337408088],[-107.74659660003664,25.325999727333862],[-107.7689364837442,25.324993924662166],[-107.79464858802491,25.300309686694746],[-107.82622372335125,25.31379461882212],[-107.83903793516758,25.334455402573454],[-107.87651553711578,25.335738585990214],[-107.88529324787741,25.344859659223765],[-107.86264676335989,25.37550856299806],[-107.8541107589564,25.40156405107233],[-107.84219178630389,25.42060573214228],[-107.83519428574743,25.422483309513627],[-107.81413692423509,25.417963311218656],[-107.80834654450503,25.412689978451432],[-107.80165701280282,25.37427651230303],[-107.79304276396041,25.362035055535625],[-107.7876179709198,25.363139759392677]]]}},{"type":"Feature","properties":{"clues":"SRIMB002331"},"geometry":{"type":"Polygon","coordinates":[[[-111.51421596374493,28.840101895959677],[-111.5163990992057,28.841496114407644],[-111.51663559768444,28.84586259313524],[-111.52692584712652,28.853159510697846],[-111.52417250619908,28.86078573438881],[-111.51984471257288,28.86339931621169],[-111.51870741593152,28.877004266356483],[-111.52319304810995,28.89655100641677],[-111.51030025249915,28.91064135397072],[-111.50328375980826,28.90505315254312],[-111.49483110248246,28.891634768039246],[-111.49401994953976,28.874428928860628],[-111.48376378817356,28.86914215702648],[-111.48179107041322,28.858000971284728],[-111.483961766829,28.854311537386973],[-111.4863846885985,28.8534798578021],[-111.49274422541494,28.845800027635555],[-111.49693948621892,28.844391218606365],[-111.50575170963054,28.834304601084852],[-111.50793876244907,28.843001702062327],[-111.51421596374493,28.840101895959677]]]}},{"type":"Feature","properties":{"clues":"SRIMB000424"},"geometry":{"type":"Polygon","coordinates":[[[-111.3984380433538,29.993355827330625],[-111.43263534033306,29.998036829918558],[-111.4405007665663,30.00354755367841],[-111.46316295016142,30.011460461563484],[-111.48694831161185,30.061026879858684],[-111.44646412596434,30.103754607655965],[-111.42896196673534,30.14705333430951],[-111.50764699236484,30.175786603957715],[-111.50185770713654,30.248344333360187],[-111.4396668559515,30.240516623593],[-111.38399874942318,30.188847634271507],[-111.3245112879366,30.17459171630473],[-111.30997416286006,30.174567627470246],[-111.28789333694017,30.209873115942766],[-111.2799564451418,30.236523346749486],[-111.19230772012288,30.262915109332763],[-111.18112559759925,30.293644580806305],[-111.13146183331936,30.307746610828787],[-111.10101002259714,30.290634420430788],[-111.08056736932002,30.273576746044007],[-111.07422861556273,30.272687473154924],[-111.04023995184448,30.25454601336009],[-111.02912746161856,30.235135527867968],[-111.01106437878663,30.22360989152618],[-111.00131356203039,30.22915137844271],[-110.9453443740082,30.278114885165],[-110.93636965301702,30.277974516170264],[-110.88882988569496,30.230946226578062],[-110.88960582306686,30.22515755264448],[-110.8845593016229,30.20697978870764],[-110.92719281714308,30.15885844695145],[-110.93725444979944,30.160834956037622],[-110.99846428163386,30.187780436990973],[-111.01951366226268,30.13624376003437],[-111.0087061155449,30.10710825142428],[-111.03555750485062,30.07158979899424],[-111.06517715452352,30.06926620210284],[-111.07253620606268,30.05522665233766],[-111.12493895260924,30.050929371240702],[-111.13108291962573,30.077063895238368],[-111.07346639098978,30.096932898216426],[-111.0683799437073,30.115254570983733],[-111.10810576855322,30.11540175487711],[-111.13805143487468,30.08759233798512],[-111.16480174783442,30.10656578442968],[-111.1807122337912,30.09760097183158],[-111.20102608931322,30.0640645525651],[-111.21672698464818,30.06665029889439],[-111.28365974665724,30.037746447262368],[-111.2619239094267,29.983826859683415],[-111.36896909573605,29.97306872786788],[-111.3984380433538,29.993355827330625]]]}},{"type":"Feature","properties":{"clues":"SRIMB001590"},"geometry":{"type":"Polygon","coordinates":[[[-110.65109726678412,29.800159789896526],[-110.67783217621914,29.84013031580162],[-110.67855203270484,29.844602716854425],[-110.70906470052182,29.86683501657231],[-110.79149190765325,29.88229261894715],[-110.85127706347238,29.836356240037958],[-110.8735320243238,29.86002885929539],[-110.8803938624578,29.871636249797387],[-110.9047485830263,29.943821195878634],[-110.88718418386127,29.9662055863346],[-110.82208644483583,29.972255124239098],[-110.81466604062004,29.970467132456733],[-110.79527549703809,29.957427419268342],[-110.74080108691943,30.001465699485212],[-110.70468676221024,29.9807482528877],[-110.69897474010689,29.971834874881893],[-110.67620772759169,29.955633767733673],[-110.60912064952859,29.993237336140197],[-110.6101581463816,30.015409348228676],[-110.60101246080038,30.050808641892143],[-110.42986845570823,30.053841746391807],[-110.45793278020014,29.927978069601107],[-110.49286902762981,29.90493020242617],[-110.51144881042777,29.84258958246661],[-110.51632063715829,29.819682209940684],[-110.65109726678412,29.800159789896526]]]}},{"type":"Feature","properties":{"clues":"SCCSA002608"},"geometry":{"type":"Polygon","coordinates":[[[-110.09580590041904,30.40018906290557],[-110.1111819201581,30.416261544427304],[-110.112347289625,30.426579642514874],[-110.10516530859034,30.439182020492993],[-110.03534615368851,30.40857865747764],[-110.01635611232153,30.394451984995307],[-109.99074387372212,30.382594961019915],[-109.96524278941304,30.36729710967537],[-109.94839890788026,30.343220281539196],[-109.94761478549002,30.340393518073967],[-109.98592994090133,30.234449407936104],[-109.98922891176827,30.228589596289066],[-110.01116808454394,30.235889664309447],[-110.09580590041904,30.40018906290557]]]}},{"type":"Feature","properties":{"clues":"SCCSA002767"},"geometry":{"type":"Polygon","coordinates":[[[-92.70539377170275,18.5148855852975],[-92.71269119751832,18.516456092530184],[-92.7202526100312,18.52845377582186],[-92.73983994262538,18.538777550662104],[-92.72263394989132,18.558842289038136],[-92.70849767323818,18.58157991254597],[-92.68402604125662,18.576166452605513],[-92.67094451190695,18.55310681978793],[-92.67468523609358,18.549011859068397],[-92.67139214866684,18.534018805418103],[-92.67497263859958,18.526151064565823],[-92.70539377170275,18.5148855852975]]]}},{"type":"Feature","properties":{"clues":"SCCSA002750"},"geometry":{"type":"Polygon","coordinates":[[[-93.55669620049719,18.224737254903797],[-93.55039864151816,18.228514138442378],[-93.5492786848607,18.231265365351355],[-93.52068028455038,18.2438631485976],[-93.51066683466436,18.23880427471029],[-93.50723250891345,18.233519449503394],[-93.52041983244933,18.21320250545236],[-93.5223803609254,18.18558688698761],[-93.52429169783984,18.182948606515062],[-93.53965053913132,18.181198348916958],[-93.56883334000878,18.200425171543316],[-93.55669620049719,18.224737254903797]]]}},{"type":"Feature","properties":{"clues":"TCIMB000296"},"geometry":{"type":"Polygon","coordinates":[[[-93.5223803609254,18.18558688698761],[-93.4828078127961,18.19481838210468],[-93.46849284858914,18.175750134109897],[-93.47073048551846,18.16077131345319],[-93.47374311472096,18.158242099762855],[-93.49968156000692,18.1578352303738],[-93.5202563937101,18.173250605426173],[-93.52429169783984,18.182948606515062],[-93.5223803609254,18.18558688698761]]]}},{"type":"Feature","properties":{"clues":"TCIMB001322"},"geometry":{"type":"Polygon","coordinates":[[[-93.4782521129425,18.216484566719057],[-93.46540555305563,18.22861955279573],[-93.44891676024568,18.222005855211446],[-93.44659910889334,18.208414543154664],[-93.45342993994328,18.205407971271296],[-93.47727792731659,18.21100006050156],[-93.4782521129425,18.216484566719057]]]}},{"type":"Feature","properties":{"clues":"TCIMB003241"},"geometry":{"type":"Polygon","coordinates":[[[-93.37661836891395,18.434589370226156],[-93.33496807634847,18.436882312341098],[-93.33313314381249,18.42703516470115],[-93.36562775466876,18.40855525144424],[-93.37611840736241,18.415857637513707],[-93.37661836891395,18.434589370226156]]]}},{"type":"Feature","properties":{"clues":"TCIMB001445"},"geometry":{"type":"Polygon","coordinates":[[[-93.28841703494828,18.25235491162631],[-93.29314964494368,18.239844527233526],[-93.31253169869899,18.24235471086783],[-93.31455483142315,18.240808713448757],[-93.32802863240671,18.241932196750188],[-93.33182075307845,18.258395694614705],[-93.32093592445393,18.26484200170558],[-93.3121164261794,18.262710375620138],[-93.30964868303386,18.2639961576871],[-93.28841703494828,18.25235491162631]]]}},{"type":"Feature","properties":{"clues":"TCIMB003096"},"geometry":{"type":"Polygon","coordinates":[[[-92.91590264407397,18.1250024461161],[-92.91023137068251,18.132674543921564],[-92.90035572440713,18.13093140400968],[-92.89446426795182,18.10401756989443],[-92.90862328479619,18.09395161666558],[-92.91581105368748,18.084533260607056],[-92.92116164170156,18.08516047469469],[-92.92790850244116,18.097640470507745],[-92.95177684136627,18.09889535706648],[-92.95458188993084,18.102615219474615],[-92.95105313799478,18.112096380490406],[-92.93764766851821,18.115722241111428],[-92.93219760734597,18.11354941225151],[-92.91590264407397,18.1250024461161]]]}},{"type":"Feature","properties":{"clues":"TCIMB004245"},"geometry":{"type":"Polygon","coordinates":[[[-92.91656308012807,18.156439467932834],[-92.89419636714739,18.16134137444721],[-92.88451155630698,18.15588685840073],[-92.88772232432446,18.144184832229282],[-92.89378990441827,18.133543117423987],[-92.90035572440713,18.13093140400968],[-92.91023137068251,18.132674543921564],[-92.91950609417111,18.145503620064662],[-92.91656308012807,18.156439467932834]]]}},{"type":"Feature","properties":{"clues":"TSIMB002380"},"geometry":{"type":"Polygon","coordinates":[[[-98.29164886040462,26.06027255629593],[-98.29766073838913,26.055674385735134],[-98.3033945257165,26.06028877702472],[-98.30238701732219,26.066060340823988],[-98.29753708114058,26.07134811941455],[-98.30128795745146,26.074249172262927],[-98.30050487871476,26.079016398910312],[-98.29476679085833,26.080764527196056],[-98.29326028571722,26.076904584061097],[-98.29082740471966,26.076276996089835],[-98.29138146833192,26.071001945586715],[-98.28912636533347,26.06910011431942],[-98.28514629947777,26.071788954006404],[-98.28539722294978,26.07505399956744],[-98.28358830730694,26.077412128142825],[-98.28626637680972,26.08112062859813],[-98.28320438983819,26.089603770388685],[-98.27748699609735,26.087757556356177],[-98.26561074626531,26.08684429562701],[-98.2639412931562,26.084817409403428],[-98.26757568754414,26.08003095559412],[-98.27261979398969,26.080073280883084],[-98.27439602745929,26.0780585702459],[-98.27066264895315,26.071694808994465],[-98.27222173585061,26.0698791703971],[-98.27763442133845,26.07194001566918],[-98.28489563311146,26.06425743099301],[-98.28922337685499,26.067943558083503],[-98.2936741472245,26.065290191703323],[-98.29164886040462,26.06027255629593]]]}},{"type":"Feature","properties":{"clues":"TSIMB001284"},"geometry":{"type":"MultiPolygon","coordinates":[[[[-98.24698677003971,26.071913679136607],[-98.23679931219094,26.07568125075627],[-98.2352740694789,26.068862081748183],[-98.24292978813575,26.05748502416715],[-98.24982777361812,26.058259376297773],[-98.24996616675917,26.068469242006632],[-98.24698677003971,26.071913679136607]]],[[[-98.26388670927692,26.084778068578572],[-98.25252554952584,26.0796214287899],[-98.25141470137045,26.07678104036675],[-98.26171882968497,26.07309752425123],[-98.26579649320223,26.07380919304186],[-98.26757568754414,26.08003095559412],[-98.26388670927692,26.084778068578572]]]]}},{"type":"Feature","properties":{"clues":"TSIMS001396"},"geometry":{"type":"Polygon","coordinates":[[[-98.2827425991961,23.921569662918436],[-98.2767076509146,23.940622163752135],[-98.21804953970322,23.95092682894123],[-98.20551525819508,23.916194788124233],[-98.2827425991961,23.921569662918436]]]}},{"type":"Feature","properties":{"clues":"TSIMB002375"},"geometry":{"type":"Polygon","coordinates":[[[-98.06157537403786,25.986354361525525],[-98.06585471794402,25.9807011603336],[-98.07141388966251,25.981025684133026],[-98.07515964712434,25.984809738237242],[-98.07233439744923,25.988338251706093],[-98.07633167421473,25.992696303519104],[-98.07553381831667,25.997011205471466],[-98.0818625122098,25.994880360265743],[-98.08244245848566,26.000371137841633],[-98.07791897538107,26.003256400796943],[-98.07383786312633,26.002659964804582],[-98.06615518478378,26.019706938659645],[-98.05490452970629,26.02244487132366],[-98.05663720522766,26.045028882463004],[-98.04253369017944,26.043048029221644],[-98.02731858585513,26.028795256650167],[-98.01362728526833,26.031921648383413],[-98.00171446174957,26.02657555295574],[-97.99937496780159,26.022292056417573],[-97.99969193916756,26.015423631462262],[-97.99600616092216,26.007990132338325],[-97.97545880654656,25.998700816778783],[-97.9765497459716,25.98741595701527],[-97.98859628779239,25.974345704569465],[-97.99610079738173,25.98228949237609],[-98.00560811057744,25.981811006938656],[-98.01644221908703,25.9789433898065],[-98.01877154073614,25.982241274666993],[-98.03482876754629,25.988695119984463],[-98.04334751210538,25.978888520473262],[-98.0473809903632,25.9854670635252],[-98.05155544273616,25.98582380670255],[-98.05425619864985,25.988199649688223],[-98.06157537403786,25.986354361525525]]]}},{"type":"Feature","properties":{"clues":"TSIMB001885"},"geometry":{"type":"Polygon","coordinates":[[[-97.92197348758945,25.511721028386525],[-97.93117450937203,25.530609099738943],[-97.94073570509748,25.53622166537678],[-97.9430086181496,25.548626619600487],[-97.93520080945287,25.57327810503858],[-97.93859985150776,25.58265286826974],[-97.93726776182292,25.614018580547732],[-97.93190814084693,25.624683064367918],[-97.92068039465694,25.631941103462967],[-97.9038958158983,25.63254669753365],[-97.89480529832866,25.637366022968273],[-97.87793262472705,25.632606740224286],[-97.87124873392239,25.621583970792724],[-97.87227156690285,25.607614358975482],[-97.88662959815915,25.59909288772651],[-97.8999211202116,25.59527365438429],[-97.8914891330321,25.579829823156548],[-97.88477241178053,25.574271398387275],[-97.88549520265741,25.567317461381784],[-97.90486588847038,25.56295959319118],[-97.90201887568158,25.54879446988241],[-97.89342693172819,25.540470750537803],[-97.89571148410853,25.52531822452621],[-97.90078742937493,25.513661875992327],[-97.92197348758945,25.511721028386525]]]}},{"type":"Feature","properties":{"clues":"SCCSA002932"},"geometry":{"type":"MultiPolygon","coordinates":[[[[-97.90385320946989,22.406866387320186],[-97.90466325335089,22.404203020369092],[-97.9083028365896,22.403172080612514],[-97.91302542195726,22.405380943232778],[-97.91189825627835,22.409834573120822],[-97.91323657272294,22.419723214769657],[-97.90923010952127,22.425690274823264],[-97.90416080762364,22.42733599266229],[-97.90094180416148,22.430392643976514],[-97.88992277453171,22.429987325482717],[-97.89458390359741,22.42175128673191],[-97.8954592983188,22.415251001164265],[-97.88988150785254,22.411434326218075],[-97.88863385611184,22.40611331612869],[-97.89232871143493,22.40339014163029],[-97.90092605100848,22.408752078409737],[-97.90385320946989,22.406866387320186]]],[[[-97.84969751530951,22.421907057449438],[-97.8438838068826,22.400891088442886],[-97.87005079712218,22.390868629202284],[-97.87354668714943,22.393342667265117],[-97.8793917020101,22.40282588589709],[-97.86852196815002,22.41685513118533],[-97.84969751530951,22.421907057449438]]]]}},{"type":"Feature","properties":{"clues":"TSIMB002503"},"geometry":{"type":"Polygon","coordinates":[[[-97.85116445663856,22.30431418963456],[-97.84919055037183,22.307546478865905],[-97.85180783761344,22.310193038768887],[-97.85229400407027,22.31352279196657],[-97.85687733205425,22.313400993530863],[-97.85836551003358,22.31661191995769],[-97.85806481286536,22.321603777530058],[-97.85296080405766,22.323128387619985],[-97.84933692256733,22.316217971965916],[-97.8434007425589,22.316471800218547],[-97.83942072930927,22.324970978453766],[-97.83726767983478,22.326618737520903],[-97.8342855750804,22.32126763952083],[-97.83476266033098,22.312259533928582],[-97.83847304550038,22.309559781988032],[-97.83557298994639,22.300725981555356],[-97.8438706893006,22.295138054831753],[-97.84654382720225,22.296661415771446],[-97.84715566348142,22.300056427528283],[-97.84964658707787,22.301025821566725],[-97.85116445663856,22.30431418963456]]]}},{"type":"Feature","properties":{"clues":"TSIMB003442"},"geometry":{"type":"Polygon","coordinates":[[[-97.7956651842281,25.630092956482162],[-97.80675006982193,25.6361495127723],[-97.80922408771958,25.645315517350785],[-97.81227461388325,25.648238073071433],[-97.81122214681425,25.653748385405418],[-97.81608731020536,25.65701212929611],[-97.81721182078408,25.660290333920887],[-97.81689376596655,25.661941259605804],[-97.81050131111085,25.665344443015407],[-97.80656608926596,25.66485575064012],[-97.80241054286763,25.668200206625272],[-97.80149145011163,25.6717458701148],[-97.79544624438051,25.67184417702339],[-97.79601227367341,25.665491930188228],[-97.786252519404,25.665557918101484],[-97.7848992146707,25.6592445284291],[-97.79071153090625,25.65511425681235],[-97.79144832291024,25.637446903652894],[-97.7956651842281,25.630092956482162]]]}},{"type":"Feature","properties":{"clues":"TSIMB000753"},"geometry":{"type":"Polygon","coordinates":[[[-97.49545956004683,25.844119121913582],[-97.50030326498106,25.84328967541817],[-97.5025607595472,25.847456277252743],[-97.50593244758961,25.84787148186785],[-97.50802998233766,25.849990733389514],[-97.50680691780724,25.854633349083095],[-97.50209787351386,25.85522981261032],[-97.49999403307766,25.8534439902309],[-97.49551224998473,25.85529535534893],[-97.49197483395835,25.851982365477532],[-97.49659722953005,25.849015679934364],[-97.49545956004683,25.844119121913582]]]}},{"type":"Feature","properties":{"clues":"TSIMB003746"},"geometry":{"type":"Polygon","coordinates":[[[-97.49861744693231,25.79795428159852],[-97.49963016065385,25.80097899071726],[-97.50293536026585,25.801467966064248],[-97.50606033888907,25.804932006752352],[-97.5021158399001,25.807730629773303],[-97.50091549751038,25.812627625762573],[-97.49518617082369,25.816219491131225],[-97.49143598538433,25.81398431347726],[-97.49001638590619,25.8085896261032],[-97.48492803711959,25.807838202095827],[-97.4702827159031,25.78531291566982],[-97.47738403406538,25.78022346682808],[-97.49466047383449,25.796224739762998],[-97.49861744693231,25.79795428159852]]]}},{"type":"Feature","properties":{"clues":"VZIMB008531"},"geometry":{"type":"Polygon","coordinates":[[[-97.73088790506591,21.59963893633658],[-97.75119168834722,21.594848786077318],[-97.75859123535876,21.596111173727575],[-97.76609336609683,21.610105695447572],[-97.76255916235019,21.619600312861557],[-97.74449667832685,21.638408200732727],[-97.75590992507286,21.649040118634005],[-97.747553488034,21.665312382067373],[-97.74452447543578,21.66371941958482],[-97.73536450482369,21.645170273068107],[-97.72418431185677,21.647469773321024],[-97.72338440646082,21.650732987464455],[-97.70905234148572,21.6632363391488],[-97.70481812199851,21.66998948290072],[-97.69535392884275,21.667641840965977],[-97.6886912073412,21.668229947838903],[-97.65229301628771,21.694867470616018],[-97.62492685193013,21.676524649039138],[-97.60488173769434,21.668541645097108],[-97.6002602552265,21.661139929694986],[-97.59366994598732,21.64625309505028],[-97.6362411410807,21.63268742892857],[-97.67390079839872,21.631517568975035],[-97.6826729128808,21.618527766370445],[-97.70282242977609,21.623310210938673],[-97.73088790506591,21.59963893633658]]]}},{"type":"Feature","properties":{"clues":"SCCSA003067"},"geometry":{"type":"Polygon","coordinates":[[[-96.60430705524273,19.457033193715915],[-96.57099033893982,19.460030325521885],[-96.56739071529367,19.455082173792672],[-96.5685601355606,19.445406016533802],[-96.57620971494393,19.435560059460727],[-96.56963965419816,19.419726128452233],[-96.58426242468579,19.401769622032038],[-96.59659181523644,19.407432926832822],[-96.60737624364089,19.404372692120724],[-96.62810509250308,19.40496472618314],[-96.63594054233558,19.41038151765557],[-96.64404691704028,19.430713245422837],[-96.6571422261878,19.431548463683367],[-96.66400924525986,19.45720297854533],[-96.6866884355753,19.457157976093214],[-96.6905371912129,19.461492161890366],[-96.66396061463182,19.475833724640722],[-96.66381466784917,19.492717130905362],[-96.64846841747719,19.495893762469276],[-96.64079178430391,19.49451342170357],[-96.62589314507655,19.487098643270052],[-96.61585072374159,19.46156160760141],[-96.61141722989488,19.46124117225549],[-96.60430705524273,19.457033193715915]]]}},{"type":"Feature","properties":{"clues":"VZIMS001696"},"geometry":{"type":"Polygon","coordinates":[[[-96.53529049398108,19.567168508545585],[-96.55135423149132,19.53687687567872],[-96.58097338343916,19.534426060784714],[-96.5850408761977,19.53583802567142],[-96.59231150615474,19.546413782762563],[-96.59384681547662,19.55936104712116],[-96.6045755029065,19.582310882041142],[-96.60777325799397,19.585233117322076],[-96.60793844205347,19.60662340015253],[-96.61260036828047,19.613334774496387],[-96.60412472806445,19.643886793702503],[-96.57077502376474,19.632987190102135],[-96.5663074439291,19.622390988747604],[-96.54075587538908,19.613855522923668],[-96.53731739034292,19.58853439570109],[-96.5391823097911,19.578778641338097],[-96.53529049398108,19.567168508545585]]]}},{"type":"Feature","properties":{"clues":"VZIMB001234"},"geometry":{"type":"Polygon","coordinates":[[[-96.35622688371545,18.877016802644732],[-96.36347697426503,18.87468698534864],[-96.36484292788313,18.87539295490385],[-96.35863888985428,18.890384988999894],[-96.36504172750818,18.89363606789135],[-96.36280188809023,18.906229727299035],[-96.36339695926203,18.90987418232242],[-96.38147536918775,18.9066655822831],[-96.38252109054325,18.921557120630755],[-96.37675444831036,18.927621655973887],[-96.36560358646852,18.92873570943186],[-96.3634621087648,18.93096546306158],[-96.3533983385234,18.93467141275708],[-96.35411816955218,18.950947632729363],[-96.34840234177832,18.960849535232175],[-96.34474781314135,18.961640901911252],[-96.34142808019735,18.959643614957198],[-96.32682959233996,18.96066300181818],[-96.32433817549764,18.96723943003627],[-96.31650785670354,18.971707977154225],[-96.31454919006826,18.971432649093867],[-96.30707276708469,18.957502576036678],[-96.3076117609833,18.95306048435212],[-96.31852324405746,18.942087055043356],[-96.31353999327807,18.920601564858433],[-96.30084995959469,18.913257514747475],[-96.3088869716596,18.900223835069976],[-96.32807916723283,18.89669472377444],[-96.33334373331711,18.885566179784366],[-96.3434420024539,18.880440669658068],[-96.34721753368933,18.87430830272539],[-96.35622688371545,18.877016802644732]]]}},{"type":"Feature","properties":{"clues":"VZIMB002820"},"geometry":{"type":"Polygon","coordinates":[[[-96.17044109360464,19.0609817912153],[-96.18242459937078,19.047754727721692],[-96.18941596120749,19.05816061645901],[-96.1721065724838,19.067033650023177],[-96.1758364342568,19.07534923311338],[-96.1904632596239,19.07646726056959],[-96.19783689721386,19.07247198813083],[-96.20152136002281,19.072044361120096],[-96.21449803909445,19.079982284413674],[-96.22069761159321,19.07825645229215],[-96.23869839098954,19.07862991244562],[-96.24032999696799,19.090039237401793],[-96.22750567349212,19.104347375245684],[-96.21943673167851,19.106599865708542],[-96.21455856619305,19.105809826437746],[-96.20855049743761,19.095698730388527],[-96.19831905452607,19.096646823546926],[-96.1878843567403,19.088464088345138],[-96.18315293942095,19.0992242470875],[-96.18996319434834,19.1076376631718],[-96.17871574079263,19.113128450909766],[-96.16092175678956,19.11664824785226],[-96.15353789703569,19.10455190416679],[-96.13414077990461,19.10492996020602],[-96.13352468502472,19.10109659056396],[-96.13823479144166,19.09678641659788],[-96.14289175993547,19.08841828441942],[-96.14093052196031,19.08550806776822],[-96.13539010629258,19.082540310749796],[-96.13306864838448,19.076450379648115],[-96.13749000998533,19.068909294683365],[-96.14132598950285,19.06654721099499],[-96.14009854808592,19.058252610408335],[-96.14485918801967,19.053975909705684],[-96.15156276453409,19.057594145958973],[-96.15427720124357,19.063648161411074],[-96.15398035178305,19.066104701635922],[-96.1585396141415,19.070804243766464],[-96.16135287962159,19.068346989357796],[-96.17181482271722,19.066664201054728],[-96.17044109360464,19.0609817912153]]]}},{"type":"Feature","properties":{"clues":"VZIMB002791"},"geometry":{"type":"Polygon","coordinates":[[[-96.142058885919,18.93048552257742],[-96.14727067350955,18.947218520903245],[-96.14105244242155,18.957588301565394],[-96.12913845730354,18.96390251857487],[-96.1270414590214,18.9746811557049],[-96.12981015003822,18.982337631565805],[-96.13234500108314,18.98527811457453],[-96.14385030246997,18.993729926087216],[-96.14261501362427,18.996245728998034],[-96.11781646212931,19.012581469463424],[-96.11543218752131,19.025782106286123],[-96.11066801349232,19.03224489232333],[-96.10674752411254,19.033529007809697],[-96.10050125356094,19.03092049832599],[-96.08542274406922,19.03066047627044],[-96.07079060263248,19.021961712421085],[-96.05892372636107,19.006341847273667],[-96.04575889715841,18.99401268842312],[-96.0462862198131,18.983308798480202],[-96.04486918530188,18.97891005312134],[-96.04836738423856,18.970246981456015],[-96.04689076661658,18.95739679059601],[-96.05127855151395,18.95448102618541],[-96.06022656036637,18.951691252196113],[-96.05725467657702,18.941660258827152],[-96.050782934692,18.93475570755031],[-96.047423407659,18.928464562987962],[-96.03084479102138,18.919016138810278],[-96.03525283749549,18.904442565063775],[-96.04696417537637,18.896652434062652],[-96.0600677764296,18.89063655545596],[-96.07796112284636,18.891548410985553],[-96.08554119890545,18.88439288213233],[-96.09740814571778,18.884951015867273],[-96.10237268434382,18.889159154948818],[-96.12153556277089,18.87912161880444],[-96.13513564941252,18.884772200617817],[-96.13676230826547,18.903033926558066],[-96.14855021079276,18.91935214953611],[-96.142058885919,18.93048552257742]]]}},{"type":"Feature","properties":{"clues":"VZIMB005212"},"geometry":{"type":"Polygon","coordinates":[[[-96.05505668175697,18.75142407676119],[-96.06648676393448,18.74823241022406],[-96.0754651316906,18.751733127823044],[-96.09012129723136,18.762894308926096],[-96.09254242485356,18.760414532820274],[-96.10247770188828,18.75579583031635],[-96.11098817543645,18.75635999247523],[-96.11702016395405,18.771275973015467],[-96.1383020326547,18.7751906968388],[-96.14138805679421,18.791302196076717],[-96.13673877722307,18.79667867300741],[-96.1387359206244,18.819360678212576],[-96.13547323429746,18.822907747551056],[-96.13158258404385,18.839482284959907],[-96.11713703972904,18.852866767285203],[-96.12153556277089,18.87912161880444],[-96.10237268434382,18.889159154948818],[-96.09740814571778,18.884951015867273],[-96.08554119890545,18.88439288213233],[-96.07796112284636,18.891548410985553],[-96.0600677764296,18.89063655545596],[-96.04696417537637,18.896652434062652],[-96.03525283749549,18.904442565063775],[-96.03449287499909,18.898361752143877],[-96.02859057854037,18.882636698361342],[-96.03453361029872,18.87203013571509],[-96.02745073820438,18.855239177095857],[-96.02896639328948,18.85180430883218],[-96.01348926134716,18.8276553612419],[-96.01535685291576,18.820649634022356],[-96.0086586470497,18.812951035289235],[-95.99473463590388,18.8085621876143],[-95.97782368688627,18.78977966717532],[-96.0070408458921,18.786921226956462],[-96.01364276482343,18.772464949952333],[-96.00823235921565,18.754783463277523],[-96.02158634131953,18.744354475792083],[-96.0440527187768,18.756036985631148],[-96.05307691430349,18.753995243426107],[-96.05505668175697,18.75142407676119]]]}},{"type":"Feature","properties":{"clues":"SCCSA003287"},"geometry":{"type":"MultiPolygon","coordinates":[[[[-96.12121695135399,19.156659846263494],[-96.12493531666914,19.158324130141008],[-96.12677434631973,19.15652848909201],[-96.12970983417172,19.156793989717723],[-96.13236386817691,19.15893654834235],[-96.13249235883497,19.162939398585266],[-96.126569487123,19.16696686418414],[-96.12781963434534,19.169665922626592],[-96.13379076328096,19.17196137268182],[-96.1305878053967,19.175598008317028],[-96.12491701194331,19.17522354235826],[-96.12164294606087,19.177658150325822],[-96.1162269782812,19.16949597317638],[-96.10365460541209,19.165313410236973],[-96.10182285015989,19.16129478067782],[-96.10746280906436,19.15812769891683],[-96.1110371821963,19.161012002858005],[-96.11451162461881,19.15893905302863],[-96.1190501580209,19.160515957175836],[-96.12121695135399,19.156659846263494]]],[[[-96.09228829700196,19.173751502092845],[-96.09293070724802,19.176410702005374],[-96.09212775869487,19.17724570959844],[-96.09099472017418,19.175329250154316],[-96.09228829700196,19.173751502092845]]]]}},{"type":"Feature","properties":{"clues":"SCCSA003092"},"geometry":{"type":"Polygon","coordinates":[[[-96.0967787768779,19.065197479232094],[-96.11495970591743,19.062365267731597],[-96.11905801116228,19.07148748776854],[-96.11816818817448,19.080124109149622],[-96.1135023369685,19.08554261975224],[-96.10793702201346,19.08640773813489],[-96.10454293316587,19.080801703828378],[-96.10130846747184,19.081255342879025],[-96.09943519958924,19.087392330638757],[-96.09370853325332,19.0891851586786],[-96.08976056309334,19.085028758176644],[-96.08761333793541,19.08582635363853],[-96.08931151875215,19.083746612962113],[-96.08740965611396,19.08495261555793],[-96.0882776827916,19.082841558746896],[-96.0826023693653,19.077673429041226],[-96.06640542935425,19.06737281542094],[-96.06806007690363,19.061820519834942],[-96.0730642288033,19.05916542087151],[-96.07834395400296,19.06167141319353],[-96.08108006553219,19.060998995667482],[-96.08204632463006,19.070260774442367],[-96.08424295293501,19.07077460562481],[-96.08730469075815,19.066813588880226],[-96.0913621327562,19.0711405589647],[-96.0967787768779,19.065197479232094]]]}},{"type":"Feature","properties":{"clues":"SCCSA003404"},"geometry":{"type":"Polygon","coordinates":[[[-89.68193415389264,21.283292570186838],[-89.67054222021653,21.28634813973486],[-89.66816756871111,21.283013997673123],[-89.67076395889076,21.265778024442607],[-89.6708184111794,21.246076671522832],[-89.68194062018355,21.275257545140878],[-89.68193415389264,21.283292570186838]]]}}]}