{"type":"FeatureCollection","features":[{"type":"Feature","properties":{"clues":"ZSIMB002003"},"geometry":{"type":"Polygon","coordinates":[[[-102.33199078920563,22.431253975387577],[-102.33896473531995,22.414394505772577],[-102.33581680699727,22.398993371524256],[-102.37329972851074,22.35100574930833],[-102.40861444194553,22.354626155386107],[-102.42774586042532,22.394413642033527],[-102.41943898517444,22.40472366190746],[-102.38980885658417,22.473947995287798],[-102.37651022025351,22.469021105185433],[-102.36110100944721,22.467016586452136],[-102.35412551143953,22.46121491915023],[-102.34707300837435,22.45815843931662],[-102.34495398225327,22.45403182501314],[-102.3485225534489,22.45061449635441],[-102.34422283112967,22.44402948644228],[-102.34022051097678,22.441181016828384],[-102.33553167696046,22.43270316146225],[-102.33199078920563,22.431253975387577]]]}},{"type":"Feature","properties":{"clues":"BCIMB001504"},"geometry":{"type":"MultiPolygon","coordinates":[[[[-115.56086080679495,32.626886304133194],[-115.57037800220508,32.630576316163335],[-115.5697257577659,32.63605997536122],[-115.5733392812445,32.63826601821845],[-115.57055700155277,32.651827143981976],[-115.56119764569178,32.651829847269084],[-115.55895846284697,32.64959223401401],[-115.55775299735257,32.64153960513498],[-115.5546892953395,32.63938605329539],[-115.55291840850487,32.64028146684757],[-115.54547872505019,32.63925089319715],[-115.54279587796293,32.6364132201074],[-115.54363904987912,32.63163225479368],[-115.54108614164723,32.62832042450416],[-115.54683908779933,32.61345694898928],[-115.55109464047732,32.62521145151972],[-115.55684154326461,32.625759722719835],[-115.55822227727839,32.62131745579701],[-115.56084809469097,32.62300014969395],[-115.56086080679495,32.626886304133194]]],[[[-115.55894025763065,32.655995125248765],[-115.56339778593603,32.65996000430468],[-115.55650957586798,32.66047155460899],[-115.55894025763065,32.655995125248765]]]]}},{"type":"Feature","properties":{"clues":"BCIMS000595"},"geometry":{"type":"Polygon","coordinates":[[[-115.37901414984243,32.48088125548403],[-115.38139201226919,32.48302028038153],[-115.38435948563877,32.4969158038893],[-115.38372923963335,32.498031906463964],[-115.37851099391058,32.49713718826078],[-115.36870425878229,32.50071484996244],[-115.37050786857549,32.51060243066952],[-115.36388347026329,32.51733535902853],[-115.36193740304569,32.51750079009158],[-115.35651163844177,32.51298605265106],[-115.34518319173128,32.519398822046305],[-115.34373965904533,32.51705536666717],[-115.3340863399409,32.51372271653635],[-115.3336560212113,32.50902272150355],[-115.33032966082756,32.5044627337475],[-115.32653444259753,32.503137381158595],[-115.30870375518013,32.52544718178508],[-115.3050950574194,32.52188098862125],[-115.283763894712,32.517228259731596],[-115.28088300488827,32.51479342899256],[-115.26664066860336,32.51107151049987],[-115.27038099882516,32.49874565210406],[-115.27027019519008,32.49029253432897],[-115.25905324367291,32.48085026263584],[-115.25627736217079,32.470639279406164],[-115.2457181171496,32.472337901170334],[-115.23464315679291,32.47090846984554],[-115.23955269868684,32.449557423016635],[-115.22197716485677,32.43936439012399],[-115.24912104532325,32.416039889033804],[-115.25252228828592,32.39875503045411],[-115.26996680673443,32.38127404948458],[-115.29941635149957,32.38092105702508],[-115.31426075345442,32.388107149906766],[-115.32520056058839,32.405252610818145],[-115.30683950656318,32.44309466649763],[-115.31133427282964,32.44851979808727],[-115.31956447948839,32.45330604976497],[-115.32812857787694,32.452674073579665],[-115.33465852200906,32.45426590915425],[-115.34837834487027,32.46384983993367],[-115.34996895063756,32.468012909052206],[-115.37277136914553,32.46547604784278],[-115.37644161097751,32.467368747253225],[-115.37901414984243,32.48088125548403]]]}},{"type":"Feature","properties":{"clues":"SRIMB000436"},"geometry":{"type":"Polygon","coordinates":[[[-112.56206185928299,30.821796633823627],[-112.58716263857954,30.822980632847024],[-112.59086910908934,30.821771629874146],[-112.61146516811627,30.830279095155408],[-112.6269465874239,30.811984417861936],[-112.63075239720575,30.815992048786676],[-112.6670044711458,30.825672171743275],[-112.66126281818137,30.84181276328757],[-112.65789231221277,30.928115786661927],[-112.66549342331676,30.93388388931884],[-112.6804848188377,30.95087771809155],[-112.70801480688199,30.993273108597002],[-112.725232205827,31.039595841247152],[-112.63772715933298,31.138428798251805],[-112.63192852739209,31.135607738653906],[-112.50351955426872,31.00925364031097],[-112.54615984850008,30.913515319607473],[-112.52169243731734,30.87690092585525],[-112.54375826854313,30.828603615885104],[-112.56206185928299,30.821796633823627]]]}},{"type":"Feature","properties":{"clues":"SRIMB000366"},"geometry":{"type":"Polygon","coordinates":[[[-110.18718831925798,27.49335246809928],[-110.20184422242495,27.485035604941856],[-110.21368336801473,27.474859543698088],[-110.22313879944495,27.472841795869584],[-110.2319331816404,27.465141406700013],[-110.24616128742086,27.470315189214983],[-110.25900131284376,27.49790199620192],[-110.25275426293001,27.502212834691615],[-110.24075990926457,27.521910388950676],[-110.22148302574146,27.53632045032107],[-110.20522255197285,27.52888039268361],[-110.19860563964137,27.534713369160965],[-110.19674971491406,27.579288702475537],[-110.19359861054296,27.581337840387953],[-110.17245645692991,27.563905971818176],[-110.16703007883201,27.563924552006842],[-110.15858540910462,27.567251088935834],[-110.1492168024006,27.560733631932386],[-110.1471121452356,27.549579294809135],[-110.13410897417607,27.547636059528877],[-110.12875378411962,27.5441948132435],[-110.1192323257085,27.545709730780686],[-110.11219480330695,27.54110425672217],[-110.1059991539553,27.52487191775305],[-110.09511827672901,27.52879503319439],[-110.09284084534647,27.52421604138416],[-110.08185085153487,27.521168017016713],[-110.08176610839655,27.51873157250824],[-110.0879774953256,27.50958612513431],[-110.08437952122924,27.49679890977002],[-110.08679765895268,27.495149598502923],[-110.09734949555732,27.495498967578705],[-110.10483690176892,27.500386123506114],[-110.11176942512452,27.49341724599636],[-110.115721722704,27.49159964446971],[-110.12818804112187,27.497632710936404],[-110.13496138191466,27.489897833691114],[-110.14700270032098,27.487178614036544],[-110.15571930003068,27.49285811011969],[-110.16722107898583,27.49674889205761],[-110.1739592201499,27.49659333326341],[-110.17883682950155,27.49436159292548],[-110.18718831925798,27.49335246809928]]]}},{"type":"Feature","properties":{"clues":"SLIMB000084"},"geometry":{"type":"Polygon","coordinates":[[[-109.3330359362882,25.867573716234883],[-109.3489877485233,25.85974877084427],[-109.37309870536464,25.886462928071843],[-109.38462511938047,25.852066423927372],[-109.39651334714128,25.853534177783896],[-109.42338764493178,25.879738153727402],[-109.42485663945386,25.895945688370826],[-109.43399700065558,25.911546140695243],[-109.43567981834502,25.918193741527485],[-109.38150587830721,25.91271728980879],[-109.36325188916113,25.9228232044828],[-109.34350014470876,25.920390884526242],[-109.32193691074842,25.922121499159285],[-109.31558043566045,25.91911046443031],[-109.26394320484368,25.922547563575336],[-109.25637330084997,25.915866741888212],[-109.27536384382849,25.890695292010633],[-109.30564053240823,25.901057253834452],[-109.30732390599506,25.86784123769085],[-109.31963857165974,25.86992292080171],[-109.3330359362882,25.867573716234883]]]}},{"type":"Feature","properties":{"clues":"TCIMB002746"},"geometry":{"type":"Polygon","coordinates":[[[-92.41132477801742,17.894099370457965],[-92.44248594877678,17.89702685004484],[-92.44437170708693,17.944741278077338],[-92.44773136295211,17.944400476517032],[-92.46823122808728,17.954084087537794],[-92.48843049212446,17.96151677301043],[-92.49480196952601,17.99005153022057],[-92.49432947279426,17.99898335466301],[-92.49780460046384,18.0126255720833],[-92.46266921312383,18.02548500224609],[-92.44513674917614,18.026761304589236],[-92.41635220143579,17.988723744144924],[-92.41970881492945,17.970924671616544],[-92.41759948212074,17.958234237814207],[-92.4014845533721,17.944998650541496],[-92.41132477801742,17.894099370457965]]]}},{"type":"Feature","properties":{"clues":"TCIMB002553"},"geometry":{"type":"Polygon","coordinates":[[[-92.26950486985244,17.977172490487327],[-92.27379376949624,18.01886779540828],[-92.23930310357937,18.03847707592931],[-92.22454543578237,18.059030412092074],[-92.22482000424203,18.060542838639265],[-92.24669607796015,18.108087156588535],[-92.29870853852297,18.104212692590526],[-92.31194130621819,18.18692155616567],[-92.27791541715406,18.193193323515967],[-92.27460935009923,18.192691659704955],[-92.2419368492872,18.137269771380108],[-92.2053506205736,18.151335130585608],[-92.2029859798651,18.153313870581123],[-92.16545281409839,18.14822770092088],[-92.14782799044377,18.138630435958092],[-92.14699501386006,18.141368112462644],[-92.09865261832793,18.179385590105337],[-92.08726355918903,18.181031644852876],[-92.0803135599349,18.188650984472336],[-92.04244459281924,18.186149213924526],[-92.03660252250978,18.12862288733562],[-92.04958654643472,18.12277114235467],[-92.06272087379648,18.119947795012862],[-92.06930190383368,18.090806335793292],[-92.06709770239922,18.077829489154215],[-92.07644177567295,18.040924671408447],[-92.11086229262601,18.078456300783934],[-92.13712037036333,18.061577244573012],[-92.1364429241114,18.05094263892544],[-92.13287864958669,18.042526025728357],[-92.16047802027344,18.042109197463212],[-92.14678241912931,18.028373476840862],[-92.15214726661785,18.026001607449643],[-92.15214045462078,18.007924837863516],[-92.15802323416656,18.006236276116418],[-92.16977510435878,18.009196468117995],[-92.17622780104206,17.998103004497263],[-92.20322068227308,17.98870317674716],[-92.20244049493598,17.962755041545993],[-92.23764533822546,17.95422579407573],[-92.24402492705455,17.9565587118322],[-92.26950486985244,17.977172490487327]]]}},{"type":"Feature","properties":{"clues":"CCIMB000563"},"geometry":{"type":"Polygon","coordinates":[[[-90.73645243438106,18.365452524770483],[-90.75596285583828,18.378722076518535],[-90.78049289565499,18.38872917670887],[-90.798632345993,18.38775485488729],[-90.80261072309987,18.38926842613231],[-90.8113778469622,18.41281481264393],[-90.81312134851588,18.41424178359622],[-90.86794920697764,18.417216938018996],[-90.87603357863402,18.430935678746994],[-90.8836665913829,18.463383802348222],[-90.87724256989412,18.47588956935955],[-90.83317685263793,18.50699634691679],[-90.82480009509102,18.49559443464028],[-90.76202294548254,18.46705644226997],[-90.74934738143412,18.455374275196856],[-90.72088878555718,18.46205264723706],[-90.71678393963589,18.458076846489146],[-90.70451231984481,18.404643178289778],[-90.72922728575382,18.3778322671592],[-90.73645243438106,18.365452524770483]]]}},{"type":"Feature","properties":{"clues":"CCIMB000650"},"geometry":{"type":"Polygon","coordinates":[[[-89.19869934913268,18.10088441498882],[-89.18224687426626,18.110621533639527],[-89.11774027419082,18.079159027356795],[-89.15444161203206,18.063118203591067],[-89.21533846590961,18.063075361699696],[-89.21873728774067,18.0702848769397],[-89.19869934913268,18.10088441498882]]]}},{"type":"Feature","properties":{"clues":"CMIMB000255"},"geometry":{"type":"Polygon","coordinates":[[[-103.7801347627407,19.349859957623327],[-103.78644487158456,19.343930512954255],[-103.80669386374029,19.358823048443057],[-103.80855899490294,19.35874772252937],[-103.81169889290264,19.36798397826566],[-103.82543128703077,19.386903663252596],[-103.84697974816014,19.40105879472213],[-103.84318208388557,19.41158877224581],[-103.81679754995025,19.411213796483374],[-103.80997556337057,19.409592793945887],[-103.78718290169493,19.396242030355804],[-103.78700123435843,19.387560857924367],[-103.77648363469241,19.382737281763387],[-103.77055600158866,19.36449453651505],[-103.77438399095615,19.35822318740848],[-103.77753238548325,19.35621187046268],[-103.7801347627407,19.349859957623327]]]}},{"type":"Feature","properties":{"clues":"CMIMB000972"},"geometry":{"type":"Polygon","coordinates":[[[-103.73247429273385,18.82688454105146],[-103.72066603265833,18.832217593394045],[-103.6940018039405,18.8485970135592],[-103.66659471675088,18.825040529007502],[-103.6705080596319,18.794734350937485],[-103.67334144390253,18.793163017433304],[-103.68906208188146,18.79451056346338],[-103.71002911558692,18.79912296475885],[-103.72061714570134,18.79559861103399],[-103.7421343549067,18.81249463221858],[-103.74640571280743,18.822788525611262],[-103.74612233388225,18.824866489073326],[-103.73247429273385,18.82688454105146]]]}},{"type":"Feature","properties":{"clues":"CMIMB001136"},"geometry":{"type":"Polygon","coordinates":[[[-103.69756605546146,19.21231211406297],[-103.70124378139232,19.20751245716781],[-103.7048820152856,19.210567972085943],[-103.70662252147795,19.21770930715705],[-103.70895158868501,19.220593638038167],[-103.70641516773009,19.22548161523569],[-103.70783768668967,19.229203641594463],[-103.7064412628341,19.230030299643055],[-103.70181776834826,19.228694776950725],[-103.70030831889751,19.231446050927794],[-103.69680619274304,19.232540938546613],[-103.69652718157987,19.235378416410484],[-103.69407807898378,19.236708436112163],[-103.69247859520749,19.23553525750225],[-103.68927909884705,19.236315063374757],[-103.68305227082392,19.23143463976736],[-103.6785843952291,19.22494320263357],[-103.6812516533379,19.213937328400974],[-103.6862838947053,19.216080952073025],[-103.69756605546146,19.21231211406297]]]}},{"type":"Feature","properties":{"clues":"CSIMB000180"},"geometry":{"type":"MultiPolygon","coordinates":[[[[-93.90753072931396,16.15119633305556],[-93.92014943229832,16.1483367996025],[-93.91608005419717,16.159298888114286],[-93.9200224298247,16.165882326408987],[-93.90830436658919,16.16776889256522],[-93.90638689540741,16.1769073262049],[-93.9089349503514,16.18093920057609],[-93.92320470337557,16.174078844735373],[-93.92581936615534,16.1790038307523],[-93.94213671803024,16.19042653821633],[-93.94317667782647,16.193860485301567],[-93.931140427105,16.20181172254808],[-93.93338292834822,16.216148046778358],[-93.92420774332142,16.220213717141252],[-93.9257828103848,16.223401972626778],[-93.93325070366961,16.21853803175239],[-93.9328648127788,16.234133149967036],[-93.93671468839312,16.23532901450768],[-93.93863944768742,16.23806628401254],[-93.94763769118117,16.243887821963895],[-93.95233367811217,16.251346277173216],[-93.94883044087841,16.25521791453568],[-93.94444275246474,16.257334902732673],[-93.93603956808586,16.252643838560243],[-93.93155961755514,16.255055524603502],[-93.92298552604464,16.255374261601474],[-93.92048965250926,16.25128154063526],[-93.91907795676877,16.251233872573195],[-93.90819157837969,16.2559531423118],[-93.90042663723304,16.257608356723303],[-93.89560001793272,16.27017458121546],[-93.89432623024983,16.274173962182438],[-93.89506506080386,16.2768964500715],[-93.92429079353741,16.31800357641486],[-93.9257297120044,16.32301603743097],[-93.9242512999828,16.32670679170395],[-93.91438713734897,16.333857830442263],[-93.84818005367762,16.308995389350073],[-93.84257790942074,16.314046694343748],[-93.83389813740743,16.337603374950156],[-93.83002238830143,16.344116329375606],[-93.81245568124781,16.34028297214955],[-93.79661438185752,16.341217423411297],[-93.77670674880704,16.338554509158314],[-93.76623279362208,16.342779973114716],[-93.74423542852894,16.32984115327844],[-93.72612537165743,16.307542260486212],[-93.72976448356789,16.29843218003938],[-93.73776981911267,16.290702085753594],[-93.74806578086434,16.248317222209888],[-93.80323062045663,16.260741333763058],[-93.81914036490298,16.257073023132957],[-93.8301163458808,16.259546117053098],[-93.84381100671322,16.25615124281288],[-93.85363258905302,16.246148734777545],[-93.85238069115748,16.232411577076192],[-93.84439081941083,16.21910387846056],[-93.8451322079488,16.214452689300867],[-93.84923465402586,16.212787052193832],[-93.8594797946847,16.212486160311126],[-93.87174974932613,16.2060443722674],[-93.86866843243426,16.194005103299002],[-93.87822314804822,16.17982023061904],[-93.88539131780406,16.179206767234007],[-93.89618826504626,16.16897583323594],[-93.89829693722571,16.14921143337283],[-93.90753072931396,16.15119633305556]]],[[[-93.84584633797607,16.198523075572187],[-93.85157511688914,16.19900358666655],[-93.84967056992257,16.204704607986592],[-93.84426434337125,16.20978870520919],[-93.84119315663334,16.204128490227717],[-93.84584633797607,16.198523075572187]]]]}},{"type":"Feature","properties":{"clues":"TCIMB002203"},"geometry":{"type":"Polygon","coordinates":[[[-93.63509072109504,17.93535488707379],[-93.64260872234804,17.92478248526122],[-93.66136448748195,17.91788730890149],[-93.6629921292006,17.89618427107125],[-93.70706419619347,17.913330074882403],[-93.69790122750703,17.930108733939175],[-93.71772086197853,17.968276821349384],[-93.70311657132883,17.97224423410121],[-93.68182289216293,17.973862022687953],[-93.66959326759668,17.99266546161311],[-93.65287455572032,17.99817060284257],[-93.62726394948318,17.965155532744127],[-93.6269938751272,17.95772466533959],[-93.63456014569557,17.951255413313167],[-93.63509072109504,17.93535488707379]]]}},{"type":"Feature","properties":{"clues":"CSIMS005805"},"geometry":{"type":"Polygon","coordinates":[[[-93.57306748547427,16.180195255991148],[-93.60518719301216,16.18286810104595],[-93.63011556156602,16.217056579429016],[-93.64232274240457,16.220034998671785],[-93.66202248145059,16.26202040081996],[-93.6833811052612,16.265479922117628],[-93.6900380736201,16.267811824318557],[-93.69823744566988,16.266002177321027],[-93.72976448356789,16.29843218003938],[-93.72612537165743,16.307542260486212],[-93.70274532962819,16.316996281060042],[-93.67972800923839,16.31538674408234],[-93.67069912621265,16.317360603118058],[-93.64836742872907,16.306768730944754],[-93.64221845953703,16.307413390350376],[-93.63151582376304,16.304892190990298],[-93.62741202880349,16.307725840825785],[-93.59816859382885,16.316399194460967],[-93.59005576112988,16.30526073546786],[-93.58238171498614,16.263491281285994],[-93.57488428120719,16.257591266423788],[-93.56767420680836,16.239168098364498],[-93.56938125352013,16.22226315680699],[-93.55783830762839,16.204410478167134],[-93.56311116540854,16.18567079781903],[-93.57306748547427,16.180195255991148]]]}},{"type":"Feature","properties":{"clues":"CSIMS003500"},"geometry":{"type":"Polygon","coordinates":[[[-93.48290015555668,16.85373683593646],[-93.48775233662515,16.86301242921093],[-93.49630355587936,16.866081799141238],[-93.5061882785937,16.865379385148984],[-93.52201980266253,16.858584374250402],[-93.53523761925014,16.855530421433677],[-93.54862044270067,16.848464879446954],[-93.5632654041535,16.85985377012137],[-93.57691303850524,16.894044798331254],[-93.62453875933048,16.88645947201397],[-93.62847256333,16.88625913690298],[-93.63341031580794,16.88886331865495],[-93.65430092988291,16.888424185144157],[-93.67137380844329,16.924107458270175],[-93.71466161180136,16.953609471098147],[-93.73064210414444,16.980473995136816],[-93.71129386226615,16.988407616430365],[-93.6437605071642,17.022099029386805],[-93.61013078489931,16.997380096944376],[-93.5937429695339,16.971883716076654],[-93.58647501980556,16.96686565987986],[-93.57950556629771,16.958966584817805],[-93.53604723908937,16.95762025928587],[-93.51915180284475,16.94236243474831],[-93.50992825945708,16.94059514734912],[-93.50061879263625,16.946254825853902],[-93.48942856669544,16.962019862595536],[-93.48423086114884,16.9574206697982],[-93.47962130538515,16.956031991126185],[-93.46909574968632,16.959415205457983],[-93.46551028723499,16.95651790281296],[-93.46690693254499,16.952797417755797],[-93.46585627869538,16.939846112444677],[-93.46015126524232,16.94261173452307],[-93.451710819109,16.95161119831273],[-93.4494355132515,16.951697628924354],[-93.44017517978745,16.965157627251102],[-93.4325669990903,16.972102239255044],[-93.41992151967908,16.964169433131726],[-93.41710967298434,16.96418515453657],[-93.40846129628629,16.972921927606556],[-93.40151082156221,16.96923923907054],[-93.39405033557063,16.95656384385053],[-93.38420215356662,16.966348666374994],[-93.37536769036463,16.965040162477152],[-93.3733790161691,16.962634408063575],[-93.378963692563,16.94928899139012],[-93.37788472977327,16.94217778147305],[-93.38271830092009,16.937185571347257],[-93.38821456858994,16.92087017311441],[-93.37821821748038,16.917164541967644],[-93.36714866692066,16.915971882106685],[-93.35351464526617,16.901251154039468],[-93.35446040594934,16.89626539737867],[-93.35018123350811,16.882409086388773],[-93.34129619637162,16.871181610308106],[-93.33878617538085,16.85870961116032],[-93.33365703487316,16.854266374955785],[-93.34889870391797,16.839337481200488],[-93.34714292057473,16.83355594846893],[-93.35008206427237,16.82887049486856],[-93.34392878346642,16.825412150305144],[-93.34137055632812,16.81690743026985],[-93.34319427241455,16.814721115847473],[-93.34509667183876,16.80137682104722],[-93.35149066554932,16.80006306958619],[-93.35468862771528,16.797446028313463],[-93.37335578334728,16.800824984064093],[-93.37523238418481,16.803508410078177],[-93.37762941302572,16.817983733004723],[-93.38239608882913,16.822247425596846],[-93.3984881025313,16.82750121468576],[-93.40443966977863,16.823964193345304],[-93.3942241562923,16.813189565253932],[-93.39765677911241,16.808035544249137],[-93.40535300267133,16.80111480712184],[-93.41517079354604,16.817741380036832],[-93.43193789424654,16.81781786705162],[-93.43194647000372,16.83441195718943],[-93.43418564703063,16.836783449867198],[-93.43577007517689,16.84305998369984],[-93.44207856673304,16.846537708546425],[-93.44372590040226,16.846192081650038],[-93.44950814387673,16.850535631885606],[-93.45229692987512,16.857318960543388],[-93.46023867731128,16.859317507216932],[-93.46921647979134,16.846326310709294],[-93.48290015555668,16.85373683593646]]]}},{"type":"Feature","properties":{"clues":"TCIMB001906"},"geometry":{"type":"Polygon","coordinates":[[[-93.43127664973966,17.633163145131746],[-93.42947820979913,17.645409456018413],[-93.43464271094857,17.65427120658813],[-93.43081977108133,17.66208494912127],[-93.40645050791322,17.679774670429545],[-93.39542315178456,17.677910526649843],[-93.39330240233197,17.666719595705796],[-93.39112026239458,17.662525527613948],[-93.39227186977976,17.658824494501978],[-93.38811012310863,17.646023630051257],[-93.38898692166573,17.637688109162482],[-93.40015345570028,17.63643307780037],[-93.40015519346262,17.62122360248066],[-93.4062232919084,17.614751115481532],[-93.40559980383354,17.605699772192867],[-93.40977886519694,17.60084436256049],[-93.41225195670077,17.58450842056174],[-93.43810290996298,17.579402901061172],[-93.44932159304545,17.593912161697443],[-93.44700268302077,17.610756962861128],[-93.4395856362664,17.616505720528867],[-93.43127664973966,17.633163145131746]]]}},{"type":"Feature","properties":{"clues":"CSIMB004416"},"geometry":{"type":"Polygon","coordinates":[[[-93.15221041718809,17.075327110250658],[-93.1677940539229,17.08538268934053],[-93.16156269810702,17.10866629841587],[-93.1680360831137,17.114583805828026],[-93.18688679417899,17.120882301815413],[-93.16130931620236,17.128741763948696],[-93.16069325939475,17.131268672267723],[-93.15506554203523,17.130704777089953],[-93.14961033798792,17.1363776409712],[-93.14691613090345,17.136242955456517],[-93.14989460862971,17.123166490009368],[-93.14917080104195,17.121800705742732],[-93.14340594532759,17.120955052148652],[-93.12152308691853,17.135095603156095],[-93.11451912848194,17.12599898433437],[-93.10152719528358,17.117972580550326],[-93.09379171852949,17.088937451278493],[-93.08395802543312,17.0774001903681],[-93.07676822107592,17.06345486762213],[-93.08662340355463,17.051569696181012],[-93.11771235859854,17.05045575968106],[-93.12683959606609,17.053991262787534],[-93.14885253313324,17.066631788136366],[-93.15221041718809,17.075327110250658]]]}},{"type":"Feature","properties":{"clues":"CSIMS004504"},"geometry":{"type":"Polygon","coordinates":[[[-93.02379703428026,17.35464629821961],[-93.03901084222203,17.34948673630562],[-93.05260036403241,17.351640755833966],[-93.0531468799158,17.3693793807322],[-93.04687572608007,17.383616485350935],[-93.04609409600994,17.390932060061218],[-93.04952190630483,17.39591905385327],[-93.05742943859138,17.398171870766582],[-93.05264480052597,17.42235839008375],[-93.0488725738333,17.422286889161374],[-93.04227442180917,17.43178393644051],[-93.03817413530788,17.433408072449947],[-93.03248751141857,17.430648838978975],[-93.02902625719331,17.432537159120397],[-93.02562293877885,17.436980859050163],[-93.01764528862303,17.438408211351813],[-93.0015277507763,17.446212886151702],[-92.9928930477834,17.435917824658986],[-93.00227644156978,17.425003811066805],[-93.01396861235854,17.428129011987796],[-93.01492540953286,17.418665137458532],[-93.01423222629813,17.416084476286812],[-93.00551602092042,17.410729454658618],[-93.00279876810127,17.397838746593788],[-93.01747878509794,17.399531701035194],[-93.0178957206049,17.39726014476028],[-93.01170308798109,17.388204212716186],[-93.00851593443039,17.386971942574043],[-93.00324379430367,17.37867215883105],[-92.99362975825605,17.374799332229426],[-92.9833573952659,17.367462257652324],[-92.98372365161967,17.36582776107697],[-93.01076223203175,17.361258868733188],[-93.02379703428026,17.35464629821961]]]}},{"type":"Feature","properties":{"clues":"CSIMB006212"},"geometry":{"type":"Polygon","coordinates":[[[-92.909597827561,17.413959443165034],[-92.91687841418273,17.406654929076815],[-92.9326246593569,17.40238401304558],[-92.93863334580833,17.40662500803969],[-92.94260416730334,17.42033852535647],[-92.9361313882564,17.432557894001082],[-92.93582462833385,17.43845178528173],[-92.93326508347695,17.444319899148134],[-92.91787379003728,17.45057158248439],[-92.91487194304835,17.46180298405051],[-92.90338271007562,17.463799825525395],[-92.90505958509473,17.44237943441426],[-92.89128899004808,17.44396265420909],[-92.88618122887027,17.432108865833627],[-92.88722914592371,17.428577094660024],[-92.90343534873591,17.424707846352817],[-92.909597827561,17.413959443165034]]]}},{"type":"Feature","properties":{"clues":"CSIMB000064"},"geometry":{"type":"Polygon","coordinates":[[[-92.85963305667798,15.262348704437656],[-92.86401202042657,15.275575066140728],[-92.85702150104565,15.284994280572182],[-92.86040585630893,15.290223160254094],[-92.86141720160354,15.307192135055631],[-92.8546249535345,15.308642139136664],[-92.84634672821736,15.303715227700897],[-92.84175786784904,15.308852061871354],[-92.83714919869664,15.308493951867169],[-92.83100380098658,15.319413620201006],[-92.82822924799878,15.331359879426985],[-92.82646207683115,15.333753694120828],[-92.82252676638252,15.336377788959489],[-92.80582340159913,15.33947520608871],[-92.79991266346724,15.334314199305329],[-92.79238821602156,15.32007694359723],[-92.80144895164192,15.314360048063518],[-92.81360612609971,15.31973023053689],[-92.81730085669393,15.309224445223526],[-92.81194699142111,15.293359191875144],[-92.82192331254195,15.28983506565689],[-92.82859973343828,15.285264706060074],[-92.83993589540331,15.28067527692921],[-92.83571032502341,15.266042930844847],[-92.8446080835663,15.254525026836344],[-92.85963305667798,15.262348704437656]]]}},{"type":"Feature","properties":{"clues":"CSIMS005776"},"geometry":{"type":"Polygon","coordinates":[[[-92.69699567257611,15.535284307588359],[-92.72428900222486,15.520317218792798],[-92.74197929760477,15.519252075795755],[-92.74984200459791,15.528746358310652],[-92.76678825367807,15.598636502187311],[-92.76614425822488,15.605171432015924],[-92.79350923629478,15.638294615148551],[-92.76400436785197,15.679216673005755],[-92.7534854357685,15.684145228408148],[-92.71584642183373,15.68104086044533],[-92.69107578385734,15.688145376992356],[-92.68909907687264,15.686188667811786],[-92.67072553142988,15.682176070130359],[-92.65627645333569,15.664633351363841],[-92.65847756014628,15.652681041200896],[-92.68178976623324,15.643521660686126],[-92.6844324523914,15.609366340562651],[-92.70043245798452,15.601576011729431],[-92.69699567257611,15.535284307588359]]]}},{"type":"Feature","properties":{"clues":"CSIMS000700"},"geometry":{"type":"Polygon","coordinates":[[[-92.69107578385734,15.688145376992356],[-92.71584642183373,15.68104086044533],[-92.7534854357685,15.684145228408148],[-92.76400436785197,15.679216673005755],[-92.77405867922336,15.694839185709677],[-92.7756324915437,15.71514198547539],[-92.77346679276413,15.733168711637923],[-92.73614155917134,15.725264177367952],[-92.73363214672894,15.736713215785253],[-92.71978478958182,15.74451602098611],[-92.68974409691093,15.735031974795046],[-92.68885845147798,15.725516964959613],[-92.69619235950174,15.710476116804976],[-92.69107578385734,15.688145376992356]]]}},{"type":"Feature","properties":{"clues":"CSIMB003721"},"geometry":{"type":"Polygon","coordinates":[[[-92.77839528228695,17.140092381616146],[-92.77134417624835,17.149677332754703],[-92.75651758965208,17.14902060325213],[-92.74963024430745,17.165165415089078],[-92.74341616844664,17.16327957829283],[-92.74273372955403,17.141886046410313],[-92.74856363933857,17.137749843364315],[-92.75047861899276,17.13118772875215],[-92.7620739086507,17.12896213926526],[-92.77249647768409,17.132982359207226],[-92.77839528228695,17.140092381616146]]]}},{"type":"Feature","properties":{"clues":"TCIMB001112"},"geometry":{"type":"Polygon","coordinates":[[[-92.76482742865763,18.02387066123636],[-92.75504207697408,18.022537369639593],[-92.74212729939455,18.01555516871839],[-92.72369284853993,18.021309260252583],[-92.70802438965593,18.03589485645636],[-92.70133301173612,18.034549280717574],[-92.70002199980632,17.996684638127658],[-92.70761361450634,17.98794465486844],[-92.71094026068958,17.988805919640374],[-92.73655679748526,17.985886129455302],[-92.74158958049189,17.97997330953143],[-92.7666800654216,17.986262494373705],[-92.77577889529958,18.003952998759097],[-92.77730468043596,18.018111763637464],[-92.76482742865763,18.02387066123636]]]}},{"type":"Feature","properties":{"clues":"CSIMS004422"},"geometry":{"type":"Polygon","coordinates":[[[-92.70361031052474,17.117903771429173],[-92.69629619822398,17.12214430325068],[-92.68467167211492,17.125724224066282],[-92.66941162519676,17.116547105039086],[-92.67254732055999,17.10687732630971],[-92.68360337496927,17.10304478017398],[-92.7018060926791,17.111001893710586],[-92.70361031052474,17.117903771429173]]]}},{"type":"Feature","properties":{"clues":"CSIMB003412"},"geometry":{"type":"MultiPolygon","coordinates":[[[[-92.64490208414048,15.61231754640469],[-92.65822553996802,15.61099855094725],[-92.67507391995163,15.612484895936166],[-92.6844324523914,15.609366340562651],[-92.68178976623324,15.643521660686126],[-92.65847756014628,15.652681041200896],[-92.65627645333569,15.664633351363841],[-92.63284969055057,15.675853317405458],[-92.62780637985021,15.67653242443048],[-92.61841559918962,15.674313188950622],[-92.61577830063072,15.666842361249945],[-92.61086079087528,15.661276040978187],[-92.61136074712587,15.648899851753066],[-92.6073289703457,15.644626243104428],[-92.60807901299235,15.637733803900364],[-92.61188774915534,15.626423334163134],[-92.61681207565788,15.623739035301304],[-92.62450787037669,15.627030996551552],[-92.64490208414048,15.61231754640469]]],[[[-92.59055703770139,15.632164418360613],[-92.59010702838935,15.626430248293795],[-92.60224325799412,15.627438057531842],[-92.59389054909796,15.633437188397968],[-92.59055703770139,15.632164418360613]]]]}},{"type":"Feature","properties":{"clues":"CSIMB004421"},"geometry":{"type":"Polygon","coordinates":[[[-92.63016824928039,16.528397843102926],[-92.61367934818433,16.520601055201887],[-92.60382602550534,16.490982559171652],[-92.61217013473758,16.45973097572137],[-92.63424047682277,16.443089274954325],[-92.64639584852458,16.45961232754271],[-92.64021854859962,16.50128746827092],[-92.63505335072365,16.52485022255556],[-92.63016824928039,16.528397843102926]]]}},{"type":"Feature","properties":{"clues":"CSIMB005664"},"geometry":{"type":"Polygon","coordinates":[[[-92.59029457629484,16.80693738058697],[-92.58693327398358,16.81059031737439],[-92.57295457963531,16.78951016351319],[-92.57959675413706,16.775336633701716],[-92.58573364883097,16.773903547767244],[-92.59079682082337,16.782959043452745],[-92.59360629317807,16.798994717547814],[-92.59029457629484,16.80693738058697]]]}},{"type":"Feature","properties":{"clues":"CSIMB000612"},"geometry":{"type":"Polygon","coordinates":[[[-92.55841919040358,16.769444267985314],[-92.55712244539296,16.752039206828357],[-92.55775904462827,16.751053029227318],[-92.56950439434009,16.750645564145053],[-92.57681571394083,16.77316528677738],[-92.57959675413706,16.775336633701716],[-92.57295457963531,16.78951016351319],[-92.56532990999419,16.78949531366393],[-92.56308356321377,16.77155447645537],[-92.55841919040358,16.769444267985314]]]}},{"type":"Feature","properties":{"clues":"CSIMB001003"},"geometry":{"type":"Polygon","coordinates":[[[-92.52901111616843,16.667229412335043],[-92.5358283773913,16.66124028869449],[-92.54617995170511,16.66337663611386],[-92.55356486845169,16.68191346010116],[-92.56558703380784,16.687753453010114],[-92.5574681152132,16.70375174311026],[-92.54935532452403,16.70580715229448],[-92.5462249648192,16.722318972793264],[-92.52864280194815,16.717180787210978],[-92.52393167707861,16.721348522938182],[-92.50589812780525,16.71484460107785],[-92.49989704440463,16.714548907479934],[-92.49545343170486,16.71953278691824],[-92.48172533530064,16.715029019972917],[-92.47257174168266,16.692949372394338],[-92.46432270214088,16.69393028616558],[-92.44986012374436,16.687058734824745],[-92.4451223046787,16.67856200047387],[-92.46414302267749,16.6696814851328],[-92.46154742521826,16.647440031244425],[-92.46484997565061,16.635992404538776],[-92.49042393083383,16.63936466700267],[-92.49857381750556,16.644816997170473],[-92.50921319948709,16.666341977116904],[-92.52901111616843,16.667229412335043]]]}},{"type":"Feature","properties":{"clues":"CSIMS005011"},"geometry":{"type":"Polygon","coordinates":[[[-92.4713122036442,17.235593137223855],[-92.45742615436865,17.225533151853288],[-92.45070669956509,17.218354089529566],[-92.46761790809771,17.188838021063606],[-92.484270981133,17.208100635251874],[-92.50319855764025,17.21777482711771],[-92.51051004983253,17.217505879218393],[-92.51315007472589,17.229460976127818],[-92.51742368579853,17.2351329917329],[-92.50725789502489,17.25405151178216],[-92.50540304273805,17.25383266924303],[-92.49747775025283,17.242676419582242],[-92.48883693040503,17.244054722691732],[-92.48203055910253,17.234549180385386],[-92.4713122036442,17.235593137223855]]]}},{"type":"Feature","properties":{"clues":"CSIMB003342"},"geometry":{"type":"Polygon","coordinates":[[[-92.4279733748002,16.964661366085938],[-92.45768983391775,16.968113129680486],[-92.45668224962814,16.98110008837261],[-92.44020391371272,16.992076290483052],[-92.42854038833308,16.997705059950643],[-92.41930873194092,17.011611607189355],[-92.40977981800357,17.006686981418884],[-92.39783310714883,17.00495221655165],[-92.3816813669146,16.996411250788793],[-92.37317396399199,17.002413019135854],[-92.36418909775514,17.002775692798718],[-92.35635786748756,17.000947526663815],[-92.32653796114545,16.987929080821573],[-92.33296799272337,16.974884915708948],[-92.35334981656281,16.967046045142848],[-92.3547012093096,16.9649958324013],[-92.37097764245813,16.957297457618264],[-92.37500406515755,16.95954742926947],[-92.38854150386048,16.9587532444994],[-92.39364503603346,16.95680146533224],[-92.40192992728082,16.960064681163487],[-92.41555222330203,16.951992510120267],[-92.4279733748002,16.964661366085938]]]}},{"type":"Feature","properties":{"clues":"CSIMS005472"},"geometry":{"type":"Polygon","coordinates":[[[-92.42494644804589,15.161107299964797],[-92.42428944457374,15.17064046835343],[-92.42816906144556,15.168858242734201],[-92.43234750192899,15.168919613812053],[-92.43487464157329,15.166515720980431],[-92.43793699709865,15.167070362055206],[-92.44353517024433,15.165518421284997],[-92.44680508457701,15.176358609143914],[-92.43790873168228,15.184278517142767],[-92.43579651268459,15.193811521123864],[-92.44215435287823,15.204644278204622],[-92.4345451376962,15.213252736039538],[-92.43201024810989,15.219917871907706],[-92.44603722476609,15.234840243268971],[-92.4378734263113,15.250421117712177],[-92.44031153673093,15.256370673410423],[-92.44033233845171,15.26539724490696],[-92.41988544917774,15.260388616963104],[-92.41819763705851,15.267745879166407],[-92.41055620592277,15.267328345434073],[-92.40767689408395,15.26394430115163],[-92.41517349204851,15.2548797575685],[-92.40907950434253,15.25001264551241],[-92.39890976775258,15.250582939473777],[-92.39730659101801,15.252162029917756],[-92.39373711596406,15.251241133664648],[-92.38609969971323,15.257186669245714],[-92.3760297531114,15.250148450973128],[-92.37241795012037,15.251297002936008],[-92.36757293035446,15.24547024009668],[-92.3718341525917,15.233823229258544],[-92.37503696822083,15.229841331944437],[-92.38573729901817,15.226174254201016],[-92.38910751343396,15.226356932465741],[-92.3926350773326,15.223186336694143],[-92.39723170720396,15.21409784627928],[-92.39529119108825,15.203974900497732],[-92.38442685161831,15.201957711526308],[-92.37126230917221,15.194193990566436],[-92.37183929973102,15.185061357030595],[-92.38108484857652,15.176802764702726],[-92.38808611431791,15.183085002067232],[-92.40140430471054,15.179671476437651],[-92.40160905209942,15.17800380340718],[-92.41299651821807,15.170690395259754],[-92.41590923887613,15.164733726988437],[-92.42494644804589,15.161107299964797]]]}},{"type":"Feature","properties":{"clues":"CSIMB002695"},"geometry":{"type":"Polygon","coordinates":[[[-92.43144827019583,17.265406845814642],[-92.43346842716531,17.266074723594524],[-92.43767361023546,17.286494812971235],[-92.44082532815587,17.287599702140692],[-92.44178148773851,17.29488191271351],[-92.44001401890955,17.298245708458865],[-92.43371245195236,17.30129811230278],[-92.43022291952798,17.298082248051184],[-92.42621680611559,17.303976524320632],[-92.42608158484394,17.307178642963237],[-92.41319312419857,17.314242307575448],[-92.40174076891363,17.316107197543012],[-92.39132555182707,17.3079601559244],[-92.38234077430005,17.28761630954029],[-92.38296795414303,17.282106226170715],[-92.3947733276814,17.268766986582982],[-92.40843403832565,17.274802612030243],[-92.4143105430696,17.275091421592208],[-92.43144827019583,17.265406845814642]]]}},{"type":"Feature","properties":{"clues":"CSIMB005920"},"geometry":{"type":"Polygon","coordinates":[[[-92.41597634819179,16.901459605750063],[-92.39439854115987,16.909229606987957],[-92.38552722424922,16.90354453930358],[-92.38679360741669,16.88914116791016],[-92.412277135767,16.88174227807619],[-92.41597634819179,16.901459605750063]]]}},{"type":"Feature","properties":{"clues":"CSIMS004726"},"geometry":{"type":"MultiPolygon","coordinates":[[[[-92.32429797069638,15.001466478572926],[-92.32529294355531,15.01367660360944],[-92.32421053701789,15.014732836358382],[-92.30699270464676,15.015477169928403],[-92.30652839591097,15.00814297901728],[-92.30211855843666,14.993544661553456],[-92.31039848996252,14.990441529151013],[-92.32596375686069,14.992353141518784],[-92.32429797069638,15.001466478572926]]],[[[-92.2851304112387,15.012211175878274],[-92.28949861025667,15.010033058848965],[-92.30635874756003,15.016373944479392],[-92.304031420732,15.024000736771118],[-92.29729415519112,15.029566516166149],[-92.29765379757258,15.035910166372735],[-92.2927567368043,15.049160493981313],[-92.27814103652817,15.051914160958765],[-92.27636014822279,15.055001462802553],[-92.28093583645179,15.065681285864585],[-92.27634291104661,15.069028301946394],[-92.27544101829238,15.075156986917571],[-92.26292487847068,15.078591287662146],[-92.26065857660862,15.072702217050473],[-92.26914233486251,15.064948635391977],[-92.2659058942787,15.057374552839718],[-92.2665299365121,15.052054410686582],[-92.2629848602606,15.047309153705111],[-92.25881123634979,15.045023707026324],[-92.26185128381265,15.038584188300492],[-92.26366179517119,15.03763438563497],[-92.27263350922644,15.038836561752866],[-92.2742900668194,15.032847641937803],[-92.2819463166983,15.03067196521332],[-92.28762964603995,15.02609385471959],[-92.28406679914097,15.019932164703512],[-92.2851304112387,15.012211175878274]]]]}},{"type":"Feature","properties":{"clues":"CSIMS004533"},"geometry":{"type":"Polygon","coordinates":[[[-92.25876522634992,14.594922791516883],[-92.2760206039055,14.602326640862694],[-92.27834247489605,14.608848817412655],[-92.28552772016414,14.61454417623669],[-92.30544026486363,14.610534025609963],[-92.30960983273954,14.621017498225312],[-92.31297260043304,14.62146523190281],[-92.31719001131589,14.626204774396141],[-92.32458711338545,14.629883333263155],[-92.30601511277162,14.631426219135077],[-92.30882368881043,14.635406254912846],[-92.30164334902581,14.648676160878793],[-92.30054767606318,14.648460976351823],[-92.29194122346958,14.660209250399575],[-92.29366934495177,14.661407291291098],[-92.30122782204451,14.68465538111894],[-92.28039024895406,14.674291854314603],[-92.27461995664912,14.686118533992838],[-92.26821831808027,14.686339976922683],[-92.25939417610526,14.69287936433014],[-92.25141554070468,14.682309396272284],[-92.239202711408,14.676757063538362],[-92.2377842286036,14.663600823935631],[-92.24359445790303,14.656266739753223],[-92.24232713827872,14.651123303793911],[-92.24539709014198,14.647752623961166],[-92.24596253332692,14.643156970730638],[-92.24165900619859,14.639886797741292],[-92.24514981395335,14.629434274511045],[-92.2426471517243,14.622960721321647],[-92.23898559587816,14.619992830091274],[-92.24000625531018,14.602606223744223],[-92.24297999254271,14.597281195092064],[-92.25876522634992,14.594922791516883]]]}},{"type":"Feature","properties":{"clues":"CSIMB005471"},"geometry":{"type":"Polygon","coordinates":[[[-92.28193561253892,14.849359206289458],[-92.28941113076661,14.8559085446088],[-92.28440857558118,14.863935735247612],[-92.2885486752338,14.86892984834546],[-92.28622086569676,14.874039966157218],[-92.27898846856414,14.875068265207275],[-92.27828053342998,14.873440232897172],[-92.2755167490816,14.872935157545786],[-92.27497070842205,14.874942520976715],[-92.27148325777894,14.876771677404516],[-92.27060712515603,14.873621212330749],[-92.26652376405782,14.871323268984865],[-92.26694702072575,14.868723973728647],[-92.26207007531929,14.866112839514745],[-92.26022210710444,14.858597349222393],[-92.26144946075756,14.851289566088004],[-92.25799252767372,14.847028873497369],[-92.26142154566381,14.838074779546705],[-92.24312211033697,14.822358173937406],[-92.27297015279846,14.80577507852724],[-92.28098626027848,14.832729381948475],[-92.28000032472433,14.834518652143473],[-92.28193561253892,14.849359206289458]]]}},{"type":"Feature","properties":{"clues":"CSIMS005315"},"geometry":{"type":"Polygon","coordinates":[[[-92.22572132129854,16.115732853160484],[-92.24284398014527,16.125220955409088],[-92.23663118437574,16.12836990203285],[-92.23198934239039,16.136087955239034],[-92.22839186089327,16.135406545872215],[-92.2232006550859,16.141258030638543],[-92.21799096397936,16.140841164840563],[-92.21586774913803,16.133952539630286],[-92.20609793553604,16.132881702416178],[-92.20613489222903,16.130286074834416],[-92.19990783226234,16.120016552959683],[-92.19523284752621,16.120968112755936],[-92.19064552024452,16.11671948812986],[-92.18950523910381,16.104516596314895],[-92.18460714167603,16.1014051208299],[-92.17863994288425,16.100705489204593],[-92.17326293565515,16.09261977079075],[-92.1606923628642,16.101467995442878],[-92.15279736432363,16.091366148143155],[-92.13265956316127,16.085877427544514],[-92.10272116726425,16.090278837158664],[-92.09376907783572,16.081200816990474],[-92.09268417357796,16.065844534921034],[-92.11140746067481,16.024478869845577],[-92.11758424764015,16.016316329149483],[-92.11508292579265,16.003642425144914],[-92.12817320826859,15.999458892971147],[-92.13311144577617,15.991056763746743],[-92.14653533527735,15.993290957917466],[-92.14901723064871,15.973988924806187],[-92.15365568022196,15.968606862737367],[-92.15198216076352,15.958095184986734],[-92.15411493182789,15.951288232034054],[-92.17086656446259,15.948594354812162],[-92.17881266207706,15.94981334878465],[-92.18930760379214,15.967704282069999],[-92.20287784270195,15.978061748512724],[-92.20608833065201,15.978483519660411],[-92.21035555806252,15.992759609596348],[-92.21029652431206,16.02736246948639],[-92.24421738202963,16.03798079028133],[-92.23391233893345,16.064599528164347],[-92.23701290094986,16.074533557893282],[-92.2315398503645,16.08501539031296],[-92.23209145348356,16.0997867617391],[-92.22572132129854,16.115732853160484]]]}},{"type":"Feature","properties":{"clues":"CSIMS001750"},"geometry":{"type":"Polygon","coordinates":[[[-92.09851483255804,17.046497149579583],[-92.10724043058171,17.044441814382477],[-92.11841413180767,17.047099692844085],[-92.13084652086694,17.0462833415074],[-92.1324901610087,17.048146271968772],[-92.13046827394196,17.065573564637198],[-92.12181398690511,17.069203472122865],[-92.11625399283827,17.069458608101126],[-92.11365483591337,17.083399785954597],[-92.11778151790918,17.084955617365264],[-92.11891427699256,17.08705737119538],[-92.11813221978353,17.103190033484754],[-92.1120889287912,17.108457989772486],[-92.1052610199454,17.107522822042718],[-92.10051415346948,17.099785727726807],[-92.09055161252743,17.096070897186113],[-92.08350468381339,17.105457128772766],[-92.0706007344472,17.100487115151846],[-92.06397036713481,17.105702945234363],[-92.04969421803118,17.09811804382443],[-92.03621107209692,17.093108008328564],[-92.03267454246969,17.09014459799375],[-92.03207548471252,17.080522367104233],[-92.0261655697692,17.072907574082],[-92.02776742413393,17.06954476678134],[-92.03260520661065,17.065496001821263],[-92.03759696953965,17.065817679193547],[-92.04113647984911,17.0676514079618],[-92.03947146920962,17.073673033683676],[-92.04590792483548,17.080210810589968],[-92.04894094642518,17.07880497703763],[-92.05286229214443,17.066020628566502],[-92.05014289209139,17.065115136888124],[-92.0412867243771,17.045907470340765],[-92.04259364180794,17.034624380096506],[-92.05440828375188,17.030587674406988],[-92.07363899518441,17.035409555718523],[-92.08000745014891,17.039733374182724],[-92.09851483255804,17.046497149579583]]]}},{"type":"Feature","properties":{"clues":"CSIMB002835"},"geometry":{"type":"MultiPolygon","coordinates":[[[[-92.09329502607694,16.146670212977234],[-92.09422269457517,16.15957484256328],[-92.09334200422518,16.163088962302353],[-92.08876867008024,16.164346871252906],[-92.08064824286713,16.163805828576844],[-92.07888334591827,16.158787279778533],[-92.07557763237075,16.158116310832398],[-92.07054079611497,16.162214456674118],[-92.06936654294086,16.16530138691563],[-92.07781839087099,16.17140839737738],[-92.07960006783863,16.17577589034429],[-92.07636819115504,16.184428353026096],[-92.07895177233347,16.190972205148856],[-92.0780200537617,16.194413944944806],[-92.07047711044925,16.191345442443446],[-92.06936060646622,16.18830887464872],[-92.06207714280431,16.185397728527125],[-92.06299574922471,16.181043088194265],[-92.06133192537982,16.17538174902995],[-92.05057001420641,16.17825273694553],[-92.04962470070386,16.186350790073963],[-92.04380033525906,16.191373938735826],[-92.03725980012155,16.193676718843523],[-92.02700169076797,16.176291735383774],[-92.0205763297809,16.181415289371607],[-92.01541865996793,16.17843864202852],[-92.00264301276745,16.18716182081254],[-91.9919497936652,16.187283922570582],[-91.98812378138913,16.184726840952916],[-91.99175427997346,16.17343791543637],[-91.98263986382403,16.148090831262405],[-91.98675613779305,16.142869074813447],[-92.00378500600823,16.138580915566813],[-92.00746262677838,16.125587456236605],[-92.00112232408145,16.106148063405392],[-92.02134824357476,16.11817574811113],[-92.03149183129032,16.11605656432373],[-92.0334610246663,16.121838935031473],[-92.04513259799631,16.120055111991938],[-92.04878099329258,16.12539518288125],[-92.05708072145858,16.12225827445656],[-92.06116460661147,16.130311539185776],[-92.0636295066514,16.131346582835768],[-92.06953645357555,16.11945043718454],[-92.09286323321207,16.10181916202283],[-92.10269219077469,16.091497739681746],[-92.10989045753101,16.11036956354034],[-92.10937170353877,16.132671302254767],[-92.09329502607694,16.146670212977234]]],[[[-91.98648838244334,16.053455833884303],[-92.01914322979324,16.071417673847545],[-92.01760924396193,16.08897790936294],[-91.99996351183891,16.103899296334323],[-91.98657408895662,16.10453748814579],[-91.95828666871692,16.078377000980204],[-91.97589555153709,16.057685209914016],[-91.98648838244334,16.053455833884303]]]]}},{"type":"Feature","properties":{"clues":"CSIMS005554"},"geometry":{"type":"Polygon","coordinates":[[[-92.08795205385405,15.059108771802881],[-92.08357233520238,15.055224586695791],[-92.08551267318583,15.048119546164845],[-92.09343228345905,15.048801040206085],[-92.0952569370439,15.046926075176582],[-92.10656215777163,15.05060040138194],[-92.10619741162678,15.054266038028274],[-92.10393031969362,15.057351737085773],[-92.10827868654673,15.06739842212301],[-92.10679195106276,15.071996282963287],[-92.10387400297778,15.075242560897262],[-92.10448679848157,15.084104168762961],[-92.08983691165447,15.082256539776928],[-92.08639254559364,15.079225266096126],[-92.08805362125625,15.072465635585036],[-92.08584055723308,15.065107172431745],[-92.08795205385405,15.059108771802881]]]}},{"type":"Feature","properties":{"clues":"CSIMS005204"},"geometry":{"type":"Polygon","coordinates":[[[-92.02368023123704,15.983395402250691],[-92.03116294256222,15.98342101386652],[-92.03680119519781,15.987125010044352],[-92.04499073997002,15.995505691278417],[-92.04971663280891,15.995139317078538],[-92.05735249929315,15.991059688523784],[-92.06188664800645,15.99536565872802],[-92.06878987582616,16.022138134811176],[-92.07394911849134,16.024495698103593],[-92.0787353612879,16.013857605514],[-92.09417908113332,16.01320469968329],[-92.10026933666414,16.021404491103347],[-92.11140746067481,16.024478869845577],[-92.09268417357796,16.065844534921034],[-92.09376907783572,16.081200816990474],[-92.07617533121221,16.080021084561636],[-92.04775571502896,16.063726232148586],[-92.03542602733158,16.061439989491664],[-92.03078479481127,16.061707416305147],[-92.01914322979324,16.071417673847545],[-91.98648838244334,16.053455833884303],[-91.97589555153709,16.057685209914016],[-91.95828666871692,16.078377000980204],[-91.95461372701554,16.078894676064397],[-91.94098011753444,16.076180589088683],[-91.93855144460028,16.04536811176972],[-91.92478847573939,16.028999539058876],[-91.91758499875797,16.026810668200003],[-91.91200972515838,16.00354143375707],[-91.92889421282514,15.996420539698256],[-91.95278406062528,16.00035270474823],[-91.95456124553272,15.99914089410867],[-91.98443535796186,16.00603144736119],[-91.98636719135877,16.004206964689267],[-91.98645069186942,15.991941098265553],[-91.98851837275558,15.98483080565003],[-91.9978740166521,15.984479024720109],[-92.0035830516803,15.98969435085666],[-92.0040068972336,15.996709627971988],[-92.00121898628186,16.0027857208583],[-92.00307504326086,16.004462373255198],[-92.01526678191054,16.000567382052054],[-92.01799665560468,15.996930940765003],[-92.01459457811208,15.994159625941801],[-92.01586096626147,15.98343526773336],[-92.02074956583553,15.981788402004721],[-92.02368023123704,15.983395402250691]]]}},{"type":"Feature","properties":{"clues":"CSIMS003722"},"geometry":{"type":"Polygon","coordinates":[[[-91.90920381769865,17.44779717586481],[-91.91660250783899,17.42358557883448],[-91.92686122050752,17.41395156913451],[-91.94305485361804,17.416743260751733],[-91.95560179863773,17.415471735226966],[-91.95924889951516,17.416454778287548],[-91.97028298562525,17.42973251494371],[-92.00669073113414,17.41681915123689],[-92.01389502985738,17.425029171759856],[-92.05237800293517,17.432243766990123],[-92.05392522810845,17.433922709033634],[-92.05212200500515,17.453405771586436],[-92.04800775563761,17.47103199396577],[-92.03397662017132,17.47335040333473],[-92.02375908807592,17.470813334119878],[-92.0145097712204,17.465973579327684],[-92.00970307197277,17.465463976248227],[-92.00622086014211,17.462162504755238],[-91.98127692019486,17.458844019364445],[-91.96972460683858,17.44722188404257],[-91.95135302362618,17.456629549725502],[-91.93410518039498,17.45201408395406],[-91.91527901232357,17.453985201553877],[-91.90920381769865,17.44779717586481]]]}},{"type":"Feature","properties":{"clues":"CSIMS005233"},"geometry":{"type":"MultiPolygon","coordinates":[[[[-91.88010179906613,16.06652139160487],[-91.8987037285193,16.06645185755456],[-91.90647754092184,16.07343152491568],[-91.89132979981228,16.11131690733003],[-91.88824098089212,16.111311902829136],[-91.8863198294326,16.113917869252194],[-91.87901611452212,16.140026470840926],[-91.87019682304239,16.135844712552245],[-91.86519037087342,16.13719424206912],[-91.86327345260395,16.135262626726426],[-91.84974847315927,16.131952328464298],[-91.8418213122949,16.146448149959692],[-91.82636904719843,16.133695354369618],[-91.80694900488083,16.136014104549506],[-91.80331022124021,16.123590274437],[-91.81201756142215,16.10853725079213],[-91.80237392947356,16.091888599385996],[-91.79031066889526,16.093400983832257],[-91.78059973371037,16.08976717218657],[-91.77848767999278,16.08450767768397],[-91.7697467760623,16.074661403434998],[-91.76616045563996,16.062668679238698],[-91.74126346022769,16.05729782785414],[-91.76658216559395,16.014516866568854],[-91.7967807157901,16.034427711554084],[-91.80279345228816,16.046520982497455],[-91.8236923743098,16.056717856235778],[-91.8363475551926,16.067490987527105],[-91.83724932568215,16.070681389977022],[-91.8137680141868,16.08319648613541],[-91.83039285042476,16.101175596030455],[-91.83329707911946,16.100099928074396],[-91.85003407303441,16.107159765206294],[-91.86055138557582,16.098795992719754],[-91.85410008457823,16.077199194681178],[-91.87370987199529,16.06407924054665],[-91.88010179906613,16.06652139160487]]],[[[-91.91855714371974,16.135857890710163],[-91.90799108823393,16.164605918260293],[-91.90017056830442,16.168628104525737],[-91.88612265699214,16.150361246211748],[-91.90089321128995,16.117237256626183],[-91.90416242795708,16.117670743365384],[-91.91855714371974,16.135857890710163]]]]}},{"type":"Feature","properties":{"clues":"TCIMB000091"},"geometry":{"type":"Polygon","coordinates":[[[-91.45048942371137,17.676407679515787],[-91.47538099347754,17.65598262599872],[-91.50884736063918,17.660164058014423],[-91.5151695679935,17.70712350108393],[-91.52674745255224,17.724998914942574],[-91.52780862264618,17.73088459970671],[-91.5142821165686,17.75101562115585],[-91.50734469362268,17.75748688387054],[-91.50707170715835,17.761477015190536],[-91.51550466084298,17.77093293064735],[-91.52146355451833,17.78337214437072],[-91.51643178941188,17.800343545883543],[-91.49188236578354,17.805362214295062],[-91.48480861453253,17.805364238721612],[-91.4764633685877,17.78158197664191],[-91.46448663466208,17.77390045922131],[-91.46449968344795,17.769378315700656],[-91.47735151945588,17.744008221597216],[-91.4606858705651,17.72445330560757],[-91.4545152358732,17.727822280741616],[-91.44398810784719,17.74041965835972],[-91.43937065072384,17.741909560454232],[-91.43523168141782,17.76227907032242],[-91.42554479030974,17.76318001314316],[-91.41230512831818,17.752930803117227],[-91.41317016813497,17.743555403012422],[-91.43666454385149,17.741344819210404],[-91.42118732829577,17.710311764426315],[-91.42386780180418,17.70035268661972],[-91.44603751994775,17.693747609672098],[-91.45048942371137,17.676407679515787]]]}},{"type":"Feature","properties":{"clues":"CSIMS002696"},"geometry":{"type":"MultiPolygon","coordinates":[[[[-91.4196528393337,16.13241988622222],[-91.4275809143362,16.150063626867148],[-91.42652818105257,16.168680550623854],[-91.4292198606984,16.183532882162105],[-91.4016102007772,16.18438643024697],[-91.38129603265011,16.148446084449784],[-91.3909740917223,16.134961325956198],[-91.4196528393337,16.13241988622222]]],[[[-91.48625254608419,16.166251577472917],[-91.4923612140247,16.19309254627436],[-91.49808002134576,16.19249167084763],[-91.51368500978468,16.20219606520971],[-91.51820518687579,16.201217510581454],[-91.53179193439982,16.212343507614143],[-91.53311145336146,16.21684526227836],[-91.50820512463206,16.229495374206884],[-91.50617741169366,16.232408026919597],[-91.5050048915624,16.252846159055945],[-91.48613030658207,16.245265213643094],[-91.47325980448751,16.23477517697128],[-91.47695971468133,16.209448877688168],[-91.44338393024132,16.20749063986917],[-91.43842460789475,16.198472782863067],[-91.43695070631014,16.18993081585096],[-91.46125592466561,16.178103432610165],[-91.4634010068671,16.174332500190364],[-91.48625254608419,16.166251577472917]]]]}},{"type":"Feature","properties":{"clues":"CSIMS002836"},"geometry":{"type":"Polygon","coordinates":[[[-91.12951198267795,16.074263663519968],[-91.22985354792789,16.07433612826123],[-91.25211382173838,16.132362018966763],[-91.24708590867007,16.137378568869952],[-91.19410820285691,16.12924390705474],[-91.1863355014775,16.157584417825078],[-91.14718089592365,16.18696088256482],[-91.0551468773565,16.200773883124132],[-91.05828597678887,16.19007836395135],[-91.08818354984092,16.157027425218065],[-91.12255594967193,16.102638702862173],[-91.12951198267795,16.074263663519968]]]}},{"type":"Feature","properties":{"clues":"CSIMB001546"},"geometry":{"type":"MultiPolygon","coordinates":[[[[-90.8683052962555,16.755662101174863],[-90.89516465755368,16.758962847627622],[-90.94130102754971,16.760387803205443],[-90.96680201913082,16.824766601395698],[-90.90352731447331,16.814977548930482],[-90.89118906771274,16.81873585502917],[-90.89268306978389,16.82517494618446],[-90.88652769026068,16.82526113434065],[-90.88892005633966,16.818721846845758],[-90.89081177540051,16.818624840858885],[-90.89145421417868,16.813923515221163],[-90.8821631020319,16.81577398447933],[-90.87984301912358,16.810901531080283],[-90.88214689001921,16.80764592284737],[-90.8683052962555,16.755662101174863]]],[[[-90.83629617162936,16.79599214054503],[-90.82225162017572,16.79898728982914],[-90.80530949029846,16.79900208963959],[-90.8022380801473,16.79697413919361],[-90.80194648978579,16.79198094957288],[-90.80455415717304,16.784292120917307],[-90.83629617162936,16.79599214054503]]],[[[-90.86028612040222,16.81030382995238],[-90.8580905590378,16.804025492076754],[-90.87860968305144,16.810838283184616],[-90.87445609150866,16.813812100882487],[-90.86471297522503,16.814878947199787],[-90.86028612040222,16.81030382995238]]]]}},{"type":"Feature","properties":{"clues":"SLIMS000715"},"geometry":{"type":"Polygon","coordinates":[[[-108.82994641798557,25.38547788535742],[-108.883799999209,25.410999999839877],[-108.92775359861169,25.424921169873713],[-108.96272367881359,25.43174972034658],[-109.02053153420421,25.43812186273037],[-109.0251063418998,25.440918049068028],[-109.0275186230816,25.446183755984276],[-109.0042444549555,25.491985585533605],[-109.00887463826332,25.541691879081625],[-109.00537565204505,25.624981482766625],[-108.93858762451595,25.646208482717945],[-108.93083911019264,25.630148049300338],[-108.89931005451075,25.61782511935708],[-108.87957375205887,25.614917927345534],[-108.86266130591494,25.60431180384454],[-108.87705610237042,25.58126755287262],[-108.88167550537415,25.570068948509675],[-108.89569930242419,25.54878445301673],[-108.87557032147761,25.53693454288711],[-108.83360885578028,25.507908575024636],[-108.82994641798557,25.38547788535742]]]}},{"type":"Feature","properties":{"clues":"SRIMB000144"},"geometry":{"type":"Polygon","coordinates":[[[-109.04220235266534,27.02470793426066],[-109.04255026533504,27.043635291449],[-109.05456662078376,27.05599173485434],[-109.08355121223444,27.05694574688647],[-109.09435191036627,27.05902723894824],[-109.05813816204727,27.137948534453287],[-109.05414655719137,27.16003276340724],[-109.03731250256772,27.17555761814065],[-109.02875217147648,27.205571799487327],[-108.9674463171969,27.223448199017923],[-108.95071899368584,27.220595679877214],[-108.9381705535195,27.21409641162461],[-108.92511278772135,27.185437600681652],[-108.89154398794408,27.18582300335498],[-108.86543910555818,27.171398393916494],[-108.85971946281182,27.165480014827462],[-108.85719232883697,27.150510230330003],[-108.8669067108501,27.115243524673943],[-108.82643775232317,27.073468602984754],[-108.82668915236323,27.070821675951446],[-108.81183273024625,27.04651465898407],[-108.78767542436604,27.0274119594116],[-108.68925236043053,27.0577579083694],[-108.68514943400424,27.056681277480607],[-108.72035526813237,26.98560016920484],[-108.72486902852316,26.951732101417],[-108.74016028921177,26.94033454419541],[-108.78691001092919,26.94129428845376],[-108.7907095799635,26.939693011187654],[-108.8047315227458,26.944822364559702],[-108.84425624298883,26.95028117896389],[-108.87479916028745,26.905891455771002],[-108.89833931164931,26.90257216315807],[-108.90457919339396,26.9451229380349],[-108.99296768537322,26.956107818124675],[-108.99197947123614,26.960292658049067],[-108.99545533886547,26.97682363852812],[-109.04220235266534,27.02470793426066]]]}},{"type":"Feature","properties":{"clues":"SRIMB000173"},"geometry":{"type":"MultiPolygon","coordinates":[[[[-108.90898928865988,27.233311938190074],[-108.9381705535195,27.21409641162461],[-108.95071899368584,27.220595679877214],[-108.9674463171969,27.223448199017923],[-109.02875217147648,27.205571799487327],[-109.07177520403282,27.30703606653577],[-109.02238101004185,27.344374558691896],[-109.01641881630727,27.352867954539242],[-109.01113726476366,27.356942867586678],[-108.97041791129486,27.338545831558413],[-108.94515578344772,27.330449335701434],[-108.92149874614958,27.307437844617187],[-108.91192636931004,27.33133074653227],[-108.9065523772031,27.331571179656677],[-108.89537948193818,27.34472299957906],[-108.90257292669878,27.35862867077354],[-108.87924017475842,27.38512689815792],[-108.87572562660569,27.384997091922777],[-108.84912688813813,27.354249025933104],[-108.84821246442287,27.335870376864555],[-108.83792764390381,27.319100915679954],[-108.80008880070481,27.291546180444428],[-108.7583438716433,27.30495875386921],[-108.73960080222199,27.275530480166],[-108.78180202131304,27.20998459250056],[-108.78624800902793,27.20947633806134],[-108.78953110391382,27.21144180889128],[-108.80471836214257,27.267345598932575],[-108.83868995217873,27.259058131639364],[-108.86511939056491,27.28038907191217],[-108.86821981756738,27.27832171905284],[-108.87218486032258,27.262439887774516],[-108.90767550011437,27.25599823060852],[-108.90898928865988,27.233311938190074]]],[[[-108.94610739592706,27.401271727931224],[-108.9042741785249,27.359472910438413],[-108.92548599233301,27.35541512176044],[-109.00115797212374,27.367456116411997],[-108.94610739592706,27.401271727931224]]]]}},{"type":"Feature","properties":{"clues":"SRIMB000062"},"geometry":{"type":"Polygon","coordinates":[[[-109.00297260273805,27.48349888009052],[-109.0073704506478,27.489157573200032],[-108.99923329436,27.547804513486536],[-109.00080578032494,27.55572626098219],[-109.01151289686827,27.57123478831474],[-108.98623915090478,27.59781902480966],[-108.96975395069224,27.609240913528307],[-108.95014898801915,27.609548634546567],[-108.91702809506913,27.64645106612666],[-108.92881664022124,27.67268190752171],[-108.88963158175518,27.714944326600268],[-108.86304027929069,27.701933989772158],[-108.8473330803387,27.672524589783247],[-108.83916009034836,27.662687513701265],[-108.84792224146325,27.630500228677594],[-108.91431228256018,27.643604515259092],[-108.90115136459018,27.587795751948164],[-108.86974184923935,27.594491781205598],[-108.8673899278494,27.558241740243705],[-108.85099891316916,27.55796302601034],[-108.8366920934799,27.545688614965915],[-108.83684199650374,27.521294733172066],[-108.83287977921829,27.51206662331863],[-108.81596844743227,27.493770933750277],[-108.81553034135544,27.47320419995631],[-108.86324535768796,27.478165810288314],[-108.90745319300437,27.46872381947709],[-108.91319074059454,27.45880722223832],[-108.92312691477096,27.44911885545418],[-108.97484008732529,27.478652949012695],[-109.00297260273805,27.48349888009052]]]}},{"type":"Feature","properties":{"clues":"SRIMB002232"},"geometry":{"type":"Polygon","coordinates":[[[-108.94578420433847,26.6807704154995],[-108.94155768074297,26.715679471357358],[-108.8924965662869,26.731270252662792],[-108.88419235117532,26.736658275678053],[-108.84357693278645,26.717025229568325],[-108.85045738191036,26.704525521957574],[-108.90389188650154,26.673984196573137],[-108.93109971575646,26.653508220601175],[-108.94140218983625,26.662238002683736],[-108.94578420433847,26.6807704154995]]]}},{"type":"Feature","properties":{"clues":"SRIMB002804"},"geometry":{"type":"Polygon","coordinates":[[[-108.87757355930749,26.78110707136448],[-108.85232572603455,26.797292072508704],[-108.84883111015803,26.805320662920106],[-108.85796024842341,26.81872681884599],[-108.86370243887019,26.831685108440062],[-108.86199777193987,26.834926548044574],[-108.83158072257237,26.87881104864032],[-108.80724164547843,26.884745866934974],[-108.7795204004569,26.844024651745286],[-108.80156634520206,26.80739082353693],[-108.77470659436649,26.761262830779042],[-108.7983078851044,26.721235407849445],[-108.79945191127602,26.72020162703216],[-108.83768194173969,26.720371411657876],[-108.84357693278645,26.717025229568325],[-108.88419235117532,26.736658275678053],[-108.89450644624382,26.76093566680392],[-108.89129627021205,26.76965973608898],[-108.87757355930749,26.78110707136448]]]}},{"type":"Feature","properties":{"clues":"SLIMS001654"},"geometry":{"type":"Polygon","coordinates":[[[-108.67248529365173,25.77305681177421],[-108.64793751280521,25.786126234386984],[-108.64157579656637,25.787090124813258],[-108.62263435431298,25.807951270634156],[-108.60115024316876,25.809398577219664],[-108.58521444559281,25.802580871035193],[-108.58202571111553,25.77333821030949],[-108.60150138644029,25.767664424644313],[-108.62682874363912,25.743454159889982],[-108.63425695495982,25.74267008406403],[-108.64601763737029,25.732810940445887],[-108.65330513531683,25.731986476682085],[-108.66279907637681,25.734676978208174],[-108.66984074995948,25.74506770471787],[-108.67935778475213,25.765188293784558],[-108.67248529365173,25.77305681177421]]]}},{"type":"Feature","properties":{"clues":"SLIMB002003"},"geometry":{"type":"Polygon","coordinates":[[[-108.10439332133102,25.949970388182294],[-108.09391469795872,25.986738381973414],[-108.10369114979349,26.011919373579772],[-108.08925373028683,26.0277856757749],[-108.08702836976349,26.04665233152205],[-108.09269775553867,26.061152777237982],[-108.08501074511105,26.100866550374132],[-108.07676111436476,26.113004663604176],[-108.0587954433003,26.121966769485454],[-108.07142491194995,26.15854839160926],[-108.07275872283533,26.161191070257892],[-108.08203573037906,26.168755398991557],[-108.0827760352153,26.17241512215839],[-108.06661551460638,26.19677374249561],[-108.06016397460495,26.197698540650926],[-108.0494528042841,26.188666604597095],[-108.04355115205814,26.186879018229384],[-108.04247701540277,26.183270282285577],[-108.00957502249803,26.165483118421456],[-107.99103683767304,26.17222021277794],[-107.9824512893875,26.170664080995977],[-107.9790601351036,26.153766167679272],[-107.9602041646135,26.11775696153067],[-107.96791266276855,26.110962835753895],[-107.96855217063573,26.10726685765876],[-107.9905479922773,26.093561267965594],[-108.00821590982552,26.053858862509873],[-107.98476562126507,26.015147228838217],[-107.99782870386488,26.004516069503808],[-107.99236887178347,25.94352108578051],[-108.00218754863093,25.928440828541742],[-108.0255450620866,25.915527970439275],[-108.03624249561801,25.914944984602883],[-108.04577660164584,25.899513677196644],[-108.05100603443434,25.89634255746755],[-108.06271739944691,25.893966295570717],[-108.07693270678702,25.89805419140171],[-108.08312728920505,25.89624249303836],[-108.0892788793387,25.896533759451067],[-108.09547266751856,25.921258721632128],[-108.12689744145374,25.93502770430053],[-108.10439332133102,25.949970388182294]]]}},{"type":"Feature","properties":{"clues":"SLIMB000253"},"geometry":{"type":"MultiPolygon","coordinates":[[[[-107.56882484094518,25.328158233424347],[-107.59194868217362,25.34897632638421],[-107.610845154405,25.36164031888544],[-107.61269429387382,25.37536968521145],[-107.58365116175906,25.39376013346198],[-107.56821446768623,25.418053362541823],[-107.59543285462782,25.436082658785324],[-107.58565999641638,25.443102505216892],[-107.55548007496358,25.43907093504306],[-107.54975700729179,25.45133134097548],[-107.54690449135472,25.468893644570784],[-107.5251316461984,25.48867777496791],[-107.5065336612515,25.474317103792412],[-107.47608866133974,25.4831790626745],[-107.44630417002892,25.466703597178636],[-107.44066048901269,25.461585672824704],[-107.40437452908716,25.498518371871082],[-107.38907479240603,25.46540085893847],[-107.39435707820483,25.442622065772316],[-107.38628853943959,25.429774673139796],[-107.41066878843722,25.397131294999312],[-107.41071619268088,25.39298580994161],[-107.4167532492434,25.387214776610886],[-107.43038262861135,25.349467001785108],[-107.458124333166,25.353540474170885],[-107.47911279514864,25.3250843701815],[-107.4525872497497,25.306052153406135],[-107.45462204044274,25.27316150432008],[-107.47910751323094,25.260872169125456],[-107.49386224332132,25.26325484321369],[-107.50070088191933,25.28186022241199],[-107.50275569269759,25.314733125125986],[-107.51059769897319,25.321519659073484],[-107.53284421494615,25.317043880760963],[-107.55140779121876,25.319885892080446],[-107.55378944018211,25.323279433736502],[-107.56882484094518,25.328158233424347]]],[[[-107.49242968228258,25.523395713338523],[-107.52780805723948,25.503047886684957],[-107.5369260366849,25.514602365162887],[-107.5368471141745,25.54035080740402],[-107.51550711442619,25.567979299646076],[-107.4793673774479,25.55395388499568],[-107.4759240780682,25.550087759813618],[-107.47479486854225,25.54628668809845],[-107.48401833847521,25.530761844284033],[-107.49242968228258,25.523395713338523]]]]}},{"type":"Feature","properties":{"clues":"DFIMB000352"},"geometry":{"type":"Polygon","coordinates":[[[-99.35072993942903,19.301269346716627],[-99.35703485991174,19.307277420406848],[-99.35539099809095,19.31635078022069],[-99.35096843922832,19.319682849189782],[-99.34189019688219,19.31489998350539],[-99.33705679034256,19.316773217139385],[-99.33270571178485,19.32870472460429],[-99.33524702571152,19.331608667630697],[-99.33160056939226,19.335274470526176],[-99.33042258904966,19.343180746278254],[-99.32313195091699,19.341934358296314],[-99.31811559073718,19.335662362274117],[-99.31676804405559,19.32579462027578],[-99.32769871880464,19.323656016581275],[-99.32975419048475,19.319075744952595],[-99.31266332021877,19.288716254210186],[-99.32447263491339,19.28286493587663],[-99.34955471112896,19.261066146355592],[-99.3689431425809,19.27524615285238],[-99.3621040674309,19.295144398949866],[-99.35092434670032,19.29371280665844],[-99.35072993942903,19.301269346716627]]]}},{"type":"Feature","properties":{"clues":"MCIMB000943"},"geometry":{"type":"Polygon","coordinates":[[[-99.26705334137935,19.51864259900393],[-99.26194894459604,19.527844058813432],[-99.25733649336212,19.531907420713264],[-99.26514515937845,19.5395234309968],[-99.26506449649561,19.54376550034255],[-99.26143109191943,19.5479678607151],[-99.25570906506208,19.545853371293884],[-99.24855727213664,19.549120009894622],[-99.2437670624657,19.5465497037874],[-99.2439960724887,19.544178261511853],[-99.2393764066865,19.53785166047959],[-99.23788132035457,19.537636003315633],[-99.2359707064674,19.52964014463138],[-99.24103291940617,19.527851155169756],[-99.24327420927908,19.52966565149673],[-99.25274831185986,19.52981872040795],[-99.25079534845263,19.521637549266863],[-99.2526934678797,19.51940961694823],[-99.25773881526362,19.51889003023236],[-99.26216010081951,19.511833793959383],[-99.26705334137935,19.51864259900393]]]}},{"type":"Feature","properties":{"clues":"DFIMB001670"},"geometry":{"type":"Polygon","coordinates":[[[-99.174385402349,19.284266020330442],[-99.17494681940164,19.286767280153523],[-99.1799010180498,19.287872852733262],[-99.18042807380198,19.295218509043668],[-99.18489414718563,19.294551151473716],[-99.18823078770362,19.291864511405773],[-99.19259907984329,19.29160691294113],[-99.19535361943159,19.28878053126863],[-99.20312521961459,19.288007227783933],[-99.20697091295477,19.290610278965453],[-99.20856896414263,19.295430645672333],[-99.19750414611211,19.297271817614554],[-99.19682091364132,19.30225905003415],[-99.18873823390454,19.305658660372462],[-99.18602190221411,19.303012169015748],[-99.17766709217106,19.30380690149733],[-99.17326129485203,19.301732767795052],[-99.16799692571466,19.303028095005434],[-99.16532466360796,19.3011802204227],[-99.15566277880566,19.299461962746545],[-99.15556327190681,19.294052987973174],[-99.16056149537731,19.29049714535803],[-99.15635138238864,19.285759475460182],[-99.15294527325356,19.28957287576018],[-99.147674816448,19.28627103770093],[-99.14757664613877,19.282177255841074],[-99.15030867104501,19.27964029678971],[-99.15199081453991,19.27289490530967],[-99.15356733896756,19.2724019508664],[-99.15632859830578,19.273709504822754],[-99.15811657320253,19.278450623276342],[-99.16227542255938,19.280766807238763],[-99.16649384785552,19.276802769221366],[-99.16824554090758,19.27983513215783],[-99.16798205458376,19.283315308908026],[-99.174385402349,19.284266020330442]]]}},{"type":"Feature","properties":{"clues":"DFIMB000620"},"geometry":{"type":"Polygon","coordinates":[[[-99.13874377617454,19.558205443034026],[-99.1415499476088,19.56329704736066],[-99.1440340959754,19.562960853199066],[-99.15350110499602,19.570619021951476],[-99.14401833126868,19.57882100244133],[-99.13677593818315,19.571493291489737],[-99.13783866604602,19.568655730661717],[-99.13479975916675,19.566188028478425],[-99.13624205683662,19.563137707741454],[-99.13537190498339,19.560820651051657],[-99.13874377617454,19.558205443034026]]]}},{"type":"Feature","properties":{"clues":"DFIMB000731"},"geometry":{"type":"Polygon","coordinates":[[[-99.12879326003159,19.549226390669975],[-99.13426100343537,19.549365401853844],[-99.13409090010639,19.553384939126328],[-99.13817283643962,19.554685733592436],[-99.13874377617454,19.558205443034026],[-99.13537190498339,19.560820651051657],[-99.12759637591047,19.552240566348438],[-99.12879326003159,19.549226390669975]]]}},{"type":"Feature","properties":{"clues":"DFIMB001006"},"geometry":{"type":"MultiPolygon","coordinates":[[[[-99.05725224919831,19.365125087546485],[-99.05731623370285,19.369494476781796],[-99.05514648993608,19.37044473000483],[-99.05147541083132,19.36986647846695],[-99.0497545899877,19.367475067427534],[-99.05725224919831,19.365125087546485]]],[[[-99.06263240796835,19.373362442155603],[-99.06066474534448,19.377852276655357],[-99.06064084898269,19.386853073125184],[-99.05836136787298,19.390347921626585],[-99.05964199141539,19.39182377977871],[-99.05715050585901,19.39659326028873],[-99.05311727723146,19.39361563584828],[-99.05067045415979,19.39415890486632],[-99.04951982280372,19.3923874049906],[-99.0452843894036,19.391444553466602],[-99.046851665713,19.387775197238355],[-99.04350641628362,19.386255552974905],[-99.04132972113015,19.38189023753969],[-99.04396845229432,19.37746807129972],[-99.04182178970962,19.372603080028455],[-99.04691113025847,19.371399710714474],[-99.04788482540712,19.37395479958223],[-99.05287978789286,19.372028863374307],[-99.05374577994455,19.37400322032913],[-99.05538480753548,19.37376662017003],[-99.05756910191211,19.369869455997197],[-99.06263240796835,19.373362442155603]]]]}},{"type":"Feature","properties":{"clues":"MCIMB002034"},"geometry":{"type":"Polygon","coordinates":[[[-99.05036894097192,19.52331379503476],[-99.0520158093547,19.522383930499043],[-99.05427282788908,19.523825598896956],[-99.05797770843444,19.52214752193092],[-99.0591451352948,19.529918965408843],[-99.05433034813228,19.53610166421272],[-99.05447086224464,19.540028377021553],[-99.05006859045314,19.54551577486406],[-99.05258754142383,19.550709103624108],[-99.04639979450619,19.555039671533496],[-99.04575864546909,19.557281557320984],[-99.04140405646143,19.55791272604452],[-99.03737807899468,19.553772769561213],[-99.03763742998818,19.551421228776526],[-99.03172582803013,19.543866055457865],[-99.03303702031404,19.54102118552133],[-99.03682323351956,19.543537982156316],[-99.03896183675107,19.54163036848884],[-99.03798377577166,19.539974237634837],[-99.04167698185654,19.53219436339454],[-99.03922085032254,19.53084715710648],[-99.03749644406321,19.524574472189794],[-99.04275503522514,19.526976259987112],[-99.04498305887623,19.526200209333684],[-99.04523845300473,19.522471379222836],[-99.04716493650439,19.52185157046529],[-99.05036894097192,19.52331379503476]]]}},{"type":"Feature","properties":{"clues":"MCIMB003994"},"geometry":{"type":"Polygon","coordinates":[[[-99.04984875914879,19.46749917654955],[-99.05456794444375,19.470087326575143],[-99.05481947286623,19.473318650682454],[-99.05216342848261,19.47874694844251],[-99.04906189225535,19.479071896001035],[-99.04824739121881,19.48396912960559],[-99.04599687850336,19.484851319123763],[-99.04628716108529,19.487634592245996],[-99.04420978222049,19.490663783060366],[-99.04087386834796,19.49013478400472],[-99.03676397920314,19.48725364921392],[-99.03438501968537,19.488121898684984],[-99.02849729943759,19.481952428235378],[-99.02153409248142,19.477415412176533],[-99.00788223647812,19.459288821945016],[-99.02702267924893,19.467376097610625],[-99.03702771156023,19.473398304113605],[-99.0428253527097,19.467059613362842],[-99.0441107416788,19.472519718156338],[-99.04627577715556,19.474090240477533],[-99.04984875914879,19.46749917654955]]]}},{"type":"Feature","properties":{"clues":"DFIMB000953"},"geometry":{"type":"Polygon","coordinates":[[[-99.00573734047093,19.322952735566354],[-99.00902322527779,19.317987105167926],[-99.01464409920253,19.318318629339572],[-99.01921769025886,19.335947664159235],[-99.01733523940997,19.33900980000416],[-99.02111827551538,19.340259616235617],[-99.02218319709742,19.343974358935593],[-99.01327284671858,19.340916148809793],[-99.01291999397203,19.335075724793537],[-99.00573734047093,19.322952735566354]]]}},{"type":"Feature","properties":{"clues":"NTIMB001193"},"geometry":{"type":"Polygon","coordinates":[[[-105.66716246257671,22.31119220068352],[-105.68012653925652,22.35823480204329],[-105.69475395978374,22.39988061700456],[-105.68909163534833,22.402276617897677],[-105.67682611948304,22.427327507668977],[-105.65931481057754,22.4348610571005],[-105.66968485372333,22.47188091324924],[-105.67969449291638,22.480277638485486],[-105.64919171999118,22.51199895443959],[-105.61155029810358,22.523707098061923],[-105.60207491328973,22.521608832501734],[-105.60444903179089,22.486988431975647],[-105.60189475315728,22.476069519227597],[-105.6025196648358,22.44043754680908],[-105.60469339049043,22.438621027969848],[-105.59453978901777,22.333715216141087],[-105.59839831438923,22.325431612499706],[-105.59270395365279,22.31203696436065],[-105.5856533255828,22.301663604040368],[-105.58886392287943,22.256755479873114],[-105.57432686098942,22.219297674073122],[-105.57259624256118,22.18762239145062],[-105.6369192410744,22.1829452005727],[-105.63877551372639,22.189869980905716],[-105.64220384606449,22.191845534889445],[-105.64575216268135,22.196957114244142],[-105.64653469979488,22.21306745199999],[-105.64981640303176,22.217149658200512],[-105.65293389114848,22.242029588578898],[-105.66716246257671,22.31119220068352]]]}},{"type":"Feature","properties":{"clues":"ZSIMS000715"},"geometry":{"type":"Polygon","coordinates":[[[-103.39478172984663,23.090435763044695],[-103.42269405049974,23.100017743953725],[-103.48503529587457,23.083449740214004],[-103.51787941434736,23.093267777138735],[-103.50769681731302,23.12626254242829],[-103.44371202506434,23.159912523214707],[-103.44545778588208,23.195079851317505],[-103.45097281334627,23.199052534679378],[-103.49065233076072,23.183086961519365],[-103.50274616838537,23.21244845789458],[-103.48402900301826,23.24304781123946],[-103.48040615569587,23.244653100398654],[-103.49557224040846,23.295689155165476],[-103.4770942863232,23.31029416733122],[-103.39856763743428,23.326683912888335],[-103.3875269405519,23.3011070586712],[-103.33904579844304,23.294147850493193],[-103.31809643824786,23.278792888841767],[-103.30944119545802,23.25688377882602],[-103.31040399157557,23.243976565876604],[-103.30933521584974,23.243112455601743],[-103.30825513537599,23.220057855446],[-103.30020012169503,23.214162991806536],[-103.30197277587787,23.20838391680384],[-103.30104834464758,23.19783949050442],[-103.28489011233079,23.18356220279865],[-103.27908770055849,23.18697004178866],[-103.26657251510632,23.185340182984525],[-103.25922372799643,23.1868138470082],[-103.26342286901675,23.147515502930382],[-103.2726300786381,23.142390074580952],[-103.28690295498384,23.128610569417834],[-103.29826345011291,23.12787516610583],[-103.30056559189813,23.124679503234624],[-103.32120535945108,23.110233534310265],[-103.30970440074275,23.067230279614478],[-103.38214853033402,23.058718450021786],[-103.39478172984663,23.090435763044695]]]}},{"type":"Feature","properties":{"clues":"ZSIMB000253"},"geometry":{"type":"Polygon","coordinates":[[[-103.14198778566771,22.887199364725],[-103.14725175923499,22.87994948412129],[-103.16344586145159,22.872745954507746],[-103.18077423609326,22.891112680671323],[-103.2083301847741,22.89779655037612],[-103.21067905925376,22.92292071834554],[-103.18679390027394,22.942599536898573],[-103.15085884580475,22.944570266426837],[-103.12584238715627,22.976637496777556],[-103.09019188163948,22.981563604375637],[-103.06212580458448,22.992696457050133],[-103.03562456679086,22.96769068438613],[-103.04856494623745,22.920507395438307],[-103.05249608834225,22.88853240279323],[-103.07408305119323,22.882140764552954],[-103.08797581861677,22.880107599375997],[-103.104128820506,22.909944535541005],[-103.1141779445354,22.904501954231865],[-103.12111697762228,22.89674188589569],[-103.11577581613254,22.877585466779173],[-103.14198778566771,22.887199364725]]]}},{"type":"Feature","properties":{"clues":"ZSIMB000195"},"geometry":{"type":"MultiPolygon","coordinates":[[[[-102.87261035890174,23.22785078561184],[-102.87831281941462,23.236755015275637],[-102.8786331385181,23.265754293688552],[-102.88522280549836,23.281295546818505],[-102.91220803241329,23.294664928578033],[-102.90148037401278,23.326487622429507],[-102.91093509983453,23.32932117273782],[-102.91786100756914,23.33721951553348],[-102.92176766196087,23.345788064517826],[-102.92793706366362,23.347648790800243],[-102.92826079965495,23.367591804803414],[-102.92752559706476,23.3719196481783],[-102.91569607380077,23.364505098846127],[-102.90134127479254,23.36290344507677],[-102.8980443860285,23.364176651289245],[-102.89023549686036,23.374800823276615],[-102.87480463193471,23.381702029097866],[-102.85998267509024,23.376942792052986],[-102.8526044529321,23.371516953136293],[-102.8527870185783,23.33787467797914],[-102.80284568289282,23.334872990244023],[-102.79135683986162,23.331312709330383],[-102.77751655588578,23.322193507706213],[-102.77720602645012,23.280826883463337],[-102.76493788753794,23.265119954436468],[-102.78044280633226,23.226639092874183],[-102.79188074957601,23.22008629765665],[-102.8016260110375,23.22163153075271],[-102.81016102482093,23.219833813272018],[-102.81511509500102,23.20797264916933],[-102.81394513577546,23.200572310739577],[-102.81802885029984,23.194161511525483],[-102.81880897770458,23.187196101408137],[-102.82947968791635,23.17886428889265],[-102.83516824728366,23.18743209859551],[-102.82934642071868,23.190631528055704],[-102.8362360943057,23.19630858699045],[-102.83175962410161,23.20756181355021],[-102.83835528375063,23.206938886748272],[-102.84153344780806,23.204511516114582],[-102.84605576044757,23.204510741111477],[-102.86061531870014,23.218745380119948],[-102.87261035890174,23.22785078561184]]],[[[-102.90154816965641,23.428099343291315],[-102.87768018370785,23.42293293840902],[-102.87597761631872,23.386319299330882],[-102.90659682912126,23.40829456336654],[-102.90742985419962,23.42449012703086],[-102.90154816965641,23.428099343291315]]]]}},{"type":"Feature","properties":{"clues":"ZSIMS001910"},"geometry":{"type":"Polygon","coordinates":[[[-102.70306714600498,22.620969081238204],[-102.74454463262784,22.636301146549872],[-102.76269179777597,22.653316775253096],[-102.77223996697893,22.665414268641594],[-102.77943304405287,22.67032637335809],[-102.77842054394732,22.6803388822481],[-102.78085948081664,22.69253311915721],[-102.79416960845114,22.711531670475697],[-102.79937621078308,22.716394586909058],[-102.82290373674654,22.75467583558106],[-102.83246588445317,22.75496606953785],[-102.88847708753569,22.82921467483779],[-102.88696267040878,22.837078600796154],[-102.8843010704312,22.84178739258787],[-102.83733476807711,22.85826003163913],[-102.82255209985773,22.86037448878114],[-102.77641528103287,22.830810737192735],[-102.76897318238034,22.833119230127675],[-102.74962858150244,22.82318230765122],[-102.73436337902264,22.77972044753137],[-102.7368924287694,22.77454257087841],[-102.72910519192696,22.736270935109484],[-102.72537534767183,22.72868624120476],[-102.72524032591357,22.72483638293206],[-102.721051386422,22.717689051195492],[-102.6893197003164,22.694372755005652],[-102.6858613868445,22.694815405849806],[-102.6747192781427,22.684738114745034],[-102.66918868931006,22.682957917078706],[-102.65189749227436,22.64797826279956],[-102.69596108951704,22.63032750712579],[-102.70306714600498,22.620969081238204]],[[-102.73300408497974,22.671413134193752],[-102.74696493032026,22.66402348396214],[-102.72245206632599,22.648538324036505],[-102.73300408497974,22.671413134193752]]]}},{"type":"Feature","properties":{"clues":"ZSIMS000633"},"geometry":{"type":"Polygon","coordinates":[[[-102.63938181356619,23.08944274436472],[-102.65267320079752,23.083372333247926],[-102.66536987145417,23.106717197438353],[-102.67566357086497,23.112631695474235],[-102.6911257217195,23.09855998100211],[-102.69435616322767,23.09762361421347],[-102.70655827734309,23.099444522715952],[-102.71954262449549,23.115488185554796],[-102.7199219877061,23.12117723019388],[-102.7401168974676,23.135591622630848],[-102.74310340919847,23.150577599001025],[-102.76800655767897,23.158354087060697],[-102.75985439028638,23.187002359293672],[-102.74669940194697,23.196613026631642],[-102.73192030635118,23.19200492477469],[-102.70298268832491,23.20384013817128],[-102.70088110220476,23.202231431133576],[-102.6901546459648,23.205270812359377],[-102.67094132978848,23.200218843726798],[-102.61293835517945,23.20449842167497],[-102.6018456273193,23.1833965141142],[-102.59836357755573,23.182975791932712],[-102.57228977788387,23.12366456238237],[-102.5812018750172,23.107053083703537],[-102.60995530026514,23.117420836444886],[-102.61218271267109,23.10111567041276],[-102.62565715242249,23.08991815591325],[-102.63938181356619,23.08944274436472]]]}},{"type":"Feature","properties":{"clues":"ZSIMS000604"},"geometry":{"type":"Polygon","coordinates":[[[-102.49341920993592,23.243609743748586],[-102.5135051174194,23.19744367065833],[-102.53004615072514,23.17340134481377],[-102.58702120351734,23.185355527085225],[-102.6018456273193,23.1833965141142],[-102.61293835517945,23.20449842167497],[-102.67094132978848,23.200218843726798],[-102.6901546459648,23.205270812359377],[-102.70088110220476,23.202231431133576],[-102.70298268832491,23.20384013817128],[-102.71267630677079,23.243397042952274],[-102.66935517340818,23.283368111077735],[-102.62728076078743,23.23843657492501],[-102.56219607672898,23.289279759657596],[-102.56341003657316,23.301017459715528],[-102.54693603807343,23.35072697504009],[-102.54087045386244,23.355635934242297],[-102.50187960778123,23.37590105459835],[-102.49393109672506,23.373414264469577],[-102.48927356725034,23.244967796198036],[-102.49341920993592,23.243609743748586]]]}},{"type":"Feature","properties":{"clues":"ZSIMB000084"},"geometry":{"type":"Polygon","coordinates":[[[-102.69402687753598,23.011094653237244],[-102.70116829792813,23.003178916953317],[-102.70744326672899,23.006585669317204],[-102.71568829091967,23.02007929428947],[-102.72132204514054,23.021836760999538],[-102.73280098376715,23.033363939225595],[-102.72606068197611,23.0422967723538],[-102.72360608089514,23.054818133539086],[-102.7021151502229,23.07056990562063],[-102.69999578744584,23.07065987707133],[-102.69435616322767,23.09762361421347],[-102.6911257217195,23.09855998100211],[-102.67566357086497,23.112631695474235],[-102.66536987145417,23.106717197438353],[-102.65267320079752,23.083372333247926],[-102.63837336774078,23.090134267131383],[-102.62565715242249,23.08991815591325],[-102.61218271267109,23.10111567041276],[-102.60995530026514,23.117420836444886],[-102.5812018750172,23.107053083703537],[-102.57913100204836,23.09354697567315],[-102.55750861937884,23.079553662924738],[-102.55794128644813,23.074435219509457],[-102.57325712820874,23.046736325741502],[-102.57247678702376,23.040291940205293],[-102.57501152052983,23.023259702556853],[-102.57569374654229,23.001051160946137],[-102.58475580457944,23.00111229817479],[-102.59540513594072,23.006119799811962],[-102.61113041532293,23.005491538121937],[-102.61399011145235,22.993485636864218],[-102.61907435093966,22.991394943247144],[-102.61984726497559,22.97971208738574],[-102.63127607256003,22.978915456951725],[-102.62578641518391,22.993216966880663],[-102.6277953274896,22.994510955594315],[-102.64104681811304,22.987101340764436],[-102.6488505534319,22.989676797526954],[-102.6545090846736,22.985905695188475],[-102.6648194241813,22.985573745088573],[-102.67132143880556,22.99564314666097],[-102.67378034877957,22.995725620644833],[-102.68258161666824,23.007084761797273],[-102.69402687753598,23.011094653237244]]]}},{"type":"Feature","properties":{"clues":"MNIMS004035"},"geometry":{"type":"Polygon","coordinates":[[[-101.56605120473967,20.183389910023433],[-101.56511569393216,20.175180390728084],[-101.60962004286465,20.16280045052869],[-101.61656606562872,20.165046809658723],[-101.64284633877304,20.17959680835036],[-101.64544186124915,20.18245330408925],[-101.66101352056957,20.187364454185953],[-101.65664443439725,20.21163337646496],[-101.6345524508541,20.226441879530125],[-101.6252390885365,20.24576600553784],[-101.60061310182569,20.250336244688853],[-101.59795619283081,20.24795958065445],[-101.56540227788814,20.24165040604003],[-101.55073380367135,20.221653349622766],[-101.55932175414321,20.204459777999066],[-101.56605120473967,20.183389910023433]]]}},{"type":"Feature","properties":{"clues":"MNIMB002144"},"geometry":{"type":"Polygon","coordinates":[[[-101.1105628862889,20.01984193423273],[-101.12037428072435,20.037821647445735],[-101.1209694181835,20.041429535606625],[-101.11738074424234,20.055259408103417],[-101.1233532898999,20.074636195077368],[-101.11751238969458,20.081336843343443],[-101.10988960195087,20.082927506489703],[-101.10337169722695,20.080985323028962],[-101.09458913516309,20.08218600730194],[-101.09108129049743,20.081264360130184],[-101.0852457265017,20.070862315800728],[-101.07947483816291,20.067864258160775],[-101.07615196028031,20.053691589548205],[-101.09086697756568,20.034260736273914],[-101.10175975105864,20.0133292468325],[-101.1105628862889,20.01984193423273]]]}},{"type":"Feature","properties":{"clues":"SPIMB000923"},"geometry":{"type":"MultiPolygon","coordinates":[[[[-100.76547299765606,21.564913864842207],[-100.77289947835436,21.566800013351312],[-100.79454340942948,21.584915820527144],[-100.8113503814794,21.595295782598306],[-100.83868989969542,21.6030568185643],[-100.81090763027014,21.65351232422153],[-100.76391037491986,21.640278156962186],[-100.75439040612534,21.668142978895666],[-100.74767385608745,21.673964238608615],[-100.74195714100904,21.667965090550272],[-100.73486900525229,21.647678716888134],[-100.71905305050211,21.6400818421015],[-100.72247791616502,21.606428243252818],[-100.71635801148076,21.59025487784816],[-100.73577372594875,21.585225301864632],[-100.76547299765606,21.564913864842207]]],[[[-100.70863074072197,21.659237357233227],[-100.71993628203751,21.670368276690812],[-100.71545138293077,21.676648199192847],[-100.70853734776018,21.668145902199573],[-100.70863074072197,21.659237357233227]]]]}},{"type":"Feature","properties":{"clues":"MCIMB005464"},"geometry":{"type":"Polygon","coordinates":[[[-99.97051479795478,19.935807426308966],[-99.97189947367208,19.93496279509091],[-99.98533332558719,19.94087298682597],[-99.99369412180549,19.952525864431955],[-99.99804755708152,19.9542737887834],[-99.9941857320117,19.963942645743245],[-99.99490699759153,19.967010561156872],[-99.99263387025121,19.975618354535424],[-99.98697515348249,19.974726234748967],[-99.9763458405761,19.982045286138987],[-99.96739214999303,19.981378102901033],[-99.96329506347801,19.96975249549648],[-99.97297849465404,19.9491324214832],[-99.97051479795478,19.935807426308966]]]}},{"type":"Feature","properties":{"clues":"MCIMB011151"},"geometry":{"type":"Polygon","coordinates":[[[-99.86577246076065,20.147237756656345],[-99.85777882014092,20.128816074412992],[-99.86151122004719,20.123007407207194],[-99.89140487556104,20.12582592256345],[-99.9011156545652,20.131499166647465],[-99.90470580156061,20.135881588489976],[-99.9041407927869,20.150122961791784],[-99.88551811112976,20.15836395541702],[-99.86923312108011,20.14737698593166],[-99.86577246076065,20.147237756656345]]]}},{"type":"Feature","properties":{"clues":"MCIMB000342"},"geometry":{"type":"Polygon","coordinates":[[[-99.78105279482186,20.141784905571093],[-99.78492302042666,20.131925629135484],[-99.7915120352565,20.13165579682505],[-99.80942122759234,20.12263748931754],[-99.82959824775621,20.13485833915196],[-99.82878127247761,20.141127420128363],[-99.85113205392221,20.162276440447016],[-99.84091119751568,20.17216351668973],[-99.81529260583014,20.161408231528696],[-99.80906471728322,20.1760608930262],[-99.78938184211002,20.173508042877867],[-99.78060524768388,20.16223047649513],[-99.78261767281113,20.15513122635442],[-99.78105279482186,20.141784905571093]]]}},{"type":"Feature","properties":{"clues":"MNIMS003335"},"geometry":{"type":"Polygon","coordinates":[[[-102.32820426678504,18.644226391636575],[-102.33690783645973,18.643216631195497],[-102.35087250274303,18.69302738870636],[-102.35513083989126,18.701498736201533],[-102.37603224941964,18.70261431845851],[-102.39475057913502,18.688495964026384],[-102.41134055429292,18.679499708040993],[-102.43090832288715,18.700880234665423],[-102.43343632922678,18.705061698563572],[-102.43734372735086,18.724191205979615],[-102.41948775085714,18.74549573066083],[-102.42014142978684,18.75564388820289],[-102.41744769382898,18.772540363521248],[-102.41494394152072,18.776762907640826],[-102.35321594021276,18.79172332786981],[-102.33795490153207,18.785009117533956],[-102.3193235559864,18.77021156024754],[-102.31322579193406,18.75284388249337],[-102.30603536149674,18.750154286145737],[-102.2713551158239,18.764167352322755],[-102.25506911260256,18.802298010693647],[-102.24955677958023,18.802536135680235],[-102.23172387101337,18.76536878456237],[-102.21813172475548,18.760177634342487],[-102.20937626996219,18.74320998503462],[-102.19857572032507,18.734993889841604],[-102.19044347579906,18.706274228012347],[-102.12985158085138,18.6961061856196],[-102.14580523739362,18.633350149087555],[-102.16374470110824,18.637343826341972],[-102.18237692628531,18.65078226649664],[-102.22132377725474,18.606585721170482],[-102.22555481525623,18.60913650918221],[-102.23951997326218,18.602213436081204],[-102.28034362708048,18.612757426798133],[-102.27985255670853,18.6147672527612],[-102.30161689876913,18.651262513416675],[-102.32820426678504,18.644226391636575]]]}},{"type":"Feature","properties":{"clues":"GRIMB007584"},"geometry":{"type":"Polygon","coordinates":[[[-102.13293602036637,17.948516219614994],[-102.13687566094588,17.939683769447633],[-102.14931293465206,17.968003143394395],[-102.13685687855397,17.994279535395084],[-102.12711946449055,17.99552436511837],[-102.10621612201004,18.01520912881138],[-102.09778165559632,18.003961942398572],[-102.06936203384667,17.987210160268972],[-102.09670265981406,17.983550179574205],[-102.10143694008464,17.981615481544857],[-102.11508876973559,17.962188779768365],[-102.13293602036637,17.948516219614994]]]}},{"type":"Feature","properties":{"clues":"MNIMS001713"},"geometry":{"type":"Polygon","coordinates":[[[-101.71614397101558,18.802645549125142],[-101.73147387279916,18.833349765361653],[-101.73607706326108,18.845943492453337],[-101.74372165626723,18.85037559781946],[-101.75477177207618,18.887353171221832],[-101.77139613176794,18.89614292798649],[-101.76619984922198,18.902516501016105],[-101.7604820753804,18.914088012270998],[-101.758076399723,18.91563957270116],[-101.74617198495582,18.918224890265922],[-101.74011925847483,18.91132923163825],[-101.73602361417643,18.91135442799541],[-101.71945090852786,18.927799945730783],[-101.71958500914934,18.937127168868226],[-101.71610716339488,18.94251442486568],[-101.69963856437737,18.947540351110906],[-101.69136583321814,18.958659426479834],[-101.67127922442151,18.957787291212735],[-101.6525379087668,18.950105814636075],[-101.63680983633972,18.957265359971956],[-101.62132728773838,18.913211422602384],[-101.63710198590628,18.8986900395119],[-101.63422081595195,18.866458368546393],[-101.63856231069828,18.86516226377976],[-101.64062182864969,18.861598085245173],[-101.66316968275463,18.84875520658083],[-101.67290883684613,18.83720779268609],[-101.67619414217683,18.838093100490845],[-101.71614397101558,18.802645549125142]]]}},{"type":"Feature","properties":{"clues":"GRIMB002042"},"geometry":{"type":"MultiPolygon","coordinates":[[[[-101.7070314758528,18.33624496573707],[-101.70983671851327,18.336589244348566],[-101.7226205476146,18.351354039151023],[-101.73630701641503,18.355106621186142],[-101.74481614205928,18.366942499881542],[-101.72538579019428,18.374715226187753],[-101.71537373481829,18.388101783014047],[-101.71716297566707,18.395359218224765],[-101.71615030724476,18.43261134259038],[-101.67683555325603,18.43391208945923],[-101.67408940085541,18.435006431727945],[-101.66871725203123,18.433483724300515],[-101.62475450708281,18.444962129328353],[-101.62991421287578,18.46120006058243],[-101.60074339154978,18.46966405971467],[-101.59802178769618,18.46613057376001],[-101.60269266580666,18.436025057153667],[-101.61460427502077,18.41601616393138],[-101.6292865864452,18.40555758232332],[-101.62666849002385,18.358724277888015],[-101.63180745309498,18.35554377722759],[-101.64157980306203,18.34314102802481],[-101.65456374409489,18.317998425536537],[-101.67021342354344,18.310475265408662],[-101.6977896842924,18.3274225605585],[-101.7070314758528,18.33624496573707]]],[[[-101.75966067549487,18.3508298809997],[-101.7930849307394,18.347419303366188],[-101.77766593585207,18.38375625504246],[-101.76360067211237,18.387236196712127],[-101.75493695144964,18.38168127150833],[-101.74598001539368,18.367165427717524],[-101.75966067549487,18.3508298809997]]]]}},{"type":"Feature","properties":{"clues":"GRIMB004475"},"geometry":{"type":"Polygon","coordinates":[[[-101.67293154462584,17.740438175477127],[-101.68684528530875,17.753600881187467],[-101.70113114170485,17.763713813954077],[-101.69241139831277,17.798302181892275],[-101.68198976633245,17.805137305848195],[-101.66792386250275,17.80382170548916],[-101.65037329289754,17.765385066725784],[-101.67293154462584,17.740438175477127]]]}},{"type":"Feature","properties":{"clues":"GRIMB002725"},"geometry":{"type":"Polygon","coordinates":[[[-100.85612317912255,18.319851252368515],[-100.85109643554269,18.318568054678366],[-100.8291610304071,18.305623860920733],[-100.81774906959369,18.28890706141112],[-100.81473531050247,18.278462167341406],[-100.82221239864234,18.272384845578465],[-100.8683922877021,18.31012201206932],[-100.85612317912255,18.319851252368515]]]}},{"type":"Feature","properties":{"clues":"MCIMB008602"},"geometry":{"type":"MultiPolygon","coordinates":[[[[-100.51380949906833,18.851665114417223],[-100.52607076434333,18.847642476456112],[-100.52921033088538,18.861848161845],[-100.54041007008401,18.873166717724732],[-100.55722657899551,18.86702634424839],[-100.56275781862257,18.869380003779145],[-100.56417708997161,18.88209359447734],[-100.57730266899412,18.894558718302942],[-100.57197699032487,18.90699123604846],[-100.56507227359279,18.912496577378622],[-100.55318555467437,18.91346103793332],[-100.54818302638832,18.91724714615094],[-100.54523297817262,18.923429249785666],[-100.5336167061291,18.935591985480475],[-100.51325594946651,18.906166550167075],[-100.5038423850231,18.908029232057164],[-100.4942850545592,18.887031874639145],[-100.46904207957587,18.89549311411226],[-100.46305214157081,18.878337437647826],[-100.46785942201844,18.859811168776208],[-100.47270782471415,18.859113928579127],[-100.48676218429182,18.86414330318654],[-100.4971607457368,18.864766282077422],[-100.51109666768475,18.855213951065725],[-100.51380949906833,18.851665114417223]]],[[[-100.60340269104275,18.87473181741987],[-100.61209788762407,18.9098271153167],[-100.61202448252342,18.910346520730467],[-100.59518938615514,18.90372011477961],[-100.58467981006832,18.89282563232218],[-100.59181268101796,18.880486435747976],[-100.60340269104275,18.87473181741987]]]]}},{"type":"Feature","properties":{"clues":"MCIMB000716"},"geometry":{"type":"Polygon","coordinates":[[[-100.36710711634662,18.672099982799857],[-100.37165681249594,18.68035214025491],[-100.40025360808305,18.68146946338132],[-100.4042868314836,18.689383864989757],[-100.39949760107987,18.695128266245444],[-100.39824946947637,18.705499067129495],[-100.40050412675825,18.721260218860557],[-100.38901596246606,18.735803001463953],[-100.39500977178227,18.74540684029143],[-100.38450475617483,18.75918027119159],[-100.37469146341115,18.764312575657065],[-100.35436339759872,18.75391604892335],[-100.35191087853816,18.748126796053942],[-100.3546413962551,18.74439633307955],[-100.3490724607608,18.726463390707963],[-100.35121344321122,18.719337358546465],[-100.34378314440002,18.71603642831927],[-100.34219915717027,18.713936821734038],[-100.33760934358139,18.701369865641606],[-100.33802716223886,18.699264765467234],[-100.33166320377418,18.6919821447795],[-100.33186592303707,18.688265337032036],[-100.32506139480849,18.677872535982875],[-100.32819874353387,18.673254868268362],[-100.32560116187791,18.65759769021487],[-100.32887468686106,18.65342835439093],[-100.33848595960175,18.64774240681666],[-100.34369127179602,18.646632802398134],[-100.34703432267958,18.643009400346475],[-100.35595795827781,18.640113525648886],[-100.36844438681844,18.64407567844793],[-100.367413843666,18.649077191935774],[-100.36063515707738,18.657542084342214],[-100.36270551694277,18.668050900933807],[-100.36485384331712,18.67158809858339],[-100.36710711634662,18.672099982799857]]]}},{"type":"Feature","properties":{"clues":"MCIMB006806"},"geometry":{"type":"Polygon","coordinates":[[[-100.34673405999892,18.52400694158659],[-100.35018773267042,18.519918738774294],[-100.36635437527977,18.509509505934744],[-100.37785594359048,18.523620441813716],[-100.41013524209912,18.533609044822416],[-100.40062692715725,18.559970585190815],[-100.38915265288345,18.56937423182346],[-100.38922655198661,18.57647699695521],[-100.37440512220218,18.595669541801765],[-100.37521628311538,18.609811980248022],[-100.38449062705722,18.62025673775309],[-100.3770846198931,18.636164543993004],[-100.36844438681844,18.64407567844793],[-100.35595795827781,18.640113525648886],[-100.35520895385642,18.62879133869193],[-100.35735540769821,18.62556578464661],[-100.35455913433218,18.61716689173279],[-100.34480461533508,18.610912760520073],[-100.33363283112975,18.61432612619604],[-100.32600586309819,18.604975207989305],[-100.3422737243839,18.58339611197241],[-100.34932735405378,18.58212112275796],[-100.3532743020835,18.572931788999316],[-100.35089962438285,18.564745970809938],[-100.3433004069896,18.55372211838206],[-100.34212438003172,18.535277370262808],[-100.34673405999892,18.52400694158659]]]}},{"type":"Feature","properties":{"clues":"GRIMB005974"},"geometry":{"type":"Polygon","coordinates":[[[-100.32923822597657,17.98318051254747],[-100.33802616601311,18.02044872921309],[-100.35474962581563,18.043042654744525],[-100.35917489787329,18.044115465137818],[-100.3624101188311,18.103940853160562],[-100.35608757398539,18.114800923448637],[-100.36562949138015,18.135373452725158],[-100.36113971749423,18.14351316521676],[-100.36249914816153,18.153020015534427],[-100.35048067875056,18.1727070936014],[-100.32799825724359,18.16371707891609],[-100.32757193927159,18.147073515187973],[-100.32934023138425,18.145811757754526],[-100.32999206231894,18.130105122467334],[-100.34930111138357,18.114870271942443],[-100.32613373384258,18.106747389733933],[-100.32014142441622,18.115738057013683],[-100.3075730073643,18.120667125405422],[-100.29964491880666,18.141453893026483],[-100.29683726924945,18.142845817069816],[-100.28461164320426,18.138463428188732],[-100.27356767952557,18.095035977519505],[-100.25822821208749,18.106708713244057],[-100.2241049375932,18.08255291585182],[-100.22886899505266,18.068079249902958],[-100.20915026395917,18.046826007806214],[-100.20066852909513,18.026380278689473],[-100.22222117206805,18.014122025597725],[-100.25500818864018,18.015327259643584],[-100.25761557556223,18.008739324064],[-100.25669833362147,17.97504172097872],[-100.25981388053724,17.966585864543248],[-100.29164069360434,17.937481359248416],[-100.30135842562622,17.931832406962158],[-100.31382192528913,17.947211506296746],[-100.32056845255691,17.973193564932544],[-100.32923822597657,17.98318051254747]]]}},{"type":"Feature","properties":{"clues":"MCIMB000721"},"geometry":{"type":"Polygon","coordinates":[[[-100.31435533266075,18.73424564197247],[-100.31416913468522,18.742009788428597],[-100.31826641070256,18.7471079738168],[-100.33411583941052,18.749542803352345],[-100.33572115700878,18.762052695261293],[-100.32773855010775,18.77131641723442],[-100.32472364451222,18.778343426905078],[-100.31040245985955,18.77679880460672],[-100.3132524098973,18.792123351503747],[-100.309171699614,18.798496530852308],[-100.30020080415903,18.803822650340326],[-100.29806146968512,18.810996383265195],[-100.28650687406753,18.80699190611409],[-100.28410445691773,18.787337604968457],[-100.28247614509364,18.78482932850048],[-100.2767720623413,18.78622413418963],[-100.25995235127766,18.76736191187556],[-100.25352175363032,18.765902930753366],[-100.2549140291536,18.74840189195703],[-100.25343097336074,18.745322324676298],[-100.25942012492382,18.7302145323453],[-100.26218015288045,18.729220868730838],[-100.272631451263,18.714397487775205],[-100.2763639174075,18.71661736752873],[-100.3016638210978,18.71362939118817],[-100.30263630166911,18.72041166060105],[-100.31435533266075,18.73424564197247]]]}},{"type":"Feature","properties":{"clues":"GRIMB002416"},"geometry":{"type":"Polygon","coordinates":[[[-100.13916259595723,16.99103399530371],[-100.14879917970421,16.98211693560092],[-100.16713730337696,16.975514518069684],[-100.16587122896645,17.01082318462709],[-100.14911138115805,17.012875715240877],[-100.13933151969087,17.020139554647606],[-100.13467714790266,17.036157991085428],[-100.12154265470406,17.02551074716033],[-100.10691246251916,17.018536412726434],[-100.0997340839492,17.01981618014658],[-100.09579731137323,17.030396479823487],[-100.09268536696612,17.032283259729347],[-100.0884761976743,17.02894816648037],[-100.08164691692102,17.02656810836058],[-100.06928067328715,17.026808985916162],[-100.06462020905609,17.02174055045122],[-100.0211887484905,17.029687719165388],[-100.02881945911618,17.005266095267164],[-100.05122534938124,16.994528063972812],[-100.05517450276777,16.988678397106604],[-100.06530445553541,16.96230608381072],[-100.07901962527356,16.9665746669727],[-100.08208160833003,16.98455526947671],[-100.0808233331528,16.990038563682837],[-100.08354918018713,16.997218939155825],[-100.08645184152351,16.99899911058323],[-100.10121517827459,16.997892317726677],[-100.10436088290253,16.994355052140403],[-100.10758628872833,16.993271541873224],[-100.113924027492,17.001081123065163],[-100.11913129004986,17.00319503079304],[-100.1314572014442,17.002184592707824],[-100.13916259595723,16.99103399530371]]]}},{"type":"Feature","properties":{"clues":"GRIMB003664"},"geometry":{"type":"Polygon","coordinates":[[[-100.12307313926765,18.416447704261408],[-100.12654346623198,18.415334941606694],[-100.12957335726783,18.41610149297839],[-100.13617350665453,18.427577007133756],[-100.11804860245309,18.442477713175446],[-100.11767135064731,18.444956245655483],[-100.12675722933079,18.450878084470336],[-100.1356516828051,18.451176497342864],[-100.14851762811467,18.467280547171384],[-100.13145206948568,18.497998552703564],[-100.12037265106888,18.496066349917765],[-100.11772755238722,18.487238262356502],[-100.10957075345944,18.47552606060016],[-100.09740819537954,18.464801901038435],[-100.08909931603174,18.46601696452115],[-100.08275516821638,18.45859614749468],[-100.07674085742116,18.44592065994718],[-100.05405495937593,18.451221152269067],[-100.04994791244748,18.424829106168136],[-100.05520868121187,18.419653580796744],[-100.05839353552385,18.411640785453688],[-100.05032194842916,18.38824986426401],[-100.05250994206907,18.38057357327839],[-100.06759853743728,18.37988258983595],[-100.08156195647004,18.370385566641314],[-100.08993368597493,18.376361667670384],[-100.10464169001581,18.38185227948027],[-100.106129323671,18.38355381512401],[-100.12708958273953,18.383228789590145],[-100.13149777960368,18.38686327115003],[-100.12562487587263,18.398362031429293],[-100.1049302457947,18.400369228538818],[-100.10256222367957,18.40588166440797],[-100.12307313926765,18.416447704261408]]]}},{"type":"Feature","properties":{"clues":"GRIMB002421"},"geometry":{"type":"Polygon","coordinates":[[[-100.08800680384488,17.03865276969297],[-100.08156772695834,17.06288970144725],[-100.06624895807245,17.06180059773172],[-100.03723739317266,17.05558396812106],[-100.01654794829341,17.035880304189696],[-100.0211887484905,17.029687719165388],[-100.06462020905609,17.02174055045122],[-100.07077470581041,17.027356473686154],[-100.08164691692102,17.02656810836058],[-100.0884761976743,17.02894816648037],[-100.09268536696612,17.032283259729347],[-100.08800680384488,17.03865276969297]]]}},{"type":"Feature","properties":{"clues":"GRIMB003775"},"geometry":{"type":"Polygon","coordinates":[[[-99.98403012039364,17.67298261923131],[-100.00762352768646,17.70683725998629],[-100.01929908825925,17.734931001655657],[-100.03537089935068,17.74521496239151],[-100.01386333008735,17.774827420060287],[-100.00621122119568,17.77565742091109],[-100.0004803297807,17.801265006362964],[-100.0038839545999,17.807959130501693],[-100.00598526773443,17.821334422368245],[-100.02904148322716,17.834826333045953],[-100.03536868700199,17.83545559538332],[-100.03679050374839,17.847881551856965],[-100.01998788406513,17.866072973366254],[-100.00975522116815,17.86934550827124],[-100.0070101285382,17.880979897872418],[-100.02167681698417,17.90063602513729],[-100.0230055930915,17.904249994321358],[-100.01135722442486,17.924883121689465],[-99.98774764832025,17.91500600795255],[-99.98579879115304,17.91327818004378],[-99.98095297116966,17.897961029108934],[-99.96211444954808,17.890096905596618],[-99.9292107850001,17.903450446542777],[-99.92745164532568,17.892024992776477],[-99.94503638075112,17.857199656059073],[-99.95272092793657,17.856399630474375],[-99.96233643525116,17.84254593960646],[-99.95760022434838,17.824220469754177],[-99.97497936342053,17.8182365184514],[-99.9784064439774,17.80761500759454],[-99.96852277160482,17.799581084653823],[-99.95218483671316,17.796598255624318],[-99.94875523809988,17.793343360948622],[-99.94732925285324,17.788407613068976],[-99.95122044817658,17.77369621693283],[-99.94088077189717,17.76162239867691],[-99.89842285148973,17.745417315970872],[-99.91470109527712,17.732858558450893],[-99.92331580102251,17.729873618032837],[-99.93435637682958,17.72344878641252],[-99.93607760204554,17.701652563911924],[-99.91308256001803,17.686361922012097],[-99.90657413007602,17.676262431997525],[-99.92930147683114,17.668403074084992],[-99.97198483253416,17.673740784691713],[-99.97596709495384,17.671288059478485],[-99.98403012039364,17.67298261923131]]]}},{"type":"Feature","properties":{"clues":"GRIMB003780"},"geometry":{"type":"Polygon","coordinates":[[[-99.9426828068991,17.50907837540395],[-99.94706756419032,17.434415351634307],[-99.9569501896394,17.419589143917698],[-100.00146781148017,17.54722271352464],[-100.00272213762783,17.55855078907906],[-100.0097776877455,17.56702729418714],[-100.00940670708567,17.5825619992174],[-100.00093294459937,17.58980311979891],[-99.96322092018481,17.611332963321026],[-99.96085046247741,17.61131259428753],[-99.95313910130977,17.60434450454482],[-99.92598651095639,17.570999121606647],[-99.93594051569326,17.5608768295506],[-99.93910311937181,17.559482303988467],[-99.94449109444916,17.513009967155387],[-99.9426828068991,17.50907837540395]]]}},{"type":"Feature","properties":{"clues":"GRIMB006703"},"geometry":{"type":"Polygon","coordinates":[[[-99.89000305275593,18.168909774747252],[-99.8981378107759,18.165251893881287],[-99.91952516920861,18.18017339512737],[-99.94001430095916,18.16710440007779],[-99.96692224137192,18.168690175448475],[-99.96484614128562,18.20147732631706],[-99.9547761735207,18.216972355255585],[-99.95370408888962,18.224237448205937],[-99.9575818994811,18.233776653477975],[-99.95876071118484,18.24609393825554],[-99.95431542075801,18.25543505812947],[-99.92170738753393,18.26341305210261],[-99.91809708865314,18.265746434841443],[-99.9098508532616,18.259120295731616],[-99.89962723973319,18.257405268660992],[-99.88498504830977,18.267776941305073],[-99.86328659899276,18.265472490868664],[-99.85916708087288,18.251474512593113],[-99.88872126856965,18.233560048754992],[-99.89254003271176,18.233981895878973],[-99.90481090284105,18.22710349655159],[-99.90456047879799,18.20234582095188],[-99.89657369264692,18.1991152750991],[-99.89000305275593,18.168909774747252]]]}},{"type":"Feature","properties":{"clues":"GRIMB005291"},"geometry":{"type":"MultiPolygon","coordinates":[[[[-99.90605405926902,18.466025775315586],[-99.88892583539905,18.456347164658617],[-99.88745943155833,18.45110794560541],[-99.89931983402707,18.440551396801162],[-99.91008099724566,18.439749622939356],[-99.91531936897348,18.45122492516957],[-99.90605405926902,18.466025775315586]]],[[[-99.93876946467883,18.46593476522549],[-99.94393605352543,18.46111595172403],[-99.9522791577756,18.460128661791614],[-99.97085819126666,18.47382562601505],[-99.97319817689632,18.49350968344567],[-99.9512945153675,18.493933792606892],[-99.9411255209808,18.503849934322158],[-99.94028501487257,18.50626441979351],[-99.95044639317402,18.524519216050976],[-99.95026300809963,18.52728118760324],[-99.9365860642819,18.53733275107999],[-99.92920694944732,18.535919729090388],[-99.9232501330587,18.527223836376784],[-99.92450774086406,18.51278915658294],[-99.92004509057685,18.51054705738837],[-99.91322073974881,18.493806353671168],[-99.92339595584605,18.486684497650156],[-99.92749562613825,18.473284486569725],[-99.93876946467883,18.46593476522549]]]]}},{"type":"Feature","properties":{"clues":"GRIMB010244"},"geometry":{"type":"Polygon","coordinates":[[[-99.62708509325935,17.610435068656557],[-99.62695488191603,17.593414807767292],[-99.65757960503907,17.58419087667023],[-99.69597933717138,17.600695656953885],[-99.69692172122929,17.60449975358059],[-99.70988177541898,17.625261974397052],[-99.71385825193525,17.636771054421718],[-99.69484987389806,17.647925339895338],[-99.67970919259272,17.652806906430232],[-99.67632414988074,17.651629038549896],[-99.67311390200396,17.65482968443735],[-99.67307056942137,17.657972722372193],[-99.65459441996897,17.65823281835282],[-99.64509618443196,17.663127062391684],[-99.6414087023176,17.63002346025401],[-99.62708509325935,17.610435068656557]]]}},{"type":"Feature","properties":{"clues":"GRIMB010273"},"geometry":{"type":"MultiPolygon","coordinates":[[[[-99.5742913852672,17.129709327770573],[-99.57767150388544,17.105095796460212],[-99.58541434088242,17.078249489947716],[-99.60684993102828,17.073586020138862],[-99.62872502572378,17.08051209829283],[-99.63205141124058,17.09517755229743],[-99.6259222198803,17.108900363243535],[-99.61536399089974,17.123982802125283],[-99.60233399452366,17.132609355938197],[-99.5742913852672,17.129709327770573]]],[[[-99.54789577597016,17.125438973038698],[-99.57054888111175,17.131297296162465],[-99.56761780895368,17.162559920980907],[-99.57554084302438,17.165782612889213],[-99.58838473122134,17.184032507770958],[-99.60937980146133,17.184972273845958],[-99.63382579378643,17.205411631585452],[-99.61730365710737,17.244633784585442],[-99.59490828152256,17.248082674608966],[-99.56335230211512,17.233887913404686],[-99.55370282701227,17.21546463280962],[-99.54433148772625,17.201632643431374],[-99.541850344216,17.200267292372363],[-99.52993363678924,17.20245553732016],[-99.50948223806066,17.194587118636402],[-99.50563058202894,17.187018222968717],[-99.46727929564119,17.186151863357512],[-99.45035866311683,17.18423087252106],[-99.4533027241665,17.172110735139167],[-99.45475085490824,17.1258098058873],[-99.48457248550942,17.128126938156004],[-99.49120457136233,17.12307196212482],[-99.51397599942952,17.099857688420617],[-99.52504225473533,17.11593943295933],[-99.53330568764915,17.12513726879715],[-99.53751129141818,17.127576537422765],[-99.54789577597016,17.125438973038698]]]]}},{"type":"Feature","properties":{"clues":"GRIMB002153"},"geometry":{"type":"Polygon","coordinates":[[[-99.62085633255327,18.22991286476342],[-99.60812206370683,18.273731921627856],[-99.60127124906103,18.278857205763167],[-99.59222171339809,18.280457281422905],[-99.59030409818816,18.27898507194284],[-99.57026917674803,18.23440875130887],[-99.57692443074362,18.209155700047628],[-99.58567239415368,18.203568445668267],[-99.60805663716404,18.19825013215732],[-99.61815593964944,18.219842917100546],[-99.62085633255327,18.22991286476342]]]}},{"type":"Feature","properties":{"clues":"GRIMB004130"},"geometry":{"type":"Polygon","coordinates":[[[-99.57921840036227,18.325051504867044],[-99.58055967289448,18.333100030174474],[-99.58645140983813,18.341203099592292],[-99.61573127040417,18.359833887555006],[-99.58827334565018,18.35742576342595],[-99.57496717005286,18.351270739283407],[-99.57141503888124,18.350430579355248],[-99.56608919446964,18.35252406531551],[-99.56256998874011,18.35063976611991],[-99.55889090796818,18.350652398796512],[-99.5556817208435,18.34737345979594],[-99.54934862549243,18.348116708584755],[-99.54997992856553,18.342687670374524],[-99.54784236761384,18.338872713592217],[-99.54423320343285,18.33675687682918],[-99.5451733757996,18.333914069392524],[-99.55332548400928,18.33224702236097],[-99.55583498875194,18.32501781953507],[-99.55456946204976,18.319425046977358],[-99.54221460021395,18.301088131259178],[-99.53965903174365,18.28585707168124],[-99.54778271953892,18.278238987302068],[-99.59030409818816,18.27898507194284],[-99.59222171339809,18.280457281422905],[-99.5857958962271,18.299157949053022],[-99.5808273215372,18.323044976337012],[-99.57921840036227,18.325051504867044]]]}},{"type":"Feature","properties":{"clues":"GRIMB004480"},"geometry":{"type":"Polygon","coordinates":[[[-99.4435745151482,17.069642325024237],[-99.48848928902797,17.043504854700206],[-99.50951647381858,17.04860212053146],[-99.53788388412522,17.048997663940508],[-99.53982225822358,17.047782470934404],[-99.55795279920396,17.06777252447224],[-99.5523454488482,17.09196662372709],[-99.54782530364606,17.10264792803542],[-99.54789577597016,17.125438973038698],[-99.53751129141818,17.127576537422765],[-99.53330568764915,17.12513726879715],[-99.52504225473533,17.11593943295933],[-99.51397599942952,17.099857688420617],[-99.49120457136233,17.12307196212482],[-99.48457248550942,17.128126938156004],[-99.45475085490824,17.1258098058873],[-99.44837030394807,17.099860542492234],[-99.44985395074548,17.087186084040628],[-99.4435745151482,17.069642325024237]]]}},{"type":"Feature","properties":{"clues":"GRIMB003471"},"geometry":{"type":"MultiPolygon","coordinates":[[[[-99.52318637947604,17.55751345333397],[-99.52387342651349,17.5598005548081],[-99.52603290262245,17.561087096689597],[-99.53007008196478,17.560552777694618],[-99.53370425986215,17.56441654724778],[-99.52911363770544,17.566791870605513],[-99.52586266260688,17.561841533445833],[-99.52437200164597,17.56260480931772],[-99.51807749345512,17.567057266337372],[-99.51837121705381,17.573037871955503],[-99.51339932606497,17.574989989581052],[-99.50969548872742,17.571130899931354],[-99.51080689789957,17.566740773460907],[-99.50862704403491,17.563572845074884],[-99.51062127022409,17.56016283271714],[-99.50896008850802,17.556829646386895],[-99.51030311801324,17.55446593645226],[-99.51226750422317,17.554749160465462],[-99.51498124707588,17.558443888754102],[-99.51710970202281,17.556778203030145],[-99.51997152609688,17.55803829440315],[-99.52318637947604,17.55751345333397]]],[[[-99.52146325705448,17.58328765465316],[-99.52567877061712,17.589547739401862],[-99.53266592407682,17.589616971560584],[-99.54063855471631,17.585055403753188],[-99.55189503993275,17.58216173603255],[-99.5630479697041,17.595097480499447],[-99.55141024001607,17.61012144478569],[-99.5469500692974,17.61060473405539],[-99.52436772719709,17.62089387453448],[-99.50028947561466,17.624716285227446],[-99.48410662141626,17.625305180068107],[-99.48935680565059,17.61391828051313],[-99.49350067647329,17.598785214609048],[-99.50861127545548,17.589259543427893],[-99.5112148985222,17.580927463053108],[-99.51342587469084,17.57974499495255],[-99.51704543378251,17.58341509790756],[-99.52146325705448,17.58328765465316]]],[[[-99.47263716990471,17.608154173741163],[-99.48007396750727,17.628301198865255],[-99.4596101608553,17.65192768899003],[-99.43975495867936,17.654940241429056],[-99.43017969975041,17.641390506805813],[-99.42985429025241,17.588487028920753],[-99.43447718353184,17.580929014127992],[-99.43633372463988,17.578776966976434],[-99.44608626103283,17.575357331714613],[-99.46958818675648,17.577227644714892],[-99.4707819730837,17.578239125002412],[-99.47263716990471,17.608154173741163]]],[[[-99.53216355406876,17.71617752607787],[-99.4985597948397,17.734683143844652],[-99.48950375867709,17.727296937761228],[-99.49823919154625,17.68404531944807],[-99.50209330734495,17.684215304968415],[-99.53216355406876,17.71617752607787]]]]}},{"type":"Feature","properties":{"clues":"MCIMB003521"},"geometry":{"type":"Polygon","coordinates":[[[-99.52807030341636,18.927086782305523],[-99.52631213897908,18.934824648812608],[-99.51494773512948,18.944995689309202],[-99.5094037741371,18.963793205946526],[-99.50022303181856,18.960833130778067],[-99.49782419386551,18.949563666163353],[-99.49138449358507,18.949022629702373],[-99.48844128662903,18.95089596214286],[-99.4802932341479,18.94200595215931],[-99.46507339148553,18.93468786302371],[-99.45626221386917,18.937990817645403],[-99.44920697108192,18.95122957997018],[-99.42981927217015,18.93669544078503],[-99.41654482086422,18.906396859424895],[-99.42858330246528,18.903737188965398],[-99.43325803042035,18.9004682245877],[-99.44824426460605,18.883230401130955],[-99.49129154191348,18.875817339156914],[-99.50679136228942,18.843544564032857],[-99.52021509110872,18.84852967603423],[-99.53192721265086,18.872072795271883],[-99.52004933979946,18.88869025013503],[-99.52854754447448,18.897540625680758],[-99.5255328742312,18.920011981195895],[-99.52807030341636,18.927086782305523]]]}},{"type":"Feature","properties":{"clues":"GRIMB006271"},"geometry":{"type":"Polygon","coordinates":[[[-99.3265507980725,17.070374373654953],[-99.36786976677506,17.03192286835298],[-99.38987564234587,17.034060843138448],[-99.40812691365564,17.05575179363693],[-99.44335248403178,17.069385851928914],[-99.44985395074548,17.087186084040628],[-99.44837030394807,17.099860542492234],[-99.38841202731426,17.116228280424163],[-99.37045941647845,17.109158554732794],[-99.35000816066983,17.087413891821825],[-99.33027812049151,17.075363680222832],[-99.3265507980725,17.070374373654953]]]}},{"type":"Feature","properties":{"clues":"GRIMB004784"},"geometry":{"type":"Polygon","coordinates":[[[-99.33892402812423,17.690566417100428],[-99.40652538516564,17.71727687250244],[-99.40958989597353,17.729887031682146],[-99.36851968661942,17.763582832372013],[-99.35102475491432,17.769511049945425],[-99.32785690377791,17.78431820070379],[-99.29449633645135,17.75445090519547],[-99.28988271713538,17.74705321167466],[-99.3153296618429,17.721946564373347],[-99.32958562457152,17.696018107450115],[-99.33892402812423,17.690566417100428]]]}},{"type":"Feature","properties":{"clues":"MSIMB001400"},"geometry":{"type":"Polygon","coordinates":[[[-99.11234685262983,18.487389731027115],[-99.15023511120744,18.473351007268523],[-99.14785821276028,18.483059544730132],[-99.13487324014514,18.497907396677146],[-99.16308959369888,18.506307427377887],[-99.16701645166104,18.510086069261927],[-99.1672057435072,18.53580009642333],[-99.13259391056262,18.519953926970526],[-99.13161358904681,18.498014321863966],[-99.11234685262983,18.487389731027115]]]}},{"type":"Feature","properties":{"clues":"MSIMB001622"},"geometry":{"type":"Polygon","coordinates":[[[-99.11150834272469,18.787002537949316],[-99.13914959451358,18.807165352973],[-99.13634294118582,18.813950717169302],[-99.10302984384728,18.80688207708072],[-99.09796820473704,18.812850996290074],[-99.10019882895027,18.819762789626825],[-99.097591496127,18.836461134337732],[-99.09450193767987,18.84024661440534],[-99.09340486043193,18.84995660824283],[-99.08896160273297,18.851048035327956],[-99.06770880600318,18.839735099491186],[-99.05950029271457,18.819497604866307],[-99.03703119943641,18.816290724280503],[-99.02545270130706,18.80078673814777],[-99.02786077911557,18.78261529320275],[-99.05015088680166,18.750046792249236],[-99.0562070760327,18.745953370422733],[-99.06852803848047,18.757185083772217],[-99.10466776167615,18.750349695424195],[-99.11297917065663,18.753850257017653],[-99.11431654031196,18.760498062791516],[-99.10982601187156,18.761727872908843],[-99.09167273555136,18.77385690900641],[-99.10598419437935,18.77864255484422],[-99.11150834272469,18.787002537949316]]]}},{"type":"Feature","properties":{"clues":"GRIMB000671"},"geometry":{"type":"Polygon","coordinates":[[[-98.95233484190518,17.70934425039265],[-98.95304530993742,17.717625340695502],[-98.93047172215626,17.7342691742661],[-98.95588598909228,17.742838053000792],[-98.94155891156113,17.751857222007708],[-98.94639067737505,17.770470407034317],[-98.93129722908218,17.776002399490444],[-98.92887269743261,17.77511948729031],[-98.89793027745745,17.77680039158427],[-98.89252971767411,17.77159511248512],[-98.90673320018314,17.741363762594307],[-98.88657760933398,17.71501969023367],[-98.88776856552325,17.708781943725562],[-98.89338694182153,17.69659871259806],[-98.92330539950994,17.69146311236197],[-98.93322131685399,17.68557947874391],[-98.95884131751859,17.683661205208324],[-98.95233484190518,17.70934425039265]]]}},{"type":"Feature","properties":{"clues":"MSIMB001704"},"geometry":{"type":"Polygon","coordinates":[[[-98.91357736015127,18.87490116351971],[-98.91702863994794,18.875133332643212],[-98.92412143955987,18.882208645226708],[-98.93571904834307,18.883697351393202],[-98.94069606884332,18.888539033146284],[-98.94037998779626,18.891171481757652],[-98.94599296602163,18.900723452256603],[-98.9295883334193,18.911800413877117],[-98.91887978877423,18.90486713864596],[-98.91350893638024,18.909921376238486],[-98.89984671798014,18.912401568685194],[-98.8952576730186,18.910343860168766],[-98.87997982668847,18.89159550614988],[-98.88090781417368,18.886025640180492],[-98.8901560718476,18.88533271357323],[-98.89197334127176,18.883441209685966],[-98.89638787042313,18.883320624922668],[-98.90149938670915,18.878371697663223],[-98.90582024070748,18.868280782467465],[-98.90864721677421,18.86771382701586],[-98.91357736015127,18.87490116351971]]]}},{"type":"Feature","properties":{"clues":"GRIMB008494"},"geometry":{"type":"Polygon","coordinates":[[[-98.83682874367862,16.759142084021203],[-98.8335047039668,16.74451309704566],[-98.82788517473276,16.702543034223975],[-98.83603689590649,16.694941360545055],[-98.88499673029904,16.691473469856636],[-98.91384265485182,16.705809138348982],[-98.91074479509915,16.721940335021305],[-98.93749810861857,16.74451390566428],[-98.93497818479636,16.765737292230195],[-98.91241241497012,16.772639215697566],[-98.92986215502053,16.823818894812867],[-98.92324496323599,16.829551586993325],[-98.85826690648321,16.858606750735685],[-98.85842009834404,16.77113297070203],[-98.83682874367862,16.759142084021203]]]}},{"type":"Feature","properties":{"clues":"MSIMB001733"},"geometry":{"type":"Polygon","coordinates":[[[-98.75906435112996,18.7925798376392],[-98.75780549240288,18.801402827147978],[-98.75924681682315,18.80382442877743],[-98.76564351783672,18.806424221459846],[-98.76990694973632,18.813323885818118],[-98.78225666503405,18.820748499050953],[-98.77521179872365,18.825463406370467],[-98.765639757892,18.845903562313442],[-98.75673705826517,18.840445289497698],[-98.75252355273959,18.84327458764606],[-98.74757336227152,18.84957662853058],[-98.74504718680217,18.848979701325053],[-98.74226693676857,18.83328446464184],[-98.7353501063719,18.83132992865531],[-98.72247193332709,18.84846089636944],[-98.71952377492501,18.847802288649156],[-98.71549749320732,18.844840911809772],[-98.71133358091414,18.82991588932166],[-98.71663090647792,18.821361920052038],[-98.72551890875476,18.81640173157392],[-98.72615036161939,18.803569708288947],[-98.72847202800793,18.798739879034372],[-98.73987607630461,18.788774177685962],[-98.74604929232831,18.790696809191502],[-98.75425124880877,18.789738960436175],[-98.75906435112996,18.7925798376392]]]}},{"type":"Feature","properties":{"clues":"GRIMB004591"},"geometry":{"type":"MultiPolygon","coordinates":[[[[-98.73325995827561,17.03423267239981],[-98.73495587038828,17.043661317557934],[-98.72891507063758,17.05124632452313],[-98.7200427634298,17.04559275829754],[-98.7175373767968,17.0411986727259],[-98.70795949262192,17.043446097364953],[-98.70831787508486,17.012182981321157],[-98.7101875739486,17.008974187723545],[-98.72195473997978,17.014335181606054],[-98.74899201740688,17.012427556351483],[-98.74831173765003,17.027903486414278],[-98.74655994999769,17.029665448838315],[-98.73325995827561,17.03423267239981]]],[[[-98.73279647342015,17.069141883044292],[-98.73068441332296,17.059385278279137],[-98.7440362798138,17.053659476622563],[-98.7485027998423,17.05957706677729],[-98.74918331612214,17.06356612372929],[-98.74580556098302,17.071411667617436],[-98.73279647342015,17.069141883044292]]]]}},{"type":"Feature","properties":{"clues":"GRIMB002346"},"geometry":{"type":"Polygon","coordinates":[[[-98.73621708907919,17.44881226922558],[-98.73109596492402,17.450460759631643],[-98.72212417093073,17.457149819686702],[-98.71151607216014,17.45492555175082],[-98.7008551093974,17.44886615879419],[-98.700749020723,17.447689897126736],[-98.71729198780822,17.442408439647398],[-98.71793098593903,17.435871270713463],[-98.72369967948244,17.431940479043437],[-98.74098244889481,17.443070470256774],[-98.74188905376455,17.44461479307373],[-98.73621708907919,17.44881226922558]]]}},{"type":"Feature","properties":{"clues":"PLIMB003081"},"geometry":{"type":"Polygon","coordinates":[[[-98.5969765807288,18.87632035589847],[-98.58867011247261,18.865581831059338],[-98.59710396021329,18.85585792289622],[-98.6245121354243,18.840633568056788],[-98.63206584305661,18.85326712541783],[-98.64475914817695,18.868619674885338],[-98.65982082905823,18.86807259321856],[-98.66753311183538,18.877084032742363],[-98.66687772272604,18.888280272358777],[-98.67209877071126,18.897725938403966],[-98.64733960211133,18.92363729453591],[-98.64398982924646,18.911985225431756],[-98.63555462044036,18.895510112372452],[-98.62910601635545,18.89560993633657],[-98.61548929544813,18.886904531174952],[-98.60819538585434,18.877644829639582],[-98.5969765807288,18.87632035589847]]]}},{"type":"Feature","properties":{"clues":"GRIMB002894"},"geometry":{"type":"Polygon","coordinates":[[[-98.65026260076336,17.7063488904542],[-98.6564301209388,17.71764562142334],[-98.65475599937392,17.727458878906635],[-98.64612861634511,17.7328880211162],[-98.62049329681085,17.717182802666795],[-98.60182241866947,17.713820323879645],[-98.62957782704966,17.67644986705651],[-98.65108880306578,17.678614101375643],[-98.65542854204007,17.690855136451226],[-98.65026260076336,17.7063488904542]]]}},{"type":"Feature","properties":{"clues":"PLIMS003193"},"geometry":{"type":"Polygon","coordinates":[[[-98.58982194653726,18.64842829820711],[-98.5932997545238,18.65783830460936],[-98.61443741322255,18.667584127972656],[-98.63146098621431,18.692650961631262],[-98.63338996398994,18.70485149554561],[-98.61654377825154,18.713965876399293],[-98.60919785505557,18.713000302855374],[-98.59244428057323,18.713820884566644],[-98.58557408387384,18.7075890700044],[-98.573621671817,18.687528050767746],[-98.55434319944818,18.68197389942964],[-98.54566589031884,18.669246283352862],[-98.53142498251533,18.680773466065435],[-98.5247047755007,18.679508218915164],[-98.51434554597873,18.660849032361906],[-98.51311648941763,18.65381471556347],[-98.54235240090814,18.648890930451678],[-98.54273289830068,18.641288658249785],[-98.54579986630233,18.633388195897293],[-98.56484323760998,18.614413484244018],[-98.59652056734431,18.615165151836756],[-98.58982194653726,18.64842829820711]]]}},{"type":"Feature","properties":{"clues":"GRIMB003920"},"geometry":{"type":"Polygon","coordinates":[[[-98.57574496022359,17.941382155337404],[-98.5256457198144,17.9495214486879],[-98.52630613160882,17.896177934672277],[-98.53062698309759,17.88721967268845],[-98.53389054056692,17.886244346425073],[-98.55829748500179,17.89767959411524],[-98.58003496776145,17.93374594707704],[-98.57574496022359,17.941382155337404]]]}},{"type":"Feature","properties":{"clues":"GRIMB007642"},"geometry":{"type":"Polygon","coordinates":[[[-98.54944713780336,17.42309104752434],[-98.5317712142125,17.441347142717774],[-98.52969382213169,17.440577342166833],[-98.50991192151186,17.417468202499617],[-98.53608689369418,17.39977597324045],[-98.54944713780336,17.42309104752434]]]}},{"type":"Feature","properties":{"clues":"GRIMB004924"},"geometry":{"type":"Polygon","coordinates":[[[-98.40638210934941,17.325477494015963],[-98.40444742535719,17.307832506259945],[-98.41297834260003,17.276617464776596],[-98.43753018824303,17.270417048152837],[-98.44759987411443,17.284460190252044],[-98.4472900471833,17.307735219782288],[-98.45939210380232,17.320158397644683],[-98.46112850770434,17.327049494267243],[-98.45732432719113,17.335222341110253],[-98.41169965540244,17.323698160101003],[-98.40638210934941,17.325477494015963]]]}},{"type":"Feature","properties":{"clues":"PLIMB000964"},"geometry":{"type":"Polygon","coordinates":[[[-98.40138072396847,18.58503335628425],[-98.41152167892776,18.589415478107355],[-98.41864858720982,18.58717869997814],[-98.43004405779357,18.590416065311025],[-98.43108448939405,18.595481545303098],[-98.42889318000861,18.60286781968355],[-98.43603082255541,18.629854591819008],[-98.42033536596234,18.650343453779918],[-98.41610537894226,18.65163486329913],[-98.40530599384451,18.640424701199024],[-98.39883831807258,18.638141425134858],[-98.38358262615925,18.63592146739329],[-98.37814783426327,18.633350279453545],[-98.36996107698667,18.626039156510117],[-98.36843805449257,18.62157897995583],[-98.3596523949499,18.615039186898255],[-98.34173735572345,18.605608490637696],[-98.3415412589879,18.587813071475935],[-98.34357321404377,18.582757080102123],[-98.37517729942296,18.585625916348203],[-98.3775151288804,18.58767849334577],[-98.40138072396847,18.58503335628425]]]}},{"type":"Feature","properties":{"clues":"PLIMB000281"},"geometry":{"type":"Polygon","coordinates":[[[-98.33277016437208,18.84778446256359],[-98.3566057585975,18.860924062951963],[-98.36279659060823,18.859051298531195],[-98.36527010885452,18.86427565832993],[-98.37062087506341,18.86860384184706],[-98.38060581044785,18.889972777361393],[-98.37575299584896,18.895572468432665],[-98.36127153402106,18.896234569202985],[-98.35824780752709,18.89886488674674],[-98.33676885812815,18.89912864200198],[-98.33359437561155,18.89645734232614],[-98.3115881243814,18.89912588453865],[-98.29122219400833,18.881725679351604],[-98.28793588605042,18.876022041420192],[-98.29195958613751,18.867243779581273],[-98.30451172506305,18.86113653941685],[-98.32303905417129,18.864609570263916],[-98.33277016437208,18.84778446256359]]]}},{"type":"Feature","properties":{"clues":"OCIMB002561"},"geometry":{"type":"Polygon","coordinates":[[[-98.32371896719107,17.428333725887846],[-98.30867977438115,17.45189428997753],[-98.30378723761528,17.45223874821632],[-98.27841621906872,17.435122858586542],[-98.28354713844766,17.420585651173074],[-98.29189083300082,17.41095840194897],[-98.30775116900456,17.397947044207076],[-98.31722442405943,17.406009294708195],[-98.32371896719107,17.428333725887846]]]}},{"type":"Feature","properties":{"clues":"OCIMS000614"},"geometry":{"type":"Polygon","coordinates":[[[-98.07682528570011,17.12916594738492],[-98.0752039277392,17.134629798295947],[-98.0381868907944,17.191172650577432],[-98.03102299080251,17.19009322487827],[-98.02483995742695,17.185867546407447],[-98.02064285549658,17.168603551676238],[-98.020183591079,17.141635905373885],[-98.0120498209461,17.136605102019058],[-98.00087707348531,17.108818292730454],[-98.01498356020215,17.08937617798594],[-98.03443445676398,17.097975274849155],[-98.04214985455388,17.092665263176226],[-98.0597525386954,17.095459544284385],[-98.06812873245288,17.07790857327674],[-98.0774205553417,17.071459707207573],[-98.09615184914401,17.08781342015147],[-98.10044499345203,17.09669128586682],[-98.13017704824217,17.083733387166298],[-98.16167300489238,17.1032673345402],[-98.16291265290721,17.10597739939318],[-98.15128601064936,17.140483437487948],[-98.1457393999638,17.148432144087266],[-98.13168707246412,17.150709329234616],[-98.1253170733294,17.14863141250222],[-98.09455887041382,17.128054940651847],[-98.07682528570011,17.12916594738492]]]}},{"type":"Feature","properties":{"clues":"OCIMS003344"},"geometry":{"type":"Polygon","coordinates":[[[-98.06904058975847,17.339827271781225],[-98.06631834666699,17.342238354978402],[-98.0669146909001,17.365157590908314],[-98.05326397123801,17.364624681984004],[-98.05188001216318,17.371350674715803],[-98.0490748567486,17.373197144181184],[-98.04143018339398,17.391768756620685],[-98.04137891356869,17.393833159734548],[-98.05878111066563,17.40597737464852],[-98.04848519872,17.409480941741272],[-98.04393532524297,17.41377091818863],[-98.03716587781538,17.413077866852625],[-98.03231307201929,17.419652567719154],[-98.01897040639724,17.41641314754331],[-98.0246157228896,17.403114606928668],[-98.01557375094164,17.394515853893914],[-98.00135990658521,17.38966735078451],[-97.99037876574033,17.3910733300034],[-97.9757392023732,17.38431037294599],[-97.98745125936667,17.36863465420451],[-97.98998799969802,17.355231953272956],[-97.98697607557128,17.34063630587656],[-97.98652752771119,17.339551342922732],[-97.97601125910374,17.34030804323636],[-97.96090866805909,17.322986732600665],[-97.96018048409599,17.319333679733692],[-97.97301337420313,17.299131866833903],[-97.98061989185608,17.297590509395818],[-98.00851206731922,17.321554426668516],[-98.01389437611981,17.32162456072722],[-98.01863571588275,17.312386988140133],[-98.03343001810015,17.310000069439475],[-98.03368746993587,17.308100379709913],[-98.04857703401903,17.29386860143252],[-98.04836641136916,17.287863242345576],[-98.0610338417444,17.26551719466059],[-98.07896593554602,17.261029364596702],[-98.07956118748123,17.290014737647056],[-98.06593597577594,17.302756536125187],[-98.06590206679265,17.309777460997655],[-98.05382941992839,17.32151878214888],[-98.06904058975847,17.339827271781225]]]}},{"type":"Feature","properties":{"clues":"OCIMS003040"},"geometry":{"type":"Polygon","coordinates":[[[-98.0351339856058,16.424538631947676],[-98.03949317133713,16.41906663129444],[-98.04515648158464,16.42357977101],[-98.05676478650369,16.438816446423605],[-98.06294017950684,16.442774317334003],[-98.0649121865203,16.473941763908975],[-98.03195823217887,16.469750769618404],[-98.02518193212923,16.46715595490178],[-97.99186552128384,16.46497860102874],[-97.98792844282534,16.4442319672128],[-97.99982297501148,16.424875951405784],[-98.00725679053072,16.430440154080046],[-98.0351339856058,16.424538631947676]]]}},{"type":"Feature","properties":{"clues":"OCIMS004983"},"geometry":{"type":"Polygon","coordinates":[[[-97.99966330307191,17.686644735303453],[-98.00030402111103,17.68973936832146],[-97.98926780535379,17.707145927997647],[-97.97098524216113,17.70792366336916],[-97.96914832776969,17.683321869969973],[-97.98214742269478,17.675463991150917],[-97.97511176831864,17.641196105287914],[-97.97793904667894,17.640060315634564],[-97.98788399102526,17.64059739951844],[-98.0146400612805,17.649184332004175],[-97.99966330307191,17.686644735303453]]]}},{"type":"Feature","properties":{"clues":"MCIMB006560"},"geometry":{"type":"Polygon","coordinates":[[[-99.73842681254808,19.81430502035955],[-99.75218065675301,19.81015798361135],[-99.75427605188975,19.827096310730152],[-99.7580908642854,19.83367590725283],[-99.756657095764,19.847937604541084],[-99.73005162673596,19.847609324573927],[-99.72443806780784,19.841201826214416],[-99.72449267706988,19.839320574727488],[-99.73457688987656,19.82825649647028],[-99.73842681254808,19.81430502035955]]]}},{"type":"Feature","properties":{"clues":"MCIMB003142"},"geometry":{"type":"Polygon","coordinates":[[[-99.64731345958684,19.63927163326826],[-99.65319095875665,19.63602768207969],[-99.6593693124105,19.646274913866872],[-99.67308971035247,19.63434238373864],[-99.68620079787675,19.64401909567207],[-99.68444135500346,19.647297395615855],[-99.68273535235204,19.66239880924106],[-99.66868759520123,19.6746788503299],[-99.65932875719746,19.669384687092307],[-99.63862175109348,19.675782556660963],[-99.63643521894905,19.655153854993863],[-99.64802547615946,19.650773987395436],[-99.64731345958684,19.63927163326826]]]}},{"type":"Feature","properties":{"clues":"MCIMB001660"},"geometry":{"type":"Polygon","coordinates":[[[-99.48550791081072,19.8030644869666],[-99.4925343170417,19.829707928284233],[-99.50556060468917,19.83043315055645],[-99.51178179005151,19.835502547556285],[-99.51823524823891,19.84869683704062],[-99.51378458696321,19.877823469217574],[-99.50186063140885,19.892739138105103],[-99.48185119404776,19.892316403048458],[-99.46980537217503,19.880622853229625],[-99.44990278425584,19.871651051925927],[-99.42379800968602,19.8474529485574],[-99.42254875048759,19.84005536139286],[-99.43044942923811,19.82588521306273],[-99.43540318231294,19.821687471017658],[-99.44243711820197,19.810904249359993],[-99.44011003460636,19.80431628827725],[-99.44817379798955,19.78473321349669],[-99.46094049066168,19.78425407525614],[-99.46707329943337,19.76973225065173],[-99.48840932684875,19.77719130501342],[-99.50309427780786,19.784141340518758],[-99.48550791081072,19.8030644869666]]]}},{"type":"Feature","properties":{"clues":"MCIMB004146"},"geometry":{"type":"Polygon","coordinates":[[[-99.4109578946092,19.58999096887697],[-99.428163935197,19.581972944415426],[-99.43606440955658,19.582242763242576],[-99.44794004352816,19.585462080475583],[-99.44283801597535,19.59154810766708],[-99.43095589885979,19.612394527095617],[-99.43024323389565,19.626246601770628],[-99.42216747455345,19.627195627913167],[-99.42070084192144,19.62944341037648],[-99.40765288219694,19.635996592315795],[-99.39194605319092,19.625915480370853],[-99.38721195097033,19.62101699724713],[-99.3852844956449,19.615856561159212],[-99.38557227872509,19.612379399983155],[-99.38906257773208,19.607525292827745],[-99.40470088733413,19.60110336546044],[-99.4109578946092,19.58999096887697]]]}},{"type":"Feature","properties":{"clues":"HGIMB004165"},"geometry":{"type":"Polygon","coordinates":[[[-99.33349836155644,20.652883889973396],[-99.35334142099639,20.65514640096881],[-99.36145224009992,20.6518852294662],[-99.36718104136423,20.663567845743486],[-99.36832778465151,20.67597333751826],[-99.37386283544528,20.69513646898645],[-99.36282479455696,20.702115855308595],[-99.36003321838463,20.714390743492572],[-99.35188749202125,20.723161225806923],[-99.34434194794811,20.72059769862805],[-99.33730426312094,20.725036901668048],[-99.32462429357801,20.721525989478103],[-99.32164098098045,20.717903011858546],[-99.30955034436815,20.72136485681954],[-99.30006679429093,20.707095913429423],[-99.2727279315536,20.717727907013092],[-99.272197359052,20.716273152788062],[-99.28544374295052,20.68182680748624],[-99.28392252351875,20.677125772608473],[-99.29747294405509,20.661824435328853],[-99.3123076929287,20.66125150187452],[-99.31666723946492,20.663855560418014],[-99.31988645296975,20.663263185257886],[-99.33349836155644,20.652883889973396]]]}},{"type":"Feature","properties":{"clues":"HGIMB003156"},"geometry":{"type":"Polygon","coordinates":[[[-99.36183541867479,19.905856901204892],[-99.36537012105607,19.90991785663202],[-99.37248068684663,19.912505338440898],[-99.36640836284236,19.935619239936845],[-99.36774251217112,19.940741309735444],[-99.36574068449838,19.945758771540444],[-99.35799056227566,19.950968262879787],[-99.32974535896298,19.96213602692003],[-99.32053245927375,19.94728979535758],[-99.32306138807284,19.94211519385038],[-99.32327182463328,19.93782580747355],[-99.31230147097887,19.92486508614992],[-99.30964928099773,19.92495724268524],[-99.29961883061037,19.920178516067896],[-99.29665544516779,19.916805609766566],[-99.29533623164772,19.91172711712847],[-99.29760255152365,19.901526185077024],[-99.29094985798707,19.88995538887364],[-99.30558687426245,19.878924677345747],[-99.32246311520572,19.885273476904743],[-99.32144594087916,19.896745678107695],[-99.33077875353646,19.896483119528835],[-99.33330949432667,19.88257360950353],[-99.33905393108807,19.883357755537638],[-99.3434148405812,19.89221297770235],[-99.3410425893507,19.900571179196582],[-99.34876938011803,19.900932948919593],[-99.35510656123917,19.895451045728958],[-99.35991780323167,19.900159789736914],[-99.36183541867479,19.905856901204892]]]}},{"type":"Feature","properties":{"clues":"HGIMS001815"},"geometry":{"type":"Polygon","coordinates":[[[-99.31567907214661,20.51513579794598],[-99.32607662860222,20.520005964340097],[-99.32259217407041,20.52797784780722],[-99.3226885045182,20.545186189479402],[-99.33506108572632,20.548190655657205],[-99.3480852292263,20.541106337382104],[-99.34950509949574,20.5630286182493],[-99.36977696915352,20.56030047087408],[-99.37150240684824,20.568222640643423],[-99.36676602360222,20.577512911260847],[-99.37542126549302,20.590931013161914],[-99.37400776772186,20.59907061785781],[-99.35849663041404,20.60198470277459],[-99.34946022434828,20.60592184127527],[-99.3351368594804,20.59518206073407],[-99.32436576024661,20.590624296147084],[-99.32255669427663,20.58838822761492],[-99.32472574983076,20.58262545260198],[-99.31917721162212,20.557887121678256],[-99.32255708765952,20.545262155608718],[-99.3183903125551,20.545116007146834],[-99.3128748235113,20.535629016990914],[-99.30326267498552,20.53348552560747],[-99.30292664128439,20.53004451718119],[-99.31567907214661,20.51513579794598]]]}},{"type":"Feature","properties":{"clues":"HGIMB003161"},"geometry":{"type":"Polygon","coordinates":[[[-99.30964928099773,19.92495724268524],[-99.31230147097887,19.92486508614992],[-99.32327182463328,19.93782580747355],[-99.32306138807284,19.94211519385038],[-99.32053245927375,19.94728979535758],[-99.31650306499802,19.947538015156823],[-99.30266129598479,19.95949939637326],[-99.31018355772765,19.9735310987181],[-99.28755103665578,19.986650442766777],[-99.28445767964094,19.9840424945825],[-99.28393817611256,19.971587941249442],[-99.27688617403315,19.96316199164826],[-99.26797541274787,19.957787321205934],[-99.25886878236447,19.954613223668698],[-99.2538919472499,19.950145629226178],[-99.25383405784355,19.94348469602403],[-99.25574388787365,19.937898337973245],[-99.26702219608399,19.923536711713982],[-99.26117904607064,19.90308605429971],[-99.283457919014,19.88728744254569],[-99.29094985798707,19.88995538887364],[-99.29760255152365,19.901526185077024],[-99.29533623164772,19.91172711712847],[-99.29665544516779,19.916805609766566],[-99.29961883061037,19.920178516067896],[-99.30964928099773,19.92495724268524]]]}},{"type":"Feature","properties":{"clues":"HGIMS000736"},"geometry":{"type":"Polygon","coordinates":[[[-99.22180064722875,20.357034709670035],[-99.22389546442557,20.34756242924766],[-99.23086628059191,20.346501688994977],[-99.24055435508292,20.34877117750658],[-99.24421940934448,20.360329346118],[-99.2636530423625,20.374900010653363],[-99.25314627585895,20.385127765043517],[-99.24304568662308,20.39177612213925],[-99.24055044059608,20.391810245161828],[-99.2284438466316,20.38456970400043],[-99.21514189424678,20.38749929941848],[-99.20963425283799,20.40772583596026],[-99.20733077591554,20.409767428108427],[-99.19160934416932,20.401786260382536],[-99.1925545483456,20.388590679705626],[-99.20513078350521,20.374728119143143],[-99.22322962695897,20.365305867417238],[-99.22180064722875,20.357034709670035]]]}},{"type":"Feature","properties":{"clues":"HGIMB001674"},"geometry":{"type":"Polygon","coordinates":[[[-99.18932972043213,20.493932777438566],[-99.19976219921882,20.49305818069227],[-99.21060886516021,20.494927132665357],[-99.21168288700669,20.496596628521583],[-99.2041085973623,20.50503880708325],[-99.19946241878293,20.506719937438906],[-99.19618006518992,20.518624655559087],[-99.181654909948,20.51621171260246],[-99.18524339026999,20.508365253476253],[-99.18112522694673,20.49930086132136],[-99.18932972043213,20.493932777438566]]]}},{"type":"Feature","properties":{"clues":"HGIMB002106"},"geometry":{"type":"Polygon","coordinates":[[[-99.14680683085173,20.83276558604698],[-99.17232165046241,20.861323640364716],[-99.15034416203248,20.879379849026034],[-99.12199306937586,20.85540055054141],[-99.1247255077664,20.847134616071735],[-99.11853406487708,20.810785784588795],[-99.1424213193039,20.809698155716546],[-99.15085142852375,20.823656659281216],[-99.14680683085173,20.83276558604698]]]}},{"type":"Feature","properties":{"clues":"HGIMB000624"},"geometry":{"type":"Polygon","coordinates":[[[-99.14965523040345,20.60408447184756],[-99.14532267804978,20.603828595211425],[-99.12998512688193,20.61878593088024],[-99.12778513891828,20.61723914067814],[-99.12375077226473,20.605013382781646],[-99.135052569493,20.59853544209088],[-99.13462635010896,20.592124334342078],[-99.14905719794119,20.579954288125165],[-99.15249474738253,20.581049772434607],[-99.154005194842,20.58584342927651],[-99.14965523040345,20.60408447184756]]]}},{"type":"Feature","properties":{"clues":"HGIMB000735"},"geometry":{"type":"Polygon","coordinates":[[[-99.09789636449803,20.544256717720266],[-99.0976164384375,20.561634052956883],[-99.06748544592541,20.57906351783325],[-99.0447585740527,20.576621843772692],[-99.04615315068962,20.55284038773371],[-99.04357965403999,20.543560987502335],[-99.04703451069389,20.537529309739405],[-99.09043579942058,20.53086169716759],[-99.09789636449803,20.544256717720266]]]}},{"type":"Feature","properties":{"clues":"MCIMB011040"},"geometry":{"type":"Polygon","coordinates":[[[-99.06869311337533,19.6403221325005],[-99.0676721964076,19.64534376386063],[-99.07579339247343,19.646017097284417],[-99.07746924502534,19.649116900933645],[-99.07556499053555,19.65347064747641],[-99.07352628386181,19.654083340937905],[-99.07333875443881,19.656642509258187],[-99.07821275226347,19.657575307866026],[-99.07874768900756,19.659251809096297],[-99.07511397480782,19.660165828596497],[-99.07520622762684,19.663585815623513],[-99.07918294673759,19.664952153889967],[-99.07857878431204,19.66908145713809],[-99.07271520023481,19.6681787071734],[-99.06313116351905,19.67240198274876],[-99.06358851071637,19.663872093152737],[-99.06180591822972,19.661012413025166],[-99.05657547058071,19.65750639593185],[-99.05040702454187,19.656436693479773],[-99.0493068881291,19.648117516144527],[-99.05033648286334,19.643472722248184],[-99.04826997244706,19.633968204831127],[-99.0461438355779,19.632520133881933],[-99.04615432251073,19.625818272124025],[-99.05492289819384,19.620882315487062],[-99.05866661827618,19.62170690667384],[-99.06210597544307,19.624355399311675],[-99.06337852566713,19.62876365249176],[-99.05970101830773,19.630557689750923],[-99.05998702900297,19.637885957018764],[-99.06543167495022,19.637078865775457],[-99.06869311337533,19.6403221325005]]]}},{"type":"Feature","properties":{"clues":"HGIMB003424"},"geometry":{"type":"MultiPolygon","coordinates":[[[[-98.9515162801846,19.82855437195294],[-98.95439794870958,19.83347652069268],[-98.95374479967421,19.835928030871695],[-98.95613060756158,19.843587846061354],[-98.95547867843953,19.848901325031676],[-98.94738878142036,19.8596300077958],[-98.94235803327476,19.8548279703425],[-98.93384450711316,19.853518596964793],[-98.92978001611702,19.858532457007673],[-98.92680394768391,19.85148857990391],[-98.91833833831038,19.852516961240678],[-98.92342261811302,19.84338690420112],[-98.92303239659734,19.840176050544848],[-98.92834027450408,19.833058295798946],[-98.92793708459845,19.827924156669486],[-98.937001486735,19.82192699929538],[-98.94380907986637,19.823200717987827],[-98.9463215573935,19.826175573617153],[-98.9515162801846,19.82855437195294]]],[[[-98.96831332879431,19.836857590471755],[-98.96310991041965,19.83913295780058],[-98.9548277525505,19.833504138302626],[-98.96260376268081,19.83169449932068],[-98.96831332879431,19.836857590471755]]]]}},{"type":"Feature","properties":{"clues":"HGIMB004602"},"geometry":{"type":"Polygon","coordinates":[[[-98.91856867822077,19.874247661212987],[-98.92669389024668,19.885355986125823],[-98.92977175964045,19.88298738441534],[-98.93542495993994,19.882120520589304],[-98.93807412473022,19.88552686564356],[-98.9371062282826,19.887718442937874],[-98.93343703399734,19.88917983185191],[-98.93425684011116,19.90141115576885],[-98.93710636198252,19.909723369789813],[-98.91731509181201,19.90095977179359],[-98.90352969598479,19.923772013080917],[-98.90077167754974,19.923611532557853],[-98.89670922604503,19.920372134912135],[-98.90124279913337,19.885813374260376],[-98.90026961664928,19.8814075069029],[-98.91627474517357,19.873146210397042],[-98.91856867822077,19.874247661212987]]]}},{"type":"Feature","properties":{"clues":"HGIMB002770"},"geometry":{"type":"Polygon","coordinates":[[[-98.9030206593305,20.338973980530955],[-98.92162886764159,20.311151252007402],[-98.939559702994,20.329200966799288],[-98.94114630071876,20.32921766104744],[-98.9428355441358,20.35575012955255],[-98.94094068108328,20.357571550116738],[-98.93193227185428,20.3500577305204],[-98.90746861564172,20.356463368306446],[-98.90611735031193,20.355530610256523],[-98.9030206593305,20.338973980530955]]]}},{"type":"Feature","properties":{"clues":"MCIMB008713"},"geometry":{"type":"Polygon","coordinates":[[[-98.90462707104476,19.6003781008297],[-98.90643392976455,19.59965187667889],[-98.90945399262004,19.60258789442124],[-98.91685273410982,19.59946346601481],[-98.91808129297041,19.607273335385614],[-98.91049565705225,19.605815066643935],[-98.90912256666186,19.61138046177754],[-98.91219699639042,19.613262655955737],[-98.91245522907344,19.61501462217093],[-98.90659515602738,19.61957161703961],[-98.90434009255175,19.625251836362],[-98.90003695515476,19.62544656766653],[-98.89751678285533,19.61586694379325],[-98.89474413633738,19.614400930675295],[-98.89147395492787,19.609218392148282],[-98.89481605289016,19.606911692046523],[-98.89533360207113,19.604345369128843],[-98.89780805687175,19.603729694666974],[-98.9002359640588,19.5987006755183],[-98.90462707104476,19.6003781008297]]]}},{"type":"Feature","properties":{"clues":"HGIMS000514"},"geometry":{"type":"Polygon","coordinates":[[[-98.82781312588259,20.253658307961445],[-98.8259005312843,20.234893861143497],[-98.83099490992238,20.224879460639066],[-98.85517632307044,20.214836121046403],[-98.86698219213066,20.23403211856633],[-98.86993924120371,20.235202564268306],[-98.87827810565938,20.26841102850141],[-98.87005315649996,20.273179059855718],[-98.84451264906264,20.2522943092569],[-98.82781312588259,20.253658307961445]]]}},{"type":"Feature","properties":{"clues":"HGIMB001930"},"geometry":{"type":"Polygon","coordinates":[[[-98.78096248395899,20.250549394115666],[-98.78843416182877,20.259480480732396],[-98.80376612807385,20.25432931104809],[-98.82545493690445,20.25709104894145],[-98.82552639142682,20.265089396500652],[-98.80044066510175,20.28718895900967],[-98.79208689862105,20.287102039455974],[-98.7828012171124,20.279117295536896],[-98.76016602725248,20.28171146679437],[-98.75370285624587,20.279067676191822],[-98.74692115583241,20.26413873859683],[-98.76530321663688,20.24731785475892],[-98.76455014688764,20.239235956372283],[-98.78326306123131,20.227322954936266],[-98.78530359129635,20.23906328022829],[-98.78096248395899,20.250549394115666]]]}},{"type":"Feature","properties":{"clues":"HGIMS001214"},"geometry":{"type":"Polygon","coordinates":[[[-98.7091224603898,20.901856424285775],[-98.71313151393397,20.894341170341193],[-98.72255959293277,20.889481915106536],[-98.73476684274243,20.897657062776467],[-98.74240586577588,20.90050005738097],[-98.73901802498115,20.913903811699416],[-98.71269104957784,20.92704756403718],[-98.71478071398452,20.916755620511896],[-98.7091224603898,20.901856424285775]]]}},{"type":"Feature","properties":{"clues":"SPIMB000783"},"geometry":{"type":"Polygon","coordinates":[[[-98.68999737507856,21.33008600933523],[-98.70252860222882,21.31442142369582],[-98.71067857196441,21.318626364017494],[-98.71377094094869,21.33392195254187],[-98.7178612281355,21.336879316442555],[-98.72423189533123,21.345134647074147],[-98.71716679291725,21.34961544971269],[-98.69947390618138,21.34257067848696],[-98.68999737507856,21.33008600933523]]]}},{"type":"Feature","properties":{"clues":"HGIMB003535"},"geometry":{"type":"Polygon","coordinates":[[[-98.60915659092154,19.81694194282245],[-98.61861320043333,19.805091402769072],[-98.63125754417818,19.808292929037062],[-98.6422000427197,19.809019615086726],[-98.63635657121196,19.822197972949578],[-98.63351339911395,19.837039375787203],[-98.62331734314029,19.85113443254621],[-98.61906000686035,19.84871799298104],[-98.60165501264393,19.84386946292235],[-98.60281256981766,19.840229729456116],[-98.61412452901838,19.828284039892996],[-98.6131302934811,19.825237890082768],[-98.60958966102454,19.823471713505658],[-98.60915659092154,19.81694194282245]]]}},{"type":"Feature","properties":{"clues":"HGIMS000963"},"geometry":{"type":"Polygon","coordinates":[[[-98.59916466993165,21.07953522108509],[-98.60994697858966,21.080041926492804],[-98.61696249164285,21.093154680897637],[-98.61037728460607,21.10100754832807],[-98.60675688711551,21.11186212936237],[-98.6026169082161,21.146271959562306],[-98.58155089514362,21.154050589001997],[-98.57891904066393,21.150261962100657],[-98.57943560737091,21.1400598553325],[-98.56622990782306,21.133778197403],[-98.56654488492235,21.128017577900525],[-98.55691801416909,21.109645694613157],[-98.5594802698279,21.091397173391233],[-98.56815201325566,21.08064224693913],[-98.57827467500553,21.083965832280942],[-98.59916466993165,21.07953522108509]]]}},{"type":"Feature","properties":{"clues":"HGIMB000361"},"geometry":{"type":"Polygon","coordinates":[[[-98.48764435576426,19.60446420166693],[-98.49630157376316,19.594282961031993],[-98.51997932726857,19.59992446025422],[-98.52510991772395,19.602914901898263],[-98.5279606083113,19.604874126554677],[-98.52644645631275,19.61311690365251],[-98.52712634509902,19.629542785091637],[-98.5062430527775,19.63593515357812],[-98.49879069938768,19.61808280083334],[-98.48764435576426,19.60446420166693]]]}},{"type":"Feature","properties":{"clues":"HGIMB004713"},"geometry":{"type":"Polygon","coordinates":[[[-98.44262926426993,21.014341390905933],[-98.44357220448795,21.02728801288807],[-98.42481332657198,21.019340983929123],[-98.42751390523946,21.034968055308788],[-98.42205393471446,21.035834307230715],[-98.41455855819606,21.033239657983014],[-98.41010844813411,21.037823857990336],[-98.40836191165694,21.060271840193153],[-98.39577022947631,21.051688345041253],[-98.3853008133131,21.0486125559766],[-98.3876228059916,21.028713584149067],[-98.3900893853945,21.02861642876742],[-98.39946140244325,21.023244348459034],[-98.40766989780545,21.009829057151435],[-98.41705054738685,21.017271369485997],[-98.42301590779756,21.017040906266697],[-98.43337162483101,20.991776236727688],[-98.44558403500486,21.00221151768212],[-98.44262926426993,21.014341390905933]]]}},{"type":"Feature","properties":{"clues":"HGIMS002310"},"geometry":{"type":"Polygon","coordinates":[[[-98.41134219587205,20.83939369725785],[-98.4332615222071,20.84456399879217],[-98.43587172791037,20.855480758670264],[-98.44405394629985,20.86380559217983],[-98.43494857955004,20.875600057470262],[-98.4370017622449,20.883493868325576],[-98.4077505037496,20.892543226021488],[-98.40075299288364,20.867099779397698],[-98.4050761871956,20.860847064744824],[-98.41134219587205,20.83939369725785]]]}},{"type":"Feature","properties":{"clues":"HGIMB000356"},"geometry":{"type":"Polygon","coordinates":[[[-98.39071165024409,19.651102055796123],[-98.37289916601507,19.634690705603504],[-98.36958601251334,19.61803534390375],[-98.37410857750888,19.598818041149002],[-98.38357928714849,19.59735807758274],[-98.4030816576467,19.609703213631157],[-98.4089103188074,19.610161686371846],[-98.42497650543203,19.618240351768826],[-98.42076845336774,19.65379747872237],[-98.41561771692209,19.66172091699288],[-98.40313511876458,19.65913824051498],[-98.39071165024409,19.651102055796123]]]}},{"type":"Feature","properties":{"clues":"HGIMB000052"},"geometry":{"type":"Polygon","coordinates":[[[-98.36534628122557,20.1377973679889],[-98.36705695930284,20.138079348997753],[-98.36876213783707,20.141490778650077],[-98.38860296333334,20.15434721389453],[-98.4007014207712,20.17599208566768],[-98.39308541718063,20.18527142488836],[-98.38757309713942,20.186005948965406],[-98.37710000484999,20.192367999871834],[-98.3626399667453,20.17819455914508],[-98.36115707611984,20.167990851156024],[-98.35580297725694,20.165104561079424],[-98.35237570964958,20.155295663791254],[-98.35554817841,20.148194161716432],[-98.36534628122557,20.1377973679889]]]}},{"type":"Feature","properties":{"clues":"VZIMB005801"},"geometry":{"type":"Polygon","coordinates":[[[-98.36563863118378,20.727336161449944],[-98.3856628442499,20.765062232858128],[-98.37426661981796,20.783758993818388],[-98.36236947076812,20.789579900327595],[-98.34852321184503,20.78760593816414],[-98.33413804666641,20.795862677398777],[-98.3182117379861,20.801845589138324],[-98.30300110672312,20.797418761257003],[-98.29141758808454,20.790606681216037],[-98.3090197851076,20.774946882849633],[-98.31668032470114,20.77145930527993],[-98.32457309113472,20.773663088195082],[-98.33015480520265,20.770294355248165],[-98.33341614677006,20.760376450064115],[-98.32169044141682,20.75299610728079],[-98.31440166449066,20.752548845961076],[-98.30705402855489,20.749818238168046],[-98.2968479061751,20.7425915599626],[-98.30211199243683,20.726299056316268],[-98.3234082445761,20.72777398020891],[-98.32930449808654,20.745055120263025],[-98.3403598131276,20.743593527134582],[-98.34233766231168,20.740792978512776],[-98.35723323414041,20.74062207956111],[-98.36365744395818,20.726788534814123],[-98.35841193737303,20.717315667193407],[-98.36891806607181,20.699918502727524],[-98.38406700140723,20.704840699979297],[-98.39012491016267,20.709032240034976],[-98.38532342256482,20.724951947608957],[-98.38230584432782,20.72740600138937],[-98.36563863118378,20.727336161449944]]]}},{"type":"Feature","properties":{"clues":"HGIMB001790"},"geometry":{"type":"Polygon","coordinates":[[[-98.34275643978224,20.196601267874147],[-98.35606690255723,20.20915513472667],[-98.37508537294332,20.20772930694287],[-98.37874332512513,20.215908104088516],[-98.38784148715129,20.221095463548867],[-98.38227470419287,20.238186606199562],[-98.37635859020286,20.242395014434766],[-98.36480767122882,20.23907116505127],[-98.35438934053835,20.264229408382352],[-98.33542910370737,20.26259026656275],[-98.3355480096088,20.27432980217016],[-98.31635760986153,20.28291875709807],[-98.30776330836893,20.28377165148057],[-98.30394598075095,20.26931198435109],[-98.30489250612865,20.257364569900563],[-98.29918626740077,20.24649439031232],[-98.28364865061641,20.244144056193363],[-98.27564256473994,20.235271330981725],[-98.27671785743937,20.226341053184637],[-98.27800403584597,20.22511757759986],[-98.30643754292008,20.22497537009987],[-98.31477796023215,20.210152876457105],[-98.32972585823622,20.212487373315398],[-98.34275643978224,20.196601267874147]]]}},{"type":"Feature","properties":{"clues":"HGIMS000432"},"geometry":{"type":"Polygon","coordinates":[[[-98.30216315522746,20.3878626553776],[-98.31093008771016,20.37880254922063],[-98.31894615711711,20.37636869268868],[-98.3245844405292,20.364443351610685],[-98.32729272860237,20.363691484476416],[-98.34259825469374,20.37771369762081],[-98.35594056717363,20.37564655653335],[-98.36115507781784,20.378457461183917],[-98.3451521892073,20.404004494093094],[-98.33246539512382,20.411661046365413],[-98.32281530745462,20.407917303897726],[-98.306978952677,20.421403665283382],[-98.29760148748663,20.42468763554921],[-98.29140728993649,20.40496823308128],[-98.29992725329838,20.39681713908749],[-98.30216315522746,20.3878626553776]]]}},{"type":"Feature","properties":{"clues":"HGIMB000846"},"geometry":{"type":"Polygon","coordinates":[[[-98.3202721912681,19.88804374762793],[-98.31800325355509,19.899646909078236],[-98.32554705505824,19.91180627019194],[-98.32118290665309,19.917683061883903],[-98.32148510360174,19.923116887521154],[-98.31716547042431,19.933746065673716],[-98.31993040871326,19.94343876634989],[-98.33796545616258,19.94254368177082],[-98.34062411756376,19.940273527562542],[-98.35566172701786,19.94425459998759],[-98.35935865912273,19.948286815455912],[-98.36327504652846,19.981079806392497],[-98.35704953849812,19.98061517825464],[-98.34704646366441,19.983223927763106],[-98.33017057552395,19.97801963281751],[-98.32679989652397,19.97081280909557],[-98.32778856947029,19.962994701685723],[-98.31125481381407,19.953372682582128],[-98.31002683862168,19.957244091937945],[-98.30147070350222,19.968558577405766],[-98.2899363456358,19.966043672673223],[-98.28612978860077,19.96272352371918],[-98.2813506729455,19.94409065926622],[-98.28514914566409,19.924438309812167],[-98.2822472424481,19.912212554373394],[-98.25428467779102,19.904016353805513],[-98.2865324402261,19.887743242258193],[-98.28814646252371,19.883115474589154],[-98.30379671083449,19.87766034180751],[-98.31008034739077,19.884101805357506],[-98.3202721912681,19.88804374762793]]]}},{"type":"Feature","properties":{"clues":"VZIMS005913"},"geometry":{"type":"Polygon","coordinates":[[[-98.28337630318218,20.630968887671575],[-98.29195338387157,20.631135017633607],[-98.30062592688273,20.62937364164313],[-98.3256935453239,20.637337639919995],[-98.32882030469484,20.644291487858165],[-98.30525111853446,20.668092412517428],[-98.30423547627171,20.672919508791473],[-98.2927678416661,20.675698731348117],[-98.27407675157758,20.67354947310064],[-98.2661113961922,20.675296066594726],[-98.25643216583053,20.66760965363637],[-98.25497394653456,20.664285375646227],[-98.27510481361904,20.636433988402253],[-98.27883100554033,20.635184194022205],[-98.28337630318218,20.630968887671575]]]}},{"type":"Feature","properties":{"clues":"VZIMB005200"},"geometry":{"type":"Polygon","coordinates":[[[-98.15021039306407,20.53596807189911],[-98.1727287451826,20.530081019727078],[-98.18337379450328,20.534228456302476],[-98.18292340806643,20.543012219828494],[-98.1873739626604,20.549809740598246],[-98.19335191954096,20.549820863690773],[-98.19986194710077,20.5526359977577],[-98.20293717305354,20.557931376347426],[-98.1917729802159,20.577818050064256],[-98.1824187965375,20.58228107261843],[-98.16927378814023,20.575768897493937],[-98.13511902435326,20.594130780680814],[-98.14912765228958,20.552680593910317],[-98.15219272471954,20.549853719763444],[-98.15021039306407,20.53596807189911]]]}},{"type":"Feature","properties":{"clues":"HGIMS000362"},"geometry":{"type":"Polygon","coordinates":[[[-98.16490628851707,20.10685037175059],[-98.15026137852928,20.117609325683368],[-98.1460590566829,20.123957137845718],[-98.15358889556695,20.132025289939516],[-98.1502929907323,20.149580977911924],[-98.13654999854013,20.161418991469525],[-98.13423456836318,20.160638145680107],[-98.13329000187724,20.14343439255405],[-98.12070280776118,20.142645522288184],[-98.11750012967809,20.138391558741375],[-98.11760011941107,20.135066100744275],[-98.12029742984721,20.131560744530066],[-98.11816854441848,20.12019875109264],[-98.12212732446012,20.115456974020248],[-98.12443614814426,20.10220305308906],[-98.1335163847327,20.104812349212327],[-98.14424754459692,20.101273270151047],[-98.16490628851707,20.10685037175059]]]}},{"type":"Feature","properties":{"clues":"VZIMS002664"},"geometry":{"type":"MultiPolygon","coordinates":[[[[-98.1124283901448,20.92675104389808],[-98.1111035631298,20.935751406756967],[-98.10193102986679,20.942568776832562],[-98.10515677732478,20.955888046894007],[-98.08938240488577,20.965914627279982],[-98.08121165447801,20.95121607152545],[-98.07421646691765,20.943383413751874],[-98.07531947760376,20.930913915787897],[-98.05659010356655,20.911855059874988],[-98.06633353740071,20.903750936339137],[-98.07367521974858,20.903839799879677],[-98.08107398353673,20.90637237705387],[-98.08637065881396,20.902164499475735],[-98.08621567191345,20.891847349957242],[-98.1010916291168,20.87611843022979],[-98.10382096367019,20.886166682326976],[-98.10198671591739,20.901016035347432],[-98.11019302023493,20.911076371472497],[-98.10691632334057,20.920706340765104],[-98.1124283901448,20.92675104389808]]],[[[-98.13310856793119,20.92977120072562],[-98.12399190552729,20.934983009034628],[-98.11477359238758,20.926460948422722],[-98.12775983472937,20.92201463516107],[-98.13310856793119,20.92977120072562]]]]}},{"type":"Feature","properties":{"clues":"PLIMB005770"},"geometry":{"type":"Polygon","coordinates":[[[-98.0674533809026,20.14916390487868],[-98.07306983600593,20.150894001890553],[-98.07331250956305,20.15503458163583],[-98.07991726319861,20.158743822740245],[-98.08327675964117,20.156817982168462],[-98.08680047771303,20.158592446921297],[-98.09166761931363,20.158244881198197],[-98.10543585318506,20.161014925170534],[-98.10761459913066,20.163852016799833],[-98.10366729499069,20.177456391694083],[-98.09179277436463,20.180472440422506],[-98.08238028476113,20.19289159285955],[-98.07718691707768,20.196494792135304],[-98.05084686855642,20.205832752026],[-98.0491199597727,20.1961430772968],[-98.04564600988658,20.19295111383976],[-98.04150689461734,20.19210860397466],[-98.03125282549514,20.197053707635536],[-98.02708437541715,20.190856311571665],[-98.0160457477945,20.193057667543613],[-98.00552473309926,20.186177662149394],[-98.00768649437586,20.180105471247245],[-98.01582340030392,20.171759509188714],[-98.0220416381756,20.175406341061475],[-98.03236355653786,20.175210640112393],[-98.03548885227568,20.173665905829967],[-98.03636750761318,20.16923570139187],[-98.0383821617047,20.167966671922212],[-98.03766050256161,20.16327080497705],[-98.03358665013056,20.160595087807977],[-98.03976318649714,20.15541098342431],[-98.04032411276913,20.15238236680715],[-98.04770958194474,20.14263126763387],[-98.05699231560801,20.143718311234064],[-98.06016015692572,20.14272805570943],[-98.0674533809026,20.14916390487868]]]}},{"type":"Feature","properties":{"clues":"PLIMB002830"},"geometry":{"type":"Polygon","coordinates":[[[-98.00733867121527,20.341847009080094],[-98.00371339753453,20.327700760383223],[-98.01637008720536,20.326455326283643],[-98.02060229670754,20.323301262928744],[-98.03053145420954,20.329699141130355],[-98.04221355014913,20.324106206667178],[-98.05584919907372,20.33081725424557],[-98.06005900657662,20.34147282405021],[-98.05790051485693,20.346191509097917],[-98.04994599498782,20.3530139024707],[-98.04132696814976,20.351044688777083],[-98.02172746993145,20.363489409299618],[-98.01789575632651,20.362276715487535],[-98.01757735447194,20.359513209638447],[-98.00733867121527,20.341847009080094]]]}},{"type":"Feature","properties":{"clues":"NTIMB001601"},"geometry":{"type":"Polygon","coordinates":[[[-105.38821061934766,20.740787350341723],[-105.39423030074524,20.73885240682492],[-105.39897733956789,20.734645319383134],[-105.40575979174591,20.736866392130832],[-105.41189359758822,20.73503203601095],[-105.43342242533144,20.747451080540557],[-105.440249318052,20.748927492745125],[-105.44465058275601,20.747926508381866],[-105.45084932807315,20.75052594986275],[-105.44664105837742,20.756508222372407],[-105.44522651059205,20.766578028118094],[-105.44190917316429,20.773257161821128],[-105.43747220223608,20.80091346733656],[-105.43562782083724,20.804530598390222],[-105.42876721903349,20.806711250494878],[-105.41173203727918,20.79952141876984],[-105.40653156765876,20.801139415475415],[-105.39138613841534,20.83333831273275],[-105.37542982069387,20.855606073129373],[-105.37290853460374,20.85615304886484],[-105.33743650892346,20.83264399974066],[-105.34220154712122,20.820004961541603],[-105.35658355191796,20.801497121025953],[-105.3558022107807,20.785952638927387],[-105.35983804539283,20.776963514995398],[-105.35968316546837,20.76263423964449],[-105.36418326046272,20.76192765006022],[-105.36625227445148,20.757624366814923],[-105.36983067232161,20.756215477843064],[-105.37058037476243,20.75374489160884],[-105.36938707029348,20.753367098967292],[-105.37074128385129,20.752714096442567],[-105.3694581029181,20.751854672697085],[-105.38034873978249,20.74990587019936],[-105.38099720924173,20.747967402470167],[-105.37995849412374,20.7481209989537],[-105.38099241386153,20.747943683343806],[-105.38081132481695,20.74698789267767],[-105.37932563978048,20.748000328281233],[-105.37951477510752,20.749166751937445],[-105.37732941287427,20.749241593325987],[-105.37943688620663,20.74880836960335],[-105.37741010651654,20.748509502369327],[-105.37902506393071,20.74734623047503],[-105.37715018545802,20.747630497306357],[-105.3763688093864,20.74933677896067],[-105.37682193998879,20.747449580662035],[-105.38686363122241,20.74401313127192],[-105.38821061934766,20.740787350341723]]]}},{"type":"Feature","properties":{"clues":"NTIMB001082"},"geometry":{"type":"Polygon","coordinates":[[[-105.11506711179217,21.68269522041769],[-105.13216505639517,21.675252391652247],[-105.17127204020022,21.69641376755951],[-105.17554577207395,21.697471782246996],[-105.177507745343,21.69925490249033],[-105.18688012296467,21.720669965441147],[-105.1863708332684,21.728435181416895],[-105.18042152519793,21.737478985798234],[-105.14202470451715,21.769684498064457],[-105.12118256387997,21.76518598928299],[-105.11827058916184,21.76623201480969],[-105.09767383257105,21.73633221530694],[-105.09690063959437,21.7163505633728],[-105.10804593006876,21.708612206266718],[-105.11506711179217,21.68269522041769]]]}},{"type":"Feature","properties":{"clues":"NTIMS000774"},"geometry":{"type":"Polygon","coordinates":[[[-105.04104817168391,22.12096136341123],[-105.07413054422346,22.10854876468049],[-105.12820441402931,22.128694479302773],[-105.14012734134238,22.1560842170115],[-105.15284828954543,22.162357542696288],[-105.16689754611095,22.180743675589387],[-105.14110202438872,22.242819192133034],[-105.10006003409656,22.23922325371935],[-105.06200176129445,22.218460361818487],[-105.03219395304397,22.182107089008085],[-105.01969266865021,22.123612533475743],[-105.04104817168391,22.12096136341123]]]}},{"type":"Feature","properties":{"clues":"NTIMS000470"},"geometry":{"type":"Polygon","coordinates":[[[-105.03236628926291,21.02663741818125],[-105.03434978226802,20.982400238902667],[-105.0572693879319,20.97487550329902],[-105.0924395305111,20.968338518081445],[-105.10927427970061,20.998861427580533],[-105.11389777039176,21.004742755620523],[-105.15034260659749,20.998327200736416],[-105.15000741351,21.042706590483515],[-105.14214626566246,21.046793342109254],[-105.13172266568711,21.04714794909369],[-105.12508291839355,21.052425138960462],[-105.10794650407955,21.083510146152616],[-105.1030964228918,21.085073422489632],[-105.03419242620737,21.082020211777394],[-105.03258810754009,21.080986928417897],[-105.03729709710571,21.051297353802287],[-105.03236628926291,21.02663741818125]]]}},{"type":"Feature","properties":{"clues":"NTIMB002062"},"geometry":{"type":"Polygon","coordinates":[[[-104.94909666542944,22.1655006569704],[-104.95205125920124,22.148670713076523],[-104.98634549926281,22.10904910968187],[-105.01969266865021,22.123612533475743],[-105.03219395304397,22.182107089008085],[-105.06200176129445,22.218460361818487],[-105.05965108267897,22.220434445643406],[-105.0337199367333,22.229688765318276],[-104.96066300100654,22.206493952647044],[-104.9559685422162,22.18075868648864],[-104.94909666542944,22.1655006569704]]]}},{"type":"Feature","properties":{"clues":"NTIMB001386"},"geometry":{"type":"MultiPolygon","coordinates":[[[[-104.86534709591847,21.56118711254255],[-104.87016906414073,21.550531204535],[-104.88138954244793,21.554786053700102],[-104.88424470927114,21.554018877937633],[-104.89695815410181,21.561064583128104],[-104.90806457262734,21.55788214884849],[-104.9121366954541,21.559564405185487],[-104.91675572245174,21.572241233520504],[-104.91520809495577,21.586258562902717],[-104.88070742054772,21.58553933430524],[-104.87954701857701,21.590425868259917],[-104.87183701240895,21.60427075865548],[-104.85048614138238,21.598923485206328],[-104.85011150666078,21.57740753171495],[-104.86864361413657,21.574445775093263],[-104.86534709591847,21.56118711254255]]],[[[-104.94429238928421,21.562879491043883],[-104.95748124765026,21.558613467124978],[-104.96270106848371,21.578548531660633],[-104.9441854112166,21.565805596827413],[-104.94429238928421,21.562879491043883]]]]}},{"type":"Feature","properties":{"clues":"NTIMB002173"},"geometry":{"type":"MultiPolygon","coordinates":[[[[-104.50821913863929,22.055726296232482],[-104.522793937868,22.053795449389305],[-104.53853928980563,22.067338395687774],[-104.54520827438917,22.07962075375367],[-104.554840264889,22.081356481857995],[-104.56471909469423,22.112839440624892],[-104.56339217971237,22.12232986666212],[-104.57023263383954,22.1304915736657],[-104.5699172175555,22.13386838329474],[-104.55069522161807,22.15527951907637],[-104.54956350188993,22.172594008119876],[-104.52866282044619,22.172204070033246],[-104.51937163927406,22.182778532003454],[-104.49082819248385,22.181323779006494],[-104.48375188149201,22.177984201705204],[-104.46877608621342,22.176820982319622],[-104.44806828997004,22.154382157022326],[-104.50015440074016,22.12653225058778],[-104.49830928492062,22.10916423057552],[-104.49354664378936,22.09653062157841],[-104.48329053213833,22.083610418520507],[-104.50346387711177,22.06640734739571],[-104.50821913863929,22.055726296232482]]],[[[-104.46044617062965,21.98737643712607],[-104.45142503650746,21.9890354624222],[-104.43832889311348,22.003697253477366],[-104.43396028920955,22.006700523218484],[-104.40040530487113,21.997582186675707],[-104.38606398544309,22.00482555553108],[-104.37525674881608,22.00392530990072],[-104.36563687141174,21.997978633867195],[-104.36235403092616,21.992778366501696],[-104.36285730809068,21.971014055099463],[-104.36522879290489,21.96147118322383],[-104.3788965770956,21.95014313148302],[-104.3847306770937,21.94315901006442],[-104.40159473501191,21.94146556025008],[-104.41636664273314,21.9309054403103],[-104.43400974071345,21.92572365553714],[-104.44356149619489,21.9177786057996],[-104.48643736271227,21.94131593989785],[-104.48579136399749,21.956163805068726],[-104.47038192402044,21.9773234803906],[-104.46044617062965,21.98737643712607]]]]}},{"type":"Feature","properties":{"clues":"ZSIMS001654"},"geometry":{"type":"Polygon","coordinates":[[[-103.06537698088566,21.756123153901015],[-103.09674346096658,21.738739645980072],[-103.12192429592399,21.744290917807657],[-103.12530049739347,21.746178863125955],[-103.1739451458231,21.741168944625826],[-103.20802244572387,21.782786261703254],[-103.20793424821571,21.80463552465147],[-103.20297866017711,21.818248775263125],[-103.20263253812625,21.837248275548767],[-103.17333143562387,21.88685165560905],[-103.16141408032794,21.910013622448698],[-103.15172343712247,21.910270965560816],[-103.14277471539226,21.90674952809057],[-103.08452957341032,21.853896914193847],[-103.07931573225014,21.83990125083378],[-103.04588020262815,21.798441364410767],[-103.04563582881589,21.789696580271023],[-103.06537698088566,21.756123153901015]]]}},{"type":"Feature","properties":{"clues":"MNIMS003224"},"geometry":{"type":"Polygon","coordinates":[[[-102.96213768990962,19.02373547242453],[-102.95191238650895,19.02614358399143],[-102.93643515889202,19.026244885762768],[-102.94493383029518,19.0467566889427],[-102.94269846259076,19.070274690925967],[-102.93847131183504,19.074807075023685],[-102.93201038664881,19.074855466288724],[-102.92597929583647,19.064202570927453],[-102.89575446961807,19.050320273218368],[-102.89301688547445,19.03899234626692],[-102.86406675938916,19.036004852399607],[-102.8561800728768,19.033237025079863],[-102.85027499260363,19.028704276729062],[-102.85036090783774,19.013943386990647],[-102.86267289411383,18.9996262935786],[-102.87427354775528,18.992825969529864],[-102.91299816230546,18.99673909796137],[-102.93252939997797,18.980347140166547],[-102.95274800126177,18.967782856238916],[-102.97665211186185,19.004325957096615],[-102.97032111583239,19.01440473556877],[-102.96213768990962,19.02373547242453]]]}},{"type":"Feature","properties":{"clues":"MNIMS000774"},"geometry":{"type":"Polygon","coordinates":[[[-102.45232181991024,18.64866624294793],[-102.49845476357429,18.68902720191214],[-102.51197333028176,18.708541955238896],[-102.51442138741793,18.750804305723133],[-102.5065525528595,18.759168302678724],[-102.50233695775663,18.770645107842483],[-102.54062165313606,18.827402594220224],[-102.53747703352613,18.833386570667578],[-102.53735917329263,18.846907034179523],[-102.49947224266113,18.887937774596942],[-102.48999107704626,18.910943786619914],[-102.51166520796153,18.934445039355698],[-102.52643183670915,18.937587107611897],[-102.540192798056,18.93777731484954],[-102.5672741274735,18.989928512292444],[-102.58622142089877,18.99391515035189],[-102.5680772435619,19.048022850543195],[-102.56192811311082,19.037701207231358],[-102.55582891283308,19.00554352774973],[-102.52732851882502,19.01125546364538],[-102.52544368744803,19.009572284089195],[-102.50540811417895,19.00558792292555],[-102.50143631478912,18.998076002559877],[-102.47758170318228,19.000332233345226],[-102.47350980405665,18.994186083711572],[-102.44652854191843,18.998299771071448],[-102.43895863062097,18.980736755314823],[-102.42064993755643,18.984681711512188],[-102.41397585972244,18.9802415048216],[-102.38283066199334,18.97045726435304],[-102.38389177110356,18.962885147789617],[-102.41162997926399,18.94977787172945],[-102.42555648489267,18.94754687752288],[-102.44138085499739,18.90922673315047],[-102.4202375840627,18.899627590764712],[-102.4229414611617,18.85519626845685],[-102.42668910055048,18.85282585588345],[-102.43108472661748,18.828866117753314],[-102.41967955762796,18.802719508794887],[-102.41762737093673,18.785779620653265],[-102.41494394152072,18.776762907640826],[-102.41744769382898,18.772540363521248],[-102.42014142978684,18.75564388820289],[-102.41948775085714,18.74549573066083],[-102.43734372735086,18.724191205979615],[-102.43343632922678,18.705061698563572],[-102.41134055429292,18.679499708040993],[-102.41713323913625,18.670948860192002],[-102.44149210369541,18.65900532912622],[-102.45232181991024,18.64866624294793]]]}},{"type":"Feature","properties":{"clues":"MNIMS003574"},"geometry":{"type":"Polygon","coordinates":[[[-102.348407116527,19.521351582802435],[-102.3412064586904,19.52507736460417],[-102.33847979866871,19.531789657797727],[-102.33787461298665,19.53924268338388],[-102.3270467659723,19.552572866709085],[-102.3153752675743,19.562894725010818],[-102.30749515830189,19.56609880687669],[-102.29320271940406,19.54403018437156],[-102.29328553620834,19.539911691586365],[-102.2691634783773,19.513196091749567],[-102.25917656048364,19.4987581586759],[-102.30198396490549,19.472565510203474],[-102.3072638109604,19.479541992770148],[-102.33019484606568,19.491419736367035],[-102.348407116527,19.521351582802435]]]}},{"type":"Feature","properties":{"clues":"MNIMB001082"},"geometry":{"type":"Polygon","coordinates":[[[-102.27219846855472,19.9162304769124],[-102.29642974791489,19.930756600934036],[-102.29545549472239,19.936856592045174],[-102.29382582115863,19.940975359087673],[-102.2776625182588,19.938464695262038],[-102.27050136181273,19.948810283770165],[-102.27316335663951,19.955110279113676],[-102.264095652804,19.966506969782312],[-102.26467511712913,19.97212400996631],[-102.26207267128062,19.977177674471083],[-102.25420406661311,19.971714594671635],[-102.25207613899394,19.978095544070232],[-102.24582574278524,19.978430331302146],[-102.22940260279496,19.964863838525893],[-102.21193008655506,19.966530803508743],[-102.20033804612568,19.956904739099794],[-102.20453945169761,19.936827775595837],[-102.21624602181794,19.928933431054887],[-102.22404100264411,19.92628330958661],[-102.2392915975105,19.91458826075312],[-102.25995614577808,19.89211406346765],[-102.27102325090141,19.889483739016036],[-102.27219846855472,19.9162304769124]]]}},{"type":"Feature","properties":{"clues":"MNIMS001602"},"geometry":{"type":"Polygon","coordinates":[[[-102.05972687743225,19.16284082484955],[-102.0545081305241,19.16473448908273],[-102.05298940552821,19.159206515579054],[-102.05969294160663,19.156679593833243],[-102.06131951955204,19.15830453810346],[-102.05972687743225,19.16284082484955]]]}},{"type":"Feature","properties":{"clues":"MNIMB002436"},"geometry":{"type":"Polygon","coordinates":[[[-101.87350403307346,19.472473722151218],[-101.90561344808722,19.507889531489564],[-101.91465001885946,19.520643972600784],[-101.89744477441924,19.527059587966082],[-101.88356070241709,19.534224662208235],[-101.85757959840655,19.554024264457514],[-101.84530032850974,19.5489756142163],[-101.80909569080417,19.52220753947472],[-101.80397301912691,19.48005713374628],[-101.84558438468427,19.44801889424443],[-101.8642101169548,19.47312092748724],[-101.87350403307346,19.472473722151218]]]}},{"type":"Feature","properties":{"clues":"MNIMS003685"},"geometry":{"type":"Polygon","coordinates":[[[-101.76277758345033,19.778754781353676],[-101.77733384550852,19.769742164460226],[-101.78578398043616,19.761699775818382],[-101.78725990247452,19.785900907444468],[-101.79332572106527,19.79253174073362],[-101.79071160995528,19.795759046904053],[-101.78644738737167,19.790911769348764],[-101.78394484370462,19.793378651261694],[-101.78373971833935,19.800099087707206],[-101.77216280095723,19.79890097231323],[-101.75878324691676,19.80895061299574],[-101.74817854946909,19.80989822627765],[-101.75102804674945,19.801339218108936],[-101.76152152184137,19.790622565523936],[-101.76277758345033,19.778754781353676]]]}},{"type":"Feature","properties":{"clues":"MNIMS002524"},"geometry":{"type":"Polygon","coordinates":[[[-101.6264914322824,19.539868689941056],[-101.62846442845283,19.52904989563878],[-101.63351883317003,19.525907713163978],[-101.64148464226457,19.517625566018328],[-101.66721763665011,19.49983883106685],[-101.67185940514027,19.49155350359733],[-101.69182400318559,19.499067109964706],[-101.68843495806125,19.530710413012635],[-101.68127243275917,19.540678595923374],[-101.68020718352153,19.54536147376015],[-101.6618044101395,19.550183829306654],[-101.65863212036966,19.555723101393387],[-101.64339699783977,19.559897755151624],[-101.63271959461046,19.556815009471247],[-101.6264914322824,19.539868689941056]]]}},{"type":"Feature","properties":{"clues":"MNIMS001165"},"geometry":{"type":"Polygon","coordinates":[[[-101.58025554202982,19.779598266960917],[-101.57657736105259,19.75510996452972],[-101.60443586880858,19.75832744876742],[-101.6228818058964,19.770039181522776],[-101.64076148952994,19.80992306522796],[-101.62738402516774,19.818100821980902],[-101.62198686558087,19.818396774058474],[-101.61123169311202,19.80285392698204],[-101.58025554202982,19.779598266960917]]]}},{"type":"Feature","properties":{"clues":"MNIMB002173"},"geometry":{"type":"Polygon","coordinates":[[[-100.30267725242095,19.709826130749384],[-100.32541801408313,19.725794440137733],[-100.32644072307318,19.734935318058337],[-100.34070760076,19.747650946716156],[-100.33879103456641,19.753403964971792],[-100.33070847287902,19.759676232821583],[-100.31863521917872,19.76319030581978],[-100.30836211614074,19.74636659979314],[-100.3105245415014,19.74054570705579],[-100.30386611647369,19.727321668586487],[-100.30267725242095,19.709826130749384]]]}},{"type":"Feature","properties":{"clues":"MCIMB010101"},"geometry":{"type":"Polygon","coordinates":[[[-100.28496173719451,19.027524285566386],[-100.29987196506177,19.0512393432351],[-100.31683796588672,19.046607353965157],[-100.32204751509757,19.051046366850766],[-100.32824880807064,19.059061080655624],[-100.3331244498417,19.076032200355122],[-100.31022076853803,19.07779189719148],[-100.30106316534385,19.08828173089052],[-100.28594049027919,19.086942776531124],[-100.27765792661494,19.08326141108555],[-100.27500092184647,19.083388208040205],[-100.26304088595545,19.09751697168527],[-100.23643442716137,19.10416899053869],[-100.22675199052745,19.09810453495355],[-100.21287035313281,19.096195306314886],[-100.19732259566422,19.074785307054448],[-100.19755477135301,19.07178039102847],[-100.23005076591384,19.04220007768214],[-100.23455332665294,19.0291708090135],[-100.2409664826396,19.028185333831683],[-100.24777626709047,19.021086600660215],[-100.2702566938165,19.015484353531736],[-100.27495056153982,19.01707736359144],[-100.28496173719451,19.027524285566386]]]}},{"type":"Feature","properties":{"clues":"MCIMB008165"},"geometry":{"type":"Polygon","coordinates":[[[-100.20276411670875,19.649222781255883],[-100.20425997303661,19.650119146549123],[-100.20746965673479,19.66135398038107],[-100.21062756514799,19.665891184131308],[-100.2346174616961,19.641322545196886],[-100.24286302265914,19.63770268685098],[-100.24623499804625,19.645184325043278],[-100.2520944537942,19.647626679820796],[-100.29349584367937,19.68954476366288],[-100.29186556346438,19.69204067635397],[-100.25238573591777,19.68232770425027],[-100.23670048104358,19.700538487928],[-100.23697832900154,19.70836897892377],[-100.21416630225525,19.71241462987422],[-100.21095968837666,19.710601869398946],[-100.20841031887596,19.69417253104356],[-100.20507007664077,19.687859276061776],[-100.18070016511258,19.685285747204304],[-100.19467769776,19.671843895305972],[-100.18690862769326,19.66595697423544],[-100.18758198550091,19.661060037627337],[-100.18605896337243,19.65686181181667],[-100.20276411670875,19.649222781255883]]]}},{"type":"Feature","properties":{"clues":"MCIMB007260"},"geometry":{"type":"Polygon","coordinates":[[[-100.21250329831021,19.167362692085188],[-100.21961888640136,19.172328918964265],[-100.22129426376283,19.17508026777783],[-100.22790636557868,19.176032090023927],[-100.2302228844883,19.167513588130657],[-100.23582750547386,19.16593918322473],[-100.23868486638644,19.177849632174652],[-100.24980749496143,19.18120463530005],[-100.25076275849506,19.193624752552285],[-100.24768790368677,19.202621766052072],[-100.23080826779145,19.215123451094218],[-100.22933495202463,19.217747665502788],[-100.23273855751744,19.23247287897314],[-100.23150077368106,19.243601245931714],[-100.22853580915496,19.24997082279522],[-100.20346029130069,19.255458658385415],[-100.18765871328685,19.267864845472296],[-100.15566434115806,19.243142124525967],[-100.15962926214297,19.219871357433163],[-100.1577950336683,19.217303968249702],[-100.15558465611153,19.193406724335595],[-100.14897065311219,19.17920127915679],[-100.16356339819605,19.163185581690495],[-100.16713990245478,19.154444464464618],[-100.17616287466818,19.153059003559463],[-100.18610851411135,19.14915018738462],[-100.19583047052544,19.152805038229623],[-100.20065094309686,19.168986269510604],[-100.21250329831021,19.167362692085188]]]}},{"type":"Feature","properties":{"clues":"MCIMB007371"},"geometry":{"type":"Polygon","coordinates":[[[-100.1773784505689,19.32233224412192],[-100.1993850365515,19.293552945668466],[-100.20800561150908,19.29731825734726],[-100.2250046344727,19.290858916833603],[-100.23467654984273,19.31582045014657],[-100.23959147479412,19.31851398788107],[-100.22743338890756,19.36118829571941],[-100.21464324660673,19.348357793636968],[-100.18273514042133,19.35295563188647],[-100.18252364060093,19.328155740882902],[-100.1773784505689,19.32233224412192]]]}},{"type":"Feature","properties":{"clues":"MCIMB009652"},"geometry":{"type":"Polygon","coordinates":[[[-100.11162111076627,19.41555592027517],[-100.11016803036506,19.404984168914098],[-100.12124818192854,19.396973661894158],[-100.12601057832,19.397159915973198],[-100.13492038182949,19.390297277514833],[-100.14427076792066,19.390279659470487],[-100.14999723502018,19.393319349574497],[-100.1504552185084,19.406684271179753],[-100.15938132861498,19.41274943168936],[-100.16672626433636,19.40801394439995],[-100.1726358957482,19.407087428991677],[-100.18982227851545,19.42235196431997],[-100.17671432994231,19.4330100202338],[-100.17598577420033,19.440675703876177],[-100.15820054059816,19.45377863929289],[-100.14605709612822,19.446493200057528],[-100.14312079602446,19.44732733027275],[-100.13110827242134,19.443959010961425],[-100.12815387903123,19.43424518255586],[-100.11820931114089,19.426177660433662],[-100.11162111076627,19.41555592027517]]]}},{"type":"Feature","properties":{"clues":"MCIMB005575"},"geometry":{"type":"Polygon","coordinates":[[[-100.09883332497463,19.001044397842467],[-100.10688454949295,19.028424591326562],[-100.09720123243694,19.03991332157901],[-100.09226444704093,19.055211674068904],[-100.09848934642515,19.06723320337226],[-100.09535029049589,19.0750795958444],[-100.08518978020466,19.083705123775218],[-100.06776883627296,19.077490875206408],[-100.06054511497483,19.071251329554023],[-100.0380435412685,19.082965554532827],[-100.02497387937872,19.0769041402],[-100.00468818996126,19.084265931134546],[-99.99982737472797,19.0514159908902],[-100.01381695537737,19.044361451171234],[-100.02273433361464,19.05039684828789],[-100.02808317953361,19.03195994163687],[-100.03098092840337,19.032003394981185],[-100.04423332133288,19.02653868004823],[-100.06370532179538,19.022322460984668],[-100.0877503940562,18.999709341453755],[-100.09883332497463,19.001044397842467]]]}},{"type":"Feature","properties":{"clues":"MCIMB010323"},"geometry":{"type":"MultiPolygon","coordinates":[[[[-100.0798106185158,19.795000396084582],[-100.0646881153277,19.808703556818234],[-100.0558993804213,19.798548339677613],[-100.06055449989353,19.779355741970605],[-100.07825218584962,19.787116144634368],[-100.08056994735473,19.790176494214847],[-100.0798106185158,19.795000396084582]]],[[[-100.03728055443473,19.828136735992246],[-100.03488695893725,19.812533944499904],[-100.04189597235508,19.810764933165714],[-100.06213451989828,19.816908598954793],[-100.05754568921894,19.829656507293368],[-100.03728055443473,19.828136735992246]]]]}},{"type":"Feature","properties":{"clues":"MCIMB011863"},"geometry":{"type":"Polygon","coordinates":[[[-99.92961235474512,19.801373255759597],[-99.93297067406145,19.796541393658494],[-99.9546974036565,19.78247015078811],[-99.96644026916744,19.790666277165293],[-99.97002149951838,19.807389715026503],[-99.96568285309014,19.814930979751395],[-99.96505409659187,19.82320279535241],[-99.94528764231765,19.833450298398716],[-99.93426672259616,19.827978729918406],[-99.93473842722165,19.807402738956004],[-99.92961235474512,19.801373255759597]]]}},{"type":"Feature","properties":{"clues":"MCIMB005580"},"geometry":{"type":"Polygon","coordinates":[[[-99.91036765989986,18.964714624628016],[-99.91429375073822,18.965061891387144],[-99.92297166440437,18.974381638727014],[-99.93378477424402,18.97337471075292],[-99.94543538460923,18.98424396113817],[-99.94526024122175,18.993112054657832],[-99.9626353056576,19.002807464902002],[-99.96408889575159,19.010366476171],[-99.95030366104335,19.02328991100622],[-99.93035250528416,19.015557097570262],[-99.92529350083764,19.02069313644704],[-99.93041514996708,19.037282746546527],[-99.92631612158358,19.046588892605495],[-99.91571199791773,19.04947850679963],[-99.89479947617703,19.0511262869487],[-99.89095073823405,19.06176142769054],[-99.87111488641312,19.06936290277994],[-99.86666794567206,19.08460842690798],[-99.86676750003825,19.094484415511207],[-99.85181089047325,19.10803350842233],[-99.84068057007867,19.1204661704849],[-99.82895382367528,19.122348131660996],[-99.80611653302381,19.112420022603846],[-99.81711464458259,19.068662136801976],[-99.82696495092607,19.055409363521814],[-99.8350333182282,19.05706526611385],[-99.86094143870433,19.051256030547435],[-99.86325472588139,19.024329685564254],[-99.88185149050165,19.02447213821329],[-99.89367414430119,19.003876269237296],[-99.90003743214284,19.0021204178093],[-99.90483550407433,18.991541148005528],[-99.90149674531101,18.984000440179237],[-99.90322575819035,18.96952301328376],[-99.91036765989986,18.964714624628016]]]}},{"type":"Feature","properties":{"clues":"MCIMB007634"},"geometry":{"type":"Polygon","coordinates":[[[-99.88873503024382,19.2613611107387],[-99.88804348022553,19.254613725092433],[-99.92989795235935,19.273458885768854],[-99.93403579085445,19.282601822145487],[-99.93112017853554,19.290825956831682],[-99.93804332371346,19.307812023674398],[-99.93082747538476,19.318422595866966],[-99.928912532323,19.31923063150509],[-99.92197470947016,19.338451743609536],[-99.89825475642807,19.324825468965074],[-99.89801174249405,19.31708230822959],[-99.90078966243658,19.313807226362098],[-99.91130565604472,19.31025342530849],[-99.91381123481685,19.295211863950932],[-99.88873503024382,19.2613611107387]]]}},{"type":"Feature","properties":{"clues":"MCIMB000412"},"geometry":{"type":"Polygon","coordinates":[[[-99.90078966243658,19.313807226362098],[-99.89801174249405,19.31708230822959],[-99.88403849778395,19.31552083388112],[-99.87816525049242,19.31678814176631],[-99.86490353382176,19.31093927988038],[-99.86373948881283,19.307492180579192],[-99.88505885688711,19.28139812974975],[-99.88873503024382,19.2613611107387],[-99.91381123481685,19.295211863950932],[-99.91130565604472,19.31025342530849],[-99.90078966243658,19.313807226362098]]]}},{"type":"Feature","properties":{"clues":"MCIMS001550"},"geometry":{"type":"Polygon","coordinates":[[[-99.91538087653073,19.850803939964646],[-99.90879701218131,19.854632892246034],[-99.89917325148598,19.85363353799074],[-99.89142512698703,19.83977333587522],[-99.9012011579067,19.831892857849315],[-99.91233032399637,19.842505828336193],[-99.91538087653073,19.850803939964646]]]}},{"type":"Feature","properties":{"clues":"MCIMS001311"},"geometry":{"type":"Polygon","coordinates":[[[-99.87047081743655,19.343368414750444],[-99.86158586752114,19.374414882196692],[-99.86026876345676,19.375325842657304],[-99.84696578151501,19.367184229860847],[-99.84509441416272,19.34042579555371],[-99.8438089069186,19.339731021698576],[-99.84037021435857,19.323255213290132],[-99.85879227678451,19.318978014098775],[-99.86288808783218,19.315151469434728],[-99.86490353382176,19.31093927988038],[-99.87816525049242,19.31678814176631],[-99.87782214305743,19.341734246581332],[-99.87047081743655,19.343368414750444]]]}},{"type":"Feature","properties":{"clues":"MCIMB007861"},"geometry":{"type":"Polygon","coordinates":[[[-99.8346515077516,19.278241382069623],[-99.83026138840219,19.288745988323416],[-99.8154419326403,19.282624398294132],[-99.81428705224245,19.277511806779458],[-99.80697651881182,19.26881549092466],[-99.80711248775856,19.2618343656353],[-99.81050667525848,19.25585420304408],[-99.82532883765502,19.251540721116076],[-99.85145976665989,19.233609696879917],[-99.87827014212172,19.22922282823961],[-99.87918214887482,19.235888839228355],[-99.85160660486419,19.277047827469737],[-99.8346515077516,19.278241382069623]]]}},{"type":"Feature","properties":{"clues":"MCIMB007856"},"geometry":{"type":"Polygon","coordinates":[[[-99.83022538943426,19.29591438934147],[-99.83166648786607,19.298319148543257],[-99.81745951629696,19.307668499713188],[-99.81426846675788,19.300242863710967],[-99.82199970818202,19.295460366096894],[-99.82422750731212,19.285919916118566],[-99.83030407101113,19.288811257752474],[-99.83022538943426,19.29591438934147]]]}},{"type":"Feature","properties":{"clues":"MCIMB009594"},"geometry":{"type":"Polygon","coordinates":[[[-99.78893187140369,19.281523160143042],[-99.79706960791243,19.283596985519722],[-99.80658456212433,19.29343575420167],[-99.80730339948337,19.295969679361644],[-99.79729205561783,19.30558219754824],[-99.80242406262492,19.32184087306564],[-99.79069463208707,19.32405346288897],[-99.77870276014701,19.321251962003352],[-99.77230821614779,19.32295686915093],[-99.77062641293873,19.302924019586072],[-99.76687040470915,19.30020303888272],[-99.77118501608592,19.287554105706977],[-99.77868823138506,19.29046104888688],[-99.78893187140369,19.281523160143042]]]}},{"type":"Feature","properties":{"clues":"MCIMB006012"},"geometry":{"type":"Polygon","coordinates":[[[-99.52897358164289,19.11169540851434],[-99.53059306295279,19.10620288093381],[-99.53982512903997,19.102342561900166],[-99.54783067870551,19.09538989923986],[-99.54849571024099,19.08899219356408],[-99.57036133816769,19.102814675213033],[-99.55629901212262,19.13011415985635],[-99.54906567667469,19.133720869095963],[-99.5318469877629,19.146941162776837],[-99.52466670364255,19.132304397143088],[-99.53106305858495,19.12080394198797],[-99.53123847706733,19.115319978117792],[-99.52897358164289,19.11169540851434]]]}},{"type":"Feature","properties":{"clues":"MCIMB004525"},"geometry":{"type":"Polygon","coordinates":[[[-99.5328995022144,19.465505017646457],[-99.53094257924262,19.474606683827645],[-99.54039292534674,19.486768706740694],[-99.53319986246271,19.49647149841639],[-99.51960643270672,19.50335541821403],[-99.5081268579316,19.506376768267938],[-99.49510658202075,19.48698607146568],[-99.49907640738621,19.476003666924473],[-99.51638831345426,19.457794519485166],[-99.51962561391137,19.46094256178279],[-99.5328995022144,19.465505017646457]]]}},{"type":"Feature","properties":{"clues":"MCIMB006316"},"geometry":{"type":"Polygon","coordinates":[[[-99.47605834901206,19.144241038184422],[-99.47180395997131,19.143299726632563],[-99.46797617779056,19.11805829679441],[-99.47431804750119,19.101132387919137],[-99.48691844980576,19.084468120626667],[-99.51046226954558,19.119497752333043],[-99.52466670364255,19.132304397143088],[-99.5318469877629,19.146941162776837],[-99.52944625933111,19.157817055658146],[-99.52358181745747,19.159930703334723],[-99.51535570987315,19.158154707430427],[-99.50513867311774,19.152500840255954],[-99.498481056589,19.15171009534778],[-99.48483916442382,19.14248251189778],[-99.47605834901206,19.144241038184422]]]}},{"type":"Feature","properties":{"clues":"MCIMB003516"},"geometry":{"type":"Polygon","coordinates":[[[-99.46168667682575,19.379314965095556],[-99.46693762097614,19.370323276871236],[-99.47876845991397,19.375061770089157],[-99.48336551624827,19.382686224247834],[-99.48811833153663,19.382429246904127],[-99.49682133300041,19.386971889173928],[-99.49496449476372,19.39164236026661],[-99.48813486571773,19.394351336313232],[-99.48605145853905,19.399873851539247],[-99.48347888023918,19.40206722123913],[-99.4755249801307,19.396432350268185],[-99.47115112005177,19.398141184687923],[-99.46191185934401,19.3860082944517],[-99.46168667682575,19.379314965095556]]]}},{"type":"Feature","properties":{"clues":"MSIMB002083"},"geometry":{"type":"Polygon","coordinates":[[[-99.25381895525494,18.96224938759689],[-99.26471151132421,18.96699590061398],[-99.26966450464651,18.96564633600041],[-99.2747212925845,18.96725008937258],[-99.2773040625518,18.965632093491944],[-99.28701142208342,18.973215393093255],[-99.28939054538918,18.98054171194248],[-99.28861990670282,18.98547399796508],[-99.27784748607071,18.994447722696123],[-99.2764960557674,19.002179340250212],[-99.26461252603646,19.001458150792118],[-99.26024723153395,18.996792671596914],[-99.25399744600234,18.99924948028598],[-99.24823669423303,18.997942644777545],[-99.25234110531825,18.988617801787445],[-99.2508126586185,18.98612079434951],[-99.24234759299488,18.98342710250935],[-99.2421558872047,18.980841703307743],[-99.24778145619085,18.976040932127336],[-99.24020709774696,18.965338206965782],[-99.24104575407935,18.96133265633905],[-99.2495431398351,18.95029018299428],[-99.2545956617258,18.957774343542248],[-99.25381895525494,18.96224938759689]]]}},{"type":"Feature","properties":{"clues":"MSIMB001511"},"geometry":{"type":"MultiPolygon","coordinates":[[[[-99.0558615983624,18.9269785579409],[-99.05427625406352,18.92905142339043],[-99.05396799740876,18.943126189758825],[-99.04289767921867,18.952033184732855],[-99.03804365034154,18.952796096012992],[-99.03404422969948,18.932346307532],[-99.02934157640928,18.930908973750476],[-99.02744763904091,18.931777440307854],[-99.02291085691878,18.940747704996152],[-99.01469702089132,18.929621927286764],[-99.01957344262333,18.92447675034713],[-99.02843949971054,18.922589215665692],[-99.03576033746903,18.928325453443982],[-99.03790084722398,18.926698722984316],[-99.0366157548907,18.921946166784853],[-99.04264117257449,18.917490395724535],[-99.04676574274285,18.90848514891412],[-99.05196494078521,18.909766338048076],[-99.05797345992788,18.915887629475524],[-99.0558615983624,18.9269785579409]]],[[[-99.09050662300862,18.975718229819996],[-99.09527839022589,18.982120805372677],[-99.09358211334572,18.983311055240712],[-99.08529445915754,18.97939210839805],[-99.09050662300862,18.975718229819996]]]]}},{"type":"Feature","properties":{"clues":"MCIMB001771"},"geometry":{"type":"Polygon","coordinates":[[[-98.93544141490153,19.412664205567168],[-98.93161448056394,19.412893217028845],[-98.92700694626245,19.418898121393745],[-98.9218036926651,19.414368487091824],[-98.92994915952185,19.405110793752932],[-98.93662746596644,19.40902872601572],[-98.93703847376153,19.41088886075603],[-98.93544141490153,19.412664205567168]]]}},{"type":"Feature","properties":{"clues":"MCIMB002495"},"geometry":{"type":"Polygon","coordinates":[[[-98.91812461741199,19.29141031081647],[-98.92122953398179,19.291580304493134],[-98.92227342893194,19.29647185941371],[-98.92782422674084,19.30055932944651],[-98.92999609540976,19.30597850610026],[-98.92820196990456,19.308839991627593],[-98.9225691134498,19.308272703789566],[-98.9159724874271,19.2937878078519],[-98.91812461741199,19.29141031081647]]]}},{"type":"Feature","properties":{"clues":"MCIMB006321"},"geometry":{"type":"MultiPolygon","coordinates":[[[[-98.89077638974537,19.501556517335267],[-98.89475725218514,19.506696818525228],[-98.89427972997106,19.512187530291015],[-98.89627521655015,19.51443859513152],[-98.8954047180686,19.52301227686633],[-98.90114745772607,19.52731098098089],[-98.89604313828244,19.536344439892645],[-98.8925688942203,19.538217925826412],[-98.88642173031322,19.53388517115977],[-98.88430966273299,19.526890228812608],[-98.87462599762699,19.522947645519626],[-98.87540571312121,19.514683433072147],[-98.87691630668863,19.513753165171806],[-98.87588738127404,19.505731205187004],[-98.87024832142066,19.50359068602516],[-98.86734019751503,19.496545011532262],[-98.87146813336012,19.491618072183606],[-98.87669802650379,19.48897011617044],[-98.88229640629515,19.493579230162332],[-98.88241197261748,19.49740314494477],[-98.88876426673784,19.502627457064772],[-98.89077638974537,19.501556517335267]]],[[[-98.86827248372752,19.521336359009197],[-98.87333527669844,19.52314023752966],[-98.87015509590054,19.52942846075536],[-98.86449853728281,19.528921914937992],[-98.86251572602241,19.525729742393303],[-98.86827248372752,19.521336359009197]]],[[[-98.84612938186642,19.527481982044836],[-98.85385506346067,19.535588450444447],[-98.85459790959955,19.538328750760797],[-98.85149118388667,19.543186162502217],[-98.844118628261,19.544066096193326],[-98.84017412676015,19.53541271267408],[-98.84612938186642,19.527481982044836]]]]}},{"type":"Feature","properties":{"clues":"MNIMB001386"},"geometry":{"type":"Polygon","coordinates":[[[-102.33967927455237,18.029820941169998],[-102.35367542291641,18.04790626201299],[-102.3606727759916,18.04945003025386],[-102.376889346318,18.038289017906923],[-102.38341187119102,18.038222402709962],[-102.40287312408422,18.056815738505332],[-102.39438471869084,18.07599446505758],[-102.420995349083,18.1024079376656],[-102.38697296857245,18.104521909876308],[-102.3836559067583,18.118936412488342],[-102.37977553065313,18.122486558398045],[-102.34763971922803,18.114428874300714],[-102.34447960537798,18.115500366286252],[-102.33964785147806,18.114656954116917],[-102.32658289536623,18.102613585827765],[-102.3261960886334,18.091309724526518],[-102.31853472617554,18.08449678182596],[-102.29635441111105,18.055663120611705],[-102.29379601173704,18.054695412934702],[-102.31443708974194,18.029119860176486],[-102.31018669358758,18.018113319426483],[-102.32663659339552,18.00967602530829],[-102.33967927455237,18.029820941169998]]]}},{"type":"Feature","properties":{"clues":"MNIMS003031"},"geometry":{"type":"MultiPolygon","coordinates":[[[[-101.46106743962673,19.301255852488783],[-101.46342783049451,19.30733903448467],[-101.46284549874404,19.312980654527095],[-101.45263334155071,19.324100078816425],[-101.45269378274637,19.32890635047458],[-101.4466140448109,19.33502177743875],[-101.44103472824173,19.36504492160369],[-101.44269334295656,19.38486487958663],[-101.41937703711957,19.385356561971705],[-101.39776408331674,19.396882173501705],[-101.3936419451312,19.39581395988597],[-101.36450615029018,19.40584509506372],[-101.36161372594351,19.401886902511684],[-101.35404619583551,19.396317004466745],[-101.35357081125036,19.391806887384316],[-101.34500796584284,19.370872418944654],[-101.36581110249642,19.350182672692526],[-101.36642169094641,19.3453885887259],[-101.37834689104311,19.343280237593135],[-101.38518710973385,19.315402041370643],[-101.38803299287605,19.31503437875741],[-101.39493171352694,19.31829340010624],[-101.39817520471614,19.32194018730823],[-101.40466700473125,19.322117924607927],[-101.41191882069083,19.319831597675734],[-101.41750529696486,19.322183504960982],[-101.43160280878136,19.310927210685048],[-101.42640093024556,19.306749831670754],[-101.42125993600459,19.29869778517051],[-101.41514521942935,19.294728295362905],[-101.41133684393384,19.28134212716287],[-101.42559439653255,19.273502600017252],[-101.43111323490635,19.266147970777833],[-101.4429408553618,19.267225458387646],[-101.4461294272796,19.270271521303346],[-101.44475448726199,19.294038607759518],[-101.45631973379825,19.289714701482207],[-101.4564837330979,19.299253347136922],[-101.46106743962673,19.301255852488783]]],[[[-101.3516829217492,19.396138023166635],[-101.33373947140254,19.40138173072238],[-101.3215848398328,19.389367099642495],[-101.33415599535824,19.383547266614272],[-101.3516829217492,19.396138023166635]]]]}},{"type":"Feature","properties":{"clues":"MNIMB002366"},"geometry":{"type":"Polygon","coordinates":[[[-101.15077530426458,19.74871762124755],[-101.15097050255173,19.754794147306534],[-101.15412515812861,19.75604055572724],[-101.15980075719291,19.751557707355083],[-101.1674212963276,19.7600003234763],[-101.16149973388221,19.76320807589334],[-101.16048898272413,19.765172069611747],[-101.16846910896656,19.777430788876686],[-101.16657603915807,19.778455475624956],[-101.15121835534545,19.776458515025038],[-101.14911515538526,19.781960200203486],[-101.14363900248377,19.78212608649507],[-101.13445647638201,19.778003234157104],[-101.13319300769439,19.78315347353176],[-101.12305078114407,19.790333227182536],[-101.12221155940783,19.79306960201774],[-101.12785774554224,19.79778876955132],[-101.12597365824335,19.804559703196862],[-101.12884776198815,19.817014325314332],[-101.12753925186158,19.819190241930652],[-101.12026180167786,19.8232596398546],[-101.10698950239546,19.81654143226491],[-101.09993161074053,19.80818905682895],[-101.1059970209482,19.799638315076958],[-101.10429941128372,19.77640489308434],[-101.10134220267221,19.774011290534947],[-101.09114689314087,19.773352123206283],[-101.08512528542916,19.760278655068596],[-101.10544361575305,19.74498328053879],[-101.11193941616419,19.746193157530406],[-101.12159268430602,19.75073862845154],[-101.12510064042999,19.742181665377245],[-101.12887784410316,19.7390767637794],[-101.13239001905055,19.74267477906664],[-101.13163513873862,19.747519650959315],[-101.13565804160876,19.747162460157888],[-101.13571069416747,19.744382157614908],[-101.13871599991569,19.74230416628342],[-101.14048912014785,19.745756723723474],[-101.143008839141,19.74645685733253],[-101.14503111104175,19.74408209420202],[-101.14796398209018,19.745150991431235],[-101.15077530426458,19.74871762124755]]]}},{"type":"Feature","properties":{"clues":"MNIMS003825"},"geometry":{"type":"Polygon","coordinates":[[[-100.85597415101074,19.880074414230336],[-100.85373567368683,19.87189944177566],[-100.86898076516617,19.834458346879586],[-100.88184639902978,19.841127178870867],[-100.89748212844702,19.845926068122235],[-100.92696415413138,19.837726030101233],[-100.92195647439087,19.870780557489013],[-100.91138512106521,19.874431972827583],[-100.89090473574595,19.8784691092039],[-100.88953407074233,19.88087519993145],[-100.86663100111693,19.8776879608231],[-100.85597415101074,19.880074414230336]]]}},{"type":"Feature","properties":{"clues":"MNIMB002062"},"geometry":{"type":"Polygon","coordinates":[[[-100.89187018530701,19.77949210934179],[-100.90184672667749,19.7813804571904],[-100.91191531494441,19.81023128922915],[-100.92958127985324,19.835895514799663],[-100.92696415413138,19.837726030101233],[-100.89748212844702,19.845926068122235],[-100.88184639902978,19.841127178870867],[-100.86898076516617,19.834458346879586],[-100.86264372705362,19.828581622065105],[-100.84627571177403,19.83195819341394],[-100.83006397465503,19.808579351621717],[-100.84706822301133,19.788492580309594],[-100.84525188018127,19.783693743296478],[-100.86047587783784,19.754640894197],[-100.87778549416424,19.750442058044587],[-100.88908442851731,19.776170449801285],[-100.89187018530701,19.77949210934179]]]}},{"type":"Feature","properties":{"clues":"TSIMS001080"},"geometry":{"type":"Polygon","coordinates":[[[-99.38043143460702,26.31498568712693],[-99.38173685018032,26.338266701218245],[-99.44227118172331,26.36688162030842],[-99.4564313997524,26.41500266644089],[-99.43274951812836,26.417662757052888],[-99.42677909870011,26.419484586746087],[-99.39496283218666,26.419570815867278],[-99.39250955416661,26.417910030666487],[-99.3849431483875,26.4207225511444],[-99.36999180932851,26.437037411228214],[-99.35937274160564,26.439971776843546],[-99.36000899026982,26.463072937677943],[-99.3545753423641,26.473814317715707],[-99.34298465675204,26.48011490834603],[-99.33124900026999,26.457233108431062],[-99.31529962861435,26.448862696508105],[-99.31231394770325,26.443772747452556],[-99.3026292869161,26.44890936183828],[-99.28221023234379,26.479631534623305],[-99.27451633205605,26.472792602865844],[-99.26249397066994,26.469060560360266],[-99.24211901552228,26.47159025807922],[-99.23765968191684,26.473762791196325],[-99.23374640430775,26.482286623238274],[-99.23140263612663,26.50394814874114],[-99.21769743287987,26.50729380238815],[-99.21018857594123,26.513887921659656],[-99.19086271719374,26.500435644371215],[-99.18417956248933,26.505179088111962],[-99.1736476280419,26.500733480883394],[-99.16287538969098,26.512225572251808],[-99.16543829276748,26.518263124058052],[-99.15638059668913,26.532123302096586],[-99.14440929018646,26.52830756918424],[-99.12844499995016,26.52578127923422],[-99.11787091970834,26.516013199220883],[-99.1012814001801,26.49400656928283],[-99.09194480027541,26.477266859567532],[-99.0924274107998,26.47114307633564],[-99.13060073778036,26.47377141131302],[-99.1277541236492,26.462169454271656],[-99.12864079700034,26.447548677964527],[-99.14728679664327,26.44009459773138],[-99.15034555195447,26.43608825054333],[-99.14857042645602,26.432306806355225],[-99.15023614946922,26.43068818491094],[-99.15019557670313,26.427354575526316],[-99.15175029127845,26.426003903426214],[-99.15382302193983,26.4273441370458],[-99.15784337293807,26.42624128461185],[-99.15707484709209,26.419136506734706],[-99.1599041104645,26.415244885068212],[-99.18749741601216,26.410684571365632],[-99.19261475003758,26.381782196816655],[-99.21149664377468,26.375874581085938],[-99.21972882058768,26.360383590297907],[-99.24637756509027,26.343672236246185],[-99.25275775846065,26.312735848685676],[-99.23201335442624,26.288596175539194],[-99.23259592936793,26.28188182923354],[-99.26028907689403,26.231769303978446],[-99.3030981985025,26.201591220333878],[-99.32789918743917,26.27001263211173],[-99.38043143460702,26.31498568712693]]]}},{"type":"Feature","properties":{"clues":"TSIMB002054"},"geometry":{"type":"Polygon","coordinates":[[[-99.27860034323116,23.831731595184646],[-99.23957473253,23.808868178729224],[-99.21419755443685,23.821351743247035],[-99.19006881079694,23.821496895923353],[-99.18308931266166,23.805340794010654],[-99.17448016244872,23.798492097189524],[-99.17570792152522,23.79029051404207],[-99.1747568695106,23.788505572926034],[-99.18062864583777,23.785314734880355],[-99.18081870179572,23.781317491950652],[-99.19059904324584,23.774236068922495],[-99.20018633383161,23.77034299459682],[-99.23120662185164,23.773080862645372],[-99.23867727522833,23.738212597541704],[-99.28159323316622,23.69811474525438],[-99.31537702667379,23.70524426873275],[-99.32529899373793,23.702591957901653],[-99.3924078936622,23.748951383944735],[-99.4087828810863,23.801273201788796],[-99.30922183858438,23.842677275475182],[-99.30435813079522,23.83911071677379],[-99.29648687013177,23.83795613334712],[-99.27860034323116,23.831731595184646]]]}},{"type":"Feature","properties":{"clues":"TSIMB000596"},"geometry":{"type":"Polygon","coordinates":[[[-99.09623471800073,23.0317010233678],[-99.09896599105288,23.04183304414406],[-99.11321163260654,23.047658614645613],[-99.1146375688466,23.050266719748883],[-99.13506581819469,23.05522824321451],[-99.13805933198115,23.06671151931051],[-99.12933275440832,23.073159382175586],[-99.11747585346251,23.076814228199556],[-99.11490420291547,23.08336178177664],[-99.12122617732544,23.09386629932073],[-99.12815353575725,23.09648546235],[-99.1331598380664,23.101612382503596],[-99.11920075029367,23.114191607490547],[-99.12469474922858,23.12225806502737],[-99.1372214643332,23.121782409831724],[-99.13964816545968,23.12740442189303],[-99.13628006747919,23.138622490393754],[-99.13730761847222,23.144490791886817],[-99.14274073848752,23.154165002558216],[-99.14692406922329,23.176027363612764],[-99.1394754046475,23.188062002733055],[-99.13549479890786,23.190944557697936],[-99.13549441076042,23.22133197345448],[-99.13726929614187,23.225533000779713],[-99.13834327557977,23.240990140834008],[-99.13686661045743,23.26231271336313],[-99.13956781751696,23.274890895016313],[-99.08118487358328,23.26283391597179],[-99.08185352934466,23.25610342869181],[-99.09247127080592,23.250054327883255],[-99.0868522638076,23.233341181848324],[-99.07616072258364,23.231669769063323],[-99.0754635012761,23.221038443939307],[-99.06830854238353,23.203897646551408],[-99.07879705924742,23.195731599153557],[-99.07702312028788,23.163137876972385],[-99.08286258185922,23.14802806010708],[-99.07836540515571,23.140349677785338],[-99.06666497356687,23.129933259695843],[-99.02832780407304,23.136645191968373],[-99.01882867646493,23.118077719366372],[-99.01679111859423,23.106877724637513],[-98.99554279237178,23.06853732006927],[-98.99914511841028,23.0567780357901],[-99.01814912333458,23.050076336083762],[-99.03135979231786,23.036488392766007],[-99.04587061494736,23.029771352575896],[-99.04963629909136,23.020077998581183],[-99.06880191475358,23.025714098268338],[-99.07646622550727,23.02316821417451],[-99.08039610598493,23.028572018974586],[-99.09623471800073,23.0317010233678]]]}},{"type":"Feature","properties":{"clues":"TSIMS000742"},"geometry":{"type":"Polygon","coordinates":[[[-98.41736185242036,24.48301964598388],[-98.40004170548045,24.42024486287697],[-98.40289459333869,24.402964989309858],[-98.40681586224032,24.395848961085033],[-98.42819336866529,24.372479494257895],[-98.45391658483123,24.37163126389483],[-98.46131747436867,24.372958399089878],[-98.50110829395825,24.34064650713631],[-98.5206618031691,24.350207122042963],[-98.56244743724304,24.411588219351255],[-98.58498878677918,24.42377594020787],[-98.5969775957534,24.4350875929474],[-98.63666364592144,24.445580121339958],[-98.62148160820017,24.57132096108152],[-98.59617267336286,24.593776214353124],[-98.58416788174826,24.590118336847322],[-98.53277763491772,24.565486809549512],[-98.51331669909528,24.566381544947262],[-98.49020988965765,24.57085836686811],[-98.46540224654305,24.568273339214954],[-98.43480196607555,24.555747110505994],[-98.40869573467448,24.535116542714796],[-98.41736185242036,24.48301964598388]]]}},{"type":"Feature","properties":{"clues":"PLIMB002690"},"geometry":{"type":"Polygon","coordinates":[[[-97.94238351991676,18.481323359356857],[-97.91963220271055,18.49297725255997],[-97.89967316969668,18.492497114384232],[-97.89838978635836,18.49056170055912],[-97.89482445338325,18.44396088092198],[-97.89875698320328,18.438803914458298],[-97.94652017544036,18.429606991395755],[-97.94238351991676,18.481323359356857]]]}},{"type":"Feature","properties":{"clues":"OCIMS004155"},"geometry":{"type":"Polygon","coordinates":[[[-97.81060612658789,16.78924235311916],[-97.8603420640337,16.76643171619093],[-97.8667645206248,16.775163047813646],[-97.89045612971155,16.776753240402126],[-97.8912426437779,16.805442694288075],[-97.9197134454555,16.8189353755727],[-97.9225127914977,16.84368773630444],[-97.89287659951398,16.842119922428278],[-97.85740228934667,16.863107887026754],[-97.8434876707002,16.84314156383476],[-97.8201427141306,16.842569419190227],[-97.80547736306814,16.825738532520237],[-97.80354079735999,16.81616649691451],[-97.81060612658789,16.78924235311916]]]}},{"type":"Feature","properties":{"clues":"OCIMB006930"},"geometry":{"type":"Polygon","coordinates":[[[-97.8827533723862,16.66046783617794],[-97.90001575862601,16.694527233678148],[-97.88636397014571,16.72057699918557],[-97.8659608336106,16.72852938910588],[-97.85912719963383,16.734153968498536],[-97.85763283782079,16.755285109825692],[-97.8603420640337,16.76643171619093],[-97.81060612658789,16.78924235311916],[-97.8028445567016,16.778407538909303],[-97.79952695540764,16.76914868818176],[-97.784487683558,16.758650372638584],[-97.78177378278247,16.719799317559357],[-97.81403547549488,16.70663377886374],[-97.82038349198984,16.687248291179678],[-97.8230346940062,16.68571804564061],[-97.8291329072563,16.67639344759038],[-97.83226245559753,16.661490409187792],[-97.8827533723862,16.66046783617794]]]}},{"type":"Feature","properties":{"clues":"OCIMB002556"},"geometry":{"type":"Polygon","coordinates":[[[-97.84214233443451,17.226974665236447],[-97.84497284022356,17.210563297786976],[-97.87773879216937,17.201761184771126],[-97.89412762021364,17.21054730861792],[-97.9083360076489,17.21358788764128],[-97.89993371877456,17.239775960887123],[-97.89250696698959,17.24020866452817],[-97.87877819234194,17.237202326334476],[-97.84910583897893,17.242279275039962],[-97.84214233443451,17.226974665236447]]]}},{"type":"Feature","properties":{"clues":"OCIMS004382"},"geometry":{"type":"Polygon","coordinates":[[[-97.85307613655823,16.484558432677375],[-97.84714523009893,16.529587906394926],[-97.8189112121764,16.521866660521116],[-97.81468454037166,16.51071827826169],[-97.80836004008223,16.47029532642212],[-97.82581276715446,16.468089019179455],[-97.84658887019111,16.47619128795574],[-97.85307613655823,16.484558432677375]]]}},{"type":"Feature","properties":{"clues":"OCIMB009112"},"geometry":{"type":"Polygon","coordinates":[[[-97.6673185779798,17.753979159996675],[-97.64445411212952,17.73521767835314],[-97.66399501059608,17.70562289415801],[-97.69589088278639,17.699617721469938],[-97.70875602987236,17.72059729403452],[-97.70922339475453,17.726611187141852],[-97.72986237080787,17.73458506581121],[-97.75193190691343,17.73880360599046],[-97.75364559384157,17.759464489494775],[-97.75736374691107,17.761830596552755],[-97.77789459544339,17.764813889582097],[-97.77748765336729,17.772303854595915],[-97.76646939862687,17.785974061394853],[-97.75862008030566,17.78585572019571],[-97.73717978871565,17.793180544031756],[-97.73122358262707,17.780085422355537],[-97.73088391174795,17.77359442138564],[-97.69794004056615,17.74920988869707],[-97.68694878423607,17.756549278647373],[-97.6673185779798,17.753979159996675]]]}},{"type":"Feature","properties":{"clues":"OCIMS003636"},"geometry":{"type":"Polygon","coordinates":[[[-97.48288670852088,16.348836353567638],[-97.54359383946392,16.33622533371489],[-97.55502047507724,16.35374936555468],[-97.56975313885665,16.36387684878989],[-97.59055332670312,16.352085395767165],[-97.60584150831473,16.349522071267113],[-97.61331724170813,16.350090048174458],[-97.61744097476242,16.393637202897313],[-97.61203266535736,16.397935686310902],[-97.60752929826761,16.41270761733773],[-97.58553276116523,16.41551300452918],[-97.56487026924013,16.4116716267455],[-97.56099149054552,16.41412228422107],[-97.54788782160983,16.407022775290244],[-97.55339606091482,16.39228187833131],[-97.53784155520239,16.3809465686357],[-97.5368207396201,16.378902114562198],[-97.51064602362952,16.37898562047964],[-97.48288670852088,16.348836353567638]]]}},{"type":"Feature","properties":{"clues":"OCIMS001466"},"geometry":{"type":"Polygon","coordinates":[[[-97.41979042303518,17.22108288715331],[-97.44633528128404,17.191552398817514],[-97.45766628449923,17.19309515861965],[-97.46172309952618,17.19186817741326],[-97.48568606551743,17.207389740509964],[-97.49566186579334,17.218233268818377],[-97.50024504939411,17.23584478938737],[-97.47581357904463,17.256053942270594],[-97.47477539516713,17.264545014098335],[-97.4501705984897,17.28177419198131],[-97.43246908723088,17.29040176404422],[-97.41959530059124,17.256632864341015],[-97.42067661713477,17.244754054493256],[-97.41979042303518,17.22108288715331]]]}},{"type":"Feature","properties":{"clues":"OCIMB005694"},"geometry":{"type":"Polygon","coordinates":[[[-97.34795598785796,17.829117724153914],[-97.37094972136,17.82175347346803],[-97.38597609510177,17.829262938321023],[-97.3899705156489,17.840937068269586],[-97.3845950702695,17.856650559283146],[-97.38684050579747,17.868582869560917],[-97.38641570400627,17.882528242742342],[-97.40274999825273,17.898203824238045],[-97.40630488808911,17.9146861913344],[-97.40264638952961,17.91775743726255],[-97.41059483796187,17.952721320031767],[-97.40470849715881,17.959547076709477],[-97.40561541777792,17.976612431669963],[-97.39691092385782,17.99200001126224],[-97.39401333782708,18.00929873384897],[-97.38780143343764,18.026346318019108],[-97.42569346832997,18.0688819045739],[-97.33851995334236,18.093749882855246],[-97.3116382938699,18.084258572248515],[-97.30546339283691,18.084148649732104],[-97.28735788453997,18.096935160449497],[-97.22544273172616,18.12312545341591],[-97.20219408426304,18.09202139555628],[-97.1808619193284,18.027519489502566],[-97.1771441492094,18.020559833003716],[-97.16108123763762,18.007433402859938],[-97.1376962030193,17.963757562371708],[-97.13480258226868,17.942691616555162],[-97.24304838684644,17.889396653363743],[-97.26188669946606,17.892758303444303],[-97.29765151094979,17.879316546092063],[-97.30515967910618,17.86849673634096],[-97.30911834432173,17.849797591995063],[-97.34795598785796,17.829117724153914]]]}},{"type":"Feature","properties":{"clues":"OCIMB008885"},"geometry":{"type":"Polygon","coordinates":[[[-97.04868188998938,15.839082949730274],[-97.06027882741766,15.857732602673721],[-97.06000356281426,15.86555725567142],[-97.05225560349953,15.868281552790068],[-97.04714097836062,15.874072429061256],[-97.04052490582895,15.872311773739296],[-97.03514057008043,15.876523427615691],[-97.03547985791401,15.891971553666243],[-97.02685148702302,15.905543609681716],[-97.02715029812462,15.909303319668654],[-97.0190230071736,15.928130409096298],[-96.99380249006595,15.926805429706876],[-96.98881896439758,15.923207081379172],[-96.96380540582963,15.930216547773282],[-96.94901248484071,15.96938261155753],[-96.94177839225875,15.966187217920963],[-96.92293228709511,15.92580712796582],[-96.9295638637894,15.9182942800107],[-96.93478826995997,15.915556112081026],[-96.94889105896706,15.91350004438201],[-96.95161217422805,15.906271306576226],[-96.9596961210578,15.895653634384244],[-96.97468684920457,15.902239067618906],[-96.97594842744067,15.882315267982731],[-96.98419191969658,15.876333940831035],[-96.990196637578,15.881876757336956],[-96.99904005542847,15.871460238779983],[-97.00416928513206,15.861206477186565],[-97.0105686723005,15.86533100490127],[-97.01713918176588,15.853199006934052],[-97.01996490930235,15.853901815677625],[-97.02734846589354,15.84827455496146],[-97.02897509637356,15.842098432099442],[-97.03740169039966,15.843611271573005],[-97.03978184608023,15.841024769816284],[-97.04446134660478,15.842200023159492],[-97.04868188998938,15.839082949730274]]]}},{"type":"Feature","properties":{"clues":"OCIMS003945"},"geometry":{"type":"Polygon","coordinates":[[[-97.32175487914704,17.567155125463053],[-97.33687769319049,17.577523374358606],[-97.33724129557537,17.58782341885159],[-97.33372620188626,17.59752224107683],[-97.32832719345835,17.59932180096716],[-97.3187229706478,17.615284670661655],[-97.32608979089486,17.62175913033163],[-97.34108754411031,17.624440613693814],[-97.34518072559372,17.629319086823177],[-97.32852616815754,17.649275668177417],[-97.3246971137187,17.64981242481367],[-97.31067963594127,17.668542726514715],[-97.25691422885922,17.675122571923296],[-97.25062395331122,17.64941411671632],[-97.26312562335293,17.640107552564555],[-97.26874059207735,17.638286178171462],[-97.28175132243324,17.619770638575904],[-97.29100409960486,17.61398625415572],[-97.26405632936356,17.58893055004752],[-97.29453880246768,17.58954528595349],[-97.29741732338984,17.581846864234585],[-97.31533314958624,17.57787215106474],[-97.313171279842,17.583609430370966],[-97.31223449412425,17.594471469542157],[-97.32413775655981,17.595371750936927],[-97.31574941640783,17.577650750270944],[-97.32175487914704,17.567155125463053]]]}},{"type":"Feature","properties":{"clues":"PLIMB000170"},"geometry":{"type":"Polygon","coordinates":[[[-97.14614799588188,18.419159826181694],[-97.16470302436343,18.434434745624024],[-97.16602392251184,18.444109660598677],[-97.15475552044138,18.447571225259814],[-97.1459911113736,18.45799879483745],[-97.13875347253192,18.456745257773804],[-97.12792889675795,18.46358420660739],[-97.11750869270755,18.449649511915688],[-97.11961346770151,18.44279243054783],[-97.11021267140121,18.432502939669618],[-97.11144051805435,18.430560595052185],[-97.10915834323322,18.41605123681437],[-97.11906469918672,18.412529844823567],[-97.12136558493017,18.39826825454069],[-97.12808240938185,18.39088611221872],[-97.14378860599425,18.388279697994196],[-97.15607168716707,18.35885844023387],[-97.16470368607594,18.350318430178778],[-97.17403792276284,18.345118308196287],[-97.18195064804098,18.344823623060186],[-97.19992547299397,18.36529974020572],[-97.20072849686747,18.368509173097056],[-97.16680863914358,18.405393693561752],[-97.15111919035338,18.40197146731345],[-97.14614799588188,18.419159826181694]]]}},{"type":"Feature","properties":{"clues":"OCIMB008284"},"geometry":{"type":"Polygon","coordinates":[[[-96.9841427160698,16.29589389785171],[-96.99095563459721,16.29180561758524],[-97.0339295711648,16.344536830294327],[-97.0580240768099,16.341755130220864],[-97.06235635481953,16.345488631262203],[-97.06816083026548,16.354974174985166],[-97.05896899745608,16.377292630469604],[-97.06139400137202,16.381657690230064],[-97.05492710415493,16.406508657690097],[-97.049932489741,16.408169672943238],[-97.04783268771665,16.41153459120788],[-97.0355707786354,16.42176627236003],[-97.01335766859357,16.43500969794125],[-97.00890822395819,16.432585602454395],[-96.99858446947646,16.401286361821164],[-96.99368738402165,16.39527207557328],[-96.99634855893973,16.382101592965594],[-96.97787166661823,16.33789121866664],[-96.9841427160698,16.29589389785171]]]}},{"type":"Feature","properties":{"clues":"OCIMB004381"},"geometry":{"type":"Polygon","coordinates":[[[-97.0076895053009,16.76351681688452],[-96.99087877912055,16.753134241179275],[-96.97198250986465,16.73782056565638],[-96.96795448052355,16.724044035724184],[-96.97147677210786,16.72075215712721],[-97.00046247298313,16.712820586031626],[-97.01147046171427,16.7168572688479],[-97.02781767349141,16.7183697174868],[-97.02693945295145,16.725004358137824],[-97.03602090010614,16.745515537349586],[-97.06802571678517,16.735934344788962],[-97.04308833936754,16.78288980559989],[-97.00988962984795,16.762954062023606],[-97.0076895053009,16.76351681688452]]]}},{"type":"Feature","properties":{"clues":"OCIMS003414"},"geometry":{"type":"Polygon","coordinates":[[[-96.91139368671335,18.231115751903832],[-96.90622856501054,18.230500536355496],[-96.88762271164624,18.240416789641163],[-96.8831650062166,18.23933317182247],[-96.87467278500294,18.24096063688001],[-96.86806998916147,18.232640646670063],[-96.86505960702942,18.21581859850555],[-96.87031834508899,18.21025809798489],[-96.87491958315992,18.21087737755302],[-96.88193556991487,18.215539488198406],[-96.8925009755116,18.21716624515033],[-96.89836195549222,18.205954088851506],[-96.90493698053194,18.20067836732724],[-96.91684099154828,18.219727196113865],[-96.91667430185514,18.227888857578503],[-96.91139368671335,18.231115751903832]]]}},{"type":"Feature","properties":{"clues":"VZIMS006584"},"geometry":{"type":"Polygon","coordinates":[[[-96.86839475748967,18.62483918805085],[-96.87857449732734,18.627648704939308],[-96.8855493973329,18.63473404643693],[-96.90643835059984,18.632816025633094],[-96.91387811037194,18.642232710760638],[-96.91239722924755,18.64517253364923],[-96.9012573022958,18.650450325954],[-96.90050965597656,18.655195358583992],[-96.89433425947963,18.661905020982594],[-96.88274431169947,18.659452247663058],[-96.87142630434677,18.674837070349795],[-96.85178318989887,18.682115485402573],[-96.843980123656,18.666076584505383],[-96.84327099539095,18.659960951466797],[-96.85990206684163,18.64365274271708],[-96.86363302758649,18.638141233653705],[-96.86839475748967,18.62483918805085]]]}},{"type":"Feature","properties":{"clues":"OCIMB006790"},"geometry":{"type":"MultiPolygon","coordinates":[[[[-96.81144166819057,17.18673295765125],[-96.81601151451083,17.184901326922795],[-96.81835933463086,17.18846102617997],[-96.82215620162648,17.18960385100762],[-96.83281505069648,17.185062634151038],[-96.83672595766201,17.19731400058503],[-96.83529916957956,17.201789012386875],[-96.83101967533949,17.201731124822867],[-96.82542086177412,17.204119004318247],[-96.82138725168622,17.20872254782673],[-96.81943877921931,17.21494723300694],[-96.80960095396067,17.215047771773463],[-96.81170525190308,17.20681926412542],[-96.80441160266881,17.206628072989247],[-96.80251989147465,17.19940934963221],[-96.80634298696435,17.19629710054107],[-96.80097994253174,17.18621672263553],[-96.81144166819057,17.18673295765125]]],[[[-96.84974608250484,17.195358386575936],[-96.85630079516932,17.20259743678911],[-96.86128933266994,17.212637304570087],[-96.8566840301053,17.214394289736948],[-96.84471174211805,17.214438277272578],[-96.83709877898305,17.20302369843858],[-96.84974608250484,17.195358386575936]]]]}},{"type":"Feature","properties":{"clues":"OCIMB001581"},"geometry":{"type":"Polygon","coordinates":[[[-96.78683670865604,17.94270960455189],[-96.78369826044539,17.945463739165223],[-96.77642850876241,17.96101644718583],[-96.77197748016286,17.959359681573517],[-96.76685903045406,17.961715949927246],[-96.7494358603519,17.96305937511734],[-96.74804578845013,17.959575090961742],[-96.75126912114922,17.951910802067562],[-96.7402227075493,17.94397698448531],[-96.73862282928917,17.933061848969817],[-96.73997358916615,17.932183790605105],[-96.7417324738892,17.921433216548824],[-96.73792755286829,17.910146892182993],[-96.74701568554038,17.902295386956048],[-96.76344450668675,17.902970670388424],[-96.7719089602205,17.900698893811892],[-96.77520593095963,17.916400975479938],[-96.76777824752826,17.933930906669165],[-96.78630807735364,17.936669816004713],[-96.78683670865604,17.94270960455189]]]}},{"type":"Feature","properties":{"clues":"OCIMS002101"},"geometry":{"type":"Polygon","coordinates":[[[-96.67023925150872,16.806603085497024],[-96.67129514377937,16.81150635119719],[-96.67494430940486,16.815050587765946],[-96.67693190779767,16.81464728945196],[-96.68951949903303,16.824912739306225],[-96.68806294064034,16.82833834811012],[-96.69604105504925,16.842298793777385],[-96.69001784503489,16.847379562884054],[-96.67758121274177,16.84331478199851],[-96.67882965049823,16.83242948382494],[-96.67000567559603,16.838796072565053],[-96.6649041068471,16.836137182289352],[-96.65521557786091,16.843813223138866],[-96.64300256470597,16.848838966341372],[-96.63895569451539,16.845303068048615],[-96.61674489754984,16.834541891808357],[-96.63791082498305,16.81237914549379],[-96.64438749199333,16.81065266565786],[-96.65348765655516,16.814538950042063],[-96.65931502888313,16.810890564446144],[-96.6630829738665,16.80635765187997],[-96.67023925150872,16.806603085497024]]]}},{"type":"Feature","properties":{"clues":"OCIMS003373"},"geometry":{"type":"Polygon","coordinates":[[[-96.62024602527315,16.940517825668344],[-96.62669200876593,16.933034755621158],[-96.62895224639556,16.926578395081158],[-96.64551690775886,16.91038165344641],[-96.65671390561455,16.925864920404738],[-96.66230351690562,16.951314685647382],[-96.65171674631036,16.970064225057342],[-96.65407815111182,16.98717305166507],[-96.622455441868,16.9903727412643],[-96.6126695048126,16.983456746288997],[-96.60717231681156,16.981290835644987],[-96.59903789033875,16.986705786393024],[-96.59184277688476,16.983585109626414],[-96.58730576559827,16.97326285463164],[-96.59106242932661,16.967153319911503],[-96.59610823320847,16.962867519737188],[-96.59285209925896,16.952581900108033],[-96.59406195255511,16.93987079461784],[-96.59939537439793,16.940293989719933],[-96.60751572530344,16.9462645062094],[-96.61596264899224,16.939999769871235],[-96.62024602527315,16.940517825668344]]]}},{"type":"Feature","properties":{"clues":"OCIMB001120"},"geometry":{"type":"Polygon","coordinates":[[[-96.57824081185272,15.874397417618557],[-96.58231140103175,15.867695556911842],[-96.59085286872048,15.862774106071669],[-96.60438792564017,15.87243888487786],[-96.60881525367176,15.871337005859354],[-96.62227000398178,15.85964226388553],[-96.62619314454543,15.853048249662866],[-96.64722887113102,15.865735147294838],[-96.64689695528071,15.878457753898992],[-96.661559000063,15.88894046064928],[-96.66073186290532,15.898437234602534],[-96.66282556335133,15.903943250481298],[-96.66215524817363,15.907846301450196],[-96.64071490592326,15.920983673915508],[-96.62638354420885,15.91204126178685],[-96.62431590275192,15.913906770751233],[-96.6070255686198,15.91546824748675],[-96.5889799533805,15.928778930571188],[-96.58218206106837,15.921630617454634],[-96.58847273744144,15.903882957463168],[-96.58027074240637,15.89338749606326],[-96.58148903229224,15.88898324515316],[-96.57824081185272,15.874397417618557]]]}},{"type":"Feature","properties":{"clues":"OCIMS002562"},"geometry":{"type":"Polygon","coordinates":[[[-96.56746173640897,16.428627916552855],[-96.57305399267585,16.43232447253805],[-96.57780179579834,16.447842329689966],[-96.54939723640814,16.462910852577682],[-96.55640798786533,16.47326252828861],[-96.55357591998776,16.486980391900158],[-96.56205788947668,16.492858089497883],[-96.56440719580993,16.50762744621234],[-96.55432471410123,16.51781445137746],[-96.57143673344677,16.537786775582294],[-96.55894526540825,16.54926685175607],[-96.54456076352706,16.547600782187075],[-96.52743536604386,16.54785806943367],[-96.5142328654487,16.553497583041253],[-96.51201367954948,16.569260255164455],[-96.47430779914131,16.579239375511516],[-96.45527954064077,16.559792229158333],[-96.44291379410845,16.55440609524276],[-96.43997038722294,16.5333736385485],[-96.44154821649967,16.530954214860817],[-96.44314532630673,16.514514514881775],[-96.4385708930695,16.483959642985486],[-96.43332914060228,16.479234874265238],[-96.43459094216155,16.45636512117639],[-96.4516958976398,16.448271864377574],[-96.46730028299913,16.428217272259392],[-96.47764264433988,16.433806502170707],[-96.51374259228994,16.418397211211392],[-96.52408580717756,16.443971411686853],[-96.53022702839944,16.453049837396513],[-96.53846617007198,16.440113859038853],[-96.53836659440647,16.428802836839626],[-96.54495081607156,16.41528795963269],[-96.56168757093621,16.420656934978773],[-96.56746173640897,16.428627916552855]]]}},{"type":"Feature","properties":{"clues":"OCIMB003261"},"geometry":{"type":"Polygon","coordinates":[[[-96.4867403396321,18.13502572741143],[-96.49271096881414,18.12877466767615],[-96.49264180123504,18.126728056887387],[-96.49979230031363,18.120451576543662],[-96.50411689460316,18.120730372309716],[-96.50846574114742,18.130052264986173],[-96.51082658089686,18.130861505896437],[-96.5142755888483,18.143937861136507],[-96.51697558107482,18.145729882690794],[-96.5266833175546,18.192823612107667],[-96.50998742288746,18.183851026467632],[-96.50215828099287,18.147841580443515],[-96.49423982109906,18.147410765401514],[-96.49052949553503,18.14454876444865],[-96.4867403396321,18.13502572741143]]]}},{"type":"Feature","properties":{"clues":"OCIMS003863"},"geometry":{"type":"MultiPolygon","coordinates":[[[[-96.32953547617495,15.688085406307279],[-96.33942689534574,15.684535250309493],[-96.34129974043633,15.686011381461455],[-96.34493058827965,15.68485409859867],[-96.34453163002352,15.686148169576496],[-96.34643916733252,15.686255601691725],[-96.34777166494884,15.689415525331357],[-96.35159183019954,15.690172193323477],[-96.35369577305909,15.687533774586079],[-96.35770553996129,15.686134319807032],[-96.3613435162335,15.681735814570594],[-96.36292948046234,15.683868119241199],[-96.36470331427859,15.681842890672357],[-96.3675515291795,15.684008200235448],[-96.36766496195501,15.685740099934057],[-96.37453365669771,15.688256970821739],[-96.38437431904647,15.689357228901521],[-96.38729153779101,15.687477454839309],[-96.39905231409429,15.690929315539988],[-96.3863736511479,15.702095806936056],[-96.3840037257514,15.707510883267888],[-96.37240635502525,15.71147095819043],[-96.36457832432386,15.711029049647532],[-96.3551081301848,15.718954497573408],[-96.36366979466732,15.761090611291754],[-96.34278038862064,15.764368762557316],[-96.32971245458982,15.769197982675056],[-96.32802627937743,15.771695477042075],[-96.31448704762238,15.77316347261438],[-96.29498069696355,15.768782215625388],[-96.27218988398806,15.779579254992337],[-96.27237388121559,15.799916649215097],[-96.26404664819268,15.802680795137855],[-96.26083375168595,15.805701476688713],[-96.24485489322849,15.813042447147865],[-96.23955020003223,15.811841666070993],[-96.23812108579783,15.787669268905614],[-96.24251033514568,15.78512771918707],[-96.24800833166012,15.773988307188207],[-96.24003583125794,15.750665499083013],[-96.2111278226872,15.739117401953111],[-96.20928670312463,15.717332197032551],[-96.20453043165638,15.71067575856497],[-96.20523470987642,15.708242059667826],[-96.20401545963435,15.70597164937029],[-96.20246859003034,15.705420830776195],[-96.2058652702741,15.705120423135082],[-96.20636394047882,15.702743534685343],[-96.2051550298737,15.701586629840662],[-96.20859272745236,15.69964468948062],[-96.20817394184543,15.701334106673448],[-96.21076755519289,15.703492277965811],[-96.21368001457955,15.700141996812755],[-96.21434115034658,15.70145307719474],[-96.21683177960755,15.700835569571602],[-96.21423442926857,15.69803141492055],[-96.21634865197063,15.696592496549282],[-96.22060611012606,15.698464519182743],[-96.22102541138499,15.695973181446314],[-96.22265305521104,15.695764192436842],[-96.22581145584367,15.697631556590144],[-96.22594175007363,15.695341889331367],[-96.22402115320493,15.693686518839698],[-96.2247110201739,15.691282249257545],[-96.22988890323401,15.690003113822218],[-96.23174964192029,15.691554521285703],[-96.23524859363935,15.69155813415539],[-96.23793479901956,15.688756310796542],[-96.23652997865176,15.683083640378074],[-96.23850969094525,15.682203240897406],[-96.24239599268083,15.684732501755382],[-96.25213924279456,15.685189463763924],[-96.26019609806374,15.68274337775174],[-96.26506209580876,15.684758781107524],[-96.2809246741431,15.686184375127574],[-96.28378954505808,15.685758452575786],[-96.28597864896123,15.683145804755936],[-96.28918842017063,15.68465747953305],[-96.30469786880008,15.685844112578552],[-96.30720591719529,15.684856248826451],[-96.30778401925849,15.682909991785872],[-96.31937279754518,15.687017028518678],[-96.32953547617495,15.688085406307279]]],[[[-96.22742318327141,15.687431056603216],[-96.22932681009274,15.685741102277365],[-96.23130954886575,15.687773351570849],[-96.22742318327141,15.687431056603216]]],[[[-96.22210455414742,15.690943097244393],[-96.2235731953748,15.690207513285051],[-96.22332572706894,15.690839963164247],[-96.22210455414742,15.690943097244393]]]]}},{"type":"Feature","properties":{"clues":"OCIMS001582"},"geometry":{"type":"Polygon","coordinates":[[[-96.25811314674525,16.8244555712578],[-96.2788261697309,16.75230121492521],[-96.33015304039189,16.77502126613922],[-96.33129201448978,16.78029676134329],[-96.35102189245852,16.788453498864648],[-96.3677601817834,16.792327012791997],[-96.36870234207683,16.79828596819131],[-96.36151538529266,16.826100374703078],[-96.32896048173602,16.840220730877267],[-96.3233630920348,16.8477696162765],[-96.25811314674525,16.8244555712578]]]}},{"type":"Feature","properties":{"clues":"OCIMB005443"},"geometry":{"type":"Polygon","coordinates":[[[-96.23810840018902,17.151426977766747],[-96.23600850845925,17.098627575950115],[-96.25158365844042,17.090961107852443],[-96.27498191402022,17.104911538603112],[-96.33033116678929,17.118951110763035],[-96.34006134961172,17.15183571191418],[-96.31824177427968,17.16616717604385],[-96.27458969884867,17.160828776709643],[-96.26858079934173,17.162682503417557],[-96.26282016376562,17.158463667995488],[-96.25660260731973,17.157576895892884],[-96.24354217707925,17.15122987170082],[-96.23810840018902,17.151426977766747]]]}},{"type":"Feature","properties":{"clues":"OCIMB002013"},"geometry":{"type":"Polygon","coordinates":[[[-96.2188976829119,18.118456400151047],[-96.23328206144494,18.13972006525683],[-96.25364250422874,18.150886335084575],[-96.2534633494937,18.16999424358891],[-96.23705626899097,18.186214581531672],[-96.23059885955999,18.1859809325728],[-96.21584311399982,18.17776008855607],[-96.21608481351238,18.174835514633028],[-96.19786282201255,18.162390673006644],[-96.19959099073577,18.158243707499658],[-96.18433194508822,18.14874516641375],[-96.17089690471583,18.152933315583947],[-96.16549749437313,18.156942008639287],[-96.16174236781588,18.144043444137488],[-96.15484076512745,18.135229193602402],[-96.16335457559599,18.125346501853116],[-96.17188425132991,18.125503678580706],[-96.17496381676526,18.129983608848043],[-96.17667958040303,18.130276970162665],[-96.1895669626426,18.115361881300096],[-96.20216203081239,18.124106050421865],[-96.2188976829119,18.118456400151047]]]}},{"type":"Feature","properties":{"clues":"OCIMS004266"},"geometry":{"type":"Polygon","coordinates":[[[-96.194313866867,17.52393567833421],[-96.2654354400076,17.508699237203963],[-96.29537919630728,17.586858085596724],[-96.28331069207798,17.600353975726268],[-96.27220219950306,17.620951006652707],[-96.22931976057716,17.62879861007617],[-96.18530447691748,17.586597024295134],[-96.2037282332197,17.56161919980809],[-96.194313866867,17.52393567833421]]]}},{"type":"Feature","properties":{"clues":"OCIMS001005"},"geometry":{"type":"Polygon","coordinates":[[[-96.13346179877495,16.610211840357195],[-96.15207965645973,16.614869232811913],[-96.1830799704395,16.617720578849703],[-96.17823302892786,16.687559422744158],[-96.20878062090891,16.730888107339478],[-96.16355511990447,16.737306649086218],[-96.1357317942399,16.71179532024391],[-96.11230161521647,16.72308873779425],[-96.10292732508273,16.7345448793023],[-96.07481687416168,16.720715070000562],[-96.07386582002293,16.70765753218875],[-96.08034216168163,16.70202239844605],[-96.08406447607874,16.681438045903352],[-96.05762970983018,16.65955252605103],[-96.04743595040345,16.666838759124087],[-96.00863628633886,16.626872433610774],[-96.00305561813694,16.631444890634857],[-95.99155168195732,16.633919166494056],[-95.98301988071081,16.623207494693645],[-95.97489090122097,16.618451727767333],[-95.9293182706203,16.608857975458616],[-95.90674686657853,16.57846515162124],[-95.97167453943378,16.543396452649304],[-96.00383653737724,16.57973265567907],[-96.01669960745826,16.58759512654974],[-96.06038473731384,16.581786798610093],[-96.08373170920783,16.61267169356112],[-96.11865334796265,16.61396922380654],[-96.13346179877495,16.610211840357195]]]}},{"type":"Feature","properties":{"clues":"OCIMS004044"},"geometry":{"type":"Polygon","coordinates":[[[-96.10089762586314,17.08850479550273],[-96.10325244117088,17.08738032885786],[-96.10502458834384,17.081131399227317],[-96.12834083629372,17.065267001796666],[-96.13443863171064,17.072786290006995],[-96.14700178907937,17.077515408705978],[-96.15032073103197,17.076419165673563],[-96.17361550600405,17.082297933687858],[-96.16771625924433,17.099597260032322],[-96.15056918911876,17.108344703866074],[-96.15155687126389,17.133391651220858],[-96.1437877212314,17.132258547790958],[-96.12331266585888,17.140857241591466],[-96.11017397179731,17.131589741216775],[-96.10022176014347,17.129089038578503],[-96.09308402689932,17.12210624541753],[-96.07122904567294,17.143472310080803],[-96.0695827087905,17.14010229510972],[-96.05894306656029,17.133340181616987],[-96.03280300691195,17.127990989793346],[-96.0212996350747,17.12853965954033],[-96.01530198561802,17.134663843013254],[-96.01358847595664,17.140976750840853],[-95.98470481696967,17.172786861811517],[-95.97983925191276,17.172488751881613],[-95.96636250614814,17.162691418921803],[-95.95520172748824,17.14566654920724],[-95.957562837995,17.136225488871215],[-95.98801106725067,17.104667561694434],[-95.98488481697545,17.095806453492894],[-95.99465232199198,17.087744117979558],[-96.00118924370817,17.07695667931378],[-96.01682501412269,17.07329988672506],[-96.02192453911051,17.079250620320902],[-96.03826033533026,17.07870587955148],[-96.0471500866593,17.073696928104976],[-96.05488376864113,17.07950953040162],[-96.06780642946303,17.074413782244218],[-96.07328252215198,17.06778567292078],[-96.08941028360753,17.065700972694923],[-96.08897602604979,17.08212599260104],[-96.10089762586314,17.08850479550273]]]}},{"type":"Feature","properties":{"clues":"OCIMS003151"},"geometry":{"type":"Polygon","coordinates":[[[-96.10292732508273,16.7345448793023],[-96.11230161521647,16.72308873779425],[-96.1357317942399,16.71179532024391],[-96.16355511990447,16.737306649086218],[-96.15535682886173,16.754986380373815],[-96.15027017445787,16.784096264038144],[-96.10028955961573,16.77643684898608],[-96.086030816939,16.793855037656055],[-96.09125522746699,16.8044389873935],[-96.09015961295607,16.817398089920466],[-96.11118404320702,16.85327863929786],[-96.08846561250232,16.85798950576907],[-96.07147645765221,16.869137465389116],[-96.06062500280105,16.86588061734703],[-96.05108060252887,16.85212908055641],[-96.04152367619947,16.853085693009024],[-96.02160429548874,16.86614770002164],[-96.00224246586099,16.86654327057391],[-96.00080851453609,16.862847525814235],[-95.99103142866302,16.85081706031196],[-95.99200641066997,16.831523991570013],[-95.98988897769968,16.822390104127354],[-95.97853191364052,16.81147031914643],[-95.9610261680761,16.803132367867082],[-95.96197194987653,16.797737215448695],[-95.9799838704678,16.766209042640355],[-95.9807911311034,16.750846890790164],[-96.02682599245394,16.724504826597386],[-96.03384591999834,16.72941466383772],[-96.04110190017464,16.739246883608338],[-96.04902958464756,16.745448548640407],[-96.07481687416168,16.720715070000562],[-96.10292732508273,16.7345448793023]]]}},{"type":"Feature","properties":{"clues":"OCIMS003262"},"geometry":{"type":"Polygon","coordinates":[[[-96.05843341557566,17.01236580156137],[-96.05001367808204,16.997136476262273],[-96.05078169961662,16.995157314856893],[-96.09183501572164,16.98284873051769],[-96.10350348874701,16.975216506376146],[-96.1128464385741,16.97679884584319],[-96.11484678014688,16.978717540821183],[-96.11981196902896,16.996628723180375],[-96.14041619184235,17.002306635616055],[-96.14032389502485,17.006675950376188],[-96.11370402700356,17.018517250555114],[-96.1140224238437,17.026360195328188],[-96.13040302180325,17.041513475129868],[-96.12460364088983,17.053664996611193],[-96.12834083629372,17.065267001796666],[-96.10502458834384,17.081131399227317],[-96.10325244117088,17.08738032885786],[-96.10089762586314,17.08850479550273],[-96.08897602604979,17.08212599260104],[-96.08941028360753,17.065700972694923],[-96.07328252215198,17.06778567292078],[-96.06780642946303,17.074413782244218],[-96.05488376864113,17.07950953040162],[-96.0471500866593,17.073696928104976],[-96.03826033533026,17.07870587955148],[-96.02192453911051,17.079250620320902],[-96.01682501412269,17.07329988672506],[-96.01775014761046,17.0702178146912],[-96.0108232044661,17.0527498588596],[-96.0125025340097,17.042907919252908],[-96.02572838937043,17.036356402878173],[-96.03226882436182,17.038581345375224],[-96.03668508410671,17.042811297268784],[-96.03990552474198,17.042962931750143],[-96.04908875472611,17.051158445884344],[-96.05824683811802,17.0520286768453],[-96.06267880047402,17.04430954783865],[-96.06899740685223,17.043529813105422],[-96.07003452806926,17.039137102447334],[-96.0606546156148,17.02513193640363],[-96.05843341557566,17.01236580156137]]]}},{"type":"Feature","properties":{"clues":"VZIMS006753"},"geometry":{"type":"Polygon","coordinates":[[[-96.09744497535375,18.363081120356046],[-96.10007317072024,18.369266544915547],[-96.1093891189671,18.37393367866295],[-96.11462102124734,18.38508175889645],[-96.11199846996183,18.392098275194652],[-96.10420613448376,18.39843443395124],[-96.0980307681247,18.41412642225384],[-96.08187946163966,18.420206306181104],[-96.07099387858081,18.40598708820104],[-96.0517187684275,18.404028443737833],[-96.04325312074883,18.408079519011608],[-96.03915947148174,18.411687624660747],[-96.02942458851692,18.414185906544347],[-96.01676691445668,18.398531875568935],[-96.03323579386071,18.380968786292325],[-96.02075362014388,18.366009577821004],[-96.02400631878842,18.35887882078162],[-96.02195637933613,18.335694057594903],[-96.054216225758,18.336418849558804],[-96.06040368560522,18.358945323048843],[-96.07073102759718,18.361042664181426],[-96.08380518808494,18.354720742246197],[-96.09744497535375,18.363081120356046]]]}},{"type":"Feature","properties":{"clues":"OCIMB006674"},"geometry":{"type":"Polygon","coordinates":[[[-95.89309889579856,17.331358476877504],[-95.91127938192537,17.301487519082784],[-95.93338805559647,17.29864736130225],[-95.94625877122407,17.300131979366288],[-95.95078990375441,17.3357944210557],[-95.96763827723443,17.328446835815686],[-95.99913503660501,17.33028693249372],[-96.0040877730839,17.33247771460641],[-96.00923531979113,17.39353123078341],[-95.95929347693813,17.376875033991073],[-95.94681455932611,17.346200177888583],[-95.89309889579856,17.331358476877504]]]}},{"type":"Feature","properties":{"clues":"OCIMS000841"},"geometry":{"type":"Polygon","coordinates":[[[-95.9321800898955,17.973419245919157],[-95.91367043559083,17.995690614244733],[-95.9140693071969,18.003276544974494],[-95.90543884830687,18.009503850277344],[-95.90475540786454,18.01615884042705],[-95.908780820751,18.022430590662125],[-95.90622013774752,18.03904656246672],[-95.89682721640537,18.035913854970936],[-95.88440681086134,18.03907667124589],[-95.88037084852323,18.037801947155003],[-95.87630349343071,18.032158452033023],[-95.87958543743187,18.02092061449996],[-95.87739053075735,18.01373495206348],[-95.88172555961513,18.001726232478696],[-95.88740371108477,17.99583296153799],[-95.88841572411594,17.98781022053067],[-95.88441685756692,17.98524375702771],[-95.87547350089044,17.97014344863163],[-95.89102374604626,17.95939224301539],[-95.8696694644831,17.95646507026751],[-95.86350787558013,17.943494738130713],[-95.86549884746445,17.940505835984702],[-95.87279720460107,17.93651382561909],[-95.88979670777368,17.904096268139963],[-95.90016213837454,17.9086865580926],[-95.90995059204701,17.94553218318778],[-95.92866679149529,17.947768859900936],[-95.95085449592625,17.927154133180355],[-95.97525930107246,17.9303415305434],[-95.9467096547622,17.970933483141994],[-95.9321800898955,17.973419245919157]]]}},{"type":"Feature","properties":{"clues":"OCIMB000094"},"geometry":{"type":"Polygon","coordinates":[[[-95.9310263072514,16.995522469830085],[-95.93211213673291,17.00507293664664],[-95.91745461295719,17.033708627892043],[-95.91551799997274,17.033825882445022],[-95.9049209798122,16.987475215099924],[-95.9310263072514,16.995522469830085]]]}},{"type":"Feature","properties":{"clues":"OCIMB007613"},"geometry":{"type":"Polygon","coordinates":[[[-95.87026494515897,16.22843812175088],[-95.85720074553713,16.330722786841363],[-95.79275124650685,16.309679103659196],[-95.80946908276202,16.233862187582957],[-95.83411669836295,16.21467194295152],[-95.87026494515897,16.22843812175088]]]}},{"type":"Feature","properties":{"clues":"OCIMS004073"},"geometry":{"type":"Polygon","coordinates":[[[-95.6681725084068,16.660063144121008],[-95.653849162899,16.671536372002695],[-95.63345439231045,16.66371771781509],[-95.57731869966165,16.6107821239732],[-95.57379359452618,16.533966523517982],[-95.6481934647268,16.558159038531063],[-95.68179103957476,16.632102839683363],[-95.6681725084068,16.660063144121008]]]}},{"type":"Feature","properties":{"clues":"VZIMS001935"},"geometry":{"type":"Polygon","coordinates":[[[-95.3589750578507,18.490888069828994],[-95.36468893553217,18.485635530497174],[-95.371235809715,18.471979337825754],[-95.37815283854019,18.47277310949296],[-95.38359280849042,18.48960883247227],[-95.3910656175806,18.490698248160285],[-95.40106685715391,18.504719402863696],[-95.40476980638134,18.504988211547012],[-95.40911581109714,18.492527120546253],[-95.4327624120371,18.48790318117212],[-95.42685352612294,18.497694587446304],[-95.40642978907458,18.506297857683155],[-95.40889131076707,18.521982477863773],[-95.40153548069677,18.526196744556206],[-95.39024152275259,18.537617916160762],[-95.39046386776214,18.540026335725422],[-95.38653426343858,18.54519392836355],[-95.37728534410621,18.553081792749897],[-95.36788560038032,18.555152726606156],[-95.35798090633303,18.54528508628271],[-95.35131397173804,18.54135496277893],[-95.3639601129803,18.519177991687354],[-95.36174273729019,18.49667358094577],[-95.3589750578507,18.490888069828994]]]}},{"type":"Feature","properties":{"clues":"OCIMS002323"},"geometry":{"type":"Polygon","coordinates":[[[-95.22542262994014,17.080039334010255],[-95.27522024391462,17.079492822518215],[-95.31119664175303,17.13515176327465],[-95.28736952969976,17.151666483408707],[-95.28236153833933,17.168030523619237],[-95.28246830583083,17.208860498631918],[-95.28604062791625,17.209860861319353],[-95.3009873244329,17.208533868955232],[-95.31588365459514,17.212418395947736],[-95.32071708795756,17.22683729576332],[-95.3105791072243,17.26090045637913],[-95.3025363490185,17.261078092611445],[-95.29873408993659,17.25860257186342],[-95.27733723039039,17.25140306367758],[-95.25237776656056,17.266757473222533],[-95.26656565100913,17.30047410135273],[-95.23507661169849,17.314417933039756],[-95.22769232643815,17.312396652078093],[-95.2270825576021,17.31072284293227],[-95.19450860334307,17.28800248658314],[-95.1789039169112,17.284990026339017],[-95.17470826665165,17.26181801327999],[-95.16702114511891,17.25128187117819],[-95.14605361132035,17.25685782140273],[-95.11880401963737,17.22689294234648],[-95.09927979015984,17.21357505172889],[-95.09883441532936,17.21197128587679],[-95.10009300199849,17.208749817707425],[-95.12989407149536,17.178651893972283],[-95.14691690144892,17.17972081798864],[-95.15113991103401,17.17688781825146],[-95.15993498958336,17.15239631608205],[-95.15617568637406,17.1428830312659],[-95.15836118094242,17.129639720734907],[-95.1694122225211,17.117165801931407],[-95.145954608353,17.075332388385917],[-95.18067560053731,17.062860911842254],[-95.22542262994014,17.080039334010255]]]}},{"type":"Feature","properties":{"clues":"OCIMB003256"},"geometry":{"type":"Polygon","coordinates":[[[-95.18983208174777,16.227518777179142],[-95.19518993159332,16.233916362399455],[-95.19535657506894,16.236665765736163],[-95.18503459383142,16.238801052558024],[-95.18532715191402,16.248595552344053],[-95.20069459547767,16.260948486722505],[-95.19623711275659,16.27774879876024],[-95.19455287417476,16.277837996469152],[-95.17494048714626,16.302079072209057],[-95.16965750361294,16.299721366003297],[-95.1574657129881,16.30203433579139],[-95.15021075369367,16.2849560483569],[-95.13824791801287,16.27137650678287],[-95.12281514834862,16.248086262479685],[-95.12938317476164,16.24176110497302],[-95.1400750681941,16.224949156929878],[-95.14802595775781,16.217661629642404],[-95.15947771171011,16.222180894947666],[-95.169175256974,16.219789119035052],[-95.1746205595893,16.22292903592266],[-95.18983208174777,16.227518777179142]]]}},{"type":"Feature","properties":{"clues":"VZIMB008736"},"geometry":{"type":"Polygon","coordinates":[[[-95.10221998241896,17.39058970697247],[-95.10827384549118,17.388928530523668],[-95.11536247693292,17.389375038693963],[-95.11940966919913,17.391081865464628],[-95.14543963951542,17.39166442214299],[-95.15374647077623,17.413665628889504],[-95.17829405245139,17.422590585981343],[-95.1779612353742,17.424348052486057],[-95.1562869882135,17.443557240981754],[-95.14978938868468,17.453714285677762],[-95.13919546841095,17.454771129057143],[-95.12462028347994,17.465857122427305],[-95.11649240812686,17.46136598939222],[-95.09612111916367,17.459825462506597],[-95.09347223883877,17.452538449512122],[-95.08579829550166,17.44532393865558],[-95.08543490217082,17.439940415926923],[-95.07529688310886,17.438639916847787],[-95.07108430800675,17.43998872452309],[-95.06970523064231,17.445721176300196],[-95.06145515111002,17.45994587770515],[-95.06154804322985,17.46213752165199],[-95.04515354411544,17.468008897409607],[-95.04278591102394,17.47012482789172],[-95.04247966493672,17.49066722472837],[-95.03915919278707,17.49474121460843],[-95.02876434312412,17.49459113726484],[-95.02404049121526,17.489221162991566],[-95.01980104858465,17.470022166744187],[-95.01583790941757,17.46555655949229],[-95.01173992567114,17.46441105803092],[-94.99693392155426,17.47060361416164],[-95.00180218955927,17.49225022818113],[-94.99448095434786,17.50738149918896],[-94.98036538260902,17.50661097616773],[-94.9763344851889,17.502237703542047],[-94.9722781716664,17.49418656697862],[-94.97191594782636,17.46943777959007],[-94.97572710572821,17.46417651700106],[-94.97451565206455,17.45893988690414],[-94.96892047304945,17.451960677239633],[-94.97177491826645,17.429773083799056],[-94.9600580812317,17.417189464494584],[-94.97566301992211,17.410007266775395],[-94.97334179880914,17.397868530844082],[-94.96799874241604,17.390780926574806],[-94.957837996686,17.384512720820855],[-94.95667137574128,17.38117084873615],[-94.9336569794592,17.36914404560946],[-94.9340001116093,17.3606706615032],[-94.95420661088856,17.359902377301513],[-94.95973040551247,17.347467713085138],[-94.99537149190878,17.335603008985743],[-94.98184804550645,17.369302464961457],[-94.98713444020575,17.37600857956394],[-94.99286803363017,17.372706392830693],[-95.00430052591575,17.38242308748634],[-95.01149265451512,17.386104383926234],[-95.01752644501407,17.397577222345074],[-95.02828689062916,17.39860053180282],[-95.0320290130237,17.391682598949885],[-95.05476404703538,17.3758724933761],[-95.06607358064177,17.373292714801398],[-95.0678135792011,17.3754602383669],[-95.09038686680627,17.382514902701274],[-95.10221998241896,17.39058970697247]]]}},{"type":"Feature","properties":{"clues":"VZIMS005312"},"geometry":{"type":"MultiPolygon","coordinates":[[[[-94.89701989314578,18.243961169168795],[-94.91434001761628,18.249641129323326],[-94.91884948470117,18.25353566266703],[-94.91668285662803,18.258568888958827],[-94.9162475323938,18.265336067355236],[-94.91849630868299,18.281681016576616],[-94.90553748036065,18.294721328597],[-94.89268493981506,18.258208198286514],[-94.89701989314578,18.243961169168795]]],[[[-94.92305389224667,18.343480727428997],[-94.91647463090851,18.336847537719255],[-94.90857470064894,18.31020090019486],[-94.93351749296698,18.309866554655578],[-94.94417909013647,18.315779868055518],[-94.9445809625233,18.327152981021555],[-94.92305389224667,18.343480727428997]]]]}},{"type":"Feature","properties":{"clues":"TCIMB000395"},"geometry":{"type":"Polygon","coordinates":[[[-93.97434800417373,18.193915358302412],[-94.04658783425685,18.20733093047116],[-94.05587861708572,18.23640669137927],[-93.97947760923209,18.2604761049501],[-93.963967163694,18.212404759054724],[-93.9630207413316,18.2010452119363],[-93.97434800417373,18.193915358302412]]]}},{"type":"Feature","properties":{"clues":"VZIMS003970"},"geometry":{"type":"Polygon","coordinates":[[[-94.84991968953015,18.31993297610795],[-94.84612749374607,18.325228288641753],[-94.84383321795936,18.338667016754762],[-94.81490729460464,18.3428505196797],[-94.80120443648872,18.347480547645816],[-94.79373676217517,18.34821166356828],[-94.78582870334688,18.356401406657366],[-94.76783002597065,18.356079163524623],[-94.76286721693008,18.362120705123324],[-94.74566590596265,18.357367373228563],[-94.72814769754635,18.384942328732325],[-94.70815720799798,18.36907504503198],[-94.71039218497071,18.35711627077663],[-94.700386337998,18.323722881195508],[-94.70480081645226,18.304846041935125],[-94.7237309145708,18.29788523370603],[-94.73150342750516,18.278731161255745],[-94.735743250355,18.2743857947369],[-94.75747746599275,18.269219846878848],[-94.78187022136754,18.267641575897976],[-94.78480891471955,18.26551927266256],[-94.79606305277885,18.24874576625275],[-94.81384542756865,18.280391311519804],[-94.82206033946042,18.279532193119724],[-94.84991968953015,18.31993297610795]]]}},{"type":"Feature","properties":{"clues":"VZIMS002471"},"geometry":{"type":"Polygon","coordinates":[[[-94.67061949256346,17.87749343154184],[-94.66893741377935,17.886805760978138],[-94.67029531010495,17.89098532725304],[-94.67817603604759,17.890160300327782],[-94.6794871973943,17.89196141306288],[-94.69414738461079,17.894218280617842],[-94.69541429820428,17.897619361627473],[-94.69141661054144,17.908583833635944],[-94.69585669884017,17.927566199997823],[-94.692083558537,17.931613250268914],[-94.6838009115149,17.935761104050613],[-94.67670711152164,17.944290890172066],[-94.67283982314326,17.946745030110332],[-94.6768371160623,17.962153203074582],[-94.66767307074592,17.96920181393997],[-94.66373845354258,17.961667500279475],[-94.660448387842,17.9595898758139],[-94.6553753485481,17.9520302800889],[-94.65083695546143,17.95062521312543],[-94.6502616057784,17.94581408734334],[-94.65194899769992,17.943889091080848],[-94.64999284399521,17.93987420597427],[-94.64593736507541,17.941436312101647],[-94.64572309001574,17.945703881056318],[-94.64311247683892,17.947401286889097],[-94.64051627539627,17.944783985800065],[-94.64141692671066,17.93745548194697],[-94.64350306687366,17.935809046283364],[-94.64473993690021,17.9287508276531],[-94.64278560703933,17.924861250078067],[-94.64667687387322,17.92171542449701],[-94.65299264341381,17.923171525835006],[-94.65977567926124,17.91724715220839],[-94.66076228556524,17.914040011959845],[-94.65448105926994,17.90946063426917],[-94.65646701029686,17.897965043314077],[-94.65459576915481,17.892151769198342],[-94.64877485066881,17.888521891132356],[-94.63725740809878,17.88476723684908],[-94.63296188819064,17.88090239417785],[-94.65083090167923,17.860192998835956],[-94.65537361482828,17.869247694484134],[-94.6584817613501,17.872226722528964],[-94.65959864991716,17.876244294554628],[-94.67061949256346,17.87749343154184]]]}},{"type":"Feature","properties":{"clues":"VZIMS002780"},"geometry":{"type":"MultiPolygon","coordinates":[[[[-94.66215527165718,18.07665549220656],[-94.6580943867209,18.089264133619398],[-94.64070853975088,18.095589505695216],[-94.63765797303596,18.105289447197837],[-94.6381419783801,18.109049127347035],[-94.62698334763373,18.118407875048863],[-94.62424950563341,18.117704234083632],[-94.61900402564876,18.108467549381007],[-94.60445262733283,18.105530064475413],[-94.60459331991198,18.092895391729705],[-94.60162534566979,18.08851813951311],[-94.61833326648252,18.06217464217601],[-94.59747766795024,18.053774694315713],[-94.59540658593902,18.05130362485283],[-94.60131622074385,18.041385234262425],[-94.60872089349608,18.035998099163287],[-94.63749916540479,18.052033041583865],[-94.64471021887022,18.044156950582313],[-94.65525310857053,18.050825077342086],[-94.66215527165718,18.07665549220656]]],[[[-94.66846458146003,18.072665551287724],[-94.66317754265877,18.07593785686833],[-94.6593999992323,18.05304013209888],[-94.66576876172779,18.05611598995307],[-94.66846458146003,18.072665551287724]]]]}},{"type":"Feature","properties":{"clues":"VZIMB003083"},"geometry":{"type":"MultiPolygon","coordinates":[[[[-94.3396407327165,18.043877530313306],[-94.33755067016413,18.046858196083583],[-94.32126292540362,18.04556288696843],[-94.30911615970277,18.042195934639754],[-94.3209821907349,18.03392453882018],[-94.3338845642838,18.036312919893863],[-94.3396407327165,18.043877530313306]]],[[[-94.29719244283807,18.04110003891599],[-94.30457915224456,18.043924935625125],[-94.31200117543479,18.058832578918842],[-94.32868333474481,18.064977314257476],[-94.33147445844764,18.06852472344598],[-94.34367768172291,18.07201018861205],[-94.35040117491637,18.062555491410535],[-94.36364756672685,18.067075485599744],[-94.36741360828798,18.073117160537205],[-94.36729112260325,18.076735259200372],[-94.3763569566457,18.0831525219514],[-94.37857681162785,18.091354456183662],[-94.37370077913371,18.101430694279625],[-94.36715456025495,18.10011944717812],[-94.35764493825052,18.085187378162143],[-94.35077942339359,18.08621765923224],[-94.34393167569564,18.101678578626778],[-94.33890318731666,18.104349229095533],[-94.32788088523257,18.101021879421506],[-94.31767909228118,18.105007388432067],[-94.30516124760125,18.113222434681354],[-94.29806579650257,18.108933632604387],[-94.28341610111883,18.109503997043532],[-94.27497470355186,18.112698431421318],[-94.26831990906838,18.11953156479646],[-94.26752436502775,18.12264193668671],[-94.24293047685784,18.128018124050065],[-94.23829169104926,18.112763294795275],[-94.22737933945216,18.0974433643241],[-94.22434531108388,18.095503723201297],[-94.21650969796397,18.075194073335542],[-94.21794019103442,18.069903943256325],[-94.2009862988203,18.039794232355565],[-94.20422433325992,18.027897154222153],[-94.19859643749878,18.009533244424407],[-94.18630002364776,17.999360332453026],[-94.1999256644202,17.984866347636274],[-94.21839230182101,17.999378642422577],[-94.21906756858213,18.00374177632],[-94.2271567311117,18.01295996984718],[-94.24213554507128,18.01993641740637],[-94.2588698862554,18.02393555968611],[-94.2693745708657,18.03785805665649],[-94.2817960922301,18.042293629609052],[-94.29719244283807,18.04110003891599]]]]}},{"type":"Feature","properties":{"clues":"TCIMB000284"},"geometry":{"type":"Polygon","coordinates":[[[-93.85941522403085,18.134106325301047],[-93.86801159649775,18.12463145946778],[-93.8953024431174,18.11603592837833],[-93.91961740085635,18.120006736277702],[-93.93463342658839,18.144980908004413],[-93.93658917063425,18.145859647446564],[-93.99136531587195,18.10120750410644],[-94.00028741209101,18.117860986894588],[-94.00417233804578,18.141287409024965],[-94.00300911043888,18.161546120712558],[-93.99430502917072,18.17444541170281],[-93.97434800417373,18.193915358302412],[-93.96567962641119,18.19967910227873],[-93.90927641418595,18.21610811387788],[-93.89923593184275,18.22577754484756],[-93.89045980437037,18.246463250237593],[-93.84696172750544,18.256381435351145],[-93.82406861199185,18.255354003619473],[-93.80889359230059,18.25049587966741],[-93.8183857216999,18.19452126097867],[-93.82884719189495,18.174099442648856],[-93.8316361969284,18.15800482844877],[-93.84898479845606,18.150770028418677],[-93.85941522403085,18.134106325301047]]]}},{"type":"Feature","properties":{"clues":"TLIMB000345"},"geometry":{"type":"Polygon","coordinates":[[[-98.46134617393761,19.47271806017034],[-98.45235984962034,19.480622302921898],[-98.44115468459843,19.46874261422699],[-98.43745120677303,19.457869005579397],[-98.43986947032849,19.452625405615255],[-98.44973934554994,19.450272607311135],[-98.46182594680641,19.456970816876208],[-98.46134617393761,19.47271806017034]]]}},{"type":"Feature","properties":{"clues":"PLIMB001903"},"geometry":{"type":"MultiPolygon","coordinates":[[[[-98.24400587360331,18.98494526793179],[-98.2453410033605,18.98222588983323],[-98.24959911904966,18.98369518790979],[-98.25166181070136,18.986481331209124],[-98.2569043523175,18.98608993275854],[-98.26057447674697,18.989059634245997],[-98.26027333755869,18.99496184424127],[-98.26722867255387,18.992740966149686],[-98.27058812374324,18.99495417012201],[-98.2659039993349,19.005721745725438],[-98.25714501294148,18.999102305990036],[-98.25516239847643,18.99968975373422],[-98.25173405922531,19.005174781894365],[-98.25269100948785,19.013381985743006],[-98.2456275801188,19.01376564979462],[-98.24572472046466,19.00496201827475],[-98.2423306295099,19.001476771867445],[-98.23584397030994,19.006924127493722],[-98.23317357344636,19.00625532075864],[-98.23039811392313,19.008094446556765],[-98.21869167517067,19.00078480619036],[-98.21385612382221,19.004039729102274],[-98.2121350146262,19.000977886933825],[-98.21258158085426,18.99718253108085],[-98.20365443778364,18.99926309603429],[-98.20166553966094,18.99626918113986],[-98.20170043808282,18.99375272528072],[-98.20857580341247,18.990943988577058],[-98.20858406814446,18.982582742230328],[-98.20567364632788,18.977262499867344],[-98.21068867562224,18.971793220696945],[-98.2194406011399,18.974421571097604],[-98.22310528217116,18.97407245728128],[-98.22774657244702,18.981084424472428],[-98.23302923101903,18.979261123262088],[-98.2391858226333,18.98691523482654],[-98.24400587360331,18.98494526793179]]],[[[-98.24164574186092,19.01398374853945],[-98.23839387379246,19.017934847448988],[-98.23226443278175,19.01613183310649],[-98.2369626726684,19.008978533856727],[-98.24164574186092,19.01398374853945]]]]}},{"type":"Feature","properties":{"clues":"TLIMB000041"},"geometry":{"type":"Polygon","coordinates":[[[-98.21869139383521,19.514663820228186],[-98.22655802664839,19.519991872220345],[-98.23240342050394,19.528151437959416],[-98.2437518694387,19.53121075971841],[-98.24882762247195,19.53409042998323],[-98.23588043375392,19.554203424314455],[-98.22914090062217,19.555528325230725],[-98.22267551341837,19.546898664324523],[-98.21044811215532,19.548899998273047],[-98.2069457217454,19.55474659054202],[-98.2019871477235,19.554847026306977],[-98.18693255079089,19.563390828021674],[-98.18252883669054,19.55941790505956],[-98.1846290077646,19.542090474917423],[-98.1880525138823,19.537892357689863],[-98.18658337840039,19.53539992856858],[-98.19104557783596,19.527270098845044],[-98.18661447924967,19.519972034093808],[-98.19290595419388,19.517403336936557],[-98.1978511285765,19.51043385291162],[-98.21435108811053,19.50559354379012],[-98.21869139383521,19.514663820228186]]]}},{"type":"Feature","properties":{"clues":"TLIMB000263"},"geometry":{"type":"Polygon","coordinates":[[[-98.15486124821915,19.27652091343802],[-98.15030507771831,19.27662848220457],[-98.14487700918374,19.269290947765203],[-98.14868526971819,19.26344901822784],[-98.16056181581598,19.268204418471598],[-98.16761104948336,19.259532653356317],[-98.16963151619792,19.260532638109648],[-98.17584062597622,19.268674439708818],[-98.17493875454616,19.271391340285707],[-98.1831663176242,19.27970174152089],[-98.18265679458244,19.281622597427127],[-98.18667122549864,19.29016576885105],[-98.18540997640609,19.293080198696092],[-98.18335546794845,19.294619364132988],[-98.17318231790003,19.291735875455483],[-98.16990193386376,19.29588415833789],[-98.15921057387527,19.287845789611755],[-98.16003465955822,19.286375985244383],[-98.15486124821915,19.27652091343802]]]}},{"type":"Feature","properties":{"clues":"TLIMB001692"},"geometry":{"type":"Polygon","coordinates":[[[-98.045527078393,19.41094772248022],[-98.04786492765231,19.416420237368296],[-98.0610539877774,19.415694616517094],[-98.06761302151725,19.429018853244585],[-98.06422890079402,19.437108625146447],[-98.06459826290914,19.44106675479157],[-98.05016416637537,19.44711549740577],[-98.04164881001397,19.444395961209715],[-98.03325185632106,19.45557067270387],[-98.02745917151022,19.45707521394759],[-98.02250433553452,19.438507961192766],[-98.00986952806765,19.437861377378855],[-98.00758658837262,19.43507687337537],[-98.00698044268387,19.42238883660737],[-98.01034411157895,19.41656308225799],[-98.01207776017186,19.416284017588872],[-98.02221062998312,19.40371242624127],[-98.03393182925757,19.406940392321395],[-98.03704715432515,19.410543192205786],[-98.045527078393,19.41094772248022]]]}},{"type":"Feature","properties":{"clues":"PLIMB004942"},"geometry":{"type":"Polygon","coordinates":[[[-98.01235359420666,18.998221840518752],[-98.03900944683573,18.999292214416926],[-98.0572654902744,19.00559720492124],[-98.04937184977895,19.017955975905235],[-98.0509261904701,19.034295841790712],[-98.05349504040294,19.03573086569172],[-98.05241577789702,19.04385399121688],[-98.04758481527935,19.042922378395755],[-98.04268621977438,19.04893022094853],[-98.04053319210664,19.048976658938752],[-98.03584183925528,19.054155895620873],[-98.0285637012774,19.063393740169754],[-98.01923263984797,19.083249490161606],[-98.01603171781102,19.07531676163386],[-98.01430763972373,19.0519819691956],[-98.01111792424607,19.048849227302927],[-98.01137611626444,19.043785553725517],[-98.0097844243623,19.0397435371531],[-98.00236833755825,19.036877016477185],[-97.99456895989957,19.042637131477093],[-97.99090105092974,19.040861259796877],[-97.99075173098137,19.02938001158639],[-97.9997833587444,19.02862281679016],[-98.01362734234463,19.01430497796408],[-98.01235359420666,18.998221840518752]]]}},{"type":"Feature","properties":{"clues":"PLIMS003082"},"geometry":{"type":"Polygon","coordinates":[[[-97.9719217747422,20.417578762319486],[-97.94782554912732,20.440600345392237],[-97.9422957584424,20.42970242469495],[-97.93793663878449,20.416236140716812],[-97.93774469233051,20.410917135404983],[-97.93945795897297,20.408608117276525],[-97.95908827289942,20.404223955718916],[-97.9713913122035,20.414416108236725],[-97.9719217747422,20.417578762319486]]]}},{"type":"Feature","properties":{"clues":"TLIMB000415"},"geometry":{"type":"Polygon","coordinates":[[[-97.92428267512737,19.263371668706974],[-97.93706020633313,19.291175266836138],[-97.93218009979688,19.2957333681516],[-97.93087236767946,19.300334039613002],[-97.92732355180162,19.302377420303635],[-97.92455403509774,19.310650772780853],[-97.92047170034714,19.309548806826356],[-97.91400618829583,19.31485912356065],[-97.91416116008146,19.316592628621194],[-97.90496777172771,19.322571789438356],[-97.90220706768213,19.32186584121856],[-97.90221106527049,19.30420510159259],[-97.89498542830196,19.302655285355243],[-97.88610107840782,19.297962414511822],[-97.88336981799253,19.28100344673936],[-97.9058416032438,19.27988421759035],[-97.9185730019022,19.2688825268168],[-97.92146654204551,19.26418034389238],[-97.92428267512737,19.263371668706974]]]}},{"type":"Feature","properties":{"clues":"PLIMB001302"},"geometry":{"type":"Polygon","coordinates":[[[-97.84918998409604,19.567363655172116],[-97.85867283718464,19.55705149355981],[-97.87232582427424,19.566191412978206],[-97.88114156842882,19.559150443377987],[-97.8963468747608,19.57183725965927],[-97.9076917136708,19.57203423516919],[-97.9053700597971,19.59610110715136],[-97.88909011010357,19.580996256576917],[-97.88178251941987,19.58496131615292],[-97.87753908923031,19.59696675031915],[-97.86400429205666,19.59464594373697],[-97.85829178775711,19.582995011484044],[-97.85922869359585,19.578504160381186],[-97.84918998409604,19.567363655172116]]]}},{"type":"Feature","properties":{"clues":"PLIMS003601"},"geometry":{"type":"Polygon","coordinates":[[[-97.86920808602449,19.855894900677544],[-97.8728216179198,19.838491271928213],[-97.87845146596254,19.830822440424384],[-97.89063647955895,19.830637006482732],[-97.8921924135048,19.852451461011153],[-97.90270174757616,19.860755939686353],[-97.9027689096105,19.863969106054267],[-97.88158303630678,19.879977653976383],[-97.86087124464069,19.88131155670907],[-97.85877699461896,19.875881373867987],[-97.86185327180348,19.860834521738987],[-97.86920808602449,19.855894900677544]]]}},{"type":"Feature","properties":{"clues":"PLIMS003386"},"geometry":{"type":"Polygon","coordinates":[[[-97.77016365317338,20.45761601604258],[-97.80212721096926,20.451835085276795],[-97.81205030898839,20.446088509299372],[-97.82508674621029,20.451855696474137],[-97.83773936227834,20.486484174676924],[-97.82135319787967,20.490148445659294],[-97.79990953803112,20.48601544893904],[-97.79096123708027,20.488880785559026],[-97.78616684867725,20.494401934767897],[-97.78384151822881,20.51426808355596],[-97.77821946946968,20.510983727829665],[-97.76371845559206,20.51487969453878],[-97.74638572744634,20.505787051727733],[-97.74247524328123,20.4986924338269],[-97.72860877778385,20.495093055189194],[-97.72295890602147,20.485457168785132],[-97.71451618677594,20.48056164046446],[-97.70027469947297,20.480242032618353],[-97.69661643334977,20.484681258168216],[-97.69030459606323,20.487938150932663],[-97.68345485986912,20.488923742906408],[-97.67939954468696,20.488062042354873],[-97.67380768968428,20.467028481473093],[-97.68441161433363,20.462455103440394],[-97.69603518999972,20.465765793412274],[-97.69726676807025,20.462817158966093],[-97.70085339047166,20.46354807155652],[-97.70232262121506,20.46167476069104],[-97.7092537794397,20.461454337102282],[-97.71640220977365,20.454420175618015],[-97.72107892994302,20.464592342807162],[-97.72467257282646,20.46839301589896],[-97.73710636698452,20.467592891179986],[-97.73923894323433,20.468593906825863],[-97.75369597887118,20.461740598295414],[-97.76140842435098,20.463302745514113],[-97.77016365317338,20.45761601604258]]]}},{"type":"Feature","properties":{"clues":"PLIMB002743"},"geometry":{"type":"Polygon","coordinates":[[[-97.75125145782317,19.70544638651058],[-97.78988388934374,19.70760201643919],[-97.79351945226968,19.717381485887138],[-97.79784746057734,19.722912055903212],[-97.80531855940919,19.72382787131543],[-97.81779499403338,19.71028630745092],[-97.83867078712326,19.71980096819901],[-97.83866566605086,19.74351468490572],[-97.82071194940977,19.744258796897],[-97.7977061620884,19.7655385731413],[-97.79772271295059,19.771454066481947],[-97.76663540230733,19.778984756579895],[-97.75203790175362,19.766039991981685],[-97.75167086204517,19.75498722261934],[-97.74435230376423,19.74690565720801],[-97.74370781631588,19.716378939108612],[-97.74899640784399,19.71115261869195],[-97.75125145782317,19.70544638651058]]]}},{"type":"Feature","properties":{"clues":"VZIMB004500"},"geometry":{"type":"Polygon","coordinates":[[[-97.76701898604861,20.685793793841103],[-97.76485476990946,20.708446879852534],[-97.7742474768231,20.7172697246917],[-97.77670970036013,20.723053093191353],[-97.75927466285003,20.740395893557178],[-97.75746095200876,20.745681948659847],[-97.75315017865124,20.745822811269775],[-97.73829015347494,20.741613854508923],[-97.72499720093809,20.735874330221517],[-97.71166760075688,20.740815678272362],[-97.70527306319342,20.7320517812763],[-97.70003912659845,20.71316315198029],[-97.69679835702948,20.709742551980977],[-97.68320924333342,20.714700024718606],[-97.66463934201474,20.69253679333099],[-97.66115737870606,20.671772759408206],[-97.68111306170239,20.655531990665867],[-97.6912728267239,20.656039765881587],[-97.71174878373056,20.686766436479914],[-97.72464915035101,20.685156292742416],[-97.73765725804518,20.67300310339771],[-97.73303814874728,20.64365718039795],[-97.73815269728618,20.642532445924594],[-97.763000132225,20.655617812962202],[-97.79089165447301,20.636474857593356],[-97.79528147133333,20.63713249321979],[-97.81046714492527,20.654885828567902],[-97.81182486565582,20.664718571509074],[-97.79960512245637,20.676438575941454],[-97.7725538621823,20.68165585329751],[-97.76701898604861,20.685793793841103]]]}},{"type":"Feature","properties":{"clues":"PLIMB003385"},"geometry":{"type":"Polygon","coordinates":[[[-97.5898746118111,19.80523723167717],[-97.58997590297541,19.815117268448056],[-97.58679368380147,19.82126951862575],[-97.58710978705562,19.831215622261848],[-97.57080255593985,19.834864041166],[-97.56744602779624,19.83206502972369],[-97.56417735455842,19.813278902811444],[-97.5791484706216,19.79758263757738],[-97.57790089291746,19.789026313505897],[-97.59644242625517,19.784764654080796],[-97.61257177965035,19.791598888666908],[-97.611267713977,19.79899695018119],[-97.5898746118111,19.80523723167717]]]}},{"type":"Feature","properties":{"clues":"PLIMB005106"},"geometry":{"type":"Polygon","coordinates":[[[-97.57627550676527,19.348702952295913],[-97.56553489301638,19.352097260408016],[-97.52365858471919,19.380177487411633],[-97.49589913854648,19.372067753293734],[-97.49530498493377,19.352364695299027],[-97.5173842622062,19.330747161563565],[-97.53820379193216,19.314936874875578],[-97.5453926714029,19.30445244137251],[-97.55698832399973,19.307283793963187],[-97.57858890343151,19.30783068349473],[-97.59243217740831,19.328992509725737],[-97.58664962478697,19.33940561814525],[-97.57627550676527,19.348702952295913]]]}},{"type":"Feature","properties":{"clues":"PLIMS000883"},"geometry":{"type":"Polygon","coordinates":[[[-97.4256238454984,19.82931875407116],[-97.43586757064955,19.81596958876426],[-97.4376885580373,19.818474426761743],[-97.45064564388687,19.824611433719813],[-97.44853681470686,19.829747345663527],[-97.45019359594447,19.836490593707857],[-97.44029151700254,19.841436511060614],[-97.43810020282471,19.839185771413547],[-97.4377920381383,19.831647503220086],[-97.4256238454984,19.82931875407116]]]}},{"type":"Feature","properties":{"clues":"VZIMS001824"},"geometry":{"type":"Polygon","coordinates":[[[-97.27995504513211,19.739606917797236],[-97.27489829687954,19.73875698703084],[-97.25633710644281,19.749224850616475],[-97.25431240146354,19.745955024440242],[-97.25356521903116,19.743230170527465],[-97.25693465560863,19.728972719885576],[-97.26392709116195,19.729816792528176],[-97.26979545224255,19.715605276525054],[-97.28299386813283,19.728705225672048],[-97.27995504513211,19.739606917797236]]]}},{"type":"Feature","properties":{"clues":"VZIMB006496"},"geometry":{"type":"Polygon","coordinates":[[[-97.25356521903116,19.743230170527465],[-97.25633710644281,19.749224850616475],[-97.27489829687954,19.73875698703084],[-97.27995504513211,19.739606917797236],[-97.28115467948656,19.741319288895127],[-97.27136014317124,19.760718371308645],[-97.27716291371087,19.77202133917582],[-97.26492301248005,19.77663572265023],[-97.2609195804805,19.78544142754224],[-97.26998721050991,19.79337702783262],[-97.25744248403528,19.810204149176137],[-97.25506182562853,19.80949641255088],[-97.2516155956585,19.799945269058504],[-97.25447330203858,19.786386221835006],[-97.25017519821137,19.781662260948735],[-97.24223242196702,19.78258466741053],[-97.24132297901012,19.77555349348311],[-97.23558003800301,19.77319192383439],[-97.23137672491656,19.78307288890069],[-97.21828008143792,19.77449446689036],[-97.21898182187296,19.767785010060383],[-97.21535118065759,19.760820117953187],[-97.23434388818876,19.754251808549867],[-97.23254775811846,19.746752899893735],[-97.24150658782135,19.743581204006585],[-97.2432812102397,19.736570551305277],[-97.24136430735415,19.732611543234917],[-97.24278244383665,19.72381759352878],[-97.25135406621165,19.720296956436208],[-97.24136111814299,19.709388841029565],[-97.2474335857405,19.70397843396571],[-97.2535158908783,19.704304275104278],[-97.2610217534193,19.709589474287093],[-97.25387517764314,19.72103975818479],[-97.25693465560863,19.728972719885576],[-97.25356521903116,19.743230170527465]]]}},{"type":"Feature","properties":{"clues":"VZIMB000172"},"geometry":{"type":"Polygon","coordinates":[[[-97.26389036762254,18.73069298127517],[-97.26769481796137,18.734344770810164],[-97.27023027357511,18.751724931576373],[-97.25454221720503,18.763865977259343],[-97.25178834814396,18.768032364792663],[-97.23530340166066,18.76125666237989],[-97.22876834983033,18.75077605509633],[-97.23000061869637,18.74134478714704],[-97.23824868408232,18.73282828113406],[-97.21723303446211,18.710026902725204],[-97.2218075240033,18.68811465100186],[-97.23933644302697,18.70092983065245],[-97.2461364163584,18.728890767819934],[-97.26389036762254,18.73069298127517]]]}},{"type":"Feature","properties":{"clues":"VZIMB005311"},"geometry":{"type":"Polygon","coordinates":[[[-97.2264977265612,19.97892630699325],[-97.23296538550547,19.971635678097833],[-97.23919155031281,19.968566421349788],[-97.24431736929161,19.97469151822647],[-97.23049825109783,19.984935412865127],[-97.2312570854706,19.986544046353362],[-97.24238950411244,19.988523452794016],[-97.2475310652215,19.99578130192955],[-97.2389590550168,20.012461884600263],[-97.24726734224262,20.034240773036863],[-97.2419107008469,20.035325077609663],[-97.22463666467708,20.03017084914314],[-97.21708419180557,20.033015027338138],[-97.20877846535073,20.03412248973048],[-97.20588635800489,20.038506459541733],[-97.19352125887808,20.04483363225079],[-97.17519242699412,20.047618760257766],[-97.16880125017127,20.044073295229545],[-97.16860792230639,20.03749125159039],[-97.19203740853322,20.02038589777406],[-97.18764624313542,20.010716078776287],[-97.1988065244554,19.99847024035894],[-97.20850307792679,19.998748634495517],[-97.2104945500199,19.989938730320453],[-97.2264977265612,19.97892630699325]]]}},{"type":"Feature","properties":{"clues":"VZIMB002692"},"geometry":{"type":"Polygon","coordinates":[[[-97.0668781974514,20.01478379161259],[-97.07905730261021,20.009778228603746],[-97.07846652815631,20.02655135243577],[-97.08694302393423,20.037740388820243],[-97.08415574708494,20.04332000327689],[-97.08100805648829,20.04535324153092],[-97.07794360906324,20.052640591387135],[-97.0709869267196,20.056782852810564],[-97.06849849123167,20.061715121713647],[-97.0632856723258,20.062581517687022],[-97.06069833548474,20.06555620421951],[-97.0563242408534,20.05960077398559],[-97.05492430634304,20.06072348652385],[-97.0556223944901,20.065924710165966],[-97.04587684143608,20.0715913389692],[-97.04150300549725,20.071016106103134],[-97.03885969846253,20.067489809583535],[-97.02735287334937,20.06596425679259],[-97.02342116212874,20.071569197879615],[-97.01679343232733,20.072293820402884],[-97.00870414128305,20.083487670999595],[-97.00813942745721,20.08620227241112],[-97.00363006034746,20.090324238820916],[-96.98597046746737,20.089717525713244],[-96.98684380410128,20.076948166414425],[-96.99738886198861,20.067924114389847],[-96.99887693770631,20.06142195882797],[-97.00475561170654,20.053318927913978],[-97.00309663302859,20.04502339885385],[-97.00867268325652,20.040390800789503],[-97.01621536595508,20.03697052155473],[-97.01324506331132,20.029323756714703],[-97.01653570374485,20.01702190635172],[-96.99313286538256,20.011789274393845],[-96.99678732052345,20.001484462556494],[-96.97357180829283,19.992047278159347],[-96.97360447528742,19.989282518091883],[-96.98105885948154,19.97790674769838],[-96.97929489882311,19.968070415015237],[-96.98012081011602,19.965542245027862],[-96.98731131968214,19.957658751807077],[-97.00596594781088,19.95984823563429],[-97.00826547695775,19.966617845554012],[-97.00730451392947,19.973842867591728],[-97.01288423367185,19.98134521907055],[-97.02297534027227,19.98157686446222],[-97.02659790191552,19.991713015430967],[-97.02923219676211,19.99342193418631],[-97.03680874175188,19.992095563078067],[-97.0435910048313,20.00038292549967],[-97.0495221024704,20.002432110371785],[-97.04955844713089,20.009785175958115],[-97.04634789098071,20.01789537851867],[-97.05561523300213,20.023760596187216],[-97.0668781974514,20.01478379161259]]]}},{"type":"Feature","properties":{"clues":"VZIMS003603"},"geometry":{"type":"Polygon","coordinates":[[[-96.98364952737252,18.811235145949844],[-96.97821509826966,18.799578438995688],[-96.99189070577025,18.795219762038744],[-96.99767580906777,18.798440795668174],[-97.00269043941412,18.795294232577994],[-97.0092066566493,18.793933593804717],[-97.01429534645432,18.794604411402805],[-97.01517234482678,18.805182947785518],[-97.00466284022441,18.812268452569338],[-97.01382788085823,18.816984507596157],[-97.02218783247335,18.81553233535298],[-97.02424700805484,18.818504319420413],[-97.03433503523755,18.824534167315317],[-97.0390244769536,18.82483452062699],[-97.04088893207225,18.839030137070417],[-97.02657926369479,18.84854322351493],[-97.0128076937741,18.846882994930052],[-97.01101615827217,18.840962768695544],[-97.00463130963671,18.835737176799462],[-96.9992991349428,18.828179599810603],[-96.9863316878804,18.82733761753755],[-96.987592963452,18.812874749706058],[-96.98364952737252,18.811235145949844]]]}},{"type":"Feature","properties":{"clues":"VZIMS005802"},"geometry":{"type":"Polygon","coordinates":[[[-96.94667076806905,19.865321986532553],[-96.92656736593815,19.85968714853434],[-96.91636095935908,19.853166232554685],[-96.9170624231253,19.83763130088936],[-96.90827729644997,19.832945058551804],[-96.90831401135848,19.827150396989783],[-96.91776708646394,19.820571004728528],[-96.92224316695356,19.81857611976051],[-96.9304515438632,19.825185143910268],[-96.935833961134,19.81891628432274],[-96.94372616894641,19.816537164461266],[-96.95368332789103,19.821822103600613],[-96.95955084827352,19.816169351697603],[-96.97030860260074,19.81128734194229],[-96.9741406984146,19.811442403464792],[-96.98266327682533,19.80589579799745],[-96.99759015964919,19.81625926053676],[-96.99544912082544,19.8353815115518],[-96.9975044202391,19.849096285665976],[-96.99593169216932,19.85279591380445],[-96.96983048379015,19.84975667174656],[-96.96676290537158,19.847876036126134],[-96.94667076806905,19.865321986532553]]]}},{"type":"Feature","properties":{"clues":"VZIMB006641"},"geometry":{"type":"MultiPolygon","coordinates":[[[[-96.99151099789896,18.8659401354671],[-96.99121441394884,18.869352015573607],[-96.98626856476284,18.873366009355035],[-96.9888336008368,18.87575846863933],[-96.99375397732496,18.875842893854184],[-96.99689308891877,18.87948226036955],[-96.98970097176777,18.886177362186206],[-96.98429569232621,18.883320884923442],[-96.98260970863866,18.8803714672835],[-96.9827638616155,18.875237575940933],[-96.97948054524524,18.869080235995735],[-96.98120779921938,18.867774519844335],[-96.98173023565646,18.864201350885992],[-96.97942291768025,18.859304984476868],[-96.97209588171529,18.856806040594027],[-96.9767433141467,18.845096532007798],[-96.98304826425473,18.844757256079113],[-96.9891017193019,18.85041777579859],[-96.98592380734908,18.8569188316773],[-96.99151099789896,18.8659401354671]]],[[[-96.95578074110034,18.8306526334239],[-96.96447526688651,18.82350147372145],[-96.97371771829526,18.826344270872312],[-96.9704186778615,18.83879524100014],[-96.9633628965921,18.84045851109671],[-96.95578074110034,18.8306526334239]]]]}},{"type":"Feature","properties":{"clues":"VZIMS006642"},"geometry":{"type":"Polygon","coordinates":[[[-96.9570266864824,18.684881148061034],[-96.95670260456096,18.69746752651716],[-96.96378646831664,18.704701696944063],[-96.96366414437907,18.70755568874503],[-96.97056837158824,18.715056851571063],[-96.9709519685215,18.720032957050957],[-96.96467557641871,18.72759527043757],[-96.95880885165222,18.727153700883587],[-96.94821859277764,18.738473213394485],[-96.93058938321585,18.731830398610402],[-96.92908586522569,18.729048640811605],[-96.9365408058696,18.71752671388541],[-96.92350641557042,18.713421045639326],[-96.92367258556789,18.703534704873658],[-96.93735666615787,18.69630687321431],[-96.93715279972334,18.691249890924087],[-96.95050595635476,18.68582154016423],[-96.9570266864824,18.684881148061034]]]}},{"type":"Feature","properties":{"clues":"VZIMB007522"},"geometry":{"type":"Polygon","coordinates":[[[-96.94599967079405,18.856522025494012],[-96.95919126769249,18.86119309517163],[-96.96213663294758,18.8682181691506],[-96.95762783797379,18.871190591258546],[-96.9592720455477,18.881884033756076],[-96.95826627438792,18.885220172406076],[-96.95914709318816,18.886484264686214],[-96.96601333905318,18.885579344995822],[-96.9693890105843,18.89193510535501],[-96.96659535067576,18.8971878641125],[-96.96986567912343,18.901314463235618],[-96.96739356288971,18.90410646362466],[-96.96252307196416,18.903348418518526],[-96.96309016606085,18.90844397872183],[-96.95495895724605,18.911545308905517],[-96.95404432346001,18.91450822153107],[-96.94691955999645,18.91025708786053],[-96.94441645511684,18.91205202491698],[-96.93755162271499,18.91113392454123],[-96.93312047078777,18.917596068125437],[-96.9309754267865,18.912394916164136],[-96.93155642337142,18.90996573938474],[-96.92707706166372,18.906179401546137],[-96.93621324535245,18.902217575596744],[-96.93709243008298,18.899803097735894],[-96.93476312249794,18.896176209992586],[-96.93942351061858,18.890759031044084],[-96.93817855865242,18.880740320905534],[-96.93532337806597,18.877048165278094],[-96.9441291557987,18.86081657006891],[-96.9436464253132,18.857471638250537],[-96.94599967079405,18.856522025494012]],[[-96.95138954845322,18.878216007190343],[-96.95476959858276,18.87777519210742],[-96.95162241115898,18.873844444877676],[-96.9490492905085,18.876274723730454],[-96.95138954845322,18.878216007190343]]]}},{"type":"Feature","properties":{"clues":"VZIMB005772"},"geometry":{"type":"Polygon","coordinates":[[[-96.93058938321585,18.731830398610402],[-96.94821859277764,18.738473213394485],[-96.9515836858058,18.744548688770863],[-96.95340555699259,18.75612726244266],[-96.95063947830458,18.76088624741076],[-96.93071907103875,18.77049224082322],[-96.92300816412516,18.764608266534395],[-96.9157767904103,18.76182335655742],[-96.91830046868374,18.755685915832764],[-96.91116911428128,18.745704340236713],[-96.90054627540626,18.74440881941777],[-96.89203247388038,18.73163246150242],[-96.89270583002724,18.7247609955147],[-96.89993616862441,18.717909549112917],[-96.91408981877706,18.71839475342915],[-96.91741946504004,18.720159083571232],[-96.92030198121498,18.726386453608026],[-96.92908586522569,18.729048640811605],[-96.93058938321585,18.731830398610402]]]}},{"type":"Feature","properties":{"clues":"VZIMS004291"},"geometry":{"type":"Polygon","coordinates":[[[-96.8902105318804,20.080563948130795],[-96.89556398774678,20.083053939183017],[-96.89800670175187,20.09408576638574],[-96.90827877639933,20.092250536524727],[-96.92196245432648,20.100265595449255],[-96.92938500354883,20.10023078714771],[-96.93917784721503,20.102955078779246],[-96.94202335686354,20.10869551064702],[-96.93981255491747,20.11287628062285],[-96.92674879882084,20.12395209138853],[-96.93255310354901,20.13978664552595],[-96.93155998135244,20.14060118534575],[-96.92683892156538,20.14338325360664],[-96.91440912828047,20.137043445900847],[-96.91135251263857,20.13966470459973],[-96.89463193532313,20.146770402257992],[-96.88322492169735,20.146691181539854],[-96.87805226220519,20.153379323379447],[-96.86330253318116,20.13602987538808],[-96.84813701295899,20.126046254023866],[-96.8474798141652,20.12329195917843],[-96.82446727565745,20.101608894590857],[-96.83527108485643,20.09256970794023],[-96.83898747764488,20.07861485348792],[-96.85128304491634,20.06949730529541],[-96.85132253446676,20.066357530659825],[-96.87046790249701,20.055879621753768],[-96.87262089999417,20.05732243790657],[-96.87297001125648,20.067259220707584],[-96.88387741959282,20.068541749739037],[-96.88127649375683,20.081866383716],[-96.8902105318804,20.080563948130795]],[[-96.86127060938423,20.083341283342047],[-96.87388457848789,20.080446386064533],[-96.87037157139422,20.070010481213888],[-96.85180774755466,20.069796114120578],[-96.86127060938423,20.083341283342047]]]}},{"type":"Feature","properties":{"clues":"VZIMB000966"},"geometry":{"type":"Polygon","coordinates":[[[-96.86233800239243,19.157507765833923],[-96.87155267687261,19.153748556841208],[-96.87661100191228,19.15575105040358],[-96.88011443196224,19.15508413926314],[-96.88956010667732,19.157431230296744],[-96.8944268762767,19.16157194517665],[-96.89774576512406,19.16092848283042],[-96.91244363571259,19.175121346865545],[-96.91428499045436,19.17447082267023],[-96.92227707912978,19.178976290712317],[-96.92555225078684,19.183839894752765],[-96.92074264956739,19.197282808196036],[-96.90929566836515,19.195377356325743],[-96.90715543115775,19.193960207001364],[-96.90607870408493,19.188641846044625],[-96.88970609717636,19.18516872977298],[-96.88616558698212,19.17732572597103],[-96.86944658394262,19.18485878790531],[-96.86645129694529,19.183469864358713],[-96.86121609705452,19.17431659097328],[-96.86398823003933,19.165770339025304],[-96.86233800239243,19.157507765833923]]]}},{"type":"Feature","properties":{"clues":"VZIMB002832"},"geometry":{"type":"Polygon","coordinates":[[[-96.88328732859503,19.710202727289992],[-96.89801792454647,19.720019082523976],[-96.89178359511114,19.729669611994805],[-96.88349976331767,19.728447633301744],[-96.88264320451779,19.740341550587004],[-96.89632046513242,19.75160669624713],[-96.89666690844233,19.75356576880339],[-96.88404997405524,19.75767373840618],[-96.87034644702312,19.74857118157235],[-96.86297707898636,19.747960704927678],[-96.86504272824595,19.735068043354893],[-96.86335363383452,19.7226669164972],[-96.8569101752434,19.719042235286874],[-96.85273169030044,19.707048004575405],[-96.86369412363668,19.695075024426092],[-96.86638247857039,19.689600224790603],[-96.86797962853933,19.689581867984852],[-96.87876110379965,19.679337825543673],[-96.88615411353003,19.675999367393473],[-96.89515120896517,19.689860522316987],[-96.89180836973853,19.700342919532797],[-96.88448844764189,19.705606728057784],[-96.88328732859503,19.710202727289992]]]}},{"type":"Feature","properties":{"clues":"VZIMS004974"},"geometry":{"type":"Polygon","coordinates":[[[-96.6861130912081,19.198530003038478],[-96.70371444055942,19.201960474455642],[-96.71794006320891,19.199061958757795],[-96.73171404039066,19.222251564296737],[-96.73354218660488,19.251527249383738],[-96.70679449260533,19.253680761543524],[-96.70378893411105,19.25121524460092],[-96.67958057748766,19.250811538007337],[-96.65305928478661,19.276777402072977],[-96.65067410214363,19.276622550173904],[-96.64887638026384,19.274499188599354],[-96.61155100762238,19.268060204741133],[-96.59208240437185,19.277483084661405],[-96.581238614011,19.286932079305522],[-96.56419411468976,19.288646328403274],[-96.56013588264338,19.287709232434402],[-96.54726875944213,19.298850237258794],[-96.53788241398861,19.29652758575534],[-96.53060566219115,19.26743832858285],[-96.52050116121458,19.262434550511557],[-96.51720194508545,19.25664742603419],[-96.51994823570145,19.238501784391083],[-96.52974793098585,19.233714650920202],[-96.55831374088316,19.236069309812315],[-96.56116076033838,19.234674333273396],[-96.56748201858827,19.228082993120225],[-96.56473296882838,19.196626380904668],[-96.62301184878498,19.198521463186445],[-96.62516533207709,19.204870385285407],[-96.64170962015514,19.220843508783553],[-96.67661789419891,19.205568933986346],[-96.6861130912081,19.198530003038478]]]}},{"type":"Feature","properties":{"clues":"SPIMS002843"},"geometry":{"type":"Polygon","coordinates":[[[-99.05378590413693,21.568249122389528],[-99.06669724001526,21.589402647225413],[-99.07481213914683,21.582339443663255],[-99.08546748731959,21.586786154645573],[-99.08621562118388,21.592220124049764],[-99.07936897032312,21.60334757954471],[-99.08860201015644,21.612876524451227],[-99.09206581247462,21.613905270527894],[-99.0989722587015,21.61925076590275],[-99.1036471139192,21.626610629876307],[-99.10426934722733,21.62839327671014],[-99.08907260507763,21.645228672477124],[-99.09153971220911,21.6681349052816],[-99.0882257598139,21.668434459981512],[-99.06406928169673,21.659486185522155],[-99.05957311968389,21.651961908510938],[-99.05511209431788,21.650225005567368],[-99.04919323411428,21.642882696498003],[-99.04213770333506,21.63798364911605],[-99.0382997563834,21.626091432574185],[-99.0390838762745,21.616608899234677],[-99.03332201401867,21.611194039617065],[-99.03108080155289,21.606183474977534],[-99.04348906420378,21.57547447751081],[-99.05378590413693,21.568249122389528]]]}},{"type":"Feature","properties":{"clues":"YNSSA000116"},"geometry":{"type":"Polygon","coordinates":[[[-88.96375528569226,20.199152497235556],[-88.95940982266166,20.190988138552843],[-88.95407378470182,20.172174880420602],[-88.96583975387534,20.154508363327793],[-88.98388990774032,20.153558855272447],[-89.01399159991405,20.12604152644789],[-89.0455918550656,20.149223184311502],[-89.06952123954721,20.171910956013033],[-89.05190308118277,20.202145903380064],[-89.04917331315636,20.217330546677296],[-89.02759153031836,20.239391530979383],[-88.99304224150397,20.215560108847097],[-88.9928383932509,20.201278094536335],[-88.98053403698502,20.19398574899771],[-88.96375528569226,20.199152497235556]]]}},{"type":"Feature","properties":{"clues":"YNSSA001171"},"geometry":{"type":"Polygon","coordinates":[[[-88.68102708469472,20.667559747472108],[-88.67930703507086,20.678908469661156],[-88.66028269787404,20.69787274590695],[-88.64804022474577,20.761390765285014],[-88.58014992544207,20.738569651936352],[-88.55826189354782,20.707580101624714],[-88.52991410972875,20.698047361947392],[-88.53680682620578,20.677045611875183],[-88.55345605507675,20.657828622081926],[-88.58655570067077,20.644120330165435],[-88.58675846647371,20.642143115585608],[-88.60757228196017,20.623107007543094],[-88.6211501917403,20.604547142920048],[-88.6490707970277,20.61527130207952],[-88.67034219642741,20.653607353731985],[-88.68102708469472,20.667559747472108]]]}},{"type":"Feature","properties":{"clues":"QRIMB001133"},"geometry":{"type":"Polygon","coordinates":[[[-88.5595684386243,20.06450222094151],[-88.55236659905773,20.079662766850948],[-88.54101901814336,20.118004186179146],[-88.53502418586504,20.12358342835388],[-88.40650049716211,20.059740721161276],[-88.40919748034283,20.054024601415353],[-88.50804465037214,19.972796392874866],[-88.57131451205265,19.973804959779667],[-88.57612205899207,19.979753945645317],[-88.64407522096197,20.00763310656332],[-88.65383935778418,20.041010307294002],[-88.64884264325033,20.05536404872313],[-88.58841862172359,20.03561808941875],[-88.5595684386243,20.06450222094151]]]}},{"type":"Feature","properties":{"clues":"QRIMB001483"},"geometry":{"type":"MultiPolygon","coordinates":[[[[-87.5190335195914,19.62572854959662],[-87.52001919967913,19.622825489398522],[-87.51905787974678,19.628573079465124],[-87.51657386011172,19.629772739016573],[-87.5150318597187,19.628930429802907],[-87.5190335195914,19.62572854959662]]],[[[-87.60651644220594,19.739042258116793],[-87.61609615176023,19.723883901745253],[-87.62873471956831,19.71036464956682],[-87.63465108966288,19.698410419630278],[-87.64280948017597,19.688030730202197],[-87.65285886490804,19.649998383667022],[-87.65825772036388,19.635293292496332],[-87.65899350600125,19.64667576714165],[-87.65703336973885,19.646931139541067],[-87.65941017913939,19.653121627443095],[-87.65599999974512,19.65599999910256],[-87.6566000003023,19.660399999201154],[-87.65079999984471,19.675599999506524],[-87.65335402286641,19.679579339090605],[-87.6511872333649,19.68090213264195],[-87.65176805195829,19.684074002115867],[-87.64997669436268,19.684722126985356],[-87.64910000037575,19.688099999412817],[-87.65120580564503,19.68814421881266],[-87.65602098001969,19.681581249553446],[-87.6612655130764,19.68182331775045],[-87.66995591382921,19.786762096320512],[-87.63431102604342,19.85158858231164],[-87.59327569566437,19.89906209273119],[-87.57662204470951,19.9653341760069],[-87.56931440163905,19.982145222140804],[-87.56771867261754,19.99366733265591],[-87.73650164584855,20.18092043686697],[-87.75092192634176,20.1929384750436],[-87.74824096406971,20.20994203581217],[-87.70170445201147,20.21936052413128],[-87.67527307235363,20.226425833274227],[-87.61458734166517,20.24395138442706],[-87.60160346780503,20.2495241765994],[-87.59176852096536,20.289110989858813],[-87.59006511144693,20.302754177367284],[-87.59039541099129,20.3224908579081],[-87.59260537700028,20.329949431468624],[-87.58672448349847,20.353737561866744],[-87.50466729068617,20.438905467652233],[-87.51455244886898,20.46107613518411],[-87.52716209253177,20.505655573270225],[-87.50044661602111,20.53483204874971],[-87.37721268561393,20.51217019998842],[-87.3561613138527,20.490409762121296],[-87.34925382196143,20.457862086256707],[-87.34070297161371,20.45131883104788],[-87.31674352687423,20.450173473087162],[-87.31156918117334,20.4515150616955],[-87.30493303544513,20.44975678548129],[-87.28972962741197,20.434912821127053],[-87.29914115342704,20.42828293505521],[-87.3000394469882,20.418686183746143],[-87.29781965707079,20.41636969283592],[-87.3018766002495,20.414136709498226],[-87.30127963108663,20.410909781143516],[-87.30355542020449,20.410943149669148],[-87.30339877481359,20.407012398741017],[-87.30858927908001,20.405567218891665],[-87.30925328935794,20.402842219262705],[-87.30746797913922,20.40065850949782],[-87.31039518395536,20.395236069576224],[-87.31149068781222,20.394334729420052],[-87.31269625909397,20.396040449913112],[-87.31465985036817,20.39545462976796],[-87.32292451604145,20.38651546690505],[-87.32410443932966,20.3817495715912],[-87.3222698735438,20.37703823859111],[-87.32336167011871,20.374663437830662],[-87.3250272932517,20.374853793966505],[-87.32820397131968,20.37206534081945],[-87.33173538020645,20.366518919472792],[-87.33109287504436,20.36152230545721],[-87.33252310861603,20.35771392865307],[-87.33366763009909,20.35626483669065],[-87.33791651452478,20.356555388729234],[-87.33552206258815,20.35302986013317],[-87.33638580707151,20.351629309065096],[-87.33757759152398,20.352514081011304],[-87.33950385261429,20.351393742220058],[-87.3386567650863,20.346691927340487],[-87.34140250432127,20.34164311045896],[-87.347027886066,20.339237437647025],[-87.34875384946957,20.333457883035933],[-87.35385774504657,20.3296545050589],[-87.35412160374929,20.325632114336745],[-87.35092967599326,20.321432246002402],[-87.3533507772688,20.31956198998382],[-87.35421452165129,20.314864933984737],[-87.35643313958725,20.31511504750043],[-87.3551674007122,20.312323696373916],[-87.36145520562481,20.298203425603738],[-87.36382836159558,20.295937796897892],[-87.36375816799884,20.293607115758007],[-87.36783793242871,20.295981520820206],[-87.37002465661651,20.295718590437456],[-87.37260637196698,20.291115126227105],[-87.37453333858197,20.290609887757782],[-87.37338949556805,20.286818771699036],[-87.36757361368412,20.285954075171457],[-87.37019815904296,20.28403456399314],[-87.37533486370778,20.286002814430056],[-87.37894589041687,20.283557219315576],[-87.38122881047718,20.277757157564157],[-87.37817451259862,20.274018579155396],[-87.38199541444374,20.26721127359868],[-87.38595626365813,20.269398473755913],[-87.39090042152529,20.266018996566775],[-87.40049516761952,20.253032184114886],[-87.40975026034808,20.24411474756283],[-87.41639371516136,20.23267096721405],[-87.42435954813556,20.22418912503258],[-87.43010933312114,20.21072909331875],[-87.43101721615493,20.203819614529824],[-87.439625368946,20.19261116983108],[-87.44938931915351,20.170352220277582],[-87.44892636209346,20.168634440190782],[-87.45411944125105,20.1595532278115],[-87.47317859735472,20.10085167303877],[-87.47803198355484,20.076008910254895],[-87.47659164396303,20.05806656710706],[-87.47888663383026,20.04137555941121],[-87.47589246324213,20.02068547906311],[-87.47824854978917,20.007226149021502],[-87.47604564493959,19.998632198274112],[-87.47273054999208,19.993221179709735],[-87.46930014007509,19.99225879977324],[-87.46432632327256,19.9945074019701],[-87.46381580986198,19.98597405998187],[-87.46680603132789,19.983507987843208],[-87.46795269289892,19.98036233962477],[-87.46668920029393,19.97026295538947],[-87.46466903740489,19.96614839117177],[-87.46504129201713,19.958631119560362],[-87.46312106669669,19.953866843630188],[-87.45763355419352,19.947286206835933],[-87.45247147999457,19.93323964923163],[-87.44809181975084,19.92916896971685],[-87.44016331285113,19.930753354489806],[-87.43748879946043,19.929915783522972],[-87.4359802213484,19.927031877263104],[-87.43213881903809,19.90824111473103],[-87.42992407359476,19.88573569928772],[-87.43190786018482,19.88390314965795],[-87.43620839730548,19.872414477792205],[-87.4354184163649,19.865201855063447],[-87.44410570931613,19.85315492199254],[-87.4464811323638,19.84342696485039],[-87.45080956196418,19.835671158029687],[-87.4554714021826,19.833057559643855],[-87.46029028712749,19.832629731731487],[-87.46615518216106,19.829080527718567],[-87.46938349704534,19.826131824439383],[-87.47248081911502,19.81884918079465],[-87.47386708017378,19.818753489474126],[-87.47691619290664,19.80821233546694],[-87.47675379466983,19.803296011927518],[-87.46827486312856,19.78347787968738],[-87.46978117989772,19.78009785506325],[-87.47698987958577,19.77721564980857],[-87.4810913997015,19.781192118920522],[-87.47565614011924,19.781536979615527],[-87.47561360007928,19.78401450903357],[-87.48647039981205,19.786958199802754],[-87.48517293953537,19.793751319412248],[-87.48726490962613,19.800989109285833],[-87.48106228964477,19.803483319521693],[-87.48090132038737,19.80806833987043],[-87.48328025954113,19.8112237095947],[-87.48256023030625,19.81231104980117],[-87.48019286006732,19.811359460925637],[-87.48016972025343,19.813615249873926],[-87.47732888000978,19.814472289351],[-87.47656284966018,19.816881079811406],[-87.47793537040187,19.817113349154774],[-87.47397114979981,19.822349619180162],[-87.47499073982773,19.824838599549246],[-87.47264233985936,19.82556147976162],[-87.4750417798077,19.82567454952643],[-87.47413242003759,19.82690813985469],[-87.47687030986063,19.828055849107194],[-87.47530378741921,19.8288600756622],[-87.4759153100828,19.831679479479114],[-87.47048004993434,19.836886999778862],[-87.46945622001124,19.83534833902064],[-87.47262623003,19.832621889837135],[-87.4724919499773,19.830676949077798],[-87.47207516984977,19.83255387948881],[-87.46685614988102,19.836146619206794],[-87.46783328009785,19.837481429060816],[-87.46673890997891,19.83841747932097],[-87.46493678003107,19.83676674983842],[-87.45202007987355,19.8369752290972],[-87.4488926197615,19.846442579455946],[-87.44880833989288,19.851373969759432],[-87.43851071026882,19.866422429174555],[-87.44195441986926,19.875411849485612],[-87.43351319121571,19.885947855828718],[-87.43749181965994,19.886624999554044],[-87.43800311964058,19.885462889493223],[-87.43853463042551,19.887394539370852],[-87.43291333965922,19.886451719314277],[-87.43116074959218,19.888260799154917],[-87.43293418643124,19.908619755620453],[-87.435220339787,19.911842139197866],[-87.43531368046528,19.915231938988565],[-87.43643756265736,19.915000612936737],[-87.4361575201963,19.91207593923314],[-87.43826676087137,19.913166231058828],[-87.43649476990718,19.91015774910095],[-87.43974980006341,19.91095242960058],[-87.45021265035471,19.92156205944739],[-87.45493050961724,19.922093799563132],[-87.45890680007703,19.924810429438352],[-87.4608430303617,19.92725437942003],[-87.45590822033536,19.929889739373017],[-87.457716450015,19.932542459836185],[-87.45665349042476,19.93348308908047],[-87.45773478014665,19.93828968959993],[-87.45970085014514,19.938284619126264],[-87.4618614801156,19.942013219045958],[-87.46727259987796,19.94505590920521],[-87.47088057202853,19.944197575065292],[-87.47340398996234,19.939448171219652],[-87.46916854899747,19.931991535038975],[-87.46493370437105,19.928585337103158],[-87.46567133694263,19.923241067419177],[-87.46278208929913,19.91663385247435],[-87.46041114996923,19.915364399029425],[-87.4594801703856,19.91773107904726],[-87.457284925615,19.917080048427522],[-87.46401219650768,19.905470243602526],[-87.46355401289891,19.89384599906237],[-87.45956365735177,19.89127047178159],[-87.45916669928233,19.88769400152555],[-87.45289822038563,19.88833925968483],[-87.4499957701115,19.890710909108268],[-87.4474506200287,19.89020581949655],[-87.4504841645542,19.885649398605132],[-87.45383206690337,19.885271064389784],[-87.45646137112331,19.881294985330392],[-87.45517832033535,19.87474370969595],[-87.45977730935775,19.86669596848658],[-87.45937394016569,19.85839104973178],[-87.4617613203898,19.861021979399066],[-87.464125179353,19.861291380813768],[-87.47433306630293,19.85526896437535],[-87.47769762411521,19.849217994499398],[-87.47991290232329,19.839609731623828],[-87.48420806795362,19.83749830009062],[-87.48752206164504,19.833058226131843],[-87.48834059621231,19.828958415329296],[-87.48625072030107,19.826891089235595],[-87.4872329203067,19.82476805963104],[-87.48951193842818,19.825313194457777],[-87.49084572909165,19.824109537412433],[-87.49381258023523,19.810889509235952],[-87.4977229396172,19.80690362934855],[-87.50267767997073,19.80664316907006],[-87.51490169935529,19.799009793122753],[-87.52160125993612,19.80087134980642],[-87.52574253979343,19.79666773954868],[-87.53325149036947,19.795553659127343],[-87.53773150976217,19.797029139650416],[-87.54019999966144,19.79969999976536],[-87.54415942994589,19.799391279047303],[-87.54324279997313,19.79666108974296],[-87.54629337003763,19.7959555096243],[-87.5523076198437,19.800308109571223],[-87.55294045957042,19.802647689230355],[-87.55159841990645,19.80495841915353],[-87.55407075950237,19.808486096358244],[-87.56153181098458,19.805055675110538],[-87.56840446005968,19.795981399343223],[-87.57456719358935,19.793291192216675],[-87.5796139375082,19.788934558591478],[-87.58704404295905,19.77423722254611],[-87.58523753985779,19.771925289638567],[-87.58777273975731,19.771891369724504],[-87.59481188637037,19.763691864092433],[-87.60259033079029,19.750010383681506],[-87.60651644220594,19.739042258116793]]],[[[-87.50174560038867,19.711464829771554],[-87.48530117029951,19.707540629621644],[-87.47974247956624,19.70463161945583],[-87.48645137992297,19.704153089398265],[-87.50595456988948,19.71055819962983],[-87.50174560038867,19.711464829771554]]],[[[-87.46446608995058,19.69451801933855],[-87.46816737014153,19.694771248969882],[-87.4669470503774,19.697682749015925],[-87.46810779996449,19.698983939737435],[-87.46544775005374,19.69831674980755],[-87.46446608995058,19.69451801933855]]],[[[-87.47203421969581,19.704278569257387],[-87.46856670973841,19.700914708955345],[-87.47027938037131,19.701268509766514],[-87.46831414973288,19.699173738973894],[-87.47130134973256,19.699373319110514],[-87.47811312037643,19.704551889599433],[-87.47203421969581,19.704278569257387]]],[[[-87.47839542954063,19.703986399478627],[-87.47959281982246,19.70488890921324],[-87.47908034039888,19.705254649350266],[-87.47839542954063,19.703986399478627]]],[[[-87.44915195603238,19.61822111605899],[-87.44514788045049,19.622767549280166],[-87.44659128970656,19.625995029291786],[-87.44966760114339,19.62799095161355],[-87.45048673120094,19.629477162505232],[-87.44903300025713,19.630372449712652],[-87.45131211043517,19.631531799576894],[-87.45088656981284,19.633338709351833],[-87.45334849010167,19.637584279838098],[-87.45453502675339,19.633864472421696],[-87.4567023999465,19.638114629549943],[-87.4572545202444,19.643020999276178],[-87.45563880000518,19.642675579806],[-87.45445439964874,19.648017169284355],[-87.45302442606989,19.647557556675803],[-87.45254258473281,19.64162437009288],[-87.45000489017993,19.639215760562656],[-87.4481775431733,19.631994849991695],[-87.43523855195323,19.622111285792034],[-87.42771482005776,19.618271540813435],[-87.44915195603238,19.61822111605899]]],[[[-87.46226835012851,19.69248017919006],[-87.46427138037957,19.694702539281902],[-87.45996620017392,19.695500149489213],[-87.4572273399048,19.691534349368812],[-87.46226835012851,19.69248017919006]]]]}},{"type":"Feature","properties":{"clues":"QRIMB001326"},"geometry":{"type":"MultiPolygon","coordinates":[[[[-87.5304653022656,20.85006040666765],[-87.54086736642496,20.847560173146423],[-87.56606290026086,20.836149071206265],[-87.56727247468493,20.850235606890045],[-87.5805385738088,20.88589128361705],[-87.58030442369497,20.889175787033405],[-87.56831091855804,20.89543810074746],[-87.56705411804286,20.909503185168624],[-87.54734643144207,20.905284176002336],[-87.51706510349153,20.912100335092266],[-87.53457308077252,20.891074665386043],[-87.53478496006564,20.881090499671437],[-87.5304653022656,20.85006040666765]]],[[[-87.80661572100004,20.846382396357686],[-87.7964349737374,20.900667120846244],[-87.76581054606629,20.914731540368642],[-87.71318343431292,20.88486815417041],[-87.71458953079937,20.87900961644788],[-87.80661572100004,20.846382396357686]]]]}},{"type":"Feature","properties":{"clues":"QRIMB001104"},"geometry":{"type":"Polygon","coordinates":[[[-86.96427261991131,20.74724816892287],[-86.96525177025136,20.737430489740532],[-86.96231758010872,20.73150814923428],[-86.96368426360057,20.729152370243664],[-86.98439462636051,20.755674467159185],[-86.96392139492967,20.748810322123433],[-86.97158689221487,20.773749772073835],[-86.98546253876131,20.78425007935643],[-86.9775141050817,20.815827912598586],[-86.98785392545199,20.823230866839285],[-87.00662176392734,20.82934970287809],[-87.01860022620667,20.829528848709035],[-87.02477636544423,20.832014141684958],[-87.04187819002375,20.832357116845447],[-87.08638004694888,20.82416605798482],[-87.08755706801874,20.8342565042812],[-87.08013894333011,20.86539570026059],[-87.06225667196496,20.876051533946764],[-87.04818811989792,20.907669155828454],[-87.0397932373812,20.92286625329917],[-87.02846247453886,20.951820869507692],[-87.00988729558973,20.965371645411697],[-87.00587354216299,20.966835973075348],[-86.98872807515217,20.967454080010153],[-86.97761308858578,20.96006925629054],[-86.95419131417353,20.953615596306253],[-86.92512880524409,20.96293942813885],[-86.90028788297019,20.977318645866198],[-86.86365929672735,20.964430179568925],[-86.83015172029576,20.97021447357256],[-86.82991482974423,20.966895139438712],[-86.8342097705055,20.957157248998882],[-86.836841000391,20.945563569146962],[-86.8380643998199,20.928655029371406],[-86.84421108978985,20.92017808972231],[-86.84691345957573,20.90397747908756],[-86.85972105028806,20.89250270933921],[-86.86079703849846,20.889692239879775],[-86.87311359216173,20.88648881909389],[-86.8820961018362,20.86339389004021],[-86.88230609715453,20.860176082744218],[-86.87924580491297,20.85473671983822],[-86.89638583133768,20.841456698075042],[-86.90252687346731,20.828198612201213],[-86.89765556742658,20.822542319129113],[-86.90231781987015,20.815373319378928],[-86.90473525037665,20.81238591947026],[-86.91012998030098,20.81246688958317],[-86.92071137046773,20.807504519072893],[-86.93492034030483,20.787425659339785],[-86.94045323046115,20.782329219094507],[-86.94762722951272,20.76659762959945],[-86.95364394022687,20.760500719152116],[-86.95714235024698,20.758967949762877],[-86.96141074961378,20.74947682904908],[-86.96427261991131,20.74724816892287]]]}},{"type":"Feature","properties":{"clues":"QRIMB001022"},"geometry":{"type":"Polygon","coordinates":[[[-86.92404549573658,21.13786520538519],[-86.93351722750738,21.143601632818196],[-86.94475725506874,21.139612752857055],[-86.97289081929348,21.164792998549903],[-86.99156476413468,21.176738892553058],[-86.98596920167715,21.22084280045906],[-86.96535560046974,21.21742353964773],[-86.93578981545328,21.189188226728138],[-86.91524038615904,21.18363122813641],[-86.90556046058185,21.18502390326665],[-86.91105545297822,21.1810205992347],[-86.90871477235157,21.173777195656914],[-86.90695091469085,21.171473102167806],[-86.90507271102837,21.17256973095543],[-86.90207521509664,21.170031909299105],[-86.8991746929284,21.169763326462576],[-86.89903676191997,21.16116374801063],[-86.89745972333546,21.158884397117347],[-86.89114190765595,21.160947387013145],[-86.88974762079513,21.155222609084607],[-86.8865881425959,21.154562722101453],[-86.88465870481936,21.1469754032069],[-86.88924517652988,21.145145638799477],[-86.89048466953228,21.14163613676504],[-86.89589417120791,21.140829612104934],[-86.90057884580838,21.137940907134382],[-86.90448928591404,21.12438869210086],[-86.90378823800987,21.12217019003247],[-86.90602373819371,21.11884568150208],[-86.91390133310104,21.119071405423565],[-86.9199714181407,21.123011713420436],[-86.91511450403924,21.130750197534354],[-86.9192229824157,21.138908102757828],[-86.92404549573658,21.13786520538519]]]}},{"type":"Feature","properties":{"clues":"QRIMB000940"},"geometry":{"type":"Polygon","coordinates":[[[-86.88988992441239,21.155665814593245],[-86.89114190765595,21.160947387013145],[-86.89745972333546,21.158884397117347],[-86.89903676191997,21.16116374801063],[-86.8991746929284,21.169763326462576],[-86.89584926888521,21.17220995456728],[-86.89140683119969,21.17199423536394],[-86.89100621622842,21.176958930871606],[-86.8859687422923,21.180152274044797],[-86.88184178367241,21.177918872763943],[-86.88116074068604,21.16801865703418],[-86.87607332834513,21.164170138992354],[-86.87698008907098,21.15950794628185],[-86.87305773537697,21.152471510615786],[-86.87498503964797,21.148875221307826],[-86.87948190793851,21.150362634128435],[-86.88376064568037,21.14680313320617],[-86.88535438866165,21.147996515625454],[-86.8865881425959,21.154562722101453],[-86.88988992441239,21.155665814593245]]]}},{"type":"Feature","properties":{"clues":"SPIMS002184"},"geometry":{"type":"Polygon","coordinates":[[[-102.23598080316489,22.97393301652183],[-102.23786465301846,22.990508680658518],[-102.23675104120618,22.99451833378861],[-102.22226538385306,23.018633500758686],[-102.226871834808,23.049206874507494],[-102.20439735598113,23.0658558563454],[-102.1920969655607,23.06948018834775],[-102.17651730378626,23.04762819520959],[-102.17546778134094,23.03634461526042],[-102.15348278015782,23.026067668630496],[-102.13228678972108,23.00456560888428],[-102.11337642693312,22.988780362967155],[-102.10709379871848,22.996906813467636],[-102.08730419121706,23.060194016405557],[-102.06227994734827,23.035533356700466],[-102.04748224818147,23.007123475349395],[-102.04379851211667,23.00685599585625],[-101.9940560111776,22.98328958714901],[-102.0032656712409,22.95447765106342],[-102.05847207529033,22.975024311692493],[-102.11411811527937,22.955911050281728],[-102.11131522414586,22.935066776269856],[-102.1397977699348,22.89921349909507],[-102.20617377352625,22.91144480323113],[-102.21980812590985,22.918414764175978],[-102.22572328511876,22.96080518535977],[-102.23598080316489,22.97393301652183]]]}},{"type":"Feature","properties":{"clues":"SPIMS000446"},"geometry":{"type":"Polygon","coordinates":[[[-101.25903391916957,22.38155865831034],[-101.27822701183113,22.39254375588624],[-101.28486217979841,22.403853248062713],[-101.29443062925357,22.408738448630587],[-101.31687723200584,22.446472632089314],[-101.32062479740719,22.466880164707216],[-101.30900154179635,22.498158499107284],[-101.30220894812936,22.502503594277282],[-101.29366888856637,22.515183506200753],[-101.27610337722233,22.522479240738605],[-101.26922053308093,22.527077941253708],[-101.26589413507128,22.535843115655105],[-101.24912711980657,22.54053481760191],[-101.23002242363523,22.53971744960517],[-101.22008109578059,22.526972833738192],[-101.21292315700094,22.50790403130817],[-101.20072820910842,22.506544613315608],[-101.18909822550908,22.4866373904444],[-101.19203098989496,22.480633037525095],[-101.1933722760994,22.471924478161483],[-101.19068438361627,22.46202829964852],[-101.177688856266,22.453940834055803],[-101.1619996907257,22.456234672054993],[-101.16263566130826,22.432053200957686],[-101.18040885325327,22.43390139009745],[-101.1963456616579,22.417279847423476],[-101.20346476491996,22.413851956298227],[-101.20825406323978,22.40868576222983],[-101.2271920785945,22.412543639750293],[-101.25903391916957,22.38155865831034]]]}},{"type":"Feature","properties":{"clues":"SPIMB002096"},"geometry":{"type":"Polygon","coordinates":[[[-101.01517348133962,22.246912089117938],[-100.99952373027565,22.247210864049507],[-100.99579460147473,22.249712694542374],[-100.98819431823725,22.263849731520992],[-100.98426476336293,22.266873200812384],[-100.97137785382888,22.254592923114902],[-100.97505638973219,22.236429201352085],[-100.97987423553963,22.233010163507156],[-100.98701484238323,22.232608522447862],[-100.98985260780394,22.230962393794936],[-101.01355457070264,22.232002342477074],[-101.01886391373519,22.22631296385119],[-101.03385431258636,22.230276553971276],[-101.03287921169257,22.243258836230215],[-101.01517348133962,22.246912089117938]]]}},{"type":"Feature","properties":{"clues":"SPIMS002242"},"geometry":{"type":"Polygon","coordinates":[[[-100.9232921532821,21.8886584726683],[-100.91971624970355,21.875472214485],[-100.92043841340677,21.86892425171168],[-100.92353027841868,21.8648444951085],[-100.95541490165684,21.86383940826109],[-101.02333718740032,21.897506168247435],[-101.02432147017595,21.919152810485617],[-101.00334408116366,21.915283083598062],[-100.95273214407878,21.90933810750844],[-100.93618976903063,21.91079486055722],[-100.93414102156486,21.909222300790468],[-100.92751301908358,21.891807696520893],[-100.9232921532821,21.8886584726683]]]}},{"type":"Feature","properties":{"clues":"SPIMS001530"},"geometry":{"type":"Polygon","coordinates":[[[-100.91297999053101,22.36289534687746],[-100.92376177720394,22.366524952880948],[-100.92538546959575,22.38419639900705],[-100.92547697394126,22.38838336992133],[-100.91608894913112,22.40572153940682],[-100.92516214355507,22.438122365690944],[-100.9202976348207,22.44723257485017],[-100.92366620849667,22.480618415235384],[-100.90894886387467,22.4849187980297],[-100.90229470202964,22.48525141460516],[-100.8809767382915,22.47642016355925],[-100.84080281431997,22.513080115571533],[-100.82812153142373,22.50681719964497],[-100.82500676041538,22.486911918246985],[-100.82497917110756,22.469028984530013],[-100.81921826558312,22.45303036237354],[-100.82053835330697,22.44712587453477],[-100.85299165649658,22.432247196416768],[-100.85452430462756,22.412915542486314],[-100.84605302973432,22.401068129993607],[-100.8174113846241,22.403766543718355],[-100.80095277042696,22.384226408810626],[-100.82449181164752,22.363767945649528],[-100.80496787988105,22.35215431754596],[-100.81064435893312,22.33060703209323],[-100.84005881340941,22.335785551544724],[-100.84499809115441,22.332961256038676],[-100.87349882165749,22.32968363425345],[-100.88520286429643,22.346455169247907],[-100.91297999053101,22.36289534687746]]]}},{"type":"Feature","properties":{"clues":"SPIMB001944"},"geometry":{"type":"Polygon","coordinates":[[[-99.43686894172923,22.011502162705863],[-99.44012379527558,22.018212860968198],[-99.48053051089303,22.03363592534946],[-99.4610898590986,22.067864890059813],[-99.45169310395049,22.06823166602716],[-99.43249570207058,22.087573831152646],[-99.42831925943375,22.101181476784866],[-99.44242731937354,22.120802652088397],[-99.46253866530992,22.11572392749909],[-99.49156338972843,22.129282750805896],[-99.49592499248752,22.142574805347582],[-99.51013832649643,22.150701692818256],[-99.51326412082625,22.15557795212103],[-99.52361949621589,22.186398602876004],[-99.52344775539702,22.189151446941917],[-99.50554644549064,22.19886278009051],[-99.47758965541851,22.233380086679833],[-99.45455537200253,22.220274114716073],[-99.38531346034435,22.224137734381543],[-99.38946990200039,22.1736495343619],[-99.367251430922,22.160384244010555],[-99.35636347606936,22.149689302768223],[-99.34003164297384,22.120702421265875],[-99.32864513607113,22.111997391944143],[-99.32094692370296,22.0947099584739],[-99.3206028695774,22.062093086617562],[-99.33545896381523,22.03948109074831],[-99.33826925395134,22.017748573960453],[-99.40524537432057,22.02108476575332],[-99.40836996433293,22.01927659477829],[-99.4119673697312,22.01339387691629],[-99.43686894172923,22.011502162705863]]]}},{"type":"Feature","properties":{"clues":"SPIMB002241"},"geometry":{"type":"Polygon","coordinates":[[[-99.012450357425,21.998681102658146],[-99.01738431620892,21.99273202349312],[-99.02156962511576,21.99664632392819],[-99.02749763977388,21.999124852106878],[-99.02381494863273,22.00404673057494],[-99.02220532663465,22.003606790636702],[-99.01753203077082,22.006701867810154],[-99.01736707081335,22.013448482910388],[-99.01237667605021,22.0143519073028],[-99.0120553772324,22.016780413139667],[-99.00772972998377,22.01863968317105],[-99.00428494691565,22.015813988414003],[-99.00511591634887,22.00986649837888],[-99.00878238740513,21.9998388391505],[-99.012450357425,21.998681102658146]]]}},{"type":"Feature","properties":{"clues":"TSIMB000741"},"geometry":{"type":"Polygon","coordinates":[[[-98.92365818708895,22.775498572391697],[-98.93720826067985,22.78706301247934],[-98.94559650991057,22.78623596916789],[-98.95793919513558,22.79151805006986],[-98.97653141122254,22.789966963733406],[-98.9810465347332,22.79965800630501],[-98.9756813610786,22.80728516474319],[-98.97858256683718,22.811164320737234],[-98.96921274163672,22.830322977720797],[-98.96160685620508,22.805916788679525],[-98.95587428875058,22.81032361355253],[-98.94605469075033,22.822039942007564],[-98.951430117177,22.84554922667984],[-98.96008276482912,22.85185752747462],[-98.96199910738146,22.8658480519449],[-98.92448668327951,22.870869521618367],[-98.91165340571392,22.877824831276087],[-98.91018332807785,22.88689515757003],[-98.90661429509078,22.89458747608401],[-98.88430556227773,22.900939114437715],[-98.88002838489173,22.8970471295697],[-98.86588421545007,22.864636629124906],[-98.85548827471513,22.859941154300895],[-98.84642896286726,22.864207894067018],[-98.82174658145122,22.851924139143083],[-98.82566888919973,22.83369857933445],[-98.80347005782983,22.829770820233627],[-98.79103891550498,22.832438890598166],[-98.78674984320843,22.839783894344368],[-98.78235241559187,22.841238836379922],[-98.76068200910865,22.82795723268467],[-98.75372016094036,22.81798988372921],[-98.75889316721984,22.80872612666224],[-98.76954261616866,22.803262617189443],[-98.78431428033711,22.78807581600444],[-98.79662632442178,22.785379731182267],[-98.79888299883744,22.783273512440438],[-98.82591151075975,22.77548110588554],[-98.83900907711143,22.780574886174765],[-98.85851702966085,22.764831330253717],[-98.87097663956341,22.752040085573576],[-98.89472623616102,22.747548492091713],[-98.91326331865827,22.764477348510667],[-98.91768427895131,22.773543679489354],[-98.92365818708895,22.775498572391697]]]}},{"type":"Feature","properties":{"clues":"SPIMB001973"},"geometry":{"type":"Polygon","coordinates":[[[-98.95173415154241,21.69400243810337],[-98.95125619201742,21.708567461407856],[-98.95665070278288,21.717563704583576],[-98.95428383528052,21.7268888748198],[-98.94840623332762,21.735306525819865],[-98.93324479529875,21.740794967459976],[-98.929930731911,21.737758197175438],[-98.90515780667758,21.736358992887137],[-98.90007816951825,21.73167779460427],[-98.91602374608958,21.70542258915065],[-98.90602696291779,21.700048000461415],[-98.90478463870674,21.693902275489233],[-98.88812000138812,21.69274235432953],[-98.89011674072052,21.685567500999934],[-98.89861251637616,21.681451534664017],[-98.90367174590065,21.686323655825884],[-98.91235271069027,21.677486995230513],[-98.91452719853395,21.67316709872412],[-98.91789450615475,21.673822205089515],[-98.93006365432406,21.665269015450363],[-98.93821503216262,21.67163093363925],[-98.93600878639194,21.682456864925747],[-98.94069793634377,21.689755516061826],[-98.95173415154241,21.69400243810337]]]}},{"type":"Feature","properties":{"clues":"SPIMS002353"},"geometry":{"type":"Polygon","coordinates":[[[-98.89987436614636,21.456344107811926],[-98.90721890385389,21.46216624254484],[-98.90848762287692,21.47189223285364],[-98.9177915018945,21.473637888330586],[-98.92120618611973,21.48550150781909],[-98.91936457062104,21.487449461000903],[-98.91138382900749,21.48539350041087],[-98.90627805560968,21.49174813820228],[-98.90365732842119,21.49220346717335],[-98.90176681992128,21.490785065023267],[-98.89373262334587,21.491166224701413],[-98.88359355513191,21.484063018035148],[-98.88547153371287,21.4736238934681],[-98.88032525089166,21.46410791967719],[-98.88676725259299,21.459372363522125],[-98.89987436614636,21.456344107811926]]]}},{"type":"Feature","properties":{"clues":"SPIMB001372"},"geometry":{"type":"Polygon","coordinates":[[[-98.8201807818937,21.727549466456907],[-98.82042806339226,21.742264087713828],[-98.83163975478496,21.736778630969166],[-98.83914269447178,21.72849687401682],[-98.85512280777272,21.72544390373951],[-98.85589558638274,21.749654568977526],[-98.85434340560067,21.75300183053197],[-98.865853222608,21.77865230054115],[-98.89101340583753,21.768981246397487],[-98.89023230112983,21.787345870567634],[-98.87492749515181,21.797516908083963],[-98.86060525786766,21.794094863653438],[-98.85629269584288,21.799580654806057],[-98.85117514268823,21.79942034332172],[-98.83114155243612,21.818034924927854],[-98.82427999120304,21.822537906754366],[-98.83376479320582,21.834864592377297],[-98.82240220477104,21.844255851622098],[-98.82080631727108,21.86092747892507],[-98.8120812336944,21.867071950624148],[-98.80408372128858,21.86840222384962],[-98.78854396688561,21.86337863556075],[-98.7869843467982,21.839436863273907],[-98.78213513895969,21.833792105304475],[-98.76281681127702,21.83530609079762],[-98.74762324565826,21.813865155387912],[-98.74532920544527,21.812832518030365],[-98.72660616680399,21.77973548785852],[-98.72718156176836,21.776508162673007],[-98.74114633357891,21.76564008190286],[-98.74949130360754,21.76367691127652],[-98.765664264613,21.756095939733864],[-98.77935583865343,21.712920440785204],[-98.77923691169768,21.70989217679424],[-98.80525127581033,21.706156757795597],[-98.81049986044329,21.70241455171799],[-98.81497726532457,21.703393272755953],[-98.83094458725819,21.699837109701498],[-98.83560377715833,21.708881431164233],[-98.82673290467422,21.714821034893927],[-98.82607700051938,21.72212323971836],[-98.8201807818937,21.727549466456907]]]}},{"type":"Feature","properties":{"clues":"SPIMB000445"},"geometry":{"type":"Polygon","coordinates":[[[-98.76145868346508,22.28098979081856],[-98.72829072575217,22.31597596262276],[-98.70387199770147,22.31236694127449],[-98.69188257652606,22.320077310020757],[-98.64538759574515,22.357606352273784],[-98.63519725602822,22.3401485842586],[-98.62115051653173,22.325312167736126],[-98.55706786608496,22.308008848837375],[-98.57188911620385,22.2927515940997],[-98.59818781261718,22.27119225027265],[-98.62895593208026,22.27023479851996],[-98.63993111714218,22.251955501504078],[-98.64413223001074,22.222070188738748],[-98.65641350977108,22.219340800517983],[-98.67446289402814,22.21054685502178],[-98.71429096669783,22.227047292821492],[-98.74481263053576,22.2075952807772],[-98.75453058895332,22.197570445371746],[-98.7756343263152,22.200232808358063],[-98.78710137238001,22.215080032034205],[-98.78392370314857,22.264666278704354],[-98.76145868346508,22.28098979081856]]]}},{"type":"Feature","properties":{"clues":"VZIMB004722"},"geometry":{"type":"MultiPolygon","coordinates":[[[[-98.40337233679479,21.501233791056222],[-98.40528399391414,21.505950345242397],[-98.4056572179173,21.51523548563987],[-98.40804221858112,21.51736418057453],[-98.41341246462564,21.532538285248556],[-98.40994287063342,21.532234267892786],[-98.40153659624542,21.51978869596126],[-98.3969575702362,21.524586112176774],[-98.39747200129419,21.526324484703764],[-98.38909929067697,21.53250038734177],[-98.38870682638255,21.534907092384287],[-98.3960766234019,21.538917499840302],[-98.39745425860977,21.558242552233633],[-98.39618480643009,21.559687236103866],[-98.38123225064768,21.55139384359394],[-98.37599092594387,21.553975846197233],[-98.35529288183785,21.541244601690373],[-98.34689271689432,21.545158629615955],[-98.34286262771494,21.540870846340926],[-98.32990880764673,21.53326585550992],[-98.31653640645065,21.53169589068267],[-98.30062422453781,21.52089265494773],[-98.31948282902259,21.50513344439222],[-98.32302454477029,21.497919381013322],[-98.32785844745383,21.49770556467178],[-98.33981770709731,21.50584570065906],[-98.34450166377967,21.50630081303219],[-98.3567897151186,21.51407225273542],[-98.36562236969014,21.51162062973233],[-98.36988789567475,21.503584355499775],[-98.3795618996389,21.499752311224004],[-98.38291471325425,21.509007087052872],[-98.39551097015865,21.513278373731552],[-98.39678927760151,21.512002702880196],[-98.3946533410173,21.50307876468329],[-98.38202778113865,21.498267058937884],[-98.38725996769277,21.49098550916873],[-98.40018262181317,21.486626210256535],[-98.40730874776423,21.488255253930443],[-98.40337233679479,21.501233791056222]]],[[[-98.2883676278872,21.510457403828845],[-98.2996671150696,21.52106718540372],[-98.29397454662991,21.533770365985653],[-98.29473245562205,21.541781798086227],[-98.28745928455318,21.55007422283268],[-98.28777977389542,21.58363262661613],[-98.27869873390101,21.584428472122465],[-98.27264761460778,21.589814346817818],[-98.24367278526526,21.603843407072535],[-98.24280419209371,21.605909077774978],[-98.23537231514739,21.610119790643985],[-98.22806553976064,21.612226042130683],[-98.22431609853349,21.60556735366406],[-98.21684052028515,21.60092572730297],[-98.20183307791487,21.59828492470175],[-98.19873586189229,21.582576162137354],[-98.18443367589775,21.57620840901212],[-98.18547725805192,21.560582402956175],[-98.19253929937261,21.555924188894792],[-98.20055576726101,21.55470229246753],[-98.20564811793929,21.562205805879568],[-98.22145381706632,21.56254945146797],[-98.21678463529621,21.53850423374049],[-98.22017632963859,21.536790651245745],[-98.22419201167982,21.51455563197691],[-98.22336830500082,21.51320976712499],[-98.23861120556356,21.492893434508094],[-98.25269773801799,21.504313222216457],[-98.26539619783118,21.503759239760132],[-98.2712304020934,21.5098011440006],[-98.2883676278872,21.510457403828845]]]]}},{"type":"Feature","properties":{"clues":"SRIMB002010"},"geometry":{"type":"Polygon","coordinates":[[[-110.02427653720143,29.098600807317087],[-110.01076614988332,29.167123481540983],[-110.01168364990558,29.183805875001998],[-110.02274438393148,29.18859970337136],[-110.02756735305037,29.19930583308994],[-110.04003101716553,29.254560647373673],[-110.09648084329788,29.270334168847985],[-110.07722997224255,29.321127000447458],[-110.12366134043936,29.355899354255993],[-110.10923436976253,29.389197891227525],[-110.07219249178154,29.383194923524343],[-110.01188534427362,29.380062045347366],[-110.01000158499699,29.381635727261703],[-109.96379893225895,29.363083764051748],[-109.94748746322541,29.314054927272775],[-109.88441104623757,29.311530257194693],[-109.90159652003106,29.227303399338282],[-109.82460427571135,29.215630681737164],[-109.81334223430186,29.182450840980835],[-109.81367228502681,29.16610340074868],[-109.88013816514217,29.10785508123099],[-109.86258318807522,29.06657523279816],[-109.95370632341029,28.999112555587597],[-109.9746511864417,29.03733215548675],[-109.98932942088797,29.05219456208066],[-109.99023331918016,29.059912996785513],[-110.02427653720143,29.098600807317087]]]}},{"type":"Feature","properties":{"clues":"TCIMB003195"},"geometry":{"type":"Polygon","coordinates":[[[-93.1908887419126,18.31115623930143],[-93.1870912836998,18.332993488015774],[-93.19472580103756,18.337424772422114],[-93.19240858479004,18.347533795816656],[-93.18944588977952,18.35186423098049],[-93.15203162204351,18.370925381605268],[-93.15389006104388,18.363360137063697],[-93.1556516109133,18.328096746433],[-93.17330656258328,18.31915900430849],[-93.17630177518777,18.319236984095586],[-93.1908887419126,18.31115623930143]]]}},{"type":"Feature","properties":{"clues":"TCIMB002442"},"geometry":{"type":"Polygon","coordinates":[[[-93.06021010859023,18.134757312883675],[-93.04775182190374,18.148777939573677],[-93.04964911978489,18.16187773003422],[-93.03545504945791,18.16783320785217],[-93.03299089225864,18.167691656270932],[-93.02478049695341,18.156223334065277],[-93.02629924708461,18.146318112117548],[-93.01619167820809,18.137776552363654],[-93.01453641575131,18.116905292027358],[-93.03663724627849,18.116532426913007],[-93.04306644046049,18.119238839407327],[-93.0766943083074,18.106659446719807],[-93.07686247390015,18.128389275555197],[-93.07255032174828,18.135180964036405],[-93.06021010859023,18.134757312883675]]]}},{"type":"Feature","properties":{"clues":"TCIMB003084"},"geometry":{"type":"Polygon","coordinates":[[[-92.98820260365864,18.139693507895174],[-93.01320620830951,18.11610949168666],[-93.01453641575131,18.116905292027358],[-93.01619167820809,18.137776552363654],[-93.02629924708461,18.146318112117548],[-93.02478049695341,18.156223334065277],[-93.01916505806494,18.15791808365441],[-93.0164237597875,18.15706098062646],[-93.00736167219478,18.162437037885766],[-93.00334852268846,18.160758223518325],[-93.00094133568358,18.158446931956167],[-93.00252365735281,18.14929026702789],[-92.98820260365864,18.139693507895174]]]}},{"type":"Feature","properties":{"clues":"TCIMB000885"},"geometry":{"type":"Polygon","coordinates":[[[-92.91138568024638,18.0190964879511],[-92.91449742226857,18.0112243250148],[-92.9217709399556,18.010434012282445],[-92.925399344498,18.014505476142613],[-92.93148336527875,18.01565211101768],[-92.93404035943264,18.019938478107086],[-92.93182659255731,18.024255046685813],[-92.92280846043612,18.024733002563142],[-92.92141803214307,18.02111984181584],[-92.91138568024638,18.0190964879511]]]}},{"type":"Feature","properties":{"clues":"TCIMB004530"},"geometry":{"type":"Polygon","coordinates":[[[-92.76198749454284,18.049748748834798],[-92.76482742865763,18.02387066123636],[-92.77730468043596,18.018111763637464],[-92.77881255090287,18.01863871039605],[-92.79488046576918,18.034113296891203],[-92.79880972004393,18.04794841197161],[-92.79427572109776,18.05552602736621],[-92.80809903603932,18.095189132864274],[-92.77580744138737,18.100524867647543],[-92.76858960641458,18.085221482447682],[-92.77425773997714,18.066129794943695],[-92.76198749454284,18.049748748834798]]]}},{"type":"Feature","properties":{"clues":"TSIMS001191"},"geometry":{"type":"Polygon","coordinates":[[[-98.30940360910374,25.890331886537084],[-98.30640252429654,25.909812754152608],[-98.29656151894223,25.918099179221198],[-98.29510124819649,25.93765123660387],[-98.30382024693917,25.941215898161033],[-98.31497920407908,25.940390454914407],[-98.3221742363863,25.953472353330277],[-98.33446924550414,25.95680547734293],[-98.34432815971198,25.976715041402727],[-98.33696835888217,25.983304262897622],[-98.32254103226036,25.987428021037765],[-98.32194015424928,26.001902801546862],[-98.32795989920622,26.01154699645012],[-98.32376398189757,26.01725173766589],[-98.31142055047837,26.021752683871537],[-98.30543188916413,26.020962365851698],[-98.30277529951321,26.016516770981408],[-98.29996150167601,26.016082276421823],[-98.29922820529518,26.019372063685694],[-98.29353640281602,26.02069437387694],[-98.29163501727325,26.016645744068246],[-98.28827210170749,26.017835641051885],[-98.28502064590879,26.01595242666895],[-98.28147062305321,26.01730587976654],[-98.27735782924297,26.014965126585082],[-98.27588364326344,26.00912917679934],[-98.27073120439083,26.00993969590707],[-98.2677423730671,26.012621313094133],[-98.26228082460645,26.005551255030017],[-98.2609582442988,26.005570524420694],[-98.25778561894641,25.99699560615132],[-98.26509472546802,25.999420941718157],[-98.26827571096729,25.995957920554726],[-98.26666087106021,25.992858646012625],[-98.26270846723052,25.98969550280224],[-98.25604138620315,25.99229721353861],[-98.2502624216712,25.987431615040244],[-98.24762195470836,25.981124366702925],[-98.2504130208938,25.976488649592408],[-98.24463295779655,25.95964850836171],[-98.23286381277936,25.963684563403223],[-98.21762008052762,25.936107132759247],[-98.23098192368107,25.92193698644244],[-98.20651036497121,25.905071162602347],[-98.20158940011908,25.886382505936883],[-98.20382535896997,25.87302225976953],[-98.19850344084634,25.865202296608373],[-98.19646301115282,25.85704077337519],[-98.22468229680622,25.827407715913772],[-98.23801678982723,25.836027753737255],[-98.24260789350616,25.843061842773743],[-98.24831595390611,25.84336630975956],[-98.27863618783215,25.83396031280384],[-98.28711721638439,25.83959888486004],[-98.30159502991455,25.842223506139185],[-98.3116870773907,25.840702618829997],[-98.30940360910374,25.890331886537084]]]}},{"type":"Feature","properties":{"clues":"TSIMB002993"},"geometry":{"type":"MultiPolygon","coordinates":[[[[-98.28827210170749,26.017835641051885],[-98.29163501727325,26.016645744068246],[-98.29353640281602,26.02069437387694],[-98.29922820529518,26.019372063685694],[-98.29972007991718,26.020337660151153],[-98.29861137323992,26.02427617359622],[-98.29561178968851,26.024749694261903],[-98.29234290978752,26.02908767269728],[-98.29236524558921,26.03410864123464],[-98.28978216754695,26.04071296156646],[-98.28557804744983,26.044083340783796],[-98.28124708645554,26.040716709423197],[-98.28596203747834,26.034211717188818],[-98.28523700553254,26.032059347431797],[-98.27842680615107,26.03176190297106],[-98.27772548967262,26.0247677872715],[-98.27898981430661,26.021782536771262],[-98.2751662193607,26.01800858667562],[-98.27735782924297,26.014965126585082],[-98.28147062305321,26.01730587976654],[-98.28502064590879,26.01595242666895],[-98.28827210170749,26.017835641051885]]],[[[-98.25631512869623,26.027038475277983],[-98.26209269977142,26.03272853513109],[-98.26828428445116,26.03186835315486],[-98.27090845646163,26.036018562956052],[-98.2780678242203,26.03298818161307],[-98.28013257555477,26.040330507660023],[-98.27197597241265,26.043184082241275],[-98.24981142788765,26.04355210737422],[-98.25221241538455,26.033929586378946],[-98.24952445571527,26.029433909014703],[-98.25631512869623,26.027038475277983]]]]}},{"type":"Feature","properties":{"clues":"TSIMB001296"},"geometry":{"type":"Polygon","coordinates":[[[-98.29354041281583,26.05647791665605],[-98.29164886040462,26.06027255629593],[-98.28899325862949,26.061319433489025],[-98.29071215325742,26.066279524078585],[-98.28922337685499,26.067943558083503],[-98.28489563311146,26.06425743099301],[-98.28068407764104,26.069003858234336],[-98.27435511865268,26.062700407268707],[-98.27602191844198,26.056429680090584],[-98.27359467580551,26.05298316319356],[-98.27427847243789,26.05004419381416],[-98.27197597241265,26.043184082241275],[-98.28124708645554,26.040716709423197],[-98.28900189100953,26.0470979890579],[-98.29007457690356,26.05117945028522],[-98.2928661878771,26.05264042562315],[-98.29354041281583,26.05647791665605]]]}},{"type":"Feature","properties":{"clues":"TSIMB003541"},"geometry":{"type":"Polygon","coordinates":[[[-98.18662564738771,23.91499422805266],[-98.2009427396361,23.91226838475009],[-98.20551525819508,23.916194788124233],[-98.21804953970322,23.95092682894123],[-98.2767076509146,23.940622163752135],[-98.27695995528617,23.9527495603055],[-98.2666492409852,23.971606582304904],[-98.22919050673707,23.99632179998367],[-98.2275842092308,24.00566736307037],[-98.23558185102624,24.037044064177554],[-98.23467020264506,24.038086615152753],[-98.2116113825069,24.052039111328053],[-98.17053626129281,24.07107072659897],[-98.16564427072996,24.03402636322402],[-98.15769325612038,23.99823891920943],[-98.12991531473057,23.960732312580248],[-98.12861884788647,23.9518196278827],[-98.18662564738771,23.91499422805266]]]}},{"type":"Feature","properties":{"clues":"TSIMS001075"},"geometry":{"type":"Polygon","coordinates":[[[-98.17039110248922,25.336761501241032],[-98.17724834491513,25.35134361206703],[-98.17854524445806,25.361018340433972],[-98.18868773000105,25.376870396670817],[-98.19036866964916,25.39036843066289],[-98.16554224368271,25.448538491356015],[-98.14499896518703,25.45658117494118],[-98.1275925519842,25.452345806671463],[-98.10216292081618,25.40257987285411],[-98.07427857885592,25.389022948211668],[-98.08020568465373,25.326087873748556],[-98.09136358435165,25.321708400693677],[-98.12471238967896,25.273325498254408],[-98.12464908098448,25.270264958572692],[-98.14026215549961,25.258381294697767],[-98.16609886116062,25.254243818482163],[-98.17738437792914,25.256765816470303],[-98.1799265609748,25.28482269376916],[-98.17547890490897,25.29831030014491],[-98.17138695627168,25.3026027496545],[-98.17039110248922,25.336761501241032]]]}},{"type":"Feature","properties":{"clues":"TSIMB002392"},"geometry":{"type":"Polygon","coordinates":[[[-98.14115817477955,25.984293927398],[-98.15187188626149,25.981091583184675],[-98.15392465507004,25.98278308127218],[-98.1651475731116,25.98370210265475],[-98.16677701869254,25.98517669842309],[-98.15608718002818,25.995769743053646],[-98.15899483730612,25.99874011522837],[-98.17480457880532,25.999156905450167],[-98.17615582977015,26.00264235642778],[-98.16755189642544,26.015368343381834],[-98.1670975302238,26.024025483977045],[-98.18190043093047,26.029722467234777],[-98.18097956978976,26.045389854704627],[-98.16611888565193,26.03908618150041],[-98.1645984737547,26.05324939210826],[-98.16219644964157,26.054744729272105],[-98.15923098576432,26.053363161310656],[-98.15675762755029,26.04047947435141],[-98.14768928671865,26.049520320659433],[-98.12611107126033,26.045488169462466],[-98.11499492509192,26.031423272880826],[-98.10451398025758,26.03857685456232],[-98.09710701663329,26.02273950056651],[-98.10425225037156,26.015738239293654],[-98.0994045347922,26.00601510074064],[-98.1017606146435,26.003298025867586],[-98.10099109922234,25.998709949701645],[-98.1034176781541,25.996263786329635],[-98.10057591786811,25.99010279202613],[-98.09707597055721,25.987921637081097],[-98.09780727592137,25.9795156243539],[-98.10124007706011,25.977450876841804],[-98.10412163740656,25.981618666808124],[-98.11056979897292,25.97969608705655],[-98.11692783523544,25.984045606971936],[-98.12323700138666,25.980838909642884],[-98.13193218048106,25.98517663476349],[-98.1377745362963,25.982135804378597],[-98.14115817477955,25.984293927398]],[[-98.14659073821171,26.02619275970109],[-98.14283033543866,26.013696242408308],[-98.13982826425455,26.01217980332353],[-98.12821796890111,26.014144952489747],[-98.12861955287711,26.017014834477827],[-98.13296944123545,26.021595163259327],[-98.14659073821171,26.02619275970109]],[[-98.1192865700024,26.012847378422368],[-98.11243913890533,26.006010668618686],[-98.10861871130952,26.005914845232432],[-98.1078249141154,26.01256769637697],[-98.10573604479103,26.015446855479993],[-98.11505573584627,26.018735947887738],[-98.1192865700024,26.012847378422368]]]}},{"type":"Feature","properties":{"clues":"TSIMS001384"},"geometry":{"type":"Polygon","coordinates":[[[-97.95752257069822,23.51459501557205],[-97.96204231878636,23.530834233919137],[-97.9679951870086,23.534471958838633],[-97.99372279951892,23.535031979589135],[-98.00194366262858,23.544949330958698],[-98.02304771555106,23.546383197242335],[-98.03049717941666,23.554382943833364],[-98.02590094121506,23.589174971377403],[-98.00803961942732,23.57860964401212],[-97.9766640909834,23.580089423047493],[-97.9673897466073,23.590693899573836],[-97.9674742385417,23.610003572751264],[-98.01424283365832,23.62872999971883],[-97.99855735465745,23.677008430199145],[-97.95461036422073,23.681958941133892],[-97.92790410052284,23.690410762794468],[-97.92420670042159,23.738156167873257],[-97.91720307227254,23.742043689427664],[-97.90660166735356,23.754385976870083],[-97.89861807743601,23.75639149018537],[-97.85331370747805,23.754761275065526],[-97.83470921426822,23.744122572184704],[-97.81377557293999,23.7544818009589],[-97.79048144733558,23.753193304950038],[-97.7708717205841,23.745878921027323],[-97.73938881994123,23.722785928584035],[-97.74235995575636,23.662142662665055],[-97.76382825790063,23.439193066707954],[-97.78877882392504,23.43910796927946],[-97.80453611748298,23.408438759040077],[-97.80612485659876,23.400662894769436],[-97.81846085404635,23.396971319624374],[-97.84732060573364,23.381749622494524],[-97.85909469120654,23.396204098814604],[-97.87738105586072,23.401463970809097],[-97.88806932452641,23.41340446003519],[-97.90334457809917,23.414629445944787],[-97.9089431562162,23.4248176882885],[-97.90577492170344,23.44381658587963],[-97.93900403600304,23.456421441402355],[-97.93707622584617,23.463239106162014],[-97.9604567891437,23.503443087425435],[-97.95752257069822,23.51459501557205]]]}},{"type":"Feature","properties":{"clues":"VZIMS002920"},"geometry":{"type":"Polygon","coordinates":[[[-98.08692139565386,21.52826080939641],[-98.09918316646282,21.54935020919315],[-98.10390669366436,21.549651065811176],[-98.10205452456994,21.57973654185156],[-98.11546370400899,21.602235319735374],[-98.10269042850794,21.615876610809906],[-98.10390142367264,21.623527531925596],[-98.08598235929593,21.648570419478094],[-98.06025710980516,21.624280678217353],[-98.0546364607488,21.622730274242436],[-98.04997481425514,21.623866999687905],[-98.042230641743,21.63416480513997],[-98.04091424971668,21.649400433921],[-98.04723943314127,21.667986313247276],[-98.02761903033267,21.666434979135587],[-98.01657239214249,21.65923847504508],[-98.01311270773668,21.654631220692444],[-98.00722479202037,21.651339955682154],[-98.00493826575993,21.64775750095756],[-97.99753831951108,21.645954739764925],[-97.97408374661629,21.654344370885386],[-97.96060406679973,21.6453851036533],[-97.9618995757055,21.63446045337047],[-97.964576797758,21.630553624451366],[-97.96185505511839,21.62222211792285],[-97.95806198103158,21.620002829867758],[-97.95282821138383,21.620776879246876],[-97.94970620302162,21.62323361002412],[-97.93427549489826,21.610663715075173],[-97.9218289855897,21.606898287601837],[-97.9164750013957,21.60904101548639],[-97.91206735394833,21.60818625807676],[-97.91528987721168,21.59863659229375],[-97.92079898376419,21.600694104767477],[-97.92242716582327,21.598257632057855],[-97.92229575541354,21.588719150413397],[-97.91870012207787,21.586074112046216],[-97.9114832859476,21.591243753815732],[-97.90116520099114,21.583597898755713],[-97.89938750433377,21.579557228902818],[-97.88749820452308,21.571755736318657],[-97.87991167075484,21.58289839080929],[-97.87562943129274,21.583506337262296],[-97.86537909634875,21.592675603504727],[-97.85772531766038,21.587883937473716],[-97.85377807852423,21.580690095945883],[-97.85449056230318,21.570220034890596],[-97.85750479600317,21.56710363692836],[-97.86962082373222,21.56439080387762],[-97.87133655274444,21.560426199692113],[-97.87683241702062,21.557704135759845],[-97.88064404201938,21.550896413060688],[-97.8893120838515,21.551770456718952],[-97.88837315772504,21.55867372856492],[-97.89351049304771,21.566353006620716],[-97.90365894230221,21.566800485456266],[-97.90414645657972,21.554665701161753],[-97.9115590224456,21.549246305587605],[-97.91215118562482,21.546881264381213],[-97.92302964127782,21.546785101237337],[-97.92869243360771,21.548915679733966],[-97.93552734963335,21.54754793393313],[-97.94287734720567,21.550976016223665],[-97.97493396760254,21.540921699930013],[-97.97757882924572,21.526409640986994],[-97.97996949336947,21.523903324746097],[-97.98177891750733,21.523696499532516],[-97.9940126718582,21.532134292287342],[-98.00218190929654,21.520977069406253],[-98.01364166975866,21.527232994439156],[-98.0242676058566,21.538059952255058],[-98.0330950129408,21.540445498342994],[-98.03934021410073,21.54516876461911],[-98.04664386241127,21.541545953024173],[-98.0586668086468,21.541883394648288],[-98.06801678156936,21.5276895158243],[-98.08383812665146,21.519986122337315],[-98.08692139565386,21.52826080939641]]]}},{"type":"Feature","properties":{"clues":"VZIMS001795"},"geometry":{"type":"Polygon","coordinates":[[[-96.61721843431161,19.581300083951483],[-96.63656845081785,19.587923984225238],[-96.65529042463344,19.600005316199503],[-96.66568290868996,19.588124377721737],[-96.69344075515113,19.600010945528258],[-96.699443116883,19.60833883333579],[-96.69190275812291,19.62380986837616],[-96.69977008327794,19.640038422688843],[-96.69774912215792,19.6555635879658],[-96.66572155342979,19.668061545351513],[-96.65041673091339,19.663498188002535],[-96.64261678865415,19.677505335614704],[-96.60700278448736,19.67795862888383],[-96.60257007086449,19.668076392397523],[-96.6005010756692,19.650561495177246],[-96.60412472806445,19.643886793702503],[-96.61260036828047,19.613334774496387],[-96.60793844205347,19.60662340015253],[-96.60777325799397,19.585233117322076],[-96.6045755029065,19.582310882041142],[-96.59384681547662,19.55936104712116],[-96.59231150615474,19.546413782762563],[-96.61676025228523,19.545876567463186],[-96.62669032374099,19.55708223441844],[-96.63029611174538,19.563571525694112],[-96.62645360967176,19.571099739088016],[-96.61721843431161,19.581300083951483]]]}},{"type":"Feature","properties":{"clues":"VZIMS001684"},"geometry":{"type":"Polygon","coordinates":[[[-96.49888717562504,19.698922189545343],[-96.47762748670007,19.70339735501928],[-96.46337000974164,19.735562215872054],[-96.44591959840608,19.73054691492068],[-96.44566830394537,19.72606657514711],[-96.42591380995536,19.709899877658604],[-96.42440398897354,19.70498663963261],[-96.42647206876175,19.703504777926337],[-96.42879863180842,19.69649273926022],[-96.43420615020483,19.696803680914922],[-96.44349622054528,19.688539924601994],[-96.44505730661271,19.684516539783914],[-96.4442262178715,19.665199763475982],[-96.44956532631961,19.661047851267796],[-96.47141034805375,19.658938649172637],[-96.48517343536345,19.653022506791167],[-96.49304182035887,19.645884309749114],[-96.50293572258478,19.64422326307756],[-96.50741472756394,19.644799378619382],[-96.51560059425928,19.643257372879365],[-96.5476580911487,19.66796677311943],[-96.56288640397239,19.691650182028056],[-96.55479126912641,19.714200642640503],[-96.51077331850406,19.699263530206984],[-96.50672738906152,19.70150996547867],[-96.49888717562504,19.698922189545343]]]}},{"type":"Feature","properties":{"clues":"VZIMB005550"},"geometry":{"type":"MultiPolygon","coordinates":[[[[-96.1393613073058,19.176877439271582],[-96.13567359757738,19.18253813371896],[-96.13154843573753,19.18284552663916],[-96.1304671467995,19.18995004012319],[-96.12676963819122,19.194891036139474],[-96.12344634970101,19.194581779489397],[-96.12217745440701,19.198200338965883],[-96.12383039959154,19.191523279101506],[-96.12288595330425,19.190510929817457],[-96.12229358469713,19.190720300070808],[-96.1216614726333,19.190142437379947],[-96.12089017946106,19.189075616739704],[-96.12047900798613,19.187573700491605],[-96.12229929574708,19.19055611731592],[-96.12370300300245,19.189715328121682],[-96.12184283042161,19.187084769870786],[-96.12390471443447,19.184395562806618],[-96.12361086951871,19.17962538731032],[-96.1162269782812,19.16949597317638],[-96.10365460541209,19.165313410236973],[-96.10182285015989,19.16129478067782],[-96.10746280906436,19.15812769891683],[-96.1110371821963,19.161012002858005],[-96.11451162461881,19.15893905302863],[-96.1232901210623,19.16328477656849],[-96.12457391211383,19.166162334522536],[-96.126569487123,19.16696686418414],[-96.13249235883497,19.162939398585266],[-96.13386227338204,19.1641157763025],[-96.13328347212412,19.171112258961344],[-96.13777914109427,19.17212043731587],[-96.1393613073058,19.176877439271582]]],[[[-96.09228829700196,19.173751502092845],[-96.09293070724802,19.176410702005374],[-96.09212775869487,19.17724570959844],[-96.09099472017418,19.175329250154316],[-96.09228829700196,19.173751502092845]]]]}}]}