{"type":"FeatureCollection","features":[{"type":"Feature","properties":{"clues":"SCCSA000005"},"geometry":{"type":"MultiPolygon","coordinates":[[[[-116.60473097377047,31.747844783667677],[-116.62445434133751,31.748074493027833],[-116.6215597647316,31.749978939558147],[-116.62008873283523,31.763270500072544],[-116.61766358550258,31.76525211538819],[-116.61107200261178,31.76677830080145],[-116.61261389351291,31.768622383410044],[-116.61113624905508,31.768443923814527],[-116.60690605160073,31.777391779066114],[-116.60312467143424,31.78081992192273],[-116.59829317844516,31.77544543677796],[-116.59229014388205,31.777224839317796],[-116.59163308431599,31.784144405054384],[-116.58380555349306,31.78048525183325],[-116.58690093295287,31.77461359322855],[-116.58040768955185,31.772389868158935],[-116.57924653285629,31.77026019501879],[-116.57554376690337,31.770544910205214],[-116.57577060991983,31.767318053280462],[-116.57287840949375,31.765802782794683],[-116.57309246368845,31.763259312760017],[-116.57023749544332,31.76000893901906],[-116.57316024294576,31.758694186039502],[-116.58000064594954,31.759054794954952],[-116.57883271924895,31.75123635354365],[-116.58014181903474,31.74997514522906],[-116.5825020979334,31.74944352065432],[-116.58448263821408,31.751982665806487],[-116.58789266285453,31.752147999258263],[-116.59316750386745,31.750779086173317],[-116.59413886402017,31.748252358428818],[-116.6003537275556,31.751209109607633],[-116.60473097377047,31.747844783667677]]],[[[-116.63291627875012,31.753128186981197],[-116.62377933480704,31.774124510922952],[-116.62021679631152,31.770981081506008],[-116.62295883032645,31.76471637881435],[-116.62558437018959,31.76453256918825],[-116.62387045034924,31.758494048789668],[-116.62494531998509,31.754417218993627],[-116.63073749096552,31.751826957000894],[-116.63291627875012,31.753128186981197]]],[[[-116.61346469336388,31.796692170197687],[-116.60958731146762,31.81971951003503],[-116.60388837058164,31.82212048271169],[-116.59803462135427,31.82033761942519],[-116.60112665539573,31.80939929227985],[-116.59634308701303,31.799320917046128],[-116.59182031212991,31.799675133476775],[-116.58908747239191,31.788492008461255],[-116.59224596795744,31.78650865641085],[-116.59892878601487,31.794885676676454],[-116.6039712562103,31.793145758620653],[-116.61346469336388,31.796692170197687]]]]}},{"type":"Feature","properties":{"clues":"BCIMB000635"},"geometry":{"type":"MultiPolygon","coordinates":[[[[-115.58496218616826,32.610788746897214],[-115.6017116137577,32.62049083150716],[-115.60634575793158,32.61861911519227],[-115.61305747199542,32.62651520941841],[-115.6249033687139,32.62780760609805],[-115.62612120794883,32.63166804520346],[-115.63442523200561,32.64039580060057],[-115.64981175775512,32.644592792338585],[-115.65556703784308,32.653077124396894],[-115.57622223677943,32.659007200538646],[-115.57055700155277,32.651827143981976],[-115.57053710872253,32.646793992657756],[-115.57517558632044,32.63668569585058],[-115.57305444831877,32.630424961738086],[-115.56613669211592,32.62930003133416],[-115.56488091283308,32.627671364455324],[-115.56453263911932,32.623030553996344],[-115.56619910732161,32.62049434071836],[-115.56197597874579,32.61267966747642],[-115.56901983966672,32.611413486861174],[-115.56971832316025,32.604518926867485],[-115.57165803590941,32.6025239548689],[-115.57497368656475,32.60296475528079],[-115.5845262095998,32.606503876448905],[-115.58496218616826,32.610788746897214]]],[[[-115.55684154326461,32.625759722719835],[-115.55109464047732,32.62521145151972],[-115.54694160922828,32.613492280310496],[-115.55560016596407,32.61342900568896],[-115.55822227727839,32.62131745579701],[-115.55684154326461,32.625759722719835]]],[[[-115.53319292701255,32.62802564515648],[-115.5310807383291,32.6256939115666],[-115.53154160820709,32.62065757088078],[-115.54673763603179,32.61356563834501],[-115.54108614164723,32.62832042450416],[-115.53319292701255,32.62802564515648]]]]}},{"type":"Feature","properties":{"clues":"SCCSA000032"},"geometry":{"type":"Polygon","coordinates":[[[-115.2988595291292,32.57935158731202],[-115.30673698221274,32.591301121900486],[-115.31475105877172,32.58644179787639],[-115.32477126605855,32.594614041202426],[-115.32665922605558,32.59822167296918],[-115.32656995558985,32.60384341215043],[-115.33057845104997,32.61140075117157],[-115.32487489468224,32.61797688551994],[-115.31723712042445,32.61726212047],[-115.31301687384897,32.614088381506626],[-115.30649271361877,32.61920357467885],[-115.30039244258037,32.619682448742324],[-115.29653091377097,32.627617316792396],[-115.29829861959524,32.62941990186012],[-115.29790811388342,32.6392134118353],[-115.29405610022248,32.63558516230825],[-115.28774232298959,32.63319717571149],[-115.25971018417641,32.66146636295445],[-115.25564851672958,32.67280776235855],[-115.2546969535269,32.68234804517401],[-115.18044834213465,32.687528081167905],[-115.20059057910395,32.636241042074666],[-115.1917926290649,32.62053934019645],[-115.19266497423365,32.61658902306075],[-115.19752445228944,32.61576041876871],[-115.19918544052115,32.61226397417812],[-115.20248600246376,32.611990491960704],[-115.20519848299718,32.61499889360172],[-115.20806539302622,32.610849048577684],[-115.21266984913876,32.6091558632162],[-115.21370406248312,32.61239220702102],[-115.21632946237143,32.61046164188227],[-115.21571756377176,32.60806670784792],[-115.21266956433676,32.60669844907966],[-115.20988497797528,32.60004761619428],[-115.21552204927484,32.5905729915541],[-115.2265391995089,32.58000362079718],[-115.22822451593933,32.5694909224572],[-115.24713282292277,32.566261455958376],[-115.2529739805845,32.56791165185586],[-115.25906295271868,32.566805196995276],[-115.27273359842383,32.57553199575129],[-115.27497858803214,32.580766279846166],[-115.2795863790412,32.58218348602737],[-115.28918955409199,32.57843320749541],[-115.29348883067236,32.57050926151837],[-115.29524609173204,32.56997567636729],[-115.29839059374923,32.57207856675176],[-115.2988595291292,32.57935158731202]]]}},{"type":"Feature","properties":{"clues":"BCIMB001690"},"geometry":{"type":"Polygon","coordinates":[[[-115.13426805875123,32.13751453806788],[-115.12866163895744,32.14397212732567],[-115.10940089748995,32.15084604076448],[-115.09361714561896,32.139369031686094],[-115.08817431867043,32.15144712041997],[-115.0922732554762,32.1610040390149],[-115.09147347380286,32.170086653606894],[-115.08454332836493,32.17634942873858],[-115.07195994331138,32.180530352473276],[-115.06167071678637,32.197414822802074],[-115.05477358657099,32.20015546768302],[-115.05175422560215,32.199600901844306],[-115.04297805819999,32.192977602415766],[-115.03206278918887,32.19559905652414],[-115.02435184283345,32.19298128263933],[-115.0163288210018,32.195311501024165],[-115.01108581253413,32.19186211232311],[-115.00384497549877,32.19313207525434],[-115.00125863625087,32.196295038164614],[-114.99739597127545,32.19566632333074],[-114.9939647528844,32.197141812054085],[-114.98767578257488,32.18672323515004],[-114.97940412908498,32.18412647783233],[-114.97383365705981,32.17744822731851],[-114.97577332071273,32.17311004241729],[-114.98117132266506,32.16852667057623],[-114.98780097925264,32.152064811833824],[-114.97819833389491,32.143919678050565],[-114.96062961098875,32.1447078460748],[-114.94704801711264,32.13086171344812],[-114.94565273251465,32.098446867808434],[-114.96707299955374,32.09664059438056],[-114.9807741763178,32.107238556677586],[-114.98352290640344,32.107105652490745],[-115.01425748492456,32.10017457945955],[-115.02817241944814,32.08954280483438],[-115.02562196861804,32.07942492707888],[-115.03252146906222,32.06209897681777],[-115.04027562672736,32.05380802436046],[-115.06300360691806,32.04527736555689],[-115.10622412795992,31.893603880114433],[-115.18549072144745,31.886104336596965],[-115.21042463530299,31.91307164776162],[-115.16915549674162,32.06087157592829],[-115.12710990347068,32.08880383801218],[-115.13426805875123,32.13751453806788]]]}},{"type":"Feature","properties":{"clues":"SCCSA000123"},"geometry":{"type":"Polygon","coordinates":[[[-111.47429307885618,24.501660043353144],[-111.5946735119514,24.503236852907126],[-111.60314098769658,24.506536992979854],[-111.57303469712909,24.62284455378189],[-111.58054337504905,24.629868885035762],[-111.7489719393495,24.675309232315428],[-111.77284724389156,24.691025144654],[-111.7295968474082,24.762359771003343],[-111.71309646469014,24.770047342145304],[-111.61597472435646,24.776829704061235],[-111.58179395225768,24.74857195558069],[-111.42330652585991,24.819014268795954],[-111.4189111945987,24.817112461616166],[-111.4189839160456,24.79931511133863],[-111.36625646567104,24.705376837010615],[-111.33203188669775,24.595845632494434],[-111.3094170783791,24.595060617883014],[-111.29146177221463,24.48848060171319],[-111.3186830455762,24.41060389984446],[-111.3259738533321,24.39698324657362],[-111.33623600157861,24.385915738509038],[-111.41582712445155,24.433925197080594],[-111.4242257657463,24.468064947264008],[-111.46717122800736,24.49826495711991],[-111.47429307885618,24.501660043353144]]]}},{"type":"Feature","properties":{"clues":"SCCSA000114"},"geometry":{"type":"Polygon","coordinates":[[[-110.82502982985613,23.918505019183044],[-110.85295502025575,23.94372045946519],[-110.86555194983949,23.95274348890916],[-110.87094838027802,23.955563688954957],[-110.87479494955248,23.955786259536826],[-110.88073505046326,23.967066448988934],[-110.88939588030374,23.97654444904354],[-110.90580351963041,23.988512949315002],[-110.91430328987182,23.999801278939515],[-110.95448003424427,24.033918486127508],[-110.99369099433076,24.062856857684036],[-111.00808928957429,24.07065736437414],[-111.00816981998058,24.078670455171782],[-111.02313068132185,24.093512343153673],[-111.0446945463358,24.108592176848358],[-111.11452258115543,24.152177698511114],[-111.16787937107871,24.17941143837069],[-111.11950535921507,24.232858632178598],[-111.07714736983282,24.245770395790952],[-111.0565945091008,24.233993602200982],[-111.0148199253944,24.186686356918546],[-111.00908344412302,24.14069925838798],[-110.92725454930175,24.079084260894277],[-110.89455142009508,24.097455337147114],[-110.83269024511608,24.12023074034305],[-110.81851772056244,24.119281217542998],[-110.76730469501715,24.143486074223105],[-110.76497790159955,24.14237836726151],[-110.69350805118616,24.02250421521139],[-110.6612979645508,24.00178741980622],[-110.64560138956965,23.97562898188713],[-110.6363072393091,23.964725382164303],[-110.59877040631358,23.95126731168776],[-110.62839773467843,23.840941135150604],[-110.6315592006,23.836642742832566],[-110.62176846573443,23.776532875640065],[-110.72005368319839,23.8105543039598],[-110.7216841836849,23.809927703388084],[-110.77405991041505,23.86640631967667],[-110.82502982985613,23.918505019183044]]]}},{"type":"Feature","properties":{"clues":"SRSSA004885"},"geometry":{"type":"MultiPolygon","coordinates":[[[[-110.41381587137099,27.253576513081107],[-110.42623348451454,27.260731552275043],[-110.42574331637145,27.26261846508588],[-110.42773492530529,27.26498840791944],[-110.43580129839546,27.26994244626973],[-110.46252026492624,27.28139955045121],[-110.48690498209947,27.28811676927182],[-110.52021981539627,27.291926286411126],[-110.52443146138471,27.29367281009586],[-110.52485024570258,27.296923154330422],[-110.52152138145597,27.2996464471912],[-110.51859107359985,27.29957149399735],[-110.51696955640632,27.297593924456567],[-110.51588450422517,27.29910011747456],[-110.5040439756531,27.300331220294698],[-110.48715429473482,27.298999895692226],[-110.47394480152683,27.293035158283836],[-110.47026422119542,27.296826786084956],[-110.46277962743928,27.293346823916874],[-110.46177311497433,27.294888714920724],[-110.45933178815602,27.293957156258458],[-110.4526788146342,27.29528489542489],[-110.45245752495535,27.297126597861652],[-110.44923454500805,27.29772265363619],[-110.44886967904954,27.300020192843807],[-110.44601751364877,27.301588385525704],[-110.44430787079298,27.30067467260816],[-110.44361544828983,27.302427144827355],[-110.4493339859521,27.303718246821592],[-110.45711458969569,27.309187537970224],[-110.4585096844241,27.312867029986947],[-110.4611872327883,27.3090086608963],[-110.46741481745408,27.310586316494348],[-110.46748263067855,27.311796272623297],[-110.4698803491835,27.310796873023744],[-110.47475991435667,27.31204286205557],[-110.47378067290947,27.314405979324345],[-110.4756559657652,27.317343438513614],[-110.47448895429321,27.31852062895459],[-110.46683660806534,27.316225638946023],[-110.4646986617466,27.316575420541493],[-110.4716086166243,27.318891825458522],[-110.47230817842484,27.32124035317826],[-110.46712571163076,27.32189708390205],[-110.46713285067008,27.32304993346975],[-110.46307697451128,27.3247231443455],[-110.46099027165656,27.32926746494092],[-110.46384182814361,27.329080329650413],[-110.46432746596003,27.325155756442253],[-110.4660513860485,27.325948116818406],[-110.4684213294142,27.324256320539142],[-110.47021306301684,27.325462706907334],[-110.4705806902602,27.324952312608474],[-110.47192984372387,27.32460253152944],[-110.47267937412064,27.323617435400735],[-110.4729684794375,27.32366383380565],[-110.4726407312977,27.326447246633194],[-110.47432477056232,27.327200902819744],[-110.47648056306953,27.32473816125165],[-110.47937160793727,27.325830332890387],[-110.48071005483776,27.32468819235625],[-110.4816665984012,27.325866025552457],[-110.47460316835175,27.348048550643433],[-110.47539196005489,27.354276789893056],[-110.4781009916474,27.353269304901897],[-110.47798319281691,27.357114297075228],[-110.48041381171723,27.359887558877237],[-110.47475664407537,27.362400270097513],[-110.47619502823959,27.36395643755301],[-110.47626216117746,27.36958832596857],[-110.48017467640253,27.37464616593337],[-110.48631725453795,27.374721119580375],[-110.49531332494432,27.38168842139488],[-110.49732124439902,27.381404769474567],[-110.4976565758459,27.383711912056572],[-110.49487029029436,27.382081819236163],[-110.49501180459742,27.38469344014696],[-110.49954824825012,27.384682732013943],[-110.50387767714962,27.387227565962657],[-110.51077692348571,27.384936144803646],[-110.51633058590588,27.379207592396313],[-110.52361887508447,27.37740872042225],[-110.52420065373354,27.375035207258893],[-110.52584605077674,27.37403226503267],[-110.53652745089146,27.372680731224982],[-110.53594745796433,27.374361225322847],[-110.53489157211536,27.37417979119625],[-110.53359773984386,27.37618746154832],[-110.53228308787652,27.376657405579973],[-110.53361558642845,27.37579484987349],[-110.5326905707747,27.373555183282107],[-110.53125992021889,27.375354650069998],[-110.52497630699277,27.37504144289528],[-110.52597170896803,27.378028933307903],[-110.53051038938544,27.3776805735449],[-110.52677761006655,27.381300328310726],[-110.52823502981468,27.385645819271154],[-110.52575444219123,27.390770583095158],[-110.52166771718096,27.38989613160719],[-110.51339314182927,27.39169857318394],[-110.5119238254924,27.397263537495107],[-110.5101154343952,27.398289680208457],[-110.51107316651154,27.39928310535142],[-110.50905954775239,27.400550167801423],[-110.51373221526556,27.397947632127057],[-110.51300945413638,27.39543432698775],[-110.52336689842136,27.39834052041938],[-110.52026978423144,27.403973617064118],[-110.51619495724813,27.407016353382833],[-110.51346452625891,27.406927122986612],[-110.5139433924716,27.41106143678156],[-110.51231048702104,27.411406459208692],[-110.51120106254827,27.41230768024159],[-110.51512420046458,27.41121015305799],[-110.5147727160395,27.408294500604807],[-110.51791365421606,27.40720573638153],[-110.51758208947196,27.41051314190412],[-110.51999614588392,27.411507585929606],[-110.51906521195379,27.408379955402538],[-110.52246186327896,27.404943247797704],[-110.5248212205861,27.407893071861718],[-110.52624520607542,27.416073177138927],[-110.5272178094847,27.41607615086493],[-110.52669135398757,27.407501167988286],[-110.52436119212476,27.40404540919413],[-110.52761740404485,27.402078375312726],[-110.52731893731487,27.39673113331491],[-110.53137591802887,27.397688866287737],[-110.52760744749871,27.39837296142768],[-110.5303021866533,27.401448414116334],[-110.52973706470299,27.40423238453665],[-110.53124802166207,27.404297819526136],[-110.53132615810033,27.39949999310239],[-110.53499236849068,27.397297484436553],[-110.5371728798746,27.397992247637994],[-110.53813061327931,27.400425246276445],[-110.53591397141182,27.40089005584505],[-110.53580468980832,27.399363412337937],[-110.53481423858759,27.39896187805802],[-110.53671019835669,27.40238402532525],[-110.54315722511251,27.40365239065194],[-110.54131880803367,27.402394575958233],[-110.54566264281627,27.401283808353313],[-110.54335650366372,27.401011188381023],[-110.54472766902055,27.40011591589681],[-110.54230954161302,27.39837296161656],[-110.5459441675601,27.394399261678412],[-110.54677485476515,27.396949138401332],[-110.54808831733023,27.39739171865033],[-110.54636082872032,27.39497894499637],[-110.5474313306573,27.39259979460371],[-110.54979358157266,27.394452528254266],[-110.5479429154973,27.394387364265373],[-110.54780004322694,27.395177928532764],[-110.54902409352854,27.395375764252705],[-110.55332941977576,27.392703894852943],[-110.55481024843785,27.39566884218526],[-110.55646733500464,27.395428378257776],[-110.55309147379404,27.40025868437697],[-110.55624321964441,27.398037771109884],[-110.55611772541722,27.40129755192588],[-110.55912935684219,27.403765415509184],[-110.55808444475754,27.408261771540456],[-110.55963827569634,27.41082539025273],[-110.55772792590471,27.410925613324686],[-110.55626619455653,27.414269830311163],[-110.55402606427336,27.413056640462326],[-110.55144964625289,27.414990522351477],[-110.54964125592095,27.415032161946765],[-110.5478388141428,27.411531379971002],[-110.54500725553456,27.413536075858318],[-110.54077969723689,27.412338720172993],[-110.54233174645196,27.414459698142114],[-110.54755922745194,27.41424396622411],[-110.54287168936337,27.415421798806],[-110.54109601665569,27.414229093975198],[-110.5404386901465,27.41432427342438],[-110.53938280522709,27.415103546324442],[-110.54067961096924,27.41714393394124],[-110.53754169723014,27.41643901913395],[-110.53675944899918,27.417536545068057],[-110.53822582870876,27.41730800116219],[-110.53842804581693,27.418931503943135],[-110.53595638139126,27.41936278128183],[-110.53570356316133,27.420992712394717],[-110.53815155425286,27.4200032707659],[-110.53778261666427,27.421992085991253],[-110.53960885322435,27.422119982320527],[-110.53990147122987,27.419921517666275],[-110.54113740548318,27.42050697929863],[-110.54327058062093,27.416838563058484],[-110.54621186647137,27.415654411804997],[-110.54744917729589,27.417384854599675],[-110.5477376868781,27.415353390268034],[-110.55244307134534,27.417268856432706],[-110.55127444599626,27.41949428731552],[-110.54885605406368,27.420016456968042],[-110.54956612343746,27.42108980051089],[-110.5517946679428,27.420026055786867],[-110.5462647509698,27.426243808916432],[-110.54204185198415,27.42651900989822],[-110.54724636765846,27.426790209282302],[-110.54627901179464,27.42861081803729],[-110.54027212819439,27.430397532078484],[-110.53918664890806,27.43195871922421],[-110.5396029050528,27.432964375646765],[-110.5473471450356,27.43127564562962],[-110.54755725263982,27.434274977196726],[-110.548207631371,27.429802667125955],[-110.55080421722674,27.42947846527787],[-110.5529933223268,27.425754609456526],[-110.55256204375766,27.423288892247047],[-110.5547987376083,27.42420201041309],[-110.55614578139496,27.42221524351516],[-110.55564950476298,27.42187852893032],[-110.55542133348295,27.421183579373565],[-110.55620559423815,27.420171798500174],[-110.55572675120231,27.421727471387378],[-110.55786777016151,27.422373894344844],[-110.55831439083596,27.419306269111406],[-110.56028529004143,27.42413786019071],[-110.5621334261036,27.424975335076343],[-110.56142256183726,27.427021672283416],[-110.55970637554944,27.426084759286983],[-110.55936309297202,27.426777059607137],[-110.56339414141216,27.42817152638607],[-110.56081282534456,27.42996922941284],[-110.56270152152241,27.430135791569686],[-110.55961119682918,27.43231299827394],[-110.55950783985408,27.434640270934647],[-110.55587544423165,27.434079747769363],[-110.5547090855824,27.434638161967527],[-110.55484037804551,27.43634618380719],[-110.5557029334956,27.43637890263321],[-110.55574299252424,27.43545875355251],[-110.55613991816946,27.434840672862013],[-110.55637522099774,27.434790045530814],[-110.56127087243942,27.43590598387543],[-110.56176163468831,27.437259302632004],[-110.55877541210555,27.437306892334785],[-110.55615800462587,27.434948251507535],[-110.55597062184206,27.436967818969634],[-110.55816469312428,27.437615254664486],[-110.55838609206086,27.439852818157267],[-110.55561288543684,27.440924267403666],[-110.55912159882295,27.442303362837453],[-110.56407979964044,27.437804695474192],[-110.56538552956486,27.43992241489182],[-110.56397867288995,27.441986596906023],[-110.564853125336,27.443381557287356],[-110.56896661764034,27.43902714293259],[-110.57316636719085,27.439324575038604],[-110.5742609191645,27.44048456331732],[-110.57099808323069,27.444488006149403],[-110.57220566001926,27.44850334605997],[-110.56886846596699,27.4498150241599],[-110.57217591671906,27.44960384761673],[-110.57268750111552,27.450674604296406],[-110.57025450202343,27.450784655586574],[-110.56664664360228,27.45626931200428],[-110.56305960695151,27.455552499785693],[-110.5634194997981,27.45369057118613],[-110.5619947979547,27.452994579421976],[-110.56239038255487,27.455704189816093],[-110.56085563133173,27.455977828331257],[-110.56097460376387,27.454797020796743],[-110.5596123620828,27.454312205877816],[-110.56073070884239,27.455046864008807],[-110.55957964512116,27.456697614786307],[-110.55535312729516,27.454627483766874],[-110.5536339670708,27.451468749800267],[-110.54852704781239,27.452795298846997],[-110.54340525862793,27.45131408506176],[-110.54300075015402,27.452179614501905],[-110.5461892283261,27.453211705538],[-110.5450679073009,27.45572501042695],[-110.53711455945735,27.457292480354027],[-110.5401335001527,27.458964051957718],[-110.54652532691186,27.457652374202947],[-110.55401170625281,27.45903841014453],[-110.56022507372398,27.457973600860846],[-110.56601192344299,27.459937846336143],[-110.56841755766266,27.459070533161093],[-110.56921705711362,27.45697184849911],[-110.57341799538031,27.45665062122674],[-110.57575938475979,27.45436276897965],[-110.57740478223883,27.45580829230047],[-110.58253371046636,27.456197333319896],[-110.58680921289418,27.450927754651012],[-110.5878759200008,27.451535198253378],[-110.5875977978423,27.443600764256527],[-110.589123033336,27.44011723283789],[-110.5904555314584,27.44171147251469],[-110.5905982983715,27.456238082574053],[-110.58670541761961,27.50003495117311],[-110.56753884917005,27.49994481076175],[-110.47536293341645,27.48499088065755],[-110.46031777765718,27.48388487377794],[-110.42934496702152,27.435334810656627],[-110.4063804835026,27.418298477802395],[-110.37714518964711,27.388186323705053],[-110.37090258532437,27.384507976861627],[-110.35287943599202,27.362525455131667],[-110.35429077075682,27.35823974404344],[-110.35236475002897,27.34633291175424],[-110.34218227675565,27.306038016968685],[-110.35664550338268,27.252807166514348],[-110.36669585145034,27.238303016698715],[-110.38996301595316,27.228076773699048],[-110.39460886227228,27.234991732925902],[-110.41381587137099,27.253576513081107]]],[[[-110.58181897757265,27.329218410013574],[-110.57956611076423,27.328521628122324],[-110.58000344217068,27.326412199586176],[-110.58267971561422,27.325117805624362],[-110.58234696433145,27.326397418570902],[-110.58366608605253,27.32602367105609],[-110.5844884578313,27.327755143249046],[-110.58540447643254,27.321898344183857],[-110.57302803316243,27.312420350066734],[-110.55868914949863,27.307966180515997],[-110.54340594444129,27.305462251105556],[-110.53675196265358,27.302152690836277],[-110.5319238219998,27.302685320724766],[-110.53120777170383,27.298850761453597],[-110.53425635844046,27.288271850139726],[-110.58269550261107,27.30357627755165],[-110.5976008012561,27.312706593242446],[-110.60172395153286,27.318701365002884],[-110.60420770543078,27.32664532582658],[-110.60610241289464,27.346835868077214],[-110.59709482969859,27.391348805024165],[-110.59677930973406,27.41422634665841],[-110.5951421716548,27.416626527555596],[-110.5895264299467,27.41479872452781],[-110.5910535700574,27.4074531120228],[-110.59340184642281,27.405433809241984],[-110.60270636979092,27.36159263165331],[-110.60102894453499,27.3621815682228],[-110.60110024860639,27.36117889603454],[-110.59586986920367,27.359807225894727],[-110.59563991395422,27.358844639880875],[-110.59799876581617,27.358886226127517],[-110.597474682129,27.35623562660981],[-110.59568970845702,27.35359474279357],[-110.59697674320265,27.356572328601896],[-110.59543657891331,27.357408276514946],[-110.59359456067192,27.356694238354336],[-110.59401050036894,27.355543746037206],[-110.5920948019463,27.35578440042237],[-110.59263671247366,27.354929442298776],[-110.5847875759117,27.348154559358658],[-110.58471532168326,27.34608054982147],[-110.5826427543595,27.3461413520745],[-110.58286712414356,27.34300662120242],[-110.58021485560532,27.33991613807197],[-110.58532081138806,27.33814157447594],[-110.57903655854373,27.335889810399244],[-110.5796640330515,27.33777420084897],[-110.57728596842107,27.33253900001015],[-110.57816157949895,27.331663170088305],[-110.57966133848913,27.332773580947556],[-110.57886261701927,27.33355069394056],[-110.5810911019495,27.333952708380508],[-110.5798966247488,27.330926499916075],[-110.58181897757265,27.329218410013574]]]]}},{"type":"Feature","properties":{"clues":"SCCSA002636"},"geometry":{"type":"Polygon","coordinates":[[[-110.34038661161978,28.105841526798798],[-110.26657662930445,28.046429793362766],[-110.3088197969431,27.95018956526564],[-110.3713411108535,27.921327346066906],[-110.5009748381116,27.990022740872913],[-110.50674263235344,28.00968694481613],[-110.5376942466226,28.014404087884746],[-110.55594148970509,28.030281913691375],[-110.5714510009989,28.03625132455973],[-110.57853374185056,28.094449297750238],[-110.57000584443895,28.11350105544018],[-110.56690990449762,28.115223121381653],[-110.55817989987828,28.11491636533152],[-110.52904225286996,28.11935458948709],[-110.42228657309094,28.15129786631642],[-110.41115763684321,28.149611216267438],[-110.40153768305218,28.138191362565856],[-110.34038661161978,28.105841526798798]]]}},{"type":"Feature","properties":{"clues":"SCCSA002648"},"geometry":{"type":"Polygon","coordinates":[[[-110.20152977920499,27.47055632286129],[-110.202275641221,27.46601664568548],[-110.20894976318415,27.452737675312015],[-110.21202958578074,27.454857799297162],[-110.22504066130865,27.45443519546603],[-110.22894081924744,27.45660703464473],[-110.2319331816404,27.465141406700013],[-110.24616128742086,27.470315189214983],[-110.25900131284376,27.49790199620192],[-110.27982487339224,27.491592243816093],[-110.31189343380821,27.49232667875256],[-110.3534606935342,27.51734824231925],[-110.31964007344799,27.54149423477965],[-110.27344540411409,27.555024395888562],[-110.25566264760432,27.501256427510597],[-110.25275426293001,27.502212834691615],[-110.24075990926457,27.521910388950676],[-110.22148302574146,27.53632045032107],[-110.20522255197285,27.52888039268361],[-110.19860563964137,27.534713369160965],[-110.19238188347578,27.534070727045727],[-110.17109810273553,27.54182183389631],[-110.16648557558936,27.538857450498202],[-110.16615690093994,27.530140314302837],[-110.16371850914926,27.528549070990636],[-110.16191020801078,27.520950273670636],[-110.16287017061457,27.504098199784675],[-110.16722107898583,27.49674889205761],[-110.1739592201499,27.49659333326341],[-110.17883682950155,27.49436159292548],[-110.16887499917144,27.46513898281845],[-110.16510805456846,27.459003664464316],[-110.17072035877993,27.452921825327586],[-110.1871026673489,27.45187726217428],[-110.18879756839617,27.453317358019127],[-110.1891181747327,27.46496835936026],[-110.19747472630267,27.465116034745606],[-110.20152977920499,27.47055632286129]]]}},{"type":"Feature","properties":{"clues":"BSIMB000223"},"geometry":{"type":"Polygon","coordinates":[[[-110.30765117632512,24.07479371737268],[-110.31070541925176,24.073894534438566],[-110.31548326824432,24.076072166183828],[-110.31512376949911,24.08228008371859],[-110.30813281488702,24.096310456278385],[-110.29962432226222,24.102148429309466],[-110.29238084362957,24.101313378679713],[-110.2864757469254,24.106003879490313],[-110.28148630269206,24.101739112466127],[-110.27070859725967,24.099102723324236],[-110.27209264765825,24.090995605496424],[-110.27981287094971,24.086230944865562],[-110.28463803356235,24.089270913529074],[-110.29386286517803,24.084458320919293],[-110.296993040183,24.0862411176396],[-110.2971174361501,24.081889589286575],[-110.3018532376273,24.079241268017064],[-110.30593240648139,24.083772943300662],[-110.30765117632512,24.07479371737268]]]}},{"type":"Feature","properties":{"clues":"BSIMB000305"},"geometry":{"type":"Polygon","coordinates":[[[-110.07705957516836,23.62377232078033],[-110.05455601880395,23.626669724695727],[-110.06173496402417,23.64835646872521],[-110.0545235568794,23.65702717691581],[-110.04898898357796,23.67367655598666],[-110.05427430583528,23.67724711017489],[-110.06623619975555,23.680251045309596],[-110.05993435577638,23.722114065379877],[-110.03001123772358,23.746060558650694],[-110.03831085178538,23.77157355111648],[-110.04329022553027,23.781144249039905],[-110.02454341901556,23.80392738439257],[-110.04181420260862,23.811327066957627],[-110.05125697660476,23.812300456298907],[-110.05781060268872,23.811561534038656],[-110.06983297374443,23.804127666170686],[-110.08918684282145,23.82477347612129],[-110.09268114323916,23.840057622705785],[-110.09533474983427,23.841744819616164],[-110.1055377373991,23.840988547005573],[-110.11486046625664,23.83712051783738],[-110.12468511391292,23.830769802103067],[-110.16064425433605,23.83672751540162],[-110.15547838685313,23.857397504691615],[-110.14954396363544,23.859958346352272],[-110.14251305041425,23.86778406420921],[-110.14098711101433,23.871667517420892],[-110.13646281761302,23.871923108010613],[-110.12657231613464,23.877338545036242],[-110.13206494044627,23.887688265506714],[-110.13035247516893,23.905083135016767],[-110.11317893943821,23.907709517854688],[-110.10192127516956,23.92693188475009],[-110.09788322396707,23.92924054542069],[-110.09498467603125,23.941967589976013],[-110.07849801314403,23.94127377153784],[-110.06251092975148,23.947404137717434],[-110.03522087300543,23.95021363508188],[-110.0285059391317,23.92817797109561],[-110.0085818679242,23.9013201106001],[-110.00243858941477,23.89837054712832],[-109.98511850860945,23.872905429656765],[-109.96396417555977,23.872794292220288],[-109.93429911904511,23.867818716740125],[-109.90783976418064,23.840907462301704],[-109.96653572460626,23.791611860951818],[-109.96778846833962,23.79209032108388],[-109.99263797018142,23.75077722107661],[-109.99797455254591,23.744895268801002],[-109.98927547025207,23.73776129336339],[-109.9742682729592,23.72176964349958],[-109.9560198619151,23.718685550937366],[-109.95017078811497,23.686873550026817],[-109.91648313555217,23.682518950478244],[-109.91340993677709,23.680082594560712],[-109.87977889252434,23.672072142656802],[-109.87110880631504,23.66655106196263],[-109.86237528307592,23.666170719930122],[-109.85906230930783,23.66715928903982],[-109.84557580824413,23.680633573612642],[-109.80897543485126,23.69219493433532],[-109.80051212209669,23.69219996539767],[-109.78484646773445,23.68361490812882],[-109.7902153472953,23.665076115118072],[-109.8022420501532,23.640460997454994],[-109.80263767582773,23.621968185914934],[-109.79919654700318,23.593019312416924],[-109.80937573688841,23.589386364890565],[-109.82942909636769,23.57685430848817],[-109.83509241171184,23.575461320782605],[-109.84673783517663,23.57491830554289],[-109.88300014891513,23.578274716305877],[-109.93510519487609,23.5196429931548],[-109.98605763202804,23.57715518170681],[-109.991949849032,23.589599381355043],[-110.00430085559624,23.59359318655072],[-110.07310942802195,23.583263819865717],[-110.09487944272894,23.57499061427382],[-110.11351296473211,23.579679772172057],[-110.09051801964327,23.62536174184972],[-110.07705957516836,23.62377232078033]]]}},{"type":"Feature","properties":{"clues":"BSIMB000462"},"geometry":{"type":"MultiPolygon","coordinates":[[[[-110.97979347666002,18.85749866645977],[-110.9771354011145,18.86154562429623],[-110.97774671345657,18.854759012965655],[-110.97564904465648,18.85275358556225],[-110.96980351642621,18.854412718994585],[-110.9692901027315,18.85195549865427],[-110.96263101034283,18.846739400124683],[-110.96219525947117,18.84356116977541],[-110.95841684786521,18.84130208455681],[-110.95946193973202,18.8393677479917],[-110.95774345186575,18.837958012822423],[-110.95098751754992,18.836416070013733],[-110.94796020257566,18.840412342687998],[-110.94544378695461,18.8395179535562],[-110.94446006674285,18.834896251831978],[-110.94305720148314,18.833683610851207],[-110.94026304939712,18.83431771621963],[-110.94122131022911,18.831632671378106],[-110.93782977354674,18.827766104847466],[-110.93941437599518,18.822523821102862],[-110.936380444755,18.822380092275765],[-110.93282228062449,18.817695371521356],[-110.9303039425342,18.8173409051114],[-110.9305870612336,18.81300406680672],[-110.9266759266829,18.810428236502435],[-110.92378785942309,18.806225636432917],[-110.94410159354219,18.722188860444014],[-110.94954893125498,18.726344887771884],[-110.94918838962353,18.721230892707975],[-110.95147452080089,18.71922298255807],[-110.95634624378548,18.721308548868226],[-110.9581197451467,18.72377060835342],[-110.958039958177,18.727926952407163],[-110.95495878606694,18.731254223167436],[-110.9606981749891,18.73350400538295],[-110.96077994278264,18.737050828952256],[-110.96236067668485,18.737340571755162],[-110.9636228958475,18.735465469096553],[-110.96408284332874,18.740933606455],[-110.9661136617341,18.740788508226554],[-110.9708173393132,18.74528358030824],[-110.9793757035209,18.74710053361715],[-110.98263559822081,18.74457794784808],[-110.98453951040307,18.744800163196892],[-110.98819929061763,18.748733172030985],[-110.987280910779,18.751235939178038],[-110.98898144584955,18.7529581871745],[-110.99663061367771,18.7539646131546],[-111.00021426447339,18.758261953979048],[-111.00596024094477,18.752566104866272],[-111.00939970654302,18.752768027773048],[-111.01089114729938,18.75627851405094],[-111.01305708687266,18.756268687925914],[-111.01553553434857,18.753744180210823],[-111.01862236686127,18.760806829569987],[-111.01513742856574,18.764495730745903],[-111.01706852866974,18.765123921049987],[-111.01907557075884,18.763851572570513],[-111.01991331803275,18.76737725084731],[-111.02296331366439,18.768922234891612],[-111.02142926825559,18.775062219040855],[-111.02246515771775,18.776248061913865],[-111.02354689114159,18.775079158732762],[-111.02828882181598,18.775154526204552],[-111.02752200728138,18.778416560508944],[-111.03331612207678,18.78030061664794],[-111.03586203219969,18.787923751929032],[-111.04057049151177,18.784064707393387],[-111.04623477701978,18.78588410850901],[-111.0488843512074,18.783660659583994],[-111.0491106780708,18.779854983813685],[-111.05224292029007,18.781490489299784],[-111.05462417345059,18.779403094268243],[-111.05559143869058,18.780688869385113],[-111.05343097574999,18.78648306614074],[-111.04576898962486,18.790640232486233],[-111.0474279665539,18.793996530461538],[-111.04572300802084,18.79450710492279],[-111.04515416778452,18.79314927815007],[-111.0435709865328,18.79511654540935],[-111.04188026058185,18.795842225601245],[-111.0415109221586,18.79483240111355],[-111.04096888641504,18.79844109780124],[-111.0434620168606,18.80107530002751],[-111.04645278372801,18.80171146207482],[-111.04510413366036,18.807216813005546],[-111.04821316711458,18.808493872559062],[-111.04577106313147,18.809672822689006],[-111.04342080241014,18.814518404388604],[-111.05028393869881,18.81463361995897],[-111.05139811521747,18.816990719771717],[-111.04162408750605,18.816690539375227],[-111.0428999603718,18.814645724753888],[-111.04045487260233,18.81388066168642],[-111.03702311208882,18.821047288384626],[-111.02743141479041,18.818935115619926],[-111.02851961918432,18.823190047039542],[-111.02510509984224,18.826059123087134],[-111.01741283079193,18.822560238393653],[-111.01200811633112,18.826955019370097],[-111.01338983629141,18.828792344601045],[-111.01127944554935,18.829278807949485],[-111.0104643725925,18.831439764178054],[-111.01253334394258,18.834083197803707],[-111.01188087630378,18.83489034048563],[-111.01060270508131,18.83309478505094],[-111.00832532808242,18.836015368334905],[-111.00917713369032,18.838988567954736],[-111.00703071798054,18.840077168990888],[-111.00989792473365,18.84379376432362],[-111.00828585363598,18.846866544829663],[-111.00063556840112,18.85318093922112],[-110.99967764090866,18.85165411179049],[-110.99792932026058,18.85190270074197],[-110.99889853917293,18.85894935936333],[-110.99557785820261,18.860588079932715],[-110.99515372913805,18.859509335367882],[-110.98933723441533,18.86076906498729],[-110.98845858593394,18.86197366754489],[-110.99118679573422,18.862818745757867],[-110.99109939299775,18.864552135243144],[-110.98855396614417,18.866480401247504],[-110.98378472298798,18.863740962737996],[-110.98635164587216,18.8598433239942],[-110.98201664647088,18.86063023605244],[-110.98227564479662,18.859195691291873],[-110.97979347666002,18.85749866645977]]],[[[-110.80731418205913,19.301188143310853],[-110.81035372262315,19.30077053461408],[-110.80978587624622,19.299813148427166],[-110.81265532509548,19.298234778506725],[-110.81420969762705,19.29880433516693],[-110.81860547700761,19.30223949510601],[-110.81885127164081,19.30651753213884],[-110.81569393438666,19.31438640864683],[-110.80872151836459,19.31803549325238],[-110.80507780993769,19.317917989222853],[-110.80319543592923,19.320099011610296],[-110.80567629342923,19.325207269848054],[-110.80330828053131,19.326726246435314],[-110.80236729076852,19.32489005072926],[-110.80052702471095,19.32625812371007],[-110.802237050973,19.334113014316223],[-110.79742482649966,19.33451372180826],[-110.79622055448256,19.333964404989434],[-110.8046805666553,19.29896581026256],[-110.80731418205913,19.301188143310853]]],[[[-109.96940135291712,22.887194733431404],[-109.97192058266535,22.897123401215776],[-109.96442922162781,22.902101658749565],[-109.96236848226461,22.906276979997514],[-109.96739044034753,22.90816097628047],[-109.96329352131072,22.920830191910564],[-109.97585173587048,22.934620480870123],[-109.96900158319426,22.941967036501403],[-109.96013293104224,22.937725131279983],[-109.95427544279644,22.925861174214628],[-109.9512074444326,22.92558212032455],[-109.94747175328351,22.928468015617682],[-109.9463169611204,22.92782374191594],[-109.94646503871368,22.918630663526866],[-109.93927463985413,22.91284913955715],[-109.9402614239541,22.908664396608717],[-109.95025844188528,22.906878652235818],[-109.94812273926361,22.900847839863257],[-109.95105324910821,22.891264225013312],[-109.95835360456142,22.88346804172155],[-109.94404023183377,22.88125793502914],[-109.94233832169989,22.87759285431561],[-109.9432765112685,22.872444223434716],[-109.95715345779209,22.873619430541275],[-109.9637399723118,22.872086577813615],[-109.96843226865421,22.873561844365632],[-109.97005872028392,22.874798195623672],[-109.96940135291712,22.887194733431404]]],[[[-110.13508053572403,23.165762407172195],[-110.14466652145057,23.198079241647502],[-110.11310450699433,23.2007826458067],[-110.11462820160457,23.187284003512655],[-110.11396699470045,23.173076536247624],[-110.11771371231703,23.17007827926006],[-110.13508053572403,23.165762407172195]]]]}},{"type":"Feature","properties":{"clues":"SRIMB002384"},"geometry":{"type":"Polygon","coordinates":[[[-109.97305293838184,27.516672484782326],[-109.96268742745119,27.517332567075005],[-109.95271269304864,27.520463338383973],[-109.9558290415397,27.526296176688923],[-109.96047624641795,27.527973875674977],[-109.96244656751396,27.531175513675382],[-109.96542874977688,27.531544633571166],[-109.96834600514755,27.534374289639413],[-109.97030798407192,27.53399391456306],[-109.97393830606792,27.53884756152592],[-109.97008807336502,27.545446875567],[-109.96755081487672,27.53559942198598],[-109.96184652695098,27.539608333993414],[-109.95686684100657,27.53976557182723],[-109.95212989935852,27.544171916894218],[-109.94722549906625,27.545858365814766],[-109.94037460598445,27.54589217641076],[-109.93497431597922,27.543110822353324],[-109.93156294379973,27.54639032503561],[-109.92365913806567,27.54735564682966],[-109.92705086524033,27.54389956464505],[-109.92357649048166,27.5393077220037],[-109.92055102170869,27.53834414189622],[-109.9144247325626,27.54208227037938],[-109.90684558672868,27.537893731383967],[-109.90380884478036,27.538755175304132],[-109.89593044981896,27.537607221976355],[-109.88430663303198,27.549997059447893],[-109.87389412176216,27.55352932480802],[-109.85890343644685,27.550416157326392],[-109.85861481113257,27.538005679716054],[-109.86980980241536,27.53127383223616],[-109.87053107178814,27.5227233165308],[-109.86457217135033,27.51512854823625],[-109.86608740898362,27.51296800904105],[-109.87883029761655,27.508521693983024],[-109.88241725030872,27.50884372692578],[-109.88527406797805,27.506486569745334],[-109.88115026974477,27.494215553003897],[-109.88454513085573,27.48225895129669],[-109.89079481069855,27.48719888208848],[-109.90085286297213,27.489771460958366],[-109.90370293853199,27.48850465812287],[-109.90944858329466,27.490468100847515],[-109.90703177178145,27.492767565109546],[-109.91008158275383,27.494355720096717],[-109.92420914593984,27.49358251851116],[-109.92778006456597,27.49914815167807],[-109.94556934874,27.499412775164863],[-109.95027684203133,27.50232333025514],[-109.95599906361885,27.50299143003272],[-109.96028172727156,27.507705910213843],[-109.96335834159754,27.503818760458433],[-109.963218446592,27.50031476867446],[-109.97029023464934,27.498370392029752],[-109.9718731810758,27.503717697396468],[-109.96817032198696,27.508835227941805],[-109.97305293838184,27.516672484782326]]]}},{"type":"Feature","properties":{"clues":"SRIMB002080"},"geometry":{"type":"Polygon","coordinates":[[[-109.95303566155287,27.039366994967203],[-109.96720711969807,27.05418031905074],[-109.997516384689,27.06916790309995],[-109.95470062702414,27.093256642064294],[-109.92986697090795,27.09478834213944],[-109.92871715600792,27.111916660272744],[-109.92549309270932,27.112155025965407],[-109.91238388388275,27.093196639215005],[-109.92429209213434,27.08945829131623],[-109.92862048061573,27.08512015115397],[-109.91902023267694,27.067585809963237],[-109.95303566155287,27.039366994967203]]]}},{"type":"Feature","properties":{"clues":"SRIMB002075"},"geometry":{"type":"Polygon","coordinates":[[[-109.78804074169298,27.10088129185885],[-109.79263179836978,27.110525970155898],[-109.79831138476374,27.115205734978037],[-109.79701145940685,27.145021213772846],[-109.82039500337673,27.14383047125529],[-109.82542668877574,27.150280482573773],[-109.82557534141873,27.156371552562305],[-109.81632124889705,27.16746580851813],[-109.81711946069429,27.185016992908988],[-109.80987912784222,27.203116981138194],[-109.80509853809718,27.20705437462642],[-109.81877943550408,27.22575024888116],[-109.81769898544394,27.23412583821998],[-109.80924712054012,27.239924621010186],[-109.79203915831839,27.22634879006962],[-109.78369234164066,27.247313059303988],[-109.76665365871324,27.24564472351784],[-109.77113261344391,27.269895132932103],[-109.76728328243969,27.275607355188733],[-109.75574286349132,27.28141741162081],[-109.75264567276002,27.274328942475258],[-109.73942684983844,27.25810585334661],[-109.7084529925441,27.282443593797524],[-109.69467979498097,27.27558526069522],[-109.69052000156417,27.246648010506227],[-109.69168039083411,27.2456201024419],[-109.67944466104476,27.189413497539732],[-109.67685074084103,27.18907147312888],[-109.67692310874601,27.161312934525892],[-109.68461690535206,27.152651870979373],[-109.68018184487867,27.14715342339305],[-109.67455122467729,27.122452288070196],[-109.69354103547352,27.11618559317262],[-109.70632520377397,27.12008450891381],[-109.71549298122311,27.135771297911138],[-109.73117704264064,27.1343592662827],[-109.74520235917726,27.12686899031464],[-109.7383209567378,27.102497168680824],[-109.7687797718761,27.096150959178626],[-109.77559912229289,27.090448794131795],[-109.78804074169298,27.10088129185885]]]}},{"type":"Feature","properties":{"clues":"TCIMB002536"},"geometry":{"type":"Polygon","coordinates":[[[-92.14941865894463,17.893582935424003],[-92.17529073210643,17.91536585976074],[-92.1896025134835,17.922215411817103],[-92.18597803319669,17.933925398136193],[-92.18565602313197,17.94884235844301],[-92.20244049493598,17.962755041545993],[-92.20322068227308,17.98870317674716],[-92.17622780104206,17.998103004497263],[-92.16977510435878,18.009196468117995],[-92.15802323416656,18.006236276116418],[-92.15210197624722,17.988550990924427],[-92.16210799866477,17.976852872958823],[-92.16244402161847,17.966451806907124],[-92.12709299875233,17.96767579106672],[-92.12399206113328,17.965950234389098],[-92.12180967742138,17.95896087279814],[-92.11541121695817,17.95081925694462],[-92.1182704350552,17.94423118625539],[-92.12526742520186,17.93801227119926],[-92.13497559134007,17.909371688293042],[-92.13790177862423,17.908545384320227],[-92.14077261785238,17.901640423402174],[-92.14941865894463,17.893582935424003]]]}},{"type":"Feature","properties":{"clues":"SCCSA002854"},"geometry":{"type":"Polygon","coordinates":[[[-91.86495896650285,17.9464013098326],[-91.88532757178062,17.933800176260398],[-91.90211384227815,17.953053954775307],[-91.9078353742828,17.954617078768212],[-91.91264818467322,17.95410553220552],[-91.93392681600096,17.942098180344274],[-91.93819512128773,17.942448621016386],[-91.93426856845281,18.003462508548903],[-91.92316786066358,18.004640461176148],[-91.9048452130275,17.99348917508698],[-91.8872092926605,17.990048943505563],[-91.87440361463862,18.002350529938763],[-91.86940972005753,18.018143797622265],[-91.86371670561313,18.019196484179076],[-91.82652032899242,17.989945803968318],[-91.82526065111219,17.98478599992282],[-91.82806794498862,17.982280060879724],[-91.84493303395578,17.978540645332103],[-91.86377188084343,17.964943477852216],[-91.86495896650285,17.9464013098326]]]}},{"type":"Feature","properties":{"clues":"SCCSA002710"},"geometry":{"type":"Polygon","coordinates":[[[-91.20236256275336,17.9525371250707],[-91.21876502438731,17.944389657981493],[-91.24693088325927,17.955601742043463],[-91.24760536066822,17.966070233243297],[-91.25772736008278,18.00180369861487],[-91.23552314294176,18.001901004067513],[-91.20248373785758,17.99337603030429],[-91.20551991368222,17.972977578755668],[-91.20236256275336,17.9525371250707]]]}},{"type":"Feature","properties":{"clues":"SCCSA000210"},"geometry":{"type":"Polygon","coordinates":[[[-90.89537256044169,18.112776390126967],[-90.88770853078584,18.089259302981006],[-90.90161833334845,18.054172289229655],[-90.92027542444576,18.047205305457013],[-90.93448141524074,18.049553836273574],[-90.94524168570365,18.078183562175546],[-90.95301592358774,18.087034645181568],[-90.98981747955203,18.082807431671636],[-91.0003194875732,18.100141386646715],[-91.00051507985127,18.124892304027682],[-90.98829548329138,18.126725957557127],[-90.96547891926488,18.122628963240498],[-90.94638084227142,18.128628194072014],[-90.9394415652881,18.132956341279122],[-90.91507371943126,18.133609528183104],[-90.89537256044169,18.112776390126967]]]}},{"type":"Feature","properties":{"clues":"CCIMS000255"},"geometry":{"type":"Polygon","coordinates":[[[-90.7671620639376,18.12475929163614],[-90.77811346272921,18.15060865708526],[-90.76286990057476,18.174943237210265],[-90.75876602692325,18.19056268190138],[-90.74937798559355,18.199916535615518],[-90.74782851119501,18.20953699909144],[-90.7485105736632,18.216206791354445],[-90.75659847035979,18.229710320525392],[-90.754102320644,18.251504276089154],[-90.71506454647076,18.242868175671575],[-90.70586542994289,18.239262778728683],[-90.67463909270715,18.25320332777242],[-90.64729315715836,18.253480024050276],[-90.63192795778312,18.24742813013364],[-90.6185433203665,18.23928971983445],[-90.61306292127031,18.230942040680656],[-90.6066777059565,18.185223687940336],[-90.62102115210931,18.16613919014008],[-90.62732272694087,18.16105430074924],[-90.67465407428101,18.14217846548378],[-90.68846596039728,18.12592668742664],[-90.72445458274373,18.132328571775375],[-90.75746758993526,18.12245884443222],[-90.7671620639376,18.12475929163614]]]}},{"type":"Feature","properties":{"clues":"CCIMB000370"},"geometry":{"type":"Polygon","coordinates":[[[-90.58939061054724,19.18739727469924],[-90.59648178577409,19.20004957397165],[-90.60085357149107,19.217294590366585],[-90.61478810363437,19.23227963013288],[-90.62306599488878,19.22432225336651],[-90.63930574983712,19.22153218006118],[-90.68684127278615,19.22525319891772],[-90.68600034850803,19.232655100568028],[-90.70684638982017,19.265203166911512],[-90.71475358471996,19.275057916610105],[-90.71454684893946,19.27729484324449],[-90.6896432227131,19.30036531910772],[-90.68829745535295,19.303722463690733],[-90.67364976507926,19.3141177883773],[-90.6667792451728,19.31352133000272],[-90.65593955803415,19.30908341529398],[-90.64579678685257,19.300294691941193],[-90.61679409193844,19.31081316590583],[-90.6067950304684,19.331081035644974],[-90.59147668290807,19.33530995660978],[-90.6046145179335,19.3829565379142],[-90.58896476117982,19.37734470424533],[-90.5537602356891,19.37470492056372],[-90.53836457834045,19.36084083968944],[-90.51944541117471,19.3574795481889],[-90.51101143480017,19.353278431079147],[-90.50800321562427,19.347998102833387],[-90.51211194232363,19.332549370686245],[-90.54157650177841,19.297966467202347],[-90.54761376115403,19.256340379416272],[-90.51947589056253,19.234061294555996],[-90.51919894309924,19.21940897467864],[-90.57566755254048,19.20055528765588],[-90.58939061054724,19.18739727469924]]]}},{"type":"Feature","properties":{"clues":"SCCSA000227"},"geometry":{"type":"Polygon","coordinates":[[[-90.25024471545619,18.474534711811025],[-90.24477932535201,18.49218660885824],[-90.24923123524894,18.511695522668983],[-90.22350163687574,18.53461959037229],[-90.22341102310914,18.54191088553154],[-90.21668176202678,18.564531809144352],[-90.2000851630171,18.58393310426274],[-90.17959328019272,18.579553331007663],[-90.13909937621443,18.552288725624873],[-90.08437623277382,18.48734548350761],[-90.05631849940843,18.464443059568442],[-90.05019778750408,18.447259755593095],[-89.98857772464441,18.170406317205163],[-90.30535268802441,18.320681554116724],[-90.33349500820944,18.36533013529956],[-90.33609724527196,18.38108735786876],[-90.25548900498964,18.445555908395477],[-90.25024471545619,18.474534711811025]]]}},{"type":"Feature","properties":{"clues":"CCIMB000860"},"geometry":{"type":"Polygon","coordinates":[[[-90.0856346794436,20.352994805191486],[-90.075622199088,20.347955183531713],[-90.06618620873112,20.335003150619915],[-90.06617116458628,20.321864627660673],[-90.07474789854436,20.31308052623339],[-90.093295342073,20.30696049695853],[-90.0856346794436,20.352994805191486]]]}},{"type":"Feature","properties":{"clues":"CCIMB000971"},"geometry":{"type":"Polygon","coordinates":[[[-89.89048852160678,19.977632307914515],[-89.86221859800457,20.04419962285891],[-89.86496145374922,20.051954189043098],[-89.81310837712753,20.12007681057883],[-89.81171259348065,20.12536561548896],[-89.76075512618117,20.11188871353177],[-89.74441805459875,20.07432832540032],[-89.7431692793426,20.056835940233125],[-89.7282710448822,20.051230329919136],[-89.66407526194823,20.033007831984477],[-89.65315287313238,20.024350305897336],[-89.6398703433613,19.972091698974065],[-89.67096648165082,19.927489585289585],[-89.67432204534416,19.912996571597184],[-89.73568204559206,19.8781946010021],[-89.79455681392815,19.92460662321294],[-89.79255097858757,19.96766532657368],[-89.82368238465038,19.96630096690029],[-89.85101136392929,19.962722412620426],[-89.89048852160678,19.977632307914515]]]}},{"type":"Feature","properties":{"clues":"YNSSA000186"},"geometry":{"type":"Polygon","coordinates":[[[-89.50755136161996,20.47609631579202],[-89.54465134251339,20.475266785524607],[-89.5593587369827,20.49916267067956],[-89.57151177456528,20.530185460073533],[-89.56599306424478,20.546805835274014],[-89.54980407280702,20.56515620194828],[-89.5410179576371,20.58353312214848],[-89.51497077809472,20.580084686320482],[-89.50901075458536,20.572257455993256],[-89.4786426610416,20.551887859748717],[-89.41993436866476,20.58801245260423],[-89.40723471322943,20.581283161481473],[-89.41345427140311,20.52178696227669],[-89.42177643673278,20.511964868717147],[-89.45349768736483,20.5069948093278],[-89.49185652714118,20.493070982775393],[-89.49970741906994,20.48734214247122],[-89.50755136161996,20.47609631579202]]]}},{"type":"Feature","properties":{"clues":"YNSSA000401"},"geometry":{"type":"Polygon","coordinates":[[[-89.18831515458787,20.74956808585747],[-89.18615349534366,20.769602809028047],[-89.14990671817233,20.795074701477187],[-89.10713912771836,20.78987499267159],[-89.10141035577111,20.76776183829883],[-89.13677560834857,20.7537817338545],[-89.14957312409486,20.75095737242219],[-89.18831515458787,20.74956808585747]]]}},{"type":"Feature","properties":{"clues":"ZSIMS001070"},"geometry":{"type":"Polygon","coordinates":[[[-102.46689701050623,24.995642167218662],[-102.43391611657302,24.93596155915738],[-102.48563416706884,24.831343762991104],[-102.4912415988803,24.830423163587835],[-102.60193636693955,24.90530994892246],[-102.66171122067306,24.92819954896077],[-102.63767602198389,25.017598758391866],[-102.6667395925517,25.06456352640783],[-102.5815207101324,25.090937735462852],[-102.56617717631566,25.010333046242845],[-102.54382593880915,24.98542995744393],[-102.46689701050623,24.995642167218662]]]}},{"type":"Feature","properties":{"clues":"SCCSA001144"},"geometry":{"type":"Polygon","coordinates":[[[-104.06939974460494,19.132238849076135],[-104.08504582091503,19.096686809561454],[-104.11194958649163,19.106877527051427],[-104.15037414919084,19.1422892685955],[-104.15236948297131,19.147586981317446],[-104.15883832486264,19.151815746885855],[-104.1612571738189,19.213884102555447],[-104.1559524326456,19.218084870168425],[-104.13925043510454,19.218846072076126],[-104.13023498850275,19.222044004078285],[-104.11191893211956,19.232081202976296],[-104.08787434436341,19.230886440851727],[-104.04761562047537,19.199030307037766],[-104.06800838069206,19.158828079078614],[-104.06939974460494,19.132238849076135]]]}},{"type":"Feature","properties":{"clues":"CMIMB001042"},"geometry":{"type":"Polygon","coordinates":[[[-103.9300635461183,19.32266541545856],[-103.93504534559348,19.27766339293948],[-103.95702945474278,19.2809662361819],[-103.99888646214978,19.312932980235328],[-104.00041827751127,19.327548301665487],[-103.99795436530901,19.33310810998548],[-103.99609869934376,19.367396542736504],[-103.92100309430992,19.406162724398072],[-103.89688312838594,19.37791386221469],[-103.93363347487326,19.344871367911452],[-103.93684523809523,19.343494897959197],[-103.9300635461183,19.32266541545856]]]}},{"type":"Feature","properties":{"clues":"SCCSA001186"},"geometry":{"type":"Polygon","coordinates":[[[-103.89126423041708,18.89686261105336],[-103.88819064429109,18.90238413856127],[-103.88329875774579,18.9034109316035],[-103.88440162319525,18.89857024894824],[-103.88975524614725,18.894502444330286],[-103.89126423041708,18.89686261105336]]]}},{"type":"Feature","properties":{"clues":"SCCSA001173"},"geometry":{"type":"Polygon","coordinates":[[[-103.88598808653141,18.914923270464428],[-103.88794273602842,18.919974818235623],[-103.88438052286314,18.922233912269864],[-103.88328994359807,18.920104556377243],[-103.88598808653141,18.914923270464428]]]}},{"type":"Feature","properties":{"clues":"CMIMB001416"},"geometry":{"type":"Polygon","coordinates":[[[-103.7704455562013,19.06706989872385],[-103.77280138945373,19.078079345303358],[-103.7649436217272,19.08256095258543],[-103.74486628870665,19.086042481190404],[-103.7246145621583,19.079178077689644],[-103.73445140495531,19.049664192157568],[-103.73576276216015,19.038882294576396],[-103.73882564264375,19.032574964843963],[-103.74604109961076,19.02959762982669],[-103.76654959642038,19.030170360682032],[-103.77099475809587,19.03600659426838],[-103.7704455562013,19.06706989872385]]]}},{"type":"Feature","properties":{"clues":"SCCSA001097"},"geometry":{"type":"Polygon","coordinates":[[[-103.73786026603808,19.235139466934793],[-103.73719512462058,19.23090012575073],[-103.74150264474561,19.230661186948467],[-103.74864554706717,19.233306467536618],[-103.74366500413694,19.237826651323317],[-103.74552523901319,19.243278666525146],[-103.74241792500061,19.244520176452298],[-103.73748591378475,19.242595549899928],[-103.73709057013848,19.24108971112],[-103.7423786015994,19.237253160530166],[-103.73786026603808,19.235139466934793]]]}},{"type":"Feature","properties":{"clues":"SCCSA000259"},"geometry":{"type":"MultiPolygon","coordinates":[[[[-93.90240916303075,16.20977359810376],[-93.9001798939523,16.210209590586746],[-93.90103093151677,16.2005426613422],[-93.89737386583144,16.19545220624213],[-93.90076856167434,16.18894022044928],[-93.90649658577703,16.186332854317346],[-93.91150567810982,16.19884911041183],[-93.90240916303075,16.20977359810376]]],[[[-93.91615139671035,16.201083288454136],[-93.92577633446909,16.198692011906125],[-93.931140427105,16.20181172254808],[-93.93338292834822,16.216148046778358],[-93.92420774332142,16.220213717141252],[-93.9257828103848,16.223401972626778],[-93.93325070366961,16.21853803175239],[-93.9328648127788,16.234133149967036],[-93.91942639078215,16.235287205042997],[-93.9137346451088,16.23264834875227],[-93.90607959399603,16.231985207139964],[-93.90454206554828,16.230425364963065],[-93.90353095777866,16.22331302623706],[-93.90587063275552,16.219611560432835],[-93.91454300520864,16.21440706686354],[-93.91278005261003,16.21025807879741],[-93.91615139671035,16.201083288454136]]]]}},{"type":"Feature","properties":{"clues":"CSIMS003565"},"geometry":{"type":"Polygon","coordinates":[[[-93.8602313594265,17.150255701299507],[-93.89817132686318,17.212474179742877],[-93.85468136619788,17.22341170475296],[-93.84759162019208,17.228702194645834],[-93.80388242594537,17.216619265347063],[-93.79531868211764,17.200474232683703],[-93.79618173822958,17.18347847681362],[-93.80050286629024,17.179264054849007],[-93.7974643557388,17.159769998465848],[-93.78421198591853,17.15103126714643],[-93.78992849888778,17.136705211031604],[-93.80055891334494,17.128109410712717],[-93.79935454510925,17.119627241783313],[-93.807019899882,17.097822486774618],[-93.81840416047153,17.09304379307596],[-93.82963135390114,17.094817154111492],[-93.84206981081637,17.083053294833864],[-93.88049284999488,17.0819483043335],[-93.88388390163446,17.103973540437277],[-93.88235796970888,17.110003807630648],[-93.87240826658572,17.125884931478684],[-93.8621180990281,17.131923713782967],[-93.8602313594265,17.150255701299507]]]}},{"type":"Feature","properties":{"clues":"CSIMS005081"},"geometry":{"type":"Polygon","coordinates":[[[-93.80197130718146,16.036579119825994],[-93.80974755330195,16.024043188020023],[-93.82046860578394,16.025923890822103],[-93.82555774182093,16.029747754207627],[-93.819905686263,16.045642795764856],[-93.82849759793518,16.046750187261377],[-93.83506603711268,16.051491146431886],[-93.83314873097851,16.057353437059625],[-93.83497530882808,16.067665812685828],[-93.81831254097662,16.068076100346246],[-93.81709981444007,16.074418822130646],[-93.81785237529891,16.081338824355033],[-93.8127391435857,16.0844886131826],[-93.79845056588577,16.084174106815023],[-93.80003382941156,16.075800609082012],[-93.79393392047955,16.070140171668175],[-93.78459824592653,16.072389731209455],[-93.78341753351121,16.075094683300712],[-93.78154052731156,16.074323303243833],[-93.77972524209586,16.068301319617454],[-93.7861586941041,16.06589599295363],[-93.7877236885433,16.058189267302524],[-93.79543768225071,16.057581551549855],[-93.7966379473948,16.041369578642247],[-93.80197130718146,16.036579119825994]]]}},{"type":"Feature","properties":{"clues":"CSIMS004830"},"geometry":{"type":"Polygon","coordinates":[[[-93.79474943764966,16.618673278787938],[-93.7885274889472,16.606154137080967],[-93.79695474896275,16.605797305126675],[-93.79676294091631,16.60849668454778],[-93.802541878597,16.61318515929281],[-93.80389343174629,16.619179272177654],[-93.80906388057728,16.622280326139258],[-93.80904474501546,16.625311236966226],[-93.80388202707478,16.630963667264087],[-93.79082569570134,16.633879347153886],[-93.78972968183407,16.625289405784017],[-93.79474943764966,16.618673278787938]]]}},{"type":"Feature","properties":{"clues":"CSSSA007255"},"geometry":{"type":"Polygon","coordinates":[[[-93.62742619922999,15.946505714631055],[-93.63614146734939,15.95106569563019],[-93.63785906303617,15.970971543820374],[-93.64197057076021,15.975323557567288],[-93.64676021895413,15.97498416753169],[-93.65174260792526,15.978259646945874],[-93.66044973769687,15.979772632027178],[-93.66250014200953,15.981327017614069],[-93.67880035169625,15.981187631311162],[-93.68969563885179,15.983918020672439],[-93.6913662604267,15.990881998508243],[-93.68330197273714,16.001459383322004],[-93.6835064111959,16.007446114945548],[-93.67865964187453,16.015817090670563],[-93.6738232138084,16.020560932994947],[-93.66109523750406,16.010709369873602],[-93.65879667907971,16.012057504109944],[-93.63146999732014,16.00293148717908],[-93.6093256501201,15.997543594233163],[-93.60520885365518,15.999048891057491],[-93.58510451941291,16.023962107771997],[-93.57680312630258,16.031365411288203],[-93.5629269653923,16.02765138840694],[-93.5387991609424,15.998966791265858],[-93.52978819828536,15.98310035930202],[-93.52597063422886,15.981902063167148],[-93.51146121264307,15.96883067111994],[-93.48608198472347,15.9353469398867],[-93.49625031710629,15.930526481803684],[-93.51861098085213,15.92555427317464],[-93.52705632063851,15.918188164956101],[-93.53100676732696,15.905202165422029],[-93.5454282004264,15.90527568098201],[-93.55214245285691,15.903101352332557],[-93.55903042058925,15.895350609494342],[-93.5613161726491,15.89460421232309],[-93.58016720618006,15.897073228916522],[-93.58507617325155,15.894342864524326],[-93.59842289652599,15.891208784732923],[-93.61036638787807,15.892211986806437],[-93.6121927029279,15.89394943831231],[-93.61194452902276,15.916992264931116],[-93.61925817722111,15.933321075617485],[-93.62742619922999,15.946505714631055]]]}},{"type":"Feature","properties":{"clues":"CSIMB003593"},"geometry":{"type":"Polygon","coordinates":[[[-93.56373425169993,16.625529623206344],[-93.57439811922433,16.633133149543973],[-93.57955402641325,16.633611883977487],[-93.57923476500649,16.65513088147924],[-93.59197582318369,16.66032621095906],[-93.5835069218598,16.670461994777586],[-93.58429798178427,16.67957543366381],[-93.58179335592688,16.68318308342221],[-93.57177472066921,16.68153704510438],[-93.56630748164044,16.676066000925957],[-93.56242966932197,16.677567505959576],[-93.55117164263078,16.675418686597784],[-93.54504116222174,16.664174082449712],[-93.53843591151056,16.662318394465796],[-93.52148244428672,16.66106032460959],[-93.51977916293875,16.657497306263043],[-93.53223483221521,16.64291267039464],[-93.53048758622364,16.634403654580872],[-93.53777406901416,16.623717233956214],[-93.54552184933587,16.61874970234313],[-93.55358197079161,16.615732458037193],[-93.55914174822209,16.618266072877457],[-93.56373425169993,16.625529623206344]]]}},{"type":"Feature","properties":{"clues":"TCIMB002162"},"geometry":{"type":"Polygon","coordinates":[[[-93.47471096697983,17.911956007544006],[-93.47497637153477,17.8698447113563],[-93.5052923625112,17.87174932045811],[-93.50669871457534,17.90666022914321],[-93.53351748711508,17.917314131402687],[-93.53936964384279,17.944049378540143],[-93.5324548614001,17.95732051976287],[-93.4768390119803,17.94818555118962],[-93.47474852429681,17.944619531847657],[-93.48077283305085,17.91903265878213],[-93.47471096697983,17.911956007544006]]]}},{"type":"Feature","properties":{"clues":"CSIMB000933"},"geometry":{"type":"Polygon","coordinates":[[[-93.20183104082624,17.272745901567035],[-93.21229703455448,17.24880290785563],[-93.2200949506575,17.252880777598936],[-93.23088325939717,17.26040599807791],[-93.2334100608011,17.282224223992003],[-93.24339479511227,17.295827406612855],[-93.22271080015734,17.30821786814705],[-93.22088393322419,17.351208932190612],[-93.19488497201773,17.339544689201716],[-93.18940554150088,17.323120802851452],[-93.17110309467104,17.315613296096235],[-93.15498248692967,17.292056729877476],[-93.16556433590983,17.282036097800145],[-93.18566033483319,17.28435232198809],[-93.20183104082624,17.272745901567035]]]}},{"type":"Feature","properties":{"clues":"CSSSA008083"},"geometry":{"type":"Polygon","coordinates":[[[-93.19978671339629,16.21277800492813],[-93.20177489011479,16.21972994337413],[-93.2077384203586,16.222346236606395],[-93.20930843896387,16.227387944126416],[-93.21662133886512,16.22835966486837],[-93.22206007667151,16.226024438790247],[-93.22489020679502,16.22692102176728],[-93.22693226765318,16.230618537912143],[-93.22358663753893,16.238710140983343],[-93.21572698019644,16.246841230029176],[-93.21809433308569,16.25183249109309],[-93.2038207579316,16.25668258830535],[-93.2088833175987,16.264102440149284],[-93.20205154232734,16.267347956379144],[-93.19633071329125,16.266870754001918],[-93.19321148771266,16.276050503382816],[-93.18317841115089,16.282981144151904],[-93.17414518232931,16.27934460187746],[-93.15195227854211,16.27748518513505],[-93.15078789436824,16.27930672990235],[-93.1078792477617,16.295211068601795],[-93.10550337607533,16.290439243949816],[-93.10621246565648,16.275331787063386],[-93.10363301458949,16.26896943014958],[-93.09922475684294,16.224185137063632],[-93.1231824289542,16.216220739186493],[-93.12660216086732,16.217866155613763],[-93.13732541793989,16.218596727630057],[-93.14844151611555,16.222269677822677],[-93.16228847247724,16.22198962313024],[-93.17376409899235,16.21584770838911],[-93.18050159934297,16.219169524800623],[-93.19254375052621,16.205283995425994],[-93.19562189982426,16.21060877685605],[-93.19978671339629,16.21277800492813]]]}},{"type":"Feature","properties":{"clues":"CSIMB001954"},"geometry":{"type":"Polygon","coordinates":[[[-93.14615049835645,15.538032276036452],[-93.15663313833807,15.539898695318868],[-93.15956077867249,15.551921087552303],[-93.15603146495738,15.555223809895761],[-93.15362769540152,15.561032482477584],[-93.1581047319042,15.569929702118925],[-93.14872104648812,15.574457202443615],[-93.13712460551226,15.588508033175813],[-93.13968702592635,15.595039468884655],[-93.13362811228627,15.606624852207966],[-93.1312974990995,15.607562494847745],[-93.12312467979037,15.600651219304837],[-93.1163360842634,15.6002399132499],[-93.11187869239845,15.603935096217853],[-93.10141780741085,15.601852128773055],[-93.10091795975394,15.594897929585937],[-93.09709150261743,15.590978477170085],[-93.08827747042305,15.593096195231404],[-93.07891811035086,15.590510665279218],[-93.07950238125073,15.58385983779234],[-93.09037588450848,15.578005537177267],[-93.0919280583782,15.579570327356302],[-93.09897112829894,15.58071458812614],[-93.10221699521965,15.57076242784166],[-93.10670955742125,15.569048317246141],[-93.10726258047539,15.56069304082444],[-93.1180121262393,15.558883030848191],[-93.12392703275965,15.55552507520915],[-93.13365182989429,15.55338694048487],[-93.13876780590144,15.543683568676071],[-93.14615049835645,15.538032276036452]]]}},{"type":"Feature","properties":{"clues":"CSSSA006666"},"geometry":{"type":"Polygon","coordinates":[[[-93.11447683351173,17.244248345978846],[-93.12578635204045,17.249683645233446],[-93.12785434112448,17.248729834308786],[-93.13614249888062,17.255210444257866],[-93.15555724142604,17.25216851463325],[-93.16463132376292,17.268904025413658],[-93.16556433590983,17.282036097800145],[-93.15486550202267,17.291343257566812],[-93.13172571959068,17.288591076846547],[-93.12695373760263,17.290230436897456],[-93.11630417484675,17.285397383547554],[-93.10789341669918,17.285568822597003],[-93.09110761189528,17.281657137174435],[-93.08166134624616,17.268478754896275],[-93.08349576714886,17.267045117393035],[-93.11063649472496,17.270124619301715],[-93.10907926093141,17.258743617697245],[-93.11097516257715,17.257356516300373],[-93.11447683351173,17.244248345978846]]]}},{"type":"Feature","properties":{"clues":"SCCSA000451"},"geometry":{"type":"Polygon","coordinates":[[[-93.11202017119044,16.789716716589187],[-93.12113826306694,16.794023972144945],[-93.12256394678336,16.793134940723082],[-93.12639502996264,16.79480261159247],[-93.12424618145455,16.799229997398168],[-93.12638201273167,16.801280849990704],[-93.1407303845784,16.79229229583595],[-93.15186728261475,16.793338965160746],[-93.15786874571049,16.80693698216351],[-93.15011130694322,16.828700166981974],[-93.12122018982392,16.821269956378444],[-93.10613365163186,16.824434071245275],[-93.11158572553765,16.8005196725681],[-93.10761556102358,16.793479894476828],[-93.10932100870635,16.790287114322897],[-93.11202017119044,16.789716716589187]]]}},{"type":"Feature","properties":{"clues":"CSIMB001872"},"geometry":{"type":"Polygon","coordinates":[[[-93.03683305027054,17.13589569920791],[-93.05220630658869,17.130511491617632],[-93.0615272750586,17.144897617967615],[-93.06566211535356,17.14728352045513],[-93.07275508757493,17.142089670149648],[-93.07915287056096,17.134079372852078],[-93.08468223475931,17.132589388008434],[-93.10152719528358,17.117972580550326],[-93.11451912848194,17.12599898433437],[-93.12152308691853,17.135095603156095],[-93.1248386263073,17.14749270818439],[-93.11926050658198,17.16496250604963],[-93.09582800418224,17.161463353068786],[-93.0916479691855,17.163235503801964],[-93.08362914820421,17.171725861348868],[-93.07049470732674,17.172410885590264],[-93.04015927157732,17.155804389746667],[-93.03861823977158,17.15320973214468],[-93.03942494782719,17.145124999143324],[-93.03683305027054,17.13589569920791]]]}},{"type":"Feature","properties":{"clues":"CSIMB000455"},"geometry":{"type":"Polygon","coordinates":[[[-93.07676822107592,17.06345486762213],[-93.08395802543312,17.0774001903681],[-93.09379171852949,17.088937451278493],[-93.10152719528358,17.117972580550326],[-93.08468223475931,17.132589388008434],[-93.07915287056096,17.134079372852078],[-93.07275508757493,17.142089670149648],[-93.06566211535356,17.14728352045513],[-93.0615272750586,17.144897617967615],[-93.05220630658869,17.130511491617632],[-93.03609990922757,17.135292942046036],[-93.03303883908188,17.11149079198107],[-93.02697497487607,17.103205593382604],[-93.03060432284411,17.096607703905583],[-93.03599559797873,17.092610300696215],[-93.06152567582355,17.061064879853173],[-93.07676822107592,17.06345486762213]]]}},{"type":"Feature","properties":{"clues":"CSSSA007972"},"geometry":{"type":"Polygon","coordinates":[[[-93.0656672908157,16.195392280611358],[-93.06740610573783,16.19892528919365],[-93.07248706798063,16.20175964230309],[-93.0818123971065,16.214736611494445],[-93.0872488962733,16.219615329171788],[-93.09922475684294,16.224185137063632],[-93.10363301458949,16.26896943014958],[-93.10621246565648,16.275331787063386],[-93.10550337607533,16.290439243949816],[-93.0831087452213,16.287337321358734],[-93.06684952686919,16.287405178970218],[-93.06228419163862,16.281481123547003],[-93.05750537125012,16.26876118914433],[-93.04593220000821,16.271308093052223],[-93.03651354341429,16.26514316008245],[-93.03278018863503,16.260847119409185],[-93.03324970397509,16.255035972030292],[-93.02869181098771,16.24931599789272],[-93.01792117294578,16.252716660282914],[-93.01708703952018,16.255579644781605],[-93.00646666039714,16.266847173081914],[-93.00352187817934,16.27268790308202],[-92.984657196347,16.27033530496661],[-92.97872293494763,16.273099596823275],[-92.96527573917575,16.274910929841557],[-92.96083466698062,16.247052660457573],[-92.96315179055121,16.233330040544235],[-92.95034904844232,16.218866507776518],[-92.95822684432936,16.210332437637494],[-92.96889836820394,16.211322568794554],[-92.97718792515762,16.20772128782642],[-92.97760378690857,16.20105453639665],[-92.98675596146593,16.19385254092299],[-92.98669869594605,16.19073858341751],[-92.99847826029567,16.175522869894696],[-93.00689736822673,16.17042454002181],[-93.01003530066833,16.166694408153564],[-93.02520944294261,16.175085036654117],[-93.03337775044061,16.174306192115516],[-93.03876437804817,16.18221280461465],[-93.04757422392747,16.182510273033063],[-93.0486501029604,16.182263501507894],[-93.04929541116078,16.16746461988608],[-93.05159341472233,16.165283929323156],[-93.05756305982715,16.188344750138928],[-93.0656672908157,16.195392280611358]]]}},{"type":"Feature","properties":{"clues":"SCCSA000466"},"geometry":{"type":"Polygon","coordinates":[[[-93.10759112884752,16.762492710290335],[-93.10177202487733,16.7633749881704],[-93.09777531720515,16.759479232771206],[-93.09812632775338,16.75829727713517],[-93.10482967856748,16.756165391887855],[-93.10791650029854,16.760449145625827],[-93.10759112884752,16.762492710290335]]]}},{"type":"Feature","properties":{"clues":"TCIMB005423"},"geometry":{"type":"MultiPolygon","coordinates":[[[[-93.03531383660949,17.95767997248956],[-93.01000118978767,17.958428625340495],[-93.00780642006586,17.946181483257284],[-93.01815209950006,17.939045416850234],[-93.0203205820744,17.939728603208142],[-93.03531383660949,17.95767997248956]]],[[[-93.04830294298304,17.985910220715446],[-93.03676842330833,17.95906687791352],[-93.0589412477839,17.943164092135778],[-93.06557454567786,17.95471729831342],[-93.04830294298304,17.985910220715446]]]]}},{"type":"Feature","properties":{"clues":"CSSSA001655"},"geometry":{"type":"Polygon","coordinates":[[[-92.98013288892915,16.70921743567733],[-92.98924634481533,16.72242158503586],[-92.99511305598966,16.728260411576883],[-92.98845211503165,16.737133123865274],[-92.98181132647781,16.73888550067728],[-92.97316834672814,16.744778364819343],[-92.96625798134085,16.764880312144392],[-92.92677238731656,16.727263743516495],[-92.94523959143353,16.718758261849185],[-92.97697048804648,16.70726576180034],[-92.98013288892915,16.70921743567733]]]}},{"type":"Feature","properties":{"clues":"CSIMS002252"},"geometry":{"type":"Polygon","coordinates":[[[-92.95287425324966,17.270887570340754],[-92.96116133636492,17.287626537478566],[-92.96065719160482,17.303350900664423],[-92.97892755225853,17.31377292415294],[-92.97998121767664,17.320931970409248],[-92.95159236581952,17.336977728991577],[-92.94947715344807,17.336748257644647],[-92.93383630511524,17.345307513599447],[-92.9121602482273,17.337873844273478],[-92.91762799281211,17.304035210090866],[-92.91349947424253,17.2926887532196],[-92.93244106426839,17.264888558109785],[-92.95287425324966,17.270887570340754]]]}},{"type":"Feature","properties":{"clues":"CSIMS000456"},"geometry":{"type":"Polygon","coordinates":[[[-92.8863616755889,16.578611773583265],[-92.89136048397873,16.57939933643057],[-92.88582568783114,16.599992020810948],[-92.89375014791513,16.59918679488241],[-92.89832162991728,16.60463846922417],[-92.8967604188753,16.606201758250375],[-92.89570787931716,16.621890236271398],[-92.9191578718648,16.60880809651954],[-92.92408798894267,16.609328810568144],[-92.93234932041763,16.61331466935402],[-92.92647930247448,16.61995554486294],[-92.91871848521346,16.633323451930647],[-92.91901980986111,16.648049369697816],[-92.90950897198643,16.65281188043889],[-92.8918583812953,16.655459817314323],[-92.88302859530124,16.681956078852362],[-92.87110755441577,16.68002198635201],[-92.85046369170493,16.668992872213135],[-92.82546605843443,16.641876426007972],[-92.80018660909258,16.631281345360396],[-92.80715051170426,16.62251291401734],[-92.85212757315638,16.597787551849127],[-92.84756548891058,16.579544188448715],[-92.84325592499837,16.571471901587877],[-92.86071886998933,16.54651124018136],[-92.86933251192349,16.568661940555483],[-92.8863616755889,16.578611773583265]]]}},{"type":"Feature","properties":{"clues":"TCIMB001182"},"geometry":{"type":"Polygon","coordinates":[[[-92.87712298522908,17.805994254967615],[-92.90190525308901,17.81118057890859],[-92.90744663598919,17.825280967588107],[-92.89766136667642,17.84614144217215],[-92.89443831730314,17.84859449933612],[-92.88875682031721,17.86461855544419],[-92.85838786531423,17.850702609703642],[-92.85730596434972,17.84693104965779],[-92.87079145902872,17.83191350543886],[-92.87333291599141,17.810950122086652],[-92.87712298522908,17.805994254967615]]]}},{"type":"Feature","properties":{"clues":"SCCSA000336"},"geometry":{"type":"Polygon","coordinates":[[[-92.8571815292627,17.067694295659244],[-92.86233742284834,17.06697095453667],[-92.88338052016347,17.077072473516772],[-92.87271258977825,17.08286851276199],[-92.8583494021775,17.086160064499666],[-92.84822284583801,17.07362860658811],[-92.85900524533979,17.0709545772019],[-92.8571815292627,17.067694295659244]]]}},{"type":"Feature","properties":{"clues":"CSIMS000461"},"geometry":{"type":"Polygon","coordinates":[[[-92.79195732802025,16.45063630717585],[-92.79250851109936,16.46191777158351],[-92.80184027088549,16.45935871351208],[-92.82336882452817,16.472542752861933],[-92.83340064525105,16.483816131855136],[-92.83612538755258,16.49072616067882],[-92.84183968935714,16.49465320159112],[-92.84517599499519,16.49944947354432],[-92.84079532606025,16.50912745008622],[-92.83286991067415,16.50868121438559],[-92.82874457094758,16.51919636460287],[-92.82425291640273,16.520174848784492],[-92.812346380782,16.50541757472588],[-92.78692371215979,16.498668318885024],[-92.77071258447971,16.474833357905414],[-92.75830679577246,16.474925801813622],[-92.73554440219826,16.458870409763346],[-92.73976770684615,16.445149109086746],[-92.7458012368131,16.445263803426013],[-92.75571577954425,16.449691478259453],[-92.76513678995902,16.447556819198496],[-92.77626548872034,16.45126775682611],[-92.7783634905596,16.460452004813288],[-92.79195732802025,16.45063630717585]]]}},{"type":"Feature","properties":{"clues":"TCIMB004740"},"geometry":{"type":"Polygon","coordinates":[[[-92.63657374063784,17.56844408318858],[-92.6496758711488,17.546402998813416],[-92.67280206182275,17.5335486865423],[-92.69579299813385,17.552997710192194],[-92.71287061816922,17.55382125604668],[-92.72194916689293,17.564156504766625],[-92.72958189058909,17.602191096750687],[-92.71729854078843,17.615702325166957],[-92.6805964731125,17.58960874987607],[-92.67581280116214,17.595661248484127],[-92.64891889012387,17.60946589223523],[-92.64273360359569,17.576065784412815],[-92.63657374063784,17.56844408318858]]]}},{"type":"Feature","properties":{"clues":"TCIMB001066"},"geometry":{"type":"Polygon","coordinates":[[[-92.6808666210076,17.965253531624125],[-92.67912137107004,17.95135605690823],[-92.72352385347116,17.952598222136796],[-92.74111587724425,17.96630871287897],[-92.74158958049189,17.97997330953143],[-92.73655679748526,17.985886129455302],[-92.71094026068958,17.988805919640374],[-92.70761361450634,17.98794465486844],[-92.70598775275943,17.98451786254519],[-92.6808666210076,17.965253531624125]]]}},{"type":"Feature","properties":{"clues":"SCCSA000348"},"geometry":{"type":"Polygon","coordinates":[[[-92.70793993075885,16.884372323182248],[-92.70076393715046,16.885937362426773],[-92.69588282538642,16.87723143230095],[-92.70769725266832,16.873992331460872],[-92.71027057114007,16.880311697475772],[-92.70793993075885,16.884372323182248]]]}},{"type":"Feature","properties":{"clues":"CSIMS006435"},"geometry":{"type":"MultiPolygon","coordinates":[[[[-92.69691780050869,16.82826711887213],[-92.70702785106661,16.840149588050288],[-92.70652308525344,16.843468320646522],[-92.7005345578277,16.85174422252468],[-92.68661272414747,16.852760589903184],[-92.68578841779748,16.84791738469191],[-92.69403447310772,16.838971811471048],[-92.6885301454985,16.83225475516153],[-92.69691780050869,16.82826711887213]]],[[[-92.67514864310851,16.86691665728783],[-92.67948859307413,16.856189947388724],[-92.68525244209495,16.854941308544916],[-92.69124341436266,16.866044649371624],[-92.69112000799215,16.869377095811938],[-92.68971895829766,16.87305878283233],[-92.68147230670786,16.876689921007515],[-92.67514864310851,16.86691665728783]]]]}},{"type":"Feature","properties":{"clues":"CSIMB006055"},"geometry":{"type":"Polygon","coordinates":[[[-92.6800246828813,16.821730478344485],[-92.65685910738974,16.81819915888817],[-92.654618313211,16.81180392858345],[-92.6603503955097,16.802491301879677],[-92.66960622294528,16.80262035067516],[-92.68187010706693,16.8162693191032],[-92.6800246828813,16.821730478344485]]]}},{"type":"Feature","properties":{"clues":"CSSSA005826"},"geometry":{"type":"Polygon","coordinates":[[[-92.6414379744413,16.662909095130306],[-92.65350461070378,16.669237176516567],[-92.65270761466064,16.67548370356716],[-92.6579606315821,16.684166029523233],[-92.65862365007881,16.697004825776535],[-92.64632689323435,16.70242558766802],[-92.63805146567384,16.70276459080408],[-92.63629972318729,16.694192645518385],[-92.62798721677919,16.694327853222788],[-92.6282897625253,16.69973569415034],[-92.62483892415455,16.702055751466613],[-92.61459179420116,16.693956959848318],[-92.60185597840817,16.69126154441573],[-92.60181736837775,16.687539653671806],[-92.59150692034704,16.662706656432633],[-92.59281985027286,16.6574767618709],[-92.58070232187696,16.647434588834095],[-92.5992986985951,16.622435329716872],[-92.60738982752784,16.619301593563748],[-92.6199888251635,16.605297657300362],[-92.64500329760621,16.620159843693543],[-92.6449997074969,16.623455954688048],[-92.6221635605695,16.651782064533496],[-92.6363428717297,16.66272172831312],[-92.6414379744413,16.662909095130306]]]}},{"type":"Feature","properties":{"clues":"CSSSA002640"},"geometry":{"type":"Polygon","coordinates":[[[-92.60632843179897,15.093324374455078],[-92.61247846372552,15.110342431550642],[-92.60837678165703,15.117983503459312],[-92.59807457968975,15.118507474838362],[-92.59099545828484,15.125019189679406],[-92.5862144585549,15.126760739946794],[-92.57326481502523,15.117138502216324],[-92.56063400005937,15.13580857493518],[-92.55576913225653,15.145794661872127],[-92.54935417013175,15.150286401572878],[-92.53661525715309,15.143540456437734],[-92.52866771576237,15.130499570910862],[-92.53120160905517,15.125779487634261],[-92.52330399195932,15.111500763033465],[-92.53055805431534,15.104869247453006],[-92.52726012875299,15.101053002936764],[-92.5283561632442,15.093594370804363],[-92.52618826011177,15.085842736805464],[-92.53966621710023,15.095173238009663],[-92.54629878243179,15.092079542171843],[-92.54716295872804,15.088189488541241],[-92.55175166146635,15.084326241569457],[-92.55982135829748,15.085607395569884],[-92.56248732544911,15.070826066385305],[-92.57054154809609,15.073965966376294],[-92.57380955580882,15.071437793459916],[-92.58128051627038,15.070452339194032],[-92.58483517394546,15.081296004150415],[-92.59468977091166,15.074978710431955],[-92.62707010120107,15.020733766003804],[-92.63285681221812,15.024403308593643],[-92.62237985990589,15.07984950484211],[-92.60973984167819,15.087978465775262],[-92.60632843179897,15.093324374455078]]]}},{"type":"Feature","properties":{"clues":"TCIMB002850"},"geometry":{"type":"Polygon","coordinates":[[[-92.62658251565202,17.973488120633036],[-92.6030292739862,17.959162045511707],[-92.61056726610876,17.93932347945968],[-92.62184214824617,17.924042950998295],[-92.62459903902008,17.92357942836984],[-92.63425881628906,17.93284263638851],[-92.63981708206325,17.953262881143885],[-92.62658251565202,17.973488120633036]]]}},{"type":"Feature","properties":{"clues":"CSIMB003132"},"geometry":{"type":"Polygon","coordinates":[[[-92.56755780348284,16.314964673626378],[-92.57017715296466,16.32232718956157],[-92.57022145671289,16.32717755108604],[-92.5659087261141,16.328657809038827],[-92.56587811154347,16.335288400831676],[-92.56399412311464,16.338186284928334],[-92.56551279773828,16.339894126427918],[-92.56735743259384,16.338560316637782],[-92.57261940699199,16.33966196063968],[-92.57732444674679,16.331856965362963],[-92.58450658805125,16.334377073408028],[-92.59426040093649,16.33217342521887],[-92.59773458457504,16.321800259386194],[-92.6185176387534,16.322684122099346],[-92.62327340269839,16.325041320590447],[-92.62393093420098,16.326665134607406],[-92.6219498161057,16.331584938612085],[-92.60660791879396,16.339542431987653],[-92.59538636928896,16.333309989907043],[-92.59380633426018,16.35234019313816],[-92.59489444658172,16.380418493848858],[-92.60316062839362,16.391028659035843],[-92.5840875481315,16.39958642359297],[-92.56972053291166,16.395120566079576],[-92.55330274282628,16.378294459611823],[-92.54315464642765,16.377251006151475],[-92.526000546217,16.385454056502446],[-92.51913993223802,16.3715187354591],[-92.5209156738205,16.356502881881738],[-92.515593417013,16.335995788945727],[-92.52196084077319,16.3260119595435],[-92.53387562181128,16.32703693405086],[-92.5388719033594,16.318470372734673],[-92.54335689251462,16.31684778665892],[-92.55185321526845,16.318746480612464],[-92.55547674623082,16.31692731764904],[-92.55860893542764,16.317726526361298],[-92.56755780348284,16.314964673626378]]]}},{"type":"Feature","properties":{"clues":"CSIMB002251"},"geometry":{"type":"Polygon","coordinates":[[[-92.5358283773913,16.66124028869449],[-92.52901111616843,16.667229412335043],[-92.50921319948709,16.666341977116904],[-92.49857381750556,16.644816997170473],[-92.51773803410369,16.64487989704752],[-92.53013341551087,16.64942660565295],[-92.53977932476127,16.6345854641504],[-92.55381809576117,16.6238879851927],[-92.56895282081592,16.64330268298047],[-92.58070232187696,16.647434588834095],[-92.59281985027286,16.6574767618709],[-92.59150692034704,16.662706656432633],[-92.57098035029038,16.68739013605708],[-92.56558703380784,16.687753453010114],[-92.55356486845169,16.68191346010116],[-92.54617995170511,16.66337663611386],[-92.5358283773913,16.66124028869449]]]}},{"type":"Feature","properties":{"clues":"CSIMB000904"},"geometry":{"type":"Polygon","coordinates":[[[-92.54492856221695,15.323391397715456],[-92.54609118028455,15.326095774813805],[-92.569336384813,15.341749235449738],[-92.58174315104847,15.333696679493505],[-92.5816402052701,15.352870094601368],[-92.57385008635039,15.359901869891452],[-92.57805235332972,15.371504450630411],[-92.5778152656419,15.376407426495938],[-92.57427999948835,15.378252657665108],[-92.55735378064563,15.40217828347262],[-92.5555115020807,15.402396363576768],[-92.55332834366716,15.391501129291374],[-92.55316266632056,15.375061835817831],[-92.54769863466106,15.370871947127583],[-92.544819266674,15.359998272132781],[-92.53802309118485,15.358054311560513],[-92.5314069465042,15.364742998512636],[-92.52617667376327,15.364984331314655],[-92.517761327901,15.356307097095714],[-92.51499344422206,15.355523403704195],[-92.50864183859524,15.37038108420078],[-92.50204386656745,15.373309706488142],[-92.49292146164447,15.370944876353823],[-92.49295753369259,15.360722846044903],[-92.48295858949126,15.360328445020006],[-92.48069316030134,15.353441482913908],[-92.48764794127445,15.347241708455778],[-92.49325656002624,15.344571737521694],[-92.49653932106679,15.344974356585002],[-92.50248734539859,15.341001744485508],[-92.50520233772379,15.341342887502654],[-92.50986342305562,15.33906890095655],[-92.51015388485743,15.328497832897567],[-92.51493436814664,15.319287580003115],[-92.52615004094065,15.318851849553711],[-92.53998043872248,15.324320478891115],[-92.54492856221695,15.323391397715456]]]}},{"type":"Feature","properties":{"clues":"CSIMB000682"},"geometry":{"type":"Polygon","coordinates":[[[-92.49715108601949,16.903499374495638],[-92.5091254033967,16.90505226505187],[-92.51352852494684,16.907559809990882],[-92.51612862859749,16.916854460956024],[-92.53017779183006,16.932524371337205],[-92.5173630021267,16.93830796835627],[-92.51225974953667,16.946244288045346],[-92.50952561034633,16.946922140419353],[-92.50456541433398,16.945497413624242],[-92.49102406761924,16.927481092138944],[-92.49502470032458,16.916898027862484],[-92.493574270193,16.905422940568318],[-92.49715108601949,16.903499374495638]]]}},{"type":"Feature","properties":{"clues":"SCCSA002863"},"geometry":{"type":"Polygon","coordinates":[[[-92.41346109598557,17.68363656789199],[-92.42923206498114,17.67460262618761],[-92.44020746403751,17.69084943098917],[-92.4625216128917,17.69757239976495],[-92.47235088309101,17.709189292183137],[-92.47401370673161,17.717221158115144],[-92.42580789133366,17.715558913040812],[-92.42225481888656,17.712321550275952],[-92.42689237753366,17.702741773000604],[-92.41346109598557,17.68363656789199]]]}},{"type":"Feature","properties":{"clues":"CSIMB006282"},"geometry":{"type":"Polygon","coordinates":[[[-92.3522428852988,17.10264374594792],[-92.35386894137285,17.099440643769505],[-92.36357838489505,17.09662407834286],[-92.3656708833901,17.09803496259301],[-92.37839316908817,17.09895125813042],[-92.38101384121343,17.1025074109746],[-92.39256390610586,17.097183942516114],[-92.39801756582682,17.092081268943634],[-92.41031633185925,17.089924416552904],[-92.41670622163767,17.09203611456998],[-92.42432464832413,17.099998617804687],[-92.40811087158137,17.121471406374145],[-92.40471780921733,17.11985460189459],[-92.3916475091454,17.119500932267957],[-92.37293492631252,17.136536769997537],[-92.36657171703094,17.119243294578823],[-92.36341548023775,17.11780133196788],[-92.3522428852988,17.10264374594792]]]}},{"type":"Feature","properties":{"clues":"CSSSA006555"},"geometry":{"type":"Polygon","coordinates":[[[-92.37142972366317,14.787584435594098],[-92.37384629777343,14.7871448591461],[-92.38273684594208,14.811503206969538],[-92.38473624596766,14.811486134085893],[-92.38771451362376,14.825957402570381],[-92.39268104902234,14.824659375788949],[-92.40069887773204,14.83407308129626],[-92.39197320696336,14.843437346044691],[-92.38651781436367,14.841615264191262],[-92.3664306564923,14.85020068279238],[-92.36057632860916,14.84163330091171],[-92.35106682604612,14.843095616460943],[-92.34469524082938,14.84180782600233],[-92.34872669125691,14.836562596388914],[-92.35970163103583,14.840088461353266],[-92.35974966483226,14.837988468521086],[-92.35185024791802,14.826244557784607],[-92.35881811449562,14.814843268937514],[-92.3424900777728,14.810321271735077],[-92.34548200128393,14.79628349007211],[-92.35433382820406,14.795391094241902],[-92.35724301169377,14.792661430512824],[-92.36687917533146,14.793780263013817],[-92.37142972366317,14.787584435594098]]]}},{"type":"Feature","properties":{"clues":"CSIMB006393"},"geometry":{"type":"Polygon","coordinates":[[[-92.35679998329422,17.024333156598978],[-92.36841053223374,17.01903627064349],[-92.37190797415683,17.02652852068064],[-92.37963447711408,17.030219915865217],[-92.37959775918245,17.039625030465185],[-92.36846875870283,17.038760626180235],[-92.36288715469098,17.04235153431436],[-92.35619902815954,17.03284942498185],[-92.35679998329422,17.024333156598978]]]}},{"type":"Feature","properties":{"clues":"SCCSA000418"},"geometry":{"type":"MultiPolygon","coordinates":[[[[-92.3072832778248,14.869589954574566],[-92.30956597717348,14.870010176662227],[-92.31139792361266,14.868045166322139],[-92.31395787546802,14.868035142305276],[-92.31366335501406,14.879266427395478],[-92.30613872966516,14.88489498865038],[-92.30427839784286,14.885022521786857],[-92.30111362084719,14.88087501670287],[-92.29848703324292,14.88059405271908],[-92.29223832324224,14.885407123924027],[-92.28989984139997,14.87727324242544],[-92.28622086569676,14.874039966157218],[-92.2885486752338,14.86892984834546],[-92.29417004583996,14.868382463567263],[-92.29495301000198,14.875596481531083],[-92.29676555913652,14.877096890551043],[-92.29958069254543,14.873504866160463],[-92.30192999344905,14.873318637153965],[-92.30127762354289,14.86900032532712],[-92.30328394179135,14.862477529737713],[-92.3072832778248,14.869589954574566]]],[[[-92.33034465278958,14.878210326858607],[-92.32912984464112,14.888461137665862],[-92.32106083358738,14.889935614493972],[-92.3168585698982,14.886221413318236],[-92.31523940942307,14.879757916311846],[-92.32851286324785,14.872187149589378],[-92.33242951441933,14.86659491460819],[-92.34492342782391,14.866999226088],[-92.35182681403577,14.87248627897504],[-92.3444779278789,14.883120275758717],[-92.33034465278958,14.878210326858607]]]]}},{"type":"Feature","properties":{"clues":"CSIMS004743"},"geometry":{"type":"Polygon","coordinates":[[[-92.31841010434586,15.161098221322872],[-92.32041232633442,15.169011165976968],[-92.3184115150213,15.178678242738634],[-92.3220444634029,15.182299839273838],[-92.32011488550991,15.189160392251997],[-92.32094857458537,15.19263189941304],[-92.31464936974169,15.205706541350656],[-92.30919973136584,15.228217703040396],[-92.27985177385767,15.220047677254],[-92.29218368219718,15.200791443498412],[-92.28609598648588,15.191083953022087],[-92.28735224835492,15.18553329744449],[-92.28610084801649,15.18128287740429],[-92.29122470128361,15.175074620419203],[-92.2903081796215,15.167494648432227],[-92.2956700893521,15.163136850434224],[-92.30414945191082,15.166889403026778],[-92.3158711012454,15.159631386089762],[-92.31841010434586,15.161098221322872]]]}},{"type":"Feature","properties":{"clues":"CSIMS005385"},"geometry":{"type":"Polygon","coordinates":[[[-92.25731422275236,17.309072671107792],[-92.24403343530074,17.298845400241294],[-92.26018312598121,17.28459100152096],[-92.26244674169439,17.27811752971941],[-92.2802983464058,17.26396249420464],[-92.28240702134087,17.266529520755817],[-92.29534259916277,17.272720428300328],[-92.30480350310606,17.284830699264734],[-92.30541520491815,17.28906557120368],[-92.29997709515501,17.296794013473903],[-92.30049396368494,17.30673032908029],[-92.29728611912064,17.32317651745506],[-92.290270090301,17.321236545287867],[-92.28213190481576,17.315279649453178],[-92.27816704621485,17.314886214473052],[-92.27662719018353,17.310283318768402],[-92.2691907076964,17.308011473569692],[-92.25731422275236,17.309072671107792]]]}},{"type":"Feature","properties":{"clues":"CSIMS000765"},"geometry":{"type":"Polygon","coordinates":[[[-92.28649509241554,15.662893698126112],[-92.27338683823234,15.65465649597829],[-92.26505192166323,15.66328677457192],[-92.25853723527071,15.664430297450886],[-92.25436512633658,15.656334823204745],[-92.25667964404353,15.650214865946122],[-92.27015694875688,15.646160482358034],[-92.27704901016341,15.628310726690126],[-92.28769312050431,15.627950043847832],[-92.29991819924179,15.650530406894418],[-92.29682623488839,15.660755804804374],[-92.28649509241554,15.662893698126112]]]}},{"type":"Feature","properties":{"clues":"CSIMB003786"},"geometry":{"type":"Polygon","coordinates":[[[-92.27027035646346,15.736990841204088],[-92.27186726586594,15.728599412392013],[-92.27567501975601,15.724175609863854],[-92.280012264964,15.724672992864164],[-92.281945754037,15.73349259708779],[-92.28072786605176,15.737414902604423],[-92.28831557517977,15.740691827702433],[-92.28849125940395,15.74569527226254],[-92.28182431010782,15.746410515243536],[-92.27947962667848,15.742903647800569],[-92.27947433789058,15.738653725629062],[-92.27027035646346,15.736990841204088]]]}},{"type":"Feature","properties":{"clues":"CSIMB003482"},"geometry":{"type":"Polygon","coordinates":[[[-92.17993661302492,17.42524879901223],[-92.18695414778858,17.40796496601664],[-92.20432545576024,17.410864120612377],[-92.20842577461006,17.409237579908304],[-92.22065975999277,17.40852367124081],[-92.22668576149695,17.419921148834906],[-92.23130690207647,17.436695171888335],[-92.23927977589392,17.434212300368088],[-92.25691621017107,17.442139774639294],[-92.25748058377414,17.45167682907899],[-92.2558324438437,17.453333992410595],[-92.25521524326983,17.4583678695102],[-92.27796252257862,17.463256196295372],[-92.27925468260494,17.47111943021555],[-92.2842329428142,17.473802939937226],[-92.28026167952997,17.50082658039871],[-92.26663323881529,17.508493355098757],[-92.2598052986228,17.505941335884582],[-92.24526361813976,17.496816004233317],[-92.24131399744829,17.479405555778985],[-92.21013731157058,17.4696275956278],[-92.20458612994541,17.454667658542906],[-92.18203858355105,17.44896345638586],[-92.17993661302492,17.42524879901223]]]}},{"type":"Feature","properties":{"clues":"CSIMS004690"},"geometry":{"type":"Polygon","coordinates":[[[-92.2473341324842,15.149359706976735],[-92.24955188785061,15.159254777881413],[-92.24588606997342,15.175039141327781],[-92.22080372855834,15.162974306165788],[-92.22659988363685,15.143105681984022],[-92.23972173978859,15.134590773628746],[-92.24803999442283,15.139387553176451],[-92.2473341324842,15.149359706976735]]]}},{"type":"Feature","properties":{"clues":"CSIMS001960"},"geometry":{"type":"MultiPolygon","coordinates":[[[[-92.2373576700083,15.486094205154718],[-92.23665890067866,15.495806023872913],[-92.2327149130603,15.499908910887257],[-92.22687087458128,15.497244629575004],[-92.22232556414977,15.498717913783798],[-92.21801351997183,15.50246435949648],[-92.21061000543462,15.499906714692068],[-92.21115385818004,15.490647413328581],[-92.21639790863135,15.482558874181231],[-92.21824301552253,15.48236141979319],[-92.22578440791784,15.486887404667577],[-92.2373576700083,15.486094205154718]]],[[[-92.23836697172861,15.512578052499954],[-92.23867236492767,15.526644546007361],[-92.24801300955286,15.535974206223736],[-92.24715181389823,15.540207333893203],[-92.24271324552939,15.543464580663441],[-92.24060648376046,15.551955177713891],[-92.24304795956715,15.564737971484819],[-92.2326997723089,15.571032029436095],[-92.22879211448185,15.564408089809103],[-92.22945292622973,15.557604390694754],[-92.21600357787432,15.556221473399948],[-92.21421162058017,15.552472079554693],[-92.2034338737412,15.55487436925856],[-92.1975501766263,15.567544216500758],[-92.19091168368263,15.56381720685006],[-92.18301118772091,15.565959818541407],[-92.17479099816988,15.553972994184788],[-92.18419326026668,15.550800241684756],[-92.19006417485691,15.542947189213471],[-92.19853354276849,15.539404674640107],[-92.20304569876184,15.535692909495486],[-92.21213809659386,15.534697025130976],[-92.21714511881333,15.538030560304374],[-92.22106159625169,15.535720972909564],[-92.22459821600037,15.522250639413588],[-92.21588167213882,15.517329802445957],[-92.22047356933865,15.513363523395471],[-92.22499595560359,15.517385697570399],[-92.22706703764067,15.51570717111669],[-92.22683023779254,15.512135412649508],[-92.2342085812921,15.508100017031369],[-92.23836697172861,15.512578052499954]]]]}},{"type":"Feature","properties":{"clues":"CSIMB000793"},"geometry":{"type":"Polygon","coordinates":[[[-92.19720587886819,17.03512373616477],[-92.21038868343757,17.039729397137048],[-92.21046072141625,17.04870297270333],[-92.20216430523226,17.05040586784874],[-92.20081784567932,17.05217570204964],[-92.20033053356018,17.064813329672635],[-92.19815854030179,17.066473353972537],[-92.2019681487026,17.074523764151934],[-92.20058803037699,17.08218900544988],[-92.20962956003004,17.09050381058327],[-92.20455757226557,17.096003372779606],[-92.19601591198378,17.100121901605725],[-92.19151151413728,17.09647893681092],[-92.17967708689623,17.09911480625301],[-92.17372591689043,17.089775623537978],[-92.17359057096002,17.079389317118746],[-92.15850388902209,17.07819736707849],[-92.15956158654153,17.07409119450359],[-92.15605121491065,17.065598239173593],[-92.16167632874438,17.057750746834444],[-92.15495724495484,17.048651247635025],[-92.16188926052101,17.04031252990272],[-92.15824609198836,17.029258684668807],[-92.16300004067875,17.025752344125525],[-92.17497238033047,17.028901930210395],[-92.1742855182909,17.010725744801427],[-92.1764153171502,17.004938745369973],[-92.17799107581443,17.00428862172376],[-92.1883648917663,17.006308251545224],[-92.2004109650927,17.01119164731173],[-92.2100628923131,17.005604463083078],[-92.22111079420006,17.006780697397236],[-92.22435718327723,17.01859518852519],[-92.23759657224069,17.011524286168502],[-92.23879266703163,17.018406511755185],[-92.22916032841572,17.022236797476303],[-92.22435580176037,17.01984016547143],[-92.2169261125567,17.02574544824559],[-92.20720112030078,17.02254804641524],[-92.20553727577264,17.0263387145251],[-92.19720587886819,17.03512373616477]]]}},{"type":"Feature","properties":{"clues":"SCCSA000301"},"geometry":{"type":"Polygon","coordinates":[[[-92.13248555435065,16.264882673603598],[-92.13851166051847,16.26411178524182],[-92.13675165694848,16.268074021808697],[-92.13755650963996,16.271511211778314],[-92.14386764176695,16.28348464730931],[-92.14393186119484,16.290645739345518],[-92.14192400040129,16.294748624030113],[-92.1308294504414,16.290074246150496],[-92.12855349514736,16.27602498030447],[-92.11577208746705,16.275362149519207],[-92.10396958998437,16.266949815947157],[-92.09922759040664,16.269943018276457],[-92.08897455044755,16.271758368665026],[-92.08439681044872,16.266286177832185],[-92.09652032132165,16.255249795512462],[-92.09764336183055,16.249460505316062],[-92.10821713978414,16.253204914874402],[-92.11730808626588,16.247035617049267],[-92.11934529399912,16.247246406893023],[-92.12620960805283,16.254626235851084],[-92.1279401810237,16.25104764230154],[-92.13412933816743,16.249246005955616],[-92.13494533635247,16.253821588719877],[-92.13090311569984,16.257945238748306],[-92.13398140219519,16.26022440773427],[-92.13248555435065,16.264882673603598]]]}},{"type":"Feature","properties":{"clues":"CSIMB000110"},"geometry":{"type":"Polygon","coordinates":[[[-92.08300015315056,15.497224928627185],[-92.08752121000742,15.505593461545944],[-92.09226082747507,15.505270874662312],[-92.10169856852308,15.50766052830639],[-92.1028954571976,15.511727969608687],[-92.09768657740031,15.522115038314261],[-92.10226535444309,15.524824750767326],[-92.1041037735621,15.528662362224686],[-92.09757298361436,15.547735498554278],[-92.08973668110892,15.546297598806479],[-92.08074337383258,15.53661161203298],[-92.07051757785429,15.541668713191862],[-92.0606664724571,15.539287656511314],[-92.05725438553151,15.52156843226315],[-92.07444005698653,15.492329258461366],[-92.08300015315056,15.497224928627185]]]}},{"type":"Feature","properties":{"clues":"CSIMS002194"},"geometry":{"type":"Polygon","coordinates":[[[-92.02679666177222,16.253797751404125],[-92.02625581204337,16.25871147168562],[-92.03136525447445,16.26319853282217],[-92.03422735643854,16.273019490335475],[-92.02360157734036,16.27716873747673],[-92.00495892759663,16.275312876754462],[-92.0006189141922,16.273025136263044],[-92.00992729727078,16.253980747392863],[-92.01768858978072,16.254045983698028],[-92.01839221694617,16.251447807719366],[-92.02425050081715,16.250239299725237],[-92.02679666177222,16.253797751404125]]]}},{"type":"Feature","properties":{"clues":"CSIMB000822"},"geometry":{"type":"Polygon","coordinates":[[[-91.80681592708002,17.05297396755687],[-91.8078187176316,17.06194209660433],[-91.81462804863362,17.070888462531354],[-91.82136453622785,17.073544701051976],[-91.8302454713226,17.0604606553713],[-91.84142657863624,17.055077900268333],[-91.84870754294786,17.05563850304039],[-91.85138231958476,17.058209494771532],[-91.85622493521494,17.059327898776267],[-91.86056062430197,17.092565695716576],[-91.84652052819897,17.09486556866792],[-91.83538763788387,17.113415053458514],[-91.81418437117836,17.106072031819245],[-91.78718056502203,17.116376144043397],[-91.78557422150523,17.120640186883954],[-91.76584185235939,17.117197748598027],[-91.75189885316625,17.08656642129506],[-91.72757592807667,17.094323751327213],[-91.72272018081439,17.092215893530533],[-91.71819017767817,17.058271987446513],[-91.72712618597537,17.050467723670415],[-91.73258887058097,17.016965154087874],[-91.74964665771327,17.008957886668487],[-91.78161789680227,17.01212308602261],[-91.78499755876673,17.01123612521711],[-91.79549924072884,17.01438388172994],[-91.78831731732079,17.04757922381534],[-91.79849816733075,17.047770834763476],[-91.80420143462803,17.05004317032573],[-91.80681592708002,17.05297396755687]]]}},{"type":"Feature","properties":{"clues":"CSIMS002631"},"geometry":{"type":"Polygon","coordinates":[[[-91.61297827259557,16.31316154580422],[-91.6095529677437,16.308319358519807],[-91.62180109955814,16.272313973391213],[-91.62150430661241,16.269936438061453],[-91.63621024555505,16.263241257669662],[-91.64685755459047,16.266813781024656],[-91.6511252975474,16.270092054441907],[-91.65999556442976,16.285507329277035],[-91.66964502447799,16.286714988899416],[-91.67502412761729,16.289098590862192],[-91.68548685701677,16.302260631652754],[-91.6985986540854,16.30330968214659],[-91.70819673831977,16.308961010762083],[-91.71388065492587,16.31708572381713],[-91.7024213737361,16.32790019961619],[-91.67493238134853,16.334148591023766],[-91.67346004716006,16.33287755985014],[-91.67227509031396,16.318620483730314],[-91.64890536326915,16.31581715177786],[-91.64209858554403,16.31041762965124],[-91.61297827259557,16.31316154580422]]]}},{"type":"Feature","properties":{"clues":"SCCSA002727"},"geometry":{"type":"Polygon","coordinates":[[[-91.65536550793128,17.792925766283123],[-91.62496693933036,17.773165061104645],[-91.61649291284289,17.76402209375629],[-91.62040000755725,17.756170354784302],[-91.62833573941153,17.752395146853537],[-91.66517552772034,17.787046565369813],[-91.65536550793128,17.792925766283123]]]}},{"type":"Feature","properties":{"clues":"CSIMS002853"},"geometry":{"type":"MultiPolygon","coordinates":[[[[-91.3324957990773,16.17312522789449],[-91.36522125134893,16.159141973615696],[-91.36569377348032,16.19684021198408],[-91.3324957990773,16.17312522789449]]],[[[-91.3629671845547,16.210175606697113],[-91.33406374009557,16.215162100051728],[-91.32549543514315,16.208549696484152],[-91.32401027949876,16.17731309834872],[-91.3629671845547,16.210175606697113]]]]}},{"type":"Feature","properties":{"clues":"SRSSA003391"},"geometry":{"type":"Polygon","coordinates":[[[-108.79990828975369,28.86030530368054],[-108.86982953294049,28.93216797226708],[-108.86735714454933,28.94837682837592],[-108.86583052604082,28.97762031906567],[-108.85537405058689,29.021171069816553],[-108.84937237007954,29.086438769051256],[-108.87594283653158,29.120025165321724],[-108.99220759713921,29.074360512930014],[-109.00780271256616,29.075654384485954],[-109.10571684109944,29.145723817183402],[-109.05261360837892,29.182074696043298],[-108.90153273125486,29.186686801037954],[-108.85279981417459,29.28318071065384],[-108.75882653098718,29.20945587530002],[-108.79634569678511,29.106088439503218],[-108.72945009274505,29.096565838094257],[-108.71294508938578,29.07290169348902],[-108.72768208586534,29.037660085885022],[-108.72694190366843,29.01975619163647],[-108.6975709819754,28.9669109105549],[-108.79990828975369,28.86030530368054]]]}},{"type":"Feature","properties":{"clues":"SCCSA002532"},"geometry":{"type":"Polygon","coordinates":[[[-108.94553883107596,25.981492404434057],[-108.96277025688967,25.993342491962785],[-108.97019931652972,26.019456992164706],[-108.94334191671672,26.042087726762315],[-108.92924366065618,26.041370079031484],[-108.91634611387529,26.034394893055445],[-108.89946793157095,25.99913966954207],[-108.90936370493183,25.982808433056547],[-108.914029650711,25.98149143151926],[-108.92221605967819,25.968593338462096],[-108.93034542698248,25.962669941290024],[-108.936508145849,25.961995805202687],[-108.94553883107596,25.981492404434057]]]}},{"type":"Feature","properties":{"clues":"CHIMS001640"},"geometry":{"type":"Polygon","coordinates":[[[-108.75882653098718,29.20945587530002],[-108.85279981417459,29.28318071065384],[-108.8548441626174,29.339291803639966],[-108.74334541330732,29.35564468470437],[-108.68940608347222,29.29978313076629],[-108.69372573046117,29.28515515979064],[-108.71426668609959,29.249214535219807],[-108.74998947170741,29.2087402759338],[-108.69269301902816,29.173306236467266],[-108.69299714681773,29.156447628618753],[-108.72945009274505,29.096565838094257],[-108.79634569678511,29.106088439503218],[-108.75882653098718,29.20945587530002]]]}},{"type":"Feature","properties":{"clues":"CHIMS001751"},"geometry":{"type":"Polygon","coordinates":[[[-108.75617498602821,28.333165619835164],[-108.74770328944977,28.331276918235137],[-108.73699310630919,28.29816050658108],[-108.74002334493416,28.28840772746598],[-108.79695434780038,28.27128264093915],[-108.78267781566656,28.305854169828855],[-108.75617498602821,28.333165619835164]]]}},{"type":"Feature","properties":{"clues":"SRSSA005906"},"geometry":{"type":"Polygon","coordinates":[[[-108.7439786507343,26.77573324343348],[-108.71244015322706,26.774355565438995],[-108.6900765906791,26.745598944908387],[-108.73077902487142,26.734292071723456],[-108.76483711728838,26.76227142479701],[-108.7439786507343,26.77573324343348]]]}},{"type":"Feature","properties":{"clues":"SCCSA002601"},"geometry":{"type":"Polygon","coordinates":[[[-108.60134650389635,26.84637743439342],[-108.64554287023448,26.85215071880506],[-108.6599478760131,26.846961375227323],[-108.67198986518753,26.871525083996104],[-108.72763202736617,26.884433568189532],[-108.74016028921177,26.94033454419541],[-108.72486902852316,26.951732101417],[-108.72035526813237,26.98560016920484],[-108.68514943400424,27.056681277480607],[-108.67619293976786,27.059565215894214],[-108.66003387795526,27.0307878636423],[-108.62010524611183,26.982458469390615],[-108.63114887828947,26.937889720790714],[-108.60587900756532,26.92100707661501],[-108.60040742184165,26.90258651151869],[-108.57823297010282,26.878211097582778],[-108.60134650389635,26.84637743439342]]]}},{"type":"Feature","properties":{"clues":"SLIMB003036"},"geometry":{"type":"Polygon","coordinates":[[[-108.51785564073369,25.54197405479869],[-108.53095537191588,25.535265786965525],[-108.53410574322992,25.544412084104387],[-108.54066261013992,25.54522900283617],[-108.54624396165968,25.550180292824884],[-108.5482601200364,25.55638683208132],[-108.55227340992077,25.558754749436392],[-108.5552913643082,25.557365168983633],[-108.5753691334634,25.564009171827138],[-108.57806183786307,25.572032324179435],[-108.57010610579263,25.575777479747185],[-108.55487327022506,25.57455344794895],[-108.5495910522392,25.589051705900054],[-108.55616678522921,25.59855876972158],[-108.54074433282194,25.609440444317908],[-108.5310191823113,25.607034367709076],[-108.52859043711973,25.6042557989426],[-108.52410791884522,25.604746806537186],[-108.51970559324256,25.600633996894597],[-108.51266612519825,25.60930941964565],[-108.51432947252157,25.610795492009768],[-108.51564708131191,25.6176668170554],[-108.5199622598813,25.621224492940264],[-108.52816407455363,25.62416158655698],[-108.53003827131812,25.634410576583498],[-108.51023626743589,25.64414286021412],[-108.50397030946363,25.63796320970824],[-108.50154504354626,25.633334731256884],[-108.48540314380773,25.627355158908493],[-108.48293116296439,25.621145214695407],[-108.4725703779235,25.614967100997678],[-108.47496768707173,25.607519218383043],[-108.47226659774248,25.6006928879263],[-108.46921568745184,25.59887101388891],[-108.47312267204343,25.59131400214381],[-108.4761685999505,25.591404181338397],[-108.48158332438298,25.584578683569497],[-108.47483508959161,25.583239223668404],[-108.47133784961498,25.578992205329126],[-108.4770575492944,25.575101428757826],[-108.4762559654363,25.57264591791999],[-108.46854864417526,25.571458017220166],[-108.46759387231316,25.569940906950954],[-108.46826058677203,25.559237237370194],[-108.47374412748132,25.558798282643902],[-108.47444312045745,25.55534950088726],[-108.47037413967941,25.550754661339056],[-108.46564027632101,25.553972344461204],[-108.46297440796455,25.552600062312894],[-108.46128961370374,25.540788855923694],[-108.45172992093354,25.540776389006634],[-108.44733975211444,25.539133274172734],[-108.4494515124496,25.52860228429427],[-108.44257000928815,25.525051126009586],[-108.43648525411687,25.51163754239334],[-108.44223514601646,25.507477709291305],[-108.45080831141148,25.507803863551445],[-108.45923690238276,25.493607876696952],[-108.47505287514197,25.504006521020052],[-108.4848733034323,25.503301795483306],[-108.48754931290661,25.515261294376845],[-108.48693795138294,25.518570911747002],[-108.50633721503269,25.53062014947972],[-108.51584180880515,25.538417381424583],[-108.51785564073369,25.54197405479869]]]}},{"type":"Feature","properties":{"clues":"SLIMS001070"},"geometry":{"type":"Polygon","coordinates":[[[-108.3132669752174,26.581085702984783],[-108.31196561537578,26.576228157879736],[-108.31827744751872,26.559109022975882],[-108.37593131459457,26.552109924875555],[-108.37999620145273,26.55402226674969],[-108.39828910203997,26.5397903124757],[-108.42119776346392,26.54415143567422],[-108.43222270848497,26.57211276360194],[-108.4363720907117,26.573676317236664],[-108.44679917808241,26.60625848233922],[-108.40748515911848,26.637276981368803],[-108.39490094445144,26.63485013001338],[-108.38834790647165,26.635253767135527],[-108.36414718333741,26.623983019290925],[-108.35394276022501,26.608747282432486],[-108.3132669752174,26.581085702984783]]]}},{"type":"Feature","properties":{"clues":"SCCSA002505"},"geometry":{"type":"Polygon","coordinates":[[[-108.43382021603125,26.75254973747663],[-108.42269770238266,26.785296787093923],[-108.41080522096016,26.787109551144898],[-108.40888285107333,26.788828716018127],[-108.38656497964902,26.786019388404775],[-108.37250689744552,26.77844300039469],[-108.36903590637674,26.76422220452256],[-108.36955427055781,26.757038394196705],[-108.37978410986102,26.744880748954483],[-108.3974228616819,26.74760732738315],[-108.40426750956387,26.75618889296328],[-108.43382021603125,26.75254973747663]]]}},{"type":"Feature","properties":{"clues":"SLIMS001502"},"geometry":{"type":"Polygon","coordinates":[[[-108.08774324749947,25.602277207878625],[-108.0913818304295,25.58801101145566],[-108.10021630834422,25.57456595607457],[-108.11905259528282,25.566201693545658],[-108.13518156946267,25.563930391389178],[-108.13466550378106,25.584013374092386],[-108.14230617665154,25.60088104977757],[-108.16466390599979,25.59565065112351],[-108.17852184421666,25.614954813094794],[-108.1664643618108,25.614892476534138],[-108.14802313523313,25.628878701474562],[-108.13898256953733,25.625312142297627],[-108.12259387920895,25.64128335064441],[-108.11289639326307,25.644290236945913],[-108.10638212889691,25.642930672945347],[-108.10208264979444,25.645886032210548],[-108.07085977272388,25.642721901015854],[-108.0939351499803,25.616459784686377],[-108.09146083137351,25.605480070233998],[-108.08774324749947,25.602277207878625]]]}},{"type":"Feature","properties":{"clues":"SLIMS000785"},"geometry":{"type":"Polygon","coordinates":[[[-107.27378559324612,25.75651826608278],[-107.27136052032743,25.787856579338943],[-107.23463204063667,25.793115160229387],[-107.23091884265878,25.7944195645374],[-107.22521409043513,25.80214577012853],[-107.22690339005706,25.81201753693502],[-107.25359119466643,25.821665505241],[-107.26101817645974,25.841821252493734],[-107.25838811653198,25.852306417327647],[-107.23691987939259,25.856263403058456],[-107.23310572784958,25.85647343499525],[-107.22695195029117,25.852173758814388],[-107.2133097128639,25.83568350611861],[-107.1878923920135,25.85461808902552],[-107.17726435268136,25.85804605428127],[-107.16745691243716,25.839653111334165],[-107.16734513121303,25.83354986380957],[-107.14058829664674,25.811241420985088],[-107.08286376173727,25.814906437998474],[-107.07658121338291,25.806813090752126],[-107.117895190408,25.75493424724306],[-107.11799306700944,25.74215841316407],[-107.14113539758723,25.715261067203986],[-107.1525044564305,25.719022885428707],[-107.20791375057267,25.69085475077418],[-107.21173385760842,25.670803112387834],[-107.2147647300178,25.66324918219575],[-107.22234322723261,25.66253731510222],[-107.2554604426367,25.676385348529532],[-107.28965490330704,25.693330737602373],[-107.29122149540055,25.6953226371207],[-107.27378559324612,25.75651826608278]]]}},{"type":"Feature","properties":{"clues":"MCIMB000926"},"geometry":{"type":"Polygon","coordinates":[[[-99.2869853197414,19.524128836932082],[-99.29924220727797,19.517506656828402],[-99.31583203091995,19.53228349865359],[-99.3281722117531,19.53222001212317],[-99.33054611065486,19.55412289672484],[-99.33311973836402,19.557866250818844],[-99.33275344912819,19.56407391602222],[-99.32567795837991,19.576903825080556],[-99.33458966181658,19.586790060937037],[-99.31768784405847,19.592135155634036],[-99.31511313951944,19.58823608827307],[-99.31323396564889,19.587708476606384],[-99.30512423287308,19.58975764061861],[-99.30193179092099,19.58835714438498],[-99.29889600749668,19.582932763833703],[-99.29504966920733,19.586067793038307],[-99.28443804845374,19.58333642242387],[-99.27514480673855,19.578242993734136],[-99.27191953588941,19.58020016785176],[-99.2678093612538,19.57933897378847],[-99.26686675133897,19.57263751602971],[-99.26195644491493,19.568416852117874],[-99.25786147730989,19.571773903232277],[-99.25312792683796,19.570105299722922],[-99.2520224191552,19.56405253393621],[-99.25383878982073,19.560566623615767],[-99.25316940078251,19.556047687722206],[-99.25977499877072,19.55302868485077],[-99.26143109191943,19.5479678607151],[-99.26506449649561,19.54376550034255],[-99.26514515937845,19.5395234309968],[-99.25733649336212,19.531907420713264],[-99.26404553438668,19.52474881962147],[-99.27116232161853,19.52626370209004],[-99.27263587772141,19.523748418453163],[-99.27976719410648,19.52198322750621],[-99.2869853197414,19.524128836932082]],[[-99.2853329252699,19.560110145319307],[-99.27546622247682,19.55739759035239],[-99.26874307174754,19.562633849492432],[-99.27383541037241,19.567221685781522],[-99.28149785352174,19.567332813788],[-99.28349006272379,19.566508381611747],[-99.2853329252699,19.560110145319307]]]}},{"type":"Feature","properties":{"clues":"MCIMB002355"},"geometry":{"type":"Polygon","coordinates":[[[-99.28341690696072,19.378834574816562],[-99.29117078706011,19.382735444764492],[-99.28611822268964,19.386988730742157],[-99.28753525968271,19.3941552820052],[-99.280473477571,19.394837723230353],[-99.27854380373827,19.391573964754258],[-99.27998862186405,19.38803385795816],[-99.27670881393068,19.382768521265675],[-99.28188122641922,19.38136094347882],[-99.28341690696072,19.378834574816562]]]}},{"type":"Feature","properties":{"clues":"SCCSA000509"},"geometry":{"type":"Polygon","coordinates":[[[-99.23051052978467,19.380078428050595],[-99.23401261471764,19.379548066508875],[-99.23474110561416,19.387436446313785],[-99.23735707041428,19.39140870781209],[-99.23671557322021,19.393713000648532],[-99.23439402127664,19.39480377999194],[-99.22383932215769,19.394632055251474],[-99.22266292696402,19.39234088564277],[-99.22726844128931,19.386587712820717],[-99.22591110269317,19.381550153481474],[-99.22858400900151,19.381524388405087],[-99.22927434362857,19.386127801533846],[-99.23300342524925,19.386698990921875],[-99.23051052978467,19.380078428050595]]]}},{"type":"Feature","properties":{"clues":"SCCSA000493"},"geometry":{"type":"Polygon","coordinates":[[[-99.22228565073836,19.380880550813487],[-99.2208097066734,19.38429941726305],[-99.21831330349724,19.383119474989268],[-99.21815744628346,19.381376622932606],[-99.22053988695927,19.380081278612572],[-99.22228565073836,19.380880550813487]]]}},{"type":"Feature","properties":{"clues":"SCCSA000582"},"geometry":{"type":"MultiPolygon","coordinates":[[[[-99.20690191607471,19.331121686882565],[-99.2011722274115,19.329038041474174],[-99.20322071672135,19.324322392194645],[-99.21030739056198,19.32085621258618],[-99.21267314542396,19.323028897074373],[-99.21229172437202,19.32788301059209],[-99.20690191607471,19.331121686882565]]],[[[-99.19064977254939,19.334965149394947],[-99.1850508985706,19.342483990084023],[-99.17804301305111,19.34188853028563],[-99.17401965205488,19.3373590002391],[-99.17947799954045,19.333995285880835],[-99.18300261237773,19.33803934223728],[-99.18439639724572,19.337644336206804],[-99.19123395008394,19.329303631138114],[-99.19841162069753,19.330346821478866],[-99.20078354500986,19.33944286517468],[-99.19301301360618,19.340882496959438],[-99.19064977254939,19.334965149394947]]]]}},{"type":"Feature","properties":{"clues":"SCCSA000540"},"geometry":{"type":"Polygon","coordinates":[[[-99.19034222337412,19.478722520739254],[-99.19654211490585,19.476840148320264],[-99.19965417108601,19.47830562958986],[-99.20137130160577,19.482980304789926],[-99.19638634555366,19.483829083335],[-99.19476881311486,19.488915912015326],[-99.19037388245263,19.487188313250456],[-99.1896688647384,19.48544679408861],[-99.19155144808738,19.48278633902487],[-99.19034222337412,19.478722520739254]]]}},{"type":"Feature","properties":{"clues":"SCCSA000949"},"geometry":{"type":"Polygon","coordinates":[[[-99.18293761401993,19.402464770924816],[-99.18474670395274,19.39778565930345],[-99.18777775711561,19.396931243078885],[-99.19198159444201,19.400398885924954],[-99.19432354586527,19.398893943548543],[-99.19734001246756,19.402675429429635],[-99.19204177925921,19.40338860527545],[-99.190467508364,19.40559068142533],[-99.18740748049532,19.402929898160846],[-99.18293761401993,19.402464770924816]]]}},{"type":"Feature","properties":{"clues":"SCCSA000937"},"geometry":{"type":"Polygon","coordinates":[[[-99.17887475891033,19.454175472852455],[-99.18019782831992,19.45660719331874],[-99.17790813133533,19.45957776496007],[-99.17191660366309,19.456957379025514],[-99.17320615050937,19.453711588687035],[-99.17266831783319,19.448993667014076],[-99.18189701978913,19.446476838382004],[-99.18264908445624,19.448033610284817],[-99.17887475891033,19.454175472852455]]]}},{"type":"Feature","properties":{"clues":"SCCSA000644"},"geometry":{"type":"Polygon","coordinates":[[[-99.13928006708612,19.44530404365313],[-99.13574003428187,19.446611529782256],[-99.13438883940125,19.442255471495535],[-99.1383429023011,19.440396951352895],[-99.1398022320442,19.44184655814014],[-99.13928006708612,19.44530404365313]]]}},{"type":"Feature","properties":{"clues":"SCCSA000673"},"geometry":{"type":"Polygon","coordinates":[[[-99.13998420377311,19.48278175207375],[-99.13374129399145,19.4872426397753],[-99.13001969244647,19.481951399794447],[-99.13044626687335,19.480724433127932],[-99.1362634563056,19.479929778039978],[-99.13949550488924,19.481033804774917],[-99.13998420377311,19.48278175207375]]]}},{"type":"Feature","properties":{"clues":"SCCSA000577"},"geometry":{"type":"MultiPolygon","coordinates":[[[[-99.12468349426881,19.29595065800221],[-99.12855396615717,19.29734773168827],[-99.12372344397168,19.303553123552167],[-99.12330773738397,19.309262010108764],[-99.11991913698812,19.311841003030445],[-99.11920982442408,19.31510269603578],[-99.11538805056571,19.313308953427363],[-99.1151413951238,19.311449090089727],[-99.11876150883344,19.300266939404445],[-99.1198242781347,19.29907003811802],[-99.12390825938215,19.299748541248263],[-99.12468349426881,19.29595065800221]]],[[[-99.12807183017355,19.306124687998445],[-99.13223878976207,19.308016185952326],[-99.12789485486688,19.311264055097183],[-99.12988030760474,19.314753445401106],[-99.12503029231657,19.31738406219528],[-99.12487291712704,19.310079768459737],[-99.12807183017355,19.306124687998445]]]]}},{"type":"Feature","properties":{"clues":"SCCSA001055"},"geometry":{"type":"Polygon","coordinates":[[[-99.12695675404822,19.425419060181284],[-99.12890092353616,19.426831645807475],[-99.1288068369175,19.43406678912617],[-99.12432918786226,19.434114978917336],[-99.1211501022099,19.43053226946607],[-99.12695675404822,19.425419060181284]]]}},{"type":"Feature","properties":{"clues":"SCCSA000755"},"geometry":{"type":"Polygon","coordinates":[[[-99.11879127507471,19.369824110254804],[-99.11613419826257,19.36978730670613],[-99.11772487674486,19.36326861455715],[-99.11913455720196,19.363778852531482],[-99.11879127507471,19.369824110254804]]]}},{"type":"Feature","properties":{"clues":"SCCSA000686"},"geometry":{"type":"Polygon","coordinates":[[[-99.11373020728126,19.49158221673921],[-99.10918859198058,19.494645284349826],[-99.10649141358165,19.494393129363758],[-99.10500767790045,19.489532914452894],[-99.10834099842648,19.48748655477738],[-99.11519222145704,19.486912282073213],[-99.11373020728126,19.49158221673921]]]}},{"type":"Feature","properties":{"clues":"SCCSA001062"},"geometry":{"type":"Polygon","coordinates":[[[-99.10285458894465,19.237424937348944],[-99.10808287777557,19.236371487483893],[-99.11056722731503,19.23925157885162],[-99.11306778723582,19.23920134797089],[-99.11603079476316,19.2444496693758],[-99.10540133550793,19.250862073851337],[-99.10245173790986,19.24740465830175],[-99.10394962988124,19.24341962888092],[-99.10285458894465,19.237424937348944]]]}},{"type":"Feature","properties":{"clues":"DFIMB000492"},"geometry":{"type":"Polygon","coordinates":[[[-99.10076678128341,19.47088619588705],[-99.10414742056412,19.463524009426244],[-99.10817656236942,19.46519466378397],[-99.11049449968688,19.467961175649144],[-99.10854366560011,19.473959091168542],[-99.10620674456872,19.47459250138365],[-99.1035235094781,19.47988973171432],[-99.09879899792074,19.477303153400346],[-99.09911805869925,19.474732523270504],[-99.09370190994329,19.471119556486546],[-99.09463767937594,19.468904231510255],[-99.09872115654856,19.469092673146264],[-99.10076678128341,19.47088619588705]]]}},{"type":"Feature","properties":{"clues":"SCCSA000811"},"geometry":{"type":"Polygon","coordinates":[[[-99.0865847764201,19.297204562842662],[-99.0812748766838,19.303246110419458],[-99.08215607390481,19.308207266016385],[-99.08482409351325,19.30778302535997],[-99.08707140124768,19.311741321395058],[-99.08401382214355,19.31578267468325],[-99.0790971010645,19.31410140574104],[-99.07580282273607,19.31726264861552],[-99.07026406952923,19.316273374992054],[-99.069939486572,19.313252206735257],[-99.07161546897672,19.31171601356686],[-99.07081534943129,19.308965291423544],[-99.06700801176558,19.307558968395377],[-99.06834988595382,19.304685341969417],[-99.07211158418284,19.304581165739407],[-99.07483596899327,19.301314574544698],[-99.07799441656212,19.304996219848302],[-99.08046787012454,19.30318799797027],[-99.07933854511381,19.300707728483207],[-99.08030771732068,19.299165544708245],[-99.0865847764201,19.297204562842662]]]}},{"type":"Feature","properties":{"clues":"DFIMB000796"},"geometry":{"type":"MultiPolygon","coordinates":[[[[-99.07057812173073,19.39174973798639],[-99.07505839829236,19.39419976184541],[-99.07141045965908,19.397274670087643],[-99.07229464129352,19.40058081161223],[-99.06015733780742,19.401151906373727],[-99.05953447870343,19.3997105567042],[-99.06513914108343,19.39565534632532],[-99.06716274858731,19.38943171698173],[-99.07035410565084,19.38639139573926],[-99.07057812173073,19.39174973798639]]],[[[-99.07601710645113,19.394446193808708],[-99.07886433540905,19.392292346947425],[-99.08261178311932,19.39503548921975],[-99.08347998731348,19.397918450308193],[-99.07752402784052,19.398910473013746],[-99.07601710645113,19.394446193808708]]]]}},{"type":"Feature","properties":{"clues":"SCCSA000858"},"geometry":{"type":"Polygon","coordinates":[[[-99.0765074351857,19.354530900112195],[-99.07385686778532,19.356561452056926],[-99.07039104863202,19.35517725653284],[-99.07057433663935,19.34980693247105],[-99.07488278399461,19.350519930624596],[-99.0765074351857,19.354530900112195]]]}},{"type":"Feature","properties":{"clues":"SCCSA000797"},"geometry":{"type":"Polygon","coordinates":[[[-99.05499514374583,19.319463611076138],[-99.04929740201017,19.317069474931536],[-99.0507680891632,19.312920797862137],[-99.05404370377619,19.311367990653427],[-99.0631514261292,19.314244733639665],[-99.06387037480356,19.316540195922656],[-99.06069577545678,19.319801393353398],[-99.060287599527,19.322753444005468],[-99.0586585435113,19.323128112344968],[-99.05499514374583,19.319463611076138]]]}},{"type":"Feature","properties":{"clues":"SCCSA001240"},"geometry":{"type":"Polygon","coordinates":[[[-99.02603612943547,19.50192922854252],[-99.03013315045534,19.502339177847553],[-99.03306823647763,19.499539036460426],[-99.03615454673256,19.50349469067264],[-99.04020449638783,19.50352654271767],[-99.03781468993402,19.508719363424195],[-99.03903753471795,19.511240230231643],[-99.03476491084125,19.514164015324273],[-99.03336861387064,19.521911824166967],[-99.02466701580762,19.52570435556593],[-99.02699816628919,19.5311516996577],[-99.02231422925857,19.531985232488385],[-99.02006929406711,19.528355834330757],[-99.01792315386898,19.529350665089975],[-99.0165218196373,19.533086133062476],[-99.00682266428886,19.536965697606878],[-98.97781622530208,19.54011997504574],[-98.97480630332053,19.538134484855753],[-98.97484098752994,19.519151966719892],[-98.97331087699398,19.511056050519766],[-99.00766559732618,19.51060954254398],[-99.02036985802502,19.513269721499846],[-99.02603612943547,19.50192922854252]]]}},{"type":"Feature","properties":{"clues":"DFIMB002254"},"geometry":{"type":"Polygon","coordinates":[[[-99.02814198101575,19.325947570750944],[-99.03257622272639,19.326690219478465],[-99.03396583711914,19.32550659061796],[-99.03616271329048,19.326882999419787],[-99.03525084902489,19.332773951430248],[-99.04152328452987,19.332893620830365],[-99.04196646665686,19.336463108218705],[-99.03994226365202,19.337673932887036],[-99.03647655793512,19.336935329275224],[-99.03454512303946,19.334538019030642],[-99.02917251488823,19.3338359177161],[-99.02814198101575,19.325947570750944]]]}},{"type":"Feature","properties":{"clues":"DFIMB000936"},"geometry":{"type":"Polygon","coordinates":[[[-99.03991655943064,19.343255340585923],[-99.03843765631404,19.34967393478647],[-99.03559606452797,19.349717102995633],[-99.03682732306481,19.343131745279088],[-99.03991655943064,19.343255340585923]]]}},{"type":"Feature","properties":{"clues":"SCCSA000826"},"geometry":{"type":"Polygon","coordinates":[[[-99.00664388880229,19.357127540329316],[-99.00421339699894,19.356896839257423],[-99.00030224365872,19.36021076622723],[-98.99315062180632,19.35895246655792],[-98.99207039448397,19.35660492953732],[-98.99405820320125,19.35463812099568],[-99.00154721355442,19.35436170722648],[-99.0038617082634,19.350475382948314],[-99.00594964770868,19.350533360702435],[-99.00664388880229,19.357127540329316]]]}},{"type":"Feature","properties":{"clues":"MCIMB012225"},"geometry":{"type":"Polygon","coordinates":[[[-98.96290730662326,19.42285375373028],[-98.96922743086078,19.419617888052883],[-98.97036016942408,19.42806034145984],[-98.96869705047958,19.429555012469333],[-98.97153252392542,19.435577717667126],[-98.95850565749619,19.438145058794472],[-98.95735858060425,19.43437919056483],[-98.95270463953622,19.43424699666986],[-98.9520790942017,19.43116138749412],[-98.95363058701979,19.429831805417543],[-98.95844481514331,19.432040281824673],[-98.96038703053671,19.431104790924916],[-98.96264201043955,19.428363234503287],[-98.96290730662326,19.42285375373028]]]}},{"type":"Feature","properties":{"clues":"SLIMS000925"},"geometry":{"type":"Polygon","coordinates":[[[-107.11142922702878,24.652644400637993],[-107.13135336609942,24.664644518517868],[-107.13513587102314,24.664718601527106],[-107.14369288358748,24.671992246499975],[-107.15557795567523,24.675453378783832],[-107.16377001129352,24.737254737957954],[-107.16106829878201,24.740770506468223],[-107.15658660205027,24.74120008284809],[-107.1386336516683,24.737914128035815],[-107.11903279972756,24.73028409093712],[-107.11198543041144,24.733836654001383],[-107.07786849274378,24.76667564390135],[-107.05981337367867,24.760176184647346],[-107.05248547780023,24.741845798361155],[-107.02577422665838,24.711879078007247],[-107.0373720513572,24.696262594838153],[-107.05155593032899,24.6901204768554],[-107.06814613809912,24.66666874874185],[-107.07322346815137,24.662130885371695],[-107.0789673064555,24.660167562937392],[-107.09489951669919,24.649074415789723],[-107.11142922702878,24.652644400637993]]]}},{"type":"Feature","properties":{"clues":"SLIMB001892"},"geometry":{"type":"MultiPolygon","coordinates":[[[[-106.79044842100747,23.689904662650996],[-106.78136062571555,23.71953517891743],[-106.77921739889068,23.721105984754427],[-106.7817665759925,23.73238556020108],[-106.77662623202056,23.734361631718123],[-106.76826410521261,23.73458845532043],[-106.74047038738107,23.740561199550275],[-106.73104066741978,23.72557486184191],[-106.72109501782705,23.71548128687001],[-106.70034053610797,23.698592299579587],[-106.66862760757736,23.689702168151673],[-106.65636719816703,23.679122198044922],[-106.64948580888827,23.64296462077513],[-106.62850429930562,23.593801229513993],[-106.66936842818954,23.53202014354365],[-106.67564114037064,23.53796591972258],[-106.68221818295437,23.540984054248955],[-106.68228956645426,23.544182048895294],[-106.68595631578329,23.55031629999428],[-106.68392735438523,23.55308719080545],[-106.6860205607691,23.558085240013263],[-106.69113293594194,23.562251728515392],[-106.69939999977335,23.573499998990116],[-106.72915881969641,23.595157319733516],[-106.75359999975599,23.609099998994292],[-106.76417477984548,23.613223619711842],[-106.76878053993603,23.621456319604615],[-106.78177963134141,23.63141087170166],[-106.77582109570986,23.640903320114482],[-106.77032828183393,23.666107232804478],[-106.79044842100747,23.689904662650996]]],[[[-106.80709581749137,23.70030889707834],[-106.82172267996236,23.71672598555707],[-106.84700385044908,23.740091399450183],[-106.84440000034813,23.74259999892718],[-106.84324040030606,23.74963410942296],[-106.84537381058155,23.75607467513929],[-106.81777286420747,23.780374245130616],[-106.79814438717109,23.735182041750353],[-106.8013075739556,23.7167046842768],[-106.80709581749137,23.70030889707834]]]]}},{"type":"Feature","properties":{"clues":"SLIMB001501"},"geometry":{"type":"Polygon","coordinates":[[[-106.26695634521366,23.356320938746617],[-106.27151663917503,23.364468436625348],[-106.27506092674203,23.366928625213077],[-106.28791802395898,23.3682517793571],[-106.30178264629173,23.386241443140012],[-106.30673881713385,23.402309152015967],[-106.30071692187018,23.430351579368946],[-106.30357869921842,23.448538057192433],[-106.28777449297021,23.458160322000346],[-106.26683616734667,23.49287103423156],[-106.26340781847581,23.494085445291667],[-106.24201185296124,23.471818291561572],[-106.20238441950424,23.48031538089549],[-106.18254862572579,23.464265036048797],[-106.1820724758906,23.452682089614363],[-106.18914711440236,23.447835563003036],[-106.22279853820491,23.437457018258108],[-106.22563579841744,23.430728343945674],[-106.22247844661385,23.41850160554313],[-106.20815624960464,23.417281642113082],[-106.20340271464745,23.402358858682792],[-106.21891804730416,23.403942910252166],[-106.2124956843389,23.378605052946725],[-106.20130007598544,23.370708624272435],[-106.21256101784174,23.348889674228037],[-106.2457216948337,23.359585381734515],[-106.25241249864625,23.35463357977394],[-106.26695634521366,23.356320938746617]]]}},{"type":"Feature","properties":{"clues":"SLIMB001723"},"geometry":{"type":"Polygon","coordinates":[[[-105.89281711621553,22.954036976405064],[-105.90158957841703,22.95784222510876],[-105.90269367267517,22.989774761934335],[-105.9008769850104,22.991623403079714],[-105.90397281372839,22.99987310905903],[-105.90397047329033,23.006365803372635],[-105.9027094312278,23.014580986412152],[-105.89400883363648,23.03260849088004],[-105.88850579500405,23.05277861516759],[-105.87829989929209,23.046355052694476],[-105.85149916091986,23.04345662779091],[-105.8375010542224,23.015984598446778],[-105.82303550022007,23.014656960570065],[-105.8278065898359,23.047869366744997],[-105.80996891775995,23.044410592563082],[-105.80597507930551,23.04170708872697],[-105.77673525143832,23.053728448661158],[-105.77920406007124,23.0274541946168],[-105.78402771961412,22.99911179798109],[-105.78061102719442,22.9970625929465],[-105.75779592463907,22.965359229312625],[-105.76323640902763,22.935150330557835],[-105.78147929711332,22.9327425803852],[-105.78883351479537,22.930349886112438],[-105.7987954468552,22.92303246180986],[-105.8296588727506,22.936681039521908],[-105.82763148035517,22.91044372941721],[-105.83709616789143,22.91224072180701],[-105.85524325034719,22.93392602249331],[-105.85378387165584,22.93625440460946],[-105.86763672210449,22.951686628237336],[-105.86495641756679,22.964356128283015],[-105.87130282932273,22.969410307170897],[-105.87581138399284,22.970363110823474],[-105.89281711621553,22.954036976405064]]]}},{"type":"Feature","properties":{"clues":"DGIMS000976"},"geometry":{"type":"Polygon","coordinates":[[[-104.18996298771889,22.99086176521943],[-104.14894996742787,22.97035555388795],[-104.1200722666147,22.94527933323818],[-104.17117864769637,22.884036210192207],[-104.17847683368784,22.88729133809654],[-104.20346367783651,22.947709836462245],[-104.18996298771889,22.99086176521943]]]}},{"type":"Feature","properties":{"clues":"ZSIMS001502"},"geometry":{"type":"Polygon","coordinates":[[[-103.48676057325423,23.732619075531012],[-103.52125236793717,23.702086268583546],[-103.52935807334234,23.70732541843326],[-103.53283239324064,23.70720500650268],[-103.56475808465048,23.751418618837363],[-103.57104278869338,23.747028516425985],[-103.58443782987942,23.745608716917133],[-103.60217328931115,23.755533520061203],[-103.62171964188977,23.757342819325974],[-103.62889327082539,23.760563279263],[-103.63346462364493,23.814279656700407],[-103.6193057782158,23.82394156897746],[-103.60437477558665,23.846892673990695],[-103.57770484043236,23.853641190174315],[-103.54080539625055,23.81981574866111],[-103.55121878146642,23.772333365509887],[-103.5505560767573,23.769644583714673],[-103.54468883417331,23.76746621315834],[-103.49810439766333,23.785805614543495],[-103.48802169371271,23.762387824673194],[-103.48909952650291,23.756858722227427],[-103.4946942187747,23.746438853754423],[-103.48676057325423,23.732619075531012]]]}},{"type":"Feature","properties":{"clues":"SCCSA003473"},"geometry":{"type":"Polygon","coordinates":[[[-103.18309487130138,23.98961930902657],[-103.16767434719418,24.009468256686954],[-103.15908395408769,24.056309962766488],[-103.13113888735133,24.062408127998697],[-103.11114739181713,23.99762090916357],[-103.10071930910964,23.984343609506947],[-103.11481802890525,23.972324285919555],[-103.20166579068149,23.937499087207236],[-103.20246268193542,23.94205543261692],[-103.18309487130138,23.98961930902657]]]}},{"type":"Feature","properties":{"clues":"ZSIMS000785"},"geometry":{"type":"Polygon","coordinates":[[[-103.03516554110873,24.17634962593544],[-103.03610981638555,24.153394041926294],[-103.06823514251435,24.153971640518847],[-103.10156812730679,24.149991660549453],[-103.1304564510806,24.14085777978967],[-103.14674602575757,24.148658873931623],[-103.15237171608284,24.168236788033177],[-103.12399253454427,24.222334355476438],[-103.1272259671821,24.24715223589653],[-103.16062483605603,24.2690039589566],[-103.17767972750272,24.286319397286455],[-103.18692381513121,24.324603974157256],[-103.11947873868033,24.352678332916536],[-103.0551913468476,24.32936372946741],[-103.07702793521038,24.260096972594113],[-103.07996115690925,24.257026447278797],[-103.06216416731203,24.208844207315373],[-103.03516554110873,24.17634962593544]]]}},{"type":"Feature","properties":{"clues":"ZSIMS000925"},"geometry":{"type":"Polygon","coordinates":[[[-102.99651292307915,22.72885229263881],[-103.01403878671694,22.718380764382864],[-103.02180524127873,22.725444003198984],[-103.02603253067078,22.73724569595166],[-103.02664438814492,22.748723132916954],[-103.06208277914011,22.792544318588504],[-103.05853544955363,22.797435498493794],[-103.03736775224577,22.808196136911985],[-103.03411621120134,22.808022188764458],[-102.98135094970829,22.87055165770482],[-102.97733478583164,22.871702024313272],[-102.973580549581,22.865554683348204],[-102.88696267040878,22.837078600796154],[-102.88847708753569,22.82921467483779],[-102.92299658689787,22.792001195332073],[-102.93206639436633,22.763916020252918],[-102.9330930369021,22.754251366554833],[-102.93767725065916,22.749064983393822],[-102.9566777987705,22.740839568756037],[-102.95873825575391,22.73273264218987],[-102.96382079749833,22.72558379025878],[-102.99102529273983,22.73850524470531],[-102.99651292307915,22.72885229263881]]]}},{"type":"Feature","properties":{"clues":"SCCSA003555"},"geometry":{"type":"Polygon","coordinates":[[[-102.51753327597375,23.42283688116036],[-102.5185286835815,23.456022616679142],[-102.52666721071436,23.48250404756334],[-102.55394773335713,23.48935912286697],[-102.59606914135622,23.455605044324162],[-102.62930458401657,23.518335776232725],[-102.60160563691944,23.529310508203324],[-102.5902469771412,23.530117362270225],[-102.56521301343176,23.56077041792383],[-102.55452800475547,23.58877366175393],[-102.57286442988566,23.613263824533014],[-102.59421925583561,23.68143272545827],[-102.56811047639219,23.68131604323132],[-102.47766991999937,23.651275000675046],[-102.43789518459418,23.65113150547352],[-102.43418267492173,23.618323669655087],[-102.42229803070418,23.571867019103596],[-102.42763832313031,23.56219994254514],[-102.42251046614697,23.50753210314997],[-102.41111091492049,23.493421142603296],[-102.41704243177342,23.443188926966947],[-102.41255168686136,23.36852456669751],[-102.41745725421346,23.366312230050696],[-102.44345526730542,23.370720316621675],[-102.49393109672506,23.373414264469577],[-102.50187960778123,23.37590105459835],[-102.51753327597375,23.42283688116036]]]}},{"type":"Feature","properties":{"clues":"MNIMS002541"},"geometry":{"type":"Polygon","coordinates":[[[-101.84140699406191,20.16845170771856],[-101.87454159899355,20.14850194495475],[-101.89379099516512,20.176243721790268],[-101.89993861382226,20.177379621528583],[-101.9103865800826,20.169496032511425],[-101.91603543624292,20.180373753915237],[-101.9190468021996,20.191750007903334],[-101.90127764479826,20.184087784363356],[-101.8991857997434,20.194253542192826],[-101.89369741858022,20.199812774901353],[-101.88459524605682,20.19343150282324],[-101.87689296221536,20.20027638168212],[-101.86627542903821,20.19965894621135],[-101.86716553621068,20.211944456990608],[-101.84910766464985,20.21135013385954],[-101.84504371722986,20.205321168680236],[-101.84854286942335,20.18700314063412],[-101.84140699406191,20.16845170771856]]]}},{"type":"Feature","properties":{"clues":"SPIMB000602"},"geometry":{"type":"Polygon","coordinates":[[[-100.13596293751237,21.765304060178735],[-100.11877685032374,21.78344037426297],[-100.11366409837701,21.783861736498984],[-100.09495911581837,21.794058452587333],[-100.10163215914673,21.81708601864096],[-100.12262227904537,21.834898323730968],[-100.12169963428819,21.849102238558668],[-100.10299793012169,21.85151705622959],[-100.0905920742866,21.849261726786885],[-100.08171471854986,21.832033572312646],[-100.07806442496587,21.83159002912905],[-100.07058233161125,21.83533412763251],[-100.06084640337707,21.835721046196046],[-100.06357200267709,21.844458846941635],[-100.05731205836497,21.86737637122856],[-100.05366595826428,21.866097181561827],[-100.02568035277713,21.872604795212318],[-100.01465585635988,21.849233772813466],[-100.0147419201736,21.836103656760887],[-100.01662736769578,21.83354815204158],[-100.02033960700538,21.818233864646942],[-99.99842716898833,21.791584745382654],[-100.00106272082057,21.787365203601386],[-100.02252092095415,21.76843938318778],[-100.04049304272219,21.762331565774982],[-100.04276345386684,21.741093981213865],[-100.05353937119682,21.72035067319554],[-100.0824846662764,21.706812302593995],[-100.08792136814199,21.70991227840373],[-100.11771073090831,21.71724278017613],[-100.13574082764961,21.72982924463229],[-100.13173717260402,21.75578001858345],[-100.13596293751237,21.765304060178735]]]}},{"type":"Feature","properties":{"clues":"MCIMB009372"},"geometry":{"type":"Polygon","coordinates":[[[-99.99288302126331,20.00649638643939],[-99.98195862763757,20.008289233239232],[-99.9761619303443,20.01656178438476],[-99.95565238624046,20.019674661392138],[-99.94679958397404,20.01566133910112],[-99.94319454086018,20.00252487227201],[-99.94426504595427,19.99800919378419],[-99.95766082405534,19.99635811866644],[-99.96739214999303,19.981378102901033],[-99.9763458405761,19.982045286138987],[-99.98697515348249,19.974726234748967],[-99.99263387025121,19.975618354535424],[-99.99752294669236,19.980895732088413],[-99.99288302126331,20.00649638643939]]]}},{"type":"Feature","properties":{"clues":"MCIMB005510"},"geometry":{"type":"Polygon","coordinates":[[[-99.94392750598614,19.88750322649836],[-99.95089834439274,19.870790160920482],[-99.95698169608744,19.86852623484492],[-99.9738875114599,19.870119938571143],[-99.98325797028535,19.87543921073075],[-99.99672113504116,19.887674925066822],[-99.9990753189446,19.903141702862285],[-99.99213591777176,19.908444448092908],[-99.98348961175873,19.906173861681776],[-99.97630488254342,19.921533610445373],[-99.97609860151405,19.929232119046183],[-99.97189947367208,19.93496279509091],[-99.96632239454338,19.93540930719485],[-99.95143684782772,19.928732390974304],[-99.93680913091043,19.91714062420635],[-99.93738263220258,19.902967333692047],[-99.94297556571048,19.894735484952594],[-99.94392750598614,19.88750322649836]]]}},{"type":"Feature","properties":{"clues":"MCIMB011134"},"geometry":{"type":"Polygon","coordinates":[[[-99.83387714996677,20.099474876068932],[-99.85074283313143,20.10176123934234],[-99.85267524835669,20.103458458430755],[-99.86063397867318,20.104733379491414],[-99.86577321259497,20.10232482217614],[-99.89020003497407,20.12030754795339],[-99.89140487556104,20.12582592256345],[-99.86151122004719,20.123007407207194],[-99.85777882014092,20.128816074412992],[-99.86577246076065,20.147237756656345],[-99.86923312108011,20.14737698593166],[-99.88551811112976,20.15836395541702],[-99.87995638341236,20.175058470159346],[-99.90107357327231,20.183547833846177],[-99.90596525053401,20.190863258979864],[-99.89824404820767,20.20559784449536],[-99.88946442772884,20.212927022672616],[-99.87582137265218,20.203601803806347],[-99.8760718401934,20.176880287365186],[-99.86395095845717,20.174118682906535],[-99.85368721062501,20.162283500788615],[-99.85113205392221,20.162276440447016],[-99.82878127247761,20.141127420128363],[-99.82959824775621,20.13485833915196],[-99.8326009487374,20.132037560409806],[-99.83441258436305,20.115519586290922],[-99.82989867105375,20.10794174834455],[-99.83387714996677,20.099474876068932]]]}},{"type":"Feature","properties":{"clues":"MCIMB000132"},"geometry":{"type":"Polygon","coordinates":[[[-99.90418483158322,19.915346119928785],[-99.91719628408697,19.92256166037723],[-99.90034635804504,19.932622061916188],[-99.89955867715088,19.936566697817316],[-99.88698253918488,19.949201673004698],[-99.87412439740218,19.9191921637772],[-99.89207264396227,19.920251448680226],[-99.89764199721061,19.924523805639954],[-99.90418483158322,19.915346119928785]]]}},{"type":"Feature","properties":{"clues":"SCCSA001401"},"geometry":{"type":"Polygon","coordinates":[[[-99.77485334420187,20.232642781021696],[-99.77903890506194,20.239541042321775],[-99.78754231026048,20.246725425931192],[-99.78595078945884,20.256358053708013],[-99.78984086765897,20.260867573004607],[-99.79154589612476,20.26586608355578],[-99.79932243566107,20.26786502551422],[-99.80241279709993,20.2813583333293],[-99.79686643724705,20.28258337093542],[-99.7858341545461,20.273275079391645],[-99.77858385448467,20.272866313310764],[-99.77138283718865,20.267826399605745],[-99.76545488193027,20.270835051733997],[-99.76118508933274,20.287546976259765],[-99.7545975336322,20.29035755751877],[-99.73292902975955,20.28182341487712],[-99.74513000575624,20.264722521596383],[-99.74419939701369,20.24489268913712],[-99.74806240427272,20.24257718226641],[-99.76124293218996,20.249907691151815],[-99.76967833199505,20.23450584853084],[-99.77485334420187,20.232642781021696]]]}},{"type":"Feature","properties":{"clues":"GRIMB007514"},"geometry":{"type":"Polygon","coordinates":[[[-101.80901647434983,17.886081931645474],[-101.8380163954473,17.902933554624312],[-101.8588735097348,17.91080364781102],[-101.86527312066524,17.910678700295694],[-101.86820286293572,17.913465241984856],[-101.85670416113099,17.92073692826843],[-101.85268793487096,17.921667884660774],[-101.8224542106416,17.95994766329261],[-101.82852105491519,17.96763837465442],[-101.84633346983003,17.980483205133687],[-101.85619960322487,18.00274806544692],[-101.83118866269155,18.028235967286125],[-101.82466922858265,18.029286867645773],[-101.79703047363822,18.086794521361984],[-101.75717606560269,18.090176759945855],[-101.75423519098679,18.084448639162225],[-101.77561701474224,18.03408006086285],[-101.76984916342455,18.029112081294677],[-101.76360692335875,18.009844957423052],[-101.73390107619595,17.96958443285277],[-101.74698076236344,17.961424308878723],[-101.76627168834551,17.964488476298207],[-101.78888735410841,17.954115440761587],[-101.81710731464315,17.956868288206362],[-101.81766049713258,17.943835781268767],[-101.83390464531409,17.919195747640675],[-101.81300238317425,17.908809481473163],[-101.80901647434983,17.886081931645474]]]}},{"type":"Feature","properties":{"clues":"GRIMB004410"},"geometry":{"type":"Polygon","coordinates":[[[-101.63352845996047,17.737682449463268],[-101.62835959579954,17.728158994259346],[-101.64904697501152,17.726642919793544],[-101.66129624463078,17.722418049269745],[-101.6670692151836,17.733750144548132],[-101.67293154462584,17.740438175477127],[-101.65037329289754,17.765385066725784],[-101.64433229136804,17.764676277342843],[-101.63765780591723,17.739822710174327],[-101.63352845996047,17.737682449463268]]]}},{"type":"Feature","properties":{"clues":"MNIMS001445"},"geometry":{"type":"Polygon","coordinates":[[[-101.56113562589944,18.501532061127556],[-101.56294482414356,18.503787134987125],[-101.56229173946087,18.531841533790022],[-101.56666259230694,18.535901212601036],[-101.61710311709537,18.54735505222254],[-101.59009814318635,18.57141664990044],[-101.61009416906539,18.614539083215394],[-101.57997424156122,18.621252508991248],[-101.56811449809815,18.611660477238427],[-101.54769760646683,18.608414983462104],[-101.53892453910913,18.65136898552509],[-101.52196131405606,18.643365524077034],[-101.46463248476222,18.64645636906733],[-101.46071610613808,18.643440922681087],[-101.47234955878149,18.618767118161802],[-101.47228764956623,18.610439250688124],[-101.45922485120178,18.588622944961966],[-101.45430847206151,18.56545481357056],[-101.45528865414869,18.56091882763817],[-101.4668264182734,18.555195685462163],[-101.46066083419956,18.533562057132944],[-101.43574287933026,18.51058869032424],[-101.44240168937918,18.5009985992574],[-101.47916845760552,18.506140753640732],[-101.49126532477926,18.505063524060937],[-101.4998261346121,18.51098363682672],[-101.52247079285567,18.485040208640754],[-101.5279545817992,18.4873084757383],[-101.54427174423465,18.502939777657932],[-101.56113562589944,18.501532061127556]]]}},{"type":"Feature","properties":{"clues":"GRIMB004340"},"geometry":{"type":"Polygon","coordinates":[[[-101.46083493801648,17.6050288729103],[-101.4516645333229,17.630247090473446],[-101.4514411403235,17.6488392898585],[-101.45570396622544,17.651421455071187],[-101.47324739726966,17.669367230469884],[-101.48210990307943,17.67499467998761],[-101.48452329650732,17.68304595514649],[-101.47383359167127,17.69969130838914],[-101.45625969498968,17.70699498677377],[-101.4398145079122,17.730025175837678],[-101.43570044967372,17.73052567382103],[-101.43161547555087,17.726380794482104],[-101.41845396255755,17.70102114183879],[-101.40538840071358,17.69493524256348],[-101.39872687935988,17.679889648426673],[-101.37643745239905,17.661364896192563],[-101.37458154954882,17.65828487344252],[-101.37987060734406,17.642481675252196],[-101.39170234380178,17.641588046533585],[-101.4224725822369,17.627402690059522],[-101.43327107100697,17.600634393815746],[-101.44197463155993,17.60488318397407],[-101.44585049788552,17.605163571978597],[-101.45306562879426,17.603789089946872],[-101.45823870207879,17.601073703183378],[-101.46083493801648,17.6050288729103]]]}},{"type":"Feature","properties":{"clues":"MNIMS001783"},"geometry":{"type":"Polygon","coordinates":[[[-100.9873320165406,18.754746327607787],[-100.99447508687919,18.764127035973992],[-100.97850430125568,18.78061404128662],[-100.98496970209591,18.797822483763245],[-100.99217611220502,18.79799412555044],[-101.00647089787084,18.81167784502738],[-101.00927640292149,18.822077072128707],[-101.00509091587193,18.830569057058447],[-101.0165142692085,18.84832913531263],[-101.00436113204164,18.874653997685304],[-100.99512149729401,18.875417997029196],[-100.98943463941178,18.874286671102304],[-100.97758064544217,18.862372967468175],[-100.98014941495644,18.843505885883456],[-100.97843132423378,18.8415895739679],[-100.94666270162108,18.832107503406117],[-100.94059626265827,18.810458399055513],[-100.93587100296735,18.808601541321455],[-100.91864556540861,18.836192223767025],[-100.91717295413441,18.840688951592647],[-100.92235417250042,18.8624069066403],[-100.8998352386066,18.86944592429659],[-100.88193285883308,18.8472079155372],[-100.88160152380675,18.805578353251764],[-100.878857295452,18.798079977193627],[-100.8811235907741,18.793362066704095],[-100.8842871505287,18.750407695189054],[-100.89220374379815,18.747101747556325],[-100.89701238710626,18.741583695623216],[-100.93851949697677,18.735736699550735],[-100.96467861303896,18.739816111541973],[-100.96689182704935,18.75244624222392],[-100.9873320165406,18.754746327607787]]]}},{"type":"Feature","properties":{"clues":"GRIMB007432"},"geometry":{"type":"Polygon","coordinates":[[[-100.53236415964525,18.23556336771867],[-100.53679039731989,18.22144243670755],[-100.54691619108733,18.224178570766245],[-100.55466356665258,18.22941221328822],[-100.55094793620606,18.23789218799459],[-100.5525307163269,18.24670050056258],[-100.54744277382294,18.249850973623744],[-100.5391460433061,18.26106241667745],[-100.53257069847197,18.259994453401134],[-100.5330986020333,18.254759001267676],[-100.53135837815563,18.247732648445375],[-100.53319338816364,18.244196259931687],[-100.53236415964525,18.23556336771867]]]}},{"type":"Feature","properties":{"clues":"GRIMB007140"},"geometry":{"type":"Polygon","coordinates":[[[-100.5025240967996,18.360321495854553],[-100.52724480980463,18.377111517721335],[-100.52180985834873,18.39872837898283],[-100.51275981595094,18.408151944498787],[-100.51664590246862,18.452793278575058],[-100.5043309038724,18.47378207787804],[-100.44803622180507,18.485467878359284],[-100.44608246891642,18.51428477646389],[-100.41013524209912,18.533609044822416],[-100.37785594359048,18.523620441813716],[-100.36635437527977,18.509509505934744],[-100.3654720611718,18.499481355000817],[-100.39077455360292,18.453284835177357],[-100.39645756302377,18.448237388962227],[-100.4178647892401,18.452348349432306],[-100.43470431845601,18.463253860008997],[-100.45344281808656,18.442322675075502],[-100.45507836783945,18.437390223009032],[-100.46132188053396,18.408728951247898],[-100.45551961903156,18.391003698539645],[-100.43668766212386,18.383239390252424],[-100.42651823680092,18.363724015022886],[-100.43781463063252,18.359810064073965],[-100.49002863439782,18.32889111064791],[-100.49956101891337,18.332423813354144],[-100.5002881817019,18.355005176364955],[-100.5025240967996,18.360321495854553]]]}},{"type":"Feature","properties":{"clues":"GRIMB000876"},"geometry":{"type":"MultiPolygon","coordinates":[[[[-100.4457219032516,18.163186505873803],[-100.46565415193581,18.169374767741534],[-100.47105913097162,18.196399958113368],[-100.46236120969562,18.212453272887984],[-100.45998201081343,18.213249647511024],[-100.44220578513574,18.18516283546806],[-100.4248251052819,18.177913649574542],[-100.42640357632504,18.13652080154708],[-100.4287616648848,18.13120559443884],[-100.4457219032516,18.163186505873803]]],[[[-100.4838004604423,18.16533572494086],[-100.49003442229629,18.163475716207785],[-100.49599157335196,18.16729421701294],[-100.50042770261693,18.18165549574289],[-100.48111885250083,18.189409725255157],[-100.4838004604423,18.16533572494086]]]]}},{"type":"Feature","properties":{"clues":"GRIMB001540"},"geometry":{"type":"Polygon","coordinates":[[[-100.41792376753513,17.278534048085074],[-100.37803888361316,17.27697226825639],[-100.38031043938842,17.265296192141754],[-100.395679135302,17.255836032301055],[-100.406693689623,17.251298509703005],[-100.41006923694712,17.245492126119956],[-100.44371107917725,17.25275238982589],[-100.44990209528477,17.26328684388608],[-100.44979258510635,17.265792409469054],[-100.41792376753513,17.278534048085074]]]}},{"type":"Feature","properties":{"clues":"GRIMB002486"},"geometry":{"type":"Polygon","coordinates":[[[-99.91477891347365,16.942851080997077],[-99.94619330538495,16.937406822118696],[-99.95608133812331,16.940260568508],[-99.96205301438862,16.949619440472414],[-99.9625531524763,16.953819767616483],[-99.95344863180836,16.963150893639753],[-99.94907376133177,16.958723573404978],[-99.91477891347365,16.942851080997077]]]}},{"type":"Feature","properties":{"clues":"GRIMB003710"},"geometry":{"type":"Polygon","coordinates":[[[-99.87010233057076,17.867560187568497],[-99.87184875084088,17.859334924378096],[-99.8782569118281,17.858089960913073],[-99.90153241656228,17.868358482918342],[-99.90743376469942,17.86786209346488],[-99.92745164532568,17.892024992776477],[-99.9292107850001,17.903450446542777],[-99.92842012398269,17.905846945150575],[-99.93541738243968,17.924389751483258],[-99.9361384942036,17.93943434736049],[-99.91421403804692,17.947700521353944],[-99.87613096819746,17.950787076963746],[-99.87564239046942,17.947747768781117],[-99.88043755720227,17.929194134830063],[-99.89236314651669,17.90809663318034],[-99.88376872771948,17.899130149631215],[-99.8835333212741,17.888812751203275],[-99.87010233057076,17.867560187568497]]]}},{"type":"Feature","properties":{"clues":"GRIMB008873"},"geometry":{"type":"MultiPolygon","coordinates":[[[[-99.82344410313746,16.789866865524697],[-99.82898110776856,16.790126226838872],[-99.83012402971158,16.785958509041734],[-99.83258936978832,16.78586497904472],[-99.83513155019007,16.782954689152575],[-99.84022750976031,16.78549014979661],[-99.84504374987192,16.7842835993274],[-99.8441739665782,16.78645709826957],[-99.84643399981661,16.792818049418706],[-99.8565892199412,16.793387659633527],[-99.85908554965661,16.796118769872745],[-99.85254547166969,16.799292522561778],[-99.84889234464816,16.79916135384559],[-99.8405476419075,16.793826133071583],[-99.83867781856333,16.795554481833115],[-99.82517886188923,16.796276559385475],[-99.82514157982375,16.79820481339637],[-99.83203469311418,16.80495211711719],[-99.83993139321132,16.808091661388257],[-99.8406781856242,16.814395942997834],[-99.83883071611929,16.817857488612585],[-99.82982851461529,16.818205353542545],[-99.82813120600001,16.82104243516583],[-99.82052400351095,16.82141976715191],[-99.8151656279259,16.817751893765546],[-99.81723831795132,16.81414948073708],[-99.81556970415417,16.80766741784197],[-99.8122241970969,16.807223984703263],[-99.81071190784537,16.797855467040616],[-99.81557960382023,16.78679527121249],[-99.82344410313746,16.789866865524697]]],[[[-99.83879463156194,16.795548233346977],[-99.83876946498131,16.79554957954159],[-99.83878201646027,16.795536064946102],[-99.83879463156194,16.795548233346977]]],[[[-99.84049635785198,16.795939820640353],[-99.84074581056431,16.795763675693582],[-99.8405329687532,16.79599628442135],[-99.84049635785198,16.795939820640353]]]]}},{"type":"Feature","properties":{"clues":"GRIMB008844"},"geometry":{"type":"Polygon","coordinates":[[[-99.89637786851964,16.87706118815379],[-99.89834390906952,16.87463909821007],[-99.89981068713655,16.880252108805536],[-99.89753958527864,16.88158253231835],[-99.89685277217981,16.884232471547573],[-99.90012413445511,16.891803773186655],[-99.90212449545592,16.90214631130498],[-99.90052287414038,16.910845192959766],[-99.88667562666267,16.890861170975413],[-99.8928763193795,16.880851158756382],[-99.89715785501917,16.881306231061554],[-99.89637786851964,16.87706118815379]]]}},{"type":"Feature","properties":{"clues":"GRIMB008050"},"geometry":{"type":"Polygon","coordinates":[[[-99.71464614843731,17.879619346849918],[-99.65450891575352,17.883344656581382],[-99.64576285444309,17.874956600692084],[-99.66451704679054,17.842233118543817],[-99.69261803479128,17.811145209774043],[-99.70392736695617,17.793213291250634],[-99.75444744053382,17.802373145826373],[-99.73900139122114,17.848243371363218],[-99.71464614843731,17.879619346849918]]]}},{"type":"Feature","properties":{"clues":"GRIMB002136"},"geometry":{"type":"Polygon","coordinates":[[[-99.64416105342197,18.023156788436122],[-99.63225008695161,18.019183937813082],[-99.61399241480034,18.002655257456766],[-99.61239686998206,17.986239373730303],[-99.63048278679618,17.962691639384992],[-99.66789970997391,17.935311399144016],[-99.68586495549522,17.94492800732974],[-99.7010813254709,17.970341921946297],[-99.73115690414767,17.98784634873259],[-99.73144212041339,17.989893625841106],[-99.6921135942824,18.06026299713764],[-99.68759245898687,18.061147525767588],[-99.64416105342197,18.023156788436122]]]}},{"type":"Feature","properties":{"clues":"GRIMB008272"},"geometry":{"type":"Polygon","coordinates":[[[-99.61649152543785,18.18787399018167],[-99.60805663716404,18.19825013215732],[-99.58567239415368,18.203568445668267],[-99.56812335217141,18.174777268361098],[-99.5627559049567,18.14857943515024],[-99.62668702222004,18.157998474939816],[-99.61649152543785,18.18787399018167]]]}},{"type":"Feature","properties":{"clues":"SCCSA001559"},"geometry":{"type":"Polygon","coordinates":[[[-99.47069746367366,18.66347078251255],[-99.45340051712984,18.67504010895617],[-99.44428016457721,18.668568445039472],[-99.45873877262372,18.64917169830989],[-99.47069746367366,18.66347078251255]]]}},{"type":"Feature","properties":{"clues":"GRIMB005023"},"geometry":{"type":"Polygon","coordinates":[[[-99.38941684643842,17.42703042242992],[-99.399921805806,17.448243456870873],[-99.40459582818602,17.45263992354867],[-99.39281669080546,17.503428981241225],[-99.38644523174466,17.504776424668055],[-99.36701149085182,17.500514726754243],[-99.35893699064648,17.508330110278266],[-99.33641605542351,17.520537522953013],[-99.32470333918776,17.493730889377726],[-99.31686694421367,17.492559103433823],[-99.30825620754861,17.482926699760654],[-99.28422042729555,17.477521272214805],[-99.26261414054352,17.454393003735465],[-99.26263401696298,17.449532000170983],[-99.27980647277052,17.43280188942466],[-99.30112301943561,17.43631593784314],[-99.31958193766913,17.442889073960668],[-99.32400551932028,17.43874698349208],[-99.35493204258752,17.436565244495835],[-99.36475403255439,17.438881829262627],[-99.38941684643842,17.42703042242992]]]}},{"type":"Feature","properties":{"clues":"SCCSA001623"},"geometry":{"type":"Polygon","coordinates":[[[-99.32308527605436,18.566289506533646],[-99.33134259695011,18.587769379725316],[-99.33138769600022,18.592002881993626],[-99.32653551933856,18.59983131291825],[-99.32424145984083,18.61086068344116],[-99.31769884479223,18.614441236015196],[-99.31666273470583,18.616591425561587],[-99.31651636714474,18.620284825578352],[-99.31830193820785,18.623106940068922],[-99.31125719657076,18.62291682864968],[-99.30264211875475,18.616027520432407],[-99.29147049306958,18.62887253747932],[-99.28445668088058,18.616437406596557],[-99.29596262955758,18.603749832985276],[-99.29048971799273,18.59764741619332],[-99.2847962786778,18.594951124422437],[-99.28847785090963,18.578751122990305],[-99.29250952655617,18.579374803838306],[-99.30084099311284,18.5837141599793],[-99.30562784639957,18.582281865764056],[-99.3140847844251,18.571340036450763],[-99.32308527605436,18.566289506533646]]]}},{"type":"Feature","properties":{"clues":"MSIMB001581"},"geometry":{"type":"Polygon","coordinates":[[[-99.25032511110157,18.81817063089867],[-99.25485067494458,18.820276204421475],[-99.25681264688824,18.818869410532375],[-99.25868232801652,18.822005436915664],[-99.26156892659263,18.822789953043376],[-99.26155047255071,18.82504617931572],[-99.26643356418809,18.827622938216432],[-99.26402948701522,18.836904093014436],[-99.26112236619919,18.834339888783227],[-99.25342004729035,18.833859343416677],[-99.25215203074572,18.829324277094194],[-99.24704906905355,18.829003461405936],[-99.2470491196848,18.825271822445398],[-99.24932401069508,18.82290761211146],[-99.25032511110157,18.81817063089867]]]}},{"type":"Feature","properties":{"clues":"GRIMB007963"},"geometry":{"type":"Polygon","coordinates":[[[-99.2145509644222,17.685620710260164],[-99.23146421684807,17.68442254019496],[-99.23807224259755,17.68705224606172],[-99.2423740183722,17.68720675117943],[-99.26803482643037,17.7030867242747],[-99.26717651998537,17.70800701530697],[-99.27160714585601,17.73013910736835],[-99.23235936268772,17.734061067028378],[-99.21618387384386,17.745409199450652],[-99.20741518850713,17.723298834736994],[-99.19890373622316,17.71487252564524],[-99.21371980979154,17.698633999594833],[-99.2145509644222,17.685620710260164]]]}},{"type":"Feature","properties":{"clues":"GRIMB008955"},"geometry":{"type":"Polygon","coordinates":[[[-99.19820022152787,17.339231542806754],[-99.20748212522408,17.34504130493852],[-99.20779098749239,17.356758942587458],[-99.19675219568191,17.38310766540446],[-99.19378289970848,17.3833375713444],[-99.18192794712006,17.368211102203926],[-99.15448905604718,17.36246123878999],[-99.15157671302723,17.35394197642579],[-99.15204865320452,17.33229602250773],[-99.14891104246368,17.3213062641815],[-99.13990745378038,17.303989246504663],[-99.14130006362922,17.301696013725188],[-99.14671919081268,17.299262937511312],[-99.17543804998638,17.268033713041685],[-99.19249457319049,17.28274851321557],[-99.20069896277934,17.286098910486142],[-99.19828992310923,17.305371703753746],[-99.20015105066959,17.317197130129156],[-99.20568796750108,17.322152568427146],[-99.19820022152787,17.339231542806754]]]}},{"type":"Feature","properties":{"clues":"GRIMB001762"},"geometry":{"type":"Polygon","coordinates":[[[-99.00658460422615,16.919132415313996],[-99.02328216609631,16.90599157387906],[-99.03089428972561,16.92110222242325],[-99.0304266003452,16.92344890916237],[-99.04420853183957,16.938592008922107],[-99.02965544949873,16.94657527956061],[-99.02102353736211,16.945066125065498],[-99.01517987963464,16.938795529620798],[-99.01476786145405,16.927848906659992],[-99.00658460422615,16.919132415313996]]]}},{"type":"Feature","properties":{"clues":"MSIMB002013"},"geometry":{"type":"Polygon","coordinates":[[[-98.96794821200459,18.73018937605248],[-98.96691203747457,18.74387333213377],[-98.96423725751656,18.74510110452785],[-98.95412312627879,18.761257438260333],[-98.94205416379916,18.75969483026684],[-98.94200253936837,18.747915282371103],[-98.93719672872423,18.73694680117545],[-98.94063300538073,18.734516574912337],[-98.95013491731673,18.722019352353165],[-98.95118913222272,18.71746895213642],[-98.945897329867,18.706894647264356],[-98.94528908468175,18.69523170901384],[-98.9668706443132,18.69268614415752],[-98.9774478989267,18.702250178926835],[-98.97825967004727,18.705201462284997],[-98.9753537194418,18.715872556181854],[-98.97696032099104,18.722350113662213],[-98.96794821200459,18.73018937605248]]]}},{"type":"Feature","properties":{"clues":"MSIMB001120"},"geometry":{"type":"Polygon","coordinates":[[[-98.87955993536201,18.608313550462608],[-98.89363741671701,18.619565797479435],[-98.91292621396082,18.61854553325742],[-98.9253454424337,18.609474271009542],[-98.93360124338115,18.629981446045033],[-98.9352805747076,18.637626021308744],[-98.94287179538696,18.64225913155945],[-98.94683121804601,18.641981165579715],[-98.95448448491824,18.656404988552254],[-98.9553352094698,18.66098251144987],[-98.9409922955198,18.666304563326634],[-98.93335955688002,18.680743736558323],[-98.90192191742251,18.656237376209926],[-98.89595794661534,18.65329569360337],[-98.88642430630236,18.651309662979692],[-98.8853344877119,18.639597223496324],[-98.87350024693313,18.617371119111336],[-98.87955993536201,18.608313550462608]]]}},{"type":"Feature","properties":{"clues":"MSIMB000094"},"geometry":{"type":"Polygon","coordinates":[[[-98.77010859336043,18.49338895452544],[-98.77564823811059,18.483448718414206],[-98.77877516066681,18.480611352127063],[-98.79084493397353,18.479853775892835],[-98.78585986060428,18.496729861818494],[-98.79117661215659,18.503454663539216],[-98.79385863173887,18.50986309807399],[-98.801199092806,18.512420838741615],[-98.80189410421372,18.513915965666087],[-98.80709947332097,18.5348378700803],[-98.8061538947577,18.547119817126916],[-98.80387798612716,18.54856827731164],[-98.77810343182195,18.540520130607746],[-98.77335416038714,18.537704698584953],[-98.77955465710343,18.523089291304952],[-98.77422699493556,18.51231975582776],[-98.77583164582988,18.509010713181205],[-98.77129462417372,18.500146488053833],[-98.77010859336043,18.49338895452544]]]}},{"type":"Feature","properties":{"clues":"SCCSA001614"},"geometry":{"type":"Polygon","coordinates":[[[-98.77099303319412,18.601402343797908],[-98.79111047306984,18.5965664781059],[-98.79129757127244,18.61398684772543],[-98.79467178795524,18.62641830607391],[-98.8048231608843,18.634166835836798],[-98.79951078508832,18.64312092317353],[-98.78831570383942,18.649336597118495],[-98.76563395704618,18.64803934794616],[-98.7637494553496,18.62882007830685],[-98.7689398687567,18.62067696740914],[-98.77099303319412,18.601402343797908]]]}},{"type":"Feature","properties":{"clues":"SCCSA001318"},"geometry":{"type":"Polygon","coordinates":[[[-98.75668597846158,17.789337057761603],[-98.78176704643388,17.78237609626044],[-98.78472768188679,17.79302267664833],[-98.77693611888839,17.81840080548126],[-98.77495748793466,17.819643921724683],[-98.76403451008554,17.841185226854904],[-98.78056419494926,17.867439380030525],[-98.7741535442415,17.8794189006143],[-98.76159503496356,17.884050770170393],[-98.74883729288666,17.897465477864543],[-98.72834269884072,17.86838636918269],[-98.72124267809001,17.867470402190808],[-98.71270503534669,17.862328809129373],[-98.71622994607574,17.855994031300572],[-98.72007754123558,17.85518422093044],[-98.73286020982918,17.84509906007378],[-98.72125592560779,17.837914450041815],[-98.712959968802,17.836832287560885],[-98.70330272262697,17.824030460621252],[-98.6745727482293,17.811879864865084],[-98.67398657481432,17.806784980746304],[-98.7139976784904,17.807073939907895],[-98.71798915988623,17.816812615977188],[-98.72625091873222,17.818487293892293],[-98.74127506693002,17.815929277821056],[-98.7450448759979,17.80966144067921],[-98.74434248357694,17.800250738720774],[-98.75668597846158,17.789337057761603]]]}},{"type":"Feature","properties":{"clues":"GRIMB004714"},"geometry":{"type":"Polygon","coordinates":[[[-98.69691422864611,17.14601220379991],[-98.69346067617369,17.143021525457407],[-98.71676548759329,17.121072575898204],[-98.71641104845317,17.10802155778584],[-98.74362634885381,17.114487348403532],[-98.75000021268308,17.125646006816254],[-98.75417700165637,17.128738281620738],[-98.77117529697003,17.132751171136444],[-98.77246095263075,17.13455122764151],[-98.76165289868302,17.157684977357015],[-98.74987116868408,17.155167718622376],[-98.74319632548708,17.155778198023032],[-98.73671829007372,17.158911859713726],[-98.73153706632178,17.156996388450075],[-98.72149897641351,17.14689645786514],[-98.72094646527486,17.140453922069355],[-98.69691422864611,17.14601220379991]]]}},{"type":"Feature","properties":{"clues":"PLIMB000672"},"geometry":{"type":"Polygon","coordinates":[[[-98.67264341777573,18.39641312801303],[-98.7030970089209,18.395390966574535],[-98.71382303270829,18.410820288319982],[-98.73403630779647,18.40639754980204],[-98.75041721217593,18.40827721241648],[-98.75778651072892,18.41391970715926],[-98.75535703496334,18.4165293964151],[-98.72301219153863,18.432259336388643],[-98.72062679314448,18.449291642276293],[-98.71272745928773,18.45331498188618],[-98.70895577717364,18.453005347574283],[-98.6961197504655,18.460521794553514],[-98.68485622656458,18.462623149742914],[-98.67921064683769,18.450630680063746],[-98.6823759177812,18.436861273409384],[-98.66719403970104,18.419239654187564],[-98.65894880030959,18.41346006250896],[-98.67264341777573,18.39641312801303]]]}},{"type":"Feature","properties":{"clues":"GRIMB005105"},"geometry":{"type":"Polygon","coordinates":[[[-98.70606535620296,17.86392079257851],[-98.70913760904493,17.86436229429308],[-98.71270503534669,17.862328809129373],[-98.72124267809001,17.867470402190808],[-98.72834269884072,17.86838636918269],[-98.74883729288666,17.897465477864543],[-98.74412647971555,17.900724987469676],[-98.72310974757245,17.894288916115542],[-98.71559297510179,17.899879604571588],[-98.70637373065458,17.899866124071984],[-98.70128139482827,17.9018133027382],[-98.69403510270268,17.90077244194049],[-98.69142755551417,17.910392358861557],[-98.68673990087092,17.911936886249105],[-98.68016264187497,17.897098881467123],[-98.67199553774768,17.90162335677516],[-98.67195180691604,17.90710062594029],[-98.6622558756455,17.916700551290244],[-98.66199816019154,17.920889532272508],[-98.65384883866899,17.938600664083122],[-98.64023444186473,17.941225061242854],[-98.6258949569991,17.931340134801136],[-98.6350165772129,17.892221272455497],[-98.64379824474598,17.892455112441368],[-98.6482830675841,17.88981327489838],[-98.65734668398885,17.89004775993704],[-98.66447325267612,17.88471950447359],[-98.66764492444351,17.87928907333929],[-98.68740540753095,17.86552566575266],[-98.69189679595368,17.867268771793924],[-98.69815023870662,17.87415737777052],[-98.70606535620296,17.86392079257851]]]}},{"type":"Feature","properties":{"clues":"GRIMB004632"},"geometry":{"type":"Polygon","coordinates":[[[-98.68950241724318,17.028901235256704],[-98.70831787508486,17.012182981321157],[-98.70795949262192,17.043446097364953],[-98.7175373767968,17.0411986727259],[-98.7200427634298,17.04559275829754],[-98.72891507063758,17.05124632452313],[-98.72899683874695,17.056168089147704],[-98.7121344414714,17.0586048170081],[-98.71055602231428,17.06020637680369],[-98.71355695298449,17.068156167395134],[-98.70006916319345,17.098350951742983],[-98.69224203920105,17.097453018083772],[-98.676180539236,17.10135087077609],[-98.66025993636008,17.100433749874014],[-98.62909603854173,17.092847360213018],[-98.64177877540949,17.07228242733498],[-98.64421891865322,17.063355215296408],[-98.65765307458648,17.045262219176045],[-98.65645462613385,17.038526596736524],[-98.65756541008092,17.037041557623684],[-98.66494904881252,17.036597639904716],[-98.6695913779846,17.02505512727684],[-98.67709108588134,17.025553174695197],[-98.682661550719,17.02815194196631],[-98.68950241724318,17.028901235256704]]]}},{"type":"Feature","properties":{"clues":"GRIMB008354"},"geometry":{"type":"Polygon","coordinates":[[[-98.61055933307345,17.528457718950886],[-98.60933474034776,17.509732139009966],[-98.6356983198448,17.52165829757625],[-98.64192071686197,17.516864989598837],[-98.64590585948288,17.511245430217755],[-98.65978874108097,17.509480115004063],[-98.66432784839384,17.506296945967335],[-98.67844961247097,17.50773266013528],[-98.69817048055815,17.520968123761612],[-98.68517785392818,17.54309022396658],[-98.66753181475026,17.536196791811363],[-98.65796631792482,17.53877127991463],[-98.6498159398335,17.546082500267882],[-98.64991310468659,17.555969418590102],[-98.63632544663285,17.566898281139864],[-98.62508572026339,17.562284098298477],[-98.62575338015417,17.55344882079528],[-98.6238930694152,17.549539538093118],[-98.61825358182135,17.544048765219944],[-98.61935471322832,17.532857878364407],[-98.61055933307345,17.528457718950886]]]}},{"type":"Feature","properties":{"clues":"GRIMB007362"},"geometry":{"type":"Polygon","coordinates":[[[-98.62480297707718,17.59305796727708],[-98.62941329409682,17.598785282217186],[-98.65219845091781,17.60314145243901],[-98.66103106058641,17.59999289912093],[-98.66697990708403,17.622184663173485],[-98.66862804373821,17.64781038474537],[-98.64424548123446,17.640072542916098],[-98.62002792587235,17.656270759767636],[-98.60006029393773,17.64305076556394],[-98.60506617937034,17.630451988774663],[-98.60369326553372,17.60676176182184],[-98.61734381899392,17.598440986746485],[-98.62069891806188,17.592588853668126],[-98.62480297707718,17.59305796727708]]]}},{"type":"Feature","properties":{"clues":"SCCSA002193"},"geometry":{"type":"Polygon","coordinates":[[[-98.5969765807288,18.87632035589847],[-98.58867011247261,18.865581831059338],[-98.59710396021329,18.85585792289622],[-98.6245121354243,18.840633568056788],[-98.63206584305661,18.85326712541783],[-98.64475914817695,18.868619674885338],[-98.63555462044036,18.895510112372452],[-98.62910601635545,18.89560993633657],[-98.61548929544813,18.886904531174952],[-98.60819538585434,18.877644829639582],[-98.5969765807288,18.87632035589847]]]}},{"type":"Feature","properties":{"clues":"GRIMB001301"},"geometry":{"type":"Polygon","coordinates":[[[-98.55320232527467,17.313365975407276],[-98.5549732058015,17.310905916487524],[-98.56670154965691,17.30459639459187],[-98.57123238797709,17.305630909962424],[-98.57982360833466,17.315129776561694],[-98.58370048621975,17.326294490532987],[-98.57349364810344,17.33166986406776],[-98.55223686121552,17.337855256708032],[-98.55104094648631,17.330620580269596],[-98.55320232527467,17.313365975407276]]]}},{"type":"Feature","properties":{"clues":"GRIMB007736"},"geometry":{"type":"Polygon","coordinates":[[[-98.5787961713868,17.997516581772672],[-98.51703928017692,17.984576076578705],[-98.517567235259,17.959336051098802],[-98.5256457198144,17.9495214486879],[-98.57574496022359,17.941382155337404],[-98.58070578643967,17.99116820371279],[-98.5787961713868,17.997516581772672]]]}},{"type":"Feature","properties":{"clues":"SCCSA002040"},"geometry":{"type":"Polygon","coordinates":[[[-98.5234139675896,18.827596638750837],[-98.51818354709833,18.830729392462008],[-98.51036298606581,18.846379407698148],[-98.51093969668558,18.860599021628502],[-98.50507936858047,18.865435894361628],[-98.49978893611144,18.86636774633436],[-98.48781996930457,18.862775403858464],[-98.48045134849961,18.853612015853983],[-98.48074201042041,18.841630754854048],[-98.46740061484653,18.836622186683012],[-98.46238494731912,18.82199068837832],[-98.45852514988765,18.81902952160471],[-98.45605801588376,18.812885920330448],[-98.46407316996617,18.806824180320415],[-98.4764969533292,18.808890623922135],[-98.47976907193325,18.815891654530095],[-98.48184659313785,18.817007180728318],[-98.48671963865814,18.81739919336161],[-98.49659998595385,18.814695070482784],[-98.49598141285908,18.80406014206994],[-98.4989106451452,18.80112272018558],[-98.51993599829089,18.790282750387266],[-98.52860633807039,18.79473361554879],[-98.53076281395991,18.797788233139457],[-98.5306077445142,18.810493887784354],[-98.5234139675896,18.827596638750837]]]}},{"type":"Feature","properties":{"clues":"PLIMS003321"},"geometry":{"type":"Polygon","coordinates":[[[-98.4614382965886,17.876527801265087],[-98.44898016891338,17.890476153651072],[-98.43221725208426,17.93548318702218],[-98.43742237514006,17.962285610072982],[-98.41329593857375,17.974322110676805],[-98.41108748442905,17.972374074056738],[-98.39757460920207,17.9346093389966],[-98.36108118858867,17.9165454004125],[-98.35319292289508,17.915071007721906],[-98.34210049148747,17.895575459714596],[-98.3444610556054,17.887087906998705],[-98.38734284871781,17.856634185513943],[-98.3979994394241,17.825877005398812],[-98.42003979048977,17.821772118599956],[-98.45672279254863,17.78857657549716],[-98.48789280124201,17.80036979815851],[-98.48719053958942,17.833232154854922],[-98.46932037295748,17.849458573669835],[-98.4614382965886,17.876527801265087]]]}},{"type":"Feature","properties":{"clues":"GRIMB000992"},"geometry":{"type":"Polygon","coordinates":[[[-98.45901725634013,17.370592234283368],[-98.40631762570935,17.372169943461646],[-98.40424291874574,17.368501762109126],[-98.40656928304276,17.359661237781236],[-98.44989138174142,17.34332755013437],[-98.45901725634013,17.370592234283368]]]}},{"type":"Feature","properties":{"clues":"PLIMB004476"},"geometry":{"type":"Polygon","coordinates":[[[-98.35870310499506,18.646311434727856],[-98.36411251278325,18.645138198194864],[-98.37334841324397,18.64780084757269],[-98.38358262615925,18.63592146739329],[-98.39883831807258,18.638141425134858],[-98.40530599384451,18.640424701199024],[-98.41534978271335,18.65177161752753],[-98.40719078710178,18.66812513878976],[-98.40521158909749,18.681890243632466],[-98.40292410768909,18.685816323201674],[-98.3651788862984,18.697478565797425],[-98.36145143021773,18.73826757084069],[-98.34422196603907,18.758630200270808],[-98.32600884580333,18.753849777862225],[-98.30593374982355,18.72562198442406],[-98.3069776303461,18.68307032762733],[-98.34496366721578,18.682176052033864],[-98.36005902594898,18.661891900546863],[-98.35870310499506,18.646311434727856]]]}},{"type":"Feature","properties":{"clues":"PLIMB002533"},"geometry":{"type":"Polygon","coordinates":[[[-98.26188942396222,18.285738707292943],[-98.26596415980457,18.28655151370369],[-98.271398342248,18.32255525000675],[-98.27524954119563,18.32598644442484],[-98.27437127259756,18.332870042515182],[-98.27829646587843,18.334216865620807],[-98.28525672391567,18.328760485762267],[-98.28622467546154,18.322326542654594],[-98.29653929061489,18.306121868958034],[-98.31303190774513,18.32567838263477],[-98.37834932970362,18.29808079495154],[-98.38005730283554,18.297898177784486],[-98.386893936894,18.307247203879015],[-98.34189858865054,18.352504715980235],[-98.31168894231948,18.34336401683085],[-98.30360587317224,18.351681521510336],[-98.30481421436993,18.360205692104383],[-98.32892189902095,18.383030920062623],[-98.32167462119239,18.39744165172627],[-98.29733582054622,18.37554119400271],[-98.28534681433241,18.38668100369735],[-98.27454093999542,18.387641839184862],[-98.27383265036298,18.390506199019317],[-98.26783356740378,18.39806433813954],[-98.24735402017934,18.396173451702232],[-98.24710987126348,18.392324731522876],[-98.25209546508776,18.375123226552436],[-98.24304831865025,18.3698241396632],[-98.2204869595047,18.377041414903054],[-98.22123653234159,18.401115359909852],[-98.21545439497893,18.40212203851964],[-98.17470086629899,18.381360418913083],[-98.19391809972946,18.359454955119144],[-98.19382193827886,18.353214809706476],[-98.21438400103578,18.332243545424713],[-98.23898362515997,18.32583727046132],[-98.24265569444745,18.32254603414236],[-98.26188942396222,18.285738707292943]]]}},{"type":"Feature","properties":{"clues":"SCCSA001950"},"geometry":{"type":"Polygon","coordinates":[[[-98.3187177968292,18.463727451008715],[-98.31965299024932,18.480528607645713],[-98.30348709277523,18.521432841151743],[-98.28438727004968,18.528278844398088],[-98.26376241465483,18.529608359851828],[-98.26003729579294,18.5281123312307],[-98.24912156925899,18.51182824576593],[-98.27744729156824,18.47025762706458],[-98.29340180128523,18.465702809347935],[-98.3187177968292,18.463727451008715]]]}},{"type":"Feature","properties":{"clues":"SCCSA002077"},"geometry":{"type":"Polygon","coordinates":[[[-98.33890880293511,18.551681173822594],[-98.30348709277523,18.521432841151743],[-98.31965299024932,18.480528607645713],[-98.36524830917355,18.531465582787074],[-98.33890880293511,18.551681173822594]]]}},{"type":"Feature","properties":{"clues":"OCIMS001990"},"geometry":{"type":"Polygon","coordinates":[[[-98.2941410064748,17.76949312501587],[-98.31119931238445,17.79141643315846],[-98.30985815917616,17.81543807736995],[-98.32221266480379,17.83487810296992],[-98.32238203303451,17.842762152665337],[-98.3444610556054,17.887087906998705],[-98.34210049148747,17.895575459714596],[-98.29239563060256,17.906847406445827],[-98.25963420631021,17.899506792585928],[-98.25501702554917,17.887806991119472],[-98.2189730134684,17.86003422507424],[-98.21518304495908,17.839120277310947],[-98.25203028581969,17.81293181084239],[-98.25708257479691,17.813488511091723],[-98.26108629913828,17.810960895860898],[-98.28203941833853,17.770235647798856],[-98.2941410064748,17.76949312501587]]]}},{"type":"Feature","properties":{"clues":"PLIMB002504"},"geometry":{"type":"Polygon","coordinates":[[[-98.25705100362568,18.083066041623034],[-98.26721993231651,18.04661275591174],[-98.27411186504267,18.049367567454503],[-98.28046662300876,18.054195212671424],[-98.29306747503074,18.07970815759086],[-98.29914947839607,18.08020482022065],[-98.3093839130623,18.092364978381642],[-98.30903826835541,18.09499202288341],[-98.3042889698972,18.10002661208827],[-98.30124709699714,18.109349777806333],[-98.29064115033326,18.117856121468044],[-98.27301065201131,18.123680046694655],[-98.27205851383438,18.12014528471678],[-98.25574216283799,18.09520664111747],[-98.25705100362568,18.083066041623034]]]}},{"type":"Feature","properties":{"clues":"GRIMB004941"},"geometry":{"type":"Polygon","coordinates":[[[-98.25981470174717,17.00610254312344],[-98.28735522004487,17.00266684368335],[-98.28881361519767,17.010363577385217],[-98.2881697837866,17.028544778961223],[-98.28452892086942,17.0577030756812],[-98.2806463856894,17.06970012100893],[-98.2654439619309,17.08975883671312],[-98.23265805678506,17.089647488796597],[-98.22366623815581,17.087461195940485],[-98.2216674637737,17.07848545683834],[-98.22513164748949,17.055636431393214],[-98.2333035211455,17.045653446184343],[-98.25265365814595,17.044819941768786],[-98.25981470174717,17.00610254312344]]]}},{"type":"Feature","properties":{"clues":"SCCSA002151"},"geometry":{"type":"Polygon","coordinates":[[[-98.29653929061489,18.306121868958034],[-98.28622467546154,18.322326542654594],[-98.28525672391567,18.328760485762267],[-98.27829646587843,18.334216865620807],[-98.27437127259756,18.332870042515182],[-98.27524954119563,18.32598644442484],[-98.271398342248,18.32255525000675],[-98.26596415980457,18.28655151370369],[-98.29114368557244,18.29509018744813],[-98.29310759379516,18.296708229053095],[-98.29653929061489,18.306121868958034]]]}},{"type":"Feature","properties":{"clues":"OCIMS002970"},"geometry":{"type":"Polygon","coordinates":[[[-98.11427679728764,16.639126785487342],[-98.13435508922646,16.65042256108608],[-98.15761213342361,16.688171767140183],[-98.14851509651946,16.70523399523102],[-98.1284544652148,16.715645538458705],[-98.12325589880525,16.72027167159505],[-98.10405592526875,16.724970064479823],[-98.08877435174195,16.73097651026463],[-98.06385520471078,16.71829409329919],[-98.05982593974653,16.712049888914002],[-98.03875721647995,16.703631300226093],[-98.0144876778539,16.675519626098072],[-98.05205202268814,16.659733355648285],[-98.0555822064452,16.639225861286572],[-98.06699214141233,16.62138676338905],[-98.06919084098607,16.61131270883094],[-98.08033298373756,16.598949756296538],[-98.08405350600799,16.601823900046124],[-98.10724118688364,16.632963237970962],[-98.11427679728764,16.639126785487342]]]}},{"type":"Feature","properties":{"clues":"PLIMB003805"},"geometry":{"type":"Polygon","coordinates":[[[-98.117818400487,18.09566368427429],[-98.12607161216107,18.089441935618368],[-98.13300913537128,18.089189369049382],[-98.15358395969757,18.09921570069512],[-98.15115382592892,18.103463726649775],[-98.12924446246349,18.115679051168275],[-98.1216012364431,18.12519702248732],[-98.1113495594113,18.126488848282285],[-98.1069325838757,18.120450407793285],[-98.10442072392715,18.11326312483452],[-98.11036921281823,18.102603752123674],[-98.11567074852674,18.099373055962484],[-98.117818400487,18.09566368427429]]]}},{"type":"Feature","properties":{"clues":"OCIMB005426"},"geometry":{"type":"Polygon","coordinates":[[[-98.0201990335803,17.64263690356696],[-98.04511431148083,17.613206597031834],[-98.052907623978,17.615067902042906],[-98.07814937909691,17.61428934909744],[-98.07804614956963,17.62337228378574],[-98.0699192878395,17.666565600583965],[-98.07465977984027,17.69069359543147],[-98.07886046709474,17.695957529152736],[-98.08475514326459,17.70963877097034],[-98.04157222203882,17.722412024994018],[-98.03798628867175,17.720174835739265],[-98.0273965851628,17.69499089604986],[-98.02246227277566,17.695396937296792],[-98.00030402111103,17.68973936832146],[-97.99966330307191,17.686644735303453],[-98.0146400612805,17.649184332004175],[-98.01787097383183,17.647221524618388],[-98.0201990335803,17.64263690356696]]]}},{"type":"Feature","properties":{"clues":"SCCSA002166"},"geometry":{"type":"Polygon","coordinates":[[[-97.95955419058947,18.53542601131104],[-97.97623690212399,18.52755531607504],[-97.98704740300288,18.519056493431087],[-97.99595765029466,18.51534862085442],[-98.00770461744717,18.513558643716625],[-98.01200102184399,18.51521512919585],[-98.0255529356366,18.530530723933452],[-98.01275252898162,18.570110297426258],[-98.01872737070371,18.592445369866347],[-98.01670317429515,18.595783047832807],[-97.97658516079325,18.596172675317828],[-97.987813707247,18.621438779178856],[-97.998375707274,18.63754974107186],[-97.98280020880769,18.63980120162738],[-97.98056367442493,18.651506913575176],[-97.96489595873943,18.654902048364125],[-97.96233584885054,18.658385021230654],[-97.98332998448436,18.677557011388533],[-97.98172023277536,18.67929218641867],[-97.96665496488036,18.684325219273862],[-97.93603932626239,18.684334504818416],[-97.92620250289622,18.68908275068249],[-97.92431137231033,18.688571389156504],[-97.8962367037439,18.641045956818292],[-97.89167531504899,18.63098966790948],[-97.84909711923149,18.601221913329752],[-97.86781262904185,18.580083834631832],[-97.88174381384002,18.575026706565534],[-97.90028845399,18.580097908827536],[-97.90279523537404,18.577572455029063],[-97.90702144711408,18.56981271576756],[-97.90719683022225,18.556111170103197],[-97.9008073630185,18.552718731847197],[-97.89769948697482,18.527185280439426],[-97.89971024212664,18.520365750538943],[-97.91312611766848,18.526279079185983],[-97.92307551864249,18.543746275581995],[-97.93016476951841,18.542375129776836],[-97.94451620038514,18.52932667640962],[-97.95955419058947,18.53542601131104]]]}},{"type":"Feature","properties":{"clues":"OCIMB007683"},"geometry":{"type":"Polygon","coordinates":[[[-97.9866104638099,16.251286894507896],[-97.9876428384004,16.262085415535246],[-98.00287564235248,16.283619141925477],[-97.99532426664004,16.301655436495654],[-98.00087460412038,16.30456757186985],[-98.01352837322194,16.35232752303917],[-97.98330718951887,16.350498525795295],[-97.98115186490958,16.352953353696826],[-97.95498194856172,16.357468211476142],[-97.95012528835262,16.34979838361461],[-97.9500714691479,16.316931577123054],[-97.95156805687897,16.306586300384417],[-97.95740442251254,16.299137112389598],[-97.94804609418365,16.282919775209514],[-97.9866104638099,16.251286894507896]]]}},{"type":"Feature","properties":{"clues":"MCIMB002845"},"geometry":{"type":"Polygon","coordinates":[[[-99.77596238441731,19.60589337773653],[-99.76519559211295,19.591368918330087],[-99.78806151412545,19.580201904273757],[-99.7900294098656,19.58323377177904],[-99.80363632642565,19.59143780894786],[-99.79011308183641,19.610093625189503],[-99.78694089476134,19.610473611351864],[-99.77840492522168,19.60586834301268],[-99.77596238441731,19.60589337773653]]]}},{"type":"Feature","properties":{"clues":"HGIMB002893"},"geometry":{"type":"Polygon","coordinates":[[[-99.51146888761293,20.49322760986212],[-99.53061218811108,20.49871315053843],[-99.54305131432167,20.518157320702176],[-99.53995428065038,20.53635800315212],[-99.55518128928266,20.56396652838263],[-99.5524050877623,20.56884227063285],[-99.50607947983028,20.561528247096422],[-99.49722718773488,20.555949678413583],[-99.47902756960168,20.56022704364086],[-99.46180631955905,20.52054276530066],[-99.50250983455126,20.50647231571607],[-99.51146888761293,20.49322760986212]]]}},{"type":"Feature","properties":{"clues":"HGIMB003745"},"geometry":{"type":"Polygon","coordinates":[[[-99.32028950173402,20.065260181925282],[-99.31564148801263,20.0668959525204],[-99.30790414759002,20.06634006272332],[-99.30495491779129,20.072211991980712],[-99.29549443654068,20.077789017173572],[-99.28849313058404,20.069332292434858],[-99.28799725515675,20.060585093515037],[-99.30697059050664,20.058521703194685],[-99.30823176676292,20.056758905132288],[-99.31741329762917,20.05533101763423],[-99.32152966274349,20.058844231821457],[-99.32738914628574,20.0585267180762],[-99.32936643444515,20.060671041222026],[-99.32366981297514,20.06778688563136],[-99.32028950173402,20.065260181925282]]]}},{"type":"Feature","properties":{"clues":"SCCSA001448"},"geometry":{"type":"Polygon","coordinates":[[[-99.32746125985615,20.015114908235994],[-99.32963064424973,20.016375280569786],[-99.33030073444841,20.022735286252168],[-99.31417861343029,20.028390549052638],[-99.3035736170091,20.02569136757671],[-99.29820941218188,20.02220987816263],[-99.29948450550692,20.009263541767076],[-99.31209086849002,20.009983092725623],[-99.31689109369589,20.0080162650333],[-99.32105742392864,20.001270150780776],[-99.3316862022859,20.003470046552906],[-99.32840287141683,20.008449278894076],[-99.32746125985615,20.015114908235994]]]}},{"type":"Feature","properties":{"clues":"HGIMB004322"},"geometry":{"type":"Polygon","coordinates":[[[-99.29046385925942,20.15711507769594],[-99.30097885310036,20.16505176248262],[-99.30112752781093,20.17132562925416],[-99.29281220317797,20.17797742604815],[-99.28349410842523,20.17816673649531],[-99.28035454498033,20.180177762061824],[-99.27633210293654,20.17683327823954],[-99.27004796634658,20.177156030952403],[-99.26741559687808,20.181727163797145],[-99.25998429779371,20.185083016275534],[-99.25296614699555,20.178587596167237],[-99.2533739815428,20.17247517253045],[-99.26566693633683,20.167441301663974],[-99.26777804611632,20.163697144727493],[-99.26688769940861,20.15924838009152],[-99.26893974412312,20.154807123416827],[-99.25646799246884,20.139093235370826],[-99.2576978239847,20.13371793070967],[-99.26861358023729,20.131563924257478],[-99.28089154189985,20.108734307919296],[-99.30677119934667,20.10968645022645],[-99.30897862756422,20.12585517697857],[-99.28724782175784,20.1459327767536],[-99.29046385925942,20.15711507769594]]]}},{"type":"Feature","properties":{"clues":"HGIMB003441"},"geometry":{"type":"Polygon","coordinates":[[[-99.22210210131422,20.109571420242606],[-99.22641243932792,20.106640078234],[-99.2463718649749,20.109050027350367],[-99.2658656676001,20.09756786869985],[-99.28089154189985,20.108734307919296],[-99.26861358023729,20.131563924257478],[-99.2576978239847,20.13371793070967],[-99.25052706880075,20.127509170355324],[-99.23882757050538,20.135907350779494],[-99.23345841125077,20.13565089372118],[-99.2346682641604,20.139763951335173],[-99.23184415261309,20.145280395739135],[-99.22924912310022,20.142747759447605],[-99.22013875137965,20.141979016480644],[-99.22071624153523,20.134443765623146],[-99.21899374397279,20.130537132149275],[-99.21352434680557,20.12828785420389],[-99.2140298985442,20.120411775520882],[-99.22108471021522,20.113078219101457],[-99.22210210131422,20.109571420242606]]]}},{"type":"Feature","properties":{"clues":"HGIMS000584"},"geometry":{"type":"Polygon","coordinates":[[[-99.25426320571759,19.941183334051892],[-99.2538919472499,19.950145629226178],[-99.25886878236447,19.954613223668698],[-99.26797541274787,19.957787321205934],[-99.27688617403315,19.96316199164826],[-99.28393817611256,19.971587941249442],[-99.28445767964094,19.9840424945825],[-99.27678461668522,19.98548846848492],[-99.26286045658227,19.99366918848989],[-99.25577889889576,19.99296241535253],[-99.25331602927031,19.99409425821257],[-99.23311958025107,19.98615104588038],[-99.2209453772701,19.978145036928723],[-99.23316065394306,19.959954867926143],[-99.22092070308652,19.946965908845453],[-99.2129782963183,19.943489360577747],[-99.2065479076984,19.920482570728872],[-99.22243153465656,19.916093282336345],[-99.22963635412864,19.917034240198507],[-99.23542763871437,19.93069780510743],[-99.25426320571759,19.941183334051892]]]}},{"type":"Feature","properties":{"clues":"SCCSA001351"},"geometry":{"type":"Polygon","coordinates":[[[-99.19960783716454,20.03463822894247],[-99.19343978940702,20.03770039596936],[-99.1902901034136,20.04372015088292],[-99.1867910519443,20.045163713829456],[-99.17706808439998,20.045533884638406],[-99.1566581064734,20.02854280373841],[-99.17220800835806,20.01523000674906],[-99.18440390561334,20.017391049203937],[-99.19813405306654,20.01345184287615],[-99.20409872961612,20.024116336107053],[-99.21571745753668,20.021092127122568],[-99.21946017549017,20.02666954595962],[-99.21839709438886,20.030859494217754],[-99.20748173114366,20.031152181123225],[-99.20447122850175,20.029873897756865],[-99.19960783716454,20.03463822894247]]]}},{"type":"Feature","properties":{"clues":"MCDIF000403"},"geometry":{"type":"Polygon","coordinates":[[[-99.21021936274414,19.78096423548912],[-99.20858276060649,19.785695549778094],[-99.21698632813325,19.795922138225375],[-99.2162352216683,19.801947411208566],[-99.22147979843844,19.81073238429861],[-99.21343900164297,19.815032403112305],[-99.200142700958,19.814275960818335],[-99.19131378418132,19.803954690092148],[-99.18575101259015,19.803415435340188],[-99.1804491183471,19.805046121574158],[-99.16711739054675,19.78822009938457],[-99.17216855718954,19.783341358730734],[-99.18796827346034,19.785187125855348],[-99.18939420745093,19.778755883810607],[-99.18765985504857,19.773566193950423],[-99.19246156549332,19.767457543966017],[-99.2014284689555,19.768537270136925],[-99.20097701353068,19.777520115960733],[-99.21021936274414,19.78096423548912]]]}},{"type":"Feature","properties":{"clues":"HGIMB004445"},"geometry":{"type":"Polygon","coordinates":[[[-99.15849883600937,20.48913255156129],[-99.16991082403501,20.469657980842058],[-99.17281310495778,20.467250350773234],[-99.18737700965607,20.476415566660968],[-99.1931092594444,20.47373966560027],[-99.20101352409102,20.479263810349444],[-99.20645484377017,20.481181618050826],[-99.20734730049526,20.485871604462886],[-99.21145768173984,20.48939183556815],[-99.21060886516021,20.494927132665357],[-99.19976219921882,20.49305818069227],[-99.18932972043213,20.493932777438566],[-99.18112522694673,20.49930086132136],[-99.18524339026999,20.508365253476253],[-99.181654909948,20.51621171260246],[-99.17518176540779,20.520521776764724],[-99.17346297434334,20.519934459705],[-99.1693123599503,20.503724701902627],[-99.15849883600937,20.48913255156129]]]}},{"type":"Feature","properties":{"clues":"HGIMB001522"},"geometry":{"type":"MultiPolygon","coordinates":[[[[-99.18855824394149,20.655502234797172],[-99.18059126376964,20.65075127067284],[-99.17640135376834,20.640052126081734],[-99.17973557913243,20.627604551800875],[-99.19714448494793,20.629581453067416],[-99.20005989335606,20.631247221348158],[-99.20773134949825,20.641045798784216],[-99.20904165086162,20.647498330183545],[-99.18855824394149,20.655502234797172]]],[[[-99.17292922114726,20.704795567518545],[-99.15531128071456,20.697969526412596],[-99.16270401927335,20.67704374251061],[-99.16863401407831,20.675448410251477],[-99.18472118407753,20.675205241988447],[-99.18765435093317,20.683910861834192],[-99.17292922114726,20.704795567518545]]]]}},{"type":"Feature","properties":{"clues":"MCIMB002273"},"geometry":{"type":"Polygon","coordinates":[[[-99.16711739054675,19.78822009938457],[-99.1804491183471,19.805046121574158],[-99.18575101259015,19.803415435340188],[-99.19131378418132,19.803954690092148],[-99.200142700958,19.814275960818335],[-99.19571349261015,19.82336463785025],[-99.1922363584984,19.82353588113059],[-99.18974148402326,19.825901745029533],[-99.18237810183064,19.82400119353149],[-99.1768388125502,19.826641142578598],[-99.17144563542993,19.839832088338284],[-99.16837487806623,19.84332337372458],[-99.16327975832193,19.842968284506398],[-99.14668137925884,19.85160009218115],[-99.13740406998778,19.84811217041281],[-99.14361457781214,19.82158494625377],[-99.13476564396382,19.817875487032563],[-99.13206033913957,19.80686723809493],[-99.1256877521662,19.79880036702124],[-99.13906029777642,19.78357395049474],[-99.14805955172919,19.785504172772416],[-99.15112469473753,19.787754169420914],[-99.16711739054675,19.78822009938457]]]}},{"type":"Feature","properties":{"clues":"SCCSA001436"},"geometry":{"type":"Polygon","coordinates":[[[-99.17432595495316,20.11297319197519],[-99.17421709649551,20.116382396035778],[-99.16557420734445,20.12033675758551],[-99.15867053570804,20.126664594298926],[-99.15069594400596,20.138134402208625],[-99.14334998014128,20.142002934539804],[-99.13413363097979,20.132543020825782],[-99.1270952775567,20.127650874617252],[-99.13684244186751,20.112904864729046],[-99.13496792970926,20.097702986309525],[-99.13296755772062,20.095190914361854],[-99.13628948083823,20.085980976060565],[-99.12733954304342,20.081604473518926],[-99.14539017897154,20.064500561891524],[-99.14790326970589,20.067843675507763],[-99.14342478473908,20.080466960531844],[-99.14732210911005,20.093279498560133],[-99.15538220135056,20.092893731671325],[-99.15928808624979,20.097210733613426],[-99.17294927979013,20.081910602776972],[-99.1842446946043,20.09766079565485],[-99.17432595495316,20.11297319197519]]]}},{"type":"Feature","properties":{"clues":"MCIMB009973"},"geometry":{"type":"Polygon","coordinates":[[[-99.17061318423868,19.730848167272708],[-99.17381814981054,19.734858400421164],[-99.17926284070252,19.737592404948412],[-99.17598632799606,19.751953049687625],[-99.16357127559759,19.761025813897422],[-99.16266849132579,19.766003867458398],[-99.14805955172919,19.785504172772416],[-99.13906029777642,19.78357395049474],[-99.13750742955311,19.760532878662705],[-99.12743740121984,19.74796496517403],[-99.13269049038887,19.743448405050266],[-99.14525984207295,19.745300703665627],[-99.15823220680885,19.742575223649062],[-99.1585685663791,19.740853803518664],[-99.17061318423868,19.730848167272708]]]}},{"type":"Feature","properties":{"clues":"HGIMS001091"},"geometry":{"type":"Polygon","coordinates":[[[-99.14732154766953,20.473755400537133],[-99.16377132647698,20.480205077648108],[-99.15849883600937,20.48913255156129],[-99.1693123599503,20.503724701902627],[-99.17346297434334,20.519934459705],[-99.16623366035145,20.52168120253406],[-99.15671194320474,20.535371870785312],[-99.14812310197883,20.53352091302882],[-99.13817702238892,20.550047656321127],[-99.1260731120233,20.540161364098136],[-99.10599707146018,20.541188716455906],[-99.09789636449803,20.544256717720266],[-99.09043579942058,20.53086169716759],[-99.08804043301748,20.503526128339693],[-99.09132344323962,20.465836697556032],[-99.0990624301042,20.463539622981205],[-99.12820729807233,20.484359739948516],[-99.13342199411196,20.485145645570025],[-99.14732154766953,20.473755400537133]]]}},{"type":"Feature","properties":{"clues":"HGIMS001395"},"geometry":{"type":"Polygon","coordinates":[[[-99.14912455930092,20.3081036334617],[-99.153052300407,20.341284801017785],[-99.14958316998755,20.34431216806724],[-99.11987350214297,20.34823029876935],[-99.10388268923138,20.343556879971832],[-99.09548264690639,20.325977926581068],[-99.11365920893964,20.294970368860373],[-99.12781506413293,20.28994383800433],[-99.13544290986096,20.28223562098395],[-99.1504345018101,20.286242905676616],[-99.15848512649218,20.293686063141198],[-99.14912455930092,20.3081036334617]]]}},{"type":"Feature","properties":{"clues":"HGIMB000641"},"geometry":{"type":"Polygon","coordinates":[[[-99.04984383998605,20.697628320994145],[-99.06429986539214,20.690675572537767],[-99.06532680122626,20.713962494998125],[-99.06954091854625,20.722244835937744],[-99.05368862830137,20.738236178081298],[-99.05428322827831,20.743925265254198],[-99.04553203118452,20.753171869742953],[-99.0493275417595,20.77179050654533],[-99.04896331803371,20.778306312927867],[-99.04620908172863,20.78234031004592],[-99.0264103884812,20.791813602424693],[-99.0107068047619,20.777529863495335],[-99.01032815807231,20.77560455030542],[-98.9875199459608,20.751186392088783],[-98.986027170139,20.742044281158766],[-98.9868364935894,20.73553242792361],[-98.98213192152942,20.72744753974554],[-98.98095727706301,20.721786926866894],[-98.9735544377962,20.7129909331076],[-98.96777796560727,20.70248311460474],[-98.96398449358846,20.68722721918234],[-98.97435861472592,20.673124063432546],[-98.97197573610438,20.666871144722286],[-98.97056183556514,20.638225629642555],[-98.99700933854447,20.636918953865962],[-98.9916037525212,20.671961974118823],[-98.99479990948336,20.672966942903493],[-99.01232687032679,20.670972849210145],[-99.01464194836379,20.671890637321557],[-99.02356815772214,20.678199949792145],[-99.02455869470991,20.68339422167701],[-99.04984383998605,20.697628320994145]]]}},{"type":"Feature","properties":{"clues":"SPIMB001652"},"geometry":{"type":"Polygon","coordinates":[[[-99.00431797969244,21.34350855413166],[-99.01154020619693,21.34130800963449],[-99.01961513740994,21.349239354261943],[-99.02723834831235,21.345443003634813],[-99.03625170343095,21.36038619764723],[-99.03217698282567,21.368005119848977],[-99.02056116155859,21.377738359135062],[-99.0025080070396,21.365751645243616],[-98.99819105450865,21.372990044998115],[-98.99893689016778,21.381537778242976],[-98.99133996223885,21.386631190739596],[-98.99160909983465,21.38821833043975],[-98.98428522279441,21.391536129147166],[-98.97642247656498,21.385246166121718],[-98.97357226747297,21.39078707499764],[-98.96525765587059,21.39481820885636],[-98.94988255833348,21.386724132240285],[-98.94762513202483,21.393385337573715],[-98.94098501178566,21.394822347118488],[-98.93807993519334,21.387881764372665],[-98.94130450343113,21.386125076028748],[-98.94987314442346,21.386646824070162],[-98.95004081495026,21.37964415028554],[-98.95795224245451,21.374763348628235],[-98.96245129180053,21.37473665563476],[-98.9645570688448,21.36599013460108],[-98.9623394066303,21.36259665016262],[-98.9669479715222,21.356844334623567],[-98.96987721238419,21.357037090300157],[-98.97393424542703,21.367352919183126],[-98.98260470186972,21.36940318672412],[-98.98637943916218,21.35888685498278],[-99.00253330093283,21.364393230978646],[-99.005354863731,21.359006797121314],[-99.00121247020108,21.35091230428802],[-99.00431797969244,21.34350855413166]]]}},{"type":"Feature","properties":{"clues":"MCIMB002051"},"geometry":{"type":"Polygon","coordinates":[[[-98.99063383798644,19.63663750930769],[-98.99485911745444,19.633753712851497],[-98.99908142716689,19.636672756004526],[-98.99965892489733,19.641906271932942],[-99.00451940787347,19.643840645227897],[-99.00052263153758,19.647493380075325],[-99.00167818512081,19.652036284268245],[-98.99585921703039,19.65169172292815],[-98.98946197050108,19.654205421603614],[-98.98641169903006,19.647566621986282],[-98.98956780652213,19.646530400674372],[-98.98987674808667,19.642671050660518],[-98.99469547529553,19.642830704758886],[-98.99464767660828,19.639567479393143],[-98.99063383798644,19.63663750930769]]]}},{"type":"Feature","properties":{"clues":"MCIMB008783"},"geometry":{"type":"Polygon","coordinates":[[[-98.96205700454159,19.650487653168483],[-98.9691670604647,19.66195102443708],[-98.96722417903787,19.674607286398548],[-98.97225069131802,19.67506540345418],[-98.97613692075969,19.681166235196613],[-98.97345607683464,19.68382301635562],[-98.96955513065653,19.684519843135437],[-98.96539762281414,19.682676496943152],[-98.96322003089458,19.683606852954405],[-98.96223655357178,19.68929141285843],[-98.9547759600652,19.690062720337714],[-98.95618795878924,19.683239639205183],[-98.95538024317464,19.678227218567322],[-98.94766544885677,19.6740038557791],[-98.95098447779587,19.669608944191836],[-98.95900525822819,19.64870785162277],[-98.96205700454159,19.650487653168483]]]}},{"type":"Feature","properties":{"clues":"HGIMS000753"},"geometry":{"type":"Polygon","coordinates":[[[-98.93210360691171,20.761597546455288],[-98.91695440004267,20.775193975785836],[-98.88106531521213,20.791405350459133],[-98.8740653293032,20.77770833597292],[-98.86285229923831,20.748078225101203],[-98.86560203199865,20.74347117067733],[-98.91707694469076,20.734821885266047],[-98.93166660815639,20.75601598033932],[-98.93210360691171,20.761597546455288]]]}},{"type":"Feature","properties":{"clues":"MCIMB006082"},"geometry":{"type":"Polygon","coordinates":[[[-98.8941897936224,19.674640620701012],[-98.88755605974775,19.67229797348759],[-98.88726461066061,19.662634963717743],[-98.88834800748324,19.661205712964097],[-98.89635110013381,19.660479815984502],[-98.90408631502561,19.655916645671216],[-98.90770599219579,19.663563391936453],[-98.91775155104851,19.669595366446313],[-98.91678539098325,19.67722588889706],[-98.92131716215493,19.68608788149817],[-98.93398929572199,19.68891982282476],[-98.93528557400818,19.70580867111297],[-98.9379377064235,19.712140917463827],[-98.91765827170678,19.726942850420457],[-98.92262513465134,19.70486957779371],[-98.91724849717117,19.69849791371229],[-98.91870718194633,19.691114969797024],[-98.90809727631466,19.691235576632035],[-98.89771281637013,19.697480388657976],[-98.90355107785824,19.686962326178502],[-98.90428203181331,19.680792529357948],[-98.8941897936224,19.674640620701012]]]}},{"type":"Feature","properties":{"clues":"HGIMB004923"},"geometry":{"type":"Polygon","coordinates":[[[-98.91348980245665,21.1091927733943],[-98.89876427862781,21.104198865036846],[-98.89625071879773,21.105872317542467],[-98.89554356708778,21.110652087328585],[-98.88932540970892,21.115957632182194],[-98.89163266070433,21.1223688950099],[-98.88549360526743,21.125354364546748],[-98.87881701222096,21.122235307000725],[-98.8798216027355,21.117841869915253],[-98.88510080364621,21.113714458982052],[-98.88175077348525,21.101523285336683],[-98.87725438273625,21.095609513173724],[-98.87328110852278,21.092968267627406],[-98.8756934208917,21.088514098581243],[-98.87657574817462,21.07315041565358],[-98.87910204275269,21.069912693292054],[-98.87513478043878,21.06255315302757],[-98.87650755969524,21.05837188837537],[-98.86949856711833,21.03833596224699],[-98.8771931245432,21.035523914708584],[-98.88603999843507,21.04690777414366],[-98.89227976860143,21.06095443993656],[-98.8880303326518,21.068315825173833],[-98.89082019394175,21.077466728313375],[-98.90273273693961,21.08192188436909],[-98.91064591030401,21.074000669293657],[-98.92032877617572,21.07905992330643],[-98.93251812171064,21.09573645764876],[-98.93087467817148,21.09754782326989],[-98.91966521306853,21.101852495615134],[-98.91348980245665,21.1091927733943]]]}},{"type":"Feature","properties":{"clues":"SPIMS002336"},"geometry":{"type":"Polygon","coordinates":[[[-98.91469380601622,21.37976684594008],[-98.91767684756093,21.393671730858454],[-98.90149874482792,21.402124298832536],[-98.9067022055989,21.413058939113284],[-98.90030688231418,21.42313968358764],[-98.89708767432859,21.42233652594106],[-98.8862841798351,21.403607083876075],[-98.88789891940863,21.401878670520343],[-98.88404824967225,21.387981511047325],[-98.8983818647409,21.366955905795148],[-98.91469380601622,21.37976684594008]]]}},{"type":"Feature","properties":{"clues":"SPIMB002825"},"geometry":{"type":"MultiPolygon","coordinates":[[[[-98.83851871018865,21.181449928316866],[-98.84548757605144,21.19248743568849],[-98.84443484700927,21.194716717497972],[-98.8377093477987,21.203545073294833],[-98.8247024485528,21.203613899712682],[-98.82465514443052,21.19049797838539],[-98.82100527822637,21.187605190965506],[-98.82060227707866,21.184131025500328],[-98.83339342711685,21.17571076869321],[-98.83572128211486,21.180260128296986],[-98.83851871018865,21.181449928316866]]],[[[-98.81795228304395,21.211253302389476],[-98.80803124838333,21.20785207163477],[-98.81104191912952,21.19733496053502],[-98.82220801114276,21.20630664676486],[-98.81795228304395,21.211253302389476]]]]}},{"type":"Feature","properties":{"clues":"SCCSA001393"},"geometry":{"type":"Polygon","coordinates":[[[-98.80445511763159,20.583048646350157],[-98.77996075737461,20.59432059467732],[-98.77006676645641,20.582906064247187],[-98.77102663459367,20.579469054569273],[-98.7754405881826,20.576096529467446],[-98.78238645193744,20.566800701109777],[-98.78719897378313,20.576120297020296],[-98.80445511763159,20.583048646350157]]]}},{"type":"Feature","properties":{"clues":"HGIMB002292"},"geometry":{"type":"Polygon","coordinates":[[[-98.77500569890414,20.11249973829649],[-98.7781631853447,20.1091646700557],[-98.78529216375418,20.121416752645505],[-98.78283775271905,20.12321195638288],[-98.77971743214262,20.121609989518632],[-98.7738515070224,20.123966573085774],[-98.7705359332679,20.120357058652427],[-98.77149718537518,20.118469850764132],[-98.7751956212661,20.11750304344389],[-98.77500569890414,20.11249973829649]]]}},{"type":"Feature","properties":{"clues":"HGIMB004783"},"geometry":{"type":"Polygon","coordinates":[[[-98.77872238152052,20.126618425463604],[-98.78051937905092,20.129423510827348],[-98.78919658985923,20.13546498451377],[-98.78522382104201,20.139102163248946],[-98.78181715993293,20.151825650624158],[-98.77287151984979,20.163871992819608],[-98.76738680285455,20.155152085614752],[-98.76968715306828,20.13774113639388],[-98.77254607169726,20.13285305977725],[-98.7703935695964,20.1299724736953],[-98.77075228678402,20.126290981579327],[-98.77315049927057,20.12534872582925],[-98.77633173282966,20.128145026597583],[-98.77872238152052,20.126618425463604]]]}},{"type":"Feature","properties":{"clues":"HGIMB003663"},"geometry":{"type":"Polygon","coordinates":[[[-98.71541413267884,21.13902146718584],[-98.69793378059829,21.1477152024969],[-98.68484272450901,21.15128138339565],[-98.67119731567684,21.139582482386203],[-98.67090351339226,21.13278300220299],[-98.69543813201354,21.1138656666381],[-98.71710874720972,21.1356733087569],[-98.71541413267884,21.13902146718584]]]}},{"type":"Feature","properties":{"clues":"SCCSA001366"},"geometry":{"type":"Polygon","coordinates":[[[-98.62722383320498,19.96411457139532],[-98.61782229809921,19.95623834893972],[-98.6174110364625,19.938689406452674],[-98.62867805652377,19.936306465766776],[-98.6386010110145,19.943012649205013],[-98.65464233836384,19.934758765898646],[-98.66806942672825,19.94687490220703],[-98.66328168330817,19.971363950205415],[-98.62882888328771,19.968437298706853],[-98.62722383320498,19.96411457139532]]]}},{"type":"Feature","properties":{"clues":"HGIMS002071"},"geometry":{"type":"Polygon","coordinates":[[[-98.68574260837039,20.73416222205574],[-98.6634945174392,20.746143634662882],[-98.65010830084836,20.73336002388936],[-98.65437766781805,20.725678826187103],[-98.67745076319234,20.71045246909925],[-98.68574260837039,20.73416222205574]]]}},{"type":"Feature","properties":{"clues":"HGIMS001284"},"geometry":{"type":"Polygon","coordinates":[[[-98.649115370243,20.414037902730467],[-98.64853257066126,20.419857614463975],[-98.65448642031846,20.441369037957],[-98.65874881115771,20.444775094974585],[-98.6566526815657,20.4531743462336],[-98.64454896280371,20.477273438126815],[-98.63501527097223,20.46733092378576],[-98.60736803355873,20.460552094843205],[-98.61962915347033,20.44267599937243],[-98.61623406544759,20.438425257562496],[-98.6107631891894,20.436562553769726],[-98.60706825908669,20.437053208894255],[-98.58676894872052,20.425649518973394],[-98.5939166712979,20.413692509137896],[-98.5874927728256,20.39512702134692],[-98.5906029217075,20.389719659878104],[-98.61995837361147,20.364735036424147],[-98.62690595534718,20.36621836711288],[-98.63685240673686,20.376703674148235],[-98.649115370243,20.414037902730467]]]}},{"type":"Feature","properties":{"clues":"HGIMS002380"},"geometry":{"type":"Polygon","coordinates":[[[-98.56004300438316,20.637518985155],[-98.57143023411587,20.63080778235514],[-98.57840611281668,20.618750349540683],[-98.58502419098559,20.61529532528774],[-98.59225750851164,20.638142177262772],[-98.61156372219986,20.643318160221295],[-98.61191934652429,20.670852522393528],[-98.60636063977422,20.673024179186594],[-98.58604591457215,20.666877071211072],[-98.57275788800065,20.671346173480035],[-98.56117708123674,20.679257475135184],[-98.54408504818079,20.666874180463104],[-98.54362045024767,20.656929870771997],[-98.55920560880296,20.643302275154532],[-98.56004300438316,20.637518985155]]]}},{"type":"Feature","properties":{"clues":"HGIMB004100"},"geometry":{"type":"Polygon","coordinates":[[[-98.57003960333626,19.911460554294145],[-98.56379585324707,19.92404869924521],[-98.55848884877629,19.928276242586325],[-98.55005027980835,19.922255684433523],[-98.55256838648152,19.909255425867137],[-98.55880736866851,19.9054247537348],[-98.56084214944791,19.89726221771825],[-98.55737697354456,19.885849908233563],[-98.56891735154588,19.882619863995053],[-98.58597934493909,19.89483695228534],[-98.59043135682481,19.91758493950002],[-98.58240075298473,19.921085880726906],[-98.57249065513831,19.910770779043443],[-98.57003960333626,19.911460554294145]]]}},{"type":"Feature","properties":{"clues":"HGIMS002375"},"geometry":{"type":"Polygon","coordinates":[[[-98.42350696236069,20.711650428373034],[-98.43264632671065,20.702224957810895],[-98.44148179910246,20.700729853060544],[-98.45157298225838,20.71282668984958],[-98.45252193095281,20.71725242844015],[-98.44839891772928,20.72887700539749],[-98.43581819769913,20.736799608798957],[-98.43447546031094,20.740325499323802],[-98.42527211046489,20.744961860736726],[-98.41505815660949,20.7395270965176],[-98.41294108255266,20.72784184004989],[-98.41628570942255,20.714321858201572],[-98.42350696236069,20.711650428373034]]]}},{"type":"Feature","properties":{"clues":"HGIMB000496"},"geometry":{"type":"Polygon","coordinates":[[[-98.35814792837107,21.041872881666254],[-98.36587770142701,21.049915942088095],[-98.37155695097171,21.059058234911383],[-98.37635652194602,21.05893548082749],[-98.38552317456605,21.07116202971986],[-98.38430688745076,21.08360875895288],[-98.36540505848248,21.08426249142186],[-98.35548696732145,21.1001004057064],[-98.34285393022678,21.099524239302358],[-98.3393849895606,21.080642566862902],[-98.33973464562702,21.075585719889418],[-98.3331758303532,21.066842978391183],[-98.33739668804033,21.06096412306562],[-98.34885864318795,21.057191623611132],[-98.34933809853707,21.049856138682543],[-98.35814792837107,21.041872881666254]]]}},{"type":"Feature","properties":{"clues":"HGIMS002264"},"geometry":{"type":"Polygon","coordinates":[[[-98.30310023710055,20.87087347456486],[-98.29909578741562,20.86962062301424],[-98.29215577491313,20.871023113562817],[-98.28796824614382,20.87905505513842],[-98.2753751541899,20.888217823715607],[-98.27137235515357,20.887906322849272],[-98.26979889492345,20.88597624124959],[-98.25668702262227,20.88766203032516],[-98.25231008137314,20.88288452344172],[-98.25678069858874,20.87462049721787],[-98.26331079820035,20.870804791731874],[-98.26471823666552,20.865122517227082],[-98.27019348276662,20.86254587904419],[-98.27451197989467,20.853533724339833],[-98.28383890288328,20.847134315862746],[-98.28960970688438,20.84798316708481],[-98.29604518689368,20.84531017786301],[-98.30049644024514,20.83382906745472],[-98.3049061552958,20.82830005892102],[-98.31366540701185,20.82647139413421],[-98.32431177965614,20.832263107845517],[-98.32133490012669,20.856105973866455],[-98.3143484013884,20.856081461218576],[-98.30310023710055,20.87087347456486]]]}},{"type":"Feature","properties":{"clues":"VZIMS006514"},"geometry":{"type":"Polygon","coordinates":[[[-98.28555492748242,20.527368332881817],[-98.31339112809601,20.558128891684156],[-98.29652495383264,20.5733538539553],[-98.28454692781882,20.571566149229604],[-98.28043167135883,20.57433750013657],[-98.27618090258213,20.582612971465252],[-98.26090355776626,20.595759159443432],[-98.24855727452206,20.59767951004599],[-98.24519474426205,20.577878755915815],[-98.23374813408448,20.563816802866935],[-98.23333721013778,20.559977984980605],[-98.23526200758424,20.55602632151267],[-98.244596086694,20.547423054769222],[-98.25487378838113,20.544775405984737],[-98.25740806290163,20.542009641112838],[-98.28555492748242,20.527368332881817]]]}},{"type":"Feature","properties":{"clues":"HGIMS000642"},"geometry":{"type":"Polygon","coordinates":[[[-98.23857850149231,20.041074983809313],[-98.2302769718853,20.033480313556502],[-98.23555343201123,20.01334319387341],[-98.24896468690525,20.00716994818312],[-98.25867640399213,20.011300369057842],[-98.26001406999673,20.015989165034895],[-98.27165342439402,20.020956635295292],[-98.28328604073872,20.017994176828886],[-98.28978667613461,20.02930934966766],[-98.27598750853957,20.042085022846337],[-98.28478961466193,20.051777671826688],[-98.28489283776558,20.07281238517847],[-98.26701288556193,20.071604649989087],[-98.25852891320241,20.04556083795388],[-98.2444606493624,20.039494281689983],[-98.23857850149231,20.041074983809313]]]}},{"type":"Feature","properties":{"clues":"HGIMS001885"},"geometry":{"type":"Polygon","coordinates":[[[-98.23339531351499,20.36080012817603],[-98.23361897417351,20.364348998516483],[-98.22223511695172,20.368652934288388],[-98.21579850566,20.3617689957662],[-98.21326467226638,20.350124236123246],[-98.23206714643672,20.34583686926766],[-98.23296023917962,20.34147163000861],[-98.23820875344231,20.336172221296778],[-98.24298379738933,20.340978098833965],[-98.2433069714074,20.351464110269],[-98.2390876959734,20.352889087172112],[-98.23339531351499,20.36080012817603]]]}},{"type":"Feature","properties":{"clues":"SCCSA001992"},"geometry":{"type":"Polygon","coordinates":[[[-98.09147780791652,19.7293121886927],[-98.0739680961268,19.74086674125538],[-98.07435364436819,19.74398602403343],[-98.07013797230397,19.751642619598176],[-98.06377304773949,19.754754721319756],[-98.06248747239945,19.774000485787933],[-98.05672902016401,19.777313568892417],[-98.0547179713076,19.78026337683327],[-98.05611958782492,19.786102011272156],[-98.07072672024849,19.80473734342192],[-98.0682311442803,19.806335051875337],[-98.04393283447054,19.807747748560644],[-98.03987169540886,19.80541698036089],[-98.0347525657143,19.790526539193685],[-98.02818830501833,19.78653963874822],[-98.02967680305409,19.773656550997345],[-98.0203966599426,19.75982965021296],[-98.015490775016,19.742966468015993],[-98.02747423272996,19.736096337602408],[-98.03769848135981,19.72227205545415],[-98.06197738408386,19.725906713942738],[-98.07324206474615,19.718026161993137],[-98.07507077133235,19.71474746074257],[-98.08290425055525,19.712704790782546],[-98.09972159342203,19.69776017131712],[-98.12490474570446,19.70064429024688],[-98.1177238831102,19.727256063202766],[-98.11533808592051,19.729469222560535],[-98.10013089565707,19.72834228065729],[-98.09147780791652,19.7293121886927]]]}},{"type":"Feature","properties":{"clues":"VZIMS002710"},"geometry":{"type":"Polygon","coordinates":[[[-98.02780890857223,20.901342217620257],[-98.01531785992944,20.892003243118246],[-98.02077159399515,20.88547356697331],[-98.0396196977041,20.883729188416936],[-98.04151210044806,20.88149474015384],[-98.0539039239191,20.885141784198083],[-98.05757520372936,20.91043537886713],[-98.05659010356655,20.911855059874988],[-98.04895302307578,20.908529137927648],[-98.03504847736603,20.90954254403327],[-98.02780890857223,20.901342217620257]]]}},{"type":"Feature","properties":{"clues":"PLIMB001063"},"geometry":{"type":"Polygon","coordinates":[[[-98.04075176258219,20.24493759644353],[-98.04653614669466,20.265160507084254],[-98.03015624722273,20.26880154970037],[-98.01798637882897,20.264269174735574],[-98.01542506120101,20.251823479987547],[-98.03750045690839,20.243219325913273],[-98.04075176258219,20.24493759644353]]]}},{"type":"Feature","properties":{"clues":"VZIMB002190"},"geometry":{"type":"Polygon","coordinates":[[[-97.96556609022484,20.796839235914508],[-97.96833784624194,20.792949275045196],[-97.98882975810044,20.783990197845732],[-97.99880915824693,20.78868785513468],[-98.00305903587481,20.793934936037747],[-98.02032766293857,20.796597170924844],[-98.02397993420854,20.795960426506795],[-98.03580487979106,20.803873901771766],[-98.03196885544153,20.81876846407069],[-98.02301295958195,20.824718689158345],[-98.01272700476987,20.82249802091179],[-98.00947194622222,20.824198390836575],[-98.00020444976816,20.833900123176512],[-97.98679090962214,20.819312348149417],[-97.97365080386491,20.824856936987725],[-97.96974857172933,20.825191249029963],[-97.96820529598745,20.80222031249716],[-97.96556609022484,20.796839235914508]]]}},{"type":"Feature","properties":{"clues":"VZIMB002074"},"geometry":{"type":"Polygon","coordinates":[[[-97.96592998072529,21.1936015110434],[-97.96114543855951,21.19695159963021],[-97.94933869661838,21.194893376837385],[-97.94630360243723,21.18847761807953],[-97.95082415375674,21.179962977754418],[-97.95616717480422,21.175013831658493],[-97.96723581110226,21.174078922774896],[-97.97537160678748,21.167600756479615],[-97.979870360175,21.169598187742178],[-97.98637492381211,21.182185496807858],[-97.99042673379503,21.186887478808405],[-98.00260400201587,21.193992678810197],[-97.99499604654753,21.20261549292868],[-97.98241445019933,21.201194148567893],[-97.97678704357551,21.203922253988452],[-97.97451597367791,21.200467036517278],[-97.96592998072529,21.1936015110434]]]}},{"type":"Feature","properties":{"clues":"PLIMB003472"},"geometry":{"type":"Polygon","coordinates":[[[-97.929226145669,19.86308977260916],[-97.91275653639028,19.829302036280033],[-97.93296597120329,19.820589443609773],[-97.93594731068609,19.82121351655034],[-97.94147985617391,19.841708594096264],[-97.94305427930182,19.842055496953872],[-97.96877650925148,19.816821839202525],[-97.96543379514553,19.84974510718697],[-97.98435900303296,19.847832705869354],[-97.9864617804344,19.853388123701198],[-97.9734733709254,19.868189535650835],[-97.97044181373457,19.86858026722183],[-97.95922517552326,19.858885109125257],[-97.95693358165158,19.858950554830233],[-97.95041654697123,19.86437903710057],[-97.94526716415413,19.884098657089268],[-97.92570141315551,19.871981132526393],[-97.929226145669,19.86308977260916]]]}},{"type":"Feature","properties":{"clues":"NTIMB001012"},"geometry":{"type":"Polygon","coordinates":[[[-105.43811632596227,21.858639190047075],[-105.49611626314568,21.824706487380027],[-105.50546296323216,21.825652262877444],[-105.50642727129426,21.846203806008994],[-105.51768301008485,21.94428811514461],[-105.51128027553169,21.98068024595882],[-105.45171751936601,21.941995016214904],[-105.42331410140207,21.925393407148526],[-105.4154695269406,21.88395748885043],[-105.43811632596227,21.858639190047075]]]}},{"type":"Feature","properties":{"clues":"NTIMB001806"},"geometry":{"type":"Polygon","coordinates":[[[-105.49611626314568,21.824706487380027],[-105.43811632596227,21.858639190047075],[-105.41965502130161,21.83629924299439],[-105.3842805443876,21.7887316449997],[-105.38403693114235,21.767042481985648],[-105.39188908171462,21.756704276071982],[-105.39614937577814,21.754963044202356],[-105.48126609880661,21.80677438991355],[-105.49611626314568,21.824706487380027]]]}},{"type":"Feature","properties":{"clues":"NTIMB000295"},"geometry":{"type":"MultiPolygon","coordinates":[[[[-105.39455437012957,20.894569255231147],[-105.3909608695135,20.89790118301184],[-105.38531272488184,20.899641919636213],[-105.36674332510289,20.885136821424545],[-105.37205332308817,20.866815003022506],[-105.39232073892799,20.8876962832695],[-105.39455437012957,20.894569255231147]]],[[[-105.3408530605396,20.906464845507674],[-105.36497519915028,20.887759421873255],[-105.37515498879554,20.909581770556432],[-105.3650142298633,20.919793117022518],[-105.3408530605396,20.906464845507674]]],[[[-105.30092144680276,21.006620547551098],[-105.281722247298,21.006548266179035],[-105.2806120509563,21.00508857217622],[-105.26530057826947,21.000400061382557],[-105.25840795193008,20.994118339223935],[-105.24764876692927,21.016158949966496],[-105.23823461560576,21.011624556732222],[-105.22656670258263,20.98868690151593],[-105.24334063647635,20.962175102777817],[-105.2516065969236,20.926562393590704],[-105.27835074912487,20.943719870892227],[-105.32558164134856,20.97986089700793],[-105.32930445502183,20.97933781499404],[-105.33513340627883,20.98343526179425],[-105.33106038045487,20.98691605966478],[-105.3267707609353,20.996770191206082],[-105.32135435030888,21.00067633904635],[-105.31884120801627,21.005049526711044],[-105.31435017712339,21.025414952373062],[-105.30661719485306,21.009201169017885],[-105.30092144680276,21.006620547551098]]],[[[-105.23347212140094,21.03052873180231],[-105.23502690826048,21.03316718127775],[-105.23200170547331,21.040072337399756],[-105.22142740186973,21.03082694180481],[-105.22550737426454,21.028774280644527],[-105.23347212140094,21.03052873180231]]]]}},{"type":"Feature","properties":{"clues":"NTIMB001316"},"geometry":{"type":"Polygon","coordinates":[[[-104.8731597872524,21.520194521908156],[-104.87431297925717,21.521627718281998],[-104.87988529547711,21.520043936778315],[-104.88651258798875,21.52214843606892],[-104.88593595535828,21.524631005106762],[-104.88846786020478,21.52741770728309],[-104.88841433636802,21.530804881918634],[-104.8928232810863,21.5319423866587],[-104.89259377639812,21.534678153508388],[-104.88532648008155,21.54269779207734],[-104.88424470927114,21.554018877937633],[-104.88138954244793,21.554786053700102],[-104.86935009564907,21.551088395586778],[-104.86534709591847,21.56118711254255],[-104.86864361413657,21.574445775093263],[-104.85011150666078,21.57740753171495],[-104.84336878308818,21.57443231552194],[-104.83386634878924,21.565820997973393],[-104.83380169430697,21.551277323414176],[-104.82893088737676,21.54483756256261],[-104.82825991619475,21.539513420640642],[-104.83113508543687,21.5329001174091],[-104.83996112330632,21.522266940615513],[-104.85134934036101,21.52766876550872],[-104.85879849520875,21.523911338470167],[-104.86230038676305,21.518134799843114],[-104.8731597872524,21.520194521908156]]]}},{"type":"Feature","properties":{"clues":"NTIMB001321"},"geometry":{"type":"MultiPolygon","coordinates":[[[[-104.87265979190465,21.458833039156275],[-104.87195566141163,21.461205204239672],[-104.86805781644112,21.464317831695777],[-104.86907376174223,21.470429426514308],[-104.872242356009,21.475248014461464],[-104.86639002116442,21.478999167384536],[-104.85816270459146,21.481797568353254],[-104.8533449715563,21.485985914881894],[-104.85111580778769,21.485266964372293],[-104.84880265079686,21.483217699695608],[-104.85097826057365,21.475651715557152],[-104.84337647942453,21.473144623243364],[-104.84616800148056,21.467012156269995],[-104.85150319168838,21.46939107907255],[-104.85279295237497,21.46723300770245],[-104.85645400788125,21.46759109764541],[-104.8591199193129,21.46558509884491],[-104.85811805074636,21.461747804913973],[-104.8608620006029,21.459077975122945],[-104.86537891504318,21.447999104913862],[-104.87265979190465,21.458833039156275]]],[[[-104.81261258455531,21.45582500985619],[-104.82262717644936,21.451621876718978],[-104.82604338295717,21.45677683970405],[-104.83043012511449,21.45710594810081],[-104.83190420895066,21.45492752504876],[-104.83549662133339,21.45387045516571],[-104.8390967524859,21.45680602066773],[-104.83967208482683,21.45784374382795],[-104.83680436774996,21.46148236841383],[-104.83310137460886,21.462781458643843],[-104.84064455729207,21.46692565468635],[-104.8403419792106,21.47190230558706],[-104.83888718016927,21.471959277029818],[-104.83375543447943,21.47965525647833],[-104.82964532803375,21.479132899586347],[-104.8229455193553,21.474284634011322],[-104.81816824023201,21.476668248713676],[-104.80561068721076,21.478386614863453],[-104.80985268789718,21.458472954652155],[-104.81261258455531,21.45582500985619]]]]}},{"type":"Feature","properties":{"clues":"NTIMS001100"},"geometry":{"type":"Polygon","coordinates":[[[-104.28721853878024,21.730385199747136],[-104.28594555259787,21.709531714928676],[-104.29564444900075,21.703830223959113],[-104.31895192383001,21.706210870022698],[-104.33654201035726,21.684985132403202],[-104.39312132151782,21.69581687977532],[-104.40132901507191,21.719740999581692],[-104.39760938131799,21.76244820624352],[-104.40909196881346,21.7954592752334],[-104.33863610962923,21.806175102437614],[-104.30129286330767,21.791404219996334],[-104.2926439396431,21.794622082637655],[-104.27138890618252,21.78777471512741],[-104.26379424209144,21.761083958402903],[-104.27954130899114,21.743490539972107],[-104.28721853878024,21.730385199747136]]]}},{"type":"Feature","properties":{"clues":"MNIMS001100"},"geometry":{"type":"Polygon","coordinates":[[[-103.15003865802593,18.825719941982832],[-103.16309675989235,18.824548334037367],[-103.1781200989436,18.839484512493936],[-103.1950881054968,18.839899735275708],[-103.20252850558673,18.847867101953014],[-103.2144046410621,18.86657703347631],[-103.22309218734576,18.869908813309653],[-103.2400813416766,18.88837160635437],[-103.23316825630931,18.918437663822907],[-103.2392046535024,18.936463711213158],[-103.23583522513896,18.94652707328193],[-103.2534617774212,18.96925112931857],[-103.2634194062873,18.977937151626534],[-103.27143296985862,18.993880016439945],[-103.26961973620014,19.000726553083407],[-103.25690952789796,19.01191184718031],[-103.21430057077337,18.996170873733345],[-103.21483196922964,18.98388146606114],[-103.20346391086612,18.969230051979963],[-103.19352087005437,18.964664955584585],[-103.18781895070073,18.946864731650166],[-103.1761959183097,18.946861485018978],[-103.16424392292917,18.92209324181735],[-103.15744955021293,18.92084592551461],[-103.14870788777068,18.91547780345053],[-103.14421973800397,18.914968761447437],[-103.14106101430178,18.91846418471221],[-103.13118364865353,18.939758023884185],[-103.1362160974661,18.965619792159274],[-103.13024091870683,18.974691407921235],[-103.11118813082386,18.9784591916173],[-103.10629795076574,18.981185999982763],[-103.0974475250444,18.989673403017328],[-103.08408613696889,18.983041993274746],[-103.06339377535636,19.004041059851954],[-103.0626920861475,18.99688146588451],[-103.04086185267766,18.977208812318683],[-103.03772505474716,18.97829144133968],[-103.01558884764083,18.977896264034992],[-103.00867185176952,18.962537905464316],[-102.9902518117118,18.95138394881553],[-102.96118542605363,18.948283859509505],[-102.95163470273778,18.9246167908114],[-102.93946590324254,18.913821963926498],[-102.93878291029954,18.86468765864168],[-102.9595974500382,18.84302569761211],[-102.96220548793657,18.8421266876532],[-102.97572189024412,18.848616243672566],[-103.01337199878789,18.855637853608197],[-103.02489828346081,18.84855648479409],[-103.02998649834582,18.849254553591535],[-103.05615667887022,18.842242579545516],[-103.06234996608342,18.81732181356686],[-103.09001667532085,18.807801045020856],[-103.09240896517329,18.810664967792263],[-103.11277224995887,18.811351659578353],[-103.12650230499062,18.803929834400687],[-103.12976750295323,18.815184663575653],[-103.12695135010972,18.827173006944044],[-103.13666417771665,18.834398959563032],[-103.15003865802593,18.825719941982832]]]}},{"type":"Feature","properties":{"clues":"ZSIMB000014"},"geometry":{"type":"Polygon","coordinates":[[[-103.11318443891423,21.42722166664337],[-103.11935952646004,21.421875274122513],[-103.1589966210758,21.455650386233405],[-103.15147527563106,21.46123925015728],[-103.1427116112131,21.47956542836331],[-103.12948778773624,21.486372939285623],[-103.12293091560117,21.487175599886836],[-103.1042394570012,21.478584513455743],[-103.08701922172145,21.489341178286086],[-103.07547294136492,21.48281133730275],[-103.05844559932454,21.485495113765705],[-103.05463249060013,21.476302298357197],[-103.06203322191021,21.45135477058613],[-103.05722137309452,21.428763500462725],[-103.08235388382865,21.416717945806113],[-103.09421302217629,21.41446230134335],[-103.09642797171213,21.412722996412942],[-103.10204322205796,21.414801168947275],[-103.10976669874397,21.413485291647593],[-103.1164047154171,21.409245620511683],[-103.1211645705263,21.412528563293602],[-103.12163263002154,21.415594427244322],[-103.12030460683894,21.417075364140363],[-103.10806459036844,21.419885756599932],[-103.11318443891423,21.42722166664337]]]}},{"type":"Feature","properties":{"clues":"ZSIMS000481"},"geometry":{"type":"Polygon","coordinates":[[[-103.01876260013238,21.417285039984],[-103.02221426723196,21.41862216082406],[-103.03704551440693,21.419512616060622],[-103.05060451038254,21.427759869317946],[-103.05722137309452,21.428763500462725],[-103.06203322191021,21.45135477058613],[-103.05463249060013,21.476302298357197],[-103.05844559932454,21.485495113765705],[-103.05640244225854,21.49406164729922],[-103.04513598938209,21.510121134254327],[-103.0458005163854,21.519730070787396],[-102.98867154573742,21.534940540455455],[-102.98409006221866,21.542527084406537],[-102.98215178579984,21.543385338351346],[-102.9711992102798,21.539404769137533],[-102.9498228726306,21.51593282509345],[-102.94377177257161,21.51353611416691],[-102.93633659761758,21.50779400186997],[-102.91584364844346,21.511429532102987],[-102.90352918496448,21.517904855478935],[-102.8867643918962,21.491332286655528],[-102.89019392851412,21.48818768835727],[-102.9015283976281,21.47031028433978],[-102.91185768892854,21.470864176550986],[-102.92175745145376,21.483673395481446],[-102.93080292814464,21.47125552388578],[-102.92170100560229,21.461046881343638],[-102.92226134046054,21.45760715490492],[-102.9154216788692,21.4466907732188],[-102.91304681037211,21.43172050452125],[-102.91666458128665,21.421808836897565],[-102.93634955064766,21.426866147454398],[-102.9558921114605,21.398580862067448],[-102.9483404689417,21.36687601061901],[-102.99367159738509,21.3543418111851],[-102.99930651448166,21.372495703283573],[-102.9992528105172,21.387731893773005],[-103.01876260013238,21.417285039984]]]}},{"type":"Feature","properties":{"clues":"MNIMB003095"},"geometry":{"type":"Polygon","coordinates":[[[-102.81982692227187,20.015442029129193],[-102.82951783996529,20.005327097484173],[-102.83517385741645,20.004037512133742],[-102.86770590340969,20.024369801695418],[-102.87270712269813,20.02457682955906],[-102.8752562793491,20.0287937214826],[-102.860580441193,20.06874022837058],[-102.86875730520174,20.08320747585604],[-102.84964895084644,20.091199601753395],[-102.8404349759741,20.092403919608238],[-102.82571959960518,20.084621492692577],[-102.81781597854197,20.07794890534747],[-102.80916377225293,20.075699551641485],[-102.80940542661195,20.06894531230722],[-102.81263509078772,20.057249026208513],[-102.81778828802486,20.04545940115394],[-102.82402428412584,20.037484001289965],[-102.81982692227187,20.015442029129193]]]}},{"type":"Feature","properties":{"clues":"MNIMS003241"},"geometry":{"type":"Polygon","coordinates":[[[-102.63980521869956,19.73506118606133],[-102.62095582302233,19.75660268832394],[-102.62413927906806,19.761512361758577],[-102.60334087684794,19.77969909246706],[-102.59979474245402,19.77457222332521],[-102.58527140246952,19.76436923228112],[-102.55349180401636,19.764749590380944],[-102.54644943952164,19.769339699005652],[-102.53376586902338,19.764398757186758],[-102.52409634924682,19.75213455913496],[-102.52091873367547,19.742819448820562],[-102.52097933510021,19.738441473106242],[-102.53541238884854,19.72061992938563],[-102.56299545499606,19.722063484038525],[-102.588205714273,19.69268381936863],[-102.58838613773288,19.690722528208774],[-102.59334052988658,19.688070351236302],[-102.63141497255604,19.684673645019277],[-102.66058021549074,19.707617428150144],[-102.6609551087704,19.711346765937748],[-102.65534162600383,19.73315843777859],[-102.63980521869956,19.73506118606133]]]}},{"type":"Feature","properties":{"clues":"MNIMS003615"},"geometry":{"type":"Polygon","coordinates":[[[-102.71002386655339,20.184660371272255],[-102.65366555770434,20.218696255794647],[-102.62923207346478,20.19813266432152],[-102.63051505435777,20.189504152823023],[-102.64117830506473,20.17476890646666],[-102.66216839931884,20.158126906713832],[-102.68038108201459,20.156212354113325],[-102.70615781855588,20.177208483994697],[-102.71002386655339,20.184660371272255]]]}},{"type":"Feature","properties":{"clues":"MNIMB000295"},"geometry":{"type":"Polygon","coordinates":[[[-102.63123315056454,18.993164397467527],[-102.64963124965318,18.998655678858135],[-102.66217699548496,19.017329349313524],[-102.67561290458275,19.029350546737685],[-102.6568689668203,19.063104816922994],[-102.68281521153064,19.074218237392103],[-102.68017253981945,19.076754750470183],[-102.66216269846291,19.137338837870708],[-102.64795739354946,19.14519200721257],[-102.64391869139565,19.14467043189954],[-102.6254151774787,19.153957152469292],[-102.61201571010005,19.156131314232464],[-102.60001050956903,19.15377764210418],[-102.5963946321167,19.15074434085076],[-102.58689754328346,19.135394932802832],[-102.57249734801596,19.125525594319775],[-102.55792497527888,19.121372273475494],[-102.55160525789645,19.10510049221952],[-102.55225279136434,19.090633933145572],[-102.57025197124936,19.067313777186367],[-102.56810012794257,19.055890355202724],[-102.56974678096377,19.051438508308195],[-102.5680772435619,19.048022850543195],[-102.58622142089877,18.99391515035189],[-102.62371966357676,18.998542931443993],[-102.63123315056454,18.993164397467527]]]}},{"type":"Feature","properties":{"clues":"MNIMB002453"},"geometry":{"type":"Polygon","coordinates":[[[-102.48535672600345,19.687956029883697],[-102.49340190027529,19.687244619604108],[-102.50192882923587,19.713510582873482],[-102.50734811394369,19.718892429187097],[-102.52097933510021,19.738441473106242],[-102.52091873367547,19.742819448820562],[-102.52686569021532,19.756628533306326],[-102.53376586902338,19.764398757186758],[-102.54644943952164,19.769339699005652],[-102.55374476755786,19.799923042153296],[-102.55259459605337,19.814188036610535],[-102.50648492891675,19.800800581245145],[-102.49944159384887,19.812791557424152],[-102.48652934187426,19.816136897771592],[-102.475236175055,19.810608565220686],[-102.44796433681842,19.80809742823146],[-102.43663225574859,19.803912392853434],[-102.43704012169037,19.78422391034804],[-102.44189403627666,19.77751299213089],[-102.44165868467528,19.76061432729744],[-102.43074217158517,19.731232828987068],[-102.42844612652303,19.72947147229744],[-102.43735564504914,19.71284115368159],[-102.44700184647972,19.708246919714533],[-102.445259869019,19.690894761337592],[-102.45139482716918,19.680347229069213],[-102.46017323075004,19.671377577302344],[-102.4725281264889,19.68601257449645],[-102.48535672600345,19.687956029883697]]]}},{"type":"Feature","properties":{"clues":"MNIMS003096"},"geometry":{"type":"Polygon","coordinates":[[[-102.42184077996241,19.820241368867286],[-102.44127866633112,19.85968848577289],[-102.44475751043757,19.87048847102026],[-102.47041136495668,19.879240532570574],[-102.470336536131,19.886051689776277],[-102.44959454487672,19.92080550722019],[-102.42871780552197,19.914448786376084],[-102.42561105666879,19.916396029201117],[-102.40240907308282,19.90971876817273],[-102.39609919399355,19.91440364623436],[-102.38311039116986,19.93417498589415],[-102.38056237886784,19.934089510411564],[-102.35854174304889,19.897756613970916],[-102.34234842397707,19.897894106486074],[-102.32018143205691,19.888740729659276],[-102.31153810962657,19.881725020865897],[-102.31556108762308,19.867657052111767],[-102.34927558858723,19.85289257139965],[-102.36231683690824,19.839432517519466],[-102.36170872126581,19.836640544197245],[-102.37204109675295,19.810555432399404],[-102.39448472839796,19.809774825121412],[-102.40758180852406,19.816176943237963],[-102.42184077996241,19.820241368867286]]]}},{"type":"Feature","properties":{"clues":"MNIMS002763"},"geometry":{"type":"Polygon","coordinates":[[[-102.34463464609983,19.61684577088543],[-102.35695326830557,19.58412991523444],[-102.36585912964415,19.580599262521226],[-102.37844909101496,19.594471249425652],[-102.37686227763812,19.617103885103003],[-102.3932117511748,19.646992085292926],[-102.38922507686391,19.65966503632996],[-102.38364319823444,19.669499363824972],[-102.34857063347428,19.670197924214374],[-102.33611868975373,19.676566661988463],[-102.32120905030308,19.668390322828387],[-102.30227288392611,19.630517990074413],[-102.31800421224081,19.63164703277647],[-102.34463464609983,19.61684577088543]]]}},{"type":"Feature","properties":{"clues":"MNIMS001923"},"geometry":{"type":"Polygon","coordinates":[[[-102.40317523563596,20.118957861978924],[-102.39747334898347,20.126742459869025],[-102.39151959688192,20.1444968476609],[-102.38636823897012,20.148530916364592],[-102.37269548988478,20.15106145503728],[-102.33853771385701,20.174205277528767],[-102.33117633902978,20.1619347581072],[-102.3286310650318,20.129321060685356],[-102.3502391894471,20.122446401013143],[-102.35817656522664,20.11068464965173],[-102.35906694115596,20.09816288543053],[-102.36157730017224,20.09135487867285],[-102.38648369612845,20.08786435160148],[-102.39422983457393,20.09404076957727],[-102.39753195756937,20.10938832130023],[-102.40317523563596,20.118957861978924]]]}},{"type":"Feature","properties":{"clues":"MNIMB001806"},"geometry":{"type":"Polygon","coordinates":[[[-102.06440295024156,19.607143462261085],[-102.05137126684869,19.589881595489576],[-102.07975520841042,19.57281539009053],[-102.09662760391305,19.56771073186185],[-102.1397266971932,19.57726489082901],[-102.14131063327301,19.606392559746833],[-102.10999588860633,19.635049439903568],[-102.10818006124286,19.646982056295045],[-102.09859746414901,19.662512815855187],[-102.09699372103408,19.66312619609102],[-102.0784688808845,19.647158997378423],[-102.08239134040248,19.624382390392086],[-102.06440295024156,19.607143462261085]]]}},{"type":"Feature","properties":{"clues":"MNIMS001322"},"geometry":{"type":"Polygon","coordinates":[[[-102.03783374345487,19.725814206393714],[-102.05460408758209,19.700258832346336],[-102.08217669761439,19.700062034543667],[-102.098256138604,19.709751244776285],[-102.11918914174974,19.719541973117416],[-102.10759330550032,19.788889498768217],[-102.08274434119147,19.792349277113672],[-102.07211896294726,19.791757802222687],[-102.06099436455959,19.772393565277657],[-102.05493618964209,19.756403890922204],[-102.03783374345487,19.725814206393714]]]}},{"type":"Feature","properties":{"clues":"MNIMB002902"},"geometry":{"type":"Polygon","coordinates":[[[-101.84311430911333,19.78177856714104],[-101.84229445136363,19.795156456975693],[-101.82809486466334,19.819906833834544],[-101.81785624975609,19.855225643747843],[-101.81826328750628,19.866622813036944],[-101.79734808948209,19.859630463366443],[-101.7755046595477,19.847098914921975],[-101.7680039220965,19.855066066075615],[-101.74806482643909,19.85400221154414],[-101.75132165708327,19.846790944526198],[-101.75678642909462,19.842863064246053],[-101.76509772070901,19.844128297980667],[-101.76631899889873,19.842306317271223],[-101.75660544543581,19.826365685922482],[-101.75049852289092,19.819118610679638],[-101.74736327976998,19.81044872931776],[-101.75878324691676,19.80895061299574],[-101.77216280095723,19.79890097231323],[-101.78373971833935,19.800099087707206],[-101.78394484370462,19.793378651261694],[-101.78644738737167,19.790911769348764],[-101.79071160995528,19.795759046904053],[-101.79332572106527,19.79253174073362],[-101.78725990247452,19.785900907444468],[-101.78578398043616,19.761699775818382],[-101.794202686981,19.743653581712625],[-101.80213868241181,19.74089477181218],[-101.84895304066603,19.757797089943143],[-101.84311430911333,19.78177856714104]]]}},{"type":"Feature","properties":{"clues":"ZSIMB001892"},"geometry":{"type":"Polygon","coordinates":[[[-101.49936381274739,22.12060015204072],[-101.4977558326454,22.117437503445423],[-101.50142000709032,22.101679067741898],[-101.53060571407612,22.081412293661288],[-101.5336355787377,22.07603393201685],[-101.54373511625019,22.076824108687628],[-101.5528469384304,22.090324701076277],[-101.57262637359,22.10289566973811],[-101.57659731410808,22.102855091007743],[-101.59618855518683,22.06767206482029],[-101.61391430814979,22.06222312268427],[-101.63873498491712,22.058004294402444],[-101.65066699344055,22.089392857661732],[-101.62689365439714,22.14659566325804],[-101.60071841490387,22.14337113231858],[-101.59760035076947,22.14481866177091],[-101.58074548526818,22.141797875266114],[-101.54807207377183,22.130047602737957],[-101.54445357249006,22.13320219663392],[-101.50919450395274,22.119679864748317],[-101.49936381274739,22.12060015204072]]]}},{"type":"Feature","properties":{"clues":"MCIMB008100"},"geometry":{"type":"Polygon","coordinates":[[[-100.13186262059186,19.57676874040903],[-100.13540541282845,19.587427013490338],[-100.13757081718201,19.588620012043368],[-100.13778251411883,19.608681725702915],[-100.14017778786634,19.611088560604557],[-100.1526914683189,19.60566644942699],[-100.15531766031322,19.603004614618065],[-100.17987632634146,19.610678170647706],[-100.17981970178015,19.62019278143401],[-100.17627220763572,19.62593679688616],[-100.15717335718193,19.62698420495267],[-100.13808928223571,19.621385525079138],[-100.13586318563664,19.62369424048263],[-100.13391365021852,19.629980692253632],[-100.13382780124863,19.63568445049978],[-100.12268449954271,19.644229378498338],[-100.12034210343948,19.64428875294562],[-100.10977226280414,19.633639587394104],[-100.11329909539559,19.625100645565016],[-100.11342155513854,19.612327367442905],[-100.11106832321799,19.60634434687214],[-100.1119702574984,19.60297115304704],[-100.11500423901215,19.60140495001136],[-100.11972109123502,19.57750220381234],[-100.13186262059186,19.57676874040903]]]}},{"type":"Feature","properties":{"clues":"MCIMB001976"},"geometry":{"type":"Polygon","coordinates":[[[-100.06787885125098,19.328410036027723],[-100.06507892188066,19.324070251197448],[-100.06519852863956,19.307933164429635],[-100.08633121903661,19.30977368583161],[-100.09226086926918,19.30455530189948],[-100.1067147957409,19.299168884285596],[-100.11402462347071,19.294032942626725],[-100.12503019310066,19.315064461641427],[-100.10384766267534,19.33698543301581],[-100.12050653934098,19.348939999917004],[-100.12138965220323,19.360046756672745],[-100.11303403217049,19.36642665467348],[-100.10662144665926,19.36553180355025],[-100.0863819614922,19.354123033588944],[-100.08230684167413,19.355393554237025],[-100.07616048418924,19.3499503554538],[-100.07361579258858,19.330729191309743],[-100.06787885125098,19.328410036027723]]]}},{"type":"Feature","properties":{"clues":"MCIMB000593"},"geometry":{"type":"Polygon","coordinates":[[[-99.93776632046323,19.18548822165339],[-99.9443794978907,19.181002265346677],[-99.99219129082272,19.193568743397233],[-100.01672902017617,19.21948875447115],[-100.0130346202455,19.22421804857867],[-100.0160946873338,19.25007546821453],[-100.02495528312588,19.250966418853935],[-100.02760883152112,19.255820548413137],[-100.0217265059028,19.26153782955997],[-100.01008135361981,19.262396763751862],[-100.00954690619047,19.259886022795],[-99.993752814929,19.24049175085483],[-99.99118492944883,19.265358659059547],[-99.98352042183933,19.27039170828623],[-99.97496719209634,19.25048849538122],[-99.95592606848814,19.260194504318278],[-99.94934066081554,19.256085417842968],[-99.94790960958235,19.252757844586654],[-99.96503077607018,19.231822266640865],[-99.96092699888871,19.22351501739029],[-99.92710403609192,19.2024776191847],[-99.93776632046323,19.18548822165339]]]}},{"type":"Feature","properties":{"clues":"MCIMB007651"},"geometry":{"type":"Polygon","coordinates":[[[-99.91920388389931,19.381901045132103],[-99.93771027288456,19.380280581289362],[-99.94259903110812,19.382435337933472],[-99.93173006495776,19.400110618470126],[-99.93658792429507,19.412065154475492],[-99.95113946061241,19.413295163840168],[-99.95635751542581,19.419764953040982],[-99.9556172915076,19.440224421176236],[-99.96341209338252,19.447500441844067],[-99.9495229787542,19.461353452897622],[-99.93637755317201,19.459556403034806],[-99.93543902990027,19.449634320998165],[-99.94518450311112,19.440415897787066],[-99.92741567297695,19.42496485046192],[-99.9154845319697,19.426759416245055],[-99.88412738099157,19.409440384937998],[-99.89997477023071,19.395929341043058],[-99.90838723252729,19.396691466578677],[-99.91920388389931,19.381901045132103]]]}},{"type":"Feature","properties":{"clues":"MCIMS001381"},"geometry":{"type":"Polygon","coordinates":[[[-99.93082747538476,19.318422595866966],[-99.93804332371346,19.307812023674398],[-99.94546882988632,19.306215561932824],[-99.966653380707,19.318735961870495],[-99.95600642296215,19.330182702934074],[-99.96613672789874,19.351733332035487],[-99.94802739138957,19.35782203517446],[-99.93923020261815,19.350836508560064],[-99.94999357100092,19.331116730959298],[-99.93082747538476,19.318422595866966]]]}},{"type":"Feature","properties":{"clues":"MCIMB000482"},"geometry":{"type":"Polygon","coordinates":[[[-99.89825475642807,19.324825468965074],[-99.92197470947016,19.338451743609536],[-99.92215275944473,19.346092929783453],[-99.92375241104162,19.34924403375633],[-99.91976445761027,19.35852831405152],[-99.91462701343302,19.363184832691836],[-99.90708272338706,19.365466623165307],[-99.89874196109166,19.392108016240723],[-99.88131545132988,19.37323527616133],[-99.89210694420764,19.359892062679673],[-99.88835838300595,19.34393228200098],[-99.89825475642807,19.324825468965074]]]}},{"type":"Feature","properties":{"clues":"SCCSA001209"},"geometry":{"type":"Polygon","coordinates":[[[-99.83322694791353,19.446215597509767],[-99.85131165982752,19.452548323393543],[-99.84661118037877,19.4603729874137],[-99.85410923627153,19.475453071513574],[-99.8478606718137,19.48275877220259],[-99.82125435755844,19.481287697494807],[-99.82092510626038,19.476567392865814],[-99.83374925241579,19.46386331465759],[-99.83322694791353,19.446215597509767]]]}},{"type":"Feature","properties":{"clues":"MCIMB001293"},"geometry":{"type":"Polygon","coordinates":[[[-99.63975830819483,19.136750607070404],[-99.65244782939365,19.128928971776546],[-99.65425632287234,19.126288621317467],[-99.66292336455014,19.12516098576394],[-99.67865986717818,19.11440552289002],[-99.74421951335447,19.1315133246419],[-99.73871713948553,19.157392479192538],[-99.7355541493296,19.161068489945688],[-99.70948145360175,19.1734892381875],[-99.69451474022813,19.174983920385554],[-99.68047181282859,19.169039753884682],[-99.64654668093806,19.169269197951387],[-99.64155396728658,19.170685653057856],[-99.629758610062,19.15531308135967],[-99.63855864755031,19.146432970734395],[-99.63975830819483,19.136750607070404]]]}},{"type":"Feature","properties":{"clues":"MCIMB008445"},"geometry":{"type":"Polygon","coordinates":[[[-99.72933101579498,19.26093460451691],[-99.73638312491548,19.258562449639996],[-99.74150615464514,19.264864490603877],[-99.74586667836918,19.265182818062836],[-99.7484308823768,19.263488170563242],[-99.75433533278584,19.265209618715314],[-99.76454123113145,19.259070162994668],[-99.76700425594667,19.269295411510875],[-99.76632325597308,19.27052852788937],[-99.75495565202738,19.272955907181313],[-99.7509718706145,19.27594179313019],[-99.74924797036962,19.283368666085448],[-99.74791720887436,19.284231903686024],[-99.73775904296559,19.28142577222489],[-99.73734953300311,19.27713448079887],[-99.72534225566223,19.276687947421905],[-99.72287128713587,19.266757974475567],[-99.7263344217002,19.265011671520764],[-99.72933101579498,19.26093460451691]]]}},{"type":"Feature","properties":{"clues":"MCIMB003586"},"geometry":{"type":"Polygon","coordinates":[[[-99.62948407121429,19.253676994592105],[-99.63233307737251,19.25707324437337],[-99.63636899097497,19.25644758308307],[-99.63983701546469,19.260150996731564],[-99.63853111037108,19.261782481184717],[-99.63554627556196,19.26034059693415],[-99.63128055306362,19.262205661978847],[-99.63507929786901,19.266605950627834],[-99.63848261574384,19.263247758687864],[-99.64229760295443,19.265576531352316],[-99.64043476242587,19.26892451636091],[-99.64213762502983,19.27237899019563],[-99.63859525537106,19.27325276827024],[-99.6362331192109,19.271718701698887],[-99.63385380769175,19.273250152183873],[-99.63561468936658,19.27716790647425],[-99.63148351102033,19.280260927138848],[-99.62858177381815,19.271225599090062],[-99.62014331277118,19.269892568870777],[-99.61403905582442,19.270692823914626],[-99.61168077697847,19.273767359935707],[-99.60811103767429,19.274066959111494],[-99.60627095127742,19.268066062015773],[-99.60067011787507,19.267964014931028],[-99.60047129169233,19.262651954507085],[-99.60518261552109,19.25926769202393],[-99.60487692678191,19.255874425965352],[-99.61085733035596,19.252838604262582],[-99.61647520070473,19.24095027964049],[-99.62443194641658,19.24499040304249],[-99.62416571008625,19.25370750508465],[-99.62948407121429,19.253676994592105]]]}},{"type":"Feature","properties":{"clues":"MCIMB005732"},"geometry":{"type":"Polygon","coordinates":[[[-99.60400811003157,19.48733735473394],[-99.61634775333799,19.47952358981318],[-99.63398896738964,19.4909835347422],[-99.63751393788534,19.491372898922926],[-99.64380169728746,19.498410706094244],[-99.61232409295893,19.52525787531355],[-99.60817034268294,19.512023706590043],[-99.59790483770858,19.50430330522522],[-99.59694053930954,19.500147771386676],[-99.59926451092485,19.498013130938848],[-99.60400811003157,19.48733735473394]]]}},{"type":"Feature","properties":{"clues":"MCIMB009150"},"geometry":{"type":"Polygon","coordinates":[[[-99.52701440504921,19.293477382906786],[-99.53025989498825,19.290017780822325],[-99.53876962478218,19.289148394748995],[-99.54589896495622,19.292927770752463],[-99.55570254369144,19.28972122423433],[-99.55780817341261,19.290303460022326],[-99.560673982654,19.30205228952159],[-99.55512538848004,19.306885625696964],[-99.56358958440255,19.317130054343828],[-99.56322215705252,19.32185666868102],[-99.55329818443161,19.32756164590112],[-99.5461555570597,19.316088044515983],[-99.54469384732353,19.31565330304024],[-99.53854644658956,19.31933043892007],[-99.52937029868153,19.316162146400803],[-99.5196693565209,19.316319362037433],[-99.53152577579542,19.302745222410355],[-99.52701440504921,19.293477382906786]]]}},{"type":"Feature","properties":{"clues":"SCCSA001282"},"geometry":{"type":"Polygon","coordinates":[[[-99.51718487541774,19.27704062527477],[-99.52663127842236,19.259734260004045],[-99.53050371151288,19.25997590642496],[-99.53142033111982,19.262901368530308],[-99.53784735077652,19.26643610416519],[-99.53760842907471,19.270598353681113],[-99.54230624650125,19.274268556511625],[-99.54202181254202,19.276811902722784],[-99.53820015189181,19.27996866997819],[-99.53199432208189,19.27859072523098],[-99.52901211421928,19.282445413512775],[-99.51963538363611,19.280483108999476],[-99.51718487541774,19.27704062527477]]]}},{"type":"Feature","properties":{"clues":"MCIMB008322"},"geometry":{"type":"Polygon","coordinates":[[[-99.45181423382323,19.172516110766832],[-99.45858198124306,19.171586403994418],[-99.45906185027737,19.17824955464186],[-99.46108154674158,19.181656670218416],[-99.4671895891621,19.185286001613928],[-99.45676867079162,19.189206332908327],[-99.45314179476762,19.188498916155265],[-99.44978490243948,19.191753358952223],[-99.44193420306895,19.19066791190624],[-99.44118734830344,19.181257799471414],[-99.44868648313913,19.179455553077165],[-99.45181423382323,19.172516110766832]]]}},{"type":"Feature","properties":{"clues":"MSIMB001465"},"geometry":{"type":"Polygon","coordinates":[[[-98.99008713518239,18.938363162915124],[-98.99525194584494,18.941540806541507],[-99.0096936570616,18.959611651699458],[-99.01546496569067,18.96339128478338],[-98.99554813134606,18.97826002539298],[-98.99491242473529,18.988666979294866],[-98.98032634532369,18.988723821244456],[-98.97867685267892,18.980691001866685],[-98.98075534662715,18.976573208637618],[-98.97835001700368,18.970133000390366],[-98.9747196697921,18.968783756258407],[-98.96080594829719,18.97206279923816],[-98.95839071166407,18.960384848922054],[-98.9613663653378,18.956904611397377],[-98.96401297577351,18.956154840107477],[-98.96641422099933,18.951674029669984],[-98.96955373571862,18.951316078228736],[-98.97328222537055,18.947213195273953],[-98.97934530111392,18.950741996369874],[-98.99008713518239,18.938363162915124]]]}},{"type":"Feature","properties":{"clues":"MCIMB008923"},"geometry":{"type":"Polygon","coordinates":[[[-98.91564877259641,19.394341219701396],[-98.92119062084859,19.390596298488642],[-98.92617900178104,19.395854120779052],[-98.92468597984593,19.398455610747188],[-98.92828944148502,19.405643052123363],[-98.9218036926651,19.414368487091824],[-98.92054710148699,19.41437531380525],[-98.91843434029647,19.406911490366117],[-98.92022092352478,19.404587546107503],[-98.9198685139356,19.40080820242536],[-98.91564877259641,19.394341219701396]]]}},{"type":"Feature","properties":{"clues":"MCIMB006193"},"geometry":{"type":"Polygon","coordinates":[[[-98.82205369153962,18.977506904724265],[-98.82483806382302,18.972412798634064],[-98.83508880061382,18.968832517345184],[-98.83995941313015,18.970979947144915],[-98.844567907112,18.969810676685178],[-98.846080680337,18.966024425807312],[-98.85501591713766,18.95699873315233],[-98.85917358634244,18.975947940492983],[-98.86922920698193,18.968639677602127],[-98.87410842994414,18.974706630271154],[-98.87242750756268,18.99338537825335],[-98.87451166102271,18.99818192636643],[-98.87296389172977,19.012460696142554],[-98.8586146220043,19.00570741106039],[-98.84951383318476,18.99609549391425],[-98.83854699887326,18.99273780660817],[-98.83303895549147,18.998876703406083],[-98.8278447391753,18.99074170892708],[-98.82285265424083,18.989237797960453],[-98.82205369153962,18.977506904724265]]]}},{"type":"Feature","properties":{"clues":"MCIMB006601"},"geometry":{"type":"Polygon","coordinates":[[[-98.80143810201865,19.216809330673023],[-98.80705105584381,19.21378261317752],[-98.80864885515227,19.216366953187208],[-98.81449052294877,19.218674126434493],[-98.81485942273603,19.22239099780556],[-98.81381998522718,19.224148629471898],[-98.80779571223525,19.224239549420293],[-98.78787314773338,19.243321961711114],[-98.79432775927663,19.224773568960945],[-98.79966909492458,19.220443164832936],[-98.80143810201865,19.216809330673023]]]}},{"type":"Feature","properties":{"clues":"SCCSA001277"},"geometry":{"type":"Polygon","coordinates":[[[-98.80382877734031,19.011309241590205],[-98.80995632979275,19.008317999945785],[-98.80979121737253,19.0185682883347],[-98.80557621271845,19.02595551708463],[-98.80512342815872,19.030720593711038],[-98.80773323733838,19.034861557066886],[-98.8022956333981,19.04322548732339],[-98.79847932413894,19.037717162751445],[-98.79490586734114,19.038572522278994],[-98.79040736360702,19.03231895281589],[-98.79433825825572,19.027164864636244],[-98.79397625530213,19.021977792510974],[-98.79707078471921,19.020638183428236],[-98.80382877734031,19.011309241590205]]]}},{"type":"Feature","properties":{"clues":"MCIMB006386"},"geometry":{"type":"Polygon","coordinates":[[[-98.80180272510299,19.487911917755213],[-98.79266149482379,19.48654715234446],[-98.77321541962476,19.454020708036616],[-98.76399800772566,19.430692327069416],[-98.7905869073834,19.428795946514644],[-98.80985158525635,19.430097099021705],[-98.80180272510299,19.487911917755213]]]}},{"type":"Feature","properties":{"clues":"MCIMB009862"},"geometry":{"type":"Polygon","coordinates":[[[-98.71444590821122,19.17655210230396],[-98.7407849758365,19.139994129768223],[-98.7496604974434,19.134480171925215],[-98.75488110914866,19.1345977441377],[-98.76011304121313,19.139913715999928],[-98.7612042057756,19.14586392894375],[-98.76798744900329,19.147425585387207],[-98.77324614590016,19.141926904394012],[-98.78029750862878,19.13997758518843],[-98.78221995441021,19.147663312521345],[-98.7797851928175,19.153247477318175],[-98.77529139070519,19.15365855416419],[-98.77437258017919,19.157468329495103],[-98.76532273133985,19.17149562167465],[-98.76013680046584,19.17612670664997],[-98.73959090488331,19.180688738422308],[-98.71444590821122,19.17655210230396]]]}},{"type":"Feature","properties":{"clues":"MNIMB001316"},"geometry":{"type":"Polygon","coordinates":[[[-102.32684346445721,18.010418962575216],[-102.3304740761573,18.001419889055686],[-102.34680276240914,18.00798551188605],[-102.3557357001658,17.9950026156834],[-102.37057536319193,17.991305233335314],[-102.35981036476703,18.013324639560498],[-102.36938377223338,18.021549589067007],[-102.376889346318,18.038289017906923],[-102.3606727759916,18.04945003025386],[-102.35367542291641,18.04790626201299],[-102.32684346445721,18.010418962575216]]]}},{"type":"Feature","properties":{"clues":"MNIMB001321"},"geometry":{"type":"Polygon","coordinates":[[[-102.3304740761573,18.001419889055686],[-102.32663659339552,18.00967602530829],[-102.30928803765903,18.017942534708254],[-102.29810138108422,18.00960668995439],[-102.29251418715944,17.988393966807298],[-102.3025134611435,17.983043232347963],[-102.3258636176258,17.994515927216266],[-102.32951180583994,17.998154760215048],[-102.3304740761573,18.001419889055686]]]}},{"type":"Feature","properties":{"clues":"MNIMB001560"},"geometry":{"type":"Polygon","coordinates":[[[-101.49808731060607,19.731524809876852],[-101.46102070427311,19.753485818668782],[-101.45047719051689,19.76402856108013],[-101.45222402161191,19.792821148814888],[-101.47058425351676,19.805121128152102],[-101.44439003943465,19.83371845245261],[-101.42921666182092,19.8362384213661],[-101.41765778177921,19.823266415457343],[-101.40503447220411,19.822392214880068],[-101.37668855686017,19.806706716580567],[-101.37920410392286,19.792080608471647],[-101.38368268728846,19.782063747335524],[-101.38822253699837,19.7773808655139],[-101.38712088759331,19.75889986329628],[-101.4069339994976,19.7453400729652],[-101.40721664211837,19.739748588019232],[-101.41676376819835,19.727458515944022],[-101.42836127333248,19.726610276863696],[-101.4418910751762,19.7136926698188],[-101.49808731060607,19.731524809876852]]]}},{"type":"Feature","properties":{"clues":"SCCSA001510"},"geometry":{"type":"Polygon","coordinates":[[[-101.28519304106969,19.14561664557036],[-101.29464598609891,19.145641021395598],[-101.2977861377507,19.154869533506428],[-101.29597074748561,19.165421558297375],[-101.3090052956136,19.180001546905835],[-101.31444006695371,19.180363928925143],[-101.31963969659931,19.188178855366903],[-101.31749558687808,19.203178564042272],[-101.31922713952588,19.206872298797684],[-101.312357477362,19.21810581314549],[-101.31769342877767,19.231644261736687],[-101.3165497108238,19.235325242156176],[-101.2999182279163,19.249266493952934],[-101.28830123103494,19.25206840254843],[-101.28135361369627,19.25073777794531],[-101.27831872005702,19.237270848957863],[-101.26488532814622,19.224270153973176],[-101.27997939688808,19.215773361778243],[-101.284448683776,19.210572232505644],[-101.28092947649817,19.207763008513254],[-101.27588805714092,19.191819383688454],[-101.27314098861369,19.189586522002152],[-101.26680179302996,19.19291128365658],[-101.266469469825,19.207111589634636],[-101.26117681150066,19.222208698998333],[-101.24791140397097,19.222664395295283],[-101.24002083236911,19.206345030226185],[-101.23317005392707,19.20408339401544],[-101.22939246628209,19.189834646613104],[-101.23232768084719,19.181406886787837],[-101.24842898067546,19.173888866597892],[-101.24902228560936,19.16736638561433],[-101.23582196675756,19.147291040931865],[-101.2398854669504,19.14147366240238],[-101.2486628692255,19.138387824718787],[-101.26975076377654,19.12519673620216],[-101.27417538500518,19.13842526565413],[-101.28519304106969,19.14561664557036]]]}},{"type":"Feature","properties":{"clues":"SCCSA001527"},"geometry":{"type":"Polygon","coordinates":[[[-101.01970291638837,19.241241400834067],[-101.04764524844617,19.241097398444236],[-101.0629909464698,19.24978779610614],[-101.07079499110549,19.249007788603265],[-101.07451167108988,19.2534380612947],[-101.0804558398501,19.268564813046567],[-101.09474031884926,19.270335835759138],[-101.09653419286094,19.272013374426518],[-101.08492749894556,19.286747750176993],[-101.07478443316171,19.284915940701744],[-101.06453974335629,19.28869834482581],[-101.05052363526461,19.28511887791372],[-101.03720825574493,19.285953697570402],[-101.03379907222734,19.29470890445842],[-101.01845293734412,19.30321771670895],[-101.009680437893,19.297767027774285],[-100.99113397880754,19.299771499643235],[-101.01620424218191,19.25554867618565],[-101.01970291638837,19.241241400834067]]]}},{"type":"Feature","properties":{"clues":"MNIMB001012"},"geometry":{"type":"Polygon","coordinates":[[[-100.95756576856107,19.776686660593334],[-100.93129453306237,19.762632897809176],[-100.91753689339976,19.745329770409615],[-100.89558507810406,19.733355848463916],[-100.89894837697615,19.710964380666024],[-100.92106937772321,19.707256638107246],[-100.92541758610619,19.71230001054047],[-100.94414826088608,19.71512221868233],[-100.94570682133183,19.718847663879846],[-100.95041027510989,19.723405385576182],[-100.94989245170821,19.743612612984506],[-100.96192589431985,19.747413968547416],[-100.99849323043712,19.74584690430512],[-101.00249384829752,19.753461070568477],[-101.01211956643358,19.765341059128712],[-101.01272450482001,19.768897934365295],[-101.01924700208859,19.78067517366102],[-101.02721322843195,19.79133257508774],[-101.01785528762585,19.80881268906282],[-101.0111941097249,19.809197883725613],[-101.00098063004907,19.80493283996825],[-100.98791217334302,19.810116572060775],[-100.98413605566438,19.806916375456815],[-100.95387795739587,19.812096203082135],[-100.95594904731635,19.80676290141284],[-100.95739618646171,19.792878699657297],[-100.95526036041325,19.787809371785013],[-100.95756576856107,19.776686660593334]]]}},{"type":"Feature","properties":{"clues":"SPIMS002032"},"geometry":{"type":"Polygon","coordinates":[[[-100.78891512494313,23.841118752845688],[-100.79474542761706,23.792636647957586],[-100.84114355887651,23.813039702505705],[-100.87841616372488,23.805506036799535],[-100.89165648296068,23.83298553762609],[-100.92047498614225,23.84467202905575],[-100.93016180854403,23.85374900253564],[-100.92224928414406,23.881675276676738],[-100.90370308210943,23.897138030421146],[-100.90433793610273,23.90569005348244],[-100.90155127937906,23.92966351000499],[-100.83425100745045,23.99114976218057],[-100.84818329659727,23.88276170914892],[-100.83493044546756,23.867955395168583],[-100.80216181942527,23.86144575603252],[-100.78891512494313,23.841118752845688]]]}},{"type":"Feature","properties":{"clues":"SCCSA002972"},"geometry":{"type":"Polygon","coordinates":[[[-99.55680008689357,23.398714452782624],[-99.56133352112569,23.37644586160799],[-99.59253050907728,23.341300715887403],[-99.64106282138863,23.34252889777336],[-99.67260989976658,23.362575580345577],[-99.68131727364404,23.382130455540807],[-99.68065306301041,23.40062750843628],[-99.69027291419546,23.440641848766237],[-99.66318669731278,23.504374412972897],[-99.61627467860131,23.53073976117372],[-99.59053579094247,23.525944089462712],[-99.59358296607154,23.46036752720141],[-99.57381952072787,23.410957514182826],[-99.55680008689357,23.398714452782624]]]}},{"type":"Feature","properties":{"clues":"SCCSA003010"},"geometry":{"type":"MultiPolygon","coordinates":[[[[-99.16469715392965,23.71961667110629],[-99.1685118191165,23.71314760386512],[-99.17275600272703,23.713134251383018],[-99.17321653248382,23.71857116385452],[-99.16632272002953,23.720723400011163],[-99.16469715392965,23.71961667110629]]],[[[-99.15454037997911,23.737769095171725],[-99.15443811261021,23.72350913231946],[-99.15945519053433,23.721426517940916],[-99.16055792484201,23.727912489615107],[-99.16527891608152,23.729319400268917],[-99.16482384274728,23.734267413833262],[-99.16064268703528,23.73508512220434],[-99.15894790165785,23.738797178337936],[-99.15454037997911,23.737769095171725]]]]}},{"type":"Feature","properties":{"clues":"TSIMB001231"},"geometry":{"type":"Polygon","coordinates":[[[-98.91313237310904,24.048493436179584],[-98.90163486880093,24.05263603277434],[-98.89888474600363,24.046675073717893],[-98.90361163922321,24.04233062405181],[-98.9063754896352,24.036667763801987],[-98.91321004580084,24.032435285354815],[-98.92238336631593,24.03751571545915],[-98.91313237310904,24.048493436179584]]]}},{"type":"Feature","properties":{"clues":"TSIMB000420"},"geometry":{"type":"MultiPolygon","coordinates":[[[[-98.59925465052379,26.22008018256257],[-98.60799611169944,26.214837373915653],[-98.6105437563269,26.221828303959743],[-98.61852731150736,26.222366421924043],[-98.62777065566546,26.227265039910453],[-98.62922843291345,26.249842795324575],[-98.63102112474536,26.253358947240386],[-98.62441234019273,26.259740429363877],[-98.62153094005136,26.258942738908008],[-98.61846952039714,26.247721339286333],[-98.61625889028514,26.246488679275497],[-98.61442962023341,26.247590599251794],[-98.6123378897626,26.25304670963865],[-98.60698087968635,26.253458629042058],[-98.59894567957119,26.257757059340214],[-98.58705231035621,26.25782882903512],[-98.58277698016029,26.256423979549236],[-98.57976959948887,26.253914879648995],[-98.57915997040692,26.25119437894622],[-98.58508847995527,26.244350949018955],[-98.5782149395141,26.233780949415195],[-98.57667983017818,26.233849078923466],[-98.57086484941136,26.240822848793837],[-98.56782308930603,26.241954579088205],[-98.56556444862052,26.2410010195234],[-98.5634199960345,26.225096199859927],[-98.56638420121614,26.21575913571927],[-98.57919279759768,26.2113044906697],[-98.59275548864848,26.213078925205885],[-98.59424454939825,26.218360982142094],[-98.59925465052379,26.22008018256257]]],[[[-98.55855619898566,26.246633919131536],[-98.5554805404541,26.248105149454183],[-98.55167753382413,26.246454532841902],[-98.55461415842787,26.24231891173425],[-98.55834890928486,26.244472878876568],[-98.55855619898566,26.246633919131536]]]]}},{"type":"Feature","properties":{"clues":"TSIMB000531"},"geometry":{"type":"Polygon","coordinates":[[[-98.4394323249853,24.18891714140079],[-98.35256749108413,24.240514709719008],[-98.34265770041574,24.133182676699107],[-98.36859434908921,24.122343315759384],[-98.38538072135508,24.117725178282566],[-98.42320506751196,24.150610287562856],[-98.4394323249853,24.18891714140079]]]}},{"type":"Feature","properties":{"clues":"SCCSA001808"},"geometry":{"type":"Polygon","coordinates":[[[-97.95763200782685,16.513704234766504],[-97.95401378467186,16.5172574949292],[-97.95449980548995,16.529225380576094],[-97.9363196588225,16.55214597462218],[-97.91893306195556,16.567872273721132],[-97.91682386176429,16.517139624806287],[-97.93673997033075,16.503726874087288],[-97.94023229793397,16.48842147045368],[-97.94360020489866,16.485047253906703],[-97.96316724651581,16.48368297505051],[-97.97655447934092,16.500314635197793],[-97.97932314102833,16.507433274075925],[-97.95763200782685,16.513704234766504]]]}},{"type":"Feature","properties":{"clues":"OCIMB004311"},"geometry":{"type":"Polygon","coordinates":[[[-97.93632001762681,16.270738625757353],[-97.94804609418365,16.282919775209514],[-97.95740442251254,16.299137112389598],[-97.95156805687897,16.306586300384417],[-97.93546687390769,16.313784402730136],[-97.92717949565255,16.31592505892297],[-97.9100664058395,16.316081120719527],[-97.89818390981523,16.31398876167288],[-97.88898654695228,16.2990892427275],[-97.88379657909607,16.276700789974214],[-97.88393777002662,16.26219023399367],[-97.9205376144736,16.2693172358604],[-97.93632001762681,16.270738625757353]]]}},{"type":"Feature","properties":{"clues":"OCIMB002083"},"geometry":{"type":"Polygon","coordinates":[[[-97.91314693336294,16.58176267135987],[-97.90349350935777,16.584422218621363],[-97.89042981905845,16.580211200512252],[-97.87586502903191,16.57181009673232],[-97.85528521217356,16.53419975850586],[-97.88467163557506,16.49989238266346],[-97.90598224382676,16.50556762660052],[-97.91682386176429,16.517139624806287],[-97.91893306195556,16.567872273721132],[-97.91314693336294,16.58176267135987]]]}},{"type":"Feature","properties":{"clues":"PLIMS003316"},"geometry":{"type":"Polygon","coordinates":[[[-97.77304287449778,18.201718600557935],[-97.7753236014639,18.17902659620931],[-97.77720486163577,18.17532955558756],[-97.79257394514536,18.16894294533847],[-97.7987867953588,18.16895489425461],[-97.83664482984926,18.175926509652715],[-97.84327996920092,18.180855449734608],[-97.85501305265959,18.18130606428387],[-97.86259029200441,18.17943739414384],[-97.86423609005291,18.18093450516489],[-97.87794968590734,18.211849697543972],[-97.87936496895394,18.240153822350866],[-97.8573118994059,18.281260876076864],[-97.83223977023862,18.265613242101402],[-97.82380519468954,18.233155695742514],[-97.81028035947408,18.21601552891892],[-97.77629212428936,18.2109034442308],[-97.77304287449778,18.201718600557935]]]}},{"type":"Feature","properties":{"clues":"SCCSA002009"},"geometry":{"type":"Polygon","coordinates":[[[-97.89482445338325,18.44396088092198],[-97.87272603545438,18.448707349367258],[-97.85794770388452,18.449826461204793],[-97.84545665478852,18.418802282625492],[-97.87079311576143,18.38956313829978],[-97.87460155555202,18.393766177706812],[-97.89875698320328,18.438803914458298],[-97.89482445338325,18.44396088092198]]]}},{"type":"Feature","properties":{"clues":"OCIMS002603"},"geometry":{"type":"Polygon","coordinates":[[[-97.79714590600513,17.204529920235245],[-97.79695422278874,17.195143214911376],[-97.81830851687708,17.1887511653942],[-97.82362797725098,17.191833516009073],[-97.83251346715727,17.194217139654576],[-97.84497284022356,17.210563297786976],[-97.84214233443451,17.226974665236447],[-97.80931335186473,17.229866680547488],[-97.80516052254053,17.215239502028602],[-97.79714590600513,17.204529920235245]]]}},{"type":"Feature","properties":{"clues":"OCIMB009066"},"geometry":{"type":"Polygon","coordinates":[[[-97.85528521217356,16.53419975850586],[-97.87586502903191,16.57181009673232],[-97.81402580762084,16.593499319697568],[-97.80777479617228,16.589556342241316],[-97.78860615216634,16.54986423786427],[-97.8189112121764,16.521866660521116],[-97.84714523009893,16.529587906394926],[-97.85528521217356,16.53419975850586]]]}},{"type":"Feature","properties":{"clues":"OCIMB007333"},"geometry":{"type":"Polygon","coordinates":[[[-97.7684193924616,17.554846432723185],[-97.76460555922607,17.531823267095245],[-97.77035789286727,17.502249262054306],[-97.84496528032133,17.508768842036268],[-97.82569596976086,17.56332125938245],[-97.82418822463605,17.57479132948044],[-97.81774712235782,17.589963913573577],[-97.78600936180247,17.555353513140975],[-97.7684193924616,17.554846432723185]]]}},{"type":"Feature","properties":{"clues":"OCIMB004772"},"geometry":{"type":"Polygon","coordinates":[[[-97.77446053314728,16.406966395836925],[-97.76370089915432,16.429580699540153],[-97.72211728863337,16.443713800153546],[-97.71336162077648,16.38015627685974],[-97.71663306900875,16.37270121894964],[-97.7241073596625,16.369145692643137],[-97.73964569373939,16.373094105696183],[-97.76370803573153,16.38316817155074],[-97.7748423853067,16.39485874522574],[-97.77446053314728,16.406966395836925]]]}},{"type":"Feature","properties":{"clues":"OCIMS004312"},"geometry":{"type":"Polygon","coordinates":[[[-97.7134171899334,17.800658895651985],[-97.72395932320413,17.802333878309724],[-97.73686748574329,17.797783542488755],[-97.73935473775614,17.807036679039243],[-97.73192580149266,17.819747946753534],[-97.73480045960856,17.82461080990486],[-97.74086167108511,17.828773474288667],[-97.7431120618504,17.83604860856439],[-97.73706995939581,17.860164819865997],[-97.72983404835833,17.862814268430714],[-97.72386559146746,17.86828871119315],[-97.69806117832852,17.854926788719602],[-97.69972127812083,17.839918349794644],[-97.6974546980206,17.83462242881083],[-97.70334414020678,17.826745060391033],[-97.7045681446666,17.819666718996835],[-97.70201987593701,17.801338837867924],[-97.7134171899334,17.800658895651985]]]}},{"type":"Feature","properties":{"clues":"OCIMS000684"},"geometry":{"type":"Polygon","coordinates":[[[-97.58307648636084,16.953488353588302],[-97.60514798501669,16.941181085051106],[-97.62261195017953,16.926290636837738],[-97.6250696637095,16.92730343214827],[-97.63927016924322,16.95074119149285],[-97.6361538334185,16.96585570848731],[-97.62967702061533,16.968382570327513],[-97.6246105263573,16.991398875413907],[-97.6125278724756,16.99622121997011],[-97.60882597398978,17.009486670744778],[-97.6034877474118,17.01389877799022],[-97.58322622241805,17.00709020856207],[-97.57638797024211,16.99948265884351],[-97.572160975965,16.998696685462836],[-97.56597521934007,16.97326254200154],[-97.57940177260862,16.965959747060918],[-97.58307648636084,16.953488353588302]]]}},{"type":"Feature","properties":{"clues":"OCIMS003595"},"geometry":{"type":"Polygon","coordinates":[[[-97.56665247817888,17.351448860845966],[-97.57309971577631,17.345745559797432],[-97.58165774882787,17.347232317354077],[-97.58715079027243,17.33867752710267],[-97.58642996458134,17.330381819263565],[-97.59113036743416,17.320407771363154],[-97.59720203375109,17.318706223046036],[-97.61396548861346,17.32219742114983],[-97.61357867985281,17.33828324534237],[-97.61766749016971,17.343525941910674],[-97.6137324569158,17.354922344713586],[-97.60379967531408,17.359006459217415],[-97.60246902345426,17.373954275235988],[-97.57858911405307,17.38049848126473],[-97.57226373342186,17.38494403573723],[-97.56317600469306,17.38144541103275],[-97.55603789451784,17.374463837957038],[-97.55701796439645,17.363634433568524],[-97.56684719680486,17.360173782932346],[-97.56665247817888,17.351448860845966]]]}},{"type":"Feature","properties":{"clues":"PLIMB003554"},"geometry":{"type":"Polygon","coordinates":[[[-97.4150819759143,18.408228592305335],[-97.39649201604882,18.402923737144828],[-97.38959339488035,18.39930645532654],[-97.38746709207476,18.381082826938904],[-97.39716721633518,18.36401597114715],[-97.39941491383685,18.33741791260439],[-97.4196775311836,18.32078263007444],[-97.45794865333181,18.35590194892208],[-97.46703603045049,18.37195194369417],[-97.47463029832167,18.37558498667641],[-97.47750418554348,18.382478462693122],[-97.51087652013454,18.386093798940507],[-97.52421656649548,18.412052808075295],[-97.523259275956,18.43437995791677],[-97.5065357643049,18.436423415834497],[-97.47536413334392,18.40408142337367],[-97.46599631437591,18.410737492954283],[-97.45974109242698,18.43889176034621],[-97.45093824205372,18.4427992660882],[-97.43440046858262,18.431500087434298],[-97.43181362451708,18.426909757959812],[-97.43264880051491,18.42262907446338],[-97.42145302583734,18.408163629670483],[-97.4150819759143,18.408228592305335]]]}},{"type":"Feature","properties":{"clues":"OCIMS003484"},"geometry":{"type":"Polygon","coordinates":[[[-97.37082594828583,16.081693573163644],[-97.3742094678777,16.089710163713423],[-97.40407831638832,16.129381858855446],[-97.39981425732678,16.146016724257652],[-97.41030606667394,16.16705979878579],[-97.40012212740127,16.199595970505523],[-97.37484262998548,16.201040295104967],[-97.35735254967571,16.20646951387541],[-97.3309466057966,16.206099097078702],[-97.32871482832343,16.19915134060123],[-97.29572863353958,16.1798342427096],[-97.31055030045304,16.169158390751537],[-97.30811645947607,16.164024832453666],[-97.31387982039419,16.153957239115186],[-97.32160696971548,16.15138423262403],[-97.32218968590908,16.14984883440301],[-97.33744481588064,16.142319346771252],[-97.33961905207207,16.136343149024796],[-97.34026381709354,16.124508328790988],[-97.32835020172966,16.117440490272426],[-97.32383064174928,16.11197595484683],[-97.32102443742929,16.09932044101808],[-97.33843469976779,16.087791154414052],[-97.3617541540862,16.085655906455063],[-97.37082594828583,16.081693573163644]]]}},{"type":"Feature","properties":{"clues":"SCCSA001919"},"geometry":{"type":"Polygon","coordinates":[[[-97.28413243063287,15.936609652103442],[-97.31416401085629,15.942830425522878],[-97.31253248494878,15.962413205772682],[-97.29772558011977,15.962250816985868],[-97.27372824988481,15.979497793277204],[-97.25608588679401,15.969875844544486],[-97.23625206051612,15.948794335799464],[-97.2490971996061,15.943993675187137],[-97.2593646006506,15.934200140920062],[-97.27506906389296,15.93838948992705],[-97.28194332666384,15.938470391912825],[-97.28413243063287,15.936609652103442]]]}},{"type":"Feature","properties":{"clues":"OCIMB009701"},"geometry":{"type":"Polygon","coordinates":[[[-97.17792730844386,17.547937862698813],[-97.1917453463512,17.533264409015015],[-97.22270306901264,17.546381756991565],[-97.22374502384503,17.563394477011062],[-97.26118508657089,17.576381320799058],[-97.25952037221552,17.587202894948966],[-97.25455359612997,17.592434217968858],[-97.2203264894934,17.589226717736384],[-97.21659301823685,17.60564838319328],[-97.22034442652516,17.61482638073634],[-97.2198781439186,17.61701401066744],[-97.2122799494984,17.625590977248688],[-97.20156049351691,17.624062773020498],[-97.19534987441898,17.62071368562083],[-97.18904184620096,17.623060206517202],[-97.17957077739733,17.629271758523913],[-97.1743130846966,17.62656879887167],[-97.15330067094953,17.630913757356804],[-97.15168485774734,17.629575740411248],[-97.15650590492167,17.613516669595946],[-97.15315989606167,17.59931619524636],[-97.14161601808514,17.582186998905573],[-97.15084441738355,17.568888712478785],[-97.17391419840759,17.559223876855906],[-97.17792730844386,17.547937862698813]]]}},{"type":"Feature","properties":{"clues":"VZIMS006362"},"geometry":{"type":"Polygon","coordinates":[[[-97.15408345950482,18.581912948700335],[-97.16719921497427,18.59364493242517],[-97.16134928926952,18.59795530725995],[-97.1520160726742,18.60110121803549],[-97.14259582396437,18.610223525140654],[-97.1412639147683,18.616709520926584],[-97.13629020019727,18.617312931785275],[-97.13316174556921,18.62669218779235],[-97.13137351596096,18.627661232371818],[-97.13196714979713,18.64161622695746],[-97.12537658627566,18.645636999487554],[-97.1100719795958,18.64684234466959],[-97.11035418654872,18.638068732079393],[-97.10509936519715,18.636563268464673],[-97.10178892826197,18.633630131726342],[-97.08760592067149,18.630681080284752],[-97.08196768682214,18.636046691140063],[-97.08026974590938,18.63538501305754],[-97.06893159365418,18.61652034763086],[-97.0837992540418,18.608701110303304],[-97.07882942172841,18.600612770213836],[-97.06537280978857,18.61351442557423],[-97.05658406397323,18.61074354319305],[-97.0559814893646,18.60926907922714],[-97.05678375509757,18.606045362863323],[-97.06817293758354,18.59459088340546],[-97.07785881034384,18.59597797519697],[-97.07924593287407,18.59428339572998],[-97.08848107089561,18.59317151366622],[-97.09633307771816,18.587970397126437],[-97.10168028709839,18.59341305153792],[-97.10890056556741,18.593488767205645],[-97.11126487422312,18.600265491878773],[-97.1148614111293,18.60125808978015],[-97.11863779882343,18.60012868729146],[-97.1273306439395,18.590912264728843],[-97.12671927810975,18.587183215036003],[-97.12956638707129,18.583966297156405],[-97.13162477499672,18.57742225475935],[-97.13455381061677,18.57671001789748],[-97.13372535439446,18.565618872461243],[-97.14406168686702,18.56212446415179],[-97.14985466577826,18.568525318487186],[-97.15066636370652,18.576052478410546],[-97.15408345950482,18.581912948700335]]]}},{"type":"Feature","properties":{"clues":"PLIMB000450"},"geometry":{"type":"Polygon","coordinates":[[[-97.07058431584464,18.307835372786858],[-97.08688826315499,18.29325371790256],[-97.10154686503652,18.305236420271193],[-97.1022872725491,18.308556843358584],[-97.12792248857063,18.30563024295576],[-97.12740229762103,18.31412494994361],[-97.12247301664458,18.328163963674214],[-97.1103151796749,18.33367571774815],[-97.10863762133263,18.33628991955838],[-97.0947614677497,18.33793852091863],[-97.08833571880048,18.33212708167413],[-97.08646289936763,18.315472366003398],[-97.07058431584464,18.307835372786858]]]}},{"type":"Feature","properties":{"clues":"PLIMS000813"},"geometry":{"type":"Polygon","coordinates":[[[-97.08470724130464,18.415371784317614],[-97.09896588078617,18.41144058014842],[-97.10915834323322,18.41605123681437],[-97.11144051805435,18.430560595052185],[-97.11021267140121,18.432502939669618],[-97.11961346770151,18.44279243054783],[-97.11750869270755,18.449649511915688],[-97.10702404735721,18.45390239924349],[-97.09686036208927,18.44718658592056],[-97.09009573547594,18.46423685977525],[-97.0738595290392,18.464476263319913],[-97.07256266900316,18.458218756380717],[-97.07681326072192,18.453537137586252],[-97.07680555303548,18.44587652309388],[-97.0895562562988,18.439819384439893],[-97.08092941266298,18.430326579389153],[-97.08020430948133,18.42070728652665],[-97.08470724130464,18.415371784317614]]]}},{"type":"Feature","properties":{"clues":"SCCSA001876"},"geometry":{"type":"Polygon","coordinates":[[[-97.04144312592878,16.956251279128313],[-97.05989907392338,16.94664638035726],[-97.06267450366825,16.96625429358771],[-97.07172914827541,16.98242655889193],[-97.07360935823833,16.994336914341808],[-97.0701110942929,16.999711971809162],[-97.0614656126713,16.998407699002644],[-97.03370026834703,16.98742066810334],[-97.03463492470942,16.981912334264834],[-97.03894749111218,16.97880244439721],[-97.04144312592878,16.956251279128313]]]}},{"type":"Feature","properties":{"clues":"OCIMB001704"},"geometry":{"type":"Polygon","coordinates":[[[-96.95543949231194,17.4980930505144],[-96.97243432910122,17.483487945954106],[-96.98633795068804,17.452731702632533],[-96.98978946819479,17.454243079443895],[-96.99662060500589,17.463864686453856],[-97.00715089386355,17.474590132407716],[-97.0190859077002,17.481391278236803],[-97.02274914552872,17.50545825836869],[-97.01698209409487,17.51043646108191],[-97.00494505882307,17.516128331879603],[-97.00403429780151,17.518338302253813],[-96.9770917261136,17.5282736422197],[-96.97230305237026,17.516880395896823],[-96.95543949231194,17.4980930505144]]]}},{"type":"Feature","properties":{"clues":"OCIMB007823"},"geometry":{"type":"Polygon","coordinates":[[[-96.9139653255923,16.589704585391566],[-96.93723440016416,16.598013869985333],[-96.94225037219155,16.611113564185217],[-96.96641993859004,16.613773976090204],[-96.98922258635237,16.60424217078931],[-96.99188445201312,16.60498569375746],[-96.99492351068622,16.608664095754847],[-97.00037813386209,16.632780043464383],[-96.99841436742098,16.643174173361615],[-96.97216392838139,16.656224540527965],[-96.93193431574758,16.66170487174516],[-96.91557646850882,16.67828854816928],[-96.90122455962548,16.670651397334257],[-96.88886996532807,16.65936738296927],[-96.8819205716913,16.6462239565941],[-96.8807695842548,16.630236430700755],[-96.90564772699692,16.612437606551342],[-96.9139653255923,16.589704585391566]]]}},{"type":"Feature","properties":{"clues":"OCIMS000824"},"geometry":{"type":"Polygon","coordinates":[[[-96.85015736159791,18.099106962441727],[-96.83830804475411,18.0924252614637],[-96.83534673317587,18.079053289406552],[-96.8521481550715,18.07533357734397],[-96.86282274549582,18.078008618316346],[-96.86530564626287,18.080552112412455],[-96.87260871381422,18.078692022607438],[-96.88695583279879,18.080413593818196],[-96.88911545330879,18.086460288583734],[-96.86964386890206,18.090716698602566],[-96.87083675480076,18.10336248511542],[-96.86164617848888,18.117578208486457],[-96.85563739912482,18.11412364123621],[-96.85817199628855,18.109311084447295],[-96.85378681720461,18.098531940360274],[-96.85015736159791,18.099106962441727]]]}},{"type":"Feature","properties":{"clues":"OCIMS000795"},"geometry":{"type":"Polygon","coordinates":[[[-96.83830804475411,18.0924252614637],[-96.85015736159791,18.099106962441727],[-96.84347457926897,18.10422597702205],[-96.8432973709551,18.107385616367345],[-96.85035614429658,18.10800936163135],[-96.85401553588113,18.10151957807244],[-96.85817199628855,18.109311084447295],[-96.85516186315981,18.11453642241551],[-96.85383729994642,18.12338823340223],[-96.8603869434978,18.12622324176806],[-96.86347820982087,18.13036009299426],[-96.86310201785518,18.135008778557758],[-96.85721992088914,18.139992640875995],[-96.85363269682102,18.13746640819738],[-96.84404966776879,18.1399803464752],[-96.83611578307672,18.1342979480494],[-96.83415980907178,18.135007426267556],[-96.82469755763023,18.13116805091657],[-96.81865747740339,18.126079706202017],[-96.82712181363298,18.11344905772212],[-96.83003414425953,18.11254590638611],[-96.82976122864092,18.110111285846926],[-96.83830804475411,18.0924252614637]]]}},{"type":"Feature","properties":{"clues":"OCIMB008214"},"geometry":{"type":"Polygon","coordinates":[[[-96.74086332911378,16.628030303767577],[-96.76378084050492,16.622011631491517],[-96.76791795620869,16.62536239081556],[-96.77643905458191,16.626617943999385],[-96.79730454425133,16.653934877711777],[-96.78064292293334,16.673144884322042],[-96.76240809532561,16.665057342502696],[-96.75436926229283,16.667323167238095],[-96.73919409261626,16.662941492324645],[-96.7342806023809,16.647910858100335],[-96.73891605636949,16.641561537688574],[-96.74086332911378,16.628030303767577]]]}},{"type":"Feature","properties":{"clues":"SCCSA001841"},"geometry":{"type":"Polygon","coordinates":[[[-96.66335406567448,16.35239326642766],[-96.6891238145678,16.342783729621477],[-96.69425683991176,16.343055318645284],[-96.69571251558537,16.357297792096894],[-96.71184196955305,16.36007781925191],[-96.71845797678819,16.369751413278752],[-96.71438154471191,16.38037794251036],[-96.68525816469244,16.376287717968328],[-96.6849346049619,16.372085528167503],[-96.66335406567448,16.35239326642766]]]}},{"type":"Feature","properties":{"clues":"OCIMS001874"},"geometry":{"type":"Polygon","coordinates":[[[-96.6810914262823,18.111609374845152],[-96.67534191448784,18.122115482506132],[-96.66807831345972,18.149338717249282],[-96.67281822765325,18.152781581454473],[-96.68739667193682,18.15513228570695],[-96.68870604479218,18.157978461580626],[-96.69472374900774,18.16175383583802],[-96.69674467493705,18.165137219596932],[-96.69883370051738,18.170655372349316],[-96.69761686475175,18.175817715461353],[-96.69215021198495,18.1783118583866],[-96.6861801240498,18.174588593145543],[-96.67659903795366,18.17690642138614],[-96.6746557063556,18.16894763605447],[-96.66883173781083,18.16819122303588],[-96.66145676419332,18.17088347407051],[-96.6585655786679,18.16969533383965],[-96.64884656931052,18.172945948354187],[-96.64172110724896,18.171834098995266],[-96.63279831481925,18.178516306264406],[-96.62527341815503,18.17525127764637],[-96.62064832900191,18.169501510692932],[-96.62227564404526,18.16234126326159],[-96.62426537279116,18.161430103831133],[-96.62411381410662,18.14674349657672],[-96.6310058546742,18.145803918936526],[-96.636329685628,18.156917683313193],[-96.64518050939529,18.150783208264354],[-96.64600262865314,18.147335824516798],[-96.64512119342972,18.144500872630772],[-96.63591333218606,18.138255774807153],[-96.63579076702237,18.134755159435088],[-96.63897388886637,18.129089735320353],[-96.63789962263827,18.12412377795579],[-96.63163429485788,18.116250184673266],[-96.66035816369187,18.083933029022738],[-96.67483378409923,18.08463173544446],[-96.6810914262823,18.111609374845152]]]}},{"type":"Feature","properties":{"clues":"OCIMS003653"},"geometry":{"type":"Polygon","coordinates":[[[-96.61950420657,16.168475081028408],[-96.63371171550332,16.17623088980278],[-96.63824244408629,16.17662356656468],[-96.64348351917373,16.181076167370062],[-96.64909157154744,16.205628106082287],[-96.63530482793573,16.212890883919517],[-96.63148901794453,16.21325722580843],[-96.6250532819556,16.210989817217268],[-96.59162252229368,16.225404515284115],[-96.58499481088599,16.223614761962192],[-96.57741784002063,16.223544481080456],[-96.57057285964126,16.17555400417057],[-96.57555325385727,16.16722817170459],[-96.57422926025434,16.16252132115044],[-96.58116063565559,16.154770872928616],[-96.59042777003593,16.14070565758446],[-96.61400575983357,16.14139568220991],[-96.6186530409132,16.143763370484965],[-96.61950420657,16.168475081028408]]]}},{"type":"Feature","properties":{"clues":"SCCSA001883"},"geometry":{"type":"Polygon","coordinates":[[[-96.55038132821196,15.732798762316357],[-96.54697591943737,15.728892158196581],[-96.54633574797526,15.697218115123569],[-96.55094024960977,15.698484103569585],[-96.55969308355175,15.722691830856974],[-96.57067482970984,15.729286610731194],[-96.56554774606897,15.701461777245942],[-96.58256250555931,15.699241867747304],[-96.59201313162502,15.722074755881936],[-96.58759030381664,15.735599118842453],[-96.5848987906203,15.75006630422857],[-96.55612203473746,15.732602135667257],[-96.55038132821196,15.732798762316357]]]}},{"type":"Feature","properties":{"clues":"OCIMB005163"},"geometry":{"type":"Polygon","coordinates":[[[-96.44008239530203,17.294731081264604],[-96.42800962063279,17.295480892799542],[-96.40813797921453,17.329755822357253],[-96.39440290045262,17.34497782182744],[-96.391780651315,17.34386371038489],[-96.3521224051834,17.30089029241547],[-96.3762547174252,17.28967700203933],[-96.41615293026888,17.28104617854288],[-96.42604142091486,17.28518489359371],[-96.42983895821838,17.284883330582627],[-96.44674226564716,17.271948571229238],[-96.45276487242774,17.28813328073147],[-96.44008239530203,17.294731081264604]]]}},{"type":"Feature","properties":{"clues":"OCIMB007000"},"geometry":{"type":"Polygon","coordinates":[[[-96.39599695527626,16.839264378572366],[-96.41788560916585,16.842099780290305],[-96.43336457308855,16.85436867604576],[-96.4352721927725,16.858460401559363],[-96.430929396731,16.870256442444045],[-96.4299282844925,16.88456100400247],[-96.41826218638818,16.892820192383592],[-96.3926923460341,16.91771303277626],[-96.37910497554634,16.898577911099697],[-96.36826780103148,16.888453232372175],[-96.3483124711945,16.871371121548815],[-96.33907407211268,16.867961384720832],[-96.3250115007052,16.855697459188523],[-96.3233630920348,16.8477696162765],[-96.32896048173602,16.840220730877267],[-96.36151538529266,16.826100374703078],[-96.37067717982262,16.828069075594616],[-96.39599695527626,16.839264378572366]]]}},{"type":"Feature","properties":{"clues":"OCIMB005851"},"geometry":{"type":"Polygon","coordinates":[[[-96.28206629765607,17.875423568427237],[-96.30790852864882,17.885308133306335],[-96.32721659192552,17.872856412876743],[-96.33920805880074,17.887529108800894],[-96.3469974816501,17.890323118585076],[-96.35488946261225,17.912262865458057],[-96.35374897316836,17.915880516408322],[-96.37302738133299,17.930765387589258],[-96.39849419218646,17.930357399668612],[-96.39892228442226,17.94784910111943],[-96.41017817344678,17.96063489508032],[-96.4126179524318,17.98615710481063],[-96.40610869110223,17.996118416328788],[-96.39059383572865,18.001179168658233],[-96.38728643148592,18.001075949162253],[-96.37632200803806,17.987597179829702],[-96.34608588738539,17.989286239961842],[-96.32918103289458,17.97265145258956],[-96.3241775382692,17.975647967836363],[-96.29664233667002,17.961042827108002],[-96.29208733323514,17.955390018795768],[-96.2553879897867,17.947250106874517],[-96.25207703481408,17.939072311202164],[-96.25474472301777,17.926071959410734],[-96.26360579181434,17.920403534158748],[-96.28206629765607,17.875423568427237]]]}},{"type":"Feature","properties":{"clues":"OCIMS003134"},"geometry":{"type":"Polygon","coordinates":[[[-96.31696033234383,15.852461020404137],[-96.33535683483119,15.861719251696664],[-96.3407125672017,15.861424428596276],[-96.34872806224473,15.871776295792223],[-96.34163872093627,15.89352071801313],[-96.3434945664669,15.898912514665591],[-96.3424778562228,15.902875164974033],[-96.32514384335204,15.918199313854473],[-96.31921622314925,15.914133598448592],[-96.30813969566671,15.930655160612213],[-96.3117198179532,15.93425891643253],[-96.31804631089939,15.93559363611815],[-96.32994664926498,15.941088822139248],[-96.33555179591811,15.952152440939559],[-96.31570828770826,15.966332812966531],[-96.29703492246696,15.958841663598578],[-96.28493571552438,15.964780125761134],[-96.28147809696713,15.963477058508735],[-96.26982561208068,15.936694592226432],[-96.27185249550915,15.93211025498139],[-96.29150605129581,15.926725884403721],[-96.29059880857007,15.917260290912704],[-96.3044890933207,15.907404989346194],[-96.30380030243697,15.89448691466457],[-96.29929999050712,15.882547137385856],[-96.30256534559938,15.874043700458506],[-96.29562802603017,15.864402539871866],[-96.31696033234383,15.852461020404137]]]}},{"type":"Feature","properties":{"clues":"OCIMS004802"},"geometry":{"type":"Polygon","coordinates":[[[-96.2559765107289,15.968382921847695],[-96.28147809696713,15.963477058508735],[-96.28493571552438,15.964780125761134],[-96.28524736271574,15.976558430998058],[-96.29690434553207,15.994493950296762],[-96.29114208598264,16.003407582088677],[-96.29074615832981,16.02651294217592],[-96.30411769717891,16.043080200455766],[-96.28428004574702,16.058217216492512],[-96.26767216561656,16.06395077345768],[-96.2642483399395,16.06360737359388],[-96.26728655397346,16.02485539978589],[-96.24318929360938,16.02070965399721],[-96.24016371711741,16.022312535711627],[-96.22928540802232,16.03567854001765],[-96.20569613817936,16.018624085655592],[-96.19499884534423,16.01471637462978],[-96.19950131977762,15.989578760343806],[-96.20794404127507,15.983818885033571],[-96.21941082917549,15.95653220120253],[-96.2188659592212,15.955202070156268],[-96.22205060277152,15.951681619820198],[-96.25174797055529,15.93764363509875],[-96.24685014276149,15.965885574396353],[-96.2559765107289,15.968382921847695]]]}},{"type":"Feature","properties":{"clues":"VZIMS006140"},"geometry":{"type":"Polygon","coordinates":[[[-96.0977935730697,18.54199362436137],[-96.12457849818624,18.544841832123122],[-96.12139173402792,18.553525286502335],[-96.12291911994278,18.55498330328413],[-96.14124101652496,18.558690496379437],[-96.1414045092686,18.565189206396578],[-96.13946248922527,18.56841704653295],[-96.1355121160851,18.56973529861871],[-96.13061955125376,18.584723488601142],[-96.12558564038437,18.583560368279944],[-96.10840751836552,18.587324981238584],[-96.1015757693919,18.584078747735056],[-96.0897753093611,18.58986662183617],[-96.08810678307638,18.60298271004025],[-96.07283622306839,18.613906159705635],[-96.06229867821561,18.598759707083193],[-96.04289424211767,18.6054559223075],[-96.0362832064213,18.593106163331832],[-96.00305585660847,18.592031990903322],[-95.99870614242722,18.585106389777334],[-95.99787799991591,18.58219078880583],[-96.02516603659593,18.56832458504996],[-96.03759340558454,18.56865598155634],[-96.04073181433155,18.564970516620264],[-96.06532493912991,18.57647143562083],[-96.0712548451302,18.559583012039568],[-96.07485049869771,18.558184022591675],[-96.08203090989723,18.563234569063653],[-96.09413887000889,18.56678580469573],[-96.10265850716226,18.555415495733126],[-96.09779818740448,18.54856339514418],[-96.0977935730697,18.54199362436137]]]}},{"type":"Feature","properties":{"clues":"OCIMB007905"},"geometry":{"type":"Polygon","coordinates":[[[-95.96644980108148,17.968217142764587],[-95.97493617352691,17.974765301095065],[-96.00325605664187,17.962308574674278],[-96.00695855761822,17.970457235728137],[-95.98662335870654,17.994328226037226],[-95.96887644774037,18.005865164469263],[-95.98477938348188,18.01598730796125],[-95.98359350911406,18.02290486424404],[-95.99495061990162,18.030768247425684],[-95.9981501445432,18.03701095846183],[-95.99116023485031,18.036442450626083],[-95.97963695915483,18.03025785187759],[-95.97946413771452,18.039460214579876],[-95.97724491738576,18.044502819231013],[-95.96861427379284,18.05089983768916],[-95.95314067440079,18.052995606833438],[-95.94597879108076,18.045162799245993],[-95.93499622865257,18.04551400671706],[-95.92669280986075,18.054602568179337],[-95.91416992712622,18.064230486067263],[-95.90017715936493,18.060531463138148],[-95.90635264352683,18.043183845253335],[-95.908780820751,18.022430590662125],[-95.90475540786454,18.01615884042705],[-95.90543884830687,18.009503850277344],[-95.9140693071969,18.003276544974494],[-95.91367043559083,17.995690614244733],[-95.93214863205385,17.97275333119764],[-95.9467096547622,17.970933483141994],[-95.97452182573264,17.932369684268703],[-95.96644980108148,17.968217142764587]]]}},{"type":"Feature","properties":{"clues":"OCIMB004801"},"geometry":{"type":"Polygon","coordinates":[[[-95.91886022749162,17.541404371847076],[-95.93902710044392,17.556967052989645],[-95.97871639762604,17.55023070674266],[-95.98057243995743,17.596807710402665],[-95.97749156258216,17.604358747374242],[-95.97290937749315,17.606889853336067],[-95.95266701558597,17.64980300519836],[-95.94767896092141,17.650880199716926],[-95.92350359168778,17.666589366775803],[-95.90913139775854,17.658012875405962],[-95.8900197138367,17.61815967217196],[-95.90430972216026,17.588185715680282],[-95.89228672503985,17.563581357985647],[-95.91886022749162,17.541404371847076]]]}},{"type":"Feature","properties":{"clues":"OCIMS001512"},"geometry":{"type":"Polygon","coordinates":[[[-95.89278449718333,16.233897385211122],[-95.95013089503246,16.224290593631878],[-95.97502853716233,16.31701523693338],[-95.96926085537152,16.321242817278],[-95.93998073355215,16.3616952845013],[-95.90797852031037,16.376552271056816],[-95.90052544667962,16.373549594837474],[-95.87849542890395,16.346455357705327],[-95.90220561688311,16.25864141159586],[-95.89278449718333,16.233897385211122]]]}},{"type":"Feature","properties":{"clues":"OCIMB005250"},"geometry":{"type":"Polygon","coordinates":[[[-95.93043616265592,17.1739571617053],[-95.96636250614814,17.162691418921803],[-95.97983925191276,17.172488751881613],[-95.95638544622179,17.202644204194392],[-95.95251210501854,17.23939120491587],[-95.9167001811857,17.236239104422232],[-95.88956574851238,17.24410023540738],[-95.88894275552617,17.242279404993738],[-95.90889153774232,17.19296034473733],[-95.9134202717612,17.192665181475327],[-95.93043616265592,17.1739571617053]]]}},{"type":"Feature","properties":{"clues":"OCIMB001400"},"geometry":{"type":"Polygon","coordinates":[[[-95.71056748243195,16.81729362277005],[-95.74699023168495,16.795260027926993],[-95.7728709462938,16.885906702233967],[-95.74447010376382,16.901285630748774],[-95.73653064804655,16.913690239223943],[-95.69273717610588,16.92794569422946],[-95.65243431472489,16.895124268819146],[-95.64899560633059,16.88718303538044],[-95.64992973740488,16.88083599381213],[-95.66265420414854,16.863281187207306],[-95.6668876896614,16.861772213398055],[-95.71056748243195,16.81729362277005]]]}},{"type":"Feature","properties":{"clues":"VZIMS005155"},"geometry":{"type":"Polygon","coordinates":[[[-95.52164196076662,18.322589348255597],[-95.56030148164176,18.346465728301517],[-95.5555585426014,18.34769173136302],[-95.52663063184771,18.3711521633354],[-95.51499142685624,18.371983905456617],[-95.50074849264843,18.34223162303652],[-95.49808382090099,18.341765078675415],[-95.49197612284046,18.343777772082017],[-95.47636621910003,18.337079962787783],[-95.46886790004596,18.33867653251765],[-95.45867848036609,18.348952005060617],[-95.45919870728103,18.359153190674856],[-95.44695363299239,18.36639011706051],[-95.44194125777017,18.365947575123123],[-95.42664524033646,18.357388007931714],[-95.42753319850684,18.35127751588095],[-95.42270206031357,18.344918570259708],[-95.41608922730066,18.324811178911283],[-95.41835354839192,18.3190779965429],[-95.42547172907942,18.315008827961897],[-95.43852311118577,18.32420813913236],[-95.44160875099587,18.32389890005193],[-95.45731743908877,18.30751804420533],[-95.47359783211455,18.297302544436704],[-95.47527105388964,18.29547655372648],[-95.47169544716223,18.28784290937383],[-95.47217243825044,18.285734357322287],[-95.48559838396581,18.261473384673714],[-95.49498822898977,18.255972297790336],[-95.50767281352711,18.27106164524968],[-95.50756507868076,18.28018425413333],[-95.49701207465063,18.293055723339382],[-95.51774487725434,18.310960837213507],[-95.52409009008353,18.314678940951005],[-95.52164196076662,18.322589348255597]]]}},{"type":"Feature","properties":{"clues":"OCIMB006522"},"geometry":{"type":"MultiPolygon","coordinates":[[[[-95.42303785707831,16.3680198042718],[-95.39839474759665,16.385967561979196],[-95.37658548869064,16.390478862308846],[-95.3588886976171,16.3921429485805],[-95.34403272244509,16.39890908751979],[-95.31071995981304,16.365626351601865],[-95.29992824078234,16.343534592609185],[-95.30279438788617,16.33810985112873],[-95.2988979502517,16.30367178906484],[-95.29990438860725,16.29517377571704],[-95.30282442849159,16.292324113987114],[-95.33806405205247,16.281635791579536],[-95.33783410910922,16.275176506872345],[-95.36638930445014,16.20196397095841],[-95.37337854989141,16.1907827888529],[-95.38687409653089,16.198392337539463],[-95.4035337703393,16.197846684968123],[-95.44835817453321,16.203436435030092],[-95.47852818403169,16.22888115461659],[-95.49077767132948,16.24512409590302],[-95.47100673203836,16.27145893567355],[-95.4414416852704,16.279467505228936],[-95.41236548097979,16.340890929869996],[-95.42303785707831,16.3680198042718]]],[[[-95.25172838906443,16.319548851861306],[-95.25548637751271,16.31953560498864],[-95.256411773187,16.323223330287206],[-95.2586419532426,16.324622889702376],[-95.26642181297142,16.323372158845388],[-95.2838421383072,16.34621085392391],[-95.26619352265331,16.349628961571216],[-95.25608299034943,16.349858716135714],[-95.24369526120955,16.355988011998377],[-95.2365858453932,16.355698617845672],[-95.2307619685856,16.351117657565243],[-95.22870311553267,16.347686263145835],[-95.21596313322259,16.347774821140714],[-95.21962257977482,16.342494240513304],[-95.22600063787047,16.339856149049947],[-95.2293873789444,16.34187364761471],[-95.23139455637808,16.340350783886468],[-95.23045685199972,16.33490655296942],[-95.2315929160384,16.332128772102344],[-95.23574170607246,16.331603144987856],[-95.23035763549032,16.319292382710643],[-95.23690905931524,16.316766390437053],[-95.23952132909884,16.318703926070302],[-95.24545093424534,16.31314815735361],[-95.24780935774173,16.312749504838838],[-95.25172838906443,16.319548851861306]]]]}},{"type":"Feature","properties":{"clues":"SCCSA003232"},"geometry":{"type":"Polygon","coordinates":[[[-95.35591202727883,18.41143290116154],[-95.36009800012836,18.404872328944478],[-95.37151160435484,18.41648672161221],[-95.37692577041535,18.416072776647937],[-95.38061572591589,18.419804847797092],[-95.37883480390435,18.427340370459728],[-95.38912645647687,18.430150407317054],[-95.40254892347035,18.429062069013693],[-95.39986655076736,18.442766352969414],[-95.39628692102228,18.444955941074927],[-95.38838365445241,18.456826218895714],[-95.38875799533734,18.465754952985648],[-95.37815283854019,18.47277310949296],[-95.371235809715,18.471979337825754],[-95.36537029153085,18.467546787451653],[-95.35849879288858,18.44209257168452],[-95.35962524752114,18.44124022288209],[-95.35993965100774,18.43034641353459],[-95.35591202727883,18.41143290116154]]]}},{"type":"Feature","properties":{"clues":"OCIMB007222"},"geometry":{"type":"MultiPolygon","coordinates":[[[[-95.27214890964761,16.12776514970794],[-95.28055176373344,16.12028591007291],[-95.28067073728587,16.11759474043164],[-95.27853852045222,16.110877689688227],[-95.275389229542,16.107987649408987],[-95.2756589701865,16.10740324962834],[-95.28454448989174,16.10429499990786],[-95.28619681961186,16.100982279220272],[-95.3031325095496,16.099049459315353],[-95.30539948003467,16.097492979060547],[-95.3055051511049,16.094432131361692],[-95.34543686109221,16.148758868563533],[-95.34667865741156,16.15619252515868],[-95.35281050609638,16.170166242489056],[-95.33410940776078,16.176948511908698],[-95.28275561737668,16.200293758283284],[-95.27738713986862,16.210236568820182],[-95.23130329956969,16.198381136337673],[-95.22839652370183,16.19626634145724],[-95.22093127215459,16.184602417609458],[-95.21999481766389,16.175103748948363],[-95.21306314042177,16.169093458575578],[-95.20872438211573,16.159877524832204],[-95.20963482018651,16.15448201971139],[-95.21100463968224,16.159803380338424],[-95.21292729338151,16.15813122294169],[-95.2130533561522,16.152091547158307],[-95.21329844026113,16.15603669338391],[-95.21510207233018,16.15691233590702],[-95.22684471219408,16.157899811549985],[-95.23486587460283,16.15622229122149],[-95.24810891314443,16.146941512162687],[-95.24945484273445,16.138912913852764],[-95.24876215334197,16.136566873479115],[-95.24628503372145,16.135092531804972],[-95.24749231977724,16.133342139487123],[-95.2660166168723,16.130347644905534],[-95.27214890964761,16.12776514970794]]],[[[-95.20256707069436,16.146164309230873],[-95.19829589874237,16.150469480515554],[-95.19828691008556,16.159909419345546],[-95.20377320683947,16.159892654484793],[-95.20267516058787,16.16898764745556],[-95.20195795657602,16.16723166940698],[-95.19791142134616,16.16866276111144],[-95.20074443241761,16.16623229532096],[-95.2000305658257,16.1634368170606],[-95.1969444048385,16.160728990539383],[-95.19791998423783,16.15031171052778],[-95.20256707069436,16.146164309230873]]],[[[-95.19431975042022,16.161695264197885],[-95.19574501881482,16.161490890535248],[-95.19337045520867,16.16862761164283],[-95.19744160325237,16.168852683665882],[-95.19330994388397,16.17033226367737],[-95.19258291977481,16.16650408854695],[-95.19431975042022,16.161695264197885]]],[[[-95.20238385264011,16.169370003200118],[-95.20266443702269,16.169076469533724],[-95.20260613621045,16.16955936857077],[-95.20238385264011,16.169370003200118]]],[[[-95.19635569401748,16.172093204225533],[-95.19722269204702,16.1717556250734],[-95.20172204415915,16.170602230883787],[-95.19635569401748,16.172093204225533]]],[[[-95.19593789271588,16.17154007113216],[-95.19613918528586,16.172025303335033],[-95.196012328377,16.171985518809958],[-95.19593789271588,16.17154007113216]]]]}},{"type":"Feature","properties":{"clues":"VZIMS005073"},"geometry":{"type":"Polygon","coordinates":[[[-95.24465037231079,18.34022364951122],[-95.24361656483411,18.347660520846897],[-95.23727107948382,18.35587723565064],[-95.2245744993413,18.365623420075586],[-95.22338056904705,18.37934713345889],[-95.21817950737537,18.380761270170353],[-95.20945131488071,18.39597390783311],[-95.19771761240794,18.394539504737494],[-95.19526612378624,18.396981491465286],[-95.1844736014451,18.399959532442566],[-95.18267114307743,18.39751975765418],[-95.17295666241756,18.392693420012083],[-95.15896986850166,18.381895694228664],[-95.1540466327018,18.35696201575576],[-95.15865706284382,18.353267731501298],[-95.16641166528254,18.34074720230288],[-95.16924399405104,18.33574553779792],[-95.17144345831836,18.326533870147774],[-95.17837406035439,18.32202823666526],[-95.19515589473451,18.32438084249795],[-95.21174652044722,18.337784778438458],[-95.21562344432321,18.338836190571676],[-95.23360320097298,18.332399339922787],[-95.24465037231079,18.34022364951122]]]}},{"type":"Feature","properties":{"clues":"VZIMS005044"},"geometry":{"type":"Polygon","coordinates":[[[-95.12996252838145,18.576446336328633],[-95.14043050337818,18.59680852439744],[-95.14736532006646,18.625211712402923],[-95.15273380942772,18.6294863013786],[-95.17172869581275,18.637580863900876],[-95.17954154092438,18.65766084738957],[-95.17957620379214,18.662482586583195],[-95.15769459801052,18.678571213895577],[-95.15388703801223,18.684856911988067],[-95.15083744970998,18.681672619014016],[-95.14620208963339,18.681022679245082],[-95.14431415011248,18.67621311967003],[-95.13998160020442,18.672586859544143],[-95.133482493103,18.671258226329044],[-95.13073577974397,18.67429494916717],[-95.1304537252414,18.669058699795066],[-95.12803024404376,18.665350309561905],[-95.12945792020157,18.663301594270155],[-95.127641202343,18.658320192539023],[-95.12163597961187,18.652491889400984],[-95.09796555573026,18.643702172262454],[-95.09635071032153,18.646688309302764],[-95.09436497668565,18.645586937764676],[-95.09316536973319,18.64823971923512],[-95.09092235108385,18.64523692457089],[-95.0878583413928,18.645063336639655],[-95.08670933603935,18.64342295630371],[-95.08494636645939,18.644574227431967],[-95.08479597435695,18.642550626132994],[-95.0795321309108,18.641907457553963],[-95.07944346026697,18.63548108986579],[-95.08112121196919,18.632172771977604],[-95.07962503135174,18.629124521711926],[-95.08312251381285,18.608120012114124],[-95.10004310263669,18.60266812887116],[-95.10692545625182,18.598637998443326],[-95.10870805730325,18.59447415916009],[-95.12996252838145,18.576446336328633]]]}},{"type":"Feature","properties":{"clues":"OCIMS004913"},"geometry":{"type":"Polygon","coordinates":[[[-95.16744977066715,16.80169312969231],[-95.17226137577424,16.804365228986697],[-95.18690161728627,16.81940783363766],[-95.19477579169556,16.825029176575605],[-95.16100949650082,16.892307072939836],[-95.15607119879841,16.89576153209578],[-95.1337551544808,16.892390581087646],[-95.1298241095568,16.878796743081235],[-95.1184529382699,16.857443142511162],[-95.1129045235233,16.83796178890615],[-95.12805440899767,16.82332177852618],[-95.12562982530538,16.812058875641984],[-95.13186751442763,16.801557643375663],[-95.16744977066715,16.80169312969231]]]}},{"type":"Feature","properties":{"clues":"OCIMS000935"},"geometry":{"type":"Polygon","coordinates":[[[-95.02306358309974,17.31483555737973],[-95.01694428400396,17.32817837210865],[-94.99656607440704,17.334622271252115],[-94.98613537044304,17.323825756916595],[-94.99383391006717,17.28271737951507],[-94.99721828252746,17.28129762572514],[-95.01672952568283,17.29661326664699],[-95.02306358309974,17.31483555737973]]]}},{"type":"Feature","properties":{"clues":"OCIMS000491"},"geometry":{"type":"Polygon","coordinates":[[[-94.99419167224794,16.591701899507935],[-94.99745234797935,16.59928490900976],[-95.0177546448576,16.62414394965616],[-95.03010817268355,16.626505549921777],[-95.02745970654115,16.666249651579022],[-95.0315258161088,16.693443494220343],[-94.98654521562109,16.680787033680847],[-94.97967626784376,16.669425092187623],[-94.9709004668862,16.659420670789892],[-94.9367665658231,16.66413674324115],[-94.89443834759888,16.63310553341526],[-94.92010450634116,16.600235772364034],[-94.94988346491976,16.600241538438475],[-94.9611571463217,16.593935098783305],[-94.99419167224794,16.591701899507935]]]}},{"type":"Feature","properties":{"clues":"SCCSA003059"},"geometry":{"type":"Polygon","coordinates":[[[-94.96073710280146,17.959429546827767],[-94.97926352726434,17.967642703746815],[-94.98462440633226,17.976762644458205],[-94.99079770384813,17.97918306291457],[-94.99697641252497,17.99077560769679],[-95.00418872615771,17.99939579809751],[-95.00431195760427,18.003169151120996],[-94.9874771782126,18.010312245085],[-94.98484244558948,18.014948318129075],[-94.97178854768548,18.028981442685605],[-94.95959519064475,18.021225513906312],[-94.96286222911543,18.010921728512674],[-94.96039403978267,18.00479148847329],[-94.95456692124853,18.002265696118616],[-94.94560622827504,18.007039356398213],[-94.93854621743634,17.98946725036569],[-94.94785121276415,17.97672179792055],[-94.95160327749853,17.961814636190812],[-94.96073710280146,17.959429546827767]]]}},{"type":"Feature","properties":{"clues":"VZIMB002506"},"geometry":{"type":"Polygon","coordinates":[[[-94.95423579289779,17.413464683572965],[-94.9600580812317,17.417189464494584],[-94.97177491826645,17.429773083799056],[-94.96892047304945,17.451960677239633],[-94.97451565206455,17.45893988690414],[-94.97572710572821,17.46417651700106],[-94.97191594782636,17.46943777959007],[-94.9722781716664,17.49418656697862],[-94.9763344851889,17.502237703542047],[-94.98036538260902,17.50661097616773],[-94.97774582607207,17.511011105110143],[-94.97105912667693,17.514813571025456],[-94.9534643726085,17.514003760417037],[-94.93443842996494,17.489163480032385],[-94.92499694695522,17.49614587757298],[-94.92111246607814,17.504066626598576],[-94.90695447088194,17.517316393692532],[-94.88743264803112,17.5092998256364],[-94.87725428672678,17.5007489598729],[-94.87454277595971,17.49213833280477],[-94.87998408283205,17.460411412968067],[-94.89684103694367,17.434223782654687],[-94.89196806657395,17.424407151450175],[-94.92108717746248,17.402476913289785],[-94.93739571626587,17.418272815624512],[-94.94418006923226,17.414678831095674],[-94.95423579289779,17.413464683572965]]]}},{"type":"Feature","properties":{"clues":"VZIMS001614"},"geometry":{"type":"Polygon","coordinates":[[[-94.88727274665425,18.023049854784123],[-94.90691832703345,18.03160937349564],[-94.90633361095009,18.044508366219215],[-94.90993224504436,18.054198982305177],[-94.91883625718596,18.063302284482685],[-94.91335495086167,18.06718638431233],[-94.88925766654037,18.069925629438863],[-94.89569537941588,18.08267289748494],[-94.8947655417471,18.087579577610587],[-94.89946271667425,18.096357322209112],[-94.90826832048631,18.10554315983221],[-94.92326076907574,18.1047931100057],[-94.93410272202073,18.106774826919565],[-94.93209152569592,18.135870602183935],[-94.91415132395444,18.137939253677008],[-94.89742484753755,18.131159549582826],[-94.88888986431691,18.134543314250443],[-94.88190298998113,18.132124462825317],[-94.87017876741297,18.118480960909526],[-94.87077784625987,18.116146990869595],[-94.86510524538933,18.09982907483492],[-94.86956744995395,18.08612076420644],[-94.86437554964184,18.074757941700216],[-94.86931567503967,18.068893011637485],[-94.87238593428135,18.054466126271947],[-94.86092846164087,18.04711446278276],[-94.847253593159,18.048545573029845],[-94.8367138704072,18.055475768850727],[-94.83614119695638,18.039966296376146],[-94.83910844460983,18.022074237008592],[-94.85435808293677,18.026303484477097],[-94.86342374688978,18.02072736213707],[-94.88159566991374,18.027983339128475],[-94.88727274665425,18.023049854784123]]]}},{"type":"Feature","properties":{"clues":"VZIMS005983"},"geometry":{"type":"Polygon","coordinates":[[[-94.76579930224828,17.689186496382053],[-94.77523200040432,17.695374127575878],[-94.78415456029485,17.704067204857868],[-94.79171690955235,17.69995446575768],[-94.80251912425535,17.697501100117673],[-94.82493513170795,17.71450454798835],[-94.8256458047499,17.721650973494295],[-94.82399940477733,17.729020135348158],[-94.82661072699953,17.742876601505806],[-94.8394710782241,17.754411695343823],[-94.83875310832482,17.781148673478434],[-94.83637418529132,17.783947404808515],[-94.84027307271018,17.79926776455539],[-94.84748913299605,17.804253337190584],[-94.84333271679388,17.81815939155302],[-94.82454471284717,17.82204112393741],[-94.80861600366612,17.799628719876154],[-94.80288288881152,17.804822355158727],[-94.77836586176949,17.809412224194308],[-94.77584884887082,17.805518163664875],[-94.77109478214149,17.802580064889217],[-94.77979327142852,17.78961512284319],[-94.77682507960577,17.783946760529528],[-94.75939041396141,17.78360353561439],[-94.75285782324113,17.78763317683976],[-94.74370334376967,17.79861547149361],[-94.73444155221989,17.802119894877308],[-94.72048815355868,17.796920112895364],[-94.7206407188656,17.7901124565641],[-94.72882505479889,17.769413790388764],[-94.71438993884136,17.765254635940398],[-94.71215796515888,17.75083357045111],[-94.70625845025435,17.744870844628913],[-94.70106712062307,17.741862940320594],[-94.69729017150854,17.735276673726204],[-94.70109968226652,17.72391229480164],[-94.71117014294455,17.722428867016866],[-94.7209388627315,17.70522410038853],[-94.73031414082227,17.70491309488175],[-94.73405182680428,17.69228114071434],[-94.7394996417886,17.686677165340548],[-94.7462348683999,17.68754328894867],[-94.75767195397404,17.697142304062492],[-94.76579930224828,17.689186496382053]]]}},{"type":"Feature","properties":{"clues":"SCCSA001732"},"geometry":{"type":"Polygon","coordinates":[[[-94.75817293565345,16.3234086311114],[-94.76428257486715,16.322140899129682],[-94.79323882616706,16.29513733172128],[-94.85667365494365,16.353074354792213],[-94.78432368242595,16.388119148836093],[-94.76350957963766,16.39643269554914],[-94.75173102009508,16.391130763252097],[-94.7294311651843,16.38403253930764],[-94.71742438098202,16.357676933902724],[-94.75799175130545,16.325948081253998],[-94.75817293565345,16.3234086311114]]]}},{"type":"Feature","properties":{"clues":"SCCSA001705"},"geometry":{"type":"Polygon","coordinates":[[[-94.7650269619852,17.121148453147686],[-94.69160074650476,17.1055994491217],[-94.69838576997557,17.09127325739581],[-94.70211239111967,17.08830740944943],[-94.73861718338112,17.073512312822913],[-94.74374976851196,17.07494124836605],[-94.75217556636144,17.08001820246779],[-94.8041526292911,17.068534219164626],[-94.80441688816703,17.07595473476516],[-94.81744291369442,17.095730342229327],[-94.80772643889568,17.120656199124998],[-94.78392491643052,17.114223276532716],[-94.76652224972916,17.11910777366887],[-94.7650269619852,17.121148453147686]]]}},{"type":"Feature","properties":{"clues":"VZIMS003101"},"geometry":{"type":"Polygon","coordinates":[[[-94.74970154637568,17.366112646708892],[-94.75798524620171,17.377592795463116],[-94.76747500009621,17.378829444822006],[-94.77036822573528,17.380886500119527],[-94.7854261373941,17.40169737345039],[-94.77828126895135,17.436796519163707],[-94.76968272405874,17.438218296428957],[-94.75969523406168,17.43715343313924],[-94.74077464277389,17.463193899973387],[-94.74120157412978,17.470173546009704],[-94.72923063057453,17.490864544095146],[-94.73510812134163,17.50417238486769],[-94.71942397984392,17.50615959855454],[-94.71556361253671,17.51662107581079],[-94.72730205200412,17.53943698732739],[-94.71735033417153,17.545172576315572],[-94.69158553116863,17.53411462263247],[-94.68385930677931,17.53589340357405],[-94.66142982285393,17.517719323723593],[-94.65211830445223,17.519502619603244],[-94.64389205548456,17.510106000209735],[-94.64429761003873,17.48460253818524],[-94.65745550955505,17.47610700175583],[-94.6539856951697,17.457914763971498],[-94.65533748583927,17.42482081287458],[-94.64630928120297,17.418362019976293],[-94.63925061137864,17.39944964982658],[-94.64470367534584,17.381548085226363],[-94.67762716129486,17.369164280332665],[-94.69033078599797,17.366974719966862],[-94.71495614476522,17.393415312274985],[-94.7324030426231,17.365016827260344],[-94.74970154637568,17.366112646708892]]]}},{"type":"Feature","properties":{"clues":"SCCSA003148"},"geometry":{"type":"Polygon","coordinates":[[[-94.4514025403021,18.15231245947263],[-94.43604831029933,18.154699766846154],[-94.43552281850394,18.14679617409002],[-94.44035675300623,18.147845523508042],[-94.4446817708816,18.146501008747283],[-94.44598391052759,18.144373362317246],[-94.45076534227434,18.14606236661539],[-94.4514025403021,18.15231245947263]]]}},{"type":"Feature","properties":{"clues":"VZIMS004105"},"geometry":{"type":"Polygon","coordinates":[[[-94.34672931293947,17.47004761653912],[-94.33127494032611,17.501733706346137],[-94.35214102668434,17.52528627052887],[-94.37308010045504,17.544212531468357],[-94.31829810622504,17.57828859419975],[-94.26485194592257,17.57364013650679],[-94.26163422871909,17.567650689597226],[-94.26739129180869,17.52261461603951],[-94.2326055563671,17.525074115428822],[-94.23170697621363,17.493241847484963],[-94.21410163969992,17.489955670098276],[-94.21290348942928,17.46527655329008],[-94.24780357973168,17.454396885804787],[-94.26947482331985,17.4190772410238],[-94.27557277509042,17.419753078012885],[-94.28835741817228,17.414570305312775],[-94.30770589244463,17.39107882182162],[-94.32161665239116,17.38747516532667],[-94.35793348885649,17.402456579948353],[-94.36154245820858,17.418669599737512],[-94.33810702879072,17.439620718947726],[-94.34672931293947,17.47004761653912]]]}},{"type":"Feature","properties":{"clues":"VZIMS004023"},"geometry":{"type":"Polygon","coordinates":[[[-94.20656212066234,17.53483519546428],[-94.2326055563671,17.525074115428822],[-94.26739129180869,17.52261461603951],[-94.26163422871909,17.567650689597226],[-94.26485194592257,17.57364013650679],[-94.31829810622504,17.57828859419975],[-94.31922899601686,17.58283613623028],[-94.30318843094237,17.646150330205856],[-94.29751863212235,17.649286305330875],[-94.27522704137252,17.655917666491916],[-94.2600020049704,17.637082273066518],[-94.21402936347494,17.636276235954853],[-94.2101194921504,17.655672220985416],[-94.20680722524173,17.662191874930635],[-94.18897185475485,17.65913467727268],[-94.1853789413913,17.65119171390289],[-94.18205508822858,17.649166253527984],[-94.17607599548414,17.632424662280705],[-94.184713695915,17.61122632465232],[-94.17478923484776,17.6025289429118],[-94.17316223221113,17.598954686578566],[-94.17359640228757,17.591764559409185],[-94.18116029418582,17.57465768875994],[-94.18881084187568,17.57137769642634],[-94.21467346920335,17.593219126484712],[-94.22201357177768,17.566718587746603],[-94.20529461392275,17.554375598473367],[-94.20656212066234,17.53483519546428]]]}},{"type":"Feature","properties":{"clues":"SCCSA003136"},"geometry":{"type":"Polygon","coordinates":[[[-94.27497470355186,18.112698431421318],[-94.28341610111883,18.109503997043532],[-94.29485084318281,18.108719249286974],[-94.29806579650257,18.108933632604387],[-94.30516124760125,18.113222434681354],[-94.30364892409233,18.133029607641078],[-94.30559559064584,18.13994451427306],[-94.30010918407413,18.148093783669523],[-94.28100937007352,18.153056669052653],[-94.2702235764119,18.149013805696075],[-94.26851738774755,18.1424692649611],[-94.26948115342724,18.13993328244394],[-94.26752436502775,18.12264193668671],[-94.26831990906838,18.11953156479646],[-94.27497470355186,18.112698431421318]]]}},{"type":"Feature","properties":{"clues":"TLIMB000485"},"geometry":{"type":"Polygon","coordinates":[[[-98.31910759493965,19.46281852020409],[-98.3279738304907,19.482524760504816],[-98.33228299544407,19.485229340893927],[-98.33114072478543,19.497815873921787],[-98.33412902966167,19.520524746181287],[-98.33383270570245,19.532584550283627],[-98.33093362859789,19.54195706863373],[-98.32098108257509,19.55424404163806],[-98.29653752371944,19.554738375597356],[-98.29047846947732,19.548839118255014],[-98.29023478161565,19.522091355980187],[-98.29391281479094,19.509059282537883],[-98.27438157120487,19.49934875254195],[-98.27216743683087,19.488975215484757],[-98.2830921821571,19.482493449063494],[-98.28322074246564,19.480429791946456],[-98.27558111134823,19.478611852069623],[-98.27331433509494,19.47064683010627],[-98.2827914285665,19.450603117883535],[-98.30095141558019,19.46293223970497],[-98.31910759493965,19.46281852020409]]]}},{"type":"Feature","properties":{"clues":"PLIMB003776"},"geometry":{"type":"Polygon","coordinates":[[[-98.28972415280236,18.986892006739854],[-98.30759531980311,18.990927208379475],[-98.31117683924889,18.98963828121101],[-98.31651322293408,19.0049557431491],[-98.3141896531208,19.007978644497598],[-98.3071477558184,19.00926705942074],[-98.30576910548375,19.021135630023792],[-98.29570467618662,19.02278430121443],[-98.29593852061004,19.02927286389576],[-98.29088315220626,19.040171305548462],[-98.28828337988989,19.04187108387231],[-98.28465792496985,19.037970963649993],[-98.28192216664216,19.029682996117945],[-98.28273734231296,19.026770250940658],[-98.26995365207189,19.016338805138762],[-98.26630181978467,19.008176700987566],[-98.26644132951182,19.006862065303892],[-98.28186983900576,19.00270082379906],[-98.27390674509849,18.99414628188387],[-98.27465116872945,18.990851752096123],[-98.27798632994269,18.987362925358855],[-98.2765925893519,18.98342045864094],[-98.28211457723512,18.979425907252356],[-98.28972415280236,18.986892006739854]]]}},{"type":"Feature","properties":{"clues":"SCCSA002118"},"geometry":{"type":"Polygon","coordinates":[[[-98.23091214627067,19.022156685259652],[-98.23260250884117,19.016784029901036],[-98.23839387379246,19.017934847448988],[-98.24446761275861,19.029522400089586],[-98.24331197070235,19.033837449098346],[-98.23811909398566,19.033043057033098],[-98.23458495122426,19.037062883921948],[-98.23680562539744,19.042225000360666],[-98.23565623559381,19.04314409131857],[-98.22791430104617,19.04098700660803],[-98.22548640128244,19.041964313200026],[-98.22392527101864,19.046479913856526],[-98.21760313302536,19.047377577042248],[-98.21356809302638,19.04333227974063],[-98.21697576248633,19.037458403353476],[-98.2104752424204,19.03276751307234],[-98.21531474506298,19.021333910282248],[-98.22002460717295,19.024266066583856],[-98.22458165964545,19.022193406246807],[-98.23091214627067,19.022156685259652]]]}},{"type":"Feature","properties":{"clues":"TLIMB000024"},"geometry":{"type":"Polygon","coordinates":[[[-98.20939911198073,19.35377171525243],[-98.21499368983962,19.351065104109367],[-98.23701198694609,19.355226541040857],[-98.23815536820885,19.36388810361967],[-98.23348275587065,19.370397246751374],[-98.2326958237612,19.3913329818936],[-98.22090905279744,19.387420740824098],[-98.217009700219,19.38259916838449],[-98.20679556733104,19.38652321535262],[-98.20493754557845,19.37038752023193],[-98.2074763592617,19.367948013658633],[-98.20939911198073,19.35377171525243]]]}},{"type":"Feature","properties":{"clues":"TLIMB001190"},"geometry":{"type":"Polygon","coordinates":[[[-98.2109605510773,19.221877163372536],[-98.21049767509827,19.21314602156497],[-98.21387990681409,19.205475890464427],[-98.21803099473587,19.20412076567119],[-98.22422956058897,19.20769475294219],[-98.22769388804261,19.207194437231113],[-98.23128395122427,19.211159055071793],[-98.2299809184555,19.220900979438316],[-98.2109605510773,19.221877163372536]]]}},{"type":"Feature","properties":{"clues":"TLIMB001506"},"geometry":{"type":"Polygon","coordinates":[[[-98.19828350388885,19.209140232436095],[-98.20148817652532,19.22059936893662],[-98.20655505249395,19.222711843220814],[-98.2109605510773,19.221877163372536],[-98.21103148956409,19.237675454190047],[-98.19685678171153,19.236622746482894],[-98.19640365891644,19.23192817436364],[-98.19305024223972,19.22847075802882],[-98.17938493458779,19.23099221435214],[-98.17396050122642,19.21532380783812],[-98.19131644010427,19.22023960916771],[-98.1947070465489,19.211782744034533],[-98.19828350388885,19.209140232436095]]]}},{"type":"Feature","properties":{"clues":"SCCSA003027"},"geometry":{"type":"Polygon","coordinates":[[[-98.13667908274877,19.418221944404014],[-98.14279251462501,19.41899915246978],[-98.14616480490325,19.42933922869715],[-98.1414048955926,19.431396943260573],[-98.13668179635253,19.430169678741848],[-98.13019495633405,19.432922271074684],[-98.12736021949267,19.423792179994592],[-98.12803191210884,19.421711609335954],[-98.1291937507869,19.42089310558523],[-98.13547105247407,19.422569915597773],[-98.13667908274877,19.418221944404014]]]}},{"type":"Feature","properties":{"clues":"TLIMB000135"},"geometry":{"type":"Polygon","coordinates":[[[-98.10560731537011,19.418538270914357],[-98.1071351406848,19.412347824519905],[-98.1090575142966,19.411154926303155],[-98.12193485004167,19.410943126544648],[-98.1311195935275,19.41605180026681],[-98.13438121700611,19.414238387202307],[-98.13667908274877,19.418221944404014],[-98.13547105247407,19.422569915597773],[-98.1291937507869,19.42089310558523],[-98.12803191210884,19.421711609335954],[-98.12736021949267,19.423792179994592],[-98.13019495633405,19.432922271074684],[-98.12775662184629,19.43629077546278],[-98.11977903677952,19.435418644240578],[-98.11016254745962,19.429798186601012],[-98.10560731537011,19.418538270914357]]]}},{"type":"Feature","properties":{"clues":"PLIMB004015"},"geometry":{"type":"Polygon","coordinates":[[[-97.98320740788083,19.10013544471565],[-97.9980173646864,19.092015086595456],[-98.01955973241178,19.087065105974457],[-98.02274955368202,19.0950505731585],[-98.01033611866804,19.11499810644565],[-98.00514430367375,19.12679057409467],[-98.00606432719826,19.13803248945146],[-98.03100366172285,19.151818235503885],[-97.9996581390516,19.164512602141496],[-97.99699197948156,19.162562977210047],[-97.9916009640015,19.1421539196034],[-97.97793401075903,19.144805912014302],[-97.9753072757988,19.125752383417584],[-97.97173857781353,19.11968537265167],[-97.97117437973974,19.11534235831086],[-97.96265745441615,19.115730645905657],[-97.95673734194152,19.11079454194659],[-97.95658239499696,19.107144785247826],[-97.95873729579765,19.10396412953171],[-97.96417582167985,19.100477843138922],[-97.9760637856395,19.1059756097859],[-97.98320740788083,19.10013544471565]]]}},{"type":"Feature","properties":{"clues":"VZIMS003562"},"geometry":{"type":"Polygon","coordinates":[[[-97.89589989787004,20.60652946720747],[-97.8939552721536,20.59137091201094],[-97.90112883732212,20.58417202145413],[-97.91151376722397,20.580662927243953],[-97.92174581978261,20.594847640719294],[-97.94212133105452,20.591246904154847],[-97.9555295405994,20.60270598821813],[-97.96005850143662,20.601773422254908],[-97.97668298254048,20.604907248607184],[-97.98425321091017,20.615515871557182],[-97.97158049474432,20.63600356273349],[-97.91944387849445,20.63326082333401],[-97.91695215876297,20.630108455972753],[-97.91020503488065,20.611425803645275],[-97.89589989787004,20.60652946720747]]]}},{"type":"Feature","properties":{"clues":"VZIMB007674"},"geometry":{"type":"Polygon","coordinates":[[[-97.90258539937979,20.660052984887574],[-97.90582241497776,20.65692639631251],[-97.9277604892122,20.66240404007602],[-97.93483404428389,20.678749738246754],[-97.94471389519268,20.67780187210141],[-97.95372553374435,20.6918599645162],[-97.97003700587956,20.69542717384536],[-97.97871817259532,20.720831496385983],[-97.97480867669219,20.723919834217668],[-97.96622440210986,20.754944479729726],[-97.93548936277276,20.74855265743354],[-97.93046862017023,20.7362239231409],[-97.92974981901634,20.731070233319066],[-97.9313966484648,20.72329166921284],[-97.93037677918913,20.720138326798367],[-97.91669344606767,20.704210571180944],[-97.91738070739112,20.68871072237937],[-97.89968150207548,20.669564890030276],[-97.90258539937979,20.660052984887574]]]}},{"type":"Feature","properties":{"clues":"PLIMB003204"},"geometry":{"type":"Polygon","coordinates":[[[-97.93248732996257,20.256503209353262],[-97.92940682013614,20.263004416473645],[-97.9368863539999,20.26569888965222],[-97.94019715560842,20.268963931403405],[-97.94189271738311,20.27166462059685],[-97.94105534882414,20.280343451913527],[-97.95212864705184,20.278728508672206],[-97.953212800541,20.296329185522588],[-97.94330146146724,20.300350543741683],[-97.93677655257343,20.297564528847232],[-97.93395466822376,20.292504528569662],[-97.91114791571887,20.27737314437418],[-97.91329847087508,20.268171003199665],[-97.90854361194853,20.253216426436214],[-97.91577050785962,20.237768941736718],[-97.926736505071,20.24254425634454],[-97.93152227850447,20.23872228401872],[-97.93683918539669,20.240141105577116],[-97.93939088927625,20.24936812926242],[-97.93248732996257,20.256503209353262]]]}},{"type":"Feature","properties":{"clues":"TLIMB001074"},"geometry":{"type":"Polygon","coordinates":[[[-97.94622376154008,19.548418904548726],[-97.94825044516627,19.550502796261867],[-97.94864918941869,19.557349084250678],[-97.94674260894573,19.560943137644568],[-97.95037235260058,19.567928573464073],[-97.94068503984231,19.574252775905514],[-97.9386665618349,19.583228668176286],[-97.92957914526166,19.58023218626347],[-97.92324382147861,19.581110770156283],[-97.90807196822924,19.57182344251444],[-97.8963468747608,19.57183725965927],[-97.88114156842882,19.559150443377987],[-97.89817422680805,19.54565573852676],[-97.90301642277583,19.54511618605717],[-97.90811732690626,19.54161994543682],[-97.91641283043757,19.54500309264875],[-97.9318791809536,19.53425609314681],[-97.93399159967524,19.53108941569366],[-97.93820974380253,19.52966663612464],[-97.94297487171106,19.548075773848357],[-97.94622376154008,19.548418904548726]]]}},{"type":"Feature","properties":{"clues":"PLIMS003012"},"geometry":{"type":"Polygon","coordinates":[[[-97.88544606535964,19.797322697160233],[-97.9067177857501,19.815016796164787],[-97.90496667609321,19.824355656236293],[-97.91275653639028,19.829302036280033],[-97.92133993052285,19.846466518907725],[-97.90270174757616,19.860755939686353],[-97.8921924135048,19.852451461011153],[-97.89063647955895,19.830637006482732],[-97.87845146596254,19.830822440424384],[-97.8728216179198,19.838491271928213],[-97.86895090484447,19.853631022580647],[-97.84869109644296,19.840022429152157],[-97.85052669966235,19.833538702191653],[-97.84598073114843,19.823319429911937],[-97.84604294226382,19.820086223417402],[-97.83808446173525,19.810531614772717],[-97.84126230694852,19.798870283364675],[-97.83213872071393,19.791280464519136],[-97.83050785910335,19.785987675890023],[-97.85489790647276,19.75411615993404],[-97.85943562522911,19.754893243295374],[-97.87261201551532,19.752340225986913],[-97.87636245998921,19.756530846987992],[-97.87624373156599,19.791996086086158],[-97.88544606535964,19.797322697160233]]]}},{"type":"Feature","properties":{"clues":"PLIMB002726"},"geometry":{"type":"Polygon","coordinates":[[[-97.88868594346873,18.793558786661535],[-97.89424973593397,18.798426562581344],[-97.89505805718429,18.804721765890314],[-97.88217436909554,18.834011288405836],[-97.8826264490365,18.837223779923082],[-97.87530143426015,18.85145644876256],[-97.87141645815258,18.84923008381605],[-97.86211212012972,18.83791396439427],[-97.84894634989652,18.829669500672118],[-97.84909108372788,18.82363192111565],[-97.85396113262706,18.814710110823505],[-97.85350037157508,18.807971098307352],[-97.84672326568163,18.788323282091557],[-97.84610650567718,18.777231310743986],[-97.85418071242486,18.77700489879478],[-97.87447055960246,18.797708333643797],[-97.88868594346873,18.793558786661535]]]}},{"type":"Feature","properties":{"clues":"PLIMB006955"},"geometry":{"type":"MultiPolygon","coordinates":[[[[-97.84726905427088,18.93272570306194],[-97.85690552655262,18.93212781722984],[-97.8611718357541,18.93423920991839],[-97.85898768257246,18.938066002719097],[-97.85017206766267,18.93900804778535],[-97.8448645062666,18.93665812759958],[-97.84726905427088,18.93272570306194]]],[[[-97.83861384256117,18.9387845818724],[-97.84130794915079,18.938857312894275],[-97.84483848347506,18.94612255378504],[-97.85577973633217,18.954626632117225],[-97.84593436794879,18.96485095624333],[-97.85172247014806,18.974350543709633],[-97.83544184216075,18.984781354000376],[-97.82942014863183,18.98241041518089],[-97.82333699100771,18.98515471563499],[-97.81966068548252,18.993663953073984],[-97.80512637941915,18.99592191097654],[-97.80155991883477,18.981463746448213],[-97.80143479470729,18.974152532064632],[-97.80989459256355,18.962598932511366],[-97.8138515292269,18.9620844837103],[-97.81625212385424,18.957370323716667],[-97.82271916253922,18.952823701141064],[-97.8335921397769,18.95977460299049],[-97.83540642089048,18.95952232387865],[-97.83458388421388,18.947154069564792],[-97.83861384256117,18.9387845818724]]],[[[-97.85656851365101,18.975887441915205],[-97.85908111486869,18.982440292780055],[-97.85845671577577,18.98416613498592],[-97.84633598122281,18.996614103864975],[-97.84536623168671,18.9961509084348],[-97.85204480246796,18.974542092517886],[-97.85656851365101,18.975887441915205]]]]}},{"type":"Feature","properties":{"clues":"PLIMS001146"},"geometry":{"type":"Polygon","coordinates":[[[-97.82681021259583,19.946747212594204],[-97.82352595614203,19.94695242746119],[-97.81767409846049,19.943209940846636],[-97.80172690034783,19.944778631498842],[-97.79838998412278,19.95143883020925],[-97.78570402022669,19.95405976520767],[-97.77918767613366,19.939143195157662],[-97.7847514336349,19.9315539749295],[-97.79886883262863,19.936157328769777],[-97.80439593842178,19.925332453941024],[-97.81738374687592,19.926450365096674],[-97.82781686246337,19.918306530901],[-97.84232270472283,19.921142689112735],[-97.84652423224408,19.924964624687142],[-97.8457201547579,19.928920498492435],[-97.82681021259583,19.946747212594204]]]}},{"type":"Feature","properties":{"clues":"PLIMB003011"},"geometry":{"type":"Polygon","coordinates":[[[-97.79768684832597,20.11900128164787],[-97.8109732965048,20.119487050210076],[-97.81633254300506,20.117326967901214],[-97.82372433913329,20.1181101800922],[-97.82393282000533,20.146521655504525],[-97.81826480395048,20.150066092461643],[-97.81588079551295,20.15721525724314],[-97.80802986106433,20.164496979613432],[-97.8048411098816,20.17796390643385],[-97.79428595481714,20.185307372892908],[-97.7680148451231,20.163755048919292],[-97.76876293735278,20.16009366475715],[-97.77474933131987,20.15425857886757],[-97.79157376052396,20.149835026736415],[-97.79196396263912,20.129752898191438],[-97.79768684832597,20.11900128164787]]]}},{"type":"Feature","properties":{"clues":"SCCSA002082"},"geometry":{"type":"Polygon","coordinates":[[[-97.7607136027571,20.168786071372303],[-97.7680148451231,20.163755048919292],[-97.79428595481714,20.185307372892908],[-97.79111147003576,20.19729733339814],[-97.79441959221751,20.209057805538993],[-97.80901469012612,20.21515399218654],[-97.81558000782121,20.229262106158014],[-97.81267045818913,20.241276596540853],[-97.7936902129682,20.25072485265226],[-97.79150701100095,20.250710233527695],[-97.77299437309995,20.237528138759306],[-97.76994751603453,20.23782044648547],[-97.73935173767826,20.224202558400865],[-97.74154875191948,20.20182127080112],[-97.7463000062828,20.19812928540552],[-97.7607136027571,20.168786071372303]]]}},{"type":"Feature","properties":{"clues":"PLIMB002422"},"geometry":{"type":"Polygon","coordinates":[[[-97.72161378208119,18.855541968318303],[-97.72530464752539,18.85290079881177],[-97.73333606123083,18.867801416465767],[-97.74097442730954,18.86545624550578],[-97.74516001358728,18.869298869306046],[-97.74163306437453,18.877545710705224],[-97.7374151428818,18.882974610976035],[-97.73749449089145,18.886697516363252],[-97.72797225900078,18.89725879173346],[-97.7261556179518,18.90284932392217],[-97.7218225916654,18.905484201915403],[-97.70072300016054,18.905461575007617],[-97.69824243292685,18.89705765488674],[-97.69313692649865,18.88895404851354],[-97.69255684429169,18.883178733310494],[-97.68424519944111,18.868708695549003],[-97.70193110228483,18.8614663318033],[-97.71281011147006,18.86638276902197],[-97.72049144892163,18.86037516085183],[-97.72161378208119,18.855541968318303]]]}},{"type":"Feature","properties":{"clues":"VZIMB008642"},"geometry":{"type":"Polygon","coordinates":[[[-97.65513828232022,20.72697100905878],[-97.65026969119035,20.723367007297867],[-97.64984538012651,20.718362515476905],[-97.66463934201474,20.69253679333099],[-97.68320924333342,20.714700024718606],[-97.69679835702948,20.709742551980977],[-97.70003912659845,20.71316315198029],[-97.70527306319342,20.7320517812763],[-97.71166760075688,20.740815678272362],[-97.70459924630268,20.749632620638454],[-97.6823836144229,20.761481862036977],[-97.65722831742191,20.778246851787323],[-97.65167463270029,20.77256341413176],[-97.66212754300928,20.750541626489817],[-97.65513828232022,20.72697100905878]]]}},{"type":"Feature","properties":{"clues":"PLIMS002295"},"geometry":{"type":"Polygon","coordinates":[[[-97.70782880947314,20.0940278602268],[-97.69470212777355,20.107220581733696],[-97.69478492962443,20.116211967583737],[-97.69859746338274,20.121794128682044],[-97.69159163758657,20.138844970840445],[-97.68369738483958,20.139563409075247],[-97.67951524179111,20.1289272512581],[-97.67032580569646,20.1203543282021],[-97.66969803546993,20.113524691688273],[-97.67292591382551,20.108410461000357],[-97.67165850077389,20.099688500712652],[-97.66862573108702,20.09420166055421],[-97.66354779095786,20.091683762871266],[-97.6645688154408,20.082996718434813],[-97.6799001579274,20.07610316154515],[-97.68312572794521,20.085566924975623],[-97.68939540165263,20.0878484328717],[-97.69205408461103,20.091724894302725],[-97.70782880947314,20.0940278602268]]]}},{"type":"Feature","properties":{"clues":"PLIMB003315"},"geometry":{"type":"Polygon","coordinates":[[[-97.6767803460029,19.907599317025685],[-97.66828054019209,19.917450423147613],[-97.66101345376953,19.944660062689483],[-97.65700083046463,19.951017852394955],[-97.6492720767663,19.95553859621075],[-97.64302141252153,19.936931573567104],[-97.64385568311727,19.934500964427823],[-97.63389101417232,19.931161804792115],[-97.62848580005422,19.92110451716301],[-97.62262612445396,19.918263279476225],[-97.60124764668677,19.929059791273154],[-97.59780783665316,19.919781152614025],[-97.59946483186735,19.915177070285097],[-97.61448154263874,19.90764045213127],[-97.62205505341345,19.912444204488537],[-97.63322605751861,19.902730883446804],[-97.63512541207776,19.89737451204247],[-97.64307717196876,19.89348259144844],[-97.64772813395597,19.882986464713884],[-97.67327629545724,19.889577208825653],[-97.6812485440256,19.896655956776872],[-97.6767803460029,19.907599317025685]]]}},{"type":"Feature","properties":{"clues":"PLIMS003560"},"geometry":{"type":"Polygon","coordinates":[[[-97.59479758726725,19.76623475906147],[-97.58695106597573,19.764931264498724],[-97.58511301350036,19.74391136156123],[-97.5886587194681,19.743678699047205],[-97.60200539990214,19.73492094499572],[-97.60709544728161,19.737858707924854],[-97.62064806719359,19.734299862189335],[-97.62602241918701,19.746671021782223],[-97.64441247712774,19.751146659242846],[-97.64034233750782,19.765387859819498],[-97.62389035386661,19.768741153537967],[-97.61603629760602,19.775891316925],[-97.6054770292518,19.76491417114229],[-97.60238574567332,19.763942949301494],[-97.59479758726725,19.76623475906147]]]}},{"type":"Feature","properties":{"clues":"VZIMB004565"},"geometry":{"type":"Polygon","coordinates":[[[-97.57818654145312,20.836388962164307],[-97.57869449992532,20.829410404129142],[-97.58080977548745,20.828125660514694],[-97.59679505750881,20.83237379960488],[-97.60175165151912,20.829555381776938],[-97.60947380920277,20.82782181919705],[-97.63411772938375,20.843029400188524],[-97.6405883717939,20.849487741475865],[-97.63835293950027,20.861091824963793],[-97.61654791640608,20.87364005143942],[-97.60742622408334,20.8834215738753],[-97.59257693793388,20.86318285129162],[-97.59428688897923,20.853523139592404],[-97.59208762110265,20.850658729341994],[-97.58481923651502,20.84799260352695],[-97.57818654145312,20.836388962164307]]]}},{"type":"Feature","properties":{"clues":"PLIMB001145"},"geometry":{"type":"Polygon","coordinates":[[[-97.58549312843995,20.119573009073793],[-97.57433776187584,20.114360114003286],[-97.57970134639888,20.10138767835985],[-97.58541837003017,20.09656472445753],[-97.59018754691401,20.101009402027486],[-97.60833316502693,20.100671246310547],[-97.59998282917849,20.119887811641767],[-97.5975819643384,20.120345583501884],[-97.59445846028753,20.11849406197318],[-97.58549312843995,20.119573009073793]]]}},{"type":"Feature","properties":{"clues":"PLIMB000211"},"geometry":{"type":"Polygon","coordinates":[[[-97.56829040056186,19.125885745359053],[-97.56890006281289,19.139151344312516],[-97.56576196491842,19.13975901979829],[-97.51465878832427,19.139026178361952],[-97.51230774447369,19.13495476739287],[-97.54669664767079,19.104787633581534],[-97.5623690362407,19.10293283276958],[-97.56829040056186,19.125885745359053]]]}},{"type":"Feature","properties":{"clues":"VZIMB006431"},"geometry":{"type":"Polygon","coordinates":[[[-97.44482857556609,20.532287442583492],[-97.45681058917341,20.534001974787707],[-97.45607810358288,20.54011944856184],[-97.45769453471286,20.54476413774423],[-97.4605634909158,20.546386707827942],[-97.45617402401871,20.556460797460414],[-97.46084117782493,20.565590979604423],[-97.45638093046374,20.5758440712947],[-97.44866646357248,20.57314279970279],[-97.4431259751678,20.57547840488708],[-97.44034506558938,20.58586317585201],[-97.44097167535372,20.58915205678686],[-97.4386724344103,20.590814753498538],[-97.43469637488714,20.599129748141007],[-97.43221187894292,20.601119051476314],[-97.42594571293515,20.60172299872927],[-97.42252147658508,20.605085718369832],[-97.41756995739509,20.614101798035843],[-97.41348749255594,20.606791045085792],[-97.41462369208158,20.59992332279042],[-97.4105261091664,20.58546922478662],[-97.40491208330654,20.57877018985284],[-97.39695107810485,20.580115970044233],[-97.3747518276501,20.56230363680335],[-97.37885733527145,20.549030773405065],[-97.39791946061236,20.531986754470616],[-97.4036169122504,20.535225525420017],[-97.40796391072624,20.53406460823474],[-97.41148667347176,20.529475787835594],[-97.41999406347404,20.530062903178802],[-97.42841209462253,20.528184467358322],[-97.43166240123722,20.529919305854833],[-97.43670068845238,20.527866389113754],[-97.44482857556609,20.532287442583492]]]}},{"type":"Feature","properties":{"clues":"SCCSA001967"},"geometry":{"type":"Polygon","coordinates":[[[-97.45352434205677,20.097772911008253],[-97.45152018494095,20.110140237394187],[-97.44850223735752,20.110442198657246],[-97.44129976264605,20.11695325346852],[-97.44543383216357,20.124858248046046],[-97.43995392281364,20.12666522154085],[-97.43537244709213,20.130679718620403],[-97.42750219309079,20.14406930537001],[-97.4220867529375,20.143334490405778],[-97.41070743856078,20.12700494927596],[-97.41651878868124,20.103097617964956],[-97.42097581163596,20.099221702334084],[-97.42865240195293,20.09565219367428],[-97.42570434140477,20.08903394400163],[-97.42429840470726,20.076209529397495],[-97.43012837417419,20.074003470710778],[-97.4430864460596,20.075404524799787],[-97.4460621328318,20.07843959613917],[-97.45175066714819,20.090439865041592],[-97.45352434205677,20.097772911008253]]]}},{"type":"Feature","properties":{"clues":"PLIMB005893"},"geometry":{"type":"Polygon","coordinates":[[[-97.44857325402792,19.770044159690944],[-97.44976022055167,19.79450304793434],[-97.45603408549339,19.799821002962787],[-97.45228977222969,19.808669613331816],[-97.45676325208333,19.81918208364759],[-97.45064564388687,19.824611433719813],[-97.4376885580373,19.818474426761743],[-97.43540324809463,19.812252492088994],[-97.43023201726405,19.806975748693947],[-97.43261264992326,19.796316366771816],[-97.43127232795933,19.792154992876526],[-97.44857325402792,19.770044159690944]]]}},{"type":"Feature","properties":{"clues":"VZIMB003561"},"geometry":{"type":"Polygon","coordinates":[[[-97.37231635589744,20.397332815205036],[-97.37565229766331,20.376021541252953],[-97.38016443237186,20.363280104826583],[-97.39484522275987,20.363986793165235],[-97.41577946386134,20.391598494832376],[-97.4148918721981,20.404096502696753],[-97.42045938380839,20.408041581451375],[-97.42623382585272,20.44443989987978],[-97.42058646380973,20.444055573748933],[-97.40675404101489,20.45429951087701],[-97.39796793892569,20.44689972209473],[-97.39261704358927,20.44522570866931],[-97.3856908651988,20.44702816178056],[-97.37727121031378,20.45243124844375],[-97.37032709171851,20.446402860592954],[-97.35800545251968,20.44674066520194],[-97.35344852701154,20.441235781535205],[-97.35272153818754,20.43495238545487],[-97.3634485387889,20.426751844774383],[-97.36588077658084,20.41971204810048],[-97.37582098859865,20.403281446653523],[-97.37231635589744,20.397332815205036]]]}},{"type":"Feature","properties":{"clues":"PLIMB005292"},"geometry":{"type":"Polygon","coordinates":[[[-97.35206866345203,19.813054694410354],[-97.3476278634912,19.79879277154634],[-97.35196475988586,19.797269531718687],[-97.35680393976928,19.79893368610443],[-97.36217007999308,19.798706068546966],[-97.36536777624079,19.805080945184915],[-97.36857657094592,19.806858557301368],[-97.37368394123385,19.80584110688573],[-97.37669624675554,19.80948506979683],[-97.37858877127456,19.81773177661094],[-97.373267073509,19.812645638309252],[-97.37001755474469,19.81269339927951],[-97.37124207808365,19.82083496408102],[-97.3659768187924,19.82272256549197],[-97.36324476887478,19.81785453535456],[-97.35414791543458,19.81550283810209],[-97.35206866345203,19.813054694410354]]]}},{"type":"Feature","properties":{"clues":"VZIMB003556"},"geometry":{"type":"Polygon","coordinates":[[[-97.31897634205951,20.4962499007118],[-97.32950608431554,20.499036858359556],[-97.3295143491612,20.5250885895409],[-97.3345963968061,20.529292892886076],[-97.33991695104086,20.531310907940707],[-97.3472540682312,20.54121302931949],[-97.32979295136987,20.54732051514331],[-97.32834755483871,20.550209028528553],[-97.3495697108348,20.56382934778577],[-97.35522164075267,20.56188341920485],[-97.3667133493977,20.565917173473967],[-97.36123977631537,20.584605139952732],[-97.3464649856167,20.592004440458208],[-97.32799058067883,20.58070419693023],[-97.32503471435912,20.58053447284194],[-97.3198005078558,20.567393077135222],[-97.31432209361104,20.564600494471765],[-97.30591889639237,20.55415934602898],[-97.30849684973093,20.54173812582385],[-97.305829024722,20.536940966772168],[-97.30573691186304,20.52241551866977],[-97.30426778028753,20.52038946872238],[-97.31897634205951,20.4962499007118]]]}},{"type":"Feature","properties":{"clues":"PLIMB003233"},"geometry":{"type":"Polygon","coordinates":[[[-97.34410050753674,19.79837505763339],[-97.34277239126547,19.799151852396005],[-97.33266695600823,19.79646714219473],[-97.33221907744486,19.7940008370403],[-97.3375384899301,19.786784678485407],[-97.34219597375073,19.788541779962863],[-97.34410050753674,19.79837505763339]]]}},{"type":"Feature","properties":{"clues":"VZIMB006361"},"geometry":{"type":"Polygon","coordinates":[[[-97.28635402778988,19.788840813328974],[-97.30370136653065,19.785421522681474],[-97.30422537362955,19.78966445915694],[-97.31490126121045,19.795867550312433],[-97.31421703763988,19.80752385456],[-97.31860844207745,19.811932638590882],[-97.32181892279283,19.818580807368484],[-97.30433505688518,19.81893098787055],[-97.30160332167986,19.821234235556048],[-97.30994719259523,19.83000218912359],[-97.30790581008338,19.851413036457856],[-97.29994791452653,19.853111802654592],[-97.27599992164642,19.843071764267368],[-97.2768681397325,19.829946397588802],[-97.28004888121663,19.8261388967456],[-97.28653357149958,19.80831162232149],[-97.28615959890988,19.804204278460674],[-97.28277276914508,19.798322521836827],[-97.28635402778988,19.788840813328974]]]}},{"type":"Feature","properties":{"clues":"VZIMS004566"},"geometry":{"type":"Polygon","coordinates":[[[-97.22841471183268,20.3298436352274],[-97.21902438477294,20.32009177317095],[-97.21214679603847,20.28956468458124],[-97.21319163035444,20.2860816580045],[-97.21873689887994,20.28248007421058],[-97.25056222979198,20.29848201218719],[-97.26314525055986,20.294668844771873],[-97.26599402968122,20.29916909349881],[-97.28917313236457,20.31077758797926],[-97.28823681064698,20.316246010217508],[-97.27944471457454,20.32270954583736],[-97.2628115281883,20.32771082694362],[-97.26025772227499,20.33019839410278],[-97.23904502441604,20.326454245576944],[-97.22841471183268,20.3298436352274]]]}},{"type":"Feature","properties":{"clues":"VZIMB006735"},"geometry":{"type":"Polygon","coordinates":[[[-97.16907616600541,20.547918381140104],[-97.18692898012183,20.5393674795403],[-97.19366452534227,20.55235155346627],[-97.20320421288338,20.552365987930404],[-97.21253181148273,20.548414901162804],[-97.21493435068828,20.545931204114645],[-97.22443705682079,20.543251631776105],[-97.22953300503254,20.546994076616816],[-97.23869977466777,20.547785710177717],[-97.2432737774222,20.551674883162487],[-97.24533611057291,20.561356354865445],[-97.23403817137978,20.58037922890458],[-97.21995978864976,20.576236958203612],[-97.20803539358896,20.581594758636037],[-97.20291647497302,20.588575551203903],[-97.18725952408592,20.591357738485545],[-97.1704053572118,20.584092465647238],[-97.16371490447737,20.584622745231847],[-97.15727129482347,20.574031582180535],[-97.15769448320725,20.569087743861466],[-97.16908977365146,20.5643796009758],[-97.16907616600541,20.547918381140104]]]}},{"type":"Feature","properties":{"clues":"VZIMB003206"},"geometry":{"type":"Polygon","coordinates":[[[-97.20474115575281,18.761726866897355],[-97.21037596096903,18.767340411017948],[-97.21548349033257,18.77480539593995],[-97.22403705641602,18.777926575545106],[-97.23329726093556,18.793288848701675],[-97.2217392223013,18.799685843797977],[-97.2106475612776,18.80078267059885],[-97.20382207026339,18.795608242705818],[-97.19581709151485,18.799847590569716],[-97.18143849138376,18.78627411621958],[-97.17454695908098,18.776809436290137],[-97.171423307606,18.769293989546643],[-97.17692849938376,18.75892158184571],[-97.20474115575281,18.761726866897355]]]}},{"type":"Feature","properties":{"clues":"PLIMS001525"},"geometry":{"type":"Polygon","coordinates":[[[-97.1975550702566,19.249409225601585],[-97.19996664022585,19.24487579263751],[-97.20789774611033,19.245108291310782],[-97.20816139541891,19.253431112082502],[-97.20478790728663,19.25661958912557],[-97.20471174657193,19.263608571074265],[-97.19463334227439,19.267357360223222],[-97.193647735122,19.274654249356498],[-97.18514650821747,19.285952899361604],[-97.18236719456037,19.287909717356836],[-97.17769581998253,19.28799432327166],[-97.17692632416318,19.258129967103933],[-97.1842198178853,19.253763503893637],[-97.18952458805798,19.25817871130559],[-97.20075647836599,19.255075753462947],[-97.1975550702566,19.249409225601585]]]}},{"type":"Feature","properties":{"clues":"VZIMS005266"},"geometry":{"type":"Polygon","coordinates":[[[-97.13646231279957,18.722270984670313],[-97.14688493250154,18.71460714077276],[-97.15786766189692,18.725489934376526],[-97.16343475098198,18.72712724753661],[-97.16874481367442,18.74604050912785],[-97.17450830056583,18.75368612673075],[-97.16195817497189,18.749328066895114],[-97.15615523233352,18.74098017878487],[-97.14887334462836,18.748129492585807],[-97.1330466275141,18.758699800088227],[-97.12221294109152,18.753459218837094],[-97.1322554064743,18.736488020324668],[-97.13576278877864,18.733712494220015],[-97.13496502004149,18.72671277280585],[-97.13646231279957,18.722270984670313]]]}},{"type":"Feature","properties":{"clues":"VZIMB006846"},"geometry":{"type":"Polygon","coordinates":[[[-97.1436883683954,18.908748862930505],[-97.15387184298801,18.91778955272665],[-97.14683792747542,18.92032160545182],[-97.14193829124056,18.919519299279447],[-97.13597526874311,18.925378511527686],[-97.13286366010988,18.923888633477095],[-97.13151776850272,18.924960047534544],[-97.11639787789933,18.922421625268598],[-97.12076368224979,18.910923879681032],[-97.12513150065496,18.90671668496845],[-97.12611422009735,18.90053965409156],[-97.13067018872528,18.89947587957187],[-97.13570889134891,18.905014829150733],[-97.14197354602736,18.90405367665215],[-97.1436883683954,18.908748862930505]]]}},{"type":"Feature","properties":{"clues":"VZIMS001841"},"geometry":{"type":"MultiPolygon","coordinates":[[[[-97.08427876251872,19.752565475135142],[-97.10488924724196,19.74197839227652],[-97.11491784135647,19.746550975716282],[-97.11934024062765,19.74543479524034],[-97.1261215864718,19.758891650714222],[-97.11188641446084,19.76502499209177],[-97.10926891646628,19.76068923217422],[-97.09988943245523,19.760595849716537],[-97.09463582959089,19.76783744831773],[-97.08898826924434,19.765074381276744],[-97.08427876251872,19.752565475135142]]],[[[-97.10444763817718,19.78160701271883],[-97.11216009760204,19.7661939020206],[-97.12220829443297,19.771268147648975],[-97.1170752733523,19.78366746961438],[-97.11461925060796,19.784965227391503],[-97.10444763817718,19.78160701271883]]]]}},{"type":"Feature","properties":{"clues":"PLIMB000754"},"geometry":{"type":"Polygon","coordinates":[[[-97.04686044513272,19.10559983902954],[-97.0598999830965,19.11279924627285],[-97.063871572133,19.120629591536975],[-97.06904151935441,19.123794209116433],[-97.06757609079204,19.140855462433883],[-97.07239758860658,19.14359055393098],[-97.07710635893459,19.15062957274059],[-97.08903960844546,19.160230521160116],[-97.08779815987356,19.17251816140476],[-97.08380504572493,19.176754532596334],[-97.0653143972511,19.17946356711632],[-97.06299416888906,19.17246843186491],[-97.06614418448464,19.168738560610574],[-97.06743675636471,19.16177714480159],[-97.06590686435423,19.158110165507736],[-97.05750856866023,19.15069032282543],[-97.05318978240201,19.151875616946985],[-97.04087768900355,19.1512622613585],[-97.03179823152679,19.14555083026945],[-97.03401712635741,19.130616654138404],[-97.03814367922779,19.129170879988383],[-97.04323574232257,19.110016090870385],[-97.04686044513272,19.10559983902954]]]}},{"type":"Feature","properties":{"clues":"VZIMB001094"},"geometry":{"type":"Polygon","coordinates":[[[-97.04983729107269,19.082252962716247],[-97.05444475549257,19.08154575191155],[-97.06159834330822,19.091197977366782],[-97.06939030225578,19.09102634588389],[-97.07905022234634,19.088079193750314],[-97.08842498354291,19.093684431031384],[-97.08926562561149,19.101833686812597],[-97.07472225387109,19.106912663297166],[-97.07430572457284,19.113995440140062],[-97.06904151935441,19.123794209116433],[-97.063871572133,19.120629591536975],[-97.0598999830965,19.11279924627285],[-97.04686044513272,19.10559983902954],[-97.04469487642538,19.098889768860676],[-97.04983729107269,19.082252962716247]]]}},{"type":"Feature","properties":{"clues":"VZIMB006356"},"geometry":{"type":"Polygon","coordinates":[[[-96.99616739226244,19.251679122480073],[-96.99083644622088,19.273515892661823],[-96.9943661080669,19.280719302087075],[-96.9938689811582,19.289507163518472],[-96.9912091455424,19.29052818833574],[-96.97590199826529,19.282792139533104],[-96.97223704907219,19.290941868889007],[-96.9581241507711,19.28465813238753],[-96.95567058302687,19.294224727430965],[-96.94883148888334,19.29743097872089],[-96.93983860006156,19.287273264714088],[-96.94369549851037,19.276784836284335],[-96.94943380420551,19.275720145712665],[-96.95061231821647,19.260863631685254],[-96.95488384937951,19.25799480203185],[-96.9625895420143,19.25902584134305],[-96.9666471585309,19.257594997448496],[-96.97672280269492,19.24478357014652],[-96.97627241972965,19.240807169407656],[-96.98407753411344,19.23614726952624],[-96.98408953172199,19.22368004029119],[-96.9905417360427,19.221403455130908],[-96.99251765343023,19.21638840165081],[-97.00683111949257,19.206706691901573],[-97.01863321275253,19.21455441544447],[-97.01970732551791,19.21686310703891],[-97.0151107203593,19.235191619853698],[-97.00579734655773,19.237521869809214],[-96.99616739226244,19.251679122480073]]]}},{"type":"Feature","properties":{"clues":"VZIMB006624"},"geometry":{"type":"Polygon","coordinates":[[[-96.97707482940926,18.911482464712645],[-96.9798739550299,18.913394355450293],[-96.98256823538351,18.912673256546793],[-96.98621466145086,18.91744803401566],[-96.98532350100736,18.925751409203155],[-96.98747049664262,18.930283513944012],[-96.99377419425025,18.932051765237834],[-97.00019910227398,18.94320576159552],[-96.99424845933748,18.9448933149838],[-96.98961981452933,18.94454023788498],[-96.9858833401461,18.946959792166417],[-96.97443651043395,18.945602631726555],[-96.971776283856,18.93154439999708],[-96.96367893414127,18.927290551655112],[-96.96766206717597,18.92167839550606],[-96.965284193733,18.91882131381749],[-96.96207420455566,18.9176368284237],[-96.96071785066812,18.913296565247244],[-96.96212787685565,18.90927257631632],[-96.96757690119124,18.90725315740303],[-96.9714461636707,18.90811475394719],[-96.97404030165583,18.911558635321175],[-96.97707482940926,18.911482464712645]]]}},{"type":"Feature","properties":{"clues":"VZIMB003013"},"geometry":{"type":"Polygon","coordinates":[[[-96.98439806975593,19.945707996553953],[-96.98731131968214,19.957658751807077],[-96.97929489882311,19.968070415015237],[-96.98105885948154,19.97790674769838],[-96.97360447528742,19.989282518091883],[-96.97350857216118,19.991768771110895],[-96.95760476563238,19.997231391215234],[-96.95122248405107,19.993786864823445],[-96.9489421348179,19.99409726746651],[-96.95152436556731,20.002845780250976],[-96.95122743121166,20.014127639838353],[-96.9343769510328,20.015983098706947],[-96.9312962429643,20.00117173595684],[-96.92377634372284,19.993922481566337],[-96.9201255739198,19.992678984636115],[-96.91323077389055,19.985414398990102],[-96.90460607406582,19.983544582908486],[-96.90070431675979,19.97968186963242],[-96.8994738530765,19.96369310350269],[-96.89800915226488,19.96181015466519],[-96.90342382681278,19.943497160670574],[-96.91088066324409,19.943735088762388],[-96.9146684569662,19.953143613939027],[-96.92825020487425,19.962902603080735],[-96.94321281551446,19.96042850710264],[-96.94782086208737,19.950513746396528],[-96.948699565326,19.94025728141576],[-96.94764992301937,19.93529662480389],[-96.96247924407301,19.935181907331685],[-96.96858494058759,19.928897744455952],[-96.97148264405489,19.93091558878558],[-96.9714127696062,19.937590576213335],[-96.98439806975593,19.945707996553953]]]}},{"type":"Feature","properties":{"clues":"SCCSA003314"},"geometry":{"type":"Polygon","coordinates":[[[-96.95413904239341,19.492548998465395],[-96.96199121479683,19.495762486740034],[-96.96278487588333,19.502631932540623],[-96.96538538505091,19.50539693174587],[-96.96875352042515,19.514160297877737],[-96.96649308908756,19.519896777632955],[-96.97093770306431,19.524410491791706],[-96.96360735979061,19.530442868451658],[-96.9623775873393,19.53319546156072],[-96.95750638057586,19.535464414422837],[-96.95604217396377,19.53354903841707],[-96.94704528524207,19.530945113404528],[-96.94694045321256,19.525431908462036],[-96.9407960404446,19.527280722744255],[-96.93311542076209,19.53279288176718],[-96.92715980785019,19.529000064971612],[-96.93031670475949,19.524851913777173],[-96.92753744649404,19.520045216592052],[-96.93022530973913,19.517991312986002],[-96.93547818426153,19.52278142982955],[-96.93825261344114,19.521815341120956],[-96.94368821579398,19.509478295838466],[-96.94039619436613,19.50819246600584],[-96.9380255224582,19.503683030505606],[-96.9386872868442,19.501364601549973],[-96.94056005819847,19.50101036307327],[-96.94708433920512,19.505152056818133],[-96.95012498637792,19.50383881846614],[-96.95138658588998,19.49527739620978],[-96.95413904239341,19.492548998465395]]]}},{"type":"Feature","properties":{"clues":"VZIMB005381"},"geometry":{"type":"Polygon","coordinates":[[[-96.9486781765143,19.241384253360074],[-96.93687947064376,19.247483280010798],[-96.93000375839695,19.245152625131052],[-96.92188702921763,19.25191350204089],[-96.9107713770479,19.250512761316767],[-96.90777819834983,19.25827949062994],[-96.8912302258604,19.263080345435487],[-96.88676667259554,19.262518643867292],[-96.89189278206148,19.25173476620288],[-96.90712152245405,19.245659593178043],[-96.90692446030752,19.23825522112163],[-96.92753171869454,19.233278334802094],[-96.929763184403,19.225110988439177],[-96.93366108232728,19.22539747190697],[-96.94960556588677,19.236330569100705],[-96.9486781765143,19.241384253360074]]]}},{"type":"Feature","properties":{"clues":"VZIMB008753"},"geometry":{"type":"Polygon","coordinates":[[[-96.86944658394262,19.18485878790531],[-96.88616558698212,19.17732572597103],[-96.88970609717636,19.18516872977298],[-96.90607870408493,19.188641846044625],[-96.90715543115775,19.193960207001364],[-96.90929566836515,19.195377356325743],[-96.92074264956739,19.197282808196036],[-96.92928445688112,19.200724457037992],[-96.93293041538801,19.209016067416666],[-96.92762862176721,19.221750502263998],[-96.916597633283,19.218134049990436],[-96.90743513197157,19.219567701069433],[-96.90041965409,19.217705191987005],[-96.89716655594397,19.214418412114533],[-96.88764479789114,19.212909212155644],[-96.88219972979863,19.20530314409575],[-96.87876403272516,19.204435364938043],[-96.87080032014336,19.193521264352853],[-96.86944658394262,19.18485878790531]]]}},{"type":"Feature","properties":{"clues":"VZIMB002984"},"geometry":{"type":"Polygon","coordinates":[[[-96.8775431697442,19.88179342897286],[-96.88790295610126,19.901013322615555],[-96.8779279924772,19.907933267444168],[-96.87763106174317,19.922312441902225],[-96.89682792700168,19.92493366752438],[-96.9007378444094,19.94160865066196],[-96.90342382681278,19.943497160670574],[-96.89800915226488,19.96181015466519],[-96.88835253197377,19.964755321911003],[-96.87814437114376,19.976102302103392],[-96.86598572022884,19.978340053404363],[-96.85819608677616,19.98734902752516],[-96.85713286555577,19.996876276710733],[-96.8407694803169,20.00501827559604],[-96.82737317606828,20.005188063340302],[-96.81994641512034,19.995134710778462],[-96.80813679375579,19.98450888054099],[-96.81035279452368,19.966061390787285],[-96.81350383556033,19.962150983693636],[-96.82706010993962,19.95942711583363],[-96.8307712435777,19.953433270617833],[-96.82532705401681,19.94247778909372],[-96.81983145026044,19.935180919241297],[-96.82692309693351,19.920839772708668],[-96.83894255267732,19.919242422996405],[-96.8368046497394,19.91122521019768],[-96.83088039351559,19.90314304405155],[-96.83036575810637,19.897450820648604],[-96.83531420269067,19.88992558833433],[-96.83052037310013,19.884621697513307],[-96.83241845089398,19.8739100317544],[-96.84730420175246,19.867295904948975],[-96.84974675268236,19.877469693002173],[-96.8479840458594,19.887472979098295],[-96.84816247199191,19.89727352931677],[-96.85593484615438,19.902577943825058],[-96.86482868793874,19.89744525017746],[-96.8634291796442,19.89138614394649],[-96.87265006670454,19.883154056305454],[-96.8775431697442,19.88179342897286]]]}},{"type":"Feature","properties":{"clues":"VZIMB000452"},"geometry":{"type":"Polygon","coordinates":[[[-96.83095177021966,18.932172473773186],[-96.83733853064062,18.932122612187204],[-96.84134692122872,18.929030777493256],[-96.8495685798325,18.928490869003472],[-96.85526048955437,18.942038205546822],[-96.84780041547594,18.94878732941733],[-96.84530178946153,18.956703850801848],[-96.84746682043276,18.960944530629245],[-96.84709275855943,18.973704248511833],[-96.86417911240989,18.986806045562872],[-96.86124332100025,18.990755160995725],[-96.84352528476971,19.000946610749164],[-96.8350892053455,18.99162010768354],[-96.8307926871089,18.990341440264203],[-96.82762685725415,18.991613743364105],[-96.81614674337993,18.986726622762767],[-96.82048143822126,18.973862231723984],[-96.81492942421634,18.97211502726186],[-96.80993632338141,18.959482241162174],[-96.80415452155894,18.95927711979559],[-96.80067309950455,18.95385497549142],[-96.78839312293846,18.953285778509702],[-96.78967317649939,18.943906812786697],[-96.79413135095177,18.94035802262389],[-96.79410885778034,18.933527478035607],[-96.8038741980682,18.929774662967063],[-96.80480449672203,18.921372952464452],[-96.8082928481872,18.914531411400155],[-96.81461024119827,18.916359149553617],[-96.8177350609699,18.92118283734282],[-96.82089648801565,18.922436839361172],[-96.83095177021966,18.932172473773186]]]}},{"type":"Feature","properties":{"clues":"SCCSA002386"},"geometry":{"type":"Polygon","coordinates":[[[-99.39826807499287,21.551294524636397],[-99.37751809977112,21.55158051353545],[-99.37387880050916,21.547783657256275],[-99.36045750920945,21.48656363505206],[-99.36283929001233,21.480461577874422],[-99.37349376590942,21.471163162461256],[-99.3861782768357,21.47309983473751],[-99.41478561719205,21.506138554820886],[-99.41058904356836,21.526441222642347],[-99.39826807499287,21.551294524636397]]]}},{"type":"Feature","properties":{"clues":"YNIMS000556"},"geometry":{"type":"Polygon","coordinates":[[[-89.30327898939534,21.210552055036004],[-89.29954927144306,21.21712872184116],[-89.29112136630401,21.224022063471036],[-89.28313470556552,21.21744928243838],[-89.28416974601606,21.207782714557798],[-89.29009266006774,21.191265406601897],[-89.30265784839243,21.202846917762187],[-89.30327898939534,21.210552055036004]]]}},{"type":"Feature","properties":{"clues":"YNIMS000561"},"geometry":{"type":"Polygon","coordinates":[[[-89.06102872848416,21.237818770396405],[-89.0493870412175,21.240616606017046],[-89.0463023000896,21.239180698270594],[-89.04299745091528,21.244557823942085],[-89.03575842372443,21.245912653435962],[-89.03420261022117,21.24460340716936],[-89.04175670017612,21.23013687091083],[-89.0358467121181,21.208374130920973],[-89.02974947777297,21.19916238137279],[-89.07334344940979,21.1910696575995],[-89.08717928817711,21.20067781037579],[-89.0907094861011,21.2153325098529],[-89.08580596870112,21.235239920015154],[-89.08573397504396,21.243198213014146],[-89.06102872848416,21.237818770396405]]]}},{"type":"Feature","properties":{"clues":"SCCSA003323"},"geometry":{"type":"Polygon","coordinates":[[[-88.79295794282864,21.19648061480434],[-88.79271903229765,21.11366729738159],[-88.82245237986001,21.164435949979413],[-88.89811778590673,21.17448730268156],[-88.90436694994743,21.18822296440516],[-88.87244646699945,21.229818608040585],[-88.85090108158029,21.219271351125744],[-88.83010795221087,21.22675521085471],[-88.74978140287979,21.282962662903444],[-88.78560557860479,21.228707062781748],[-88.79004397799848,21.223892039697603],[-88.79376404280082,21.207757068814423],[-88.79967106648114,21.205470336331445],[-88.79883172127137,21.200953678601472],[-88.79515918635461,21.199598144449386],[-88.79295794282864,21.19648061480434]]]}},{"type":"Feature","properties":{"clues":"QRIMB000590"},"geometry":{"type":"Polygon","coordinates":[[[-88.50956990347048,19.154711466006354],[-88.5186576947693,19.131209496539498],[-88.54315246917686,19.10391897090213],[-88.55222621698385,19.112148288971646],[-88.57721501985775,19.175038040543097],[-88.60211044193078,19.195824671978702],[-88.51740986905133,19.234981497851887],[-88.48544311567233,19.218316825649758],[-88.46896209582033,19.2139983398852],[-88.5093765814653,19.165893229059634],[-88.50956990347048,19.154711466006354]]]}},{"type":"Feature","properties":{"clues":"YNSSA001451"},"geometry":{"type":"Polygon","coordinates":[[[-88.1963241082686,20.668717482170642],[-88.2066248335599,20.66672320997115],[-88.20508325022342,20.676035508635433],[-88.20994848979682,20.681419811414116],[-88.20605953908031,20.685001965803593],[-88.20609770871654,20.690308871920738],[-88.20352361153525,20.692232495383024],[-88.19957274116162,20.691702368163334],[-88.19653981540229,20.695858592483514],[-88.19274345589079,20.69608281766038],[-88.19072645434481,20.689991950571613],[-88.18278861016937,20.687908265617462],[-88.18167834094206,20.684820449773515],[-88.18418667253266,20.675366542561143],[-88.190002618708,20.676661369689587],[-88.1963241082686,20.668717482170642]]]}},{"type":"Feature","properties":{"clues":"QRIMB000474"},"geometry":{"type":"Polygon","coordinates":[[[-88.15328073015692,18.994494859181703],[-88.15798304606867,18.99733515601122],[-88.15339352652548,19.037337844500318],[-88.13913798558296,19.061502695682016],[-88.13732980230202,19.06716386759422],[-88.1370887228069,19.10128138512082],[-88.11961746565831,19.111406664125617],[-87.95864249498227,19.098811699112765],[-87.94575163071812,19.102934577889744],[-87.87361671762395,19.174999127319055],[-87.82075142163966,19.216740814115226],[-87.7848221550797,19.151448698972757],[-87.77454943841542,19.11424740208923],[-87.76074694759555,19.043658905940617],[-87.75665446873222,18.980838653588386],[-87.94643311520352,18.803460932088434],[-88.00370197746236,18.82606847122513],[-88.0458920662385,18.81900198587447],[-88.05853889727032,18.867922057603494],[-88.09212083641786,18.96489170420951],[-88.14351929759424,18.973931776612048],[-88.15328073015692,18.994494859181703]]]}},{"type":"Feature","properties":{"clues":"QRIMB000235"},"geometry":{"type":"Polygon","coordinates":[[[-88.07512819605189,19.37086952996958],[-88.10906522292171,19.368571113100195],[-88.11205970337808,19.365134005402776],[-88.1556246484464,19.397967850917624],[-88.18919271847754,19.393154078633252],[-88.22675649683724,19.516867476278232],[-88.20869020758823,19.521196700797635],[-88.18404463102785,19.51873844729221],[-88.13527082681854,19.454279400856247],[-88.08753385271687,19.449172811603805],[-88.07024940621675,19.44021659217131],[-88.07641433751778,19.419123011002164],[-88.0720201315859,19.414433788054886],[-88.06783252782539,19.401766523673757],[-88.06156479893683,19.392201096466923],[-88.0643391496255,19.368880763136612],[-88.07512819605189,19.37086952996958]]]}},{"type":"Feature","properties":{"clues":"SCCSA003444"},"geometry":{"type":"Polygon","coordinates":[[[-87.75466275991299,21.093516221547613],[-87.76760285167269,21.124942310914168],[-87.74574667857156,21.176671147425196],[-87.74409248828542,21.183937256635907],[-87.7297896452745,21.191969281981816],[-87.7285880742224,21.197031801368617],[-87.73026979804582,21.205973559489482],[-87.73819892334899,21.215163387108145],[-87.7682742216737,21.230105817232875],[-87.75506961074893,21.241553490678694],[-87.73350927068388,21.24047915619308],[-87.71463794930828,21.248518945981957],[-87.71301927360263,21.24811127697388],[-87.70527295565451,21.252900643557016],[-87.68242573697184,21.276504156717593],[-87.65653167344706,21.26378227685596],[-87.64914290231499,21.26396537260962],[-87.62732739418446,21.296120424771967],[-87.62325231265586,21.320357751538356],[-87.64139373480208,21.346269989512567],[-87.6414312415369,21.387669811443676],[-87.56753321410066,21.422067176280066],[-87.51570846127474,21.441206033281027],[-87.51297192472823,21.398895693215202],[-87.50032383188145,21.346924713207475],[-87.4972061192766,21.31791267230172],[-87.48971184045452,21.3042093155837],[-87.49355277375578,21.24466567813121],[-87.49571577491551,21.240781556184473],[-87.54393773493283,21.189188259446247],[-87.54160731234346,21.17175759796994],[-87.5527464220865,21.15045518385504],[-87.57979136120738,21.107439134311587],[-87.61528479795565,21.124733358800917],[-87.63585917112151,21.12432049411378],[-87.68486462704901,21.143384999068655],[-87.69469132472722,21.136720824066284],[-87.72557156797004,21.107105724483223],[-87.75144358181257,21.092437544663788],[-87.75466275991299,21.093516221547613]]]}},{"type":"Feature","properties":{"clues":"SCCSA002262"},"geometry":{"type":"Polygon","coordinates":[[[-87.50117642096838,20.93568245877174],[-87.4825053566825,20.93754920192952],[-87.47153215819648,20.876615370034553],[-87.4843982400479,20.86861008744959],[-87.4975705372865,20.85403395190221],[-87.50339325597757,20.85482836499673],[-87.51455779000825,20.91423497313593],[-87.5099448677867,20.924871400754153],[-87.50117642096838,20.93568245877174]]]}},{"type":"Feature","properties":{"clues":"SCCSA002297"},"geometry":{"type":"Polygon","coordinates":[[[-87.38199541444374,20.26721127359868],[-87.38595626365813,20.269398473755913],[-87.38904091769716,20.26775327465225],[-87.39972485184114,20.25429062259071],[-87.40268426046907,20.261805496978404],[-87.42224996664795,20.275422900198215],[-87.43231974110718,20.27541366412808],[-87.44537862282488,20.334613907493843],[-87.44651015486427,20.3483067057089],[-87.47316568685942,20.3853730358218],[-87.47462519803308,20.39608615192609],[-87.40673326227707,20.40453284448595],[-87.37712022153563,20.39086481922465],[-87.36043050762731,20.378597899943806],[-87.35279277615733,20.365675225699043],[-87.33624699914108,20.351744434265157],[-87.3393353868278,20.351676422199407],[-87.3386567650863,20.346691927340487],[-87.34140250432127,20.34164311045896],[-87.347027886066,20.339237437647025],[-87.34875384946957,20.333457883035933],[-87.35397957407655,20.329403234538603],[-87.35394457205004,20.325156697527124],[-87.35092967599326,20.321432246002402],[-87.3533507772688,20.31956198998382],[-87.35421452165129,20.314864933984737],[-87.35643313958725,20.31511504750043],[-87.3551674007122,20.312323696373916],[-87.36145520562481,20.298203425603738],[-87.36382836159558,20.295937796897892],[-87.36375816799884,20.293607115758007],[-87.36783793242871,20.295981520820206],[-87.37002465661651,20.295718590437456],[-87.37260637196698,20.291115126227105],[-87.37453333858197,20.290609887757782],[-87.37338949556805,20.286818771699036],[-87.36757361368412,20.285954075171457],[-87.37019815904296,20.28403456399314],[-87.37553664346576,20.285952370097995],[-87.38015262986254,20.281754799255957],[-87.38118191418727,20.277418195230968],[-87.37817451259862,20.274018579155396],[-87.38199541444374,20.26721127359868]]]}},{"type":"Feature","properties":{"clues":"QRIMB001413"},"geometry":{"type":"Polygon","coordinates":[[[-87.33986705230761,20.949146470317647],[-87.35163212519795,20.979787103159264],[-87.33866961644897,21.015507552032666],[-87.33109346581443,21.050648476681683],[-87.30106564323277,21.004144431712014],[-87.28985578877813,20.991607169889086],[-87.27164234223788,20.975369550732662],[-87.25044501257211,20.930274021195377],[-87.24373659597774,20.908742952188536],[-87.26825249173785,20.90355010125214],[-87.27896516063447,20.91017670217182],[-87.34300944982742,20.908649841099315],[-87.34371747633146,20.90988103148276],[-87.33672093374652,20.926914819380656],[-87.32904453081225,20.930554602252446],[-87.32534806994263,20.934421402319618],[-87.32624488605819,20.939822153897097],[-87.33986705230761,20.949146470317647]]]}},{"type":"Feature","properties":{"clues":"SPIMS001740"},"geometry":{"type":"Polygon","coordinates":[[[-102.21075264469918,23.330414879208938],[-102.28042415380739,23.295729138831817],[-102.30849485801,23.338502747656225],[-102.3280520314431,23.378391327388364],[-102.33838518543374,23.382665303333418],[-102.34244330522928,23.473463262189213],[-102.30703080375945,23.52000855992598],[-102.30263643829178,23.538183804511988],[-102.27237084154196,23.545149441431914],[-102.23496776657763,23.54991329462307],[-102.20523677181328,23.497396012539646],[-102.17977924683026,23.495133927629773],[-102.16772276024693,23.502784468335953],[-102.1507356284558,23.50296440123608],[-102.09997136763386,23.456088073783192],[-102.13001986826632,23.43251441485165],[-102.1344461608712,23.423932072708347],[-102.16132556394399,23.411865811050504],[-102.17815652440902,23.392372698978292],[-102.1810817753441,23.34232568080091],[-102.21075264469918,23.330414879208938]]]}},{"type":"Feature","properties":{"clues":"ZSIMB001501"},"geometry":{"type":"Polygon","coordinates":[[[-102.1507356284558,23.50296440123608],[-102.12458894522773,23.51461492994864],[-102.11848058942145,23.51439497432673],[-102.11160798084667,23.54817124801749],[-102.10621979454712,23.55596530775142],[-102.10482814291895,23.555676298774465],[-102.06697916179644,23.577977455588783],[-102.06660112238389,23.559308005518055],[-102.02199328787069,23.513546116432735],[-102.04799796541143,23.49227564010705],[-102.06120648802165,23.47087162491051],[-102.04645932509519,23.44773910173174],[-102.04365373730644,23.421318820216282],[-102.0561464746842,23.362200865740437],[-102.10105563330754,23.374005080703178],[-102.1344461608712,23.423932072708347],[-102.13001986826632,23.43251441485165],[-102.09997136763386,23.456088073783192],[-102.1507356284558,23.50296440123608]]]}},{"type":"Feature","properties":{"clues":"SPIMS002114"},"geometry":{"type":"Polygon","coordinates":[[[-101.33103009434844,21.9672909312962],[-101.33166510948747,21.970508276950902],[-101.33565157514494,21.975897513043783],[-101.34580796099209,21.97299971476095],[-101.35630800480804,21.97511715013175],[-101.35930102625059,21.987256568178573],[-101.35847389035746,22.009080222686812],[-101.3599945386773,22.013770842614072],[-101.36574073747542,22.01525659063],[-101.37490763389191,22.05748197839363],[-101.34745240542033,22.05846559904692],[-101.33659345116354,22.04702244972771],[-101.31262009099576,22.04472994603204],[-101.31166962037304,22.028064771810122],[-101.30274262503501,22.008556746253383],[-101.29808777859714,22.004943645175636],[-101.26918280199058,22.00565868764508],[-101.26986051807175,22.038988830238882],[-101.24359253727745,22.034271681153953],[-101.23478731371306,22.023695688282015],[-101.21849002446486,22.028508045730383],[-101.20279833928339,22.025346229863366],[-101.19390406911768,22.010799736611663],[-101.20323226436231,21.98501102009574],[-101.20495961527187,21.983661708902403],[-101.21537348486767,21.98480249442527],[-101.25716152635296,21.981996929119084],[-101.26001745428862,21.97587190638734],[-101.28398155937305,21.953457836216057],[-101.3029906459409,21.948040630777808],[-101.3165159801411,21.951634200834985],[-101.31378097488368,21.958532665710546],[-101.31492237404974,21.960306972595717],[-101.31375786880984,21.969971584539692],[-101.3158923836379,21.97131693680086],[-101.32104466530669,21.96707879627015],[-101.32551403064318,21.956629280795802],[-101.33076018915428,21.95538118226649],[-101.33641384274311,21.95658783652364],[-101.33103009434844,21.9672909312962]]]}},{"type":"Feature","properties":{"clues":"SPIMB000713"},"geometry":{"type":"Polygon","coordinates":[[[-100.88420100778765,22.028446483484444],[-100.88447285614669,22.02615002911269],[-100.87293610218714,22.007481037101016],[-100.87084011051482,22.001223472479452],[-100.8741956459958,21.99790736768978],[-100.90596802798821,22.01806042139709],[-100.90653295533502,21.993800022374046],[-100.93683344075039,21.974391382287028],[-100.95861581745717,21.9773985982169],[-101.0127101834683,22.00187720717162],[-101.01199377436737,22.01065863272297],[-100.98140937268975,22.029371357872414],[-100.94052947853712,22.066519327263194],[-100.92000051269872,22.078411272384884],[-100.90241853255085,22.079619906664234],[-100.89862894436668,22.0773548816236],[-100.88879258584801,22.082933271622363],[-100.88020773151277,22.078836777091077],[-100.87797946609216,22.072585225311155],[-100.87806495621501,22.06680135292857],[-100.88141960767759,22.06151324736894],[-100.88435526465707,22.060389760288626],[-100.88331934272838,22.046576900089494],[-100.87230340252235,22.047704807242393],[-100.87402842536554,22.039057632399516],[-100.87624031019992,22.038425001924708],[-100.88435311117931,22.044881588888657],[-100.891505705226,22.039810991659795],[-100.88420100778765,22.028446483484444]]]}},{"type":"Feature","properties":{"clues":"SCCSA002423"},"geometry":{"type":"Polygon","coordinates":[[[-100.71736080591894,22.626568898035927],[-100.76165691681618,22.599318538166177],[-100.77093631181616,22.5986171764131],[-100.77379829893884,22.596058924776937],[-100.79342048551737,22.59979020531033],[-100.81067417941458,22.625008385018944],[-100.82113589908201,22.647100132048962],[-100.82022171610204,22.65900263617013],[-100.81203689844341,22.675256732191578],[-100.80538418392268,22.676616662747154],[-100.79340302193582,22.69008574826372],[-100.78875751321287,22.700944777483926],[-100.79089821074624,22.71472072820875],[-100.76863501673115,22.750980066680082],[-100.76730123412914,22.755234050895837],[-100.75236932603455,22.7759767573873],[-100.7196962362387,22.787945145168763],[-100.6784901102141,22.732978898051865],[-100.66966615347856,22.696443594711116],[-100.67797756122567,22.692089617764204],[-100.71736080591894,22.626568898035927]]]}},{"type":"Feature","properties":{"clues":"SCCSA002373"},"geometry":{"type":"Polygon","coordinates":[[[-100.33931413913173,21.893574912581],[-100.34629846499186,21.9182290078409],[-100.34760712764543,21.91908524856647],[-100.34302612060272,21.963699522163086],[-100.34508026256675,21.963923021530697],[-100.38627954302052,21.947387998829587],[-100.39214695765351,21.939999585172092],[-100.39497768506946,21.941550907615827],[-100.41605908915513,21.962776222848596],[-100.41354284325118,21.969024413392024],[-100.40253277666727,21.982477935754787],[-100.40552359868781,22.00094511163799],[-100.38906129711091,22.004029878631012],[-100.37728783731843,21.99742861627009],[-100.3711344678082,21.99789315763483],[-100.36014418584102,22.007481862231273],[-100.35217189458709,22.00570825400164],[-100.34284320525084,22.007911313322833],[-100.31958622636833,21.970257078487002],[-100.31461331080968,21.972891953660444],[-100.28195947044871,21.948279773253706],[-100.27186947114113,21.947485066459812],[-100.24683378867805,21.935185248594887],[-100.24548339101356,21.93068732537917],[-100.2491040244432,21.899982549036512],[-100.28753790807599,21.896760998263876],[-100.29500483787903,21.890172206406454],[-100.29866452393887,21.889225168298513],[-100.32084898135541,21.89580830640115],[-100.33931413913173,21.893574912581]]]}},{"type":"Feature","properties":{"clues":"SPIMS000854"},"geometry":{"type":"MultiPolygon","coordinates":[[[[-100.13329328718523,21.98571079047591],[-100.12325576654783,21.982841965179134],[-100.11416158999927,21.96170130424944],[-100.10884928099262,21.95567404482936],[-100.1135287485571,21.942416390727438],[-100.12082085794786,21.936486898848955],[-100.14183662150528,21.942471860290627],[-100.14292534352543,21.94391934137863],[-100.13922966955087,21.959620852312476],[-100.14166906530038,21.972636143915953],[-100.13329328718523,21.98571079047591]]],[[[-100.07728993473008,21.963697376046436],[-100.09651231196268,21.956301102013523],[-100.10294031203098,21.958097264403726],[-100.09453400737259,21.975484378780717],[-100.0977677828821,21.98485742683374],[-100.1038806931311,21.987860667253276],[-100.1178464607116,21.98539541553065],[-100.11326905604761,22.007901681726477],[-100.09953609096817,22.03123434061035],[-100.11018152898902,22.051856198571198],[-100.09351477953636,22.056478094638564],[-100.06975936899691,22.04801825695333],[-100.05756016501091,22.036039845583762],[-100.04581939047395,22.038068440729926],[-100.02804091392636,22.015838599548264],[-100.0382564532136,21.996245868101177],[-100.06275627888061,21.9937789377918],[-100.05683361109813,21.970337689883994],[-100.06653160792627,21.965209425496568],[-100.07548530057963,21.967298540118453],[-100.07728993473008,21.963697376046436]]]]}},{"type":"Feature","properties":{"clues":"SPIMB002685"},"geometry":{"type":"Polygon","coordinates":[[[-99.99013934908984,21.878019436093314],[-100.02299529213626,21.86845100779166],[-100.02568035277713,21.872604795212318],[-100.02489319643934,21.906333916865382],[-100.02677023369448,21.908848037401878],[-100.01384669150194,21.92895235243477],[-100.00501217287263,21.926932956536998],[-100.00425093066413,21.922434589248684],[-99.99236917397837,21.915982916629538],[-99.99391177957386,21.909805395290146],[-99.99166568996844,21.90239175014658],[-99.986931303659,21.898598299400323],[-99.99127525100998,21.8943541638797],[-99.99013934908984,21.878019436093314]]]}},{"type":"Feature","properties":{"clues":"SPIMB002335"},"geometry":{"type":"Polygon","coordinates":[[[-99.60054875311151,21.785754041856602],[-99.60297674569927,21.76680612812453],[-99.62267884287621,21.751926231123612],[-99.64355052120457,21.80560212010646],[-99.6481083415081,21.809742011437866],[-99.64315563999814,21.84180752893205],[-99.6437436684674,21.846379616424844],[-99.63862342665857,21.855783794661605],[-99.63840669485795,21.862457727902733],[-99.64609582876952,21.88084200530069],[-99.63988540263823,21.89299333816262],[-99.61585558954451,21.900421506535913],[-99.61700033160191,21.93519491902611],[-99.61305700542356,21.94147016529793],[-99.585586671702,21.947677598598016],[-99.57183113465076,21.92768325938185],[-99.56280338464023,21.911456610179034],[-99.56480777151158,21.900947739269128],[-99.55898873793255,21.849188000617286],[-99.51889287658805,21.830586542394823],[-99.5155155432306,21.826023201487118],[-99.50902210539896,21.793864255722376],[-99.51828659846646,21.78103973076041],[-99.51620724779518,21.762423893728997],[-99.51118662141148,21.75720198481541],[-99.49582592779831,21.72839050601458],[-99.51068295814085,21.718090478744585],[-99.52893407009802,21.710022704782233],[-99.5316624710312,21.710706897289256],[-99.55434916949586,21.75018209556792],[-99.5521970795495,21.75485029374739],[-99.5568693076188,21.797414567416745],[-99.5597314733524,21.799310259183756],[-99.58561860124328,21.797827383609047],[-99.60054875311151,21.785754041856602]]]}},{"type":"Feature","properties":{"clues":"SCCSA002987"},"geometry":{"type":"Polygon","coordinates":[[[-99.43317394780375,22.84770995497946],[-99.42060806051538,22.82013997416149],[-99.43431712222387,22.779088574027814],[-99.45750137795251,22.769923198939217],[-99.46222383946387,22.76578841571422],[-99.47244305490996,22.766244940705946],[-99.53885778480782,22.827901938033214],[-99.54280842442476,22.834009192672013],[-99.54313700433421,22.843803196771265],[-99.53359539023026,22.85780864599925],[-99.52263973781997,22.895406901357227],[-99.51172007172275,22.898703879118827],[-99.48626521713156,22.89098359234081],[-99.48248374267476,22.872840736292666],[-99.46713591776822,22.867508224604883],[-99.45331245468107,22.875191826901375],[-99.43922026020138,22.870092952411678],[-99.43811713503825,22.852747018227245],[-99.43317394780375,22.84770995497946]]]}},{"type":"Feature","properties":{"clues":"SCCSA002945"},"geometry":{"type":"Polygon","coordinates":[[[-99.17735896452206,22.968728491827562],[-99.19570506540384,22.986933289385156],[-99.145022318156,23.011343473063274],[-99.12189025373242,23.015341471015155],[-99.1152861802752,23.02671632269607],[-99.11321163260654,23.047658614645613],[-99.1146375688466,23.050266719748883],[-99.13506581819469,23.05522824321451],[-99.13805933198115,23.06671151931051],[-99.12933275440832,23.073159382175586],[-99.11747585346251,23.076814228199556],[-99.11490420291547,23.08336178177664],[-99.0983529338752,23.088209140842316],[-99.0969916321698,23.09311301275872],[-99.07724027125488,23.10125245143358],[-99.06670870833773,23.112525759373025],[-99.06066406037955,23.10678747569949],[-99.05895069860443,23.101609461050785],[-99.04951210298135,23.08735067839527],[-99.06179701031617,23.07865385944263],[-99.06271505802397,23.067957172424816],[-99.07471989903715,23.068220498895002],[-99.08173496586048,23.059223477583473],[-99.08146556759802,23.05440197678889],[-99.08866189859665,23.048470328000803],[-99.08989144275209,23.044393685081282],[-99.08134582563308,23.0337273607141],[-99.08039610598493,23.028572018974586],[-99.07646622550727,23.02316821417451],[-99.06880191475358,23.025714098268338],[-99.04963629909136,23.020077998581183],[-99.03027625898837,23.00495223922689],[-99.02940213405846,23.002636741276362],[-99.04259743305163,22.994740728576957],[-99.05628512122628,23.000813380245827],[-99.05890295391568,22.999323224025854],[-99.06772638552901,23.003016078861222],[-99.08592833602422,22.98185691483912],[-99.10099708231924,22.9907657692331],[-99.10139059319276,22.993864298858593],[-99.11881920528319,23.010263975406883],[-99.12611311358785,23.002367774283783],[-99.13334564464151,22.98956890651794],[-99.17408425886255,22.96854619745716],[-99.17735896452206,22.968728491827562]]]}},{"type":"Feature","properties":{"clues":"SCCSA002344"},"geometry":{"type":"Polygon","coordinates":[[[-98.98295883262614,21.94669251585501],[-98.98373833721338,21.955768405485344],[-98.98081397755072,21.96196739564279],[-98.98426651765874,21.97102808021035],[-98.97777280146794,21.977050468795145],[-98.97763657336756,21.981754775026538],[-98.98110871756971,21.986959586008727],[-98.9688505932715,21.99663244860083],[-98.9567861956516,21.992915244906456],[-98.93088398223982,22.021352890590514],[-98.91211202038696,22.01578032335877],[-98.88854077795347,21.995442547145974],[-98.89346923508457,21.975089795624466],[-98.886969506191,21.96889788187139],[-98.87090773024042,21.94550942092498],[-98.90122227905333,21.942091490498473],[-98.90047039704608,21.927533525578962],[-98.90351758706643,21.91282304006027],[-98.91998198192093,21.905883000869174],[-98.93179331112422,21.91433731262742],[-98.94384667797952,21.92772685683933],[-98.95006258272073,21.939503242044665],[-98.9485457225303,21.948460074876902],[-98.97011063357765,21.946769916687675],[-98.97087874901808,21.945626604303957],[-98.97788120855724,21.944799033912922],[-98.98295883262614,21.94669251585501]]]}},{"type":"Feature","properties":{"clues":"SPIMB002224"},"geometry":{"type":"Polygon","coordinates":[[[-98.79113861661486,21.99220533884501],[-98.80251457143889,21.989832968836545],[-98.81432344590492,21.990929726427606],[-98.83248680018623,22.005525563975436],[-98.83134135905462,22.009253305837124],[-98.79410510966291,22.034783227545244],[-98.78715395546241,22.043182534588496],[-98.76950910347969,22.051343243796097],[-98.7738381468673,22.062722019470474],[-98.76220902551943,22.106797429140187],[-98.75233947223623,22.103499272484633],[-98.74223332677333,22.092358048925384],[-98.73706995853175,22.092151847401936],[-98.72906108402151,22.095596508988802],[-98.72178752903352,22.1012124780956],[-98.7007936383086,22.108296143848296],[-98.69368482894129,22.100133120413062],[-98.69686220897192,22.09150391396375],[-98.69692940976657,22.084760797709862],[-98.68538053847314,22.071141187220412],[-98.67143780224424,22.03595977398676],[-98.67239744007504,22.035480641507622],[-98.70054905485804,22.073594388393275],[-98.7046437012903,22.06616118749341],[-98.70552126353324,22.045264978244923],[-98.69544853199113,22.032324703232963],[-98.71704356115032,22.0348095405146],[-98.72218332155131,22.029330202520583],[-98.72054379961239,22.028128342329687],[-98.72771522595714,22.012886928686445],[-98.72082402347411,22.007883045730193],[-98.72138170327213,21.995210748207015],[-98.71085387815282,21.986837320710638],[-98.70613412553642,21.984966416987437],[-98.70130973431549,21.986163100391714],[-98.69454934571706,21.993882122119345],[-98.67953038392095,21.99441744343223],[-98.67276096844346,21.9980251259961],[-98.65164732186688,21.98296093354421],[-98.67762891561657,21.963978238937123],[-98.68174184125937,21.940031575500523],[-98.69067829065494,21.93714042546973],[-98.69873633861496,21.94012479966152],[-98.71416474497825,21.94224543789314],[-98.7295263676082,21.9518450204406],[-98.73067230799154,21.9575610526569],[-98.72594060379613,21.965781930934178],[-98.72693119119295,21.96981109113269],[-98.73009387847256,21.972886399151534],[-98.73806629249715,21.975482468898047],[-98.73984694724206,21.97990822533542],[-98.74723227411894,21.98447130279071],[-98.75641140040447,21.981995858614617],[-98.75939496801564,21.97902293606284],[-98.7699662448733,21.976157335831477],[-98.77280220809931,21.99277544269149],[-98.78098477962837,21.989908789836303],[-98.79113861661486,21.99220533884501]]]}},{"type":"Feature","properties":{"clues":"TSIMB000724"},"geometry":{"type":"Polygon","coordinates":[[[-98.71532465533927,22.53330543222151],[-98.722284405467,22.570441274504883],[-98.71343216941348,22.593797492165038],[-98.69233466217206,22.598201682597836],[-98.63868135684818,22.58863036608978],[-98.62870285039214,22.584869661377507],[-98.62178323865683,22.57298043890674],[-98.61455490351435,22.564078420359312],[-98.65211519677494,22.524290561679837],[-98.7064040559734,22.52448884259934],[-98.69199808431362,22.475879801377847],[-98.77331595871156,22.472724213140143],[-98.76226472723727,22.50346068183912],[-98.71532465533927,22.53330543222151]]]}},{"type":"Feature","properties":{"clues":"SCCSA002414"},"geometry":{"type":"Polygon","coordinates":[[[-98.66720626581932,21.881018511758064],[-98.68592921106813,21.87898088771131],[-98.69591212020514,21.89113109913519],[-98.71328651578901,21.887403881021317],[-98.69883969080084,21.902408926929308],[-98.6998996459373,21.907726715949273],[-98.6931219225044,21.921396764453256],[-98.69067829065494,21.93714042546973],[-98.68174184125937,21.940031575500523],[-98.67798471920798,21.938539936216518],[-98.6563892808778,21.943269914760613],[-98.61954055800445,21.966304279081275],[-98.61160230936565,21.960657344203803],[-98.60275896209987,21.93761578356592],[-98.60323436535649,21.923405239586675],[-98.61054468942197,21.917188913467417],[-98.61279510753681,21.90702045129163],[-98.61779069319576,21.896426646227372],[-98.62780821198892,21.886581174197104],[-98.66239737341189,21.88966482459459],[-98.66720626581932,21.881018511758064]]]}},{"type":"Feature","properties":{"clues":"TSIMS001010"},"geometry":{"type":"Polygon","coordinates":[[[-98.651207513265,22.38419679476256],[-98.63751715525505,22.410898967810606],[-98.63819644619227,22.42527925152683],[-98.6215402488407,22.450765978650967],[-98.6143065077625,22.45762098868643],[-98.5859730942324,22.47624443110999],[-98.57767512848348,22.479547052301648],[-98.56293323845165,22.49926037467881],[-98.5290222289005,22.4853492028368],[-98.5030892420742,22.441143337903814],[-98.51310165195463,22.425890681384242],[-98.52322526863765,22.41790187097322],[-98.53819760062505,22.389695761364855],[-98.54095627703899,22.364278066573327],[-98.54005494329827,22.35063767776179],[-98.55677283892287,22.308012027243837],[-98.62115051653173,22.325312167736126],[-98.63519725602822,22.3401485842586],[-98.64538759574515,22.357606352273784],[-98.651207513265,22.38419679476256]]]}},{"type":"Feature","properties":{"clues":"VZIMS006736"},"geometry":{"type":"Polygon","coordinates":[[[-98.39809435158608,21.66616029220673],[-98.42103327541712,21.658216528642754],[-98.4302472188842,21.673117821632527],[-98.43211281650035,21.678656674050806],[-98.42295769195682,21.68469505007193],[-98.42129723603013,21.69193099736639],[-98.41145676614282,21.692403855861563],[-98.41090164883425,21.696910856247875],[-98.42165967732817,21.709976748145667],[-98.41949931586372,21.71874043866602],[-98.41861617661124,21.745905888316692],[-98.44144257085892,21.74365800299241],[-98.43813557939808,21.75946212105567],[-98.43597569865452,21.76240414338779],[-98.4152593838452,21.760651999437727],[-98.40919783756868,21.755653909391516],[-98.40065469873504,21.755220037769963],[-98.39177552673712,21.74730717441532],[-98.37872877572974,21.74681462205524],[-98.37034632356247,21.743031304217563],[-98.36809276669803,21.73209119597939],[-98.37199190841105,21.71686596797123],[-98.37113488599427,21.692223768042698],[-98.37655468340304,21.680014488132926],[-98.38550924595093,21.67036114889173],[-98.39045472669812,21.66698920765364],[-98.39525807727993,21.66836170387234],[-98.39809435158608,21.66616029220673]]]}},{"type":"Feature","properties":{"clues":"SLIMB000236"},"geometry":{"type":"Polygon","coordinates":[[[-108.0513196234191,25.077439444402497],[-108.05321735214558,25.082468022463864],[-108.05581541434985,25.08324669562652],[-108.05727768790234,25.087278218877458],[-108.06133244762134,25.08882080952029],[-108.09449139247548,25.116955763499032],[-108.08348856229591,25.12984530814293],[-108.05269133223479,25.128248389323648],[-108.0093273497033,25.169786027616297],[-107.99570742307897,25.15317362264374],[-107.9856479783369,25.14413153897374],[-107.97382755202561,25.124850803240943],[-107.982620839582,25.07101874659926],[-107.99011690619948,25.05992759215468],[-108.01738902397787,25.08704516313448],[-108.0513196234191,25.077439444402497]]]}},{"type":"Feature","properties":{"clues":"SLIMS001374"},"geometry":{"type":"Polygon","coordinates":[[[-107.78249935477939,25.20944007569546],[-107.81163875880877,25.20970393591106],[-107.83260395248591,25.217495437457167],[-107.833489907309,25.220022704377953],[-107.82085515768196,25.252654708200915],[-107.84624730602839,25.275884781482088],[-107.88206060512529,25.281660847502533],[-107.87651553711578,25.335738585990214],[-107.83903793516758,25.334455402573454],[-107.82622372335125,25.31379461882212],[-107.79464858802491,25.300309686694746],[-107.7689364837442,25.324993924662166],[-107.74659660003664,25.325999727333862],[-107.73187253850969,25.31698674938586],[-107.73769033650613,25.2956179253383],[-107.70824771682496,25.273302556031076],[-107.7197701782821,25.259125367580427],[-107.74562817709068,25.247955801808814],[-107.71198494028984,25.22901669162295],[-107.69645693646784,25.208912404424954],[-107.70149483901527,25.20509263450855],[-107.7138505303569,25.181213837062856],[-107.76599044432658,25.173853283349175],[-107.76646442748583,25.178126384489744],[-107.78249935477939,25.20944007569546]]]}},{"type":"Feature","properties":{"clues":"SRIMB001952"},"geometry":{"type":"Polygon","coordinates":[[[-111.3722064168735,30.858233158601855],[-111.3852173970447,30.797144775115086],[-111.45748548833195,30.773858903878676],[-111.49825767445566,30.81021819738648],[-111.48374140741244,30.842924722360838],[-111.49018055830038,30.874032684334438],[-111.49286111389827,30.926090289028505],[-111.4762188922736,30.9113583958884],[-111.45636198456624,30.897036663457406],[-111.42864472243818,30.901614868946833],[-111.41553006024823,30.895419472325006],[-111.38440572537718,30.871622213730937],[-111.38293339230344,30.868500889010825],[-111.3722064168735,30.858233158601855]]]}},{"type":"Feature","properties":{"clues":"SRIMB001095"},"geometry":{"type":"MultiPolygon","coordinates":[[[[-110.89520751173552,29.143254360049692],[-110.90123953155508,29.134875047534823],[-110.90917436991475,29.144515076726215],[-110.90516642122233,29.15592119594068],[-110.89520751173552,29.143254360049692]]],[[[-110.89668732573634,29.160307678095037],[-110.90522603237945,29.15682827658974],[-110.93179435700222,29.167866190658614],[-110.93370920162971,29.17630248367891],[-110.95485302125876,29.194124268336772],[-110.96447445262496,29.208470873910866],[-110.96935892508468,29.23613713888283],[-110.99024539445514,29.25542125319623],[-110.99333024189583,29.279324822864226],[-110.9640653673843,29.301830116528826],[-110.92683485488004,29.273218039570185],[-110.9201975262228,29.252515016696126],[-110.91792059114479,29.251500916125185],[-110.91177790216142,29.239577497607165],[-110.91199710201855,29.22517035114946],[-110.89622257085232,29.215947927518698],[-110.89357427552918,29.21080029197063],[-110.88771401270198,29.212597683034364],[-110.88553872993633,29.21110076800064],[-110.88121667545857,29.21169303101638],[-110.8775142392367,29.20887978463619],[-110.874246079795,29.203253056541786],[-110.86965925212843,29.20466778612114],[-110.86680708787948,29.21820650234592],[-110.85092332397753,29.23734044469962],[-110.83480044655747,29.233360418304255],[-110.81106025355679,29.261988506128795],[-110.79311431011509,29.274383967227035],[-110.76786951762509,29.27916296564134],[-110.74647787478409,29.288923021416792],[-110.73661839904575,29.269252646897858],[-110.74575061459207,29.2165015193038],[-110.7592308657643,29.207530125668377],[-110.75817097076536,29.200581496489754],[-110.75996049033236,29.196628450614018],[-110.75924184887579,29.194882959074974],[-110.76656304827465,29.18158828700753],[-110.77099598541263,29.18925564600076],[-110.77529073443259,29.189589408681456],[-110.78093455909007,29.187667626962806],[-110.78510404855876,29.179789886789035],[-110.79525343109572,29.185973943926694],[-110.80185568254848,29.178370581898314],[-110.81094522961352,29.176283273554883],[-110.81336385390559,29.169431429725787],[-110.8224605263358,29.165423254774897],[-110.82959635712857,29.1551910627396],[-110.81200455434563,29.14357892371524],[-110.81038356173434,29.13487998769863],[-110.83877451391656,29.132491670230888],[-110.85280490186719,29.143052139296135],[-110.85668288729457,29.157389999444696],[-110.86253599688945,29.15895798569159],[-110.8690317169409,29.15700341940415],[-110.86999753205866,29.15060513581423],[-110.87818468758782,29.14958040130029],[-110.88205928230512,29.15215661110383],[-110.88468052382414,29.158085173971212],[-110.89668732573634,29.160307678095037]]],[[[-110.84402446033982,29.111529034005606],[-110.85448175124918,29.10638582489364],[-110.8588602603234,29.121271860802942],[-110.85515512980783,29.123996848486687],[-110.84340072862922,29.11324918598186],[-110.84402446033982,29.111529034005606]]]]}},{"type":"Feature","properties":{"clues":"SRIMB000646"},"geometry":{"type":"Polygon","coordinates":[[[-109.45440769319565,30.16679371849379],[-109.44503672508438,30.119202168706618],[-109.43180683987069,30.022373033128055],[-109.48936806267541,29.947272016721268],[-109.61659107533184,29.990736017772548],[-109.65588785751925,30.027574236528263],[-109.70545483662035,30.045474567851926],[-109.72149287029713,30.04352254428421],[-109.9292441943535,30.106083094147113],[-109.96407157601675,30.109892477027646],[-109.96315834911428,30.122119880318674],[-109.77806756734344,30.17431297731052],[-109.75997480986668,30.245175556926835],[-109.76543998043803,30.282601809613798],[-109.76456719137342,30.285195058211734],[-109.75118103948948,30.295932623170984],[-109.72147270606912,30.292190148017067],[-109.66017570579407,30.276323762529596],[-109.65601957995973,30.270945197653397],[-109.65055224666683,30.255419106882226],[-109.65502247257115,30.224495691903492],[-109.65794545177552,30.180985908856865],[-109.6461446099113,30.16878252698421],[-109.5599578528608,30.187897499723686],[-109.45440769319565,30.16679371849379]]]}},{"type":"Feature","properties":{"clues":"SRSSA002580"},"geometry":{"type":"Polygon","coordinates":[[[-109.16786509367638,29.066690888296655],[-109.22867932518585,29.054219858270617],[-109.23662489991194,29.05647167179487],[-109.23709766943847,29.052564727173166],[-109.24747994171669,29.04905083908848],[-109.30893802774875,29.03898553268606],[-109.31742499416356,29.051157649016535],[-109.32136011566647,29.07215728815538],[-109.30761756019115,29.214205877779133],[-109.22425375233243,29.219381552323195],[-109.11216027643205,29.144412816837303],[-109.12127363908256,29.098254780941197],[-109.16786509367638,29.066690888296655]]]}},{"type":"Feature","properties":{"clues":"SRIMB001730"},"geometry":{"type":"Polygon","coordinates":[[[-109.22998350181095,29.032607586657086],[-109.28744588647984,29.003292657652928],[-109.30893802774875,29.03898553268606],[-109.24747994171669,29.04905083908848],[-109.23709766943847,29.052564727173166],[-109.23662489991194,29.05647167179487],[-109.22867932518585,29.054219858270617],[-109.16786509367638,29.066690888296655],[-109.1983133466769,29.042352278209048],[-109.22998350181095,29.032607586657086]]]}},{"type":"Feature","properties":{"clues":"TCIMB003236"},"geometry":{"type":"Polygon","coordinates":[[[-93.4253968637921,18.429632563692966],[-93.37685913869234,18.434587219121944],[-93.37611840736241,18.415857637513707],[-93.38027694486256,18.414781957374064],[-93.39808826247288,18.41836329185349],[-93.42412979712743,18.390105874919296],[-93.4253968637921,18.429632563692966]]]}},{"type":"Feature","properties":{"clues":"TCIMB000214"},"geometry":{"type":"Polygon","coordinates":[[[-93.65532316104681,18.191918288068848],[-93.61757231636858,18.19435433137789],[-93.59791525205284,18.184320931871035],[-93.59592980919007,18.169046103413024],[-93.60257619752849,18.15037688411936],[-93.64637289059543,18.13951305383584],[-93.65532316104681,18.191918288068848]]]}},{"type":"Feature","properties":{"clues":"SCCSA002759"},"geometry":{"type":"Polygon","coordinates":[[[-93.4765659899599,18.122459650945963],[-93.47374311472096,18.158242099762855],[-93.47073048551846,18.16077131345319],[-93.43906791402955,18.14720563626512],[-93.43820531773451,18.13957798385929],[-93.44047585137675,18.137203874679173],[-93.47544241402711,18.120627112800285],[-93.4765659899599,18.122459650945963]]]}},{"type":"Feature","properties":{"clues":"TCIMB001701"},"geometry":{"type":"Polygon","coordinates":[[[-93.30828764714128,18.118997465844007],[-93.32346742077549,18.121996230300216],[-93.3241447744644,18.13861925577387],[-93.31239230443232,18.154027050877783],[-93.31095478739381,18.16069074674559],[-93.30496684188677,18.167077012954966],[-93.27616158935385,18.16057419972355],[-93.27246978566772,18.151903807291614],[-93.2660840336948,18.14569901923372],[-93.26914327524467,18.128437909952208],[-93.28532854043534,18.122961982249503],[-93.28817338529528,18.125442907436184],[-93.29968766491075,18.12561815552226],[-93.30828764714128,18.118997465844007]]]}},{"type":"Feature","properties":{"clues":"TCIMB003014"},"geometry":{"type":"Polygon","coordinates":[[[-92.91656308012807,18.156439467932834],[-92.91950609417111,18.145503620064662],[-92.9399406012879,18.14466270341966],[-92.94719082119705,18.154229369135674],[-92.94517960669582,18.177485773502934],[-92.94196777358171,18.183598547745092],[-92.9255625370696,18.189778222384184],[-92.91279890917413,18.172993047332795],[-92.91773397101956,18.161725921032055],[-92.91656308012807,18.156439467932834]]]}},{"type":"Feature","properties":{"clues":"TSIMB000152"},"geometry":{"type":"Polygon","coordinates":[[[-98.0114592907334,22.381378963428237],[-98.03245918081437,22.381614469584743],[-98.0600973842479,22.391159861840972],[-98.06127309516569,22.393749397179082],[-98.08673141453855,22.398361124095306],[-98.11202778483926,22.422500380341194],[-98.10316881385904,22.435839769486684],[-98.09494145819505,22.44049078138636],[-98.07313504220284,22.440303578416092],[-98.07068518495903,22.448986998963125],[-98.06342299905582,22.453951990765834],[-98.04707704355478,22.45949856202379],[-98.04273378550418,22.47166931006951],[-98.02387001911626,22.472269993299932],[-98.01817477279201,22.466934481618456],[-98.00783630354279,22.466423021285955],[-98.00399519791176,22.46787987435444],[-97.99162553737061,22.458668708676225],[-97.99334924349616,22.448266481258404],[-97.99683798606922,22.445214579171324],[-97.99265431066887,22.423961967281798],[-98.00246287353515,22.418274962017023],[-98.00606636572348,22.407540843322366],[-98.00297512053446,22.38305999677371],[-98.0114592907334,22.381378963428237]]]}},{"type":"Feature","properties":{"clues":"TSIMB001470"},"geometry":{"type":"Polygon","coordinates":[[[-98.06645847888534,25.629281979666345],[-98.07817878726226,25.62449508662858],[-98.07822140355077,25.66681519192636],[-98.06564264047228,25.67213526843762],[-98.0638416730635,25.67420076127512],[-98.06148981088707,25.69279419706335],[-98.06433195906682,25.697010496705822],[-98.07416242817439,25.701117343103103],[-98.07746634347421,25.70953480596091],[-98.06543142112157,25.731509887168],[-98.07211541573969,25.742112857001985],[-98.06900143619892,25.756291793221322],[-98.04674849307244,25.76172196268689],[-98.03976446123792,25.750770456399398],[-98.01804543244036,25.750966725139506],[-98.013789730107,25.75975556338352],[-98.00229749577711,25.76251885887841],[-97.9947022000591,25.757986101166587],[-97.98921159727394,25.750271490492967],[-97.97588933495987,25.748889626923994],[-97.97468784674226,25.736785624419078],[-97.96970111448793,25.737886085396518],[-97.95622512036286,25.746528342115518],[-97.93859817130819,25.732883524608358],[-97.94173205209808,25.722971620126216],[-97.94233422563696,25.709158917005865],[-97.9479568821359,25.70270460626329],[-97.94853280781628,25.680912714146217],[-97.92707704019325,25.672348578258035],[-97.92069124798908,25.663692706632688],[-97.92582176661486,25.653935252242874],[-97.92614272318555,25.649639966679878],[-97.92068039465694,25.631941103462967],[-97.93190814084693,25.624683064367918],[-97.93726776182292,25.614018580547732],[-97.93859985150776,25.58265286826974],[-97.93520080945287,25.57327810503858],[-97.9430086181496,25.548626619600487],[-97.97694334043074,25.557506139790938],[-97.97991120909751,25.57006409786462],[-97.99264270374695,25.585349091184895],[-98.00778928203397,25.581581362569384],[-98.03013600644677,25.60741061763557],[-98.02713155327368,25.6262630109346],[-98.03108573642162,25.628423196751825],[-98.06645847888534,25.629281979666345]]]}},{"type":"Feature","properties":{"clues":"TSIMS001314"},"geometry":{"type":"Polygon","coordinates":[[[-97.94988355347459,25.253193965501808],[-97.94436947350475,25.25811877019073],[-97.9043394567592,25.218585668103337],[-97.89072252135347,25.19238889686185],[-97.895799133529,25.1869147368192],[-97.91078395079371,25.18654550365728],[-97.93224959927241,25.209711868719392],[-97.94988355347459,25.253193965501808]]]}},{"type":"Feature","properties":{"clues":"TSIMB001774"},"geometry":{"type":"Polygon","coordinates":[[[-97.86396117194921,22.30686630058108],[-97.86436982215194,22.31014082184838],[-97.86124558775562,22.31135614910078],[-97.85846804278408,22.31003550235818],[-97.85558860453398,22.30365569461241],[-97.85755622580518,22.300176226236452],[-97.86327468829244,22.298542691299346],[-97.8713968666707,22.29926805963673],[-97.8720248454487,22.302014513358838],[-97.87020115859497,22.304368965534813],[-97.86396117194921,22.30686630058108]]]}},{"type":"Feature","properties":{"clues":"TSIMB000946"},"geometry":{"type":"MultiPolygon","coordinates":[[[[-97.43587005945739,25.81700476175781],[-97.42758920597369,25.822527513868398],[-97.43120483977108,25.828231122173463],[-97.42954119796667,25.830437345082586],[-97.43386180155346,25.835178740721464],[-97.43148310932655,25.83813515752052],[-97.43001112928341,25.84414429938494],[-97.4234986898082,25.84023759927198],[-97.41236936991461,25.841136978943513],[-97.41463546012643,25.84747290919208],[-97.41397750987211,25.855998339343916],[-97.41020145963067,25.862028308894338],[-97.4076434801132,25.86078999883848],[-97.4092372797589,25.857541278890608],[-97.40791648015606,25.854644909714924],[-97.41058986017835,25.850066889031105],[-97.40789336996617,25.845215059143225],[-97.40558593973901,25.845205969358158],[-97.40481298044091,25.849020848870857],[-97.40196637979312,25.852236549527902],[-97.39865714996567,25.85033650952368],[-97.4007062502478,25.84640125919335],[-97.40053268018362,25.841363979329063],[-97.40690786038002,25.84003679903416],[-97.40615060015173,25.837895968959543],[-97.39899404984841,25.838947649026245],[-97.39338832031092,25.837291339078245],[-97.38911802003435,25.839321178810522],[-97.38704505977266,25.84390884956921],[-97.38191431966352,25.839625539472294],[-97.37436276455395,25.839928161103693],[-97.37466076121699,25.836729983310516],[-97.36900557918192,25.82317553815889],[-97.38972449418488,25.810449770180842],[-97.38908481547224,25.80180915056243],[-97.39341684723261,25.779475618423454],[-97.39186734112585,25.76163199886562],[-97.35617227399278,25.7416289972524],[-97.35458988068105,25.718083532495697],[-97.41657051545361,25.720140543047517],[-97.41382052742955,25.75037066048135],[-97.42351454585733,25.7571801219375],[-97.42201975680447,25.774353826007832],[-97.43768216389198,25.79344965498582],[-97.43104097486041,25.801087758419964],[-97.43587005945739,25.81700476175781]]],[[[-97.3763544300067,25.8541538193854],[-97.37464070987033,25.85678610942928],[-97.37277481430617,25.8569704567037],[-97.37304436245921,25.85407759572844],[-97.3763544300067,25.8541538193854]]]]}},{"type":"Feature","properties":{"clues":"SCCSA003205"},"geometry":{"type":"MultiPolygon","coordinates":[[[[-98.04873790391372,22.12011242445902],[-98.04133529780508,22.119109615391306],[-98.0328183310827,22.096472652955296],[-98.05810183222151,22.115026973910854],[-98.04873790391372,22.12011242445902]]],[[[-98.03982975701066,22.131536601211792],[-98.03252766483546,22.149613907910474],[-98.02832064620537,22.130047081624472],[-98.03982975701066,22.131536601211792]]],[[[-98.03441105850531,22.151251686380096],[-98.04142439930172,22.147338634500898],[-98.04724296875027,22.14626525915129],[-98.07328850516916,22.157269904048505],[-98.06990134267136,22.162409154246934],[-98.04202475356514,22.159895018096652],[-98.03441105850531,22.151251686380096]]]]}},{"type":"Feature","properties":{"clues":"VZIMB000761"},"geometry":{"type":"Polygon","coordinates":[[[-97.9067299105652,21.373651935991642],[-97.91993758901015,21.368770310738356],[-97.92714762862924,21.370150031278367],[-97.92911533075409,21.372624210183865],[-97.94775332477774,21.368133793736973],[-97.95409857716324,21.37786826075495],[-97.94768377425285,21.390324434180158],[-97.95538083917033,21.400399426782574],[-97.95393582214838,21.412541535653755],[-97.94987355547985,21.41510447296205],[-97.95146119227671,21.422426155971237],[-97.94967185421864,21.424897846390174],[-97.94195089405801,21.4180324194032],[-97.93671120819904,21.416943218934076],[-97.9287626016431,21.410182236379917],[-97.92279656311017,21.41212167754344],[-97.92471594577641,21.434941543733974],[-97.92375383155542,21.43576733807385],[-97.90905858085785,21.43578474600585],[-97.90315878393196,21.44106326360181],[-97.8889976181682,21.431691344746724],[-97.88633962178612,21.42712091208127],[-97.87762492566931,21.437909263947322],[-97.87467017382811,21.43917137874845],[-97.86054347599301,21.438295956068607],[-97.86145102980515,21.424445131575617],[-97.87245459257933,21.416531169550968],[-97.87166070214579,21.388594149188624],[-97.87464020256935,21.386056488232825],[-97.87710682059729,21.374852476506504],[-97.88960616994642,21.36252511217527],[-97.8960721345495,21.361594473515556],[-97.89836065263442,21.367326362802242],[-97.90195262709396,21.367074999834376],[-97.9067299105652,21.373651935991642]]]}},{"type":"Feature","properties":{"clues":"VZIMB000756"},"geometry":{"type":"Polygon","coordinates":[[[-97.88912317237009,21.302931185916833],[-97.89502033890729,21.31455345717735],[-97.90162557734641,21.3197707820281],[-97.90754876573403,21.31827742703902],[-97.92106868913218,21.32643353836858],[-97.92377636443496,21.339412701993567],[-97.92347234335116,21.340853153670658],[-97.91543804237851,21.342670164780408],[-97.90088621702643,21.32292997577672],[-97.89905566971181,21.32758150953152],[-97.89965118244507,21.340761447684947],[-97.89316729358019,21.342820295459788],[-97.89024696415792,21.35082067115147],[-97.88821514306824,21.351848094960335],[-97.87571087471984,21.35244798257831],[-97.87710682059729,21.374852476506504],[-97.87464020256935,21.386056488232825],[-97.87175612306152,21.38836489984332],[-97.86001707845038,21.37889540612337],[-97.85013280028765,21.36138317885782],[-97.83790033219177,21.35484793049124],[-97.86357481305723,21.335512994971484],[-97.86249365712536,21.333229658867847],[-97.84838264311281,21.326805879187464],[-97.84624753806759,21.318778331317347],[-97.83755627601187,21.305716844988957],[-97.82713565234116,21.295550627405397],[-97.8580487034101,21.273428061140606],[-97.86948775892299,21.25063768963711],[-97.88448636490413,21.245431075836265],[-97.88978293447828,21.246174212312315],[-97.90373727817295,21.258154209053234],[-97.90103477233238,21.28704246077091],[-97.88912317237009,21.302931185916833]]]}},{"type":"Feature","properties":{"clues":"VZIMB008584"},"geometry":{"type":"Polygon","coordinates":[[[-97.6434358673762,20.944462359753334],[-97.63903186141462,20.94358928168663],[-97.63101553647029,20.935081733975355],[-97.64558429919083,20.922526193847048],[-97.65567434594941,20.925279242730888],[-97.66800141853408,20.923739171680182],[-97.67755130361608,20.929731636547352],[-97.69140172091441,20.922703340821478],[-97.69871052332228,20.922633940955855],[-97.70883887580683,20.92852324123949],[-97.69005879790859,20.946072060893396],[-97.69463527871706,20.95199573746403],[-97.69347859768567,20.963455020410695],[-97.68826779829978,20.978309973358282],[-97.68202930575298,20.977140855822498],[-97.67407336850002,20.971103575769877],[-97.66268960706012,20.96527096097877],[-97.66344095942748,20.95415462062103],[-97.6522219578836,20.94268469874838],[-97.6434358673762,20.944462359753334]]]}},{"type":"Feature","properties":{"clues":"VZIMS005382"},"geometry":{"type":"MultiPolygon","coordinates":[[[[-97.56875974951436,21.149817351474468],[-97.58990937860506,21.172551947213766],[-97.58793170002464,21.1772499558715],[-97.57666917041087,21.18471943065421],[-97.56121418164751,21.18755210149876],[-97.55112096835958,21.185999937233753],[-97.53552864531947,21.16268133388899],[-97.56875974951436,21.149817351474468]]],[[[-97.57605645168634,21.254335472139676],[-97.59430968053158,21.263659374994887],[-97.60188843685376,21.265392237581136],[-97.60289469570387,21.283228518557245],[-97.59985914539507,21.289693040446743],[-97.60576169959944,21.30157085460142],[-97.61096921128635,21.301163827347427],[-97.6267218936003,21.305470967632093],[-97.62810533216404,21.307589470349345],[-97.62653842010572,21.310782124577724],[-97.61227663431339,21.31647168197068],[-97.60400396763691,21.3158192756112],[-97.60273063632016,21.322687825075548],[-97.5956353752193,21.33098383356409],[-97.58228137113969,21.326308770230614],[-97.55717185841189,21.321703332896664],[-97.55695767635697,21.316413617686006],[-97.54050237851375,21.304909154997677],[-97.52414301176051,21.341410864016396],[-97.52562809767312,21.346905068031493],[-97.48371471514523,21.386771024460902],[-97.47323031922728,21.340373323567],[-97.46854577926194,21.330214744563463],[-97.47510488180123,21.31985578470385],[-97.47122298173983,21.299328594880713],[-97.49431433308143,21.28106880353239],[-97.47998781410307,21.276869583590056],[-97.47908493757203,21.26828252027767],[-97.48920673147458,21.26323498763587],[-97.48900223315908,21.25702843720207],[-97.47914608127847,21.250113311186656],[-97.47720099381492,21.246717718137628],[-97.47756768993044,21.233485515127462],[-97.49375442044195,21.23081553452361],[-97.49862882645883,21.22323645829769],[-97.52016049262207,21.228635941654968],[-97.52119280552338,21.24811324441317],[-97.53959239333807,21.2407731123855],[-97.55320073513593,21.25975659626535],[-97.57484417795668,21.252526592942417],[-97.57605645168634,21.254335472139676]]]]}},{"type":"Feature","properties":{"clues":"VZIMS006432"},"geometry":{"type":"Polygon","coordinates":[[[-97.4593314921275,21.034240645368637],[-97.46402835994091,21.034849710603876],[-97.4824517435224,21.058864488196846],[-97.49074137203932,21.074787137115102],[-97.49423391168264,21.075409365857258],[-97.49615518318745,21.077921338990958],[-97.5018295192461,21.103746722519457],[-97.4952710608217,21.113640410583418],[-97.4864727933975,21.118209938224165],[-97.48632250733506,21.138099244240802],[-97.48923289790324,21.144212436305214],[-97.5103072556919,21.169776311103547],[-97.50693399389456,21.17765347503324],[-97.46441807156903,21.175304295758444],[-97.45356590585115,21.166882489842283],[-97.44106597118103,21.165083950192496],[-97.43717892482604,21.160869181401083],[-97.40314546361485,21.174919894240787],[-97.39176623008063,21.14825737946686],[-97.37812365504931,21.121422764261144],[-97.38869440747658,21.103744434097383],[-97.39835101527417,21.092908599924733],[-97.38382286445712,21.062284900917554],[-97.384672079574,21.047091784213357],[-97.38687915530335,21.046408308500787],[-97.42019214001719,21.063076359075303],[-97.43174842410988,21.052779732493715],[-97.43620875462685,21.057527321835476],[-97.44839150720932,21.057794780405885],[-97.45025898153057,21.047843653783577],[-97.45429029054729,21.038952396717217],[-97.4593314921275,21.034240645368637]]]}},{"type":"Feature","properties":{"clues":"VZIMB006052"},"geometry":{"type":"Polygon","coordinates":[[[-97.42220373130793,20.93525757147003],[-97.4255404888526,20.934006244716038],[-97.42954794333326,20.935098448691807],[-97.43582282268513,20.931285426596787],[-97.44494426140095,20.934924273614644],[-97.44330715453206,20.942472510559625],[-97.43960304377782,20.948338293815283],[-97.43480464172305,20.948896586485407],[-97.43526227938436,20.954077191518813],[-97.43881937067496,20.956094879466452],[-97.4389555285373,20.962717077829986],[-97.43147860593241,20.96100259419666],[-97.42943477339152,20.956954505452888],[-97.42015718742421,20.955234649683653],[-97.41587376233481,20.948559993033083],[-97.42308775889434,20.947796874395607],[-97.42220373130793,20.93525757147003]]]}},{"type":"Feature","properties":{"clues":"VZIMB000213"},"geometry":{"type":"Polygon","coordinates":[[[-96.72117941577955,19.569483842026436],[-96.69955367753441,19.576978083590703],[-96.67564358932246,19.557639111316902],[-96.67559483313056,19.554702557839594],[-96.68281527266207,19.549470453293782],[-96.69849265252387,19.549103085663006],[-96.70685412195469,19.553462024914335],[-96.72117941577955,19.569483842026436]]]}},{"type":"Feature","properties":{"clues":"VZIMS003323"},"geometry":{"type":"Polygon","coordinates":[[[-96.00408270802599,18.682075123482104],[-96.00591755821839,18.680005792229395],[-96.03318177008298,18.679704038625214],[-96.03457615061983,18.683727138750086],[-96.0447032657496,18.692123250709283],[-96.04561690270071,18.698911941086052],[-96.04374830497704,18.70106590010906],[-96.03974478265326,18.719590789487036],[-96.04135631248846,18.72294657261852],[-96.05562677526649,18.719165310769803],[-96.06153159523399,18.723766498668898],[-96.05509820182851,18.745694020049733],[-96.05505668175697,18.75142407676119],[-96.05307691430349,18.753995243426107],[-96.0440527187768,18.756036985631148],[-96.02158634131953,18.744354475792083],[-96.00329782816277,18.717682931607104],[-96.00433736983537,18.708090605455634],[-96.00658931380048,18.70549101724788],[-96.00432786819063,18.69410607215922],[-96.00408270802599,18.682075123482104]]]}},{"type":"Feature","properties":{"clues":"YNSSA001644"},"geometry":{"type":"Polygon","coordinates":[[[-89.42094597822152,21.060923211137528],[-89.42316468139819,21.0517466659099],[-89.43024335215303,21.049190146264607],[-89.43774577081838,21.042342572706847],[-89.45829845798035,21.046687073577264],[-89.46078238176726,21.050971118290633],[-89.46164786748045,21.064417320976105],[-89.4514596849827,21.074479496853908],[-89.43630560959278,21.078762901265385],[-89.42880059188909,21.085036319761716],[-89.41873435447653,21.08700463090921],[-89.41168152954583,21.078838657085104],[-89.41763316551815,21.068598825215666],[-89.42280643136547,21.0638928417271],[-89.42094597822152,21.060923211137528]]]}}]}