{"type":"FeatureCollection","features":[{"type":"Feature","properties":{"clues":"ZSIMS001000"},"geometry":{"type":"Polygon","coordinates":[[[-102.12350355485862,22.426991148555217],[-102.11848655108864,22.419448486119908],[-102.13527214580017,22.40950304090942],[-102.1560149180447,22.404206845311407],[-102.17389414440339,22.41849010424584],[-102.19681781724533,22.4118914232869],[-102.20374387190851,22.414212014222304],[-102.21257479581723,22.429844330297897],[-102.22556178157468,22.432406116293745],[-102.23304433432374,22.4243832354632],[-102.23883776902638,22.425696261126397],[-102.24410164227743,22.43387444662399],[-102.22899411585502,22.437638608717933],[-102.2340322539546,22.452650832627207],[-102.23257350562561,22.467852154230517],[-102.2257143106784,22.477291507835574],[-102.2148731889947,22.483094725819146],[-102.17474826105956,22.46637463436234],[-102.17165036645322,22.456461140172863],[-102.12350355485862,22.426991148555217]]]}},{"type":"Feature","properties":{"clues":"ZSIMS001222"},"geometry":{"type":"Polygon","coordinates":[[[-101.8616971746668,22.37424517926006],[-101.87162318114812,22.375588535057112],[-101.87711660965502,22.377839461025804],[-101.8616376308133,22.43088722083677],[-101.86507609391198,22.437948956771656],[-101.8627419559043,22.46349217553589],[-101.82552683098892,22.444101671280304],[-101.82563794210687,22.43998778018121],[-101.80187054153315,22.427842843379448],[-101.79923829872482,22.401091791280553],[-101.80040101743867,22.39493112577198],[-101.82156461987506,22.386184265416084],[-101.82937541041865,22.375970298054995],[-101.8616971746668,22.37424517926006]]]}},{"type":"Feature","properties":{"clues":"BCIMB001096"},"geometry":{"type":"MultiPolygon","coordinates":[[[[-117.05274784420291,32.32520021375124],[-117.05746968333936,32.33408827331754],[-117.05956499950888,32.33174968015303],[-117.05750392438974,32.3341595450363],[-117.05887373133007,32.337407593282926],[-117.0713266394984,32.36482612175073],[-117.07246878083507,32.364494188163874],[-117.07345398369377,32.367370847499785],[-117.07588449814705,32.36833106902679],[-117.07112855048855,32.36939290289625],[-117.07128559366421,32.37001751144072],[-117.07621286277907,32.36878197574324],[-117.07540503594647,32.36724127490622],[-117.07667923755142,32.36792834500573],[-117.076479547952,32.36907578403086],[-117.07470963843545,32.3695773107977],[-117.07547166146912,32.3727295020361],[-117.08419527041035,32.386315346989356],[-117.07728255462183,32.38625826501488],[-117.0715172577576,32.38827006766065],[-117.06823684447596,32.38694636683338],[-117.06444355670608,32.389969651194036],[-117.06067178679032,32.38868393351451],[-117.05503813934246,32.397150671737],[-117.05238053449068,32.39731349833477],[-117.05105398223566,32.406067141440786],[-117.0552467586781,32.40601482721798],[-117.05947018749639,32.403066087116954],[-117.06079157618952,32.41075601508997],[-117.06486329071164,32.41119907519314],[-117.06701433850793,32.4133549575054],[-117.0750643903008,32.41326615383864],[-117.0791599517526,32.42538468385702],[-117.08236424860684,32.428990942221944],[-117.07331028773439,32.433445306013944],[-117.06864990546484,32.427616743730596],[-117.0581333925238,32.43281796599108],[-117.05394830830954,32.42997782077578],[-117.05330612894606,32.425984614568314],[-117.04605159251777,32.424483723609534],[-117.04002110167616,32.42803447544595],[-117.03100599244605,32.42601326785456],[-117.0256717653928,32.42699788229902],[-117.02262483345406,32.42283942982808],[-117.01592361668081,32.42392743982126],[-117.01351992334833,32.42801565933616],[-117.0007659003374,32.42425239183115],[-116.99641498875722,32.42153564302185],[-116.99462438561365,32.41973073721431],[-116.99360478473783,32.40601996353615],[-117.00768399587108,32.407365154214304],[-117.0112015377181,32.401079911221906],[-117.00902865600246,32.39656951490134],[-116.99150553682198,32.39485915753391],[-116.98906945215163,32.380333312210155],[-117.00067114400797,32.37560458081532],[-117.0035892512428,32.3646963595972],[-116.99060575249266,32.357328313474575],[-116.98199197201177,32.3593459270795],[-116.98040914298768,32.3622505188547],[-116.96892929911238,32.36426590306826],[-116.96614387138969,32.34833590375386],[-116.98147328777803,32.35716387040989],[-116.98091927388369,32.35053973050331],[-116.97640589831539,32.34388787994698],[-116.97476478219126,32.342306447921445],[-116.96760779254731,32.34107291033249],[-116.96924676945721,32.32877246976119],[-116.97567482060298,32.32758744965429],[-116.97713504659008,32.31760633663168],[-116.98096472013086,32.315919196048874],[-116.98579635421002,32.30658816104277],[-116.9932899005447,32.30911990273523],[-116.9953255023728,32.30512983669191],[-117.00276322559044,32.30422124869727],[-117.00347403987158,32.301995173329544],[-117.00049164498553,32.29810761029863],[-117.00483750074478,32.29318898182966],[-117.00863140006429,32.29345529571943],[-117.01096142286791,32.29778202987543],[-117.01684190365785,32.30195058227282],[-117.02284248179005,32.29463061331812],[-117.02699085847726,32.29245177500958],[-117.026628104675,32.289099811539636],[-117.0346040688835,32.28438758983231],[-117.03909184529743,32.28540229853349],[-117.0401578835177,32.29373105552375],[-117.04357359885003,32.30132986434489],[-117.04534391809963,32.30180635158585],[-117.05274784420291,32.32520021375124]]],[[[-117.08642974621863,32.39075998221977],[-117.09098693705087,32.397792959784915],[-117.09115191351901,32.39868533613312],[-117.08440796905347,32.39829428752076],[-117.08642974621863,32.39075998221977]]]]}},{"type":"Feature","properties":{"clues":"BCIMS000542"},"geometry":{"type":"Polygon","coordinates":[[[-116.49523667204745,31.394429137004767],[-116.49839733036691,31.40268956723817],[-116.5020075687381,31.40584090943755],[-116.50182586355817,31.407809031546275],[-116.50012057863485,31.4079511498606],[-116.50063405028497,31.410756820001563],[-116.50926509258409,31.41517347297323],[-116.51291964777042,31.414565818573738],[-116.51227558396856,31.419254597400595],[-116.51704557915797,31.424635819402205],[-116.51682438158065,31.42655355873598],[-116.5205955788692,31.42921386022323],[-116.52234184969872,31.432292380221586],[-116.5217206762412,31.434461706773533],[-116.52401964014378,31.434615619211748],[-116.52467399179459,31.43673334030486],[-116.52817130934629,31.437000249556096],[-116.52989861965999,31.43820296931379],[-116.52918576966636,31.439231169312066],[-116.54169493773381,31.44444460590454],[-116.54449278710452,31.44695280688346],[-116.54728642259235,31.446011469281803],[-116.55060770921439,31.45211356319051],[-116.57124004433884,31.46496445476338],[-116.58264102000676,31.466441306119087],[-116.58940793456004,31.46442470024985],[-116.59052319576602,31.462668275410145],[-116.5929964340552,31.463240931369793],[-116.596643050407,31.460674369663437],[-116.59810891737904,31.462744418423664],[-116.60245953884882,31.46328471162395],[-116.60467434024527,31.466868879109033],[-116.6033280751516,31.476337297627627],[-116.60674405054975,31.482394429506414],[-116.60617352155789,31.487235627157386],[-116.60866553320585,31.497226645968528],[-116.62001415017868,31.503706569560684],[-116.62132371004533,31.50537273927318],[-116.62015894174043,31.506974607416673],[-116.6224225197601,31.50783371971509],[-116.6233038372428,31.510990417076023],[-116.62695658283259,31.513443576337583],[-116.62900577814055,31.51311837533344],[-116.63416682862643,31.517175355777876],[-116.63710292343508,31.518354892866814],[-116.6453080033084,31.515229866122088],[-116.648459378726,31.516063799397067],[-116.64590205980137,31.517998318882604],[-116.64668066853943,31.51934418806361],[-116.65169815177268,31.52085099403682],[-116.6560371302647,31.526758834328742],[-116.66019990887919,31.52886128889247],[-116.6593825084354,31.533828248874403],[-116.6604996001446,31.53583254335224],[-116.66414439906511,31.536335738935364],[-116.66652319984526,31.54018653970744],[-116.66460630967386,31.54221479910303],[-116.66598726033321,31.543580849233976],[-116.66456731138413,31.546676105372505],[-116.66916631573685,31.552631885100823],[-116.67847437333566,31.5547618361087],[-116.68081615698942,31.550790183364928],[-116.68119659176064,31.5519865095326],[-116.68503526134832,31.55043276384419],[-116.6871850908541,31.553092224314316],[-116.69110740833632,31.553264679090894],[-116.68868539933685,31.556992430095562],[-116.68993798053302,31.55828392002467],[-116.68792248961212,31.55910145024771],[-116.68985450962188,31.565266939388234],[-116.68877692023865,31.567794078888443],[-116.69232619883826,31.570982169415895],[-116.6852674437997,31.571162538846448],[-116.68336822995818,31.572509312594466],[-116.68154077889056,31.571209658952043],[-116.67665108022764,31.57434985042108],[-116.67634644004617,31.57833185328903],[-116.67181198608412,31.579598887779778],[-116.66870746101831,31.57782640220881],[-116.66635508389072,31.579930850097007],[-116.65690260455682,31.578738377922473],[-116.65268656510251,31.580327613117],[-116.65075337053915,31.588093591781533],[-116.6536849085256,31.590609179059598],[-116.65461024125884,31.593947437464994],[-116.66394810914657,31.60008387944988],[-116.66599182636217,31.60534868803884],[-116.61823307250312,31.613420037120857],[-116.61064838159956,31.59736263368142],[-116.5980006200824,31.58923716338989],[-116.58648487092891,31.58667170127796],[-116.5605066016997,31.597386451772557],[-116.54044024809588,31.613071308428157],[-116.52214364871398,31.606831497643327],[-116.51477459101416,31.6073288208907],[-116.4978250945154,31.60483718353561],[-116.48455133142508,31.635870294393516],[-116.47179675257864,31.629268992017753],[-116.47105790742152,31.6209410482891],[-116.46319763992615,31.6252184559384],[-116.46122155488263,31.629542288079893],[-116.45311231146572,31.626499899846834],[-116.44816403396382,31.62916811695152],[-116.45193847955134,31.64482431627037],[-116.45183887209028,31.67965876857799],[-116.4213746331904,31.67842857749831],[-116.40806265767772,31.671179119221733],[-116.3916149607541,31.670185774050527],[-116.3869528009342,31.671997380017856],[-116.3568216932368,31.69347658942225],[-116.31423462274888,31.71072164780207],[-116.27926141347679,31.682281994590486],[-116.26426695625737,31.632798312086045],[-116.17536858991305,31.586800592537877],[-116.16628263339729,31.586580199890573],[-116.14076497632402,31.553926552492396],[-116.06475054416656,31.496281819451315],[-116.04646719422864,31.43774320647685],[-116.09486672856526,31.395109967386233],[-116.14013410560796,31.401155054472692],[-116.19171471648497,31.420985371285404],[-116.1994482616331,31.42064118624589],[-116.20886696208206,31.40951865106766],[-116.2317247008871,31.38927471328945],[-116.24650631316524,31.38553956044063],[-116.25626134063056,31.387199844069997],[-116.28913622338082,31.388043285756037],[-116.29212148028219,31.393468245068036],[-116.29876851341766,31.415979125276188],[-116.34568762748187,31.4351393579879],[-116.3555478331813,31.372114176673605],[-116.36210000521672,31.359388596791437],[-116.37963625868304,31.340700217959128],[-116.41784695386269,31.383977921177177],[-116.43102612164203,31.384215776949606],[-116.44931936302801,31.390534158872867],[-116.45262844102204,31.389567616160512],[-116.48110114290976,31.401478968209137],[-116.49523667204745,31.394429137004767]]]}},{"type":"Feature","properties":{"clues":"SCCSA000042"},"geometry":{"type":"Polygon","coordinates":[[[-115.65145305761018,32.39959587944027],[-115.64025271089416,32.511709194377985],[-115.64494662396837,32.5531063026545],[-115.636177235819,32.56426192763972],[-115.61327649774381,32.57001340347846],[-115.60327404359234,32.56923562965534],[-115.60012961963801,32.55826223692825],[-115.59247063042207,32.56198368158203],[-115.58959900664028,32.559559682107114],[-115.58451214672822,32.55955162499151],[-115.58006920275307,32.5625044679362],[-115.5765011019434,32.56211893325249],[-115.57267609978796,32.56405469221032],[-115.56862212282441,32.561495244289155],[-115.56216490567388,32.562123290772874],[-115.55410126941102,32.56928315952427],[-115.55185722424974,32.56890655425695],[-115.54343445765643,32.544278014439556],[-115.54198425985673,32.53247788435053],[-115.53717124552702,32.43297554748879],[-115.56713496703172,32.357590910980036],[-115.65145305761018,32.39959587944027]]]}},{"type":"Feature","properties":{"clues":"BCIMB000541"},"geometry":{"type":"Polygon","coordinates":[[[-115.13102430036712,32.26236872071275],[-115.13221943718771,32.26799226152866],[-115.14085115370075,32.279910397358044],[-115.1558182354609,32.279379846875315],[-115.1548893879328,32.2887203621073],[-115.15305119763379,32.291485990111816],[-115.14905283372819,32.29287411926131],[-115.1414690895361,32.29116095841432],[-115.13793864597865,32.29839760548279],[-115.13128492264241,32.30627269536371],[-115.14586378439965,32.306571223092156],[-115.15124686008684,32.3168650987486],[-115.16102533303695,32.32156455468812],[-115.16203619648647,32.33461636859258],[-115.15554399135449,32.34218473642878],[-115.15523397421671,32.34754243049898],[-115.13425238718769,32.35530132952251],[-115.12730815696992,32.34664890215604],[-115.12989867450425,32.33677041683233],[-115.12141073007504,32.33005491779866],[-115.11576288378704,32.33073111606367],[-115.10401348363031,32.32208226384942],[-115.10359090853879,32.31982264922135],[-115.09179272169261,32.308789093192026],[-115.08929831530884,32.30468148429667],[-115.0849940393571,32.295924899415326],[-115.08597486970217,32.290976572544565],[-115.09705638468603,32.28932229390062],[-115.10582479011033,32.294433020728036],[-115.10565913100237,32.29842657615214],[-115.10034894093947,32.3038099676494],[-115.10215065806831,32.307455159495625],[-115.10962384990643,32.31134743097395],[-115.11481675384533,32.306803591148416],[-115.11001608216893,32.301071950987875],[-115.1100602451619,32.29112899418576],[-115.10501611212871,32.28581627225602],[-115.09318871709058,32.28266548164054],[-115.09290999449843,32.27736256547526],[-115.08598194028538,32.275252964742265],[-115.08586110420781,32.29076609992619],[-115.0705089268991,32.284602951576105],[-115.06716405443909,32.29265481301173],[-115.05652627393188,32.292363893000754],[-115.05131104662335,32.28964817152074],[-115.04527318043162,32.29537207320427],[-115.04116256761276,32.29629223306654],[-115.03068704518343,32.288186159710044],[-115.027857180306,32.284246850722106],[-115.0370882076241,32.270795491371516],[-115.03953672853044,32.253757226896234],[-115.05163837215137,32.258300768851036],[-115.07211067234492,32.25155444427918],[-115.07823280260921,32.24741531120171],[-115.08567261768397,32.251068762962646],[-115.09212065618439,32.25817096530801],[-115.09837631870799,32.26141484596191],[-115.10154451163109,32.25585204634891],[-115.10192259382079,32.24624178495834],[-115.10421624430916,32.24580843964415],[-115.10766934969355,32.24773735861352],[-115.11762382201312,32.244227728043676],[-115.11924394571055,32.25478141777288],[-115.13102430036712,32.26236872071275]]]}},{"type":"Feature","properties":{"clues":"BSIMB000071"},"geometry":{"type":"MultiPolygon","coordinates":[[[[-112.17866978385375,24.795105504984658],[-112.17706483512755,24.794788698954264],[-112.1798646997362,24.794661428575147],[-112.17866978385375,24.795105504984658]]],[[[-112.10028727530559,24.797904318326218],[-112.10934039294581,24.80006578101374],[-112.10733281607334,24.797958430974173],[-112.11591769383494,24.797568197587907],[-112.11543232707447,24.80035128497727],[-112.11755220787076,24.804457056388557],[-112.11331914724965,24.80576813944587],[-112.10808552231038,24.803990682151582],[-112.09956467248287,24.8047913711234],[-112.10169547859203,24.803577845292466],[-112.10091600474796,24.802188474294862],[-112.09853317630888,24.80135423969057],[-112.09839397722958,24.80448085109774],[-112.095319221899,24.800715750037913],[-112.09379838383599,24.801215387117374],[-112.09631573713357,24.80529283052506],[-112.09407644488039,24.804512974674132],[-112.09525628219079,24.805532561618882],[-112.09516623778853,24.81192618459109],[-112.09894363289293,24.813978469256316],[-112.10184657509684,24.81217483833163],[-112.09309214183456,24.825000926678545],[-112.09108032806039,24.833155724549968],[-112.09167160290315,24.835244506579834],[-112.09769639896896,24.83852816245699],[-112.09545494560997,24.834901863162088],[-112.0959546330208,24.832453398062405],[-112.09392733179828,24.831325532989503],[-112.09616880641177,24.832057603299518],[-112.10171354475708,24.84244335540129],[-112.09786286212818,24.848750574674057],[-112.09966530430236,24.850689835219537],[-112.10044457654456,24.848530474341338],[-112.1032447275306,24.85158405533966],[-112.10326792725297,24.84456999833418],[-112.10704175273767,24.84247428857027],[-112.11618893528065,24.84883101792082],[-112.11784028125368,24.8567703098827],[-112.11981707947841,24.859340503151795],[-112.11904375422976,24.8645295126526],[-112.1222644985511,24.867773820655046],[-112.12356770358579,24.872726754942455],[-112.12130186166077,24.878356559857654],[-112.11734852633225,24.881400507515647],[-112.11550206406339,24.880936512241053],[-112.11519868333292,24.879797345583416],[-112.11803024125851,24.8785362312073],[-112.11764357868745,24.87630548601737],[-112.11908910108613,24.87481237408026],[-112.11963637786783,24.871510872736327],[-112.11916242792404,24.87025399614969],[-112.11907468656425,24.87245609188074],[-112.11598138806019,24.874358471322736],[-112.11667737960228,24.878364292966257],[-112.11448833804828,24.88001229539014],[-112.11685524542418,24.884875688055523],[-112.11098570944596,24.890722024605967],[-112.10912199592022,24.894704647247835],[-112.10355405834079,24.898787801933633],[-112.10041628074791,24.8994397966291],[-112.10160601218503,24.89834524433159],[-112.1001236079138,24.896770041607024],[-112.09865429004225,24.90189183033474],[-112.09582273223485,24.899542112834776],[-112.09166462380831,24.90268300125603],[-112.08827627845065,24.90061990046165],[-112.08275949139139,24.901255324364197],[-112.08247990406659,24.89984549401013],[-112.08534120566145,24.89870335346806],[-112.08634058033935,24.896609427398626],[-112.08560889508126,24.895021136821896],[-112.08711985301566,24.895639797682175],[-112.0842466537834,24.89298074939162],[-112.08429900164016,24.896962777227365],[-112.08128898411472,24.90024643370767],[-112.08224076775109,24.904089263621003],[-112.08003381808557,24.90536822355653],[-112.07927239094546,24.90795588696],[-112.0812073535813,24.909604261905184],[-112.08556652178886,24.9071397104793],[-112.08287875897443,24.905201417561166],[-112.08303775024532,24.903605616546827],[-112.08777049851932,24.906010656587526],[-112.08831182551992,24.904340274668094],[-112.09253887702718,24.90379321841788],[-112.09452935653597,24.90132430764492],[-112.0992787009489,24.902657025628223],[-112.10500790764293,24.899824057285525],[-112.09744479191468,24.90924315427485],[-112.09469466889604,24.919899789378963],[-112.09727162453322,24.917722583459287],[-112.09951996040613,24.91926273349542],[-112.09824958400208,24.918065225593104],[-112.09897597510611,24.91607934567656],[-112.10339061448269,24.916457593363365],[-112.10336072642345,24.914942557942847],[-112.10605963040652,24.915901480487896],[-112.11026651655453,24.92972079568412],[-112.11213023036947,24.93150717558317],[-112.11144197087137,24.935768195004837],[-112.1083950708491,24.938490298931864],[-112.10436172449776,24.93846309503126],[-112.10220073921828,24.935628997429237],[-112.10414951768102,24.93693591634629],[-112.10501564174928,24.93679671695817],[-112.10535971066342,24.93607788436538],[-112.10350765766884,24.936092992207723],[-112.09678110641244,24.926165566908775],[-112.09400096323628,24.92577040709534],[-112.09819491683858,24.9295583968467],[-112.09218618302103,24.93306929185025],[-112.08965526820916,24.930890659036194],[-112.08991700874351,24.92940349660318],[-112.08480866371013,24.928328809891138],[-112.08359454444252,24.926642962618445],[-112.084414267761,24.924562718464607],[-112.0812914626542,24.923252589522324],[-112.07945927819642,24.924501806214515],[-112.08335481265667,24.925220044860936],[-112.08299135136402,24.927207489293295],[-112.0845225341389,24.92857047445977],[-112.07988758100522,24.933436682232472],[-112.07660987274105,24.932556281180148],[-112.076324338435,24.93355565563005],[-112.07778175792342,24.93510825310547],[-112.08060141937602,24.935179636927703],[-112.0842122513923,24.93231833496837],[-112.08367961026032,24.930741584061007],[-112.08598411787199,24.9340127484906],[-112.0905390007328,24.93437621140471],[-112.09291988841855,24.93728902900748],[-112.09664826713868,24.937283912610816],[-112.09845011376814,24.940400411214043],[-112.09798219246922,24.943350706085486],[-112.09602508509684,24.944730794638456],[-112.09365752093991,24.94355890918229],[-112.09240235575577,24.939400801470384],[-112.08752683964906,24.938031421252962],[-112.0851643927597,24.93989001688205],[-112.08757716696488,24.940377211571345],[-112.0864227702852,24.943478007636948],[-112.08371018519368,24.94504845202021],[-112.08436691628732,24.941431671619174],[-112.07895126261586,24.938918960034645],[-112.07613195871332,24.944529965073826],[-112.07837460090728,24.950353101045685],[-112.08242527596155,24.950625907947845],[-112.08351982815135,24.947780073363923],[-112.08796466057234,24.948741374852506],[-112.08937449246139,24.947391031144562],[-112.08879152434578,24.945410130397107],[-112.09089472962154,24.94399637089217],[-112.09623840463497,24.9474608672625],[-112.10087062049968,24.947545932176418],[-112.10460037028709,24.950735413280995],[-112.10254100223847,24.94764646508381],[-112.10468632291276,24.94696867772333],[-112.10124205314567,24.944636805264018],[-112.10377832242774,24.943470509812954],[-112.10768744850748,24.94603792245613],[-112.10837726374857,24.941746553300163],[-112.11036704867588,24.941537198094757],[-112.1075028117831,24.951419062201587],[-112.10784154871159,24.957934362212008],[-112.10361086699199,24.962239996243355],[-112.09827288316313,24.964710433876675],[-112.09449451687354,24.96153326271914],[-112.09656631961127,24.967530344673843],[-112.09855554905252,24.96782539685563],[-112.10013551088635,24.9749828162033],[-112.1014867537734,24.975419084634773],[-112.10077611510813,24.978660579606068],[-112.10385672433084,24.982172330027876],[-112.0489423153722,24.950676928886466],[-111.9906661137966,24.887048243470616],[-112.01235934290301,24.845708733099308],[-112.00822734775025,24.737905104075146],[-112.02543360208479,24.7349010696233],[-112.02961193619211,24.735234193884626],[-112.03103961161764,24.737033066048358],[-112.03143936249712,24.74126850759405],[-112.02859352582021,24.744780591412397],[-112.02445326394023,24.744704449287124],[-112.02325200830151,24.742576186932805],[-112.02545504993847,24.74445900632254],[-112.02825091686539,24.743209789691367],[-112.02462818814051,24.741330014891115],[-112.01881040556624,24.744982487951845],[-112.02005367443401,24.74624955145108],[-112.02002987891703,24.74472669641612],[-112.02194415623788,24.745703465151024],[-112.02613200687986,24.754132705690783],[-112.03242568105601,24.75812425103427],[-112.0301431594008,24.76056890970496],[-112.03167694378752,24.762768562157103],[-112.02865502852734,24.762108262032367],[-112.02937481586214,24.764898180594347],[-112.03676899064858,24.767283590443547],[-112.0385952265615,24.766313959197426],[-112.0354828915433,24.771743888927737],[-112.03223322695874,24.773869342436367],[-112.033550770014,24.77362842218334],[-112.03574939155534,24.77696918626346],[-112.03821451301374,24.784059979243498],[-112.04205972218145,24.787257975561392],[-112.04348739924923,24.785059353656138],[-112.0452856372389,24.78722620929772],[-112.03894437440887,24.79448951425813],[-112.02990242151382,24.796018318085448],[-112.02749365663028,24.794617567396816],[-112.03101006087562,24.800153821585248],[-112.02976679229714,24.801468473051685],[-112.02839860192833,24.799790953737627],[-112.02817255372484,24.801182938708987],[-112.03108144471359,24.80425244243119],[-112.0370249226348,24.804844302065476],[-112.03578682887428,24.81114693142407],[-112.03757737274475,24.818802847474473],[-112.03888012832276,24.81751198958565],[-112.03769634634318,24.810462836450036],[-112.04046246988305,24.81675651071642],[-112.04435883705257,24.817523886404594],[-112.04463797675739,24.822837946261323],[-112.046541991598,24.825304724411893],[-112.05401944867998,24.8290404773622],[-112.04130717772756,24.834554878520674],[-112.03765470593518,24.83433477840938],[-112.03538826893163,24.828778737299682],[-112.0331515760046,24.82855268815873],[-112.03056391243275,24.83040866837396],[-112.02804168300817,24.829575855849285],[-112.02794055582895,24.827856696263012],[-112.03087919047425,24.827850747511903],[-112.03275301552134,24.826119689175634],[-112.03310993531053,24.821759327148136],[-112.03017130109548,24.821104975020052],[-112.03004637904306,24.81747034797872],[-112.02551350632916,24.818606541427325],[-112.02607862748351,24.815739290024926],[-112.0239728045943,24.8149600171572],[-112.02319947962137,24.81807116213595],[-112.024740181423,24.82387109862993],[-112.02785727474632,24.824471912176424],[-112.03025833146499,24.82271583896638],[-112.02467474648859,24.82771392843938],[-112.02770261022525,24.83174116599591],[-112.02563247871947,24.837374540700075],[-112.02879716191377,24.84022989368551],[-112.02995120066446,24.840449993327965],[-112.02870888427543,24.83662096466486],[-112.03316603246797,24.838723662960685],[-112.03267663466416,24.84146316871245],[-112.03722140573119,24.845187024064625],[-112.03776273330853,24.844146010709824],[-112.03849441715309,24.846067425693402],[-112.03627556983969,24.8401604136918],[-112.03399723564236,24.840202053140228],[-112.03383067400247,24.83810217889954],[-112.03001758836628,24.8356513345292],[-112.04047531878093,24.837102805077937],[-112.04783380176774,24.834152274382756],[-112.04734601159895,24.835199236591297],[-112.05155171012221,24.835776256008227],[-112.04846435866212,24.837935617741913],[-112.0472151417355,24.836781577930644],[-112.04606705213396,24.837596543054833],[-112.04943398886826,24.839999798976002],[-112.04927932356073,24.837751208762082],[-112.05209898550235,24.837537056918286],[-112.05134350661577,24.83402735215323],[-112.05675678117743,24.830136933263372],[-112.05667364004366,24.826115782114762],[-112.05094137819302,24.824247767222438],[-112.04850242988817,24.815122534652346],[-112.04080487413918,24.808073381726093],[-112.04021595654366,24.800881460671917],[-112.04135809950924,24.799263427560035],[-112.04527243121285,24.802530744576202],[-112.05084750752935,24.804420035910784],[-112.05178144724283,24.809512082241447],[-112.04906231586152,24.809037424194226],[-112.05033283100697,24.812358909486495],[-112.05211843689153,24.812993853609626],[-112.05057077681717,24.81182947923997],[-112.05299187804722,24.81204957943433],[-112.05315249178882,24.811502303195603],[-112.0505291361891,24.811026411005034],[-112.05446714370228,24.808742128278762],[-112.05637666228895,24.812751520318496],[-112.0603561063736,24.812085579301606],[-112.0586327866743,24.811184169603827],[-112.05640204312691,24.812344156887974],[-112.0552717988854,24.808364508228973],[-112.05280905651013,24.806692937180696],[-112.04990476473225,24.800742272389396],[-112.04652252148094,24.80098461035017],[-112.04415527398233,24.798849718624243],[-112.045237928963,24.79770757664546],[-112.0472485731244,24.799188790901177],[-112.04790887422733,24.797493425093258],[-112.05068689482455,24.797344708839734],[-112.0513293494163,24.794055103924997],[-112.04958044462002,24.79268691438252],[-112.05157116335846,24.785812777974733],[-112.04707189779174,24.77261021112124],[-112.0452592708111,24.759714089072478],[-112.04256572067007,24.7572394493484],[-112.04348895189239,24.754907578183026],[-112.04052890352365,24.753498937634756],[-112.04188995475747,24.75206174261716],[-112.05659502419262,24.75023431650832],[-112.06616045664349,24.745913215191276],[-112.07413495510306,24.739255144233738],[-112.0741997750272,24.740905417655725],[-112.06847277070919,24.74741132292569],[-112.06650406503952,24.754137393240306],[-112.06530541233215,24.754160593623315],[-112.06628366692529,24.756554402307312],[-112.06202125938694,24.756814913451475],[-112.0649574163922,24.762048506064104],[-112.07085788445285,24.765049006007537],[-112.07072413729284,24.766279219248567],[-112.0713538012255,24.767831236563055],[-112.07198644134954,24.764146428822123],[-112.07404467478945,24.765455132473353],[-112.0751139391861,24.76417944697037],[-112.07471462818559,24.794118121562263],[-112.09242375793453,24.793951807160653],[-112.09460036336961,24.796464743859072],[-112.09822904114452,24.79563193331069],[-112.10028727530559,24.797904318326218]]],[[[-112.13604719375206,24.864530763395273],[-112.13673884170422,24.841575072702565],[-112.14063734346449,24.83392443234665],[-112.14207929668434,24.832689492369298],[-112.1429850647059,24.834237152315286],[-112.14057499349099,24.836307862271898],[-112.14137359576974,24.83723319964868],[-112.14528818209432,24.83524662707567],[-112.1411240327567,24.82610928287352],[-112.14052983298916,24.81904442168606],[-112.14302547077175,24.815640199736336],[-112.1425762561099,24.818436069639166],[-112.14362442285413,24.81709638903175],[-112.14356025012613,24.815944383171505],[-112.1407722665809,24.81151099975804],[-112.14418059422943,24.809498125923533],[-112.14334992910243,24.803936085719613],[-112.14446351704876,24.803671965463284],[-112.14796846298673,24.806441657679912],[-112.14999186312757,24.810436608225256],[-112.15104716123732,24.820403494479894],[-112.15350714684384,24.823037466135606],[-112.15498313845734,24.829327707471194],[-112.16003858515444,24.832945098518387],[-112.15788520676045,24.836659447222168],[-112.15523270113083,24.834737577178366],[-112.1532861043708,24.835682337806073],[-112.1552754839575,24.837144763439596],[-112.15126820439171,24.84030897818778],[-112.15284877412631,24.845472491021507],[-112.14804289026556,24.849264106852008],[-112.1470089834527,24.84832591979888],[-112.14402134862956,24.849671731200665],[-112.15144408670336,24.851651601280174],[-112.15065261318279,24.858199179446622],[-112.14643855068394,24.854433717134146],[-112.14559716525007,24.855650065251208],[-112.14923366484324,24.86201628290547],[-112.14954027236189,24.860424759676274],[-112.15257068824789,24.86031477505626],[-112.15453867707426,24.85436901704844],[-112.15528736752013,24.85566300395571],[-112.15537293186448,24.85405845925727],[-112.15319103292249,24.853469689184074],[-112.15434259052573,24.851431617450498],[-112.15322311911875,24.848371212370015],[-112.15487737032637,24.845854246079575],[-112.1566029251492,24.846216589595244],[-112.15691666187647,24.8447025072468],[-112.15812882872221,24.847018915691677],[-112.15814308949756,24.845886598029058],[-112.1617082861565,24.84597071450472],[-112.15845742061725,24.842998065301867],[-112.1604289734784,24.84343590592178],[-112.16486687856468,24.839450535248744],[-112.16796146926423,24.840369377422736],[-112.17064249642416,24.831905412135473],[-112.17286004793853,24.82983462973333],[-112.17068527935376,24.82890923733551],[-112.17156231736004,24.825615302046266],[-112.16543731026519,24.82072924482146],[-112.16693469275647,24.81807580872538],[-112.1687244214826,24.821525264508317],[-112.1699437175976,24.82154467906773],[-112.16906668009912,24.819551385263956],[-112.17302818804917,24.82145094401463],[-112.1763468099857,24.819965578387897],[-112.17201866162272,24.81935723153357],[-112.17299552602542,24.817642191928762],[-112.16796860041399,24.815635891091244],[-112.16664961110241,24.812395068929114],[-112.16769181540668,24.811695507553022],[-112.1736087385233,24.814917498332978],[-112.17932731351233,24.82131169932822],[-112.18232920926289,24.83195718098264],[-112.18135234519951,24.832850195675544],[-112.18380520011104,24.834383835551964],[-112.18221512226899,24.838363444131577],[-112.18264294556154,24.841417626052007],[-112.18433284875782,24.841773511731343],[-112.18254312003333,24.84283468998646],[-112.18481771521215,24.843630567379144],[-112.18477493271831,24.839554067055893],[-112.18812621728445,24.841915865575668],[-112.18891769129466,24.848664537294077],[-112.18816900013806,24.854190021253903],[-112.18619388076488,24.85416414109621],[-112.18744882978689,24.858434254632062],[-112.18514571267704,24.860543376329222],[-112.18122399797703,24.859948167242102],[-112.18145594538635,24.85440681769072],[-112.17863230992414,24.851501768063624],[-112.17857526738096,24.855636105156215],[-112.17573737080474,24.85651600794696],[-112.17303495284227,24.86082485723014],[-112.16925584519146,24.861957036998415],[-112.16508456564324,24.86090249352821],[-112.16355866221726,24.868976322881863],[-112.16042128960956,24.868329401262578],[-112.16071363572854,24.865618760398075],[-112.15858877895452,24.86808356962966],[-112.15693452750156,24.8680124081054],[-112.15581505569652,24.870457761481962],[-112.15898095010002,24.86995963816959],[-112.16084911324755,24.874953722147463],[-112.16170475953932,24.870076082658276],[-112.16308805580783,24.87274781127126],[-112.16534125949194,24.873524089051184],[-112.16440717862837,24.87028309495744],[-112.16700977219509,24.86909276819085],[-112.17012600410534,24.86993043589239],[-112.17168730892669,24.866524470202705],[-112.17315616907334,24.867093770575607],[-112.16998314477298,24.871415187863143],[-112.16787967924823,24.8788479330347],[-112.1653198693285,24.879313678594684],[-112.1647351770504,24.88183643147285],[-112.16302388309661,24.881655312625917],[-112.16531986950588,24.88302663539833],[-112.16740194351836,24.882121046613815],[-112.16791533090466,24.884514373250994],[-112.1627957102748,24.889443189631113],[-112.16286701381615,24.89296827073492],[-112.1651701301086,24.894928043194376],[-112.16329483664308,24.89986291004946],[-112.1608419827847,24.900270367061815],[-112.16144806551117,24.90261160392303],[-112.15819660705372,24.910469296728987],[-112.16110580708236,24.915144870500384],[-112.15816808563423,24.918113089267678],[-112.15885260254704,24.919981930885132],[-112.1569915712834,24.92201887186948],[-112.15969399010169,24.929345114494616],[-112.15880269147742,24.93233238823179],[-112.16094893847365,24.93407816488825],[-112.1633518812896,24.93144655887105],[-112.16463535078078,24.933780738023223],[-112.16624682014972,24.93096161319741],[-112.16779411504652,24.93185391221706],[-112.16873532555304,24.93594029897976],[-112.16658194776208,24.937925251701547],[-112.17039670793233,24.9374467965514],[-112.17376225265684,24.941061022984663],[-112.17555198073455,24.940841198225293],[-112.17334869027071,24.93813214984429],[-112.17359825361945,24.935791588291483],[-112.17793353225308,24.93634763705818],[-112.18030082188504,24.938474825521915],[-112.1827251553408,24.94420318057097],[-112.17930969670952,24.94648539655404],[-112.17774101051428,24.945373386058677],[-112.17767683783832,24.94727414057243],[-112.17923126299387,24.948754639312085],[-112.18328132632847,24.946556512027897],[-112.18169837857116,24.95412049128164],[-112.18380184402116,24.95628616062255],[-112.1835380200263,24.959841652916996],[-112.18067873345974,24.960462238607512],[-112.1798230863998,24.963022117274893],[-112.17079601021412,24.967915474461726],[-112.15419645712277,24.964049931890237],[-112.15025274519168,24.96727656500126],[-112.15023195964235,24.964825636427257],[-112.14514798982206,24.965323377669908],[-112.1439286933773,24.969990406388565],[-112.1456756389534,24.97169686656482],[-112.14533337952547,24.974094919007086],[-112.1491462962327,24.97723460936353],[-112.1524281195435,24.977624043941308],[-112.14877022906457,24.981786471083378],[-112.14943335632103,24.984203717658076],[-112.14626746186413,24.98555451009978],[-112.13600228731788,25.000608973895872],[-112.10876510589553,24.984987464511963],[-112.10869422771027,24.98347236868977],[-112.10949996259963,24.978747679700653],[-112.1124733362786,24.97715119703987],[-112.11230220726083,24.9795297535126],[-112.1160385323088,24.983149207457007],[-112.11393506632818,24.985792634084316],[-112.11440567215496,24.986736240656903],[-112.11582461996183,24.987692763844525],[-112.11455540952453,24.98587019138233],[-112.11753533992604,24.985884677247537],[-112.11740043687577,24.987052927898365],[-112.1199388561336,24.986005915392028],[-112.11777834841882,24.982224964063285],[-112.11901903647632,24.980854744600475],[-112.12008146357451,24.98198582316175],[-112.11955381516724,24.980680234448197],[-112.11748600079494,24.981113276970955],[-112.11514010314637,24.979109631209305],[-112.11743608935183,24.979620241548552],[-112.11891921021856,24.977125342816827],[-112.1194682497003,24.974410629228622],[-112.11812060574037,24.97259432314643],[-112.12789756239381,24.967077372343375],[-112.13452169614737,24.952428940538706],[-112.13927310200809,24.948589184568263],[-112.13500912800806,24.939912807385785],[-112.13764737336935,24.934636857377868],[-112.13040289367468,24.932600125398853],[-112.131821841587,24.930466369881728],[-112.13513747500623,24.93045990447509],[-112.13429608821664,24.929095574027404],[-112.13619277271894,24.92583017299528],[-112.13048845940094,24.927155742672237],[-112.13008915713004,24.92416834218415],[-112.12720847926286,24.922390094383463],[-112.13113732512278,24.920676484266295],[-112.13123001997751,24.918173925549084],[-112.13369713486362,24.91895638431409],[-112.13182184179087,24.917514326950286],[-112.13256340321512,24.914746565338532],[-112.13515886572831,24.913278592428856],[-112.1381465001847,24.908318392239273],[-112.1397294474254,24.908531808228105],[-112.14048526842849,24.90583498414557],[-112.14405759518587,24.90488429097199],[-112.13985779440888,24.900596382402817],[-112.14038544313986,24.8997814682417],[-112.14332316431216,24.901689392020003],[-112.14107590300412,24.897831474491394],[-112.14230945991581,24.8951150135261],[-112.14514022548032,24.893814970913436],[-112.13971399751676,24.89145416406132],[-112.13682618858442,24.88267027116881],[-112.13780305345149,24.88131835037559],[-112.1432078896624,24.88078792697704],[-112.14229876513862,24.874428066609713],[-112.14395301576737,24.873328345670707],[-112.14142885738127,24.871407044486038],[-112.1442239712971,24.869964430883023],[-112.14161424672838,24.869970901519686],[-112.1409110778963,24.868383594583985],[-112.14167240917236,24.86688234587163],[-112.14522400831653,24.867726624584037],[-112.1457017435311,24.865999317322046],[-112.1515700571969,24.8667432916232],[-112.14539513714584,24.863437424159773],[-112.14346993245803,24.864970684330203],[-112.14132368377759,24.863120418640115],[-112.14124524892095,24.861716526663294],[-112.14275689223157,24.86150303023073],[-112.14167307300718,24.860966052026242],[-112.14063916578606,24.861496560239285],[-112.13914891420457,24.86543648132934],[-112.13604719375206,24.864530763395273]]],[[[-112.18252183369846,24.879506355584116],[-112.17738221301262,24.874006471292443],[-112.1788669817504,24.87255357071578],[-112.17822452820563,24.87018362765317],[-112.18341413162796,24.869319883141305],[-112.18581262889079,24.86682144871431],[-112.19198763348055,24.866302801217817],[-112.1917618368204,24.864157117046943],[-112.19377617254636,24.861682525534206],[-112.19549935114385,24.868248980303285],[-112.20656783580891,24.869201320331722],[-112.20408731316357,24.86854602520883],[-112.20528165436897,24.86758004949104],[-112.20326731839235,24.865694141918954],[-112.20296427648893,24.862330021087683],[-112.2072484536794,24.86153210738849],[-112.20972032275026,24.85621075200054],[-112.21405797751594,24.853633559380448],[-112.21702243845745,24.85416571580763],[-112.2188525720256,24.851922770077348],[-112.22086096591099,24.85263447940794],[-112.21892981810234,24.855599887095295],[-112.2191437300096,24.856559585099212],[-112.21936952556862,24.856812988362798],[-112.21985082718423,24.855357265559707],[-112.21955372661368,24.85675907243552],[-112.22130661485748,24.857670237846243],[-112.22023111496517,24.855368047936164],[-112.22264950610744,24.85504455237326],[-112.22232269594905,24.856219917970964],[-112.22291689621379,24.855206300716183],[-112.22277428757289,24.854974461584888],[-112.220859776839,24.854717820473358],[-112.22131731112843,24.85323511444558],[-112.22299889449256,24.854016907152058],[-112.22321874881911,24.851493586708585],[-112.22497163671767,24.852048937448867],[-112.22289193898429,24.84789722586834],[-112.23077696376528,24.848107511564123],[-112.23210202922652,24.842985088127175],[-112.22460323267478,24.84697520407677],[-112.21768734729558,24.84530422406863],[-112.22101486389072,24.843853758038133],[-112.21490649527088,24.84417189111394],[-112.21527779209693,24.84165014253516],[-112.212347278038,24.8406890951215],[-112.20922179033599,24.835976190887123],[-112.20875806862387,24.825379387666807],[-112.21281980938463,24.824080202333338],[-112.21474003367959,24.826385899019623],[-112.2171813613199,24.825343694933608],[-112.21815931891732,24.82759942469833],[-112.22286460563434,24.828750108297424],[-112.21978665377014,24.826307164945433],[-112.21868738541785,24.820741606599977],[-112.21660768736038,24.819884100361318],[-112.2142962516043,24.822968937939667],[-112.21215713416306,24.81973848561384],[-112.21185409344525,24.82225705937916],[-112.2100001907951,24.822855685165987],[-112.21138499407382,24.819354592164085],[-112.20964961281815,24.81755963373437],[-112.20735894599845,24.818576508457898],[-112.19752200549634,24.811368035493867],[-112.18897483074996,24.808349809501788],[-112.18960251686924,24.80727752753701],[-112.19645244607115,24.807989493691064],[-112.19823979825615,24.806470629443982],[-112.19757429497474,24.8045202421368],[-112.19178441615551,24.801145828593075],[-112.19360504339853,24.802966814939683],[-112.18816217729442,24.80599166498772],[-112.17834600511253,24.7974908282628],[-112.18467779312677,24.800891233393283],[-112.18443060553034,24.79944564147293],[-112.18751093474317,24.796705442530296],[-112.1803009196683,24.79497175052455],[-112.29750881728197,24.789313808767243],[-112.30491772036693,24.793886113342083],[-112.30319023106564,24.800656868931128],[-112.29996011351102,24.8045330116398],[-112.30145203534907,24.80842343037355],[-112.2896879802848,24.811835577344688],[-112.2792564225877,24.833082379513083],[-112.24320758784371,24.918505028903045],[-112.20805460302697,25.012986410600913],[-112.16329377820448,25.016261631723186],[-112.1621476990607,25.01009277171344],[-112.16460768364391,25.010402937739705],[-112.16179117990765,25.005750365906096],[-112.16420078002403,25.00414287806266],[-112.16208882261023,25.00368366028906],[-112.16256126152652,24.99859669308549],[-112.15746303154745,24.99460932666301],[-112.15811189713516,24.992657601311922],[-112.1560298226461,24.989193536083263],[-112.15841850371837,24.98852139324249],[-112.16440090260642,24.990066025715926],[-112.16501411714361,24.988631262888536],[-112.1620122217471,24.985289883855927],[-112.1636949941282,24.982446085835786],[-112.1628607381724,24.980384290851894],[-112.15715642535083,24.97849697495558],[-112.15635782099207,24.973901369246793],[-112.15374274973418,24.971119253426075],[-112.15835915891347,24.967763628151545],[-112.16637067418807,24.970712030381463],[-112.17199943272921,24.970457904138392],[-112.17706031971115,24.96802734015885],[-112.17896532342257,24.968721141997076],[-112.17980551960481,24.965983619468798],[-112.1860334940928,24.962577130712763],[-112.18822413604354,24.95846454311545],[-112.18970488117829,24.95865309133713],[-112.18480569208064,24.938692099844864],[-112.18750400125582,24.93804250734296],[-112.18475995418981,24.937286056346984],[-112.18584139729623,24.936321597417603],[-112.18519966228637,24.93118666766312],[-112.17395834048851,24.91930618754317],[-112.17440042446009,24.91770246863003],[-112.17231121954353,24.91754080167967],[-112.16651209279154,24.91183042131134],[-112.1698396090621,24.90356860425337],[-112.17100423990381,24.902232002632047],[-112.17132510783387,24.90303504285485],[-112.17169351081779,24.903029654429663],[-112.17117061618394,24.900356424544867],[-112.17279277978322,24.897769373255034],[-112.17817028365393,24.897990352701648],[-112.17397523717086,24.8928807765964],[-112.17656594566664,24.89002406398121],[-112.17650058442486,24.887188847367426],[-112.18842616427997,24.89318800316465],[-112.18812312182366,24.895069080196343],[-112.18628704733459,24.894610940882192],[-112.18926992679708,24.897354362199742],[-112.188176599549,24.898249059147613],[-112.19159324601337,24.89866406810144],[-112.19193788159649,24.902690113866846],[-112.18992948812013,24.904301572963465],[-112.19240135776677,24.903579383309726],[-112.19298367317778,24.906635188314986],[-112.1917180280842,24.907815451981886],[-112.19381555236662,24.908925644251603],[-112.19240729995543,24.911038216438275],[-112.19006021215215,24.91043462853337],[-112.18769529925989,24.911992095102697],[-112.18816208096095,24.908836370042756],[-112.1835243703394,24.905901478288396],[-112.1813454264729,24.906857417095342],[-112.18270733123536,24.907736954833133],[-112.18061812561494,24.90716784321886],[-112.18024734631422,24.905783852978363],[-112.18026160598131,24.90707083498358],[-112.18521009754981,24.909728829662573],[-112.18226524678927,24.91326626512318],[-112.17628997844044,24.911429655923303],[-112.17701014762754,24.913149861614652],[-112.18055395279492,24.914611370109004],[-112.17783014254555,24.916376796871184],[-112.17874996293799,24.918187466361836],[-112.17759484007479,24.921394869952188],[-112.18287845965551,24.92350291743],[-112.18480366644137,24.921698793183182],[-112.18734921579507,24.92314726788087],[-112.1906648478305,24.916680732456786],[-112.19410882724611,24.919196255231178],[-112.1965840236653,24.91675584916342],[-112.19141625908472,24.88853641068223],[-112.18648643890778,24.88476341585503],[-112.18126699233673,24.883133374513818],[-112.18091769917412,24.88070164287092],[-112.18252183369846,24.879506355584116]]]]}},{"type":"Feature","properties":{"clues":"SCCSA000075"},"geometry":{"type":"Polygon","coordinates":[[[-111.86214261446545,24.66548156586654],[-111.90989871189772,24.715647668658175],[-111.93702456716055,24.736206210954663],[-111.94157409582327,24.744905521722735],[-111.93992418471326,24.74729440862425],[-111.93757719675354,24.747169577970414],[-111.93591157360896,24.744468890570058],[-111.93273499431909,24.74455217168092],[-111.93083142484119,24.741446974304218],[-111.92704808156121,24.740899698404956],[-111.92573937780148,24.736414414057887],[-111.92277694885686,24.73578385695206],[-111.92187275409277,24.730727501954295],[-111.92036179635028,24.729287928090194],[-111.91728205400058,24.72953060568432],[-111.91731608651968,24.727991122595828],[-111.91509129044685,24.727979225695837],[-111.91137933054732,24.724112601442755],[-111.91336618108105,24.73161980014106],[-111.91459160371966,24.729621052908698],[-111.91504370056569,24.7341896184049],[-111.91641189079816,24.73311886126882],[-111.91798233512262,24.737889680614447],[-111.9198859041847,24.737949166226596],[-111.92678146107562,24.748867903656492],[-111.93124532952244,24.74975306299722],[-111.94855828947036,24.764648488664893],[-111.95902791742206,24.769550178184865],[-111.96343467909537,24.778706344113207],[-111.97055541396415,24.784667885023225],[-111.9663091880653,24.78976193037371],[-111.9684150109136,24.79380701400893],[-111.97171056462385,24.79336681358449],[-111.97266234901018,24.791772574406078],[-111.97244819802927,24.793343019540085],[-111.97536303842213,24.79422341896515],[-111.97671821830961,24.784560810354694],[-111.97450531914245,24.778457492389016],[-111.97105847163796,24.77603183050805],[-111.97134400741935,24.772500710364707],[-111.96810794027677,24.76416307863044],[-111.9642436946844,24.75949933554549],[-111.96555715819119,24.755939661625305],[-111.96863142230565,24.757034213143367],[-111.97089666834565,24.756815302953],[-111.97034463374439,24.755768340393534],[-111.97429453949158,24.756177607579033],[-111.9650622298493,24.746926263098654],[-111.95906598789007,24.75180891749567],[-111.95094726715908,24.75283684451331],[-111.94727337976511,24.7555684656736],[-111.94596943483225,24.753350808477645],[-111.96268276863098,24.747468779956485],[-111.96489810622919,24.7446695179874],[-111.9650612782392,24.737434117380513],[-111.9847543372975,24.738736761191234],[-111.98640307978437,24.745708152299038],[-111.98462540990987,24.745640874704485],[-111.98867644253993,24.748972119657132],[-111.98968771398759,24.747318394536986],[-111.99206722067262,24.747843707363714],[-111.99548479403406,24.74616742112927],[-111.98962011070833,24.74620308007001],[-111.98739499329017,24.74483140447689],[-111.9880487336523,24.743444165931088],[-111.99066971046024,24.742650615875867],[-111.9918163530614,24.740294879713627],[-111.99129049303123,24.742316272419316],[-111.99287373434687,24.74078142704704],[-111.99534059206061,24.741672658025447],[-111.99696457424163,24.739775038414024],[-111.99060223337545,24.738980226615297],[-111.98983664218461,24.74037221159258],[-111.98921798187824,24.738786895132623],[-111.98799040390111,24.739431563637407],[-111.9839262842687,24.737080656287425],[-112.00822734775025,24.737905104075146],[-112.01235934290301,24.845708733099308],[-111.9906661137966,24.887048243470616],[-112.0489423153722,24.950676928886466],[-111.92497029430362,25.029463875621463],[-111.8980500089231,25.009710372327433],[-111.88423468431357,25.011897159262155],[-111.86397755962349,25.02760799678944],[-111.84382123554026,25.028820500256185],[-111.82392387628757,25.067058760201522],[-111.8179383362397,25.06694910230215],[-111.79873073533089,25.051916807965544],[-111.79244134026328,25.057051098549014],[-111.77545220992285,25.05535003815864],[-111.77407009900125,25.056387296006868],[-111.7595964595993,25.04979675801517],[-111.75185719943005,25.036194669699515],[-111.75260701543766,25.029700923893042],[-111.75906852467443,25.022396248814875],[-111.7574140621006,25.01611841063208],[-111.77041820315493,24.991801783352695],[-111.77691322790558,24.986399398331613],[-111.78899075715691,24.99194229027984],[-111.81002578542855,24.992236946199505],[-111.81599805953773,24.984297392971037],[-111.7886318465853,24.957806735938938],[-111.834574837095,24.946823259065418],[-111.84847766009989,24.892846015811553],[-111.76893810613218,24.885420954404626],[-111.76596266821626,24.88292579122097],[-111.74575367018173,24.820651776263364],[-111.7295968474082,24.762359771003343],[-111.77284724389156,24.691025144654],[-111.85124690554294,24.6735113814318],[-111.85799138566236,24.667264318346465],[-111.86214261446545,24.66548156586654]]]}},{"type":"Feature","properties":{"clues":"SCCSA000080"},"geometry":{"type":"Polygon","coordinates":[[[-111.58407916188683,25.0855492277531],[-111.59542888232592,25.104036935732605],[-111.59915478790515,25.1054469382732],[-111.61595586799709,25.105573916223804],[-111.6294885141552,25.132424160122007],[-111.62654102956705,25.14029068266373],[-111.62173782994414,25.145037438604334],[-111.616196670107,25.159640905916746],[-111.60245159033543,25.170381315658084],[-111.58818407268932,25.1543665587865],[-111.57365315522708,25.158700685416694],[-111.55588294428375,25.170656157059035],[-111.53098444153736,25.190717132677076],[-111.51500502862827,25.228279758485645],[-111.48890483736668,25.250710003047747],[-111.46321830715948,25.222276393918055],[-111.4556003587913,25.17234329040595],[-111.41750412221896,25.13751041882504],[-111.41656840780873,25.12706856986086],[-111.4629805538841,25.08951531013975],[-111.4683333582263,25.057538903573647],[-111.51118765356397,25.030467621153072],[-111.52992463475243,25.04803826894222],[-111.54131051490825,25.053751482979607],[-111.54367035571494,25.057147318507955],[-111.58407916188683,25.0855492277531]]]}},{"type":"Feature","properties":{"clues":"BSIMB000264"},"geometry":{"type":"Polygon","coordinates":[[[-111.22585300860862,24.314024927331435],[-111.25906373499707,24.32400633951169],[-111.33330856164616,24.362789204786168],[-111.33623600157861,24.385915738509038],[-111.3259738533321,24.39698324657362],[-111.3186830455762,24.41060389984446],[-111.29146177221463,24.48848060171319],[-111.3094170783791,24.595060617883014],[-111.29799227151014,24.60239131792112],[-111.20895442399943,24.585855829513147],[-111.18404630716645,24.619854884833174],[-111.17183253814974,24.629781918357413],[-111.14081313189,24.64959440937572],[-111.12288452953997,24.645968692824358],[-111.11224927583201,24.619514595217744],[-111.10971568116813,24.618012926510985],[-111.07474467203423,24.615828145852706],[-111.0469525353525,24.637794521992],[-111.03555749668513,24.637400432631424],[-111.02599242897809,24.619800968787587],[-111.00823722940615,24.620444613498464],[-110.98621745517576,24.61454590168501],[-110.96244416692909,24.553011129908562],[-110.95739196900101,24.553904872390113],[-110.93925143400071,24.562153442888544],[-110.83712585089725,24.578498163510694],[-110.82833842461358,24.419684793625766],[-110.86207604660898,24.428053805196303],[-110.91502045148479,24.432839261866977],[-110.9363463854677,24.43285708351189],[-110.94476499573143,24.432502599075065],[-110.98823941842852,24.41723716344961],[-111.01144965654707,24.413044522297458],[-111.00705546863949,24.394115192627066],[-111.0123967839556,24.359026845777326],[-110.98584606085343,24.347814371843814],[-110.9701874426903,24.349999147744086],[-110.92430814819888,24.331204696325937],[-110.84130933144621,24.360646973939893],[-110.8421140045461,24.291263653737992],[-110.76810703323257,24.161056452057476],[-110.76730469501715,24.143486074223105],[-110.81851772056244,24.119281217542998],[-110.83269024511608,24.12023074034305],[-110.89455142009508,24.097455337147114],[-110.92725454930175,24.079084260894277],[-111.00908344412302,24.14069925838798],[-111.0148199253944,24.186686356918546],[-111.0565945091008,24.233993602200982],[-111.07714736983282,24.245770395790952],[-111.11950535921507,24.232858632178598],[-111.1497477382717,24.266104829861792],[-111.20877029688526,24.282061380037987],[-111.22585300860862,24.314024927331435]],[[-111.139011902062,24.486124312752576],[-111.13759137793372,24.46785960764088],[-111.11950656237093,24.445368623415],[-111.11902920156233,24.42364266043674],[-111.11338683052341,24.4180218463984],[-111.10681368143047,24.40789501234812],[-111.08669151112309,24.400087650147004],[-111.06845778217131,24.402696826874426],[-111.05725114438347,24.412362107269736],[-111.03978076183232,24.42333571226556],[-111.04244352524296,24.42720532506417],[-111.07213245141139,24.445552158837472],[-111.09875629780569,24.512335321757647],[-111.1224942329213,24.498896542395496],[-111.139011902062,24.486124312752576]]]}},{"type":"Feature","properties":{"clues":"SCCSA002646"},"geometry":{"type":"MultiPolygon","coordinates":[[[[-110.95074593779431,27.86766855897322],[-110.95124749012696,27.867508789752065],[-110.95088812231448,27.868299251468233],[-110.95074593779431,27.86766855897322]]],[[[-110.92565620153458,27.86792591036022],[-110.92720112021274,27.870459872093328],[-110.92496336572567,27.87669787341347],[-110.92800566643456,27.87861395336408],[-110.92951255598007,27.877534061531996],[-110.9314187472341,27.8782651952203],[-110.93382406565159,27.88164767831736],[-110.94132999188653,27.86978961826743],[-110.94589085911703,27.86839650803068],[-110.94736230348248,27.866431979401153],[-110.94896901833319,27.86850372588943],[-110.95043312471114,27.868264195240446],[-110.94945863787473,27.87166800131419],[-110.95056622616474,27.875420467091107],[-110.94855545505777,27.87901313201396],[-110.95055725002652,27.880181578983645],[-110.95156825967598,27.884775978880242],[-110.94896901827835,27.88890390077503],[-110.95153595879613,27.891101260361665],[-110.95588251969616,27.88991570947989],[-110.96269264614173,27.89544963139879],[-110.94800080024544,27.90858773366032],[-110.94485125545712,27.91567924517599],[-110.94208236885147,27.91541563817764],[-110.940471162305,27.91679033326187],[-110.93891216894444,27.921440396262867],[-110.93194165670975,27.91628213256956],[-110.92964319360458,27.922320817765613],[-110.91748491555663,27.930512594718227],[-110.91474603184128,27.92016313414137],[-110.9111447059301,27.918555700487335],[-110.90727718301684,27.924627060862434],[-110.90566479849734,27.92416375064991],[-110.90281557547907,27.918886539078493],[-110.90321001353331,27.91703427904326],[-110.89728027043292,27.914735410250827],[-110.89284986912935,27.91717221675733],[-110.89038563125882,27.91671254549569],[-110.88997593958199,27.91367690915533],[-110.89416554936872,27.90663644921796],[-110.89923305200918,27.907864158728117],[-110.89835910934394,27.903259999222332],[-110.90068149080749,27.903164566874143],[-110.90257342883838,27.899972890433936],[-110.90688454431337,27.897705366817284],[-110.9067396793286,27.89272310916112],[-110.90103233865028,27.894010049314335],[-110.89942154866682,27.896799939772432],[-110.89743514048338,27.89690890974238],[-110.8985795702275,27.893985689499623],[-110.89542924996509,27.89396082018049],[-110.89445861985601,27.896855550201362],[-110.89101762026145,27.898050578934683],[-110.89149320592114,27.89924705749408],[-110.89084185006459,27.89809696917899],[-110.89086034962469,27.899244481565194],[-110.88943167350293,27.8987362293001],[-110.89317268914456,27.90183094905046],[-110.89021546764606,27.903021400969088],[-110.88780994013736,27.901480199158506],[-110.8859762498416,27.905585310480102],[-110.88523032805328,27.90248903222077],[-110.8822690605378,27.90408169000843],[-110.87951545942724,27.901883380601948],[-110.88114131153628,27.900441433813697],[-110.88504037762783,27.902185151715738],[-110.88650699351298,27.89878817071007],[-110.88450111058899,27.896327822278085],[-110.87990779853905,27.897054985505342],[-110.87508993948254,27.900492419211314],[-110.87327386246831,27.899068961352025],[-110.87101813327303,27.901344677039482],[-110.865354220309,27.903213998779794],[-110.86410171011411,27.901991799153613],[-110.8596933803167,27.902314479000484],[-110.85570814277986,27.899876132403737],[-110.86698220015397,27.895336377746354],[-110.85878050861923,27.895689229675924],[-110.8700493777139,27.88652217929879],[-110.86860719950414,27.886059710035653],[-110.8701066589567,27.886373479826876],[-110.87098618762703,27.883394736875076],[-110.8693330303693,27.882006709139652],[-110.86592531338727,27.885123654492524],[-110.86312064926054,27.88299261907316],[-110.86408777940485,27.881082020417082],[-110.86927609047592,27.8800200620007],[-110.86712508824317,27.880156622127927],[-110.86906811996447,27.879872997956916],[-110.86764204161676,27.879899259486784],[-110.86894333842051,27.879542102033536],[-110.86761125033506,27.879538599221476],[-110.86827204716985,27.878498401399302],[-110.86667835349535,27.87885136004221],[-110.86661429055577,27.879297050413943],[-110.86609197872725,27.87939810888027],[-110.86397831285207,27.87807821037632],[-110.87059531615,27.875796547256172],[-110.87076625911683,27.873208490167436],[-110.86876422771834,27.872339460035054],[-110.87075693898834,27.86549274611103],[-110.87475946520296,27.867472059931917],[-110.88129064835285,27.86355573686052],[-110.88060638650613,27.86106332438581],[-110.87483076903946,27.861416339501652],[-110.8757577203852,27.851686974918728],[-110.88392259936853,27.847505082502163],[-110.8842238723609,27.843881839388338],[-110.88268817005154,27.842696828767405],[-110.88382932391943,27.83928339757327],[-110.88680982681868,27.83913207443376],[-110.88832146954358,27.841107665490934],[-110.88972853408883,27.839468347111882],[-110.89102626555862,27.840405704342555],[-110.88766547394016,27.84300756200995],[-110.88892992955606,27.844100408097837],[-110.88768924164222,27.846046486569726],[-110.88857341111122,27.849291274050294],[-110.89099398496178,27.853459931100137],[-110.89906934827867,27.85756252285378],[-110.90309349200797,27.85575296168843],[-110.90611892824946,27.862366114051753],[-110.9029910634561,27.86503048164788],[-110.90359952315389,27.867005601196897],[-110.9064516799272,27.86772840135027],[-110.90899009876426,27.864912813463675],[-110.91169014061744,27.868703334439513],[-110.91544548150847,27.86964464034134],[-110.91767966951899,27.869279044885634],[-110.91984255606161,27.86621555682275],[-110.92565620153458,27.86792591036022]]],[[[-110.9532554902649,27.875481296594398],[-110.95238238928654,27.876805755092594],[-110.95275172666925,27.875763511434453],[-110.9532554902649,27.875481296594398]]],[[[-110.95528326382484,27.88438589502305],[-110.95530989161911,27.884949579538798],[-110.95510153688336,27.884968008233354],[-110.95528326382484,27.88438589502305]]],[[[-110.85971218008223,27.8776360295465],[-110.86596642986791,27.874648519399997],[-110.85960108953716,27.88084210926446],[-110.85971218008223,27.8776360295465]]],[[[-110.83347585971075,27.901923538960634],[-110.84140454007077,27.88776373914882],[-110.84346722983548,27.88656921907909],[-110.84704899956962,27.88713753923828],[-110.84818341956061,27.88852373935894],[-110.84861497006912,27.891240368821265],[-110.84782902009793,27.888537999370694],[-110.84551792048637,27.88836441945137],[-110.84274057977242,27.89087465954616],[-110.84094445993027,27.89414677945551],[-110.84188600003056,27.895720919062303],[-110.83958737981999,27.898630938841016],[-110.83347585971075,27.901923538960634]]],[[[-110.90106664958377,27.89878234963358],[-110.90042779962859,27.899522169147826],[-110.9004498795583,27.89881641905471],[-110.90106664958377,27.89878234963358]]],[[[-110.89838163018361,27.90091030962007],[-110.8992223797034,27.90067368942635],[-110.89908282979269,27.90106182952053],[-110.89838163018361,27.90091030962007]]],[[[-110.87033888523845,27.908953013144544],[-110.87498111005395,27.906620659302757],[-110.87486848232444,27.910667064492888],[-110.87033888523845,27.908953013144544]]],[[[-110.87894359953803,27.90959687902553],[-110.879968020005,27.908081418916804],[-110.88209501959427,27.908542309504902],[-110.88152430452814,27.9103638588428],[-110.87894359953803,27.90959687902553]]]]}},{"type":"Feature","properties":{"clues":"SCCSA002684"},"geometry":{"type":"Polygon","coordinates":[[[-110.22228936803388,27.134589243023317],[-110.26194219470034,27.141506964200488],[-110.2728145696548,27.144606109107272],[-110.27645928635624,27.144085110413528],[-110.30666564955105,27.155372429666656],[-110.31575717279983,27.16017449888115],[-110.33795040625914,27.175940806940194],[-110.34558244738754,27.188801635342976],[-110.35965933855098,27.19987088861815],[-110.38996301595316,27.228076773699048],[-110.36669585145034,27.238303016698715],[-110.28243371396646,27.20748296083151],[-110.2440394017909,27.25746462849659],[-110.22528850536315,27.259343241662933],[-110.21211813382243,27.253600278951016],[-110.19859965733335,27.242395312039047],[-110.1924241165451,27.198852181306645],[-110.19994250134933,27.172280547760682],[-110.21664147961124,27.159387809365104],[-110.22228936803388,27.134589243023317]]]}},{"type":"Feature","properties":{"clues":"BSIMB000375"},"geometry":{"type":"MultiPolygon","coordinates":[[[[-110.92378785942309,18.806225636432917],[-110.91554398998927,18.79800867951039],[-110.91681013982884,18.797717620926527],[-110.91753643428535,18.79186670690397],[-110.91634735056846,18.78562542317361],[-110.91391453411484,18.78464168957327],[-110.9150524616474,18.782390326341385],[-110.90770280796673,18.778650052128462],[-110.91263755651865,18.779365613204327],[-110.91333462196455,18.77730839745222],[-110.915679816467,18.776953383221148],[-110.91903685412949,18.769722685811065],[-110.91695773011806,18.76065458497988],[-110.91797637356521,18.75773837917897],[-110.91593200606496,18.754595869559754],[-110.91746656161278,18.751865076932493],[-110.91710901032536,18.7456228231248],[-110.92019442405417,18.736176682776573],[-110.91988477291204,18.732595429878963],[-110.9286685968692,18.727874453846283],[-110.94009956753328,18.730122800455984],[-110.94164264589632,18.729071125287636],[-110.9411161087953,18.724878884551803],[-110.94287094657321,18.721678840599765],[-110.94410159354219,18.722188860444014],[-110.92378785942309,18.806225636432917]]],[[[-110.79433674890652,19.32685918253169],[-110.79205897903863,19.326841835748446],[-110.79158598764239,19.32392771037484],[-110.79417016037675,19.322816568769152],[-110.79591233172441,19.316021215926174],[-110.80056488446148,19.311697626640964],[-110.800633553927,19.308361758308504],[-110.79747194133925,19.306895232525214],[-110.79628387935847,19.302702155796847],[-110.79975797581058,19.299227763847046],[-110.80461838462413,19.298613997871136],[-110.79622055448256,19.333964404989434],[-110.79451023958043,19.333452898583516],[-110.79433674890652,19.32685918253169]]],[[[-109.94404023183377,22.88125793502914],[-109.95835360456142,22.88346804172155],[-109.95105324910821,22.891264225013312],[-109.94812273926361,22.900847839863257],[-109.95025844188528,22.906878652235818],[-109.93953979541274,22.909551015532774],[-109.9337637891353,22.9018188241382],[-109.9277783300382,22.899691317160094],[-109.92582702391098,22.89632958470311],[-109.92591100925573,22.891055852451316],[-109.91992289368912,22.890756183187996],[-109.92387581943414,22.883736373672715],[-109.92200667066388,22.872061983774717],[-109.9432765112685,22.872444223434716],[-109.94233832169989,22.87759285431561],[-109.94404023183377,22.88125793502914]]]]}},{"type":"Feature","properties":{"clues":"SRSSA005293"},"geometry":{"type":"Polygon","coordinates":[[[-109.76551720732425,27.36094791333984],[-109.76035404557625,27.33248623456095],[-109.76953829598597,27.329604680144246],[-109.7815278257985,27.32980126154789],[-109.78818282312092,27.34585236521153],[-109.79875932364338,27.351250450004276],[-109.7995172873406,27.352869820571488],[-109.79901703877408,27.36511494433178],[-109.78496646651678,27.375798014242648],[-109.77937553529048,27.399523725631788],[-109.80240959057379,27.375880471377506],[-109.81684898515081,27.381330700373475],[-109.8184919685091,27.392639741728075],[-109.81104681232809,27.40363195533264],[-109.80360157699332,27.40570065949804],[-109.77602404520809,27.406585930581144],[-109.75362947006089,27.41604778997261],[-109.75237965454544,27.392761967398616],[-109.75495307669571,27.38390686528758],[-109.74602642625713,27.35494094176492],[-109.7328992272303,27.350872703217476],[-109.73387345298583,27.34694045611737],[-109.75398988628106,27.33981265806624],[-109.75339951197907,27.35314088495733],[-109.76551720732425,27.36094791333984]]]}},{"type":"Feature","properties":{"clues":"BSIMB000380"},"geometry":{"type":"Polygon","coordinates":[[[-109.76463886559064,23.34554977087289],[-109.7851087177286,23.339857977661836],[-109.79475560251822,23.32813780312072],[-109.81064541090475,23.35052177202121],[-109.82275413457552,23.35615964827411],[-109.79621015192157,23.37443694492853],[-109.79843904622818,23.392280214309128],[-109.81263051365113,23.403523815356618],[-109.79668177029927,23.427956196543562],[-109.78903258605934,23.429212277573253],[-109.7733002678726,23.41901374358371],[-109.76403835982886,23.418469039281636],[-109.75541573694781,23.415792090239897],[-109.73239809846228,23.404999220960747],[-109.75650356257016,23.38724118945376],[-109.76570133224998,23.37448843255864],[-109.76710199956767,23.358217835020675],[-109.76463886559064,23.34554977087289]]]}},{"type":"Feature","properties":{"clues":"SCCSA000164"},"geometry":{"type":"MultiPolygon","coordinates":[[[[-109.74535885408851,23.072082022454772],[-109.7509639011684,23.066469940895793],[-109.76614869979817,23.061117353389545],[-109.77331279015429,23.069251795440405],[-109.74504031670827,23.079707275198725],[-109.74535885408851,23.072082022454772]]],[[[-109.77419465996405,23.08167635922242],[-109.77357315306648,23.11205453636443],[-109.7522431204436,23.1286955691128],[-109.73349291784946,23.119326228357824],[-109.72618292058729,23.118168549977316],[-109.72631654526018,23.106525678653707],[-109.72213768182984,23.102214650560644],[-109.72392164461739,23.094304471350615],[-109.72789483581928,23.08931226277257],[-109.73077219734152,23.088846180211284],[-109.73550363146144,23.08361826346117],[-109.74325568229766,23.084694529927642],[-109.75248720431586,23.08234347900726],[-109.75805225756207,23.083436291844023],[-109.77419465996405,23.08167635922242]]]]}},{"type":"Feature","properties":{"clues":"SCCSA000153"},"geometry":{"type":"Polygon","coordinates":[[[-109.74634673000598,23.443708900545406],[-109.74781929778482,23.458804840097766],[-109.7592587870124,23.463245990527433],[-109.75221509748954,23.474266226923778],[-109.73315750856545,23.483701601832244],[-109.7140999886042,23.432665445628963],[-109.69994322756133,23.414125243810936],[-109.7012818516049,23.41073187147799],[-109.71716649403977,23.403228480224534],[-109.73239809846228,23.404999220960747],[-109.73862798464359,23.408803275104532],[-109.74634673000598,23.443708900545406]]]}},{"type":"Feature","properties":{"clues":"SCCSA002638"},"geometry":{"type":"Polygon","coordinates":[[[-109.60071740650339,27.018252142368198],[-109.57883760069099,27.01422136809287],[-109.57070260866428,27.004436746232074],[-109.5735421178332,26.992548918622617],[-109.58570283029373,26.997282764911567],[-109.5965753177264,26.99243486360694],[-109.60394988479973,26.986300189188402],[-109.6084773752766,26.990794829595423],[-109.60796916430658,27.011893496560997],[-109.60071740650339,27.018252142368198]]]}},{"type":"Feature","properties":{"clues":"SRIMB001486"},"geometry":{"type":"Polygon","coordinates":[[[-109.35055066998754,27.1825464312173],[-109.34984329519766,27.194869243257862],[-109.3483065369465,27.19725135021287],[-109.32655363946526,27.20523379310795],[-109.30846189926584,27.199622096523807],[-109.28332425994135,27.159704692534927],[-109.30214888085864,27.136516965467163],[-109.31619965839093,27.126008521412658],[-109.34090485067357,27.12399272434582],[-109.37576763437025,27.14651428066257],[-109.37785880992587,27.15386095151202],[-109.38493692895769,27.163820076168818],[-109.394513697326,27.166337537130165],[-109.39690346489274,27.170821292311654],[-109.41581274747185,27.186485588158693],[-109.4258212493234,27.200452500882786],[-109.41420534889387,27.228462099539065],[-109.37814629767739,27.193310539755025],[-109.36845466738005,27.191518099185775],[-109.35390597299013,27.1815964408372],[-109.35055066998754,27.1825464312173]]]}},{"type":"Feature","properties":{"clues":"SCCSA002671"},"geometry":{"type":"Polygon","coordinates":[[[-109.3946058534803,27.09860734831256],[-109.40873644109477,27.114310652104397],[-109.4097737301985,27.125543085860393],[-109.41927051831995,27.12969329421853],[-109.41745745464415,27.142560956164644],[-109.40948213084009,27.14926853493767],[-109.40728821245727,27.15505070228693],[-109.41581274747185,27.186485588158693],[-109.39690346489274,27.170821292311654],[-109.394513697326,27.166337537130165],[-109.38493692895769,27.163820076168818],[-109.37785880992587,27.15386095151202],[-109.37576763437025,27.14651428066257],[-109.34090485067357,27.12399272434582],[-109.35625988197128,27.111960255965386],[-109.38787151460747,27.09855100934089],[-109.3946058534803,27.09860734831256]]]}},{"type":"Feature","properties":{"clues":"SCCSA000229"},"geometry":{"type":"Polygon","coordinates":[[[-90.82982383287226,18.65681750331492],[-90.84215259367029,18.658692627131547],[-90.84744695058133,18.695602212562925],[-90.8697504001992,18.712269325124932],[-90.85748847723234,18.734731660960666],[-90.83160884130876,18.748047785179057],[-90.82835708099658,18.760363713300315],[-90.78175776960695,18.779882346012805],[-90.77417159417655,18.778894685992682],[-90.76619517760413,18.761871056314455],[-90.76444207319437,18.743708077165593],[-90.76621760755339,18.732216994295364],[-90.77689595799364,18.723699343771294],[-90.78253227995411,18.691124170350456],[-90.77375699432599,18.682330723462407],[-90.76583675736181,18.67875729731697],[-90.75815973779434,18.65085469791236],[-90.75993228408348,18.638668079735524],[-90.77082546548571,18.631080866485725],[-90.7786952193503,18.633335054037605],[-90.78498027725034,18.645805783619462],[-90.8163698225185,18.6431316395143],[-90.81824645304535,18.648504889814166],[-90.82982383287226,18.65681750331492]]]}},{"type":"Feature","properties":{"clues":"CCIMB000300"},"geometry":{"type":"Polygon","coordinates":[[[-90.67364976507926,19.3141177883773],[-90.68720922730027,19.33656126765752],[-90.68985045891353,19.338700505834765],[-90.69548064371105,19.352565081238744],[-90.6932998502434,19.369632886611637],[-90.68868284607773,19.377164737121852],[-90.67541281953982,19.379349577012718],[-90.66112203931587,19.3745135247475],[-90.6476821694616,19.376664309872787],[-90.62990674457755,19.38172614756513],[-90.6167635307664,19.390101151953647],[-90.6046145179335,19.3829565379142],[-90.59147668290807,19.33530995660978],[-90.6067950304684,19.331081035644974],[-90.61679409193844,19.31081316590583],[-90.64579678685257,19.300294691941193],[-90.65593955803415,19.30908341529398],[-90.6667792451728,19.31352133000272],[-90.67364976507926,19.3141177883773]]]}},{"type":"Feature","properties":{"clues":"CCIMB000901"},"geometry":{"type":"Polygon","coordinates":[[[-90.15076281056119,20.152218832665852],[-90.16252569358572,20.163800715436913],[-90.18120798548141,20.162564377439644],[-90.1892949760674,20.164102347555033],[-90.20156882739002,20.169574125402526],[-90.20568425787607,20.193828024206166],[-90.2213556108513,20.20927632825275],[-90.20604655055607,20.24260305447207],[-90.20129226161511,20.24247736430575],[-90.15241633450887,20.21346138300918],[-90.14094255609314,20.222931734255784],[-90.13148058990855,20.20796316299734],[-90.12887444583453,20.19720273372129],[-90.12899128667189,20.18499673261175],[-90.12286488294922,20.18102751465424],[-90.12280063221152,20.190071683338147],[-90.11915436380195,20.199246237731426],[-90.10697694524887,20.19772758853165],[-90.11329992301509,20.189610195869893],[-90.11989799780812,20.190687232489662],[-90.12164395853301,20.17980235018269],[-90.11423922727506,20.16980842542526],[-90.10921098814559,20.154351233324515],[-90.14029930595885,20.17042608647069],[-90.15076281056119,20.152218832665852]]]}},{"type":"Feature","properties":{"clues":"CCIMS000453"},"geometry":{"type":"Polygon","coordinates":[[[-90.0788465121436,19.787064015638887],[-90.05513500117516,19.806290356232545],[-90.02385521499386,19.802280172102908],[-89.9966121290892,19.817383601276582],[-89.9588480986929,19.806717351336932],[-89.91776386262211,19.816940179850977],[-89.8844710535678,19.8333588133685],[-89.87028493817897,19.819622575100382],[-89.85497050305369,19.789809234115385],[-89.85070967879473,19.77631811053805],[-89.85770017342601,19.765165191695694],[-89.859726748847,19.756933653801926],[-89.88784128358098,19.721446988071257],[-89.89222173212367,19.709109827401],[-89.91239514866805,19.700904584037627],[-89.92871954586121,19.680467605196164],[-89.94566074605784,19.638565337837367],[-90.01598447395057,19.642592325473238],[-90.03856979795167,19.63812430857358],[-90.09104775009207,19.588518993432697],[-90.13790741197056,19.69884053060276],[-90.11324416504031,19.711945202362703],[-90.10945239262371,19.715634122438374],[-90.0788465121436,19.787064015638887]]]}},{"type":"Feature","properties":{"clues":"SCCSA003391"},"geometry":{"type":"Polygon","coordinates":[[[-89.85640391911419,20.456942859136436],[-89.85417820487542,20.549545050447886],[-89.86019885397589,20.552062541539453],[-89.86132263419216,20.55126095985167],[-89.90612955951401,20.48260235591966],[-89.91141326185424,20.488146478854063],[-89.88426215426277,20.576468214227017],[-89.87490895367868,20.581531494796565],[-89.81508156391062,20.62401504148494],[-89.7732178314267,20.585924898396055],[-89.82424835442416,20.472644029858596],[-89.85640391911419,20.456942859136436]]]}},{"type":"Feature","properties":{"clues":"YNIMS000392"},"geometry":{"type":"Polygon","coordinates":[[[-89.58081625699018,20.762858558833553],[-89.55178213785963,20.784926397726057],[-89.54879969841542,20.78486783348885],[-89.54405176930783,20.782097085988926],[-89.52826745932357,20.73564765431799],[-89.53407337320266,20.7265149771576],[-89.58081625699018,20.762858558833553]]]}},{"type":"Feature","properties":{"clues":"CCIMB000645"},"geometry":{"type":"Polygon","coordinates":[[[-89.18671149380307,17.815527361083692],[-89.49283985973736,17.81463581931135],[-89.76059708992314,17.81600991191974],[-89.5767221498997,17.902840103070197],[-89.44005889256469,17.924466345491773],[-89.3285210355685,17.922282263436824],[-89.31135992475238,17.93600592369247],[-89.26368922735169,17.898727087717297],[-89.23704615889908,17.900887084227765],[-89.21367617999162,17.907816233887498],[-89.19817343370292,17.844659066334152],[-89.18671149380307,17.815527361083692]]]}},{"type":"Feature","properties":{"clues":"SCCSA000191"},"geometry":{"type":"Polygon","coordinates":[[[-89.31494630256653,18.088165629783507],[-89.31362019895845,18.04682589976602],[-89.32904218791664,18.030131918568024],[-89.3427884197636,18.02730936975648],[-89.36475598839611,18.03944599785436],[-89.37274258282649,18.074450682540366],[-89.37429075237368,18.0893905978045],[-89.36837857384627,18.09752294085775],[-89.34089574355475,18.10409341312946],[-89.32549759355734,18.092428088991223],[-89.31494630256653,18.088165629783507]]]}},{"type":"Feature","properties":{"clues":"ZSIMS000522"},"geometry":{"type":"Polygon","coordinates":[[[-101.42513328768065,24.37830155312639],[-101.45249415334352,24.37770745187535],[-101.47484749662769,24.412494043037107],[-101.52264915452159,24.443686723596432],[-101.52472608512923,24.44374972205541],[-101.52334359068726,24.542703098406232],[-101.47355695952655,24.544103215337238],[-101.47219156858162,24.542853329580378],[-101.44473330338394,24.59227446400142],[-101.43888253911123,24.59060193715889],[-101.42015431288712,24.589826742135692],[-101.39795934384239,24.581566411297217],[-101.40002197127986,24.562231870706075],[-101.36684781097031,24.54818059109808],[-101.35526326605088,24.567166463407407],[-101.33634409930303,24.575350578653058],[-101.28504817726261,24.56839779392147],[-101.26437671448333,24.570292536727187],[-101.24238102380731,24.519344142527892],[-101.25054705860505,24.507704962523192],[-101.26786267037505,24.463326843689888],[-101.2775234831611,24.4600437876247],[-101.32411480471555,24.393483206424296],[-101.3338386646142,24.406036834169438],[-101.35504605470898,24.402873501154676],[-101.36090767617146,24.4054208624302],[-101.392896605691,24.391826326451437],[-101.39747496099544,24.39180987078264],[-101.42513328768065,24.37830155312639]]]}},{"type":"Feature","properties":{"clues":"CMIMB000366"},"geometry":{"type":"Polygon","coordinates":[[[-103.91374353470442,19.13946917749],[-103.92370228259645,19.126456272853407],[-103.95543631094263,19.11346237848701],[-103.97110363185716,19.10173237941569],[-103.99997461931477,19.11842363436057],[-104.06939974460494,19.132238849076135],[-104.06800838069206,19.158828079078614],[-104.04761562047537,19.199030307037766],[-104.02862773801422,19.2048883157617],[-103.99495949064585,19.19921960751106],[-103.97896268505437,19.19106358715046],[-103.97400070978713,19.192689382390473],[-103.95244654215361,19.192163625829583],[-103.91567518799211,19.18136702952771],[-103.90931221543742,19.182042540859243],[-103.90156625093456,19.168592009469283],[-103.91374353470442,19.13946917749]]]}},{"type":"Feature","properties":{"clues":"CMIMB000062"},"geometry":{"type":"Polygon","coordinates":[[[-103.93715870870136,18.989772872497344],[-103.94893293262966,19.01198682039428],[-103.954093695892,19.031488227508834],[-103.9386628196939,19.03170483003075],[-103.91484482359111,19.058375569109952],[-103.9093242496385,19.028135233385076],[-103.91300237980508,19.004185150612745],[-103.9319491415645,18.987727926427613],[-103.93715870870136,18.989772872497344]]]}},{"type":"Feature","properties":{"clues":"SCCSA001188"},"geometry":{"type":"Polygon","coordinates":[[[-103.8633772886997,18.901842618291948],[-103.87059206454424,18.89994444151767],[-103.87184447111846,18.904097463976267],[-103.87412084000499,18.906074900676284],[-103.87420784022719,18.911257906102847],[-103.87132550718458,18.91270630254353],[-103.86696298096696,18.91114753761857],[-103.8633772886997,18.901842618291948]]]}},{"type":"Feature","properties":{"clues":"SCCSA001134"},"geometry":{"type":"Polygon","coordinates":[[[-103.77441821899295,19.016773163058044],[-103.76654959642038,19.030170360682032],[-103.74604109961076,19.02959762982669],[-103.74855673623574,18.999318267488857],[-103.75154926847422,18.989294252291316],[-103.76513008364978,18.968108180617484],[-103.7888094631738,18.97688181526185],[-103.77441821899295,19.016773163058044]]]}},{"type":"Feature","properties":{"clues":"CMIMB000173"},"geometry":{"type":"Polygon","coordinates":[[[-103.702429244108,19.085892337530165],[-103.7246145621583,19.079178077689644],[-103.74486628870665,19.086042481190404],[-103.74931432318488,19.106952609920686],[-103.75519503808911,19.11256731409554],[-103.75528503792388,19.126125555968915],[-103.74467156049852,19.126321594857934],[-103.74269274685889,19.13966277735606],[-103.74734022881235,19.149604131954334],[-103.73010929873467,19.152527613659803],[-103.72725337654795,19.141009562481358],[-103.72929768681327,19.13744565280694],[-103.73203256895651,19.136541432615314],[-103.73144232908292,19.124772741575907],[-103.73373849191859,19.12164147010555],[-103.72952565259752,19.114791626261415],[-103.70123527804431,19.087475904353187],[-103.702429244108,19.085892337530165]]]}},{"type":"Feature","properties":{"clues":"SCCSA001099"},"geometry":{"type":"Polygon","coordinates":[[[-103.75029314198481,19.223155884174524],[-103.75854724294014,19.221682959855567],[-103.75871439183898,19.225749314079863],[-103.75165689999868,19.22979766965691],[-103.74864554706717,19.233306467536618],[-103.74690720025175,19.228956486679163],[-103.74381100412853,19.227258374913557],[-103.74150264474561,19.230661186948467],[-103.73625516879333,19.230293120365044],[-103.7429645240759,19.2191338352243],[-103.73792849914538,19.21465059780222],[-103.74420713020214,19.209407417716545],[-103.7474114882427,19.21301366124534],[-103.74487032281269,19.218354958812196],[-103.75029314198481,19.223155884174524]]]}},{"type":"Feature","properties":{"clues":"CMIMB000144"},"geometry":{"type":"Polygon","coordinates":[[[-103.70732859641268,19.276693138408525],[-103.71259897470384,19.278469700082848],[-103.71614555042032,19.28163868496615],[-103.71733371260214,19.28483063327736],[-103.710428373668,19.29810474260336],[-103.71272611319685,19.301982593228576],[-103.71031578083542,19.30903287946767],[-103.7078050607689,19.307856806837755],[-103.69206705245185,19.309128823397657],[-103.68566981458179,19.301813677206543],[-103.67534359644564,19.31087639898166],[-103.65547580354485,19.30974592590764],[-103.65609933797172,19.301753894138407],[-103.6636657023737,19.292203574177314],[-103.68527780608542,19.299198913350434],[-103.67697452249796,19.27662204387264],[-103.68594304414472,19.27259159188583],[-103.69580670971533,19.275162783545884],[-103.6994110387989,19.286315937623645],[-103.70268210701644,19.284300369300542],[-103.70416541469996,19.27818530114355],[-103.70732859641268,19.276693138408525]]]}},{"type":"Feature","properties":{"clues":"SCCSA001103"},"geometry":{"type":"Polygon","coordinates":[[[-103.69480006201054,19.230273994329686],[-103.68971456064442,19.225761294207025],[-103.69005154589232,19.22360693730997],[-103.69677475427892,19.226986929802912],[-103.69480006201054,19.230273994329686]]]}},{"type":"Feature","properties":{"clues":"CMIMB000436"},"geometry":{"type":"Polygon","coordinates":[[[-103.6666200943732,19.32636860903594],[-103.65659793796893,19.32241305838976],[-103.65598728145247,19.331830551748773],[-103.64328140096809,19.343114887855727],[-103.62993560477219,19.346004662100107],[-103.63054505518043,19.33549460537931],[-103.64151216943047,19.322966063683396],[-103.65199657080603,19.317067984687387],[-103.65547580354485,19.30974592590764],[-103.67534359644564,19.31087639898166],[-103.67426635794862,19.324661129983557],[-103.6666200943732,19.32636860903594]]]}},{"type":"Feature","properties":{"clues":"CSIMS005122"},"geometry":{"type":"Polygon","coordinates":[[[-93.80015219846143,15.941961186778881],[-93.80941315531209,15.946391479162408],[-93.81763209117297,15.943530170860729],[-93.82113371312799,15.949694579475864],[-93.82678118487662,15.967712494801415],[-93.84799357151249,15.952249744064181],[-93.87517502959119,15.965685819491119],[-93.91601881112523,15.982682436842076],[-93.92854203923952,15.981285653305743],[-93.93749356456804,15.983645972378953],[-93.94123289003018,15.983006739923075],[-93.94923604128311,15.987878650971808],[-93.95511765166042,15.987821786026865],[-93.95715015035681,15.984601969315209],[-93.97858008985483,15.993858321297985],[-93.96655667629818,16.025729586267758],[-93.94218384835023,16.040413552355215],[-93.91784943378343,16.030824528244178],[-93.88224740642359,16.012189120221766],[-93.8710629768127,15.992642426286166],[-93.84198601974367,15.987771402701316],[-93.81916332268085,15.973647434760284],[-93.80461873203228,15.95439595793774],[-93.79590279285975,15.95401953219397],[-93.80015219846143,15.941961186778881]]]}},{"type":"Feature","properties":{"clues":"SCCSA000260"},"geometry":{"type":"Polygon","coordinates":[[[-93.90353095777866,16.22331302623706],[-93.90454206554828,16.230425364963065],[-93.89738973812923,16.238745756898965],[-93.90215637825412,16.245727581516107],[-93.90835525842738,16.242093327549306],[-93.91322423997188,16.24220689362117],[-93.91907795676877,16.251233872573195],[-93.90819157837969,16.2559531423118],[-93.90042663723304,16.257608356723303],[-93.89434183063443,16.27463468266343],[-93.92429079353741,16.31800357641486],[-93.9257297120044,16.32301603743097],[-93.9242512999828,16.32670679170395],[-93.91438713734897,16.333857830442263],[-93.84818005367762,16.308995389350073],[-93.85500599177577,16.29590980138848],[-93.83614874428282,16.258811860453896],[-93.8301163458808,16.259546117053098],[-93.81914036490298,16.257073023132957],[-93.80323062045663,16.260741333763058],[-93.74806578086434,16.248317222209888],[-93.74218637149964,16.236367528482496],[-93.74143311027056,16.211166479162653],[-93.75909609097798,16.19118442491125],[-93.77528536029291,16.190394253219626],[-93.79081585594123,16.184763265296777],[-93.81520717216142,16.199485835502863],[-93.8298375444155,16.19877282890748],[-93.83588888221252,16.185432606496303],[-93.84935593376485,16.18293780027128],[-93.85079894482838,16.18565939564145],[-93.86866843243426,16.194005103299002],[-93.87174974932613,16.2060443722674],[-93.87659139552743,16.211893243106353],[-93.88151024875533,16.221393102368584],[-93.88082684428963,16.23232215193448],[-93.88342376016239,16.2339043000415],[-93.88865315951766,16.233444361150234],[-93.89310019278233,16.226304328972237],[-93.89289669195415,16.22245539731977],[-93.89537736559022,16.221168135300296],[-93.90353095777866,16.22331302623706]],[[-93.86638273974745,16.198951238046856],[-93.84967056992257,16.204704607986592],[-93.84426434337125,16.20978870520919],[-93.8451322079488,16.214452689300867],[-93.84923465402586,16.212787052193832],[-93.86638273974745,16.198951238046856]]]}},{"type":"Feature","properties":{"clues":"SCCSA002813"},"geometry":{"type":"Polygon","coordinates":[[[-93.6031410068582,17.821504749309273],[-93.59278610863377,17.825568996593752],[-93.55559868862584,17.805467303248708],[-93.56634291964606,17.77355097539216],[-93.59367908443095,17.760359736267862],[-93.60526826617834,17.762863935206354],[-93.61793306591862,17.812018836984155],[-93.6031410068582,17.821504749309273]]]}},{"type":"Feature","properties":{"clues":"CSIMB004952"},"geometry":{"type":"Polygon","coordinates":[[[-93.37088521744421,17.400093955864236],[-93.38799575511173,17.386607525933684],[-93.39320665784365,17.38867756579607],[-93.40037846656843,17.405345431403074],[-93.40771337575313,17.40943630878213],[-93.42254193545098,17.408684955671834],[-93.43294799648524,17.410301500104175],[-93.43362386937282,17.43526450766338],[-93.42858252894369,17.43857336658282],[-93.39111034043745,17.42968755588971],[-93.38326872495593,17.431084241189506],[-93.37420828671966,17.44141805689599],[-93.36276897193889,17.43482341554873],[-93.3621749263392,17.429552298501477],[-93.353998484826,17.426690119201584],[-93.34854221151734,17.430082175755686],[-93.34274357487836,17.430437499652093],[-93.33871811658373,17.42823351438071],[-93.35071955492072,17.410384248465956],[-93.36591882297175,17.410862729694102],[-93.36893298796988,17.409096003701766],[-93.37088521744421,17.400093955864236]]]}},{"type":"Feature","properties":{"clues":"TCIMB002034"},"geometry":{"type":"Polygon","coordinates":[[[-93.35166034428569,17.81101534298684],[-93.3490728614437,17.79942723698649],[-93.33491038059093,17.79549141422557],[-93.3243900108891,17.77668208688851],[-93.33106990518587,17.76248945346561],[-93.35800370199314,17.76054814546198],[-93.36060999460962,17.758770008938736],[-93.38557096494114,17.770847591437214],[-93.39084668486403,17.775958864797502],[-93.3969072230181,17.777767068209933],[-93.39997639213152,17.782901234130378],[-93.393966377754,17.798648196960187],[-93.38582158524173,17.80441823741467],[-93.37934529798942,17.805197098978745],[-93.37511348609881,17.815386513266827],[-93.37329643975684,17.829510505424125],[-93.37610337612139,17.83282846327665],[-93.3759972198217,17.841784748086386],[-93.37928970058341,17.848343362897094],[-93.37814578545967,17.854330486870495],[-93.36557352843452,17.863398003597084],[-93.36196487109409,17.86210615425235],[-93.35466843935856,17.842239474127137],[-93.34993192347301,17.83570558198235],[-93.35759448720461,17.831789862424877],[-93.36018774021868,17.826109300706],[-93.36037917225961,17.81389266814158],[-93.35166034428569,17.81101534298684]]]}},{"type":"Feature","properties":{"clues":"CSSSA000675"},"geometry":{"type":"Polygon","coordinates":[[[-93.36676288712023,16.954802628047517],[-93.37536769036463,16.965040162477152],[-93.38420215356662,16.966348666374994],[-93.39405033557063,16.95656384385053],[-93.40151082156221,16.96923923907054],[-93.38796456766869,16.972762863608246],[-93.38954730047806,16.98076474065419],[-93.38594433325162,16.984818997038897],[-93.37746935307301,16.98535581139578],[-93.36996183231307,16.990281614984504],[-93.36030066237295,16.983701351134318],[-93.35335214017788,16.986071171322756],[-93.3389888601985,16.99740842676999],[-93.33996294379394,17.008744018285004],[-93.30013949958858,17.01818792780911],[-93.30154723534145,16.997469618571625],[-93.30565643222866,16.99035547758582],[-93.32791573682007,16.986237767573417],[-93.32883745157858,16.97875590333082],[-93.33459317092013,16.965562065245475],[-93.34040962644958,16.95933553363788],[-93.3417774237991,16.95094596412185],[-93.35339021580562,16.94643415026557],[-93.36188709338641,16.95287713243889],[-93.36676288712023,16.954802628047517]]]}},{"type":"Feature","properties":{"clues":"TCIMB000412"},"geometry":{"type":"Polygon","coordinates":[[[-93.37256254096376,17.970230593300702],[-93.36523916501676,17.96575298153597],[-93.36497733880832,17.963598447830467],[-93.37553918726486,17.95573377265749],[-93.37930843529033,17.955292894142637],[-93.39317142600507,17.961537931257904],[-93.3872702044409,17.970470937803945],[-93.37595653207046,17.975426263228016],[-93.37256254096376,17.970230593300702]]]}},{"type":"Feature","properties":{"clues":"SCCSA000371"},"geometry":{"type":"Polygon","coordinates":[[[-93.37383994376768,16.745843453992315],[-93.37584810235519,16.750583260649424],[-93.38064666791497,16.75493801804459],[-93.38047633670219,16.756776849967302],[-93.37367152986425,16.757716796008168],[-93.3718688865921,16.759451752260688],[-93.36718047006049,16.754401929685613],[-93.36266185647376,16.754372203094835],[-93.3631200892604,16.751665885599824],[-93.35470833369905,16.74240658653472],[-93.35889209576939,16.741908650541877],[-93.36543539313763,16.737764422396612],[-93.37111684948331,16.73949314480834],[-93.37087267167968,16.744940511498275],[-93.37383994376768,16.745843453992315]]]}},{"type":"Feature","properties":{"clues":"CSIMS005810"},"geometry":{"type":"Polygon","coordinates":[[[-93.34728436057303,16.38826627959595],[-93.35001939757197,16.38982459212885],[-93.35098787257985,16.408160056847407],[-93.35780765230365,16.410270972904755],[-93.35991558724572,16.412658677763968],[-93.35688101083973,16.416462691650835],[-93.34738617383988,16.420884898539896],[-93.349924726855,16.42963904177723],[-93.34463477958845,16.443280517512246],[-93.3417877353308,16.446788042369736],[-93.33707273761571,16.447434932778314],[-93.32379562624145,16.453687248586395],[-93.30080950158879,16.45360902044756],[-93.29279538091829,16.43679876131247],[-93.29236209787301,16.424122999916214],[-93.29502044519255,16.41765509219061],[-93.30943102478857,16.405216610525184],[-93.31463672400116,16.409452995747507],[-93.32010998368308,16.409702747417214],[-93.32725436749172,16.405663862569643],[-93.34728436057303,16.38826627959595]]]}},{"type":"Feature","properties":{"clues":"CSSSA006391"},"geometry":{"type":"Polygon","coordinates":[[[-93.28687260588413,17.47792506148842],[-93.28431096574414,17.49551884303103],[-93.29054140035241,17.514760590531303],[-93.28898786560816,17.51781611767355],[-93.27383141652967,17.529308613918772],[-93.25174877885163,17.508505842411253],[-93.25482867429191,17.496399607938255],[-93.25799263966314,17.49223404436615],[-93.2539456167536,17.485921968545703],[-93.2509694474336,17.475818288252427],[-93.26036425545232,17.47238758564603],[-93.26397170784146,17.451108175640478],[-93.27170653828345,17.44052622124698],[-93.29097302283566,17.46447328564824],[-93.28928582142208,17.473631713362224],[-93.28687260588413,17.47792506148842]]]}},{"type":"Feature","properties":{"clues":"SCCSA000416"},"geometry":{"type":"Polygon","coordinates":[[[-93.26036425545232,17.47238758564603],[-93.2509694474336,17.475818288252427],[-93.2539456167536,17.485921968545703],[-93.24930412412344,17.48811119619427],[-93.24237895037788,17.489482488539444],[-93.23256494406375,17.48569445298739],[-93.2310418523034,17.488400645171495],[-93.20907240862962,17.485354153947615],[-93.20704414047289,17.501919152018814],[-93.20073531483987,17.510653609060515],[-93.1927591861519,17.508032679374438],[-93.18764934591864,17.500320909945604],[-93.1636605924999,17.485253407294458],[-93.16174620249089,17.475921548042972],[-93.19101155264269,17.469910795396586],[-93.19534107722303,17.472555928841402],[-93.20531377051434,17.475048228198954],[-93.21746561230819,17.465739249785972],[-93.21950102567938,17.454559448901392],[-93.23524562279664,17.446812964631228],[-93.24220990402598,17.432011072072157],[-93.27011037486726,17.434026506545003],[-93.27170653828345,17.44052622124698],[-93.26397170784146,17.451108175640478],[-93.26036425545232,17.47238758564603]]]}},{"type":"Feature","properties":{"clues":"CSIMS003886"},"geometry":{"type":"Polygon","coordinates":[[[-93.1298615460022,15.414539136286638],[-93.15249718793244,15.435313636906836],[-93.15201631615965,15.447178736898957],[-93.17536828408923,15.48828540884874],[-93.17132149032864,15.495304069991915],[-93.16139847747868,15.497043316161212],[-93.13029650765034,15.491578588980445],[-93.12227051387013,15.48530888084757],[-93.12088104071181,15.451427283388618],[-93.1095308265639,15.441624759113669],[-93.1064550228925,15.433505646791575],[-93.1298615460022,15.414539136286638]]]}},{"type":"Feature","properties":{"clues":"SCCSA000338"},"geometry":{"type":"Polygon","coordinates":[[[-93.24078319263666,17.652042931646555],[-93.19848571876416,17.666903435991028],[-93.20592866873162,17.626340658786216],[-93.21483312964152,17.6215262323782],[-93.24628180770735,17.637493492282033],[-93.24078319263666,17.652042931646555]]]}},{"type":"Feature","properties":{"clues":"SCCSA000384"},"geometry":{"type":"Polygon","coordinates":[[[-93.20873450146117,15.661381391010318],[-93.21066566974808,15.660760081197873],[-93.21303441381941,15.665087747006705],[-93.21890500851023,15.66751907153395],[-93.21747206180405,15.670871489412082],[-93.21977433028648,15.681137515475156],[-93.21295016640573,15.689795656379449],[-93.21121630818907,15.68879582411681],[-93.20575930337573,15.689776924264546],[-93.19456068552442,15.705291527346786],[-93.19134699873207,15.70670813236408],[-93.18308169342562,15.703413777574607],[-93.17886102313463,15.699955224351553],[-93.18066675399469,15.6967217223685],[-93.18462994257803,15.665385614485697],[-93.19239676400345,15.65105891660617],[-93.19761203818622,15.655073122624936],[-93.20251852974859,15.653462787028644],[-93.20873450146117,15.661381391010318]]]}},{"type":"Feature","properties":{"clues":"CSIMB001913"},"geometry":{"type":"Polygon","coordinates":[[[-93.11550528040661,17.43881716213685],[-93.11522500947225,17.434874935852022],[-93.12447189574107,17.431338250018573],[-93.14112433670455,17.433642503941947],[-93.14601888833133,17.42879246840161],[-93.15298084438545,17.42766220804958],[-93.15951833736213,17.43264707389067],[-93.16645418515557,17.43438531674598],[-93.1779571256784,17.430740312841365],[-93.18525770169572,17.423997516206363],[-93.19199303126821,17.433656524212914],[-93.19550899733977,17.45023270840448],[-93.19176636179502,17.45512379945429],[-93.19101155264269,17.469910795396586],[-93.16174620249089,17.475921548042972],[-93.15360180097439,17.474990759232824],[-93.13993317839139,17.477142677327652],[-93.13567714576935,17.476015273648876],[-93.12457298154446,17.45318954117796],[-93.11550528040661,17.43881716213685]]]}},{"type":"Feature","properties":{"clues":"SCCSA000468"},"geometry":{"type":"Polygon","coordinates":[[[-93.15400804510367,16.76163838937177],[-93.15206373359658,16.766642355456625],[-93.14703067420434,16.764153377754464],[-93.13805129833978,16.765499736732014],[-93.13894292910265,16.760824299962664],[-93.14502885158082,16.756124082106837],[-93.1563427724033,16.75434458182335],[-93.15788853567862,16.757929720695277],[-93.15697237734832,16.760431406073216],[-93.15400804510367,16.76163838937177]]]}},{"type":"Feature","properties":{"clues":"CSSSA004484"},"geometry":{"type":"Polygon","coordinates":[[[-93.06508405790083,16.866663709349115],[-93.05144068282617,16.853818249881424],[-93.04801028991348,16.827351071731936],[-93.05024772965406,16.812171374644514],[-93.05501028966445,16.81277450483818],[-93.08715846309018,16.825965710538945],[-93.09456897494502,16.83043858106737],[-93.1078970140534,16.876958480242315],[-93.06508405790083,16.866663709349115]]]}},{"type":"Feature","properties":{"clues":"TCIMB003516"},"geometry":{"type":"Polygon","coordinates":[[[-92.97407338473387,17.695607126555917],[-92.97806504756201,17.69313724033758],[-92.99399345732763,17.7064271839049],[-93.00088062094724,17.734748159488326],[-93.00800660704137,17.747171063597122],[-93.00646097468687,17.7518296501836],[-92.98795785715629,17.776569096308844],[-92.94911098351814,17.76734621850265],[-92.93936387980682,17.759182351817834],[-92.94552853650363,17.743148667746155],[-92.94985952195812,17.738793247818418],[-92.95371230716917,17.72614648666378],[-92.96416469453445,17.71766766883098],[-92.97407338473387,17.695607126555917]]]}},{"type":"Feature","properties":{"clues":"TCIMB000890"},"geometry":{"type":"Polygon","coordinates":[[[-92.94692465876614,17.97593694620187],[-92.95779645127652,17.9744582166731],[-92.9585721058324,17.976900100695023],[-92.95698631347345,17.98297843292728],[-92.96636389759772,17.979356267171926],[-92.96990964862765,17.985751700073934],[-92.96020103490892,17.987794769332925],[-92.95680651097436,17.984544366485196],[-92.95281428296701,17.9867046244411],[-92.9473632561896,17.985658656747084],[-92.94471611989884,17.990514975081496],[-92.94529664200698,17.992516964424198],[-92.95143224113716,17.996193039121703],[-92.94557189535425,18.00677390728836],[-92.94002356427154,18.004769178097472],[-92.93778826932112,18.006340302947418],[-92.93922605473688,18.01101031805804],[-92.9324503629523,18.016463098161083],[-92.93171781962715,18.003770623140454],[-92.93850091833266,17.997836739980592],[-92.93216219457972,17.98904691223853],[-92.93716550664868,17.98237867156836],[-92.93626381673813,17.98038432572779],[-92.93850851382813,17.97498933601191],[-92.94620199228058,17.97724572419011],[-92.94692465876614,17.97593694620187]]]}},{"type":"Feature","properties":{"clues":"TCIMB003521"},"geometry":{"type":"Polygon","coordinates":[[[-92.90838026964572,17.579265075821628],[-92.9215926605405,17.571607360506857],[-92.93446604198166,17.581786838907536],[-92.9384909760157,17.581004367671596],[-92.94927843806965,17.583525470477145],[-92.9615527764919,17.597492834123955],[-92.96226630279821,17.60454124549595],[-92.94102885419233,17.618883970111547],[-92.91821384693168,17.624960420730442],[-92.91316089984926,17.63192771894],[-92.8731240958251,17.613839908508734],[-92.87191521423998,17.611441951386407],[-92.87688725796018,17.6037135437848],[-92.90503409409898,17.595273882413995],[-92.90576575847604,17.583796738619775],[-92.90838026964572,17.579265075821628]]]}},{"type":"Feature","properties":{"clues":"TCIMB004525"},"geometry":{"type":"Polygon","coordinates":[[[-92.90190525308901,17.81118057890859],[-92.9150833238188,17.788446843214473],[-92.9206177911187,17.784037555276466],[-92.93176432972535,17.7961349387744],[-92.9318428987854,17.804058423839823],[-92.94712097109063,17.82053620327984],[-92.93755405678192,17.836386519074118],[-92.9327377164892,17.83686803027846],[-92.9221743352703,17.833057689102098],[-92.91888120597145,17.842906840934457],[-92.91645312117453,17.843658181812433],[-92.9112862823688,17.849529536989543],[-92.89766136667642,17.84614144217215],[-92.90744663598919,17.825280967588107],[-92.90190525308901,17.81118057890859]]]}},{"type":"Feature","properties":{"clues":"SCCSA002902"},"geometry":{"type":"Polygon","coordinates":[[[-92.71287061816922,17.55382125604668],[-92.73486754363198,17.520441175795547],[-92.75787785549294,17.525048468882467],[-92.77643719897105,17.537823758530394],[-92.77723194359238,17.548038780289854],[-92.77407124991865,17.562502962623135],[-92.77614417701416,17.59057488222227],[-92.76023294969494,17.60152435805957],[-92.7388563737339,17.603349706183497],[-92.72958189058909,17.602191096750687],[-92.72194916689293,17.564156504766625],[-92.71287061816922,17.55382125604668]]]}},{"type":"Feature","properties":{"clues":"SCCSA002824"},"geometry":{"type":"Polygon","coordinates":[[[-92.74085229225385,17.791279297733034],[-92.74046366099353,17.788738044603686],[-92.7572185055668,17.7623277908093],[-92.76427550445611,17.764970526586385],[-92.77145027731969,17.77610305564396],[-92.77302886859938,17.791028510613028],[-92.78459578846167,17.78998210390071],[-92.79208252620403,17.808362354234678],[-92.770872164722,17.812759743800406],[-92.76385539215757,17.800554702947036],[-92.74085229225385,17.791279297733034]]]}},{"type":"Feature","properties":{"clues":"CSIMS000893"},"geometry":{"type":"Polygon","coordinates":[[[-92.7399960331351,17.034341898224348],[-92.72570875523562,17.045300450511427],[-92.70642460894534,17.042750477854277],[-92.700509103356,17.022798769513876],[-92.73391431144438,17.023026645079174],[-92.7404265373046,17.032605787541314],[-92.7399960331351,17.034341898224348]]]}},{"type":"Feature","properties":{"clues":"SCCSA000257"},"geometry":{"type":"Polygon","coordinates":[[[-92.64581393315055,15.79340102220338],[-92.6882233087074,15.77376266004403],[-92.69049364977715,15.776261071978851],[-92.69371663889379,15.796663496190673],[-92.69977281573594,15.801721538700729],[-92.69929350466833,15.824457832652183],[-92.68419092964892,15.844411290604674],[-92.67253061047656,15.845426998430042],[-92.64581393315055,15.79340102220338]]]}},{"type":"Feature","properties":{"clues":"CSIMS004096"},"geometry":{"type":"Polygon","coordinates":[[[-92.61120454867807,17.374949622172014],[-92.61488368139807,17.362187503766265],[-92.62814466066142,17.3567412384567],[-92.6357475337843,17.36716462622121],[-92.64619097910465,17.369404032926926],[-92.66372179380741,17.378286756005735],[-92.6705633711379,17.379655547294462],[-92.66709628652727,17.397552929267647],[-92.6744342775034,17.42852694494171],[-92.65979989824719,17.440379950451003],[-92.64073123531374,17.40964042745591],[-92.63689602777036,17.407843245426267],[-92.63401300424206,17.40016179176164],[-92.61687061637026,17.394083449236543],[-92.61592047321145,17.380208932575226],[-92.61120454867807,17.374949622172014]]]}},{"type":"Feature","properties":{"clues":"CSIMS001441"},"geometry":{"type":"Polygon","coordinates":[[[-92.65587268854401,16.838175427198074],[-92.64291381315806,16.833410763135973],[-92.64134259529546,16.827994458598408],[-92.65647558885411,16.824369980822883],[-92.6591317104251,16.832130766589874],[-92.65587268854401,16.838175427198074]]]}},{"type":"Feature","properties":{"clues":"SCCSA002898"},"geometry":{"type":"Polygon","coordinates":[[[-92.62055271868796,17.583982085305617],[-92.59203226116465,17.589136426433896],[-92.59697253357608,17.557706167941685],[-92.60678086583692,17.554985924297643],[-92.63401635468429,17.56873852096055],[-92.62055271868796,17.583982085305617]]]}},{"type":"Feature","properties":{"clues":"CSIMB004730"},"geometry":{"type":"Polygon","coordinates":[[[-92.55855656295037,16.99923253614453],[-92.57265577302306,16.993988746923755],[-92.57994373807567,17.00070671445922],[-92.58025267530971,17.00341768586348],[-92.58937446374448,17.00986295018593],[-92.58200622337138,17.024180780910886],[-92.58735564565036,17.02855831357427],[-92.5827120959026,17.039075784418426],[-92.5629568409236,17.041624689402838],[-92.5571514455982,17.040995893644084],[-92.55478235141896,17.03358565883421],[-92.5557637746761,17.03049224738377],[-92.55113240666122,17.0149255513702],[-92.55855656295037,16.99923253614453]]]}},{"type":"Feature","properties":{"clues":"CSIMS004241"},"geometry":{"type":"Polygon","coordinates":[[[-92.53171171301044,16.739626363438276],[-92.53052281584652,16.744723930001182],[-92.53752307766813,16.75415597036044],[-92.52782171460274,16.764491814519804],[-92.51819241722056,16.765277711415983],[-92.51789631802299,16.767788879221406],[-92.50340250462988,16.778338783665706],[-92.49155043770202,16.76980386197161],[-92.50572060239531,16.752665006445092],[-92.50246150591643,16.744868107202205],[-92.52374742921465,16.72964458898262],[-92.52393167707861,16.721348522938182],[-92.52864280194815,16.717180787210978],[-92.5462249648192,16.722318972793264],[-92.54877348940552,16.724935747834326],[-92.54831786634554,16.737066692649282],[-92.53171171301044,16.739626363438276]]]}},{"type":"Feature","properties":{"clues":"TCIMB004146"},"geometry":{"type":"Polygon","coordinates":[[[-92.49559689163338,17.84282218773755],[-92.48784202742432,17.85238507626224],[-92.4753830778136,17.851333619200933],[-92.48557478988133,17.831250106895933],[-92.48582128248158,17.825323094710065],[-92.49714950000144,17.823155686175273],[-92.5014914560516,17.824035990701855],[-92.50245122509455,17.841783558016637],[-92.49559689163338,17.84282218773755]]]}},{"type":"Feature","properties":{"clues":"CSIMB003091"},"geometry":{"type":"Polygon","coordinates":[[[-92.46703827401801,15.030130161772272],[-92.48512758399737,15.03365480471848],[-92.48414158582034,15.057510349787112],[-92.46745046842219,15.055918394615992],[-92.45554281353012,15.06953977254222],[-92.44990908083024,15.06884872427949],[-92.44237236331261,15.077080921072634],[-92.44020079520509,15.081668659799545],[-92.43454325005538,15.084224641338945],[-92.42721538545386,15.07866169689706],[-92.422520757787,15.067602998860233],[-92.42210031880481,15.062899766961225],[-92.43698471454925,15.054199964568566],[-92.44398736566264,15.035446108392767],[-92.44899033428334,15.032043246755928],[-92.45631126327086,15.034625717566756],[-92.46703827401801,15.030130161772272]]]}},{"type":"Feature","properties":{"clues":"CSIMS003092"},"geometry":{"type":"Polygon","coordinates":[[[-92.43244383679894,15.302501781309669],[-92.44174995562105,15.315388924651025],[-92.43704386444361,15.320549234974406],[-92.42882561494795,15.320993565796298],[-92.42451029816081,15.316912743018042],[-92.42645921408052,15.302237395653234],[-92.41864514361419,15.299312457190968],[-92.41289181269912,15.288280855939437],[-92.4213606927025,15.280888286153411],[-92.42519366594482,15.274551303946708],[-92.43593734691365,15.271083126476613],[-92.44047762034917,15.265847855366705],[-92.4474955995144,15.268209418248286],[-92.45604005441011,15.276869506566607],[-92.45731118285703,15.286229396937584],[-92.46705997370931,15.290215584961569],[-92.46648924108489,15.297921990396063],[-92.46232455074303,15.304527670413638],[-92.4558071663081,15.30471869543284],[-92.45133253288972,15.309178821788118],[-92.43750529572763,15.299885760224203],[-92.43244383679894,15.302501781309669]]]}},{"type":"Feature","properties":{"clues":"SCCSA000295"},"geometry":{"type":"Polygon","coordinates":[[[-92.31394838030423,15.70832374115274],[-92.33517535242827,15.718635999598181],[-92.34063167338917,15.727773318612579],[-92.33237027335242,15.740242796463756],[-92.34002599778002,15.748942025555515],[-92.34916781368442,15.748075407806837],[-92.35552203416854,15.755847245999092],[-92.37303353761804,15.747965584792006],[-92.37684470926541,15.74999305313552],[-92.38575673550243,15.74681253743754],[-92.39521099367411,15.754003128092315],[-92.3956589786015,15.768429349941336],[-92.40640259568019,15.780641407556825],[-92.38275119452395,15.801635830245893],[-92.36128787779388,15.789526013470985],[-92.35734447564299,15.783364542573464],[-92.3506779072971,15.782580363799598],[-92.33625629974226,15.785854388795192],[-92.31431629222415,15.78228457264826],[-92.31147766853351,15.78054140364728],[-92.298367396318,15.791206116389095],[-92.27990261970228,15.78876791366479],[-92.27952896214039,15.768742456231902],[-92.27497732258527,15.76274243364271],[-92.27543027269871,15.75276912708216],[-92.27429652588029,15.751886921869595],[-92.26263970440907,15.756787306614887],[-92.26064261798676,15.755006857167869],[-92.25094518996619,15.75414949903818],[-92.24670607782761,15.755360573252787],[-92.23578740673503,15.731155913616966],[-92.22215917195477,15.728207827684102],[-92.22813263128799,15.718810497558867],[-92.23501230432527,15.712610753258975],[-92.23929126474798,15.700899630341981],[-92.24613404331986,15.692994196507756],[-92.24918201205952,15.707470011905453],[-92.2538926471405,15.713819587744414],[-92.25212482071149,15.718037683170481],[-92.24543953631408,15.71823488431157],[-92.24319140293403,15.72003770312283],[-92.239594173442,15.729023135366983],[-92.27186726586594,15.728599412392013],[-92.27027035646346,15.736990841204088],[-92.27947433789058,15.738653725629062],[-92.27947962667848,15.742903647800569],[-92.28281404872756,15.746793447181131],[-92.28849125940395,15.74569527226254],[-92.28831557517977,15.740691827702433],[-92.29003354470923,15.738870577512163],[-92.29673329365484,15.739704931110388],[-92.29961795376246,15.736890490795753],[-92.29928547066153,15.731063943825056],[-92.3042141187984,15.72473085004199],[-92.3105442245569,15.721673961585294],[-92.31394838030423,15.70832374115274]]]}},{"type":"Feature","properties":{"clues":"CSIMB003284"},"geometry":{"type":"Polygon","coordinates":[[[-92.34835293155697,17.15765282857818],[-92.35515748647059,17.158170347161718],[-92.36177178556706,17.155608115155484],[-92.37335347836375,17.163345887247146],[-92.3730525780287,17.17287807859496],[-92.36759593449106,17.17355801747166],[-92.36137689693663,17.17725922744517],[-92.3569999751713,17.173663741056032],[-92.35239287758773,17.17664593027642],[-92.34762503723518,17.176486910282712],[-92.34322373572503,17.17443172755878],[-92.33856494013925,17.176978234529347],[-92.3342355701789,17.172479503557945],[-92.33421616416055,17.167935975395494],[-92.33277242877043,17.166091384964037],[-92.33960380273544,17.165262893244726],[-92.33701045202665,17.161223640066893],[-92.33720391673438,17.15805882854544],[-92.34563462738147,17.16045271539163],[-92.34835293155697,17.15765282857818]]]}},{"type":"Feature","properties":{"clues":"CSIMB002584"},"geometry":{"type":"Polygon","coordinates":[[[-92.32912984464112,14.888461137665862],[-92.33224556917357,14.892654606900052],[-92.3379509046397,14.894003441149046],[-92.3442636534637,14.900483314305687],[-92.34955275876679,14.899352518956858],[-92.3572953179835,14.901809443301904],[-92.35747510614439,14.912628241784818],[-92.36582397852925,14.922486277817407],[-92.36787230443007,14.927826183117151],[-92.36640826611851,14.930177450861171],[-92.36353375822635,14.931009144684156],[-92.36143332942771,14.921026402905758],[-92.35459587285013,14.9218077254993],[-92.3519437468047,14.924602143698918],[-92.3486207975046,14.915338909724051],[-92.34647350100347,14.914625101125154],[-92.34386397718204,14.908924777888336],[-92.34051761281914,14.910752378034067],[-92.33566134099621,14.911049514785972],[-92.33123136440413,14.91823316802497],[-92.33985189431924,14.924549922018643],[-92.3423401125032,14.934193642447507],[-92.33904837808599,14.93758179265098],[-92.32853194006469,14.939376030583174],[-92.32223704628854,14.95887879347092],[-92.30558526871087,14.940823002545264],[-92.29814943972335,14.954924267173295],[-92.28146847080235,14.9500033224441],[-92.28383359555605,14.940094740251268],[-92.29833124812137,14.93251856762607],[-92.29785810660326,14.925844476006967],[-92.2942532835908,14.92342417861273],[-92.29062813018723,14.915812044572386],[-92.29390884982777,14.911478645155638],[-92.28924468284166,14.90517264870643],[-92.2971899028836,14.901166843413398],[-92.3050217652308,14.901358627950419],[-92.31073776846175,14.897880364000063],[-92.31832552252214,14.8998429240965],[-92.32106083358738,14.889935614493972],[-92.32912984464112,14.888461137665862]]]}},{"type":"Feature","properties":{"clues":"CSIMS003611"},"geometry":{"type":"Polygon","coordinates":[[[-92.33589726349635,16.808136000111187],[-92.33973768393325,16.81723867027492],[-92.34195626090332,16.81691708028608],[-92.35292208611935,16.825150260319248],[-92.34464508809887,16.833969303330328],[-92.34701518602786,16.857179004236123],[-92.33317835758879,16.853880153127378],[-92.32728679908,16.848750439109708],[-92.32675205764882,16.844114467380887],[-92.31287904236832,16.83760097763726],[-92.30858645953191,16.82397584394439],[-92.31340362473726,16.819348070190518],[-92.3208326210354,16.818482987191995],[-92.32722777460093,16.81186062470689],[-92.33589726349635,16.808136000111187]]]}},{"type":"Feature","properties":{"clues":"CSSSA006275"},"geometry":{"type":"Polygon","coordinates":[[[-92.33281018465473,16.171346095548],[-92.34461581086329,16.190778436759864],[-92.34980096362918,16.19450362504658],[-92.3416482426937,16.21061870456633],[-92.33334715493909,16.210919322640674],[-92.32240102755875,16.20527025087553],[-92.31902236470468,16.208771021669218],[-92.31344115117805,16.228632143986346],[-92.27988352219512,16.21814939861899],[-92.27824782759204,16.212081694927377],[-92.29795715446828,16.200945331907604],[-92.30525609144726,16.19244064408314],[-92.30853274070843,16.185449331790373],[-92.31579663845983,16.176282659739343],[-92.33281018465473,16.171346095548]]]}},{"type":"Feature","properties":{"clues":"SCCSA000421"},"geometry":{"type":"MultiPolygon","coordinates":[[[[-92.24529014640164,14.911271862736912],[-92.24636151426267,14.906632928386513],[-92.24216012396599,14.905278444110657],[-92.23836790344185,14.907057040868485],[-92.24073798530023,14.90250398230076],[-92.24559955794062,14.90230314268598],[-92.24682965405104,14.906212846555556],[-92.25122938624028,14.90739264484529],[-92.24889374296734,14.913568825413506],[-92.25159606372256,14.915844609199626],[-92.2552211201129,14.912214867353136],[-92.25947908163702,14.914324650791388],[-92.26141770091198,14.911937045311007],[-92.26637817379098,14.913343086258354],[-92.26810134023003,14.912014254203783],[-92.27265192392336,14.918128253446987],[-92.27118548968083,14.919744265490177],[-92.26669385513016,14.92021774586337],[-92.25964537071016,14.91613164628935],[-92.25619819122576,14.919539777127596],[-92.25192224377138,14.916747282134596],[-92.24940695737281,14.920960860397923],[-92.2424082881514,14.918837062823892],[-92.23713442842981,14.920916279461501],[-92.23955494961439,14.911660603640682],[-92.2417766999263,14.912917773526791],[-92.24529014640164,14.911271862736912]]],[[[-92.24364485173277,14.924404508124889],[-92.24579456374319,14.924446930908987],[-92.24716440688614,14.926746941541907],[-92.24466793454447,14.92933623175582],[-92.24082529435637,14.929392499241077],[-92.2409188409851,14.92699066122036],[-92.24364485173277,14.924404508124889]]]]}},{"type":"Feature","properties":{"clues":"CSIMB006446"},"geometry":{"type":"Polygon","coordinates":[[[-92.22327301834923,17.378585854144504],[-92.22145973715557,17.368907414123534],[-92.22852458607771,17.357186274322586],[-92.23854280971926,17.356565527067687],[-92.25079661279048,17.368989829694637],[-92.25019582908739,17.37020508174036],[-92.26439097182217,17.38936373319855],[-92.26763070165377,17.389721710958952],[-92.2790684167519,17.416089891074012],[-92.27427811631894,17.41668718568625],[-92.25864914506816,17.40294045772802],[-92.2593841979976,17.392433625560503],[-92.24340131811479,17.39354180194057],[-92.23366350724356,17.390735098493963],[-92.23224627808537,17.38503693449345],[-92.22327301834923,17.378585854144504]]]}},{"type":"Feature","properties":{"clues":"CSIMS004615"},"geometry":{"type":"Polygon","coordinates":[[[-92.21851412565233,15.113773070047786],[-92.22469294475968,15.124286561034978],[-92.23146830930189,15.124123015059725],[-92.23972173978859,15.134590773628746],[-92.22659988363685,15.143105681984022],[-92.22064472448558,15.161640946915734],[-92.20658840965288,15.148189871923838],[-92.20676760903847,15.145776627100716],[-92.19816932309996,15.14393481648436],[-92.19157105561098,15.13815939142501],[-92.1876937522564,15.130061949997524],[-92.19495718113068,15.12589101563161],[-92.19471571942076,15.115290660211704],[-92.19737604450691,15.111040401096037],[-92.19474818184283,15.10360116079064],[-92.21210421235399,15.099723312638163],[-92.21828305551163,15.090492495436026],[-92.22096115772776,15.091081057818238],[-92.22672583814007,15.097722614037952],[-92.2279663222946,15.103117798624758],[-92.22317503377327,15.110469108612147],[-92.21851412565233,15.113773070047786]]]}},{"type":"Feature","properties":{"clues":"CSIMB000291"},"geometry":{"type":"Polygon","coordinates":[[[-92.1825787810452,15.593406248030876],[-92.19624034600264,15.597673660606198],[-92.20632253124853,15.608305469905039],[-92.2022322873068,15.614718867135819],[-92.18792163265847,15.623602504502733],[-92.19246042411312,15.634550480345688],[-92.1850965898601,15.63767653815829],[-92.18313867457793,15.642601741026883],[-92.17120241417335,15.646712827733765],[-92.16798834511417,15.644586870729025],[-92.16980569695437,15.639949509593517],[-92.16827914219701,15.623928167752808],[-92.1727840796182,15.620043800948595],[-92.17113121436115,15.611912207445686],[-92.1825787810452,15.593406248030876]]]}},{"type":"Feature","properties":{"clues":"CSSSA003475"},"geometry":{"type":"Polygon","coordinates":[[[-92.09502965864918,16.460461512810024],[-92.11782838100658,16.476602482271648],[-92.13095543219814,16.480718862518987],[-92.18018576727628,16.462506624469235],[-92.18614991890679,16.466529439357647],[-92.1884514385708,16.480181311996255],[-92.17952938831513,16.504818535007562],[-92.15477722793734,16.521479461371882],[-92.13738969054322,16.52920564569013],[-92.1267553646893,16.547915455173065],[-92.10283076315741,16.533692302266804],[-92.09870916035618,16.52464823210139],[-92.08315862908054,16.513889900326255],[-92.0767546707429,16.507660311734114],[-92.07634799134318,16.49357186417519],[-92.09502965864918,16.460461512810024]]]}},{"type":"Feature","properties":{"clues":"CSIMS001663"},"geometry":{"type":"Polygon","coordinates":[[[-92.16962246301055,17.162620238776576],[-92.1711484471108,17.16891459955866],[-92.17984550903398,17.176135586662113],[-92.18639643997913,17.169072788716885],[-92.19627012543515,17.175639104544512],[-92.19504839995415,17.199922622997725],[-92.19231977717658,17.203040288427047],[-92.19095417508076,17.216979094038187],[-92.17408054152892,17.21821907632519],[-92.16219472459056,17.19511017399406],[-92.1575360078773,17.18074301532169],[-92.15118586817633,17.181329097975876],[-92.14379140736426,17.16800448388334],[-92.14676179900977,17.164083894428654],[-92.14740483067344,17.158770296249],[-92.15111082610163,17.15396285493332],[-92.16464211629595,17.152685697488508],[-92.16456098968168,17.15962138306286],[-92.16962246301055,17.162620238776576]]]}},{"type":"Feature","properties":{"clues":"CSIMB001802"},"geometry":{"type":"Polygon","coordinates":[[[-92.174357989783,17.53035573000341],[-92.18938612187623,17.55078089055957],[-92.19010547724311,17.56448903578368],[-92.19470485944976,17.577957663510066],[-92.18818371999502,17.580882891425347],[-92.17365510681282,17.578199988149546],[-92.15640025865693,17.58737092665893],[-92.15517245239542,17.593181330411856],[-92.15878043099293,17.605585148760937],[-92.13940366938517,17.61205624050417],[-92.13385995169422,17.61965176778966],[-92.1381777267794,17.634040425756318],[-92.15648621491894,17.647163464759],[-92.16129667456244,17.66082242307625],[-92.14988566182087,17.671716874606147],[-92.13541934858712,17.670234577037093],[-92.11893800029057,17.673042835037972],[-92.10819133234354,17.672346935377185],[-92.09798516879016,17.662977817284066],[-92.07285309317403,17.672467064618996],[-92.05724518125416,17.66549558131139],[-92.05348192141705,17.651013726644102],[-92.05009332713242,17.647905250934294],[-92.04470507598562,17.63346885460064],[-92.04487427822379,17.61828926535044],[-92.0395810999195,17.609287200657583],[-92.05323372382621,17.59004921016446],[-92.06296535447358,17.58515966373829],[-92.08125077179112,17.588051310689366],[-92.0857564406386,17.579897846524926],[-92.08850248398603,17.558156669979986],[-92.08811489383902,17.55096530934445],[-92.10766591244455,17.547023845140345],[-92.11652244699088,17.547257430133474],[-92.13214164578305,17.56536822818497],[-92.14516165610299,17.564957017311002],[-92.15204640027859,17.544086019838215],[-92.16563100705079,17.532813671099763],[-92.174357989783,17.53035573000341]]]}},{"type":"Feature","properties":{"clues":"CSIMS005583"},"geometry":{"type":"Polygon","coordinates":[[[-92.05932436957931,15.071113969335538],[-92.06019981991302,15.068942109750363],[-92.06371205963225,15.069865279322814],[-92.06860781369927,15.065201755176249],[-92.07333590515324,15.069403371688045],[-92.07504354036676,15.074857524357649],[-92.08634005051589,15.076369669257415],[-92.08639254559364,15.079225266096126],[-92.08983691165447,15.082256539776928],[-92.10448679848157,15.084104168762961],[-92.11030869860598,15.087490062200459],[-92.12306710071897,15.1245472028082],[-92.10912165995373,15.133438095901314],[-92.05932436957931,15.071113969335538]]]}},{"type":"Feature","properties":{"clues":"CSSSA003591"},"geometry":{"type":"Polygon","coordinates":[[[-92.08898849673506,16.296743839393944],[-92.07524773381802,16.312490838645843],[-92.06356307350993,16.31930781322693],[-92.0596652872338,16.330972468831874],[-92.03970195102326,16.328524872575553],[-92.03360168231362,16.3180869749383],[-92.03057461993717,16.31905501956116],[-92.02099416386227,16.328443675877235],[-92.01400583093721,16.324111523475064],[-92.01050560951703,16.31632360851231],[-92.00434383285328,16.312524838022373],[-92.00259396948616,16.308649351161442],[-92.00191638109922,16.300233042451726],[-92.008408742326,16.29193311347621],[-92.01323010869461,16.294481505550113],[-92.02678718187286,16.28759525881665],[-92.03720641124654,16.291608426601755],[-92.04595295503992,16.28899051478096],[-92.04808073307055,16.283913366993886],[-92.06404084115238,16.276147636715105],[-92.06541105659171,16.272652359553188],[-92.07792037868224,16.264375770872725],[-92.08439681044872,16.266286177832185],[-92.08897455044755,16.271758368665026],[-92.09082417715605,16.286068916760794],[-92.08898849673506,16.296743839393944]]]}},{"type":"Feature","properties":{"clues":"CSIMB000974"},"geometry":{"type":"Polygon","coordinates":[[[-92.06003673772365,15.67714399051904],[-92.0640884465411,15.669431859145769],[-92.08070749655522,15.660857992402649],[-92.08552640365443,15.67057806316523],[-92.08578816537451,15.674816642673857],[-92.07621885224398,15.68520545163335],[-92.07894620557083,15.689778685466257],[-92.07205009515445,15.69954009936098],[-92.07407875391209,15.705301752910822],[-92.09384090669471,15.700131576516023],[-92.0892316726611,15.709828688533364],[-92.0903597517391,15.718661633744922],[-92.08706221826807,15.724104265743062],[-92.07293779265193,15.727527453899096],[-92.05749611879453,15.744432401012256],[-92.05225344732885,15.760542657681707],[-92.04905535490484,15.761317183122202],[-92.0275883979617,15.725176372781114],[-92.02605726398615,15.71234451061849],[-92.02424646892464,15.709448913653754],[-92.02730272807736,15.697474226578656],[-92.03437652207282,15.694463892082736],[-92.03980544252497,15.69634029685185],[-92.04819391804543,15.69595106153836],[-92.05770828567249,15.678141741425403],[-92.06003673772365,15.67714399051904]]]}},{"type":"Feature","properties":{"clues":"SCCSA000346"},"geometry":{"type":"MultiPolygon","coordinates":[[[[-92.02134824357476,16.11817574811113],[-92.00112232408145,16.106148063405392],[-91.99996351183891,16.103899296334323],[-92.01760924396193,16.08897790936294],[-92.02678996136862,16.094915791920737],[-92.03177517700288,16.100942641916532],[-92.03149183129032,16.11605656432373],[-92.02134824357476,16.11817574811113]]],[[[-92.04878099329258,16.12539518288125],[-92.04513259799631,16.120055111991938],[-92.04606289269097,16.116901733859766],[-92.05383342604695,16.114497793371832],[-92.0561710392327,16.115099812954437],[-92.05796214705683,16.120659048768644],[-92.05708072145858,16.12225827445656],[-92.04878099329258,16.12539518288125]]]]}},{"type":"Feature","properties":{"clues":"CSIMS001745"},"geometry":{"type":"Polygon","coordinates":[[[-91.95870212899447,17.06170197781037],[-91.97590463464142,17.06453283999041],[-91.97356046440042,17.072719419923295],[-91.97624702409951,17.078220598488222],[-91.98054084449991,17.081994844320715],[-91.98470305244685,17.079696410745107],[-91.99884093768806,17.08526797514015],[-91.99471919311465,17.090295025024965],[-91.98232590463394,17.095075001003337],[-91.97585828004276,17.091578987710786],[-91.97049524644505,17.091611463900016],[-91.96066774971412,17.114070177776494],[-91.95820489358853,17.114696427000343],[-91.95015840988921,17.111168314311332],[-91.93588146268374,17.108172076915494],[-91.9330596207126,17.10409945026931],[-91.90596959997447,17.09206329052211],[-91.90368103173589,17.089264548349256],[-91.89890529266316,17.087597099881066],[-91.88880625964569,17.087874729366536],[-91.87402259512795,17.095648181935548],[-91.86056062430197,17.092565695716576],[-91.85622493521494,17.059327898776267],[-91.87374910145618,17.056139333373206],[-91.88341400655185,17.065412087281263],[-91.89263877296058,17.055557320150807],[-91.88958595557075,17.049428958183505],[-91.90806493370025,17.039932912682506],[-91.9177208557511,17.041603011742687],[-91.93010294611133,17.048649057013776],[-91.93724316755845,17.04804796583973],[-91.94715952867345,17.05359438194274],[-91.95116588816371,17.0538003418178],[-91.95870212899447,17.06170197781037]]]}},{"type":"Feature","properties":{"clues":"CSIMS003396"},"geometry":{"type":"Polygon","coordinates":[[[-91.72757592807667,17.094323751327213],[-91.75189885316625,17.08656642129506],[-91.76584185235939,17.117197748598027],[-91.78557422150523,17.120640186883954],[-91.7860822808952,17.124636679926756],[-91.79156373580051,17.13019116740881],[-91.79283078621742,17.14685422376429],[-91.77834816840335,17.17786716678069],[-91.7824308356503,17.189281958936956],[-91.76887223154858,17.19917157874323],[-91.73124453410975,17.17113871050185],[-91.73126252977404,17.166384902475627],[-91.71577879166966,17.152326702098108],[-91.6999605336612,17.14923541154125],[-91.69116235397843,17.151145544652223],[-91.6791101556397,17.15963246315395],[-91.64340191569462,17.15001554544957],[-91.64902348229245,17.128108510732023],[-91.66293295682198,17.1196240996596],[-91.67099678630099,17.10697116285551],[-91.67484951143548,17.09647880002263],[-91.65709940723912,17.092215221590177],[-91.6691194098564,17.050109824443147],[-91.69448470074643,17.048439993191163],[-91.71819017767817,17.058271987446513],[-91.72272018081439,17.092215893530533],[-91.72757592807667,17.094323751327213]]]}},{"type":"Feature","properties":{"clues":"SCCSA002795"},"geometry":{"type":"Polygon","coordinates":[[[-91.60858745872684,17.565045672967177],[-91.6129529401666,17.54125119081892],[-91.61570148120853,17.53976440577333],[-91.64348841818547,17.54514318268478],[-91.65702557256566,17.56754505134995],[-91.64922773916739,17.580729949555266],[-91.61839487797388,17.589263188257778],[-91.58920334743891,17.587279716722904],[-91.60858745872684,17.565045672967177]]]}},{"type":"Feature","properties":{"clues":"CSIMB001312"},"geometry":{"type":"Polygon","coordinates":[[[-91.53521067965923,16.11280548944604],[-91.53806320058622,16.144264396709847],[-91.55219631951465,16.152237487553666],[-91.55153462897093,16.158217260884957],[-91.53192022736833,16.179103054586204],[-91.51971845673754,16.1731001701786],[-91.51176080885337,16.175839841430356],[-91.48993394950618,16.15903196015268],[-91.4655502209078,16.13768469617689],[-91.46361836592126,16.12551645525233],[-91.44382235034863,16.109053944302737],[-91.43532416235462,16.08636726355401],[-91.43513229323403,16.074334723092967],[-91.51723878646085,16.074286810597304],[-91.52328465961861,16.10059793479037],[-91.52836780449086,16.100837358821675],[-91.53521067965923,16.11280548944604]]]}},{"type":"Feature","properties":{"clues":"CSSSA009524"},"geometry":{"type":"Polygon","coordinates":[[[-91.48293654909236,16.20603847605915],[-91.47695971468133,16.209448877688168],[-91.44338393024132,16.20749063986917],[-91.43842460789475,16.198472782863067],[-91.43695070631014,16.18993081585096],[-91.46125592466561,16.178103432610165],[-91.48665347241534,16.197428102602643],[-91.48293654909236,16.20603847605915]]]}},{"type":"Feature","properties":{"clues":"CSIMB003395"},"geometry":{"type":"Polygon","coordinates":[[[-90.86746181455806,16.1083646853978],[-90.85662413082565,16.07414686481513],[-90.95476145424061,16.074036387258733],[-90.98021966584454,16.185031232164807],[-91.01632703262015,16.252249209160006],[-91.01518734515463,16.256278190811567],[-90.90040073635203,16.21328481091702],[-90.88285749433275,16.19809190368008],[-90.87632581284804,16.156594047223678],[-90.8928088366106,16.12310992046174],[-90.89027413207924,16.11638848638809],[-90.86746181455806,16.1083646853978]]]}},{"type":"Feature","properties":{"clues":"SCCSA002453"},"geometry":{"type":"Polygon","coordinates":[[[-109.04273412815111,25.694422031937194],[-109.04635825187368,25.706222329153267],[-109.0535123098352,25.717223998349716],[-109.06339596280526,25.727614550411992],[-109.06516126867047,25.73370352939141],[-109.0614331726243,25.73631299329264],[-109.02639677887042,25.74147148864543],[-109.02242599425611,25.745047046651436],[-109.01414642569544,25.746200470679074],[-109.01139745556368,25.749377526479513],[-109.0145429208684,25.75998694570684],[-109.00734853902263,25.76332503781197],[-109.00536317806419,25.767940979934913],[-108.99811508099856,25.76954877215786],[-108.99742819956715,25.77115315859236],[-108.99129667629711,25.766248064734626],[-108.98994211347528,25.770231865583977],[-108.99444781458978,25.773910596366864],[-108.99044003007211,25.77892445961149],[-108.9866271093498,25.776641782464235],[-108.98315039691634,25.77871701679315],[-108.98384881506,25.78139974737928],[-108.98786606485531,25.784118421725378],[-108.98743086000745,25.78585561108227],[-108.98583171516994,25.787474634280635],[-108.9818738055271,25.78473979628718],[-108.97945393485507,25.785616084038534],[-108.97947730098561,25.787084235309482],[-108.98398785819539,25.79016376040885],[-108.98314472690556,25.791846487999337],[-108.97759098458414,25.79205302778081],[-108.97375243603162,25.78889566690833],[-108.97320134858224,25.786659041924082],[-108.96573499371169,25.78601625069546],[-108.968986286966,25.78201993502762],[-108.96870520053959,25.778205842123164],[-108.96299046011309,25.777919184618046],[-108.96635026868573,25.774093685348827],[-108.96910309097798,25.775061016234755],[-108.97180325846512,25.770390969996342],[-108.96607656559014,25.769268408431977],[-108.9602618302922,25.77777565796245],[-108.94589697358438,25.767484707738795],[-108.94686110201066,25.761907469527962],[-108.96024826696969,25.75892500543743],[-108.96921881616464,25.760291908609755],[-108.97249051698074,25.758641596682143],[-108.97462181676812,25.7533156337765],[-108.97355005453035,25.75071767582279],[-108.97808195080003,25.746450600557388],[-108.97918418867448,25.742259826711052],[-108.97865095441922,25.73207848849611],[-108.99368139608616,25.728409334385216],[-109.00897625968963,25.71283085701604],[-109.00953197396275,25.703184830698362],[-109.00822191973877,25.69894708138363],[-109.01430411152569,25.6906276019906],[-108.99400955887343,25.670523420358023],[-108.97408387113897,25.689780460853008],[-108.94665839875371,25.684661861799317],[-108.9303998742372,25.673734477564437],[-108.93858762451595,25.646208482717945],[-109.00537565204505,25.624981482766625],[-109.01121005551464,25.63001525763984],[-109.0170231235127,25.64199649476163],[-109.02613280572754,25.654601696541842],[-109.02398367268495,25.664561237872007],[-109.04008193290623,25.685280813389255],[-109.04457389914158,25.68869583578713],[-109.04273412815111,25.694422031937194]],[[-108.97213667551044,25.778391057474355],[-108.97350406434248,25.775175945534635],[-108.96930714327867,25.77710533558604],[-108.97213667551044,25.778391057474355]]]}},{"type":"Feature","properties":{"clues":"SRSSA003444"},"geometry":{"type":"Polygon","coordinates":[[[-109.23353173838416,28.94378637977912],[-109.26334223973532,28.938091543301717],[-109.26956613307706,28.954041188152058],[-109.27709701245399,28.964755479585804],[-109.28744588647984,29.003292657652928],[-109.22998350181095,29.032607586657086],[-109.1983133466769,29.042352278209048],[-109.16786509367638,29.066690888296655],[-109.12127363908256,29.098254780941197],[-109.11216027643205,29.144412816837303],[-109.22425375233243,29.219381552323195],[-109.10111064555454,29.473095879611332],[-108.97742893455488,29.43915954039499],[-108.94876709036558,29.441102343653775],[-108.8548441626174,29.339291803639966],[-108.85279981417459,29.28318071065384],[-108.90153273125486,29.186686801037954],[-109.05261360837892,29.182074696043298],[-109.10571684109944,29.145723817183402],[-109.00780271256616,29.075654384485954],[-108.99220759713921,29.074360512930014],[-108.87594283653158,29.120025165321724],[-108.84937237007954,29.086438769051256],[-108.85537405058689,29.021171069816553],[-108.86583052604082,28.97762031906567],[-108.86735714454933,28.94837682837592],[-108.86982953294049,28.93216797226708],[-108.98290595932056,28.915437058077774],[-109.03974644488403,28.890924694529787],[-109.09170931679279,28.94881370661583],[-109.10968300729361,28.983114247362234],[-109.23353173838416,28.94378637977912]]]}},{"type":"Feature","properties":{"clues":"SRSSA006051"},"geometry":{"type":"Polygon","coordinates":[[[-108.80724164547843,26.884745866934974],[-108.7795204004569,26.844024651745286],[-108.80156634520206,26.80739082353693],[-108.84883111015803,26.805320662920106],[-108.85796024842341,26.81872681884599],[-108.86370243887019,26.831685108440062],[-108.87735392073743,26.838041808363478],[-108.90316224577504,26.89860326393074],[-108.89833931164931,26.90257216315807],[-108.90457919339396,26.9451229380349],[-108.89687019552738,26.958111518236212],[-108.86102707143394,26.968406457517037],[-108.84425624298883,26.95028117896389],[-108.87479916028745,26.905891455771002],[-108.83158072257237,26.87881104864032],[-108.80724164547843,26.884745866934974]]]}},{"type":"Feature","properties":{"clues":"SLIMB001221"},"geometry":{"type":"Polygon","coordinates":[[[-108.78826880705033,25.639018163692494],[-108.79874413425881,25.65548904663445],[-108.78941025601462,25.680305873603057],[-108.78232288954895,25.680345336693538],[-108.76185153609215,25.667899107688367],[-108.75260558554126,25.67064052408349],[-108.73515407845898,25.660548912704776],[-108.72455741516549,25.67780451936098],[-108.70664164533005,25.681353376610197],[-108.70045291678636,25.679853357712545],[-108.69018813502831,25.669485672164928],[-108.68389312908613,25.66563579916173],[-108.67636296797788,25.649659919789165],[-108.68055055713596,25.62817175226122],[-108.67104847282951,25.61853880512548],[-108.66464352946527,25.617289651788898],[-108.65585635461021,25.603461864917392],[-108.66363807991937,25.58945592211402],[-108.68603552578287,25.590215008798207],[-108.70485618526419,25.604337159079755],[-108.73244626939571,25.598533455276545],[-108.74836566994352,25.59028984975401],[-108.75611038721897,25.56626310885345],[-108.76321794333532,25.562329357262463],[-108.79771889557367,25.560070420048838],[-108.81969548272566,25.58119084118016],[-108.84056903932351,25.60866567383164],[-108.84013917581183,25.61024172590939],[-108.79055809148782,25.63581648446065],[-108.78826880705033,25.639018163692494]]]}},{"type":"Feature","properties":{"clues":"SLIMS001333"},"geometry":{"type":"Polygon","coordinates":[[[-108.75302408540242,26.143391183610575],[-108.7528395451841,26.14988971839119],[-108.74367034499893,26.168993364079466],[-108.74516355582303,26.17271777228625],[-108.74282018889981,26.17847405300139],[-108.74481540447539,26.18685155557115],[-108.74379804760889,26.190344454781037],[-108.74887006875714,26.206566427337382],[-108.75179094915333,26.208131646975637],[-108.75278673005933,26.21385150124759],[-108.76434010315091,26.234731761920923],[-108.76353855486437,26.23881889454675],[-108.75833339626716,26.23961078987758],[-108.74033827421013,26.236538451965426],[-108.72334939397126,26.255745103492973],[-108.72922801140855,26.273107551233284],[-108.71847909737319,26.2874919931224],[-108.69824244012068,26.29734166554799],[-108.68666564937287,26.299404480815294],[-108.6536872166316,26.26220242180106],[-108.64315432373515,26.23687293679898],[-108.64275939586514,26.233008678332375],[-108.64685027737859,26.22435060236727],[-108.65154898742425,26.181573288392453],[-108.64388162530781,26.15477658212824],[-108.64262467301678,26.13594140028294],[-108.66017782521175,26.11172162881155],[-108.71128388574581,26.102427725578245],[-108.74815944871146,26.116649759676932],[-108.75302408540242,26.143391183610575]]]}},{"type":"Feature","properties":{"clues":"SCCSA002542"},"geometry":{"type":"Polygon","coordinates":[[[-108.79913016917075,25.373051825423314],[-108.82750036846757,25.384368470574255],[-108.75890146180373,25.504344235890613],[-108.75801461090265,25.538123707986294],[-108.76321794333532,25.562329357262463],[-108.75611038721897,25.56626310885345],[-108.74024170970246,25.56106331628682],[-108.71744418632998,25.518820583581824],[-108.73001252439356,25.50597172050468],[-108.72628635390404,25.487456252742607],[-108.70533428299866,25.441511993108005],[-108.7689669668958,25.368933028482367],[-108.78580605967832,25.3693337094309],[-108.79913016917075,25.373051825423314]]]}},{"type":"Feature","properties":{"clues":"SLIMB002312"},"geometry":{"type":"Polygon","coordinates":[[[-108.65397712228823,26.36932656365063],[-108.65931269928744,26.37425394034738],[-108.66064430083732,26.39098201851012],[-108.66709446538638,26.392063590223447],[-108.67729469811317,26.387077741751426],[-108.67113769770039,26.376646048920392],[-108.68195717688275,26.362026567065843],[-108.68497189467115,26.364820831613265],[-108.70451342221985,26.366908221180086],[-108.70421460948135,26.372748666520167],[-108.71564217060327,26.39124303265267],[-108.72788776779805,26.392770631525355],[-108.73529037036977,26.399201947875376],[-108.72860021471168,26.407043961955317],[-108.71949619878576,26.429515762763863],[-108.72253551180484,26.432922574415965],[-108.733117651812,26.43786312200521],[-108.72809487380579,26.471103103956228],[-108.70718989070612,26.46536336134008],[-108.69000220977938,26.463703891535022],[-108.67832494823935,26.480417964276004],[-108.64541584636682,26.485870596939094],[-108.63522989123129,26.475664545946913],[-108.60884498304584,26.47955516596452],[-108.59550679009462,26.501589638725047],[-108.56755805686977,26.483745078938416],[-108.5576453991119,26.47424817204097],[-108.57328486187761,26.460584293735867],[-108.5797795399168,26.44423483389833],[-108.56741538581979,26.408978164967483],[-108.57292526106629,26.393145837891723],[-108.56869874852276,26.381722450606393],[-108.5500092132348,26.35441229780029],[-108.5500385549842,26.316207709980457],[-108.60256548645158,26.32965766313641],[-108.62466521250325,26.33118551267366],[-108.63987218455597,26.342108146969593],[-108.64079326480297,26.34758898531132],[-108.65119453326031,26.359998231143294],[-108.65397712228823,26.36932656365063]]]}},{"type":"Feature","properties":{"clues":"SLIMS001304"},"geometry":{"type":"Polygon","coordinates":[[[-108.38509643555317,26.329990930576695],[-108.46852518120193,26.219192616845344],[-108.48390664033566,26.233550628806512],[-108.49591786537847,26.249544894330747],[-108.50269646802472,26.275384737388503],[-108.5500385549842,26.316207709980457],[-108.5500092132348,26.35441229780029],[-108.56869874852276,26.381722450606393],[-108.57292526106629,26.393145837891723],[-108.56741538581979,26.408978164967483],[-108.54280073157702,26.414480089716022],[-108.53829123471662,26.42550269433643],[-108.50710587300682,26.4482166408787],[-108.47015832495202,26.441064125074988],[-108.46423508326613,26.443626741463067],[-108.4583611175397,26.442667997001664],[-108.44051011560431,26.42729860846242],[-108.4339854827866,26.40753161264642],[-108.4428034029219,26.35714860866197],[-108.40095470422978,26.339524936437762],[-108.38509643555317,26.329990930576695]]]}},{"type":"Feature","properties":{"clues":"SCCSA002580"},"geometry":{"type":"Polygon","coordinates":[[[-108.47566516322418,25.903845280230687],[-108.4753460118866,25.889865897402125],[-108.47738765321431,25.88447922508281],[-108.48338387575153,25.8763234003789],[-108.49069805043649,25.870369238077757],[-108.50589470534835,25.862524982343434],[-108.5257929828237,25.857424872140697],[-108.5336024323055,25.859633505963235],[-108.54168065002618,25.8597516261232],[-108.55579042977976,25.872288493543596],[-108.5648021084628,25.909805803559994],[-108.5176420462504,25.93712882435864],[-108.50876858283362,25.940032908566394],[-108.49913243752617,25.94007944800857],[-108.49843518617415,25.92797138744319],[-108.48898916842323,25.911210719153605],[-108.47566516322418,25.903845280230687]]]}},{"type":"Feature","properties":{"clues":"SCCSA002491"},"geometry":{"type":"Polygon","coordinates":[[[-108.34672573168159,26.89321819040795],[-108.33464685622539,26.89139917181213],[-108.29375752854962,26.900548180275976],[-108.27737698898166,26.940085573826007],[-108.34269521666418,26.983776431713512],[-108.3235854022088,27.062855814990737],[-108.32070853494459,27.06609126788638],[-108.30205635909381,27.070557849131884],[-108.25690795420932,27.050248734877528],[-108.23072894893492,27.01576709298141],[-108.22087487457911,26.996056293810998],[-108.22049750891055,26.992394988432153],[-108.23933709597848,26.96955452853552],[-108.20896494114396,26.930290622492034],[-108.21420908819881,26.907600551979716],[-108.15197331797475,26.883973150792084],[-108.15703124531845,26.879307055886482],[-108.20061758517114,26.818407043426774],[-108.20508110809882,26.80988322234495],[-108.2235213371024,26.814459182494833],[-108.22647103540997,26.816441194887854],[-108.28917330666057,26.820679147992266],[-108.2969398349623,26.81214494754806],[-108.30523779050927,26.806864550299363],[-108.31133267980235,26.80496820404675],[-108.34007483065982,26.818306563175014],[-108.35886865860911,26.863863326185687],[-108.34672573168159,26.89321819040795]]]}},{"type":"Feature","properties":{"clues":"SCCSA002575"},"geometry":{"type":"Polygon","coordinates":[[[-108.22821741632792,25.86465324410573],[-108.23919973142957,25.854136077420343],[-108.24892977680953,25.847461688584193],[-108.28362706124109,25.863228764766347],[-108.28230115671208,25.87951426498332],[-108.29441321891221,25.885261579277145],[-108.32526143521604,25.908902202806157],[-108.32772220505403,25.93499242014387],[-108.3239796970738,25.937406163060096],[-108.30125732590845,25.933586895229325],[-108.28355249257694,25.93739654996606],[-108.24029743424326,25.918061877915616],[-108.23755571507377,25.915078207083894],[-108.23984361619216,25.902756597659877],[-108.22821741632792,25.86465324410573]]]}},{"type":"Feature","properties":{"clues":"SLIMB000994"},"geometry":{"type":"Polygon","coordinates":[[[-108.19865660113153,26.38871244099205],[-108.22012806339787,26.354820601884878],[-108.17329850736228,26.369354899706284],[-108.165128216123,26.361049486804685],[-108.16215473618009,26.35224825358525],[-108.1560347335567,26.351539834013817],[-108.13960456883989,26.366995137144688],[-108.13423592735585,26.337634199685265],[-108.12813136107212,26.33772190439173],[-108.11715613805066,26.341134566311904],[-108.09881332737243,26.315298609285055],[-108.09718153187467,26.27339367895653],[-108.11529212160542,26.2727125901281],[-108.167205000674,26.294612892397677],[-108.19901728181229,26.28893061402152],[-108.24320250110932,26.307642962157505],[-108.24646127653291,26.33846361874607],[-108.28034361595255,26.34320519926324],[-108.32102107118659,26.361830129536422],[-108.32280435142972,26.377298022869752],[-108.32820227372892,26.39983921985238],[-108.30577447764702,26.407717074541154],[-108.27872267829386,26.43053911650482],[-108.27673212210753,26.470321126924613],[-108.25268684526775,26.47871078803603],[-108.24175687565588,26.47382388600118],[-108.2082676660486,26.478648536980433],[-108.19286829474014,26.484935499809218],[-108.1816988190956,26.479662652444617],[-108.18136261875526,26.46281582242921],[-108.17829219607913,26.45688206183907],[-108.14694178261118,26.447047009981183],[-108.14293645613316,26.43226340558884],[-108.15082608113669,26.427460236113273],[-108.19100770952616,26.425438490977868],[-108.20201382294384,26.415871299151434],[-108.19865660113153,26.38871244099205]]]}},{"type":"Feature","properties":{"clues":"SLIMB001216"},"geometry":{"type":"Polygon","coordinates":[[[-108.1649194923733,25.596420613349967],[-108.18091168200394,25.575584226559858],[-108.18723467380777,25.577215022042147],[-108.20763108649861,25.55349119971382],[-108.21142377919358,25.553688496676436],[-108.23894689235019,25.581859874889584],[-108.25843010296923,25.569759640494414],[-108.27632161241043,25.583535416962512],[-108.27611199306956,25.60013050172854],[-108.2540106649803,25.6267770873532],[-108.24246435584475,25.619053703036922],[-108.2204622690392,25.623968175731555],[-108.21188318641472,25.623607904352518],[-108.19011484808274,25.634737481354684],[-108.17937608640483,25.659777587142052],[-108.18038786626701,25.670641635527577],[-108.14783033264891,25.669774984267477],[-108.12259387920895,25.64128335064441],[-108.13898256953733,25.625312142297627],[-108.14802313523313,25.628878701474562],[-108.1664643618108,25.614892476534138],[-108.17852184421666,25.614954813094794],[-108.1649194923733,25.596420613349967]]]}},{"type":"Feature","properties":{"clues":"SLIMS001683"},"geometry":{"type":"Polygon","coordinates":[[[-108.18038786626701,25.670641635527577],[-108.17937608640483,25.659777587142052],[-108.19011484808274,25.634737481354684],[-108.21188318641472,25.623607904352518],[-108.2204622690392,25.623968175731555],[-108.24246435584475,25.619053703036922],[-108.2540106649803,25.6267770873532],[-108.26201735318952,25.642900067274088],[-108.26536334255985,25.64483369803356],[-108.27488217910535,25.65875241931945],[-108.26481694567661,25.70311597454668],[-108.25381674442569,25.712045291871426],[-108.23371470474196,25.738063180256088],[-108.2265647577301,25.74401991453618],[-108.19691972667061,25.732440104637494],[-108.19101068232803,25.727485216610557],[-108.17820792541258,25.703353934679196],[-108.18038786626701,25.670641635527577]]]}},{"type":"Feature","properties":{"clues":"SLIMS001572"},"geometry":{"type":"MultiPolygon","coordinates":[[[[-108.19013631246064,26.036458695858936],[-108.23410882154741,26.03537838052183],[-108.24004673633806,26.039317594229292],[-108.24287909630615,26.060096862072637],[-108.24069041177596,26.08903748038133],[-108.2500544399445,26.124185450647484],[-108.23441506847178,26.149272670858426],[-108.23423066441279,26.16661737452005],[-108.21519457273453,26.180686051250216],[-108.15519658095987,26.19130700477486],[-108.14537408856663,26.181355293891784],[-108.13730251009329,26.154259542377297],[-108.13858261147315,26.1491839687952],[-108.14818737828297,26.131652021351385],[-108.1580445458924,26.11982762772663],[-108.1326041779415,26.081276460938213],[-108.12216688289908,26.072926721875863],[-108.09269775553867,26.061152777237982],[-108.08702836976349,26.04665233152205],[-108.08925373028683,26.0277856757749],[-108.10369114979349,26.011919373579772],[-108.13167602739026,26.008496189794382],[-108.14823771251635,26.001549547327553],[-108.19013631246064,26.036458695858936]]],[[[-108.11529212160542,26.2727125901281],[-108.10310976198764,26.27250081109823],[-108.11539725312025,26.21992583969114],[-108.15107207968316,26.203255344891854],[-108.13993466879853,26.246082681624358],[-108.11529212160542,26.2727125901281]]]]}},{"type":"Feature","properties":{"clues":"SLIMS001111"},"geometry":{"type":"Polygon","coordinates":[[[-108.11986626761541,26.567565132596712],[-108.14227788107888,26.58906902293021],[-108.16728204439892,26.617443438947202],[-108.1676246067757,26.619049845812143],[-108.14558612790258,26.638175677993416],[-108.12056406503017,26.625003052515286],[-108.11691743085655,26.62666727468812],[-108.10064285708617,26.622393921487184],[-108.09828179492753,26.622970273772058],[-108.09653217891537,26.628016956964444],[-108.07986874601374,26.630259170150012],[-108.06522968622899,26.64775450198587],[-108.025139499467,26.63001604868195],[-108.03512482666024,26.593664446497936],[-108.03546645833934,26.575028799279853],[-108.03809237731419,26.56753068214584],[-108.07615589512471,26.542009293285155],[-108.0818198212047,26.54122066435936],[-108.10699102415587,26.5530772569279],[-108.11031707800073,26.56042972938063],[-108.11986626761541,26.567565132596712]]]}},{"type":"Feature","properties":{"clues":"SLIMB001571"},"geometry":{"type":"Polygon","coordinates":[[[-107.94750817174456,25.52989298349927],[-107.96548936701528,25.52410493967872],[-107.98120304968866,25.546949179964727],[-107.98893350473598,25.564993374754604],[-107.9841975338512,25.579975063266648],[-107.9925834408945,25.600243882397834],[-107.98228245346888,25.607996438791268],[-107.93718575880226,25.620341618379932],[-107.93444796786314,25.617856346168313],[-107.94192715510414,25.583895133126656],[-107.89703019124337,25.568281506616298],[-107.89654662599214,25.56547565433774],[-107.90613893765011,25.540213564117092],[-107.94116975529512,25.535607119659982],[-107.94750817174456,25.52989298349927]]]}},{"type":"Feature","properties":{"clues":"DFIMB001320"},"geometry":{"type":"Polygon","coordinates":[[[-99.26800055602752,19.333321313645108],[-99.26716787677685,19.329073200859852],[-99.27223615499976,19.325456857996418],[-99.27970530527656,19.32553403719682],[-99.28074515082356,19.332549849746215],[-99.27343593758773,19.34345547758473],[-99.26604800608378,19.341754039382018],[-99.26800055602752,19.333321313645108]]]}},{"type":"Feature","properties":{"clues":"DFIMB002452"},"geometry":{"type":"Polygon","coordinates":[[[-99.25797365887885,19.32549825079254],[-99.26438136693511,19.323840199420005],[-99.26716787677685,19.329073200859852],[-99.26800055602752,19.333321313645108],[-99.26604800608378,19.341754039382018],[-99.26254538424907,19.34388936662611],[-99.25591122367045,19.336491553476353],[-99.25627944546191,19.33280215225969],[-99.25803932340548,19.331015303124456],[-99.25797365887885,19.32549825079254]]]}},{"type":"Feature","properties":{"clues":"SCCSA000507"},"geometry":{"type":"Polygon","coordinates":[[[-99.22200808694421,19.360909660991865],[-99.21287101393717,19.363376713742174],[-99.2115630414818,19.362048624028443],[-99.21546422418095,19.357122388763965],[-99.2151989024315,19.35437200827457],[-99.22285522585496,19.354527632593783],[-99.22200808694421,19.360909660991865]]]}},{"type":"Feature","properties":{"clues":"SCCSA000939"},"geometry":{"type":"MultiPolygon","coordinates":[[[[-99.2102237771028,19.45565739427476],[-99.2111200521631,19.464326895894228],[-99.2090538008195,19.466161423254743],[-99.20034433088429,19.461058541206796],[-99.20854484102176,19.45504456749908],[-99.2072800770495,19.45006755969111],[-99.21039797948966,19.449652260898134],[-99.21277482963373,19.45274973538011],[-99.21268433281219,19.454782901817715],[-99.2102237771028,19.45565739427476]]],[[[-99.21860079461972,19.454369313411405],[-99.22372715467846,19.454530754625903],[-99.221053394308,19.462491423534388],[-99.21558640850903,19.463273640589513],[-99.21532901390388,19.456112032186248],[-99.21860079461972,19.454369313411405]]]]}},{"type":"Feature","properties":{"clues":"DFIMB001665"},"geometry":{"type":"Polygon","coordinates":[[[-99.21919373924246,19.278491115652635],[-99.2181507419897,19.28412397359183],[-99.2164270486586,19.284215937324674],[-99.21418152347272,19.280922671442333],[-99.21453009943104,19.278315707755485],[-99.21919373924246,19.278491115652635]]]}},{"type":"Feature","properties":{"clues":"MCIMB006671"},"geometry":{"type":"Polygon","coordinates":[[[-99.1964805110895,19.561027806547322],[-99.19321065385465,19.559464078934987],[-99.19084934275341,19.55390426686611],[-99.1976542377742,19.55103437153664],[-99.19782196361007,19.556679708553393],[-99.20239080960246,19.55783541870313],[-99.20281947368484,19.563053662097172],[-99.20004489101228,19.566689106722514],[-99.20735539344597,19.568984201178047],[-99.20797993910077,19.57953971567464],[-99.21366568391359,19.583253141405137],[-99.21287186583886,19.590965461066986],[-99.20787548338485,19.60135345635473],[-99.20137416747818,19.60007240564534],[-99.20068196432841,19.592566336471897],[-99.20304509864103,19.586734789979182],[-99.20158823645419,19.582883982837025],[-99.18684053756068,19.58820622719267],[-99.18526797554725,19.590775811862443],[-99.18230338213264,19.589960088226224],[-99.18077276665733,19.584579578366395],[-99.1848042421305,19.577291373434836],[-99.18970094720751,19.579132390055655],[-99.19091697839916,19.5772130662639],[-99.19628548418919,19.576708747722996],[-99.19595517017727,19.571669548092764],[-99.19985203907848,19.566661374203882],[-99.1964805110895,19.561027806547322]]]}},{"type":"Feature","properties":{"clues":"SCCSA001025"},"geometry":{"type":"Polygon","coordinates":[[[-99.1833642206756,19.280857752433203],[-99.18171661677854,19.280537351698786],[-99.18075453953595,19.27213035051569],[-99.18684720310311,19.276016229522558],[-99.18965289468589,19.27296779946265],[-99.19504426672053,19.27623501443925],[-99.19101766212228,19.28003448898391],[-99.18684952804337,19.276119790130586],[-99.1833642206756,19.280857752433203]]]}},{"type":"Feature","properties":{"clues":"SCCSA000947"},"geometry":{"type":"Polygon","coordinates":[[[-99.16429748917002,19.389932800873108],[-99.1673256232595,19.395078042332067],[-99.17069665404505,19.39548155423096],[-99.17630096502576,19.399891999967682],[-99.17948908967101,19.395299338713794],[-99.18094687275054,19.39496242301887],[-99.18474670395274,19.39778565930345],[-99.18225484615466,19.40555425550267],[-99.17691553299917,19.407330962102627],[-99.16788379317556,19.406128205510228],[-99.16492616153454,19.397180029954768],[-99.16073990157673,19.395388176727547],[-99.16429748917002,19.389932800873108]]]}},{"type":"Feature","properties":{"clues":"SCCSA000530"},"geometry":{"type":"Polygon","coordinates":[[[-99.1785546500776,19.484505366227204],[-99.17917926958418,19.488608616411913],[-99.17037524578947,19.492166075410616],[-99.16682986465383,19.487121275740915],[-99.1651712408183,19.48050467367387],[-99.16895470331116,19.47699169971706],[-99.1745488823462,19.477476469790975],[-99.1795069875729,19.479905513376284],[-99.18028049017636,19.483165176645496],[-99.1785546500776,19.484505366227204]]]}},{"type":"Feature","properties":{"clues":"SCCSA001012"},"geometry":{"type":"Polygon","coordinates":[[[-99.15285731437883,19.17372909365326],[-99.1555681595079,19.17499506446615],[-99.15696402084647,19.180422914788796],[-99.16107922464597,19.183518302799555],[-99.15344506948497,19.195862688201608],[-99.14540139204257,19.19636435051461],[-99.14245664970875,19.20233715598465],[-99.13907216623107,19.202549919932427],[-99.13805576984454,19.199408252013782],[-99.13272104923183,19.199014328810637],[-99.13253365877266,19.196485208273128],[-99.13665751416778,19.19409352211529],[-99.1299454845168,19.18523224709551],[-99.12929254025107,19.17787210559861],[-99.12006187778566,19.167990995946795],[-99.10950240032963,19.11353472845416],[-99.1422685411945,19.135634184075066],[-99.14981572165188,19.151138158975385],[-99.14987040427103,19.166132350788015],[-99.15285731437883,19.17372909365326]]]}},{"type":"Feature","properties":{"clues":"DFIMB000043"},"geometry":{"type":"Polygon","coordinates":[[[-99.15035961514481,19.468182813900526],[-99.15740485916055,19.469225739093115],[-99.15908199498305,19.472611726735366],[-99.15782681563726,19.477553275439103],[-99.15447650531176,19.476702378801097],[-99.15065879809887,19.48101241373759],[-99.14804629558279,19.479780552491956],[-99.14608979313842,19.475885326848847],[-99.14616537432642,19.473487347591522],[-99.15049212655498,19.47343127564873],[-99.15035961514481,19.468182813900526]]]}},{"type":"Feature","properties":{"clues":"SCCSA000712"},"geometry":{"type":"Polygon","coordinates":[[[-99.15667313964924,19.515903569143067],[-99.15619331267418,19.52027556741878],[-99.15326505532745,19.52039933235827],[-99.15138980253457,19.515631925565803],[-99.15247611349412,19.513531347737185],[-99.15667313964924,19.515903569143067]]]}},{"type":"Feature","properties":{"clues":"SCCSA000579"},"geometry":{"type":"Polygon","coordinates":[[[-99.13822884192709,19.315724879798196],[-99.14269116830987,19.30847416641506],[-99.1441359393215,19.31504773536165],[-99.14568809243765,19.315599214297134],[-99.14594332579708,19.320801805925758],[-99.13949059521907,19.3210432887538],[-99.13822884192709,19.315724879798196]]]}},{"type":"Feature","properties":{"clues":"SCCSA000603"},"geometry":{"type":"Polygon","coordinates":[[[-99.13949059521907,19.3210432887538],[-99.13490799910984,19.327943448180633],[-99.12951382358337,19.326833715491137],[-99.1291938334186,19.32267643329866],[-99.13170296539808,19.31897527072701],[-99.13874408883866,19.31867693324118],[-99.13949059521907,19.3210432887538]]]}},{"type":"Feature","properties":{"clues":"SCCSA000634"},"geometry":{"type":"Polygon","coordinates":[[[-99.12434154840808,19.44390967851423],[-99.12911308694326,19.443449027676472],[-99.1312910547357,19.447002256481763],[-99.1290242782796,19.4516548853025],[-99.12543785166652,19.450728916616562],[-99.12434154840808,19.44390967851423]]]}},{"type":"Feature","properties":{"clues":"DFIMB000294"},"geometry":{"type":"Polygon","coordinates":[[[-99.12255672084513,19.32932229425524],[-99.1285983680874,19.32848997501384],[-99.1291011811009,19.33130137267646],[-99.13324381137204,19.332752907005183],[-99.13234147742502,19.337584435763706],[-99.12885150541473,19.33753424299817],[-99.12759986413596,19.339089261487175],[-99.12215551362904,19.338409167864988],[-99.12255672084513,19.32932229425524]]]}},{"type":"Feature","properties":{"clues":"DFIMB002213"},"geometry":{"type":"Polygon","coordinates":[[[-99.12037131570413,19.446979140974914],[-99.12541257270688,19.450608559990055],[-99.12378722971324,19.452814169992564],[-99.11803020215376,19.450373040209335],[-99.11905348460165,19.447444180730688],[-99.11726949282868,19.44240854125924],[-99.11987772257247,19.44110682877557],[-99.12285976793031,19.443294723602637],[-99.12037131570413,19.446979140974914]]]}},{"type":"Feature","properties":{"clues":"SCCSA000725"},"geometry":{"type":"Polygon","coordinates":[[[-99.11736252683524,19.39911424122832],[-99.11465951041082,19.39748808017468],[-99.11488212055721,19.393757103447886],[-99.11941409223049,19.395850503409164],[-99.12159314648193,19.393708507078927],[-99.1250033967839,19.396865570184687],[-99.12407640972977,19.399653558185733],[-99.1193619637882,19.397081087886267],[-99.11736252683524,19.39911424122832]]]}},{"type":"Feature","properties":{"clues":"SCCSA000688"},"geometry":{"type":"Polygon","coordinates":[[[-99.10413624117639,19.462210880472707],[-99.10322307210062,19.467418318153037],[-99.10076678128341,19.47088619588705],[-99.09872115654856,19.469092673146264],[-99.09463767937594,19.468904231510255],[-99.0941367878978,19.466584260165853],[-99.0978439282009,19.46409401993633],[-99.09928102508302,19.460438522682804],[-99.10413624117639,19.462210880472707]]]}},{"type":"Feature","properties":{"clues":"DFIMB001781"},"geometry":{"type":"Polygon","coordinates":[[[-99.09311633429469,19.246193925934776],[-99.0931278000021,19.2523458734272],[-99.08656998744783,19.25279303014033],[-99.08454218007375,19.24971734729741],[-99.08697443185113,19.245219304767126],[-99.09311633429469,19.246193925934776]]]}},{"type":"Feature","properties":{"clues":"SCCSA000856"},"geometry":{"type":"Polygon","coordinates":[[[-99.064413649437,19.350445292794415],[-99.06480713382818,19.347046389539482],[-99.06797528508635,19.346597793754487],[-99.07057433663935,19.34980693247105],[-99.07039104863202,19.35517725653284],[-99.06669702517168,19.355039883420265],[-99.06602656458138,19.351266840187535],[-99.064413649437,19.350445292794415]]]}},{"type":"Feature","properties":{"clues":"SCCSA000799"},"geometry":{"type":"Polygon","coordinates":[[[-99.06839288697999,19.288912374173055],[-99.06660663958117,19.290294480140933],[-99.06417935325537,19.288297029142278],[-99.06642961236027,19.284950279077982],[-99.06839288697999,19.288912374173055]]]}},{"type":"Feature","properties":{"clues":"DFIMB000895"},"geometry":{"type":"Polygon","coordinates":[[[-99.0595243995876,19.334916706242428],[-99.06253616914339,19.335633363612295],[-99.06259950276089,19.338443748642653],[-99.05828635816066,19.342850592706178],[-99.05670937704723,19.33877115250997],[-99.05766220789359,19.337470033616977],[-99.05570715536665,19.33521331369255],[-99.05618753091045,19.332612588546166],[-99.05896071358207,19.33283481553697],[-99.0595243995876,19.334916706242428]]]}},{"type":"Feature","properties":{"clues":"MCIMB002203"},"geometry":{"type":"Polygon","coordinates":[[[-99.05298961793649,19.563831992728268],[-99.04574103589657,19.56597127491797],[-99.04342037628916,19.572247255428064],[-99.05207401680617,19.575414894431777],[-99.05042250622208,19.580534441053704],[-99.04815740289138,19.58123503151242],[-99.04802554396089,19.583902215991177],[-99.04264335994282,19.587424262621024],[-99.03629398167641,19.585590157521874],[-99.03500640578511,19.590614442962494],[-99.02583853341343,19.588058235203775],[-99.02122093039185,19.597339050021485],[-99.01931643275633,19.59738661385913],[-99.01849091226396,19.595432441182947],[-99.02412657423538,19.585985669998433],[-99.0261414311476,19.584281290847358],[-99.03270290914631,19.583283790468087],[-99.03545973996127,19.576640719413845],[-99.03247776153977,19.573270088375637],[-99.03006150194128,19.568098990334725],[-99.03061258463656,19.566475150895382],[-99.03830312541663,19.56219975803655],[-99.04140405646143,19.55791272604452],[-99.04575864546909,19.557281557320984],[-99.04639979450619,19.555039671533496],[-99.05258754142383,19.550709103624108],[-99.05701232062208,19.553689822003765],[-99.05298961793649,19.563831992728268]]]}},{"type":"Feature","properties":{"clues":"SCCSA000894"},"geometry":{"type":"Polygon","coordinates":[[[-99.02613212518663,19.344721712675423],[-99.02218319709742,19.343974358935593],[-99.02193843256349,19.341605940498432],[-99.02603577615281,19.33790505132557],[-99.02613212518663,19.344721712675423]]]}},{"type":"Feature","properties":{"clues":"SCCSA000985"},"geometry":{"type":"Polygon","coordinates":[[[-98.99170765853967,19.249605102154728],[-98.9852680633123,19.25428322831518],[-98.98037930038343,19.254914327838538],[-98.97565062791813,19.242498536822556],[-98.97703345749213,19.240319416756037],[-98.98024864309959,19.239770730407745],[-98.99224503042514,19.241665470318775],[-98.99558055016517,19.243971767982213],[-98.99170765853967,19.249605102154728]]]}},{"type":"Feature","properties":{"clues":"SCCSA000970"},"geometry":{"type":"Polygon","coordinates":[[[-98.99541505590943,19.233447719934656],[-98.98024864309959,19.239770730407745],[-98.97703345749213,19.240319416756037],[-98.9846788128093,19.226330563172635],[-98.98846237908604,19.22546845539195],[-98.99541505590943,19.233447719934656]]]}},{"type":"Feature","properties":{"clues":"SCCSA000828"},"geometry":{"type":"Polygon","coordinates":[[[-98.98113228115116,19.329115264919633],[-98.97534330027888,19.328323894948497],[-98.97496720339892,19.326324991682068],[-98.98703512005767,19.321280959805158],[-98.98113228115116,19.329115264919633]]]}},{"type":"Feature","properties":{"clues":"SLIMS001000"},"geometry":{"type":"Polygon","coordinates":[[[-107.26548318522379,24.748005526309914],[-107.28684978282612,24.728780335428546],[-107.29683173886664,24.729379137896576],[-107.29915260271538,24.77273367407796],[-107.31467979774804,24.78108637630962],[-107.31356025391555,24.787760785570335],[-107.31477133023408,24.799959237981653],[-107.31174786203259,24.813348740951323],[-107.30141379440566,24.82684527707119],[-107.29464611158068,24.825957813466886],[-107.28273142720691,24.819936355220666],[-107.25891235052316,24.8456043407721],[-107.25123000764611,24.845274472007155],[-107.24263234870584,24.851384850605196],[-107.23485203859845,24.8516912357047],[-107.20300529239601,24.833163528262446],[-107.2055786232584,24.82734029521688],[-107.20685569173803,24.7971449135547],[-107.19952286475738,24.777426127435632],[-107.17881872496817,24.766109387211536],[-107.16106829878201,24.740770506468223],[-107.16377001129352,24.737254737957954],[-107.17504452639245,24.730158955267093],[-107.19177514865927,24.72954968924618],[-107.22137478887818,24.73778138468366],[-107.22383212182993,24.758678002425516],[-107.23490618968872,24.75590116946161],[-107.25730368355173,24.753270856833428],[-107.26548318522379,24.748005526309914]]]}},{"type":"Feature","properties":{"clues":"SLIMB001460"},"geometry":{"type":"Polygon","coordinates":[[[-106.25396687395484,23.208863895120675],[-106.26284882993852,23.210058533436342],[-106.27876046220895,23.219112812920095],[-106.29339647800153,23.25484788194226],[-106.28748015656036,23.278370950074716],[-106.2843095447981,23.280180372221896],[-106.27642566819944,23.30241694724376],[-106.24305384991786,23.3001673808979],[-106.23607127051362,23.303895797971045],[-106.22656260308293,23.290023661543668],[-106.23368627675939,23.279593526453134],[-106.23653135571249,23.26179672696297],[-106.23145364830796,23.24828207522492],[-106.2306872047359,23.239429468951833],[-106.22654025698695,23.22487979275839],[-106.23878437496072,23.210654156020198],[-106.24780835188776,23.212777344355715],[-106.25396687395484,23.208863895120675]]]}},{"type":"Feature","properties":{"clues":"SLIMB000521"},"geometry":{"type":"Polygon","coordinates":[[[-106.20815624960464,23.417281642113082],[-106.22247844661385,23.41850160554313],[-106.22563579841744,23.430728343945674],[-106.22279853820491,23.437457018258108],[-106.18914711440236,23.447835563003036],[-106.1820724758906,23.452682089614363],[-106.16162515049734,23.42664730149154],[-106.18412990238943,23.4036336089261],[-106.19126914600616,23.391423733377334],[-106.19286198352232,23.375649513494505],[-106.20130007598544,23.370708624272435],[-106.2124956843389,23.378605052946725],[-106.21874855979736,23.402403785646136],[-106.21891804730416,23.403942910252166],[-106.20340271464745,23.402358858682792],[-106.20815624960464,23.417281642113082]]]}},{"type":"Feature","properties":{"clues":"SLIMB001764"},"geometry":{"type":"Polygon","coordinates":[[[-105.95229936916901,22.78143420538413],[-105.9812245529152,22.80236991545196],[-106.00170827464439,22.866471025386502],[-105.97501722290752,22.88250776923662],[-105.96656280054758,22.88319294037176],[-105.95550872565322,22.891804322982345],[-105.95689472016993,22.898739456270658],[-105.93953138836027,22.912145835878942],[-105.9193193996272,22.87792825570307],[-105.90990902113495,22.84932794723622],[-105.90268121440765,22.83750887050686],[-105.91658162078855,22.819265445332558],[-105.95229936916901,22.78143420538413]]]}},{"type":"Feature","properties":{"clues":"NTIMB000032"},"geometry":{"type":"Polygon","coordinates":[[[-105.55013820119392,22.52223877142335],[-105.5036099109079,22.52349303754281],[-105.49310656869734,22.518077167273447],[-105.49165381362272,22.511249298594777],[-105.49392776092489,22.499855523212418],[-105.5161878491195,22.47895124642679],[-105.53084061261715,22.482956321520316],[-105.55013820119392,22.52223877142335]]]}},{"type":"Feature","properties":{"clues":"NTIMB000336"},"geometry":{"type":"Polygon","coordinates":[[[-105.32704553115992,22.56787227788605],[-105.36123933484726,22.593294951476583],[-105.36458141974441,22.594290573911344],[-105.3781373267856,22.588064622455033],[-105.40942625557736,22.595528724897072],[-105.41578744871113,22.61123434427608],[-105.41539915932698,22.631252663158744],[-105.41755092334395,22.634303718446915],[-105.41366937288166,22.68308624722003],[-105.43141031742978,22.69446753899026],[-105.44102259971073,22.77303113532112],[-105.43409259423747,22.78183442446484],[-105.37780349029516,22.73840672341526],[-105.36861627189622,22.72939272488856],[-105.35324951410962,22.703249760865074],[-105.3452927850424,22.707228635571216],[-105.33893972670197,22.72814096862699],[-105.32406219371578,22.72319578351458],[-105.29541797829069,22.736654080299125],[-105.29478670405356,22.753293892052813],[-105.25408253747908,22.754411637192103],[-105.24841499344463,22.75610203972103],[-105.24161057053419,22.769718458633623],[-105.24951064800796,22.788392807187908],[-105.24752196201545,22.79258626260296],[-105.22828935976658,22.803617248573183],[-105.22573294788002,22.80741695219163],[-105.21586269643632,22.81228097450263],[-105.20099130602898,22.8123772143375],[-105.18778823650192,22.809315464808883],[-105.17851183765968,22.79497171718517],[-105.18799824467918,22.767701057744205],[-105.18544531584246,22.739924054712418],[-105.20023647377644,22.737239413213327],[-105.21211886434449,22.727523846155744],[-105.2158367061816,22.72099182587941],[-105.23432995505608,22.71549809851506],[-105.2415103902577,22.70674506546227],[-105.24081572193317,22.705130984392213],[-105.22827799826008,22.699182062039775],[-105.22622392113018,22.684489070816777],[-105.21237747688554,22.674591440055746],[-105.20809063790487,22.657138391615913],[-105.20402776356752,22.652658295182786],[-105.20068968215466,22.642572338749456],[-105.20388304656035,22.620212521916944],[-105.19903424661479,22.607465217180003],[-105.182723326671,22.599193326019257],[-105.16110854020485,22.603180517723242],[-105.1542384742278,22.616552865480024],[-105.13712812077087,22.607691856231156],[-105.12001680006487,22.57878639549434],[-105.12349560765558,22.564719467835598],[-105.14699628849252,22.573861968303735],[-105.15958524662273,22.570412001051324],[-105.18421022397301,22.55731909616748],[-105.19034015577506,22.55901665118405],[-105.21028662188718,22.584911326920455],[-105.24355419293819,22.575086395380776],[-105.25359874208127,22.585227185791467],[-105.254963185552,22.584936123991934],[-105.28949020059848,22.562356685961486],[-105.31726599203277,22.5763188982466],[-105.32704553115992,22.56787227788605]]]}},{"type":"Feature","properties":{"clues":"NTIMB000114"},"geometry":{"type":"Polygon","coordinates":[[[-105.4095208427608,22.426563222506367],[-105.42584226650231,22.43954508686598],[-105.43910199008897,22.446724258267107],[-105.44389417525895,22.444297224302414],[-105.45246421723381,22.443729678645976],[-105.44488314787924,22.466982398398173],[-105.43615712437663,22.468496280335888],[-105.43046960592378,22.471863158110217],[-105.4298035174638,22.476809192874583],[-105.4276210462389,22.47945809175773],[-105.4184390844204,22.48439255350232],[-105.41663618473304,22.501186125558235],[-105.41451446408132,22.502173487404427],[-105.4073588133118,22.49841105246397],[-105.39640212725472,22.49589522246284],[-105.38681810498548,22.51103790743848],[-105.38602930960963,22.49346763368524],[-105.38132740866214,22.49369333819353],[-105.3719481876041,22.478056798701942],[-105.36423227159133,22.477302092528124],[-105.35955402134168,22.471996133552995],[-105.35995353345152,22.468659618780627],[-105.37291998069314,22.464071030508745],[-105.38452608935445,22.45098829808214],[-105.38187723868508,22.43903805198227],[-105.38735889929232,22.422117891760287],[-105.40942116978763,22.421506586691365],[-105.4095208427608,22.426563222506367]]]}},{"type":"Feature","properties":{"clues":"ZSIMB001221"},"geometry":{"type":"Polygon","coordinates":[[[-103.68734683835966,23.82181879977548],[-103.71729432972757,23.75485773330735],[-103.73085359421893,23.759028143103514],[-103.74949051545079,23.77324648026809],[-103.76315738866995,23.790595099739722],[-103.76863919189462,23.79198377960143],[-103.8049734809133,23.782542783733028],[-103.86898114984515,23.84497120812484],[-103.87174480677112,23.87044030346108],[-103.88994218300877,23.901911347999008],[-103.8071404263559,23.923595492640462],[-103.76424578541607,23.908537107154093],[-103.73899650019332,23.877123425068064],[-103.72177881101275,23.87387807387359],[-103.71343045136535,23.845285026716144],[-103.68734683835966,23.82181879977548]]]}},{"type":"Feature","properties":{"clues":"ZSIMB001216"},"geometry":{"type":"Polygon","coordinates":[[[-103.76028116895269,23.4812125075408],[-103.75695387634786,23.445406815487633],[-103.76060242474074,23.43299250820103],[-103.79185781062543,23.42875463707596],[-103.80719353811517,23.42865446330367],[-103.82265553668456,23.433853075607654],[-103.83333583396067,23.476090998892122],[-103.83267286891034,23.480112959590073],[-103.83511532737825,23.4889147990644],[-103.8185107976871,23.52470994789148],[-103.8104139637984,23.525292796256768],[-103.78567674451844,23.519382587903486],[-103.76746886033482,23.49434337674726],[-103.76745215634593,23.491714171355966],[-103.76028116895269,23.4812125075408]]]}},{"type":"Feature","properties":{"clues":"DGIMS001734"},"geometry":{"type":"Polygon","coordinates":[[[-103.55060123707072,24.2668246611982],[-103.52129722418226,24.335584031252704],[-103.50208685952244,24.314938264794286],[-103.50274893026626,24.24868760907752],[-103.55060123707072,24.2668246611982]]]}},{"type":"Feature","properties":{"clues":"ZSIMS001111"},"geometry":{"type":"Polygon","coordinates":[[[-103.50274893026626,24.24868760907752],[-103.50208685952244,24.314938264794286],[-103.45284501602512,24.330180663722636],[-103.42689458028518,24.304084898543117],[-103.42032529122687,24.294585974798572],[-103.41945823584011,24.28484306964868],[-103.43496494112412,24.282871331245197],[-103.443250302103,24.283599313740588],[-103.44472539059244,24.28185023358865],[-103.45508846808102,24.28296401771166],[-103.48689083310028,24.245395030748227],[-103.50157163696814,24.246198943377667],[-103.50274893026626,24.24868760907752]]]}},{"type":"Feature","properties":{"clues":"ZSIMS001683"},"geometry":{"type":"Polygon","coordinates":[[[-103.40382979818543,22.772819832158266],[-103.41927436883682,22.777203752712595],[-103.45841723549016,22.782680311567486],[-103.46649035942212,22.774416749357865],[-103.4968400879419,22.800635042086782],[-103.46030847816603,22.85101128562271],[-103.44801257243225,22.852463835267994],[-103.42776392842826,22.87757269892108],[-103.42822000736103,22.896491212612492],[-103.41942779784729,22.916385610180075],[-103.4077484060527,22.935067323975115],[-103.3952544637168,22.941074873810066],[-103.37862672651758,22.92442997692334],[-103.34978871569879,22.880685902886203],[-103.3331977844554,22.887214567101253],[-103.32052060145973,22.87939229324237],[-103.30850573601832,22.841956334014448],[-103.2950123919513,22.846369788739015],[-103.24977996237678,22.81272054776066],[-103.27670064152925,22.761974735192428],[-103.31460967762976,22.780279778540976],[-103.33267801756976,22.76499143663091],[-103.35837898396535,22.75277202966602],[-103.3684462690276,22.752703455188893],[-103.38305215473098,22.779558283408907],[-103.40382979818543,22.772819832158266]]]}},{"type":"Feature","properties":{"clues":"SCCSA003488"},"geometry":{"type":"Polygon","coordinates":[[[-103.21178570517993,24.339082473922574],[-103.22715056127684,24.32766397830031],[-103.28966340241259,24.300727841904095],[-103.30908447759451,24.295364388857298],[-103.32606438038785,24.326064835845898],[-103.3321087184977,24.350540949423294],[-103.36925825572135,24.390036148438718],[-103.36879687190051,24.394545168263157],[-103.32308494686342,24.419488741430424],[-103.26186839589491,24.44738046605373],[-103.24179926034343,24.438048922674362],[-103.21659833587309,24.348422996684818],[-103.21178570517993,24.339082473922574]]]}},{"type":"Feature","properties":{"clues":"ZSIMB000142"},"geometry":{"type":"Polygon","coordinates":[[[-103.38988357528943,23.379680738264174],[-103.39536099782153,23.405252251069676],[-103.39468822317764,23.42263517430247],[-103.304129829306,23.444928251391616],[-103.26915393354088,23.463658950161772],[-103.2608951549443,23.457711298214463],[-103.2269581448642,23.44106684626498],[-103.2443868458209,23.35991317798006],[-103.27565167590315,23.326853230729416],[-103.28148029085291,23.32335916495357],[-103.28717539102648,23.324974024102755],[-103.33904579844304,23.294147850493193],[-103.38852141279595,23.3021767533081],[-103.39856763743428,23.326683912888335],[-103.38988357528943,23.379680738264174]]]}},{"type":"Feature","properties":{"clues":"ZSIMS001905"},"geometry":{"type":"MultiPolygon","coordinates":[[[[-102.79697169294462,22.58260084087791],[-102.8061002217984,22.59109277210095],[-102.83829574601113,22.58393913662207],[-102.86256694705123,22.613882944627758],[-102.8482598218808,22.627609870871797],[-102.84684560638549,22.66357962314409],[-102.84000141357268,22.66775145359694],[-102.79375480928076,22.65387411258514],[-102.79056404099772,22.65598214835326],[-102.77943304405287,22.67032637335809],[-102.77223996697893,22.665414268641594],[-102.76269179777597,22.653316775253096],[-102.74454463262784,22.636301146549872],[-102.70347909340754,22.62095450521591],[-102.74661252941281,22.5994746151599],[-102.754126432388,22.593019828375763],[-102.75674282931068,22.592390974372723],[-102.76666512348689,22.598445234069292],[-102.76491393340231,22.613375956998908],[-102.7690164522797,22.618635470684136],[-102.77719045595495,22.613920910501598],[-102.7785656944529,22.60333767903071],[-102.77493336898075,22.598775313953013],[-102.78841116780498,22.5838004324572],[-102.79697169294462,22.58260084087791]]],[[[-102.73300408497974,22.671413134193752],[-102.72245206632599,22.648538324036505],[-102.74696493032026,22.66402348396214],[-102.73300408497974,22.671413134193752]]]]}},{"type":"Feature","properties":{"clues":"SCCSA003512"},"geometry":{"type":"Polygon","coordinates":[[[-102.60493284304178,22.872816495149046],[-102.61514960250352,22.880518327341157],[-102.61975086650709,22.920996100451703],[-102.61394578610316,22.92729963732352],[-102.60423830588785,22.926212854316287],[-102.57871094357259,22.935136307039226],[-102.57941001050675,22.937416958589985],[-102.57166420936863,22.943137178838032],[-102.56906601594443,22.94207182350937],[-102.56766897238558,22.926915572521292],[-102.57728453602084,22.932234258468025],[-102.58554655604388,22.92403525220519],[-102.57154588474397,22.906389331514166],[-102.55722727273027,22.9041788279782],[-102.56876330493014,22.86822026087359],[-102.5793528448572,22.863861116682664],[-102.5909357866172,22.873966443535043],[-102.60493284304178,22.872816495149046]]]}},{"type":"Feature","properties":{"clues":"ZSIMB001460"},"geometry":{"type":"Polygon","coordinates":[[[-102.57913100204836,23.09354697567315],[-102.5812018750172,23.107053083703537],[-102.57228977788387,23.12366456238237],[-102.59836357755573,23.182975791932712],[-102.58702120351734,23.185355527085225],[-102.53004615072514,23.17340134481377],[-102.51235218094476,23.19962369394352],[-102.49341920993592,23.243609743748586],[-102.48927356725034,23.244967796198036],[-102.47693593644458,23.24438940543679],[-102.4745504078677,23.241655528658654],[-102.45484103547632,23.195878228628022],[-102.44636304470842,23.1854687554552],[-102.4193321861045,23.190068777050033],[-102.41337802427194,23.186253844631672],[-102.41553932134755,23.176890582944942],[-102.42752367749632,23.16993218936224],[-102.42302269670769,23.15565582052734],[-102.43337476378247,23.15443083828072],[-102.4580493826671,23.13950920713163],[-102.46089839490189,23.13399111196111],[-102.47674828967472,23.130052150397848],[-102.49073996356995,23.130122818357947],[-102.50556719601154,23.12801042805282],[-102.5125572153709,23.113356502486404],[-102.55750861937884,23.079553662924738],[-102.57913100204836,23.09354697567315]]]}},{"type":"Feature","properties":{"clues":"MNIMB002972"},"geometry":{"type":"Polygon","coordinates":[[[-102.00442885004105,20.17392658123469],[-102.0134694462031,20.180645216619403],[-102.0076585115244,20.18769568090147],[-101.98650817190038,20.19996875374795],[-101.97790773843099,20.198551845790618],[-101.96956567962864,20.183567300349164],[-101.97243096654121,20.163700905633732],[-101.98499076796723,20.163213745309466],[-101.99024506545386,20.17454836843223],[-101.99575123169194,20.17604504900071],[-102.00442885004105,20.17392658123469]]]}},{"type":"Feature","properties":{"clues":"MNIMB001876"},"geometry":{"type":"Polygon","coordinates":[[[-101.96742736018221,20.09689694639136],[-101.96966363512907,20.10117097570407],[-101.98737023669617,20.10584451853443],[-102.01579650724456,20.127938920741734],[-101.9814039633941,20.1306472778752],[-101.97624196500644,20.136435460578905],[-101.95924665521787,20.13660953008439],[-101.95854107987078,20.142436834055335],[-101.92604098071233,20.146086219160086],[-101.9207568674122,20.127278801802667],[-101.9128289779353,20.117169106188122],[-101.90487925895555,20.11980220515619],[-101.8741432285661,20.094798437681295],[-101.89516879062123,20.085611997014535],[-101.90955263724086,20.08581975428811],[-101.9152217608926,20.091522760351342],[-101.92550762045543,20.09315105746648],[-101.94507844767088,20.078257434314793],[-101.95629349846894,20.091295983476847],[-101.96742736018221,20.09689694639136]]]}},{"type":"Feature","properties":{"clues":"MNIMS001964"},"geometry":{"type":"Polygon","coordinates":[[[-101.74889537021922,19.926820693590415],[-101.75225238524791,19.92145387810714],[-101.76023597839112,19.92062484457219],[-101.77199361939795,19.913741223525516],[-101.7869624796551,19.917727985940523],[-101.79507990448973,19.939587222965105],[-101.760959403552,19.93702146587533],[-101.7557576951614,19.950983087966364],[-101.75214176532673,19.953512993870486],[-101.73312824972604,19.949453436704285],[-101.73820673859295,19.940939856878515],[-101.73883358387124,19.933228970462256],[-101.7422431668721,19.927013970412087],[-101.74889537021922,19.926820693590415]]]}},{"type":"Feature","properties":{"clues":"MNIMB000114"},"geometry":{"type":"Polygon","coordinates":[[[-101.66750483856651,20.180732697411166],[-101.66267600527163,20.14744595358847],[-101.66166290689037,20.11002261458484],[-101.679443863604,20.116532697957588],[-101.68252864848421,20.124066284921792],[-101.68718122084846,20.130510058182285],[-101.69624556562914,20.156862585527527],[-101.69330416998494,20.16460534083049],[-101.66750483856651,20.180732697411166]]]}},{"type":"Feature","properties":{"clues":"MNIMB001992"},"geometry":{"type":"Polygon","coordinates":[[[-101.67512372624358,19.997795874077102],[-101.675715140733,20.042943634990635],[-101.66408602387894,20.036276414147526],[-101.64196233668291,20.01555667940645],[-101.66832065404883,19.996197832857188],[-101.67262104086404,19.994799920759714],[-101.67512372624358,19.997795874077102]]]}},{"type":"Feature","properties":{"clues":"MNIMS002635"},"geometry":{"type":"Polygon","coordinates":[[[-101.55073380367135,20.221653349622766],[-101.56540227788814,20.24165040604003],[-101.55992067072206,20.262600201316193],[-101.56146040579276,20.266437528948806],[-101.55497004092034,20.286541554311814],[-101.54563005014359,20.28345780812766],[-101.5253359052235,20.260559227243693],[-101.51431086447263,20.260814280468736],[-101.5083744920524,20.226265773247786],[-101.5006418595753,20.22107548026668],[-101.50085301420826,20.193284355598493],[-101.52379260508637,20.190948628852194],[-101.56483027359297,20.179044301531622],[-101.56605120473967,20.183389910023433],[-101.55932175414321,20.204459777999066],[-101.55073380367135,20.221653349622766]]]}},{"type":"Feature","properties":{"clues":"SPIMB003011"},"geometry":{"type":"Polygon","coordinates":[[[-100.97108265692674,21.799186970131323],[-100.96703546539803,21.805275818085487],[-100.95789811406365,21.811862052816398],[-100.95395303352223,21.808737176062404],[-100.94314407476838,21.807134381708753],[-100.93998966068098,21.80900172386254],[-100.93414384718525,21.806177456016265],[-100.93814328722645,21.80147929391084],[-100.93637336713562,21.796934839020008],[-100.93915194174146,21.789340040588193],[-100.93806211772434,21.78507959277412],[-100.95373649497436,21.77898513887971],[-100.96284100911939,21.782148985373254],[-100.97108265692674,21.799186970131323]]]}},{"type":"Feature","properties":{"clues":"MCIMB000284"},"geometry":{"type":"Polygon","coordinates":[[[-100.04987534575999,20.134852497935245],[-100.05093097346341,20.137192826500538],[-100.05467375446999,20.139513315309255],[-100.07682024193363,20.13781641729995],[-100.08030861127179,20.147925536494057],[-100.08103142179047,20.160193402414265],[-100.0947907217582,20.166156865442613],[-100.10882073362006,20.161442571652536],[-100.11093915144441,20.16569273656672],[-100.10269333418394,20.185061278007336],[-100.09199593581084,20.191380167815744],[-100.0760412957823,20.220266407590557],[-100.06215408154277,20.21817779596363],[-100.04184935079373,20.223307067945534],[-100.04046133657222,20.22189111335076],[-100.03742997798605,20.214955471172892],[-100.05134811468275,20.178667960609694],[-100.05030850661495,20.17610787384837],[-100.03478080177743,20.168128688874017],[-100.01393275747691,20.17938543999092],[-99.98347928771588,20.17000282598591],[-99.97488286735839,20.190869445541587],[-99.9545326079851,20.185650342837135],[-99.93476040372464,20.187973868307928],[-99.93267716881736,20.186030053089546],[-99.932264186792,20.166121333054726],[-99.90590337107902,20.152628316476246],[-99.9041407927869,20.150122961791784],[-99.90470580156061,20.135881588489976],[-99.92853486779266,20.13025775475907],[-99.93142964951791,20.126736957568887],[-99.92836505622547,20.072515588533584],[-99.93872270904888,20.07481188435792],[-99.96146747682731,20.096920739025197],[-99.9744219016632,20.10183685554377],[-99.9842749621075,20.12988650526743],[-100.00565450083859,20.110854466890917],[-100.01317662578812,20.11060814348689],[-100.02608509745944,20.130217529646345],[-100.04987534575999,20.134852497935245]]]}},{"type":"Feature","properties":{"clues":"MCIMB010755"},"geometry":{"type":"Polygon","coordinates":[[[-100.02459697027874,19.979276570235694],[-100.03329892858751,19.97902449591321],[-100.03965933278002,19.993843474993554],[-100.05853415076777,19.987086924808647],[-100.06307629335333,19.98723141499664],[-100.07256112568447,19.99787689072388],[-100.08571132274304,20.020561453160532],[-100.09665924425727,20.019460799673496],[-100.11757019368449,20.030924168889765],[-100.10694630723721,20.038640823659396],[-100.1070776789971,20.044226380293523],[-100.1042267502031,20.04839323891561],[-100.09325511124234,20.047289768106896],[-100.08415019648768,20.05219685069848],[-100.07309356016786,20.049873028347207],[-100.06143693025626,20.040311900583504],[-100.06308161851706,20.032658084366226],[-100.07036383671327,20.029737387414922],[-100.06438382473281,20.00661916722642],[-100.05823771929855,20.009046249436043],[-100.03867141101559,19.99773785177165],[-100.03226506032466,20.005075589269378],[-100.02797944650062,20.003967230893377],[-100.0164103123162,19.994233927615337],[-99.99288302126331,20.00649638643939],[-99.99752294669236,19.980895732088413],[-100.00491627988174,19.979450460891464],[-100.01367934409348,19.974527099885755],[-100.02459697027874,19.979276570235694]]]}},{"type":"Feature","properties":{"clues":"MCIMB000091"},"geometry":{"type":"Polygon","coordinates":[[[-99.90034635804504,19.932622061916188],[-99.91719628408697,19.92256166037723],[-99.93296501662974,19.920551276897605],[-99.92253333071851,19.941156840009107],[-99.92167492053218,19.951114458516642],[-99.91882499553216,19.95381166058205],[-99.91142462931039,19.9563249585042],[-99.88868447731042,19.948593517197597],[-99.89955867715088,19.936566697817316],[-99.90034635804504,19.932622061916188]]]}},{"type":"Feature","properties":{"clues":"MCIMB003084"},"geometry":{"type":"Polygon","coordinates":[[[-99.72573890977516,19.94716939139676],[-99.718954511565,19.94851629833996],[-99.7063142703919,19.96248718322814],[-99.69533415639009,19.959011207220993],[-99.68295711419914,19.948066043231496],[-99.69106645647918,19.927069467621077],[-99.70179743774995,19.91936575985415],[-99.70461604418746,19.90403290636255],[-99.71791033973767,19.906758377016157],[-99.74716683032008,19.923238357883687],[-99.74374869148677,19.936733880026342],[-99.72573890977516,19.94716939139676]]]}},{"type":"Feature","properties":{"clues":"SCCSA002388"},"geometry":{"type":"MultiPolygon","coordinates":[[[[-99.62746818947177,21.062685873385924],[-99.62884862046432,21.071820089515562],[-99.63116264595352,21.073716346829446],[-99.64032884232255,21.076034175816787],[-99.6658964569221,21.071476031678124],[-99.67188277368594,21.083553683413346],[-99.67057957516721,21.08771133707653],[-99.66546551158837,21.09292794650841],[-99.65644284467788,21.094830075133295],[-99.65455384609572,21.097600490328578],[-99.63558634046476,21.09767595244773],[-99.63652114059911,21.104506141180124],[-99.63272675841723,21.11645827367179],[-99.62906418799709,21.118796248623322],[-99.61175912182385,21.112733092166895],[-99.6048283970559,21.123478332586572],[-99.59999055408086,21.123609006470996],[-99.59171320614509,21.111596446585914],[-99.58299559079299,21.124636981909266],[-99.57573908056595,21.118555352404368],[-99.566227984102,21.120336139884643],[-99.56510497023059,21.121887539270666],[-99.56734127238656,21.131474074820115],[-99.56370034808265,21.135230558929784],[-99.55281581600738,21.137255791494674],[-99.55553903790845,21.156058518094902],[-99.55027205388022,21.156087650741455],[-99.54056531648182,21.15062852139103],[-99.52946533338466,21.15401431560588],[-99.53061159054249,21.160846259013468],[-99.51780268467442,21.168122068023422],[-99.5172474375911,21.175598702671106],[-99.50197452619261,21.180625148855917],[-99.4996758890396,21.186701619136322],[-99.48687498829874,21.192268332286343],[-99.48728149383352,21.19955279782493],[-99.48572323780196,21.203006137083264],[-99.47860205506845,21.206608953553324],[-99.47312453028769,21.217204102973863],[-99.46640846311837,21.215950932249555],[-99.4669232383459,21.221164931768396],[-99.46185779058149,21.24076859370554],[-99.45544925482194,21.249879545032435],[-99.44971074272598,21.25373490393711],[-99.44131141719969,21.24256426926822],[-99.4093699793007,21.238399164006516],[-99.4063478822153,21.234323911876185],[-99.38457236833533,21.228970215079872],[-99.38053247101206,21.217661434148177],[-99.3751743748861,21.212870958004693],[-99.37359266442925,21.20626708268872],[-99.4115482274907,21.187231490541865],[-99.41351879327641,21.16833851319859],[-99.4231566134415,21.155546797305753],[-99.43405918843311,21.160947704766418],[-99.44793395333085,21.147466921130956],[-99.44548621529256,21.14190248466489],[-99.46061615952935,21.137321247522824],[-99.46222333013512,21.132657753243006],[-99.46729477401449,21.128047329925916],[-99.47759098092929,21.12323617271076],[-99.4838854238722,21.12566727602898],[-99.49059709385192,21.12081632793615],[-99.48944435763032,21.110048144316394],[-99.5035874730163,21.111529542350194],[-99.50482367618754,21.107513726622493],[-99.52059352942442,21.095352241890566],[-99.52065874927385,21.089623512565826],[-99.5408488398187,21.08116730959902],[-99.54327868079437,21.082525082035897],[-99.5618599043323,21.079479737990113],[-99.57557938211453,21.051296133719255],[-99.5822074345285,21.05457430913629],[-99.59868227026844,21.05232263984136],[-99.62746818947177,21.062685873385924]]],[[[-99.56092827623411,21.41747781463164],[-99.58079603302478,21.43155530659515],[-99.59704525893845,21.43805962947515],[-99.60288962792589,21.442962004087537],[-99.60869499534314,21.45180339973699],[-99.620670965975,21.460121464829854],[-99.62623650812415,21.49174122483387],[-99.62515429527559,21.494384847735354],[-99.58937350245589,21.48889160779943],[-99.58577424894412,21.48724168839663],[-99.58252803679589,21.478310441002385],[-99.56617917867007,21.4712485221604],[-99.5477207939154,21.470838893378083],[-99.54170119814034,21.47686397451171],[-99.5322060700666,21.475262334469992],[-99.52418785015814,21.464179189234493],[-99.49853059244133,21.462398168442604],[-99.49924793916777,21.454850122842547],[-99.49800411462562,21.450519016892912],[-99.50295237264572,21.417250911221313],[-99.50686639202594,21.416480741705072],[-99.53534390116171,21.426422672117493],[-99.56092827623411,21.41747781463164]]]]}},{"type":"Feature","properties":{"clues":"GRIMS000322"},"geometry":{"type":"Polygon","coordinates":[[[-101.70113114170485,17.763713813954077],[-101.71163333908704,17.768057060443205],[-101.71405563043578,17.773503646745386],[-101.71527391352896,17.77318241935941],[-101.73094490954294,17.78442062980572],[-101.74742816522794,17.792814935788137],[-101.74753927971922,17.794337199059793],[-101.74519628015031,17.79522096962469],[-101.74534891038034,17.79705354980631],[-101.7501765502778,17.80303127916787],[-101.74747357037639,17.804795259774238],[-101.74761799993794,17.80706457980419],[-101.75840179416767,17.820018424083287],[-101.74077222326865,17.82241936679921],[-101.73548417929725,17.81362279940828],[-101.72565887679293,17.80187745591005],[-101.71718719407268,17.802801405102155],[-101.69241139831277,17.798302181892275],[-101.70113114170485,17.763713813954077]]]}},{"type":"Feature","properties":{"clues":"GRIMB002095"},"geometry":{"type":"Polygon","coordinates":[[[-101.78404523203999,18.168033289902063],[-101.82108938328714,18.181003529645263],[-101.83070958993123,18.203811670317982],[-101.80978674032632,18.223545474604762],[-101.81400383053901,18.233784864018645],[-101.85812649477226,18.29110564973633],[-101.84546970158898,18.328007675395355],[-101.84117707928004,18.330308393609496],[-101.82606858922735,18.32763412073231],[-101.81372973937837,18.328634300374986],[-101.7930849307394,18.347419303366188],[-101.75966067549487,18.3508298809997],[-101.74598001539368,18.367165427717524],[-101.73630701641503,18.355106621186142],[-101.7226205476146,18.351354039151023],[-101.70983671851327,18.336589244348566],[-101.70781144861154,18.33607221080394],[-101.72265778535484,18.292687102199906],[-101.71032866832626,18.286452814259366],[-101.71406458514463,18.250357168557056],[-101.72536215024351,18.23176614032997],[-101.72537522740893,18.22613629908438],[-101.73098671098491,18.216962169870442],[-101.71562245808377,18.182764890983798],[-101.73406549390856,18.15446352348863],[-101.77048470621678,18.177457391681177],[-101.78404523203999,18.168033289902063]]]}},{"type":"Feature","properties":{"clues":"GRIMS000445"},"geometry":{"type":"Polygon","coordinates":[[[-101.75717606560269,18.090176759945855],[-101.79703047363822,18.086794521361984],[-101.81261215692346,18.094008331210393],[-101.82090024279947,18.137786642622213],[-101.82649277909225,18.1428619351507],[-101.82108938328714,18.181003529645263],[-101.78404523203999,18.168033289902063],[-101.77048470621678,18.177457391681177],[-101.73406549390856,18.15446352348863],[-101.73969849136289,18.12598694475025],[-101.75232306304375,18.113634749742392],[-101.75717606560269,18.090176759945855]]]}},{"type":"Feature","properties":{"clues":"GRIMB002730"},"geometry":{"type":"Polygon","coordinates":[[[-101.0255402239423,18.07523543838557],[-101.05500425080491,18.086971524861212],[-101.07943500793199,18.102406831583096],[-101.04281106246849,18.158153899661208],[-101.04298531807967,18.16467986500424],[-101.02857967015215,18.17121344299237],[-101.00558828584141,18.20179773728811],[-101.02254931074839,18.220905775615755],[-101.05849415035871,18.18546321044042],[-101.07134241074351,18.197349204470306],[-101.082048905871,18.20151988944961],[-101.092574615014,18.236555016638434],[-101.06945115684354,18.251281797408637],[-101.05933803153005,18.269624968477462],[-101.05443904725324,18.270248993500942],[-101.0114684444091,18.30507410973423],[-101.01080024310984,18.3176431220236],[-100.95285307279632,18.33685580984062],[-100.941324799301,18.33174156032933],[-100.93609553124828,18.32479674074568],[-100.9320458316433,18.309880318193656],[-100.92584815181067,18.29814890280605],[-100.90299372004226,18.28655198570587],[-100.89170647261315,18.273881754283295],[-100.88870591412656,18.273203421765555],[-100.88143014243924,18.254940651700032],[-100.87730820979272,18.252207419000495],[-100.87036142130454,18.252194746882314],[-100.8565976733074,18.271207351825236],[-100.82270672771809,18.27179356996557],[-100.82445761569339,18.251809015546165],[-100.8125468735198,18.206027220733983],[-100.8077318384425,18.198500616058407],[-100.80834721420555,18.186214299728306],[-100.79843889858432,18.164242867264566],[-100.79936670099006,18.125489460281017],[-100.80028414598648,18.120989638589478],[-100.82525864550549,18.10371626472203],[-100.84000619215335,18.071025851052667],[-100.84679288145871,18.065485362516927],[-100.8661607948393,18.06908325590788],[-100.88933706373314,18.08210435473204],[-100.91576740474291,18.08589089355743],[-100.91855959540247,18.093261263218317],[-100.93148134623773,18.09227969280549],[-100.95089421630114,18.08746505742113],[-100.95745842190296,18.088700944983767],[-100.96603994684477,18.08278849150607],[-100.98692870303806,18.09375560002548],[-101.00707198087534,18.09114646135949],[-101.0255402239423,18.07523543838557]]]}},{"type":"Feature","properties":{"clues":"MNIMB003136"},"geometry":{"type":"Polygon","coordinates":[[[-100.80879970476714,18.680911512973026],[-100.83980610064397,18.668097409447306],[-100.84369031912544,18.668224170097268],[-100.85011134415379,18.69206801745047],[-100.85370298792957,18.727449471377582],[-100.87169241576487,18.74486211477826],[-100.8842871505287,18.750407695189054],[-100.8811235907741,18.793362066704095],[-100.878857295452,18.798079977193627],[-100.87259370130482,18.801643837061278],[-100.8457108778695,18.83105071974252],[-100.80096963429499,18.814461546963916],[-100.80667078835086,18.801064266352206],[-100.81140140965334,18.78257448703721],[-100.79837909539437,18.76211253525699],[-100.80155140515947,18.738078660668634],[-100.80856286514141,18.728930501810318],[-100.79463700660808,18.70290239447017],[-100.80879970476714,18.680911512973026]]]}},{"type":"Feature","properties":{"clues":"SCCSA001321"},"geometry":{"type":"Polygon","coordinates":[[[-100.77833855542116,17.36383625916964],[-100.79967275226174,17.368830851989475],[-100.81144921571337,17.374290574206476],[-100.80928980949103,17.38465039587949],[-100.80053731519571,17.399159497783764],[-100.81353731464435,17.4203164750668],[-100.82254164108589,17.443333346660513],[-100.82720741861058,17.44966246003375],[-100.8249374164562,17.452898175190565],[-100.76010044070348,17.437086133483948],[-100.75147321631128,17.441321115036992],[-100.75112325953532,17.453530870895435],[-100.73444551012457,17.465638567633945],[-100.72568952299028,17.458887100577737],[-100.71887076468929,17.43636304288714],[-100.70916627467969,17.433368482035895],[-100.69451862096871,17.42112784303929],[-100.69141227562577,17.421386225366867],[-100.6732810070476,17.402309044636883],[-100.67103513092184,17.375639534145197],[-100.67522539747698,17.37405665477431],[-100.72469454492304,17.378860356141033],[-100.746531587367,17.365317994401824],[-100.77833855542116,17.36383625916964]]]}},{"type":"Feature","properties":{"clues":"GRIMB006534"},"geometry":{"type":"Polygon","coordinates":[[[-100.66370779378055,17.133960620040433],[-100.69604137691059,17.145180276353535],[-100.75634184662594,17.16993162552083],[-100.75194533972771,17.18200305577914],[-100.75265372033233,17.1843434044412],[-100.74382668721768,17.202361561554184],[-100.74339907689622,17.210738070504615],[-100.7702794563329,17.222779421434495],[-100.77077566441308,17.226193898425173],[-100.73574567605846,17.22285330623764],[-100.73148480643367,17.22693525126299],[-100.7793550604542,17.253658945763327],[-100.77226062543355,17.286967477747023],[-100.73835761345462,17.283185306193015],[-100.71438067736206,17.258580723334425],[-100.7148205149631,17.253532246878105],[-100.71343491091257,17.249293230010352],[-100.71708597495392,17.23357355366232],[-100.72536560484642,17.2288660021935],[-100.72723066445027,17.203098204056893],[-100.71545898637366,17.193402568017103],[-100.70993896823448,17.181571288607817],[-100.70103134146213,17.17580839302899],[-100.6995882403943,17.170740207834356],[-100.66194035981233,17.162877755209752],[-100.65766867186402,17.146746132160402],[-100.66370779378055,17.133960620040433]]]}},{"type":"Feature","properties":{"clues":"GRIMB003121"},"geometry":{"type":"MultiPolygon","coordinates":[[[[-100.58770709061486,18.52123461753539],[-100.59554864359484,18.515858630614932],[-100.60279507675452,18.52159817079179],[-100.62772627743367,18.519781254230015],[-100.63179637386067,18.517160031220858],[-100.66303021304421,18.531907500267103],[-100.66399293853625,18.547251024538937],[-100.6498741530751,18.56053277077687],[-100.63174932765902,18.569882708633443],[-100.61184493527622,18.577312424510055],[-100.61199185727395,18.56749111901834],[-100.60421838882253,18.54102264892535],[-100.5935218732532,18.5355294411432],[-100.58992670370384,18.53682869750484],[-100.58770709061486,18.52123461753539]]],[[[-100.69036098150667,18.56556103876053],[-100.68470265294337,18.58790702904546],[-100.68565231981228,18.596663010580283],[-100.66538782089357,18.601845477206464],[-100.66824046554625,18.590377146858135],[-100.66413250358025,18.54737794855089],[-100.69036098150667,18.56556103876053]]]]}},{"type":"Feature","properties":{"clues":"GRIMB003116"},"geometry":{"type":"Polygon","coordinates":[[[-100.5368699406775,18.563930150606456],[-100.55469690051119,18.52233493865793],[-100.56001765133696,18.52386578629376],[-100.56590284691957,18.520614000587905],[-100.58770709061486,18.52123461753539],[-100.58992670370384,18.53682869750484],[-100.5935218732532,18.5355294411432],[-100.60421838882253,18.54102264892535],[-100.61199185727395,18.56749111901834],[-100.61164854803702,18.577119117401452],[-100.58467146471315,18.56736399721441],[-100.56398796631744,18.582060954972558],[-100.5368699406775,18.563930150606456]]]}},{"type":"Feature","properties":{"clues":"GRIMB001634"},"geometry":{"type":"Polygon","coordinates":[[[-100.26019838831279,17.305249069719796],[-100.25633875911201,17.30813128805015],[-100.2271565951024,17.295601803150515],[-100.22371683070166,17.287728734010432],[-100.24427182028676,17.277647322952507],[-100.24862575626241,17.27248429105161],[-100.27982685313519,17.26204766988079],[-100.28811973532318,17.275149669472075],[-100.30509830012913,17.308156551110134],[-100.28719801249301,17.317911371199305],[-100.27038252350539,17.301601731622522],[-100.26019838831279,17.305249069719796]]]}},{"type":"Feature","properties":{"clues":"MCIMB005230"},"geometry":{"type":"Polygon","coordinates":[[[-100.18345570576672,18.85982359002465],[-100.18960773173414,18.863034977662938],[-100.20081886079942,18.860392172958925],[-100.20479134514518,18.868690549743317],[-100.21230244608242,18.874078558148593],[-100.2187404871296,18.88354524576242],[-100.2174383633137,18.90651453456972],[-100.21145199868707,18.909278271037007],[-100.18961665209676,18.903032356293394],[-100.18179209261126,18.916279167480997],[-100.17591437426606,18.91777474201615],[-100.17382523456098,18.93471046186807],[-100.15949052435018,18.939628923784674],[-100.16158577513356,18.95567362385229],[-100.14618347083861,18.9646376540662],[-100.13852400176178,18.957781480906977],[-100.14846643165957,18.936553797803008],[-100.14664959488987,18.935300370174783],[-100.12577051144204,18.947317816740192],[-100.1294453725349,18.929644829151595],[-100.12004823375031,18.919110387886835],[-100.11355498242807,18.923125535105292],[-100.10537369074632,18.924854259525496],[-100.09629978393183,18.930045743335025],[-100.08025745483656,18.922270218087636],[-100.0797891548511,18.913305913079906],[-100.08473891477198,18.908536968163865],[-100.08995495936921,18.887643346736297],[-100.10874477852933,18.89894224757592],[-100.12245593310512,18.889944108359806],[-100.12127752332283,18.885123182525604],[-100.12824490523018,18.871369901416262],[-100.1317755585788,18.869799567214926],[-100.13011375921481,18.85159990415525],[-100.13797312324792,18.849684147866913],[-100.14704372260844,18.85286510843903],[-100.15181973978379,18.849374877410156],[-100.14749389363146,18.837976498241304],[-100.1559206847948,18.830075765051493],[-100.15840844125809,18.83129144238382],[-100.17101073328456,18.8271725226015],[-100.17560602083381,18.8324494087257],[-100.17320741490465,18.840673251485015],[-100.18345570576672,18.85982359002465]]]}},{"type":"Feature","properties":{"clues":"GRIMB009194"},"geometry":{"type":"Polygon","coordinates":[[[-99.80056192832294,17.66519428824471],[-99.80447176134226,17.641213907001298],[-99.81413823724361,17.63142625223922],[-99.82927741066689,17.633608346552016],[-99.83448661122112,17.636268819422526],[-99.84015814329888,17.635891691583705],[-99.87245603114063,17.620936753968994],[-99.8771323417619,17.64574779290242],[-99.89683913608555,17.66954722195897],[-99.89796284366717,17.673295125274322],[-99.87250609781925,17.701064276421832],[-99.88328698382378,17.74651409797119],[-99.80881725272525,17.757158978826958],[-99.80987654944589,17.722935920699054],[-99.77368564358368,17.68970332048498],[-99.77055326428588,17.67891304602275],[-99.80056192832294,17.66519428824471]]]}},{"type":"Feature","properties":{"clues":"GRIMB000321"},"geometry":{"type":"Polygon","coordinates":[[[-99.8699589241843,16.905103105705766],[-99.87588112471464,16.914897195286457],[-99.86650472865149,16.93234159277415],[-99.86201575325593,16.932201323408663],[-99.85518807634628,16.915681228117222],[-99.85141523846018,16.915465311986782],[-99.84533429808324,16.91239158560554],[-99.84691224502286,16.905958746174594],[-99.84452090746227,16.904101186055858],[-99.84598718887453,16.90152311549081],[-99.85893914977656,16.902654398862193],[-99.86058608351973,16.898884219981422],[-99.8699589241843,16.905103105705766]]]}},{"type":"Feature","properties":{"clues":"GRIMB000316"},"geometry":{"type":"Polygon","coordinates":[[[-99.84016245760856,16.893666721662466],[-99.83909995885904,16.89931529359615],[-99.84413201527497,16.904123778065827],[-99.84122153584606,16.907635018370673],[-99.83792664894132,16.904817871050405],[-99.83640111921747,16.905207682318697],[-99.83585182253361,16.908942856345217],[-99.83356724904463,16.910516651284304],[-99.82625597068818,16.905598911615265],[-99.8264368313352,16.90441382375373],[-99.82995176901079,16.901265754857004],[-99.8321234518306,16.896125360771613],[-99.83513301026116,16.897404953497897],[-99.83735564000648,16.89304021776383],[-99.84016245760856,16.893666721662466]]]}},{"type":"Feature","properties":{"clues":"GRIMB000560"},"geometry":{"type":"Polygon","coordinates":[[[-99.78850098023916,16.87251837919212],[-99.79574010505567,16.877799737194984],[-99.79365697171811,16.880152281384685],[-99.78585149144462,16.881858547704663],[-99.78946641674415,16.89185580368976],[-99.7865092296502,16.901524042637227],[-99.77719775401206,16.90125340919398],[-99.76352137732714,16.928477942212282],[-99.75405019181319,16.934690540931307],[-99.74155192807724,16.929284549178703],[-99.74031194320864,16.907086437575284],[-99.73725136210955,16.894742294261505],[-99.73554255237839,16.863584732983767],[-99.74531380723991,16.862289701689285],[-99.76443857325474,16.848511680333953],[-99.77676030103963,16.86290776225689],[-99.78513215027645,16.857961188233308],[-99.7933537160511,16.858541647131872],[-99.79605420450997,16.863480875086474],[-99.79585625282891,16.86601369230476],[-99.78850098023916,16.87251837919212]]]}},{"type":"Feature","properties":{"clues":"GRIMB008803"},"geometry":{"type":"Polygon","coordinates":[[[-99.79439795779231,17.05891679884724],[-99.78232642496512,17.060878144553186],[-99.77228611567834,17.065695534517022],[-99.75523872385226,17.033910077780856],[-99.76484483622677,17.02585848757064],[-99.77039204472383,17.026266300036998],[-99.7805387690104,17.030793895654437],[-99.78564554187395,17.03475442263533],[-99.80124892846733,17.05515604929104],[-99.79439795779231,17.05891679884724]]]}},{"type":"Feature","properties":{"clues":"MCIMB009903"},"geometry":{"type":"Polygon","coordinates":[[[-99.59013307496699,18.854693405750005],[-99.60434052196719,18.8489888721654],[-99.61820621868749,18.86293237425018],[-99.62358913104059,18.87327310386058],[-99.61323191049787,18.89217603558547],[-99.59889465034436,18.888804616934493],[-99.59681899142905,18.878943910200153],[-99.60144981039136,18.870965649005363],[-99.59013307496699,18.854693405750005]]]}},{"type":"Feature","properties":{"clues":"GRIMB006160"},"geometry":{"type":"Polygon","coordinates":[[[-99.53676177598568,18.46149333566804],[-99.55901150387461,18.44527094643218],[-99.58196652156677,18.42224619297075],[-99.60647296676431,18.46584413400395],[-99.60082351725411,18.473668957618866],[-99.58970481487488,18.48114044258856],[-99.58944007997906,18.490349161349254],[-99.58561227788239,18.49921467742902],[-99.56478996122425,18.496203916883843],[-99.54709290835237,18.495718638706013],[-99.54421714976172,18.481696927568677],[-99.53676177598568,18.46149333566804]]]}},{"type":"Feature","properties":{"clues":"GRIMB004125"},"geometry":{"type":"Polygon","coordinates":[[[-99.51549243066461,18.300386800789262],[-99.51666632682146,18.310498991569762],[-99.52255082729513,18.31446937410105],[-99.51924334527756,18.322263876203998],[-99.51364735705575,18.32989727685793],[-99.49840848432201,18.326053370531522],[-99.49722173223208,18.33045467910576],[-99.49929347164733,18.336040135267886],[-99.49103353041602,18.345971139795303],[-99.48477603898363,18.339574250014543],[-99.485400247624,18.335769621277738],[-99.4804164447556,18.327687589760156],[-99.44510971327782,18.332788846459565],[-99.45253476413913,18.31789390741005],[-99.46922650962439,18.308289689241295],[-99.47911369396111,18.306033746410304],[-99.48751756306568,18.30948621711014],[-99.4912017968231,18.3090154628421],[-99.49559558057958,18.305552175615937],[-99.5007125923618,18.296641033442217],[-99.50617175749392,18.29527651657488],[-99.51549243066461,18.300386800789262]]]}},{"type":"Feature","properties":{"clues":"SCCSA001316"},"geometry":{"type":"Polygon","coordinates":[[[-99.31021482759402,17.305913368352723],[-99.31097189019225,17.291121142611484],[-99.35583627713184,17.299925619849848],[-99.37813060549898,17.289235769001827],[-99.39588514210428,17.293097169764405],[-99.40038153652226,17.30631702189181],[-99.43214565194215,17.322512999946674],[-99.43319705425175,17.32698320969527],[-99.44467225680145,17.34480406945427],[-99.4445951718749,17.35868381995032],[-99.43605734632152,17.37421650971508],[-99.42009395312517,17.379639227558226],[-99.40071462467564,17.380645765865165],[-99.38635169187688,17.386261930867068],[-99.37792378149277,17.373687023161892],[-99.35506573127658,17.360931575125022],[-99.35099133552592,17.342005653355304],[-99.31021482759402,17.305913368352723]]]}},{"type":"Feature","properties":{"clues":"SCCSA001560"},"geometry":{"type":"Polygon","coordinates":[[[-99.44060932570957,18.742832718049826],[-99.4393109907702,18.74533890746112],[-99.43978007182,18.754847230409673],[-99.4441841680841,18.77284032185789],[-99.44221303029208,18.7778891973826],[-99.43480405402674,18.783911623873045],[-99.41969752157891,18.791983445011482],[-99.40431917672409,18.767986286255763],[-99.40687382132803,18.76258681858233],[-99.43341471723821,18.748325117438856],[-99.43072168724689,18.74441445089484],[-99.43374172376612,18.73915450341787],[-99.4296128540316,18.72881606234106],[-99.43091117870196,18.70969427836561],[-99.43943113478463,18.71148462487099],[-99.44742898513213,18.720702464279984],[-99.4465103613541,18.740916367709577],[-99.44060932570957,18.742832718049826]]]}},{"type":"Feature","properties":{"clues":"GRIMB008552"},"geometry":{"type":"Polygon","coordinates":[[[-99.33896174662605,16.837735371701843],[-99.34673211203932,16.824496783698574],[-99.35382911631207,16.816694004434325],[-99.36580960809202,16.820617339797778],[-99.36793222875282,16.820005809843337],[-99.3989035481337,16.838054497374106],[-99.38147857333371,16.854101377387828],[-99.36834599889089,16.869294746523813],[-99.35400729946929,16.902578030295818],[-99.35014299697202,16.904333906511678],[-99.3314978808597,16.905080738515892],[-99.30938244651065,16.858397060462693],[-99.32370611001652,16.85777608772698],[-99.34190158598415,16.847646937268948],[-99.33896174662605,16.837735371701843]]]}},{"type":"Feature","properties":{"clues":"GRIMB005612"},"geometry":{"type":"Polygon","coordinates":[[[-99.2972286789197,17.224379120079035],[-99.28529343940012,17.270449015765866],[-99.25397478514978,17.26716424123889],[-99.23695675884395,17.223431385089352],[-99.26546038111415,17.191344977417913],[-99.27053316632123,17.162614983162467],[-99.32935055637537,17.172254308648338],[-99.34916081129256,17.17171648681353],[-99.36343567059441,17.184482180437858],[-99.37368450177212,17.203877714506575],[-99.35172614211737,17.218085437641964],[-99.30750165682548,17.219553621669167],[-99.2972286789197,17.224379120079035]]]}},{"type":"Feature","properties":{"clues":"SCCSA001557"},"geometry":{"type":"Polygon","coordinates":[[[-99.31846476720614,18.739093334595776],[-99.30316063933267,18.753242395648712],[-99.30027300430777,18.752167075191068],[-99.29910239791027,18.743390106023103],[-99.30560211522864,18.73492196218385],[-99.31797973295804,18.727408251870962],[-99.31957140180631,18.729173640464158],[-99.31846476720614,18.739093334595776]]]}},{"type":"Feature","properties":{"clues":"MSIMB002276"},"geometry":{"type":"Polygon","coordinates":[[[-99.21458499473026,18.888113692333807],[-99.2224854400796,18.88148667993598],[-99.22410518166772,18.876989194013582],[-99.22642627666734,18.876064178682388],[-99.23402278538114,18.881950101510636],[-99.23283603360667,18.888970229425432],[-99.24119212321764,18.89346087939319],[-99.2342640764634,18.902146415985843],[-99.23380866299499,18.905857516150434],[-99.22892669913944,18.90700177217057],[-99.2221078978703,18.898749546648013],[-99.22318498209364,18.895433131092144],[-99.21458499473026,18.888113692333807]]]}},{"type":"Feature","properties":{"clues":"MSIMB000596"},"geometry":{"type":"Polygon","coordinates":[[[-99.15012493560353,18.793956430184817],[-99.14941559801852,18.783455791746448],[-99.180163026671,18.775327724834227],[-99.18779241669033,18.78025120234583],[-99.18833904928675,18.782865238363463],[-99.18598382495712,18.78981157492629],[-99.16852000168144,18.799218585245196],[-99.15012493560353,18.793956430184817]]]}},{"type":"Feature","properties":{"clues":"SCCSA001595"},"geometry":{"type":"Polygon","coordinates":[[[-99.14941559801852,18.783455791746448],[-99.14899824063295,18.770766556884297],[-99.15373906310803,18.75335415183094],[-99.15689706264534,18.75231217117512],[-99.16289516345704,18.75396717866442],[-99.17723995577481,18.769607164652914],[-99.18413734182495,18.767145477296815],[-99.1847539620046,18.77024581277423],[-99.19140540230879,18.769579495239487],[-99.1949572851684,18.773483035472562],[-99.18779241669033,18.78025120234583],[-99.180163026671,18.775327724834227],[-99.14941559801852,18.783455791746448]]]}},{"type":"Feature","properties":{"clues":"MSIMB000741"},"geometry":{"type":"Polygon","coordinates":[[[-99.14935555532448,18.86146083369107],[-99.15191399536833,18.87198864816917],[-99.1532686195936,18.874073896833245],[-99.15704826278467,18.87533407504915],[-99.153490569524,18.878771294927507],[-99.14795674974408,18.881246092404385],[-99.14818453649002,18.883400589725674],[-99.15382001180124,18.886517260878474],[-99.14895521241723,18.893743138234193],[-99.14867350575314,18.898612471679037],[-99.14188468537156,18.902738951591708],[-99.13922816055377,18.89167229704771],[-99.1405913759204,18.888870404932103],[-99.13913776208744,18.88710421730288],[-99.13944344426697,18.883509476725422],[-99.13662481295239,18.882326387390453],[-99.13645159380292,18.879746643839663],[-99.13999783930063,18.876399668387887],[-99.12824527975275,18.855239816327817],[-99.12985379092994,18.85093645159721],[-99.14299844724998,18.859220430728463],[-99.14935555532448,18.86146083369107]]]}},{"type":"Feature","properties":{"clues":"GRIMB001260"},"geometry":{"type":"Polygon","coordinates":[[[-99.00748519888877,18.14632509836444],[-99.03738500958825,18.13433284687221],[-99.10095788174553,18.162493261254525],[-99.08644642157142,18.187739476257182],[-99.09852617043808,18.21870818376548],[-99.10981990207725,18.239026277003752],[-99.10882541554655,18.24620302597678],[-99.09012414491748,18.263263330653633],[-99.07385583029698,18.28367052527714],[-99.02067662811189,18.26198072196292],[-99.02901464256146,18.229234834198696],[-99.02899465332774,18.224371717449717],[-99.02671298888596,18.215484137663562],[-99.00809199287967,18.173154436100116],[-99.00068889510506,18.167069744428897],[-99.00748519888877,18.14632509836444]]]}},{"type":"Feature","properties":{"clues":"SCCSA001653"},"geometry":{"type":"Polygon","coordinates":[[[-99.03770876348473,18.862575309407827],[-99.04737072181845,18.865232203612052],[-99.04882330628752,18.867718171613934],[-99.04629115609093,18.877556838558665],[-99.04141541093587,18.87849169302038],[-99.03683180724929,18.875830710094682],[-99.03120746510096,18.877221099759975],[-99.01965416063027,18.867244529636938],[-99.0151875815358,18.85751220692944],[-99.0175191784478,18.853719074275183],[-99.02417984977923,18.850466356088372],[-99.03770876348473,18.862575309407827]]]}},{"type":"Feature","properties":{"clues":"GRIMB000806"},"geometry":{"type":"Polygon","coordinates":[[[-98.9792700457733,17.740387380573576],[-98.97211247543278,17.7412404168428],[-98.96854955182769,17.743825932801307],[-98.95588598909228,17.742838053000792],[-98.93047172215626,17.7342691742661],[-98.95304530993742,17.717625340695502],[-98.95233484190518,17.70934425039265],[-98.95884131751859,17.683661205208324],[-98.96851082009684,17.676605569569503],[-98.97767536592899,17.666551648293133],[-98.98000193887017,17.665937581720637],[-99.00215102323072,17.6902620017068],[-99.03076661387776,17.69225159279415],[-99.03353336622763,17.7193439460094],[-99.03524743013887,17.72137363925957],[-99.02979785842722,17.734276730804417],[-99.02534687094125,17.73841527347252],[-99.02672076029971,17.75218466727832],[-99.01341159899212,17.760171245779937],[-99.01005052129855,17.760751789402942],[-98.99509681756122,17.74446607063154],[-98.9792700457733,17.740387380573576]]]}},{"type":"Feature","properties":{"clues":"GRIMB002952"},"geometry":{"type":"Polygon","coordinates":[[[-98.98025378407324,16.70859863271834],[-98.99621598979532,16.709088455731614],[-99.01172530166053,16.732641629348336],[-99.0157881184373,16.734820988835178],[-99.02663154908034,16.752604577002096],[-99.03823364883124,16.760468850813254],[-99.03031439668919,16.779258787928846],[-99.0357171031766,16.799340876065678],[-99.01325497138271,16.823533743006614],[-98.97427662218414,16.7913272532982],[-98.97328392724708,16.782416385581786],[-98.93497818479636,16.765737292230195],[-98.93749810861857,16.74451390566428],[-98.94298617797088,16.737610541926497],[-98.95497359344468,16.73637823832785],[-98.95989976296595,16.737636839560004],[-98.97662247652225,16.757371617525667],[-98.98303496461321,16.745620724257282],[-98.97951339274991,16.714680719072092],[-98.98025378407324,16.70859863271834]]]}},{"type":"Feature","properties":{"clues":"GRIMB001371"},"geometry":{"type":"Polygon","coordinates":[[[-98.98360243790543,17.523195298061385],[-98.98716182043307,17.518653178356274],[-98.9987325607865,17.52140975010651],[-99.01869159759946,17.552331417259285],[-99.00984812254515,17.57038871937003],[-99.02385430422447,17.585908192275177],[-98.99953295746755,17.616919164546772],[-98.99112671387225,17.60263641166801],[-98.98310172277937,17.598457728991644],[-98.9744834789073,17.584259305242252],[-98.96170744676004,17.57901365141238],[-98.96533158197597,17.562889464012066],[-98.98179294128967,17.556684452133826],[-98.98360243790543,17.523195298061385]]]}},{"type":"Feature","properties":{"clues":"GRIMB008313"},"geometry":{"type":"Polygon","coordinates":[[[-98.93876958495382,17.339005878570852],[-98.92647529884088,17.337660280462977],[-98.92467462037759,17.331351116928026],[-98.92928675731595,17.32586476418637],[-98.92901165396952,17.315053962553982],[-98.93895967079777,17.311173313995184],[-98.94545339605338,17.319204509125107],[-98.94453974410587,17.326541590793035],[-98.97014662484314,17.33186946298862],[-98.97933581815454,17.319539769545315],[-98.98779682852712,17.316707934221107],[-98.99495375428621,17.34492333809586],[-98.99434446208475,17.35035351664296],[-98.98787617972253,17.354056727821973],[-98.97745293070129,17.351262090033096],[-98.96786826266055,17.363109755608313],[-98.95518570063855,17.364363972719318],[-98.94950424054905,17.379674115958466],[-98.94452439469867,17.386883889335977],[-98.92627712190912,17.362309707765395],[-98.92817350207694,17.355818695002565],[-98.94120977020866,17.348606399445945],[-98.93876958495382,17.339005878570852]]]}},{"type":"Feature","properties":{"clues":"GRIMB008202"},"geometry":{"type":"Polygon","coordinates":[[[-98.93764666582298,17.045623316664646],[-98.94292189203121,17.069161917715974],[-98.92000611740188,17.074652212620567],[-98.91833330353148,17.078629210472926],[-98.90707842847463,17.084446788393763],[-98.90318127266548,17.08796889109045],[-98.89880547954017,17.09907344929818],[-98.8998610040134,17.10260454883878],[-98.91453469679084,17.113759133507386],[-98.8992765450597,17.13159143815674],[-98.88604814336198,17.13708276976419],[-98.87796930059353,17.117949444568534],[-98.87934945407027,17.11169079737083],[-98.87358465570264,17.104271429744994],[-98.87242875771386,17.088225050216096],[-98.87103452399919,17.085742699684182],[-98.87974772811008,17.075319243307053],[-98.88594709934749,17.060233994610773],[-98.88177444418669,17.044676469389028],[-98.89455705157879,17.02434125375749],[-98.91631071125546,17.051300491017297],[-98.93764666582298,17.045623316664646]]]}},{"type":"Feature","properties":{"clues":"GRIMB005064"},"geometry":{"type":"Polygon","coordinates":[[[-98.80488841062304,17.848219274386643],[-98.78056419494926,17.867439380030525],[-98.76403451008554,17.841185226854904],[-98.77495748793466,17.819643921724683],[-98.77693611888839,17.81840080548126],[-98.78877235962213,17.818570364648306],[-98.79605694674986,17.81431038767599],[-98.8169677585473,17.81810562431434],[-98.831466044303,17.81465417447138],[-98.84129324348261,17.823626577147813],[-98.84133226686855,17.826796070833876],[-98.8342222338797,17.839744480521603],[-98.84145262758612,17.85297401316743],[-98.84055089436072,17.855822141087142],[-98.82522931652896,17.856151944129405],[-98.81971119413382,17.854973899945694],[-98.80897061132039,17.846752846381587],[-98.80488841062304,17.848219274386643]]]}},{"type":"Feature","properties":{"clues":"GRIMB007835"},"geometry":{"type":"Polygon","coordinates":[[[-98.75510151028921,17.35678065067105],[-98.76215130086845,17.35366923894446],[-98.77223256068656,17.35917210498863],[-98.79914205791835,17.367358210522518],[-98.79412062160958,17.400202882398077],[-98.78691051779585,17.39586681534041],[-98.77919858056285,17.395382027807297],[-98.77515010076426,17.40344353598782],[-98.76586663916316,17.405603345965993],[-98.74964522035955,17.389864134474113],[-98.7476450838005,17.373707632391724],[-98.75510151028921,17.35678065067105]]]}},{"type":"Feature","properties":{"clues":"GRIMB001856"},"geometry":{"type":"Polygon","coordinates":[[[-98.69172911672194,16.607148755749744],[-98.72310758662317,16.608532483870057],[-98.72897407039838,16.624047769957503],[-98.72334078445188,16.671067221376962],[-98.721903913927,16.674063097103264],[-98.70271355118494,16.68249175983085],[-98.68846742986867,16.697628003194385],[-98.67475095792966,16.69127322557847],[-98.66336175128421,16.67616495801608],[-98.65518777114913,16.661748673474726],[-98.6669015605442,16.633094435618478],[-98.68382907960603,16.63421219018782],[-98.69172911672194,16.607148755749744]]]}},{"type":"Feature","properties":{"clues":"MSIMB001296"},"geometry":{"type":"MultiPolygon","coordinates":[[[[-98.7147811842275,18.853709413841763],[-98.71062636235843,18.8632498797146],[-98.70551914606511,18.864592845059146],[-98.7023514044607,18.85980882608876],[-98.7147811842275,18.853709413841763]]],[[[-98.69642099587864,18.857874656485],[-98.69588943028204,18.864359207758987],[-98.70354971764527,18.871111942657553],[-98.69993352260593,18.875981997963997],[-98.69465520622092,18.876289748611786],[-98.69271731732618,18.878755931925806],[-98.69570500243096,18.886090715662966],[-98.69454888350049,18.889363585231397],[-98.69895496704301,18.897171735816734],[-98.6916775077688,18.914046885914107],[-98.69528118690708,18.941361713361083],[-98.65446072757764,18.989171974840406],[-98.64733960211133,18.92363729453591],[-98.67209877071126,18.897725938403966],[-98.66687772272604,18.888280272358777],[-98.66753311183538,18.877084032742363],[-98.65982082905823,18.86807259321856],[-98.67031176494987,18.85663010824152],[-98.68552877701244,18.865503937594823],[-98.6951418158071,18.855529469641134],[-98.69642099587864,18.857874656485]]]]}},{"type":"Feature","properties":{"clues":"GRIMB001861"},"geometry":{"type":"Polygon","coordinates":[[[-98.62989579166093,16.7171727017395],[-98.66027224545479,16.693792521765253],[-98.67475095792966,16.69127322557847],[-98.68846742986867,16.697628003194385],[-98.69007685123984,16.723150360576632],[-98.65997047567924,16.767602171862492],[-98.63235580456481,16.766178812581135],[-98.62533369627938,16.753520221189433],[-98.63246611211528,16.73419552853646],[-98.62989579166093,16.7171727017395]]]}},{"type":"Feature","properties":{"clues":"GRIMB007695"},"geometry":{"type":"Polygon","coordinates":[[[-98.55673376365559,17.35803992479088],[-98.5494508886093,17.345990837967076],[-98.55223686121552,17.337855256708032],[-98.57349364810344,17.33166986406776],[-98.58370048621975,17.326294490532987],[-98.58952374828144,17.330783934649318],[-98.58819475692714,17.372229858255633],[-98.58500381297098,17.374077799160066],[-98.55673376365559,17.35803992479088]]]}},{"type":"Feature","properties":{"clues":"GRIMB005175"},"geometry":{"type":"Polygon","coordinates":[[[-98.46920566220402,16.661954670238234],[-98.47082519934753,16.68040584907902],[-98.45848448025015,16.704309708015074],[-98.43800602753504,16.704099812159683],[-98.42465202203262,16.716948895057374],[-98.421053729765,16.72264883041182],[-98.415525366706,16.72429108207673],[-98.39395629143537,16.713652674722404],[-98.39452090794694,16.709362149153566],[-98.38554597105023,16.706091561019253],[-98.36563624195159,16.692562612072322],[-98.36069130776491,16.679473203212993],[-98.35374130438566,16.671634484547372],[-98.35460243624496,16.669408370674915],[-98.36300486995802,16.66343061261712],[-98.3648513859895,16.659042219165716],[-98.37724965000595,16.662132459126003],[-98.39126509241494,16.654760548970415],[-98.39856185492178,16.65945392114836],[-98.41811781762487,16.662132025006393],[-98.42707063193046,16.648750220400153],[-98.43015110559622,16.64923915680121],[-98.4406788012018,16.660394347777064],[-98.45010107778803,16.665025948772776],[-98.46097226484385,16.658852724651073],[-98.46920566220402,16.661954670238234]]]}},{"type":"Feature","properties":{"clues":"GRIMB005180"},"geometry":{"type":"Polygon","coordinates":[[[-98.42148247356278,16.721570757102537],[-98.43800602753504,16.704099812159683],[-98.45103230387137,16.70444701978325],[-98.44625517199368,16.73211955638069],[-98.45065267020807,16.73892454006133],[-98.45010370403418,16.742525065067145],[-98.45360133234074,16.747694712727395],[-98.45681168125601,16.78096833191916],[-98.42478266622066,16.79357216674676],[-98.42013372972038,16.79078545609379],[-98.4169802859791,16.77359550942671],[-98.40191306765561,16.751755552852913],[-98.38699351004081,16.747536618112512],[-98.38460850301226,16.742108748662016],[-98.40189436280137,16.726819527520675],[-98.41165626630797,16.72280388352255],[-98.415525366706,16.72429108207673],[-98.42148247356278,16.721570757102537]]]}},{"type":"Feature","properties":{"clues":"PLIMS002826"},"geometry":{"type":"Polygon","coordinates":[[[-98.37158943403226,18.37354103518484],[-98.34270662462404,18.36167159666595],[-98.33606352582666,18.378614184660147],[-98.32892189902095,18.383030920062623],[-98.30481421436993,18.360205692104383],[-98.30360587317224,18.351681521510336],[-98.31168894231948,18.34336401683085],[-98.34189858865054,18.352504715980235],[-98.386893936894,18.307247203879015],[-98.39790573080565,18.315068851061152],[-98.39275073481754,18.359666672927567],[-98.37158943403226,18.37354103518484]]]}},{"type":"Feature","properties":{"clues":"OCIMB007980"},"geometry":{"type":"Polygon","coordinates":[[[-98.33014506052677,17.589444242639935],[-98.32148490158714,17.592829826658896],[-98.31710693729879,17.599173212005308],[-98.27430490928751,17.609144966881363],[-98.26525000662492,17.591273603094752],[-98.2722898848121,17.567092946182317],[-98.30048888913835,17.55311014993684],[-98.31251541624319,17.569735455737653],[-98.33889767067717,17.563484618991563],[-98.34410903347712,17.555630921984196],[-98.35174680563581,17.55596668930625],[-98.35490311822554,17.575530470179125],[-98.35099634385674,17.592177812143234],[-98.33014506052677,17.589444242639935]]]}},{"type":"Feature","properties":{"clues":"GRIMB007234"},"geometry":{"type":"Polygon","coordinates":[[[-98.33889767067717,17.563484618991563],[-98.31251541624319,17.569735455737653],[-98.30048888913835,17.55311014993684],[-98.30595811386364,17.544241825735952],[-98.31981907279176,17.536923514607842],[-98.34410903347712,17.555630921984196],[-98.33889767067717,17.563484618991563]]]}},{"type":"Feature","properties":{"clues":"OCIMB008716"},"geometry":{"type":"Polygon","coordinates":[[[-98.24544668132278,17.381101694738998],[-98.26649633179643,17.379824039621077],[-98.28049626133985,17.386077786986725],[-98.3026456853873,17.38768696804476],[-98.30775116900456,17.397947044207076],[-98.29189083300082,17.41095840194897],[-98.28354713844766,17.420585651173074],[-98.27841621906872,17.435122858586542],[-98.24565652844277,17.452132415165487],[-98.23873524022137,17.45201654143911],[-98.21156733326298,17.459948335519478],[-98.20711566267325,17.44897205638098],[-98.21473517720649,17.399030701959383],[-98.22735176870204,17.395144349672595],[-98.23186915347728,17.3885507156756],[-98.24544668132278,17.381101694738998]]]}},{"type":"Feature","properties":{"clues":"SCCSA002121"},"geometry":{"type":"Polygon","coordinates":[[[-98.28763890512165,18.80930532109629],[-98.27889956212431,18.836261138478353],[-98.2355342707911,18.846958861797432],[-98.22302518601701,18.815917392971247],[-98.23267498179047,18.79487618706533],[-98.25577621106744,18.79332758856093],[-98.28250522212323,18.798694455552067],[-98.28763890512165,18.80930532109629]]]}},{"type":"Feature","properties":{"clues":"PLIMB002224"},"geometry":{"type":"Polygon","coordinates":[[[-98.0780451607025,18.125382597755372],[-98.0802452833798,18.121505439530267],[-98.08417809658661,18.119654538545653],[-98.08300827934046,18.112517326684028],[-98.08574626322756,18.105325312129988],[-98.09565289712938,18.105312066810104],[-98.10442072392715,18.11326312483452],[-98.1069325838757,18.120450407793285],[-98.1113495594113,18.126488848282285],[-98.10389938719786,18.14497071626735],[-98.10368102099491,18.1599758064616],[-98.07882159466124,18.154456250281207],[-98.07561786224117,18.15214576667676],[-98.05802291821125,18.153977623705792],[-98.05385892676067,18.131661723781097],[-98.06102710629811,18.130016943768318],[-98.06484645055929,18.13061649795811],[-98.0780451607025,18.125382597755372]]]}},{"type":"Feature","properties":{"clues":"PLIMS002686"},"geometry":{"type":"Polygon","coordinates":[[[-98.06945760923831,18.5271253018938],[-98.09114394818464,18.555345087064698],[-98.08486891213303,18.56099957636429],[-98.08356762826692,18.56628185474106],[-98.085154458841,18.586893679215972],[-98.0875016840005,18.595251147868993],[-98.11005773155858,18.61286517746268],[-98.11735273128811,18.628965197612583],[-98.10650348442275,18.63376372098089],[-98.07012198710824,18.62670124500705],[-98.06009221648574,18.62261546883381],[-98.05131034761173,18.626371008067466],[-98.03387458840756,18.642285686544064],[-98.02514871164071,18.637099225337714],[-98.0099070857272,18.638830593708832],[-97.998375707274,18.63754974107186],[-97.987813707247,18.621438779178856],[-97.97658516079325,18.596172675317828],[-98.01670317429515,18.595783047832807],[-98.01872737070371,18.592445369866347],[-98.01275252898162,18.570110297426258],[-98.0255529356366,18.530530723933452],[-98.03769830384529,18.53207000589485],[-98.04687791184342,18.517921527177208],[-98.06395317246414,18.527073856144515],[-98.06945760923831,18.5271253018938]]]}},{"type":"Feature","properties":{"clues":"MCIMB010900"},"geometry":{"type":"Polygon","coordinates":[[[-99.65698063020027,19.714868593460753],[-99.67359831142828,19.718638603664587],[-99.67622808185823,19.71774716016905],[-99.68218099467737,19.71999844755808],[-99.68289629426134,19.734971671105644],[-99.69619218599156,19.751415688456202],[-99.67320562563984,19.75175364275381],[-99.6709205341709,19.74794822634269],[-99.6637134078992,19.744148550119235],[-99.65723998737377,19.747599922362706],[-99.64537043419705,19.7460149958203],[-99.6441493992102,19.74375583340461],[-99.65698063020027,19.714868593460753]]]}},{"type":"Feature","properties":{"clues":"MCIMB003195"},"geometry":{"type":"Polygon","coordinates":[[[-99.68708999132916,19.607421162417683],[-99.68016450080913,19.611446312563412],[-99.66184141319981,19.60932216357403],[-99.65914504835021,19.59891897180146],[-99.66190467268396,19.59483863545926],[-99.67023329067176,19.593978382654587],[-99.68400342702179,19.59674316160285],[-99.68708999132916,19.607421162417683]]]}},{"type":"Feature","properties":{"clues":"HGIMS001132"},"geometry":{"type":"MultiPolygon","coordinates":[[[[-99.12219742565667,21.061846307505533],[-99.12835397457368,21.057146475751964],[-99.14113553702322,21.052637877897517],[-99.15137131537051,21.06742134929318],[-99.15811382818406,21.070993235673914],[-99.16128513288493,21.081724756259685],[-99.15453786512359,21.100779418776632],[-99.14215424236198,21.09789698568295],[-99.13154250478071,21.085126563258427],[-99.12094241692209,21.069644154478144],[-99.12219742565667,21.061846307505533]]],[[[-99.44215458900754,21.108187372243545],[-99.43409646984948,21.102101097464548],[-99.46408228870624,21.073656516528782],[-99.47850997338762,21.077241622780715],[-99.5096081968825,21.091701907704206],[-99.520039469613,21.090902979513963],[-99.52059352942442,21.095352241890566],[-99.50482367618754,21.107513726622493],[-99.5035874730163,21.111529542350194],[-99.48944435763032,21.110048144316394],[-99.4866602426567,21.105868273645346],[-99.47634053044266,21.114476534910537],[-99.46338999538864,21.113850104990135],[-99.46729477401449,21.128047329925916],[-99.46222333013512,21.132657753243006],[-99.4519521196869,21.124113461820542],[-99.44215458900754,21.108187372243545]]]]}},{"type":"Feature","properties":{"clues":"HGIMS002462"},"geometry":{"type":"Polygon","coordinates":[[[-99.35177274887049,20.615985305499425],[-99.34946022434828,20.60592184127527],[-99.35849663041404,20.60198470277459],[-99.37400776772186,20.59907061785781],[-99.37912787317144,20.60595249105428],[-99.39531142096118,20.611041223655498],[-99.39403964959637,20.624048144354678],[-99.38788356650637,20.630445649680226],[-99.37867139451815,20.633967204033972],[-99.37305712770083,20.644463176723566],[-99.36276815708838,20.648998796792675],[-99.36145224009992,20.6518852294662],[-99.35334142099639,20.65514640096881],[-99.33349836155644,20.652883889973396],[-99.33481071076419,20.635692349746478],[-99.33761038975837,20.634000073424886],[-99.3553821068219,20.635382843881146],[-99.35654927935549,20.623122960715346],[-99.35177274887049,20.615985305499425]]]}},{"type":"Feature","properties":{"clues":"HGIMS001593"},"geometry":{"type":"Polygon","coordinates":[[[-99.26602777210407,21.006506588448666],[-99.28930516765232,21.01170887686946],[-99.31390973571457,21.025160751216408],[-99.31691910000039,21.025475042148493],[-99.35620413695118,21.059747619649226],[-99.37025564171803,21.096987308898708],[-99.37242885207783,21.108934111982897],[-99.3625703892484,21.117100646919223],[-99.3424452231355,21.124484313743302],[-99.32539403581053,21.134780752441177],[-99.29171486215239,21.140556060682425],[-99.26215680482338,21.13124459329828],[-99.24579830393016,21.095794035614993],[-99.24060269791572,21.090771752253573],[-99.25763266486793,21.049416029907608],[-99.26602777210407,21.006506588448666]]]}},{"type":"Feature","properties":{"clues":"HGIMS002223"},"geometry":{"type":"Polygon","coordinates":[[[-99.35049772757856,19.983367399860203],[-99.35331793645985,19.989107831590555],[-99.34410172830484,19.99678332051026],[-99.34396694882602,19.999420758806064],[-99.33976262705023,20.005723810615113],[-99.33781822083336,20.00629220487219],[-99.33189101313599,20.003919574803792],[-99.33250423128105,19.998528156903735],[-99.33098291521696,19.990666650738707],[-99.3283957543552,19.990596602687106],[-99.32438139827403,19.98675710129837],[-99.32688428153656,19.978079748689115],[-99.33117397962978,19.973091931910815],[-99.33206980517345,19.969068525613082],[-99.32974535896298,19.96213602692003],[-99.35799056227566,19.950968262879787],[-99.35971571847537,19.968365851103034],[-99.35017582570087,19.97778684872891],[-99.35049772757856,19.983367399860203]]]}},{"type":"Feature","properties":{"clues":"HGIMB002461"},"geometry":{"type":"Polygon","coordinates":[[[-99.2344119718832,21.089708842748827],[-99.24060269791572,21.090771752253573],[-99.24579830393016,21.095794035614993],[-99.26215680482338,21.13124459329828],[-99.29171486215239,21.140556060682425],[-99.29728262973025,21.166037429469718],[-99.30381949087277,21.172234035752115],[-99.31540080290772,21.19059542702068],[-99.3184439466375,21.190487151112997],[-99.34089346060077,21.20205581965854],[-99.33898375938813,21.205351078146943],[-99.31415523068026,21.214489232397316],[-99.31236231853968,21.208339252373836],[-99.29618746007408,21.19653745863193],[-99.29448547778554,21.18267463154671],[-99.27730622968852,21.19653876702168],[-99.25702794511393,21.192907810963185],[-99.25170485000692,21.150230110323832],[-99.24524151695569,21.153671804428743],[-99.22071553728168,21.18836383113007],[-99.20879303514621,21.19181039069517],[-99.20476276817902,21.16906115981287],[-99.18609195066843,21.17527249973425],[-99.17942877677716,21.18878443558099],[-99.15492446185597,21.198634778644664],[-99.15526584047575,21.200147476397152],[-99.1382113593574,21.220968234965255],[-99.1256937298037,21.228511788236858],[-99.12234189987774,21.2286334107055],[-99.11999072532686,21.23673362735753],[-99.11281014563905,21.24284163645474],[-99.10820381602885,21.234246967395183],[-99.09468672500346,21.233533738155803],[-99.09112299758681,21.235212266856685],[-99.0952495152662,21.247780783857777],[-99.08834932782025,21.258074855325766],[-99.07980755811785,21.260459619828776],[-99.07213918034373,21.25891654511143],[-99.06566266766451,21.248275114949134],[-99.05614090127135,21.246904275190307],[-99.05222410182827,21.230493104339484],[-99.04318541127115,21.229856240710966],[-99.04127204314582,21.22249187205462],[-99.03921231949177,21.220293365905267],[-99.04032454639746,21.21516964393022],[-99.03835963839232,21.207716795368718],[-99.03419546396643,21.203937574427247],[-99.0372359074941,21.19304823467477],[-99.0279480827952,21.186979141577932],[-99.02803976026865,21.18349156170907],[-99.03208373466198,21.176043962910406],[-99.02495171948463,21.16723995289035],[-99.01827819582195,21.167199167755484],[-99.00827131322556,21.15450074471632],[-99.0059473866305,21.14652068956749],[-99.01359301860423,21.142798045498974],[-99.03092884652958,21.149740769631787],[-99.04225830320429,21.150259346839267],[-99.04446054611384,21.147911762983345],[-99.05244867944707,21.14824258169343],[-99.07667736109268,21.16028020592617],[-99.09122556513802,21.148602892069007],[-99.11610854405794,21.144396543320482],[-99.13019936542227,21.15363323024347],[-99.14978576062178,21.154600626105157],[-99.16240873395009,21.142157472993407],[-99.16975976921997,21.127838689679216],[-99.18143249857336,21.124873671010473],[-99.22501883764339,21.094097086651797],[-99.2344119718832,21.089708842748827]]]}},{"type":"Feature","properties":{"clues":"HGIMB004170"},"geometry":{"type":"Polygon","coordinates":[[[-99.25796288688008,20.62428780610471],[-99.2692451110027,20.60838785163251],[-99.27937049609083,20.603914861170686],[-99.29186215497566,20.62999216587575],[-99.29767380541507,20.62852020255228],[-99.31789206091037,20.633757293483082],[-99.3172345187376,20.639410039806037],[-99.33341288008845,20.65291685535315],[-99.31988645296975,20.663263185257886],[-99.31666723946492,20.663855560418014],[-99.3123076929287,20.66125150187452],[-99.29747294405509,20.661824435328853],[-99.29325827262348,20.6531751942911],[-99.27951030369451,20.65133253202558],[-99.27664583483102,20.66435673654225],[-99.25995590233127,20.652927434973638],[-99.27025991893058,20.639047859510228],[-99.25796288688008,20.62428780610471]]]}},{"type":"Feature","properties":{"clues":"MCIMB011950"},"geometry":{"type":"Polygon","coordinates":[[[-99.21343900164297,19.815032403112305],[-99.22147979843844,19.81073238429861],[-99.22718120429728,19.811588554114877],[-99.23076519966048,19.815170865829174],[-99.2238777898786,19.8356494525314],[-99.21307296141005,19.841089545999175],[-99.21121681781977,19.843605975992354],[-99.21364066691812,19.848253979087737],[-99.22030117689317,19.850221655988147],[-99.21912761279252,19.856675539235816],[-99.21506402282337,19.863498414484063],[-99.21932911905003,19.866850335093122],[-99.22561715645693,19.87557322810315],[-99.2210107131579,19.88335429986023],[-99.21710133004409,19.885709178028204],[-99.21248336190406,19.891858050692715],[-99.21214515979739,19.896306744530648],[-99.20270265440578,19.918556699394255],[-99.1931925479636,19.91664865762041],[-99.18353170017517,19.905380350834868],[-99.18228056451883,19.898344488697703],[-99.17240228912034,19.883352124132692],[-99.18320197059157,19.864236134154183],[-99.19735761958779,19.865757201059893],[-99.20300963215576,19.862128826714898],[-99.20338674148482,19.856711864906075],[-99.20069802231839,19.851287293784413],[-99.20057816395698,19.847625716643375],[-99.2059451016567,19.841377580099437],[-99.20567283731395,19.839442670027474],[-99.20048338681319,19.83580095501251],[-99.197463783209,19.825002946427183],[-99.19571349261015,19.82336463785025],[-99.200142700958,19.814275960818335],[-99.21343900164297,19.815032403112305]]]}},{"type":"Feature","properties":{"clues":"HGIMS001482"},"geometry":{"type":"Polygon","coordinates":[[[-99.17227043423915,20.86163858758086],[-99.18466015497077,20.8441804346795],[-99.20500740942055,20.85587916667388],[-99.20002183288771,20.868303055002745],[-99.20131011905525,20.87107769821266],[-99.19879869608503,20.88674615321181],[-99.18210195919112,20.875655961840405],[-99.17227043423915,20.86163858758086]]]}},{"type":"Feature","properties":{"clues":"HGIMB002765"},"geometry":{"type":"Polygon","coordinates":[[[-99.03756415463629,20.390670522321614],[-99.03724401938229,20.381727327243176],[-99.04464449178674,20.356844213839867],[-99.07350481918922,20.361894177512685],[-99.0458422979604,20.40318291367483],[-99.03756415463629,20.390670522321614]]]}},{"type":"Feature","properties":{"clues":"HGIMB002456"},"geometry":{"type":"Polygon","coordinates":[[[-99.03044445862402,21.244777332536195],[-99.03363026102576,21.24279261178745],[-99.04882638204158,21.249099221061915],[-99.05614090127135,21.246904275190307],[-99.06566266766451,21.248275114949134],[-99.07213918034373,21.25891654511143],[-99.06851854150845,21.264152468283836],[-99.06496308575552,21.27681072513763],[-99.05609777251549,21.285141223971998],[-99.04744240636846,21.28789165565694],[-99.04297951941993,21.2877624588085],[-99.02601779412299,21.29779525178348],[-99.01659184576111,21.294969344367598],[-99.01851838002159,21.267387408239866],[-99.02030671738443,21.26459094259173],[-99.02456588562724,21.262715311088144],[-99.03044445862402,21.244777332536195]]]}},{"type":"Feature","properties":{"clues":"HGIMB001131"},"geometry":{"type":"Polygon","coordinates":[[[-99.03606825697175,20.23594046292541],[-99.03039733168625,20.23906202245897],[-99.03231993894117,20.25374629167526],[-99.02329319143836,20.258994806113705],[-99.01779970313032,20.25902377715957],[-99.0155994310189,20.257562144996722],[-99.01253384471872,20.244953238724293],[-99.01365430765605,20.24241318542007],[-99.02317288424092,20.238080107675867],[-99.02286440895345,20.226416863541193],[-99.02969570778527,20.219488807253246],[-99.03801610760797,20.225332361128604],[-99.03606825697175,20.23594046292541]]]}},{"type":"Feature","properties":{"clues":"SCCSA001438"},"geometry":{"type":"Polygon","coordinates":[[[-98.96803214491324,19.867752961926083],[-98.97235502709823,19.87198896042537],[-98.97534643659118,19.868152622131436],[-98.977158467269,19.870349901041852],[-98.97626091747311,19.872394469806455],[-98.98075379285923,19.877861495332457],[-98.99237727062946,19.883538481779837],[-98.99662844784956,19.889279537333636],[-98.98478169028843,19.902325940223825],[-98.97086278914108,19.905676255847403],[-98.9630086522857,19.915612821237254],[-98.94028057895271,19.919908681133574],[-98.93808927293765,19.910976845330904],[-98.94303149310184,19.898747090341836],[-98.94293673171603,19.894886189380255],[-98.94635506421533,19.888293903776557],[-98.94558912196116,19.8857285364924],[-98.9517386623161,19.879908734576563],[-98.95336635414867,19.870874388123987],[-98.9591669398641,19.868286266378824],[-98.96066208848151,19.870369980195473],[-98.96546215392362,19.870304210696396],[-98.96803214491324,19.867752961926083]]]}},{"type":"Feature","properties":{"clues":"HGIMB001020"},"geometry":{"type":"Polygon","coordinates":[[[-98.86560203199865,20.74347117067733],[-98.87705027592175,20.694045604978758],[-98.88508785154063,20.67921509680796],[-98.89252606166231,20.683315342009145],[-98.92259037930089,20.68407926875686],[-98.94338131521488,20.688917157469625],[-98.9581838270086,20.68666558222966],[-98.96398449358846,20.68722721918234],[-98.96777796560727,20.70248311460474],[-98.9735544377962,20.7129909331076],[-98.98095727706301,20.721786926866894],[-98.98213192152942,20.72744753974554],[-98.9439855280308,20.73968025133505],[-98.93166660815639,20.75601598033932],[-98.91707694469076,20.734821885266047],[-98.86560203199865,20.74347117067733]]]}},{"type":"Feature","properties":{"clues":"SCCSA001446"},"geometry":{"type":"Polygon","coordinates":[[[-98.89021781046996,19.985299921176214],[-98.88734745358285,19.95985464710853],[-98.9016062535358,19.961532071353925],[-98.9084275060845,19.972521483694152],[-98.91747959043974,19.96765722085802],[-98.9221700836842,19.969285219828894],[-98.92442677261451,19.971134061114405],[-98.92838062518972,19.98310947556209],[-98.94644355537275,20.00234877089918],[-98.95997284343251,19.998191767259975],[-98.98401581735507,20.056336502721305],[-98.94371760429607,20.06544808796263],[-98.93052967737432,20.060950666187683],[-98.92408854770876,20.05081218407902],[-98.92045019099629,20.019833625436544],[-98.91842848566195,20.019195201712908],[-98.90561237726378,20.001878554887004],[-98.8986713981918,19.98920840423391],[-98.89021781046996,19.985299921176214]]]}},{"type":"Feature","properties":{"clues":"HGIMS002001"},"geometry":{"type":"Polygon","coordinates":[[[-98.8777968845558,21.01597352659048],[-98.87916360244346,21.0336669269829],[-98.8771931245432,21.035523914708584],[-98.86949856711833,21.03833596224699],[-98.86380956262036,21.03859202304319],[-98.85261844918438,21.03085950478213],[-98.85530666464419,21.008962841331396],[-98.85394262833101,20.99744357809001],[-98.8739693174603,20.98721850700644],[-98.88427175483926,20.995452513754426],[-98.8777968845558,21.01597352659048]]]}},{"type":"Feature","properties":{"clues":"SPIMB001145"},"geometry":{"type":"Polygon","coordinates":[[[-98.8247024485528,21.203613899712682],[-98.8377093477987,21.203545073294833],[-98.84002806409798,21.210168973853005],[-98.83458308868244,21.217270571619835],[-98.83418408665635,21.22934600029059],[-98.83225456923488,21.231208408972783],[-98.8267626800003,21.229215059714658],[-98.82099504487583,21.229765311693036],[-98.81756675208155,21.23263789503228],[-98.81165493158571,21.231437758952058],[-98.81315266382632,21.224273328861912],[-98.81052968205137,21.21882441071185],[-98.8247024485528,21.203613899712682]]]}},{"type":"Feature","properties":{"clues":"HGIMB001925"},"geometry":{"type":"Polygon","coordinates":[[[-98.74161276256133,20.164776651659473],[-98.74778300543777,20.146194332104763],[-98.75188788575996,20.145444275740896],[-98.75994001032613,20.147693213611696],[-98.76738680285455,20.155152085614752],[-98.78233589544296,20.177578942845017],[-98.78052115588082,20.189997088474197],[-98.75501232115916,20.20002146476472],[-98.74587977496238,20.196057480904386],[-98.73145386582392,20.18442337727969],[-98.74253898771254,20.16993281121642],[-98.74161276256133,20.164776651659473]]]}},{"type":"Feature","properties":{"clues":"HGIMB001785"},"geometry":{"type":"Polygon","coordinates":[[[-98.75033467397768,20.996268080958732],[-98.72442724356081,20.99869016340949],[-98.71441021221327,20.99696525317955],[-98.71539773336899,20.986316558005743],[-98.72653522527291,20.974131140637162],[-98.734451289184,20.976033953312548],[-98.73690508577585,20.974906183612273],[-98.75033467397768,20.996268080958732]]]}},{"type":"Feature","properties":{"clues":"HGIMB004281"},"geometry":{"type":"Polygon","coordinates":[[[-98.71638568428459,20.09002494382881],[-98.72331180022277,20.089897551988635],[-98.72449159415892,20.093108441176245],[-98.72967289722808,20.095588586330702],[-98.72955003092767,20.10028530550472],[-98.72306569706082,20.103509022604293],[-98.72351574768228,20.108835977275042],[-98.72222034199669,20.111018132486763],[-98.71536489276859,20.11312344406639],[-98.70699913301307,20.110385960806436],[-98.70049313132944,20.106136286423887],[-98.70238933808554,20.103887650073162],[-98.71415252593441,20.103927862207133],[-98.7134446986025,20.098022868715624],[-98.7081347981032,20.09523357644528],[-98.70822223355516,20.093078143489578],[-98.70988895167213,20.092140659480904],[-98.7144844724695,20.093786274280312],[-98.71638568428459,20.09002494382881]]]}},{"type":"Feature","properties":{"clues":"SPIMB000754"},"geometry":{"type":"Polygon","coordinates":[[[-98.67003659341151,21.32541651358314],[-98.68240433721229,21.33548049980227],[-98.67607965339856,21.34642281792793],[-98.69410200585905,21.348030690449683],[-98.69475656291857,21.35294411586342],[-98.69014546767816,21.35587371210191],[-98.69713597382938,21.366883164184532],[-98.69536001642179,21.375415300274653],[-98.6850171519501,21.389751193490813],[-98.67687928270043,21.39724062694368],[-98.66849934918169,21.387183086384702],[-98.66454077770733,21.38698398874381],[-98.65976766418247,21.383790622466996],[-98.64676410382185,21.387825161048298],[-98.65572786411721,21.409366978225663],[-98.66304173090698,21.40363991895841],[-98.67660835835154,21.39960284411169],[-98.68105064241587,21.407758851955702],[-98.69014915520079,21.412327116284793],[-98.68923385786984,21.416891660982134],[-98.67932062466846,21.422538514919157],[-98.67442917664174,21.422131927905316],[-98.66960746830533,21.41712156961389],[-98.65615908517026,21.41644043391249],[-98.6547505194393,21.41925139022055],[-98.63743445789687,21.4195957164531],[-98.63075485104031,21.415199603408766],[-98.62745172894213,21.41521638651406],[-98.61691440534663,21.42422006635906],[-98.61827907569152,21.434083710167368],[-98.61574554992016,21.451979347073035],[-98.61202762674432,21.45277870353903],[-98.59223950453473,21.447574988635914],[-98.59063097705948,21.439092406291284],[-98.58479403077484,21.434137167839374],[-98.58390098741368,21.430311233225506],[-98.59413830686849,21.416378780959857],[-98.60069404478746,21.41533972577853],[-98.59946667397018,21.39302340478146],[-98.61691009731209,21.39464198140716],[-98.6196305648069,21.390237646443243],[-98.61990229390074,21.38140681842593],[-98.63774707374317,21.373622337300958],[-98.64163755723263,21.37991109568006],[-98.64750895778087,21.37566953051193],[-98.6504143906138,21.37073555232338],[-98.65512706184238,21.37139405331041],[-98.65451826064432,21.364080783878748],[-98.67235934747542,21.349311658790842],[-98.66260932678045,21.344334431750248],[-98.66441951641187,21.325359404183363],[-98.67003659341151,21.32541651358314]]]}},{"type":"Feature","properties":{"clues":"HGIMB003960"},"geometry":{"type":"Polygon","coordinates":[[[-98.62698644921325,20.769436107867676],[-98.62169007064979,20.77198020263836],[-98.60725307470095,20.7989068606305],[-98.6104607305868,20.808997212569498],[-98.60696619265892,20.811375546379434],[-98.5884923010839,20.807601623182812],[-98.56953806386952,20.79131722692897],[-98.574109785805,20.78145064989317],[-98.5834769144754,20.774533295336887],[-98.59118732341558,20.77189871821448],[-98.59282684038,20.764778521440025],[-98.60358154743865,20.756839651656435],[-98.61251448192158,20.753072862128704],[-98.6147916067564,20.749602426125204],[-98.63600995760058,20.752636173479036],[-98.6379904605831,20.757296902469605],[-98.62698644921325,20.769436107867676]]]}},{"type":"Feature","properties":{"clues":"SCCSA001368"},"geometry":{"type":"Polygon","coordinates":[[[-98.5437257640631,20.1091431406014],[-98.53878350783816,20.076300613666437],[-98.54080238125417,20.065896992554226],[-98.5535705900577,20.049383140080604],[-98.56365158456319,20.04413132413687],[-98.57597576501904,20.04976038831305],[-98.58784154729464,20.048664827266887],[-98.59572614746645,20.05584064804844],[-98.6025243061971,20.053447615221504],[-98.6050391737192,20.05465251382017],[-98.60784607887575,20.053376490533722],[-98.61945644754898,20.05656537063691],[-98.61934900484334,20.066478545924106],[-98.60758626152555,20.070651877382485],[-98.59754336780975,20.083699998390923],[-98.62418848324306,20.09483213289932],[-98.62145789658189,20.10632869659698],[-98.62235026459082,20.11305331354899],[-98.60246057104199,20.126406121605864],[-98.57727853236706,20.1233596939268],[-98.56342669091241,20.118413638192834],[-98.55435029877611,20.109875427638347],[-98.5437257640631,20.1091431406014]]]}},{"type":"Feature","properties":{"clues":"HGIMS002305"},"geometry":{"type":"Polygon","coordinates":[[[-98.53370765756158,20.817127907019113],[-98.54586729550066,20.808455483595885],[-98.55726679621978,20.80859155663881],[-98.56232303270524,20.81721587724053],[-98.56308222857936,20.836133675702104],[-98.57421356102628,20.853192302950042],[-98.55709716924916,20.872924210668845],[-98.53726289732936,20.869068684727676],[-98.53129604867256,20.87236306764787],[-98.52874417081138,20.87652643297545],[-98.52434319618082,20.875256305649923],[-98.50389610261072,20.88258573211861],[-98.50118049214879,20.875589552982785],[-98.50211274394563,20.872751509206395],[-98.5131866222032,20.862228627181867],[-98.52383013037172,20.854515865987324],[-98.52610277117405,20.842845375584584],[-98.52819775474141,20.840917442610024],[-98.54725151949802,20.84282043480675],[-98.5577465239513,20.83730319589387],[-98.53370765756158,20.817127907019113]]]}},{"type":"Feature","properties":{"clues":"HGIMS001786"},"geometry":{"type":"Polygon","coordinates":[[[-98.46340017544037,19.894985339604624],[-98.4788920455412,19.871003529560458],[-98.49361590571199,19.86370722753207],[-98.5016268465011,19.865209437110455],[-98.51233433596236,19.89355536366424],[-98.51141291337956,19.899854155376307],[-98.51564168189104,19.91090394835418],[-98.49774309905973,19.940210874486034],[-98.48561655705629,19.939510526003012],[-98.48167852764398,19.928281535772587],[-98.46772568115557,19.92265486656881],[-98.4698997985653,19.908840199266198],[-98.46340017544037,19.894985339604624]]]}},{"type":"Feature","properties":{"clues":"HGIMB001324"},"geometry":{"type":"Polygon","coordinates":[[[-98.4932731007296,21.090157261417005],[-98.50307643141149,21.09283602229133],[-98.50501176585975,21.096711296459883],[-98.50318895354421,21.10045734742571],[-98.5044632617246,21.10797677396134],[-98.50247532278468,21.11848493279426],[-98.50054934627117,21.120709482338818],[-98.49532342332553,21.12029367227819],[-98.49034296402293,21.114112607458853],[-98.4880829988822,21.10883508580142],[-98.486019609639,21.107920863834185],[-98.4829328268282,21.09552948581501],[-98.4932731007296,21.090157261417005]]]}},{"type":"Feature","properties":{"clues":"VZIMS003364"},"geometry":{"type":"MultiPolygon","coordinates":[[[[-98.40944839144657,20.74863845212176],[-98.41505815660949,20.7395270965176],[-98.42527211046489,20.744961860736726],[-98.43023497309942,20.76685588537842],[-98.42292483828392,20.774516312701145],[-98.40816505891095,20.754345761767347],[-98.40944839144657,20.74863845212176]]],[[[-98.3856628442499,20.765062232858128],[-98.38998617096644,20.76612554731794],[-98.40638656272387,20.77673511399445],[-98.41802534341413,20.77647435848455],[-98.40851799943898,20.81107531070722],[-98.39679890168341,20.803901836493772],[-98.37388874630159,20.81726963454098],[-98.36644651565838,20.8081395744453],[-98.36236947076812,20.789579900327595],[-98.37426661981796,20.783758993818388],[-98.3856628442499,20.765062232858128]]]]}},{"type":"Feature","properties":{"clues":"VZIMS006695"},"geometry":{"type":"Polygon","coordinates":[[[-98.3856628442499,20.765062232858128],[-98.36563863118378,20.727336161449944],[-98.38230584432782,20.72740600138937],[-98.38532342256482,20.724951947608957],[-98.39012491016267,20.709032240034976],[-98.40348600137924,20.70686659634301],[-98.41628570942255,20.714321858201572],[-98.41294108255266,20.72784184004989],[-98.41505815660949,20.7395270965176],[-98.40944839144657,20.74863845212176],[-98.40816505891095,20.754345761767347],[-98.42292483828392,20.774516312701145],[-98.41802534341413,20.77647435848455],[-98.40638656272387,20.77673511399445],[-98.38998617096644,20.76612554731794],[-98.3856628442499,20.765062232858128]]]}},{"type":"Feature","properties":{"clues":"VZIMS002116"},"geometry":{"type":"Polygon","coordinates":[[[-98.22686201152035,20.806099083787924],[-98.24207062342637,20.79690509597381],[-98.25784786349634,20.809368508541215],[-98.24305450507525,20.82678953406915],[-98.25183771075723,20.83082160963476],[-98.26573732610025,20.833509859245805],[-98.26492694311914,20.840238036193615],[-98.2563703286793,20.85843581577182],[-98.2479636519846,20.857576760499338],[-98.24539653779486,20.852740377487073],[-98.23542094071114,20.842400569970902],[-98.21718693818039,20.848220028666223],[-98.20798046753544,20.838831432235175],[-98.19069417744898,20.838360975255938],[-98.18804679629955,20.834468193451404],[-98.18825976970419,20.82395039961599],[-98.1927762301754,20.814093832530833],[-98.1875462352487,20.803464487476965],[-98.19244818348687,20.793711883778958],[-98.20296627760803,20.792328466888538],[-98.21146397600218,20.806494370255724],[-98.22305320651981,20.80439722360554],[-98.22686201152035,20.806099083787924]]]}},{"type":"Feature","properties":{"clues":"TLIMB000840"},"geometry":{"type":"Polygon","coordinates":[[[-98.24882762247195,19.53409042998323],[-98.25205460254782,19.533970171930594],[-98.26890143523886,19.54973427256319],[-98.29047846947732,19.548839118255014],[-98.29653752371944,19.554738375597356],[-98.28876139411044,19.58712580464243],[-98.25999788056288,19.58512375287718],[-98.24708330403078,19.598983525535534],[-98.24144222272878,19.607302868852337],[-98.2331775789098,19.607416697958012],[-98.2273240630181,19.584122244052843],[-98.22368095005311,19.58407569134646],[-98.22033714418765,19.5679749611138],[-98.22889641724069,19.575527125919674],[-98.23631899438325,19.57614667355381],[-98.2405069874083,19.57380670264015],[-98.24489093401385,19.560357609041212],[-98.23588043375392,19.554203424314455],[-98.24882762247195,19.53409042998323]]]}},{"type":"Feature","properties":{"clues":"HGIMS001926"},"geometry":{"type":"Polygon","coordinates":[[[-98.16997462342961,20.331809820877258],[-98.17552279777266,20.31573187269477],[-98.18970856511501,20.305342220437552],[-98.19815122444997,20.303222258575513],[-98.2052127647386,20.3190888218811],[-98.20354810955064,20.32762207874866],[-98.20772744380936,20.337033341356857],[-98.21029112478132,20.34901232267358],[-98.20317988848926,20.353298649143472],[-98.19550978809632,20.35141656438327],[-98.19301492240045,20.34552468191308],[-98.19213427214973,20.334549107692336],[-98.16997462342961,20.331809820877258]]]}},{"type":"Feature","properties":{"clues":"VZIMS002121"},"geometry":{"type":"Polygon","coordinates":[[[-98.123788547302,20.744643472311978],[-98.13804137283519,20.745730566764276],[-98.14311181136598,20.747361671884125],[-98.15587930764609,20.74452949655992],[-98.1818757640724,20.75397192674092],[-98.17854647109777,20.76909974099924],[-98.1631995169267,20.777359376595964],[-98.16232346122683,20.77987792313187],[-98.16269678823532,20.786848203144412],[-98.17318437051459,20.79093816422883],[-98.18337312152627,20.802417340754086],[-98.17283789284893,20.80852273282749],[-98.15925745788874,20.80547914338463],[-98.15654607075437,20.799953232581725],[-98.15027878208996,20.800694688892985],[-98.12857626199596,20.792349262205963],[-98.12618808016083,20.793958107209363],[-98.1101185648119,20.790089804324147],[-98.10787087892749,20.78697243919125],[-98.09869702390738,20.782582404586304],[-98.09289705281385,20.782146572040897],[-98.09640410332729,20.751724665063954],[-98.1107632930284,20.75331648191254],[-98.123788547302,20.744643472311978]]]}},{"type":"Feature","properties":{"clues":"PLIMS002336"},"geometry":{"type":"Polygon","coordinates":[[[-98.123284791694,20.242296275874807],[-98.1397936860251,20.237167360569888],[-98.14545114484407,20.243594244827825],[-98.1630189994396,20.253435627558197],[-98.16251918785882,20.269027049710434],[-98.15271548738929,20.27137659388861],[-98.15303631421274,20.27862146546679],[-98.14613675175168,20.280289080583138],[-98.13608193978615,20.275949657095133],[-98.13580470033502,20.2726402490832],[-98.12652733567201,20.26774061999284],[-98.10441352879589,20.280166373820073],[-98.10251371139167,20.26901632878861],[-98.10409583961636,20.26555933036346],[-98.11569448580701,20.25491594184755],[-98.123284791694,20.242296275874807]]]}},{"type":"Feature","properties":{"clues":"PLIMB000165"},"geometry":{"type":"Polygon","coordinates":[[[-98.13011019033466,20.0472263286136],[-98.13678040019032,20.055764714067585],[-98.12511393105825,20.073344138192265],[-98.11353143735373,20.07691099412568],[-98.10549587703399,20.073623510333878],[-98.1051820081198,20.067089560928654],[-98.08594307453184,20.03834145364651],[-98.08572545492089,20.03264221565208],[-98.10621725880691,20.025637866829143],[-98.11666848531605,20.02486684247089],[-98.1317570408649,20.034064203644924],[-98.13011019033466,20.0472263286136]]]}},{"type":"Feature","properties":{"clues":"PLIMB001594"},"geometry":{"type":"Polygon","coordinates":[[[-98.11263175711986,20.216008949804017],[-98.11360412595597,20.226730133443763],[-98.12620289960257,20.241148484732342],[-98.123284791694,20.242296275874807],[-98.0904215043739,20.23967634566831],[-98.08668474975562,20.23710410986323],[-98.09986167649798,20.22759221278308],[-98.10241267621508,20.219359930628336],[-98.09432016468216,20.20791822269455],[-98.09525860419826,20.20493070290049],[-98.10548227077463,20.200003469157185],[-98.1163331515503,20.211327117966665],[-98.11263175711986,20.216008949804017]]]}},{"type":"Feature","properties":{"clues":"VZIMB007411"},"geometry":{"type":"Polygon","coordinates":[[[-98.0735700428888,20.8458302446709],[-98.07873264583144,20.824125651608536],[-98.08773859158057,20.82391865942366],[-98.10499937589151,20.832488194004547],[-98.12640499819976,20.854612313394046],[-98.1015305435411,20.87091961845652],[-98.09404268663134,20.8686508494],[-98.0885964139576,20.86496680218092],[-98.0735700428888,20.8458302446709]]]}},{"type":"Feature","properties":{"clues":"HGIMB004964"},"geometry":{"type":"Polygon","coordinates":[[[-98.06226548102956,20.611542570777665],[-98.06209399676356,20.623938099221334],[-98.05770902483901,20.6267076366274],[-98.04576679126686,20.623922895674085],[-98.03269322189846,20.62505794787926],[-98.02340993970587,20.614255252890956],[-98.01824008861996,20.612923979201433],[-98.01643655562216,20.607107284153027],[-98.02524175249002,20.595416258647912],[-98.03348576456185,20.594121985726435],[-98.04096382785845,20.597292773820577],[-98.04510841022483,20.59472470370258],[-98.05747110155961,20.594392379246024],[-98.06327226580859,20.583962264342617],[-98.0731490505192,20.578345248939684],[-98.07731547237479,20.56235069465527],[-98.0859687134052,20.554991015741024],[-98.09019643541333,20.555766911823127],[-98.0972139170764,20.560408947931972],[-98.11192924543508,20.581820028479694],[-98.09459765571522,20.59261078627413],[-98.0922935938149,20.59566575905966],[-98.09263763978583,20.603139484217504],[-98.08540951923044,20.613953484597094],[-98.0830431778201,20.61545703517752],[-98.07635844941372,20.61610906457887],[-98.06558726566217,20.61013975939637],[-98.06226548102956,20.611542570777665]]]}},{"type":"Feature","properties":{"clues":"PLIMB002825"},"geometry":{"type":"Polygon","coordinates":[[[-98.02758195393316,20.297418740313184],[-98.03104902717392,20.295376401194805],[-98.03884579824295,20.294789199442825],[-98.05257013122772,20.285288415231534],[-98.06225100627653,20.307017403293173],[-98.0660398776385,20.308504224571603],[-98.0758756038013,20.30165843271276],[-98.08206764092428,20.303470850683677],[-98.08714816502854,20.323985609181992],[-98.09302813838588,20.327181504554694],[-98.09777077630199,20.332764363264317],[-98.10889196922838,20.35323899271963],[-98.10028585984314,20.360964472637864],[-98.09545840908099,20.36071686425308],[-98.08696795097659,20.346124127958724],[-98.06627283961703,20.341037401392843],[-98.06005900657662,20.34147282405021],[-98.05584919907372,20.33081725424557],[-98.04058633492404,20.324225693762717],[-98.02758195393316,20.297418740313184]]]}},{"type":"Feature","properties":{"clues":"VZIMS003434"},"geometry":{"type":"Polygon","coordinates":[[[-97.97537160678748,21.167600756479615],[-97.97290234594799,21.154393877853632],[-97.98172361035311,21.135762620985442],[-98.0064512896848,21.11844840963495],[-98.01158958761617,21.120977378118116],[-98.01831258647418,21.129261310091476],[-98.0207873028998,21.14777410900201],[-98.02411711194141,21.154212416996362],[-98.04540499487139,21.162786497116056],[-98.05487137652634,21.16419070257987],[-98.06127969942993,21.1605057985811],[-98.07716149819208,21.160879029465026],[-98.07935135954537,21.162309372925826],[-98.06615474070188,21.194007055536783],[-98.05594262747542,21.18872664306914],[-98.04611600851676,21.1934072364639],[-98.03804995876747,21.18863593122306],[-98.03206609250036,21.189374319054625],[-98.02432618693634,21.186259901272624],[-98.01492476496159,21.18070010016271],[-98.00710734627017,21.193775322043145],[-98.00260400201587,21.193992678810197],[-97.99042673379503,21.186887478808405],[-97.98637492381211,21.182185496807858],[-97.979870360175,21.169598187742178],[-97.97537160678748,21.167600756479615]]]}},{"type":"Feature","properties":{"clues":"PLIMS001740"},"geometry":{"type":"Polygon","coordinates":[[[-98.03358665013056,20.160595087807977],[-98.03766050256161,20.16327080497705],[-98.0383821617047,20.167966671922212],[-98.03636750761318,20.16923570139187],[-98.03548885227568,20.173665905829967],[-98.03236355653786,20.175210640112393],[-98.0220416381756,20.175406341061475],[-98.01582340030392,20.171759509188714],[-98.01729126950026,20.160664861931654],[-98.01579823199657,20.155705033963457],[-98.02348988488797,20.150533939837793],[-98.04032411276913,20.15238236680715],[-98.03976318649714,20.15541098342431],[-98.03358665013056,20.160595087807977]]]}},{"type":"Feature","properties":{"clues":"PLIMB003513"},"geometry":{"type":"Polygon","coordinates":[[[-97.98833805074234,20.002781966002587],[-97.99024125842396,20.018154261819884],[-98.01128023465378,20.0047164400126],[-98.01591524714975,20.00739095706544],[-98.02272835206698,20.032057286685617],[-98.02794405154961,20.038222198571436],[-97.99263503284641,20.057101871283148],[-97.9815360865175,20.048654197982177],[-97.9845657098813,20.031178562417907],[-97.97087100231604,20.022990978092288],[-97.96797115991073,20.009474147209023],[-97.97183293943178,20.007526181035853],[-97.98161856719082,20.008494831494012],[-97.98833805074234,20.002781966002587]]]}},{"type":"Feature","properties":{"clues":"NTIMB000686"},"geometry":{"type":"Polygon","coordinates":[[[-105.16855812399912,21.926780165205887],[-105.16696803343112,21.94817073378229],[-105.16822390936302,21.952617856668752],[-105.19553306128533,21.960724941622477],[-105.17712858206434,21.984678770421134],[-105.16607456425447,21.983327821347423],[-105.1361366884039,22.002302558642032],[-105.13086562687185,21.978104984034363],[-105.1143375758196,21.962955403628403],[-105.10563896087554,21.958569159457166],[-105.09243455892147,21.961419569347903],[-105.08226595496852,21.902946353235674],[-105.11065918409844,21.892691394802494],[-105.11958701186676,21.897513404255015],[-105.13326272336535,21.917305656415902],[-105.16855812399912,21.926780165205887]]]}},{"type":"Feature","properties":{"clues":"NTIMB000826"},"geometry":{"type":"Polygon","coordinates":[[[-105.12986434384477,21.608667272665727],[-105.14757722710037,21.617301823488933],[-105.15297350697767,21.616880927988976],[-105.1582725344928,21.61377651632774],[-105.17873174041854,21.64202053252775],[-105.14690962933354,21.653026743601433],[-105.14063313612094,21.658365566252805],[-105.13278315551044,21.671082633177537],[-105.13216505639517,21.675252391652247],[-105.11506711179217,21.68269522041769],[-105.07956705274607,21.659963705882504],[-105.08314257500352,21.622358783998298],[-105.07518944458799,21.601982322220046],[-105.08877408507306,21.595585015014073],[-105.11397096840419,21.59169378168131],[-105.11720263138274,21.594028078814002],[-105.12539335430017,21.608344219262005],[-105.12986434384477,21.608667272665727]]]}},{"type":"Feature","properties":{"clues":"NTIMB001876"},"geometry":{"type":"Polygon","coordinates":[[[-104.72500445238482,21.201842165216988],[-104.70011972731307,21.19673513109289],[-104.70605097083478,21.13435039134554],[-104.7577896853154,21.13862738186643],[-104.800017952839,21.163138153883647],[-104.80180803506313,21.16980158252708],[-104.83621124202344,21.192661453682085],[-104.84425745655857,21.21437094743342],[-104.85525780486265,21.232616697971878],[-104.8547199336302,21.235047249323323],[-104.79458324754222,21.266289087185594],[-104.78953611765716,21.25692286796823],[-104.79150139082894,21.220060308303886],[-104.75617269100701,21.215842197936784],[-104.75414538832,21.212504937237878],[-104.75511687358633,21.204848593051704],[-104.74262039812457,21.204976006934714],[-104.73576783525566,21.19959765403462],[-104.72500445238482,21.201842165216988]]]}},{"type":"Feature","properties":{"clues":"NTIMB000493"},"geometry":{"type":"Polygon","coordinates":[[[-104.80487204906176,21.409684991359438],[-104.80395028262656,21.42086048691452],[-104.79860275409081,21.421413256189936],[-104.78525762982218,21.418839032439507],[-104.77914989704173,21.401309330118174],[-104.76489038694217,21.390059891053703],[-104.76652302421864,21.3754885218562],[-104.7829485956175,21.36673073604374],[-104.79150985717072,21.370062987707954],[-104.82006312110029,21.35921822981335],[-104.82541120688587,21.362267656780652],[-104.83839536162462,21.38647297642521],[-104.83431090420314,21.390735261380105],[-104.82115843691875,21.39148115741156],[-104.80487204906176,21.409684991359438]]]}},{"type":"Feature","properties":{"clues":"SCCSA001664"},"geometry":{"type":"Polygon","coordinates":[[[-104.77022331269539,21.78185281071604],[-104.74705653805762,21.828478588154738],[-104.69613212748695,21.844134754974892],[-104.65984340934985,21.845280413792572],[-104.64755510438502,21.839645126815192],[-104.64404297095574,21.821482457747067],[-104.67892663670338,21.78457426727591],[-104.69590266949506,21.7344200282468],[-104.7172661939161,21.71635519003649],[-104.77022331269539,21.78185281071604]]]}},{"type":"Feature","properties":{"clues":"NTIMS000465"},"geometry":{"type":"Polygon","coordinates":[[[-104.48977811752263,20.865896223703285],[-104.53220248612249,20.876875240542812],[-104.52679035167594,20.887461671658098],[-104.53576452616458,20.89732479429638],[-104.52113090077496,20.903456964596067],[-104.51964504805323,20.90776425769666],[-104.49436108670426,20.906744017669325],[-104.49099238072363,20.901878390147345],[-104.49423725882637,20.883956321749803],[-104.48977811752263,20.865896223703285]]]}},{"type":"Feature","properties":{"clues":"NTIMS000581"},"geometry":{"type":"Polygon","coordinates":[[[-104.3371421626173,21.05683474170525],[-104.33957333301393,21.055247435485956],[-104.36037045636992,21.054361531037163],[-104.36747606645011,21.05803861701359],[-104.37429127470776,21.06579762498182],[-104.37592754931143,21.07380512510013],[-104.40387100280327,21.07932832314477],[-104.40201788981662,21.11364454747328],[-104.39989319862511,21.12529317687946],[-104.40147319970535,21.141019327491943],[-104.39703555606152,21.141611897364402],[-104.37522000734496,21.129102871779978],[-104.37167231315242,21.124842075410825],[-104.36119882752139,21.117841960430486],[-104.35351724464898,21.116891236898724],[-104.34542639262915,21.10874650031875],[-104.33608304460786,21.111397148823997],[-104.33347151676881,21.108658245758786],[-104.33156786344044,21.103061430390245],[-104.34316745233934,21.080214236565286],[-104.32938460932294,21.06841548065092],[-104.3371421626173,21.05683474170525]]]}},{"type":"Feature","properties":{"clues":"ZSIMS001572"},"geometry":{"type":"Polygon","coordinates":[[[-103.34127306011214,21.49567002198728],[-103.37246285551822,21.48738774192983],[-103.37310451348266,21.495116436864002],[-103.34203355939769,21.537485167694175],[-103.34475470208695,21.545011241570155],[-103.34004369233911,21.56818569910632],[-103.32947097192154,21.57432063129167],[-103.31271214490144,21.595548456608338],[-103.30777195334791,21.599195830486824],[-103.29302229724341,21.604734971256327],[-103.2589765312946,21.595545959550726],[-103.25656050072705,21.59384300431608],[-103.20692602583938,21.600118983050997],[-103.18053341849428,21.571308358571297],[-103.20219207581829,21.528770998167737],[-103.16608997790823,21.451081591043472],[-103.1847347220613,21.430932320157613],[-103.19747715402568,21.41990719656993],[-103.20868582778859,21.42998547863675],[-103.2247095721028,21.464356856165274],[-103.25474570046731,21.48105203301697],[-103.2781465911103,21.477655458309126],[-103.28609351014788,21.449697711668048],[-103.28766914060851,21.44854180603246],[-103.31120978043913,21.44907674255344],[-103.32500640153663,21.467547195540092],[-103.32092166836459,21.47657599033946],[-103.31796443363704,21.488502255962207],[-103.32805016996743,21.494677241828356],[-103.34127306011214,21.49567002198728]]]}},{"type":"Feature","properties":{"clues":"ZSIMB000516"},"geometry":{"type":"Polygon","coordinates":[[[-103.0458005163854,21.519730070787396],[-103.05135515407675,21.532901342421372],[-103.07574209926503,21.553148792271188],[-103.08641181263599,21.574374510610273],[-103.1111694216556,21.581716705924713],[-103.1106737715057,21.63055927488678],[-103.09836030468199,21.65534758351556],[-103.07423985946124,21.655970893986698],[-103.0716319364201,21.654757321219776],[-103.03469451698192,21.65957788846167],[-103.03128101631448,21.65006465800751],[-103.02734448692438,21.64763567407633],[-103.02118472757944,21.63636556172725],[-103.01524039339361,21.63105477448222],[-103.00997703214503,21.616252585251893],[-103.00980806517524,21.61062601604742],[-103.00125366865235,21.61311773437465],[-102.98027714802629,21.60346685958446],[-102.97748952736717,21.594763650777836],[-102.97804151426769,21.587545648677512],[-102.97364046207889,21.574494227202432],[-102.97933599179369,21.559545085526906],[-102.98215178579984,21.543385338351346],[-102.98409006221866,21.542527084406537],[-102.98867154573742,21.534940540455455],[-103.0458005163854,21.519730070787396]],[[-103.03528356419632,21.615699970562343],[-103.02266780175722,21.59994891771867],[-103.01405182907386,21.608350499557588],[-103.02274659537723,21.620308451914703],[-103.03528356419632,21.615699970562343]]]}},{"type":"Feature","properties":{"clues":"MNIMB000032"},"geometry":{"type":"Polygon","coordinates":[[[-102.75929495546904,18.94282555423313],[-102.73580657535166,18.953308119057308],[-102.73896056240525,18.963387024570274],[-102.74233272587482,18.989776277610083],[-102.74082840304631,18.995254324653427],[-102.74266931874045,19.022177271271442],[-102.7350689427344,19.02752810174863],[-102.73017086045897,19.061462706071215],[-102.69922011028078,19.076135411807776],[-102.68994198340337,19.07190268454261],[-102.68281521153064,19.074218237392103],[-102.6568689668203,19.063104816922994],[-102.67561290458275,19.029350546737685],[-102.66217699548496,19.017329349313524],[-102.64963124965318,18.998655678858135],[-102.67677720411794,18.985604878511253],[-102.70564651543397,18.95952024897374],[-102.71180353845739,18.949347736751335],[-102.70761205983068,18.919261373960694],[-102.7221452781633,18.913546642673985],[-102.73173831432052,18.91742166657303],[-102.75808504236679,18.91286861709274],[-102.78018975617951,18.9202210365719],[-102.78222944093672,18.924069136552646],[-102.78388497531714,18.942769867916144],[-102.75929495546904,18.94282555423313]]]}},{"type":"Feature","properties":{"clues":"MNIMB002255"},"geometry":{"type":"Polygon","coordinates":[[[-102.42871780552197,19.914448786376084],[-102.44959454487672,19.92080550722019],[-102.45848825212963,19.935702603359093],[-102.46776954766774,19.9425569779351],[-102.45701619372409,19.957608858389367],[-102.44859163628487,19.96143813030733],[-102.44276542921926,19.966122929689234],[-102.43593182933333,19.976716381817052],[-102.42295131478953,19.99100915014459],[-102.40969959403708,19.998618886960156],[-102.39842130944601,19.9785297721764],[-102.3844780266113,19.971569011719602],[-102.3698436614525,19.9435831499098],[-102.38056237886784,19.934089510411564],[-102.38311039116986,19.93417498589415],[-102.39609919399355,19.91440364623436],[-102.40240907308282,19.90971876817273],[-102.42561105666879,19.916396029201117],[-102.42871780552197,19.914448786376084]]]}},{"type":"Feature","properties":{"clues":"MNIMB000686"},"geometry":{"type":"Polygon","coordinates":[[[-102.13944274890108,19.84139347297866],[-102.15013452272306,19.79979634956387],[-102.16387648341579,19.79838529307211],[-102.19709703475168,19.839943443198667],[-102.2005789121118,19.85846365398328],[-102.19357628588298,19.871061419624326],[-102.186079983501,19.87613978321704],[-102.17814352945396,19.87734004518443],[-102.17484426210457,19.87971982916508],[-102.17290530672432,19.88461726096493],[-102.16077034490864,19.89426264863519],[-102.15301923346875,19.896111835436397],[-102.15051013219413,19.895046752483207],[-102.13280935497396,19.869733734628333],[-102.1381420388157,19.86340679340164],[-102.13944274890108,19.84139347297866]]]}},{"type":"Feature","properties":{"clues":"MNIMS002261"},"geometry":{"type":"Polygon","coordinates":[[[-101.9813113997148,19.53763627628017],[-101.9785504727743,19.54567760961305],[-101.96183916543391,19.570144716886198],[-101.93434581342463,19.59875006228169],[-101.9292088243666,19.59864333368385],[-101.92198442516924,19.56804545423309],[-101.92660136783843,19.520925461106685],[-101.93433589887583,19.51819281552831],[-101.96012517696111,19.519679712469344],[-101.9813113997148,19.53763627628017]]]}},{"type":"Feature","properties":{"clues":"ZSIMS001823"},"geometry":{"type":"Polygon","coordinates":[[[-101.92759511776967,22.47305846334481],[-101.94416837262514,22.4696254729632],[-101.97124898599512,22.514647596662464],[-101.96014884186717,22.53196868773483],[-101.96679930907737,22.54886063204691],[-101.96250540075462,22.553204144773765],[-101.95220186694868,22.559426376514658],[-101.95078962582032,22.563520371285588],[-101.94649252572987,22.56724311139375],[-101.9313864301565,22.570497269530378],[-101.92765522718662,22.573829631719267],[-101.91813615068767,22.571457446517023],[-101.90127877908776,22.561041215784464],[-101.89143977141786,22.592242367235603],[-101.84692171361897,22.596093424526796],[-101.84015797457049,22.59001707655803],[-101.88042418758538,22.548716690275473],[-101.83881154520093,22.536455414661834],[-101.85465319558536,22.51501537756634],[-101.87449852874782,22.499336035549188],[-101.87699574838014,22.483090040923607],[-101.90635615974064,22.505623970478172],[-101.91158518409485,22.50599593516292],[-101.91389149770845,22.510531165873548],[-101.9199881980169,22.510973871732105],[-101.91792782723776,22.50077479176259],[-101.92759511776967,22.47305846334481]]]}},{"type":"Feature","properties":{"clues":"MNIMS002256"},"geometry":{"type":"Polygon","coordinates":[[[-101.88789996390442,19.59787017442338],[-101.92291415833404,19.602150483628908],[-101.91923777052037,19.62605641116057],[-101.92170202310064,19.634154703499384],[-101.91494159699984,19.638874620335287],[-101.91060731680518,19.649822061030573],[-101.89602249042346,19.64740530709662],[-101.8681137989222,19.655147383591522],[-101.85789490117662,19.613399498411177],[-101.8669730377009,19.596846157672044],[-101.88789996390442,19.59787017442338]]]}},{"type":"Feature","properties":{"clues":"SCCSA001484"},"geometry":{"type":"Polygon","coordinates":[[[-101.81706576624222,19.03064434926529],[-101.82285706361749,19.042440358967927],[-101.83294455269595,19.050029966132488],[-101.8532542395965,19.038374310886297],[-101.85766504494855,19.039653093780295],[-101.88184716434053,19.064044138952582],[-101.8759187345373,19.081766266702584],[-101.84296484702664,19.0813540972054],[-101.83115809113377,19.079429580954557],[-101.7967522845189,19.094609437023305],[-101.79295389530716,19.119171510569675],[-101.78806103284093,19.13053082032367],[-101.78105982656281,19.132455576827244],[-101.77668972376637,19.135812593865346],[-101.77767936085142,19.149346245606456],[-101.79079421573935,19.198822790570976],[-101.78063231252331,19.203221527755456],[-101.77567641832422,19.197937297094402],[-101.76531696773527,19.191980726772186],[-101.74441232920036,19.197934701275134],[-101.73355001576158,19.1889143959701],[-101.69980563941704,19.18132357547544],[-101.69349554204715,19.172756590534643],[-101.6938761986549,19.147903751066696],[-101.70766871566529,19.12703994879671],[-101.71044755512052,19.109310190099063],[-101.72053364508932,19.087123518620835],[-101.72172611005142,19.054292438021903],[-101.73072026006658,19.04430251122389],[-101.73599838145084,19.046541680961568],[-101.75036782088826,19.058610781752865],[-101.78590388549712,19.039857869829724],[-101.7862638117206,19.035067587980322],[-101.80686064523229,19.021557402902726],[-101.81706576624222,19.03064434926529]]]}},{"type":"Feature","properties":{"clues":"SCCSA003525"},"geometry":{"type":"Polygon","coordinates":[[[-101.80012161770571,22.280161063346853],[-101.80526915228916,22.279524887944213],[-101.80566358018592,22.302710742246965],[-101.80809377611453,22.30636753015211],[-101.80840762805977,22.310371292124703],[-101.79604304862693,22.324354073713813],[-101.78042298986833,22.320174051180135],[-101.7727277529317,22.3246895966926],[-101.74655226109837,22.31280282847549],[-101.73887460150733,22.31639465024733],[-101.73296819257764,22.311990752308944],[-101.71064969122087,22.307823723061787],[-101.7120881927299,22.290947629290002],[-101.72909618690072,22.27765861599669],[-101.74003732635703,22.27161516653914],[-101.75996645451691,22.28183300468426],[-101.77541104394145,22.26851011404683],[-101.80012161770571,22.280161063346853]]]}},{"type":"Feature","properties":{"clues":"MNIMB000826"},"geometry":{"type":"Polygon","coordinates":[[[-101.73545037865941,19.54300116058867],[-101.7426165568899,19.541113926459637],[-101.7591562696172,19.548281397072177],[-101.77009547147655,19.551079549994615],[-101.7758283087883,19.57254616758179],[-101.77727072189182,19.58583554391752],[-101.78807563720659,19.59980412195061],[-101.79780412036975,19.618166422301936],[-101.78211602406819,19.649409589710263],[-101.74041781044689,19.636816471109583],[-101.73234510057333,19.63656792818769],[-101.70148274938819,19.643524146092002],[-101.6981592217954,19.645696941029094],[-101.69378861772961,19.641782794877074],[-101.66531480438503,19.625656125251112],[-101.660775468661,19.602499494757325],[-101.66132079554353,19.59491295536947],[-101.66955297266638,19.58255352980042],[-101.6715691736335,19.580763102360887],[-101.68529165091905,19.578725514653495],[-101.69117697852991,19.576331887862484],[-101.69638466640025,19.57691240226761],[-101.71998347193062,19.547918542449256],[-101.7312591612595,19.54574594539892],[-101.73545037865941,19.54300116058867]]]}},{"type":"Feature","properties":{"clues":"ZSIMB000994"},"geometry":{"type":"Polygon","coordinates":[[[-101.7529887911164,22.210248208563627],[-101.7865624387874,22.209485674139184],[-101.79263450894729,22.211593933199413],[-101.7857310742831,22.22991922100665],[-101.79021231975217,22.247115770765202],[-101.78630669077762,22.257397604826284],[-101.77747034279373,22.264274925868698],[-101.77541104394145,22.26851011404683],[-101.766604841647,22.27734319622199],[-101.75996645451691,22.28183300468426],[-101.74003732635703,22.27161516653914],[-101.72909618690072,22.27765861599669],[-101.70161367992677,22.25735765113395],[-101.69092181364512,22.230210002548894],[-101.70304808182128,22.227953424393064],[-101.73020205744066,22.23530755085014],[-101.74379636315491,22.248345934441666],[-101.7555993263857,22.236161480568793],[-101.75213766234151,22.227478149981224],[-101.7529887911164,22.210248208563627]]]}},{"type":"Feature","properties":{"clues":"MNIMS003690"},"geometry":{"type":"Polygon","coordinates":[[[-101.7390909813809,19.810165938821637],[-101.74736327976998,19.81044872931776],[-101.75049852289092,19.819118610679638],[-101.75660544543581,19.826365685922482],[-101.76631899889873,19.842306317271223],[-101.76509772070901,19.844128297980667],[-101.75678642909462,19.842863064246053],[-101.75132165708327,19.846790944526198],[-101.74806482643909,19.85400221154414],[-101.73963057944677,19.8618834181358],[-101.73318447630292,19.86247550030199],[-101.7110794517932,19.87505882850801],[-101.69702339387405,19.873900702088577],[-101.6898059917066,19.86619284615871],[-101.69702411926357,19.84534370655863],[-101.73020279988702,19.824906582489785],[-101.7390909813809,19.810165938821637]]]}},{"type":"Feature","properties":{"clues":"MNIMS003743"},"geometry":{"type":"Polygon","coordinates":[[[-101.73020279988702,19.824906582489785],[-101.69702411926357,19.84534370655863],[-101.69731639071209,19.826106574758015],[-101.71851573031408,19.804946063348222],[-101.72635393968366,19.801458132186724],[-101.7390909813809,19.810165938821637],[-101.73020279988702,19.824906582489785]]]}},{"type":"Feature","properties":{"clues":"ZSIMS001333"},"geometry":{"type":"Polygon","coordinates":[[[-101.59760035076947,22.14481866177091],[-101.60071841490387,22.14337113231858],[-101.62689365439714,22.14659566325804],[-101.63496026792414,22.16024584784844],[-101.66271120730146,22.179411002792932],[-101.67520890031199,22.226865320544615],[-101.67031933715553,22.23220279873163],[-101.6626554370229,22.23577986088815],[-101.6448900106625,22.236296023682268],[-101.61746131136745,22.220605141344077],[-101.61054315686403,22.219490317384963],[-101.60044262169353,22.208569766953225],[-101.58662514271971,22.229748794524642],[-101.57522462084933,22.231095019817133],[-101.56747859621825,22.210376100071887],[-101.55286430095057,22.200766663394557],[-101.5507426671801,22.201846547768394],[-101.53745107187959,22.199862711270157],[-101.51467645076798,22.22483338383002],[-101.52083090306787,22.23448668898687],[-101.51470353740865,22.263646113037865],[-101.50692140017564,22.269231680089675],[-101.49520618551975,22.261250017987717],[-101.47335254201647,22.210020052232586],[-101.47971415411872,22.19908772990567],[-101.52037707294141,22.188023818464803],[-101.52311150177988,22.17031999933167],[-101.52167582603504,22.157480450102575],[-101.51769577444219,22.15512623137809],[-101.4971919461927,22.13486328371841],[-101.49936381274739,22.12060015204072],[-101.50919450395274,22.119679864748317],[-101.54445357249006,22.13320219663392],[-101.54807207377183,22.130047602737957],[-101.58074548526818,22.141797875266114],[-101.59760035076947,22.14481866177091]]]}},{"type":"Feature","properties":{"clues":"ZSIMS001304"},"geometry":{"type":"Polygon","coordinates":[[[-101.53518548364276,22.034753953676567],[-101.52329417354083,22.034033419459988],[-101.52123888770029,22.0323296161975],[-101.5249199891608,22.02368900562104],[-101.5574941470604,21.99000383312988],[-101.55885765489187,21.98433457524416],[-101.56111171194527,21.981805937990693],[-101.5877276215149,21.991314219055475],[-101.59832075870261,22.004115175908435],[-101.64355945760018,22.024694623852366],[-101.64313855130428,22.045624869587343],[-101.63873498491712,22.058004294402444],[-101.61391430814979,22.06222312268427],[-101.59618855518683,22.06767206482029],[-101.57031021813587,22.057843182877086],[-101.56968492104515,22.03775420759137],[-101.54883670493881,22.027378402580048],[-101.53518548364276,22.034753953676567]]]}},{"type":"Feature","properties":{"clues":"MNIMS001170"},"geometry":{"type":"Polygon","coordinates":[[[-101.55166100236178,19.827576530615126],[-101.55410405652498,19.836693021333584],[-101.5292860394892,19.854348656993935],[-101.51632944570109,19.84455983904976],[-101.54091716078106,19.82459147650505],[-101.51057812522885,19.79763845854393],[-101.51879323776721,19.77109101948868],[-101.52289554862575,19.73742515976717],[-101.52967322040563,19.735335675459297],[-101.55709541126929,19.7349806189441],[-101.57657736105259,19.75510996452972],[-101.58025554202982,19.779598266960917],[-101.575779233958,19.793582863943058],[-101.56042751856535,19.816860313624794],[-101.55166100236178,19.827576530615126]]]}},{"type":"Feature","properties":{"clues":"MNIMS003830"},"geometry":{"type":"MultiPolygon","coordinates":[[[[-100.7444137882563,19.736423732858626],[-100.75090367787159,19.73645159762831],[-100.77031716597267,19.754856823336098],[-100.77182398645023,19.758054915923534],[-100.78481212649727,19.769164631044077],[-100.781938140547,19.79318871909148],[-100.77682779415385,19.799829012951786],[-100.74669975939536,19.794821006372484],[-100.7374966446812,19.802274249626684],[-100.73435952845945,19.817174943277955],[-100.72131282249008,19.837333744906687],[-100.70657956249057,19.83443110869005],[-100.69602789695894,19.811037925833844],[-100.68343924489102,19.808685560962232],[-100.67442992552489,19.797653797404465],[-100.69636542428091,19.780470208930886],[-100.69317559331147,19.772923577930328],[-100.70608295740072,19.750558809221243],[-100.72483679367602,19.763222731183898],[-100.73169350260811,19.76202879060732],[-100.7444137882563,19.736423732858626]]],[[[-100.61573725036685,19.778959280952016],[-100.65238037295856,19.792573381199656],[-100.63393192752,19.818573031242465],[-100.62362847556737,19.82077327108013],[-100.60758295046907,19.792811656369224],[-100.60960075952984,19.78576705646411],[-100.61573725036685,19.778959280952016]]]]}},{"type":"Feature","properties":{"clues":"MNIMB003486"},"geometry":{"type":"Polygon","coordinates":[[[-100.27045093282426,19.49564161017138],[-100.27115266020932,19.52205531484436],[-100.26405285416878,19.523902082446124],[-100.24782770159977,19.523328183798],[-100.249921530964,19.486401195305476],[-100.26023665711575,19.47989260118506],[-100.26609985471455,19.472441617068288],[-100.28108148091444,19.475554044931755],[-100.28483635667025,19.479055093745437],[-100.27045093282426,19.49564161017138]]]}},{"type":"Feature","properties":{"clues":"MNIMB000493"},"geometry":{"type":"Polygon","coordinates":[[[-100.18884317204592,19.831697437042724],[-100.19553780934308,19.83519636309142],[-100.2035020436392,19.835344073704128],[-100.20956901429918,19.84911771267798],[-100.20610467435131,19.866559473414537],[-100.18984315590251,19.88182743108798],[-100.19150209626801,19.890261900152932],[-100.18521749134612,19.896523856693367],[-100.18025002156061,19.907686042838236],[-100.16270929329279,19.903610267946448],[-100.16253271548793,19.892980711961258],[-100.15977029248121,19.887705409562788],[-100.16627654225506,19.876826584292083],[-100.15841870589178,19.863731730199717],[-100.16199696739999,19.85207718550787],[-100.1709763512397,19.85007551208877],[-100.17409206914657,19.83973858938719],[-100.18884317204592,19.831697437042724]]]}},{"type":"Feature","properties":{"clues":"MCIMB008170"},"geometry":{"type":"Polygon","coordinates":[[[-100.20998300645462,19.54328059544143],[-100.15827245039308,19.530996707144954],[-100.15838417546003,19.523242308854417],[-100.18254061321429,19.51776311060235],[-100.21222430524283,19.536140451974834],[-100.20998300645462,19.54328059544143]]]}},{"type":"Feature","properties":{"clues":"MCIMB008281"},"geometry":{"type":"Polygon","coordinates":[[[-100.13265235034068,19.47430162489663],[-100.14900727772212,19.482248641382316],[-100.15292503842282,19.479863421085035],[-100.16818844182367,19.49682421971592],[-100.16779124667359,19.498011394260107],[-100.18254061321429,19.51776311060235],[-100.15838417546003,19.523242308854417],[-100.15089300587756,19.51986420818614],[-100.14155245946333,19.525291602101465],[-100.1328828658157,19.51611748311821],[-100.13226754461739,19.51224006117598],[-100.1277374444745,19.507177779703444],[-100.13542656902347,19.493882260739493],[-100.12770119266425,19.4806537885032],[-100.13265235034068,19.47430162489663]]]}},{"type":"Feature","properties":{"clues":"MCIMS001463"},"geometry":{"type":"Polygon","coordinates":[[[-100.08225329593118,19.43176730317233],[-100.08928377300043,19.446430473167286],[-100.07877620063627,19.452727550386218],[-100.05721015852843,19.438461526519312],[-100.05490792112478,19.431391414154557],[-100.06336536842596,19.417404675687465],[-100.08256612933644,19.422508319940285],[-100.08422413834255,19.42485563010587],[-100.08225329593118,19.43176730317233]]]}},{"type":"Feature","properties":{"clues":"MCIMS001545"},"geometry":{"type":"Polygon","coordinates":[[[-99.91429375073822,18.965061891387144],[-99.92729365251094,18.946924055089617],[-99.93325167683902,18.95580592002361],[-99.94320320537761,18.962438016047805],[-99.9493519355914,18.96251696925547],[-99.95367337926885,18.97078714820331],[-99.9798964997318,18.975916605640514],[-99.97878812967213,18.98111507486195],[-99.9626353056576,19.002807464902002],[-99.94526024122175,18.993112054657832],[-99.94543538460923,18.98424396113817],[-99.93378477424402,18.97337471075292],[-99.92297166440437,18.974381638727014],[-99.91429375073822,18.965061891387144]]]}},{"type":"Feature","properties":{"clues":"MCIMB001112"},"geometry":{"type":"Polygon","coordinates":[[[-99.90356533214783,19.810727742494738],[-99.91616197561032,19.796939530999772],[-99.9261394523105,19.801526981691374],[-99.92961235474512,19.801373255759597],[-99.93473842722165,19.807402738956004],[-99.93426672259616,19.827978729918406],[-99.92486207502392,19.833274052539146],[-99.9220058060909,19.83320563400976],[-99.91233032399637,19.842505828336193],[-99.90038549860233,19.82980135724808],[-99.90356533214783,19.810727742494738]]]}},{"type":"Feature","properties":{"clues":"MCIMB000395"},"geometry":{"type":"Polygon","coordinates":[[[-99.8822726040669,19.410576706723763],[-99.89135842703737,19.438593305941044],[-99.89070467154892,19.441238528945632],[-99.88329644424327,19.44567298054376],[-99.87393822214023,19.447141617588528],[-99.86505603733812,19.432883521137644],[-99.84860096305752,19.430588614945297],[-99.83620920901349,19.433288831427003],[-99.82564723336148,19.416083937788105],[-99.8450353262391,19.408035913745916],[-99.84631560647911,19.395214455643366],[-99.85899238649809,19.38333215969233],[-99.86026876345676,19.375325842657304],[-99.86158586752114,19.374414882196692],[-99.88131545132988,19.37323527616133],[-99.89874196109166,19.392108016240723],[-99.89997477023071,19.395929341043058],[-99.8822726040669,19.410576706723763]]]}},{"type":"Feature","properties":{"clues":"MCIMB002746"},"geometry":{"type":"Polygon","coordinates":[[[-99.70834418234053,19.545022412623833],[-99.73247551829726,19.54790242752844],[-99.73851834421623,19.53810372997127],[-99.74776470618004,19.537207920971948],[-99.75738378025147,19.553282336333837],[-99.75504469787684,19.565365818043393],[-99.7536516709305,19.5679078579614],[-99.73943975116754,19.575875951644562],[-99.73438102032672,19.574450363175643],[-99.7317804418878,19.562582606099603],[-99.71178325617575,19.56162216357663],[-99.70954815174314,19.558638843065417],[-99.70834418234053,19.545022412623833]]]}},{"type":"Feature","properties":{"clues":"SCCSA001207"},"geometry":{"type":"Polygon","coordinates":[[[-99.73938785339692,19.35392814949606],[-99.72395132432683,19.360532080667884],[-99.72217806640298,19.3492959993532],[-99.7244517052194,19.34582872912654],[-99.74168891563944,19.34698616998072],[-99.75521875660728,19.352252514176225],[-99.75366527561762,19.362834165951206],[-99.74984317833335,19.365589646532246],[-99.74411861040608,19.36232395286648],[-99.73938785339692,19.35392814949606]]]}},{"type":"Feature","properties":{"clues":"MCIMB005691"},"geometry":{"type":"Polygon","coordinates":[[[-99.7284128410811,19.476194398575615],[-99.71535719993716,19.486708493166468],[-99.70195276374491,19.480926832150683],[-99.69913319199733,19.468224575778635],[-99.71481240911817,19.460050645277672],[-99.7284128410811,19.476194398575615]]]}},{"type":"Feature","properties":{"clues":"MCIMB003253"},"geometry":{"type":"Polygon","coordinates":[[[-99.63362021241949,19.530229330851306],[-99.61239049467163,19.52547541325702],[-99.61089105774552,19.531180726370238],[-99.59981507400805,19.534417737171378],[-99.59210435845917,19.542087294194875],[-99.58942747827372,19.54793086611011],[-99.57856914535627,19.548899350667412],[-99.56799448481907,19.539805852598864],[-99.58139178003955,19.515987548566855],[-99.58969857843628,19.515040251333964],[-99.59790483770858,19.50430330522522],[-99.60817034268294,19.512023706590043],[-99.61232409295893,19.52525787531355],[-99.64380169728746,19.498410706094244],[-99.64821304858972,19.501600765958965],[-99.64643881398504,19.507441401507986],[-99.63755764118446,19.525725360840752],[-99.63362021241949,19.530229330851306]]]}},{"type":"Feature","properties":{"clues":"MCIMB005831"},"geometry":{"type":"Polygon","coordinates":[[[-99.59599018984366,19.409416383361243],[-99.60247880755765,19.402917545922023],[-99.61500494242863,19.410971577534877],[-99.62549074988327,19.409675408974568],[-99.62855779638262,19.41359323103613],[-99.62790764987757,19.416771875278226],[-99.61862673997136,19.426255115970427],[-99.6200930170656,19.43074973276928],[-99.6089437893897,19.43563951735962],[-99.60419764527771,19.43195862045706],[-99.59970085769041,19.43225032258115],[-99.59466063321416,19.417665886627002],[-99.59599018984366,19.409416383361243]]]}},{"type":"Feature","properties":{"clues":"SCCSA001279"},"geometry":{"type":"Polygon","coordinates":[[[-99.58019731153583,19.13444683990149],[-99.5818945324588,19.132869044092523],[-99.59405730940017,19.130984609586328],[-99.60052379000446,19.127230841002447],[-99.59892332235879,19.14708680480097],[-99.60042749504959,19.151942872158184],[-99.59959973196594,19.15258553987401],[-99.58572369743345,19.142580081519597],[-99.58019731153583,19.13444683990149]]]}},{"type":"Feature","properties":{"clues":"MCIMB004530"},"geometry":{"type":"Polygon","coordinates":[[[-99.48065374791177,19.43845740639751],[-99.48278901729309,19.436654922406262],[-99.49698909135878,19.439287454564408],[-99.50180784793274,19.434035802076128],[-99.51147713727765,19.438927410384878],[-99.51673223887903,19.451353847372182],[-99.51638831345426,19.457794519485166],[-99.49907640738621,19.476003666924473],[-99.49510658202075,19.48698607146568],[-99.5081268579316,19.506376768267938],[-99.50499910760564,19.517212517974233],[-99.48438913381405,19.524344062358633],[-99.4369823025923,19.503459674606958],[-99.43415950703628,19.49204620017723],[-99.44657867804902,19.484804595555932],[-99.46770164740836,19.47917243483426],[-99.47048793208995,19.469667591154458],[-99.4688757075495,19.44874724905876],[-99.4790313136046,19.44441793661121],[-99.48065374791177,19.43845740639751]]]}},{"type":"Feature","properties":{"clues":"MCIMB002442"},"geometry":{"type":"Polygon","coordinates":[[[-98.91874209619434,19.30104586158494],[-98.9225691134498,19.308272703789566],[-98.91694522738372,19.3111872696413],[-98.91459937197547,19.31809752814472],[-98.90794202152748,19.317849042183354],[-98.90594148412089,19.319384714322034],[-98.90046604438876,19.316377940006394],[-98.89918529412752,19.31126198057349],[-98.9082455732012,19.311561841467153],[-98.91410523806397,19.307312072323487],[-98.91462440022728,19.302829438199165],[-98.91874209619434,19.30104586158494]]]}},{"type":"Feature","properties":{"clues":"MCIMB000885"},"geometry":{"type":"Polygon","coordinates":[[[-98.8925688942203,19.538217925826412],[-98.89604313828244,19.536344439892645],[-98.90303505439812,19.53966495274815],[-98.90431791266656,19.545068205074028],[-98.90344266789877,19.54945019038445],[-98.89787149309723,19.555969034849497],[-98.89046534390042,19.55365676402069],[-98.88813171953505,19.544873589635976],[-98.8925688942203,19.538217925826412]]]}},{"type":"Feature","properties":{"clues":"MCIMB002553"},"geometry":{"type":"Polygon","coordinates":[[[-98.8470414969475,19.327654744433094],[-98.854364203581,19.3181071879164],[-98.85822109472262,19.317676004215983],[-98.86206269408387,19.31941016955878],[-98.86228579893822,19.323233624281322],[-98.84922592769661,19.328590597508587],[-98.85491762465128,19.33201680933666],[-98.85656434436697,19.335999015982186],[-98.86297749393421,19.33580432270712],[-98.86570190629732,19.32979929875384],[-98.86911839899774,19.334004716990393],[-98.87563643550519,19.33535498411732],[-98.87504485777757,19.343257476505485],[-98.88947818399639,19.351261134011384],[-98.89208972499155,19.35521482111666],[-98.89002219905811,19.359421453180985],[-98.88282745938447,19.365671881870096],[-98.8753059288277,19.368167400441923],[-98.87316261291625,19.370231817268138],[-98.85517469564722,19.36131711854992],[-98.84418273343749,19.36296094461115],[-98.84187981016336,19.36669624351916],[-98.82922260240908,19.36691093436565],[-98.81481540834109,19.359372467415447],[-98.81006404311856,19.361218976894882],[-98.7985494198791,19.347354463787234],[-98.80123331664478,19.337912812928096],[-98.80607291242781,19.334353245400827],[-98.82071709455212,19.347247731744613],[-98.82424482892446,19.34317118430982],[-98.8470414969475,19.327654744433094]]]}},{"type":"Feature","properties":{"clues":"SCCSA001230"},"geometry":{"type":"Polygon","coordinates":[[[-98.88977991154376,19.42309339789093],[-98.88270747296106,19.42601546070125],[-98.8796218502856,19.423498540101395],[-98.87876322341815,19.419286429287986],[-98.88073638143437,19.417859497373772],[-98.88304666537982,19.418375740932433],[-98.88977991154376,19.42309339789093]]]}},{"type":"Feature","properties":{"clues":"MCIMB012423"},"geometry":{"type":"Polygon","coordinates":[[[-98.83303895549147,18.998876703406083],[-98.83179999012923,19.001448117812185],[-98.83472614400958,19.00740771887624],[-98.83327953825476,19.013159019143256],[-98.85252371355642,19.03526562616506],[-98.86517750554725,19.042882067162008],[-98.8507148382844,19.053670795699226],[-98.84213757678798,19.057538646978745],[-98.82712876788729,19.071882088954062],[-98.81327585198967,19.06832817080719],[-98.80811106767621,19.06456023403342],[-98.80873641814455,19.052454543435143],[-98.8206275386814,19.045376724879503],[-98.8135482896468,19.03605582903676],[-98.81100162727606,19.03647203439013],[-98.80773323733838,19.034861557066886],[-98.80512342815872,19.030720593711038],[-98.80557621271845,19.02595551708463],[-98.80979121737253,19.0185682883347],[-98.81045396594675,19.00708556545462],[-98.80884759915578,18.99884424067404],[-98.81987200650039,18.996369334375633],[-98.82285265424083,18.989237797960453],[-98.8278447391753,18.99074170892708],[-98.83303895549147,18.998876703406083]]]}},{"type":"Feature","properties":{"clues":"MCIMB008964"},"geometry":{"type":"Polygon","coordinates":[[[-98.83145538963214,19.542809231040398],[-98.82084229000347,19.543602302885347],[-98.82056065923487,19.546738943509364],[-98.82481211376351,19.549931639766196],[-98.82377010145883,19.55711354862722],[-98.8147592729573,19.555942064936644],[-98.81363128693484,19.557954670609387],[-98.80380383715203,19.56293205317255],[-98.80062294238517,19.55660335865676],[-98.79803068455743,19.545230274964815],[-98.80442626958498,19.534157018163636],[-98.81798167971188,19.53651259030294],[-98.81937854186198,19.538130594588484],[-98.83239127274258,19.536327751383418],[-98.83287185146612,19.540593140575808],[-98.83145538963214,19.542809231040398]]]}},{"type":"Feature","properties":{"clues":"SCCSA003029"},"geometry":{"type":"Polygon","coordinates":[[[-98.65997048263468,19.525362755907906],[-98.66644610010334,19.504460584215],[-98.69585098870076,19.529326371093717],[-98.7097983576015,19.54851556861572],[-98.7124132675082,19.577883148870725],[-98.68774320555103,19.594830571678674],[-98.68251536797288,19.59107243890457],[-98.65436963401832,19.592029976796315],[-98.6488637879514,19.586647172445502],[-98.64289976878896,19.586215344376377],[-98.63199016284236,19.571418064052516],[-98.63203704976016,19.560113893570616],[-98.63775138102386,19.55262982362305],[-98.6440502286841,19.548241697779712],[-98.65997048263468,19.525362755907906]]]}},{"type":"Feature","properties":{"clues":"SCCSA001471"},"geometry":{"type":"Polygon","coordinates":[[[-102.93036641147567,18.269615847648012],[-102.93955304595627,18.255973848315477],[-102.94058254878668,18.24708607706457],[-102.96614307374608,18.23215529826446],[-102.97353398647273,18.25096982537452],[-102.987645705679,18.268698039946383],[-102.98743101343877,18.279069882782107],[-102.96266147539536,18.295059228628215],[-102.95753904598014,18.29676656357426],[-102.93434658768186,18.281347412118695],[-102.9350614386645,18.279110774119655],[-102.93036641147567,18.269615847648012]]]}},{"type":"Feature","properties":{"clues":"SCCSA001529"},"geometry":{"type":"Polygon","coordinates":[[[-101.37164682729681,19.06607308184425],[-101.387479304736,19.06648725835448],[-101.39211960457514,19.07736062736081],[-101.41184990394783,19.087193838294603],[-101.40341712374996,19.096452732051922],[-101.40254352613798,19.10362548033098],[-101.40819790364297,19.124343662408034],[-101.38537408988851,19.131611492908135],[-101.38047184351369,19.135898765826116],[-101.35934252556483,19.134436606189805],[-101.35825622415844,19.122658456480288],[-101.36808526467416,19.115566162304436],[-101.37093113667704,19.0969306468291],[-101.37602804242846,19.097766147454266],[-101.37985384175526,19.096552145283827],[-101.384333943821,19.07932138209386],[-101.36735685158777,19.07081862750692],[-101.37164682729681,19.06607308184425]]]}},{"type":"Feature","properties":{"clues":"MNIMS001281"},"geometry":{"type":"MultiPolygon","coordinates":[[[[-100.95804539661765,19.542864563121586],[-100.97271015028517,19.567341848177374],[-100.97876511053256,19.5676995351674],[-100.98149012236021,19.57368041349329],[-100.97233138011312,19.59889123493893],[-100.96845258000043,19.601814474969558],[-100.95679740716956,19.578817613927846],[-100.9576689971939,19.575617874578914],[-100.95004345982899,19.56672502784938],[-100.94808006452381,19.54760629986369],[-100.95804539661765,19.542864563121586]]],[[[-100.93488372045981,19.606121224792155],[-100.96705425565875,19.60615409084426],[-100.97160405572404,19.61461924273772],[-100.95825626384101,19.62478852504246],[-100.95522936901423,19.63485405097564],[-100.95232455592016,19.636332921674043],[-100.96502686767109,19.64918390880304],[-100.96725271060329,19.655030236322375],[-100.98440481486203,19.64103985475083],[-100.9847568151046,19.663333781444194],[-100.9686766242195,19.670570169047224],[-100.96367438262943,19.67807663586727],[-100.94910635426042,19.680077385388792],[-100.94706293376164,19.675918787847365],[-100.93077024195374,19.661194743530764],[-100.92770764663474,19.65370519826967],[-100.93785518738731,19.64562052666088],[-100.9410558144432,19.63496656892456],[-100.93747814537245,19.62990998583523],[-100.93413193677368,19.628348313873882],[-100.930992618962,19.620388716835624],[-100.93488372045981,19.606121224792155]]],[[[-100.94859873471735,19.596261952827643],[-100.93800103666474,19.594550866162887],[-100.94270330805709,19.583918613644272],[-100.94966894708647,19.582310795096596],[-100.94859873471735,19.596261952827643]]]]}},{"type":"Feature","properties":{"clues":"SPIMB002504"},"geometry":{"type":"MultiPolygon","coordinates":[[[[-100.62167487579251,23.639319224425055],[-100.63028529765171,23.63893271883647],[-100.63321554650595,23.636302810161517],[-100.63728060741013,23.637543826457183],[-100.63790486905494,23.64227845713419],[-100.6345240739746,23.6458758119759],[-100.63424089304544,23.65265593228172],[-100.63816775386368,23.656467049543146],[-100.63589999513425,23.66075402696666],[-100.63662529967388,23.664963039614186],[-100.62903087118775,23.663142206363815],[-100.62355541710859,23.670567372844392],[-100.60382543935225,23.678030791824245],[-100.59355835554392,23.657376415868725],[-100.58509564545517,23.648259090479655],[-100.60807910138004,23.634845513137453],[-100.6139457868429,23.637916277441576],[-100.62005142064426,23.63808510103786],[-100.62167487579251,23.639319224425055]]],[[[-100.5583927246228,23.60934052832274],[-100.57408743069985,23.621794820647388],[-100.57655071549955,23.644797223959053],[-100.55996394600008,23.659570508473678],[-100.54354387841919,23.660978697072473],[-100.5323792274214,23.64120451519648],[-100.5350479584903,23.635915724055483],[-100.5583927246228,23.60934052832274]]]]}},{"type":"Feature","properties":{"clues":"TSIMS000935"},"geometry":{"type":"Polygon","coordinates":[[[-99.36965816665182,23.560468497873345],[-99.39261799661917,23.57260079985997],[-99.39802630896709,23.59289829489368],[-99.3781253165361,23.617680297372168],[-99.37056565015243,23.632110706619624],[-99.35866332576343,23.641585297494437],[-99.35386664190462,23.660520796109516],[-99.32529899373793,23.702591957901653],[-99.31537702667379,23.70524426873275],[-99.28159323316622,23.69811474525438],[-99.25633068921728,23.663681894476788],[-99.25720410452155,23.651120148488005],[-99.21716867000193,23.609185108114303],[-99.21717044514692,23.60090921313636],[-99.21493078364334,23.598065010893016],[-99.20867629983807,23.596946467152378],[-99.16695126381904,23.60862513540258],[-99.1407853680628,23.553222646948168],[-99.14348734604103,23.549430853050637],[-99.16589073713087,23.487221527459113],[-99.19507950056204,23.47101077897373],[-99.24854829857027,23.502728475125473],[-99.27271683249647,23.53214249342003],[-99.29670775654697,23.55713087591908],[-99.34777298194693,23.54852425049641],[-99.35118699383703,23.54693896175479],[-99.36965816665182,23.560468497873345]]]}},{"type":"Feature","properties":{"clues":"TSIMS000795"},"geometry":{"type":"Polygon","coordinates":[[[-99.16983417899532,23.967822030355993],[-99.17352768881082,23.958491834662265],[-99.18656075621273,23.939080649544714],[-99.2148774334494,23.951788262671165],[-99.22306169565059,23.952717275811313],[-99.25288704177808,23.988345373449416],[-99.22624207001849,24.0023943359645],[-99.22229510387523,24.002381643126167],[-99.2149363577846,23.999117754594987],[-99.20900292408832,24.007280867302764],[-99.19875477175863,24.014300964628305],[-99.19616738032838,24.01382332918915],[-99.19437321288925,24.010771041070207],[-99.19678149311835,23.99593261101738],[-99.19348607655913,23.99458882419078],[-99.1941273005762,23.967891852140436],[-99.16983417899532,23.967822030355993]]]}},{"type":"Feature","properties":{"clues":"TSIMS000824"},"geometry":{"type":"Polygon","coordinates":[[[-99.19620292487514,23.899516059725652],[-99.20007060191028,23.915079387830612],[-99.21029091429709,23.920346221446252],[-99.21604716107237,23.951217701217374],[-99.2148774334494,23.951788262671165],[-99.18656075621273,23.939080649544714],[-99.17352768881082,23.958491834662265],[-99.16983417899532,23.967822030355993],[-99.16280783980048,23.968342425645908],[-99.15740032550349,23.967312663120932],[-99.1509519649378,23.962219663457752],[-99.14551097197872,23.953393609835935],[-99.12675344589991,23.943618130168442],[-99.12375198680232,23.934028024450964],[-99.12501421915404,23.923668438829974],[-99.11632566415734,23.917664467068366],[-99.11543842152031,23.908222748875744],[-99.11899717748145,23.90548340365433],[-99.12820459597516,23.904020832219278],[-99.13319364392608,23.910556612332165],[-99.13579608070661,23.910065756696756],[-99.15655719638536,23.887902468584233],[-99.16308061767732,23.900123546490104],[-99.19620292487514,23.899516059725652]]]}},{"type":"Feature","properties":{"clues":"TSIMS000684"},"geometry":{"type":"MultiPolygon","coordinates":[[[[-98.93074097332145,24.848303328223334],[-99.02347876002229,24.864796638538404],[-99.08099952933787,24.81999987069695],[-99.11877951012163,24.82527986356719],[-99.12334326303642,24.82873681240631],[-99.14912284004573,24.87885223387521],[-99.15581406889739,24.90018650063355],[-99.15412097159665,24.961656985495996],[-99.15224016515879,24.968011563190487],[-99.16017046896144,24.98628577127361],[-99.17448219982163,24.99695808816828],[-99.17839582731463,25.031376607939666],[-99.15652403334344,25.03117323515024],[-99.14987214956349,25.02551678397125],[-99.12511983247495,25.0340076379088],[-99.12039599030959,25.03283883221423],[-99.11302770469648,25.034090325920886],[-99.07520583942753,25.032932391826854],[-99.06600020160694,25.03121627265792],[-99.05402463119931,25.01796192545752],[-99.05816675332613,24.987104884997386],[-99.04806557504197,24.957310048527283],[-99.03240489851464,24.94607027240396],[-98.9968942287148,24.949035566814928],[-98.96995682654108,24.937567236809212],[-98.95060515714347,24.935985250375683],[-98.94764289010051,24.931104970213436],[-98.92842068352297,24.912308136966125],[-98.87903180660649,24.925590472147046],[-98.87556815960278,24.913033843521436],[-98.851198465035,24.903332033485746],[-98.8375941443982,24.90329507674743],[-98.82866731865178,24.899416122010813],[-98.82880342469333,24.86446466748391],[-98.80820552309704,24.869233085895782],[-98.79289124929302,24.86692958180717],[-98.73511275868513,24.762905499621258],[-98.74990601968543,24.759901844541282],[-98.75815817833043,24.761353967233653],[-98.81564662490041,24.75111031485659],[-98.86283103921934,24.764801723172216],[-98.88268814638488,24.78578088495381],[-98.94379631260941,24.793168593529693],[-98.92892325751323,24.84432276393067],[-98.93074097332145,24.848303328223334]]],[[[-99.1637790713323,25.048024498595858],[-99.15679941059486,25.059659078802095],[-99.15100922910177,25.05347242373092],[-99.15691707987853,25.034461262898052],[-99.1637790713323,25.048024498595858]]]]}},{"type":"Feature","properties":{"clues":"TSIMB001511"},"geometry":{"type":"Polygon","coordinates":[[[-99.08923589201318,24.414105565477495],[-99.09948591593115,24.41962092300654],[-99.11378483914784,24.44225993565849],[-99.10588379346525,24.45295349934928],[-99.10780048311614,24.464020811730283],[-99.12273362241193,24.48005818824082],[-99.1197970953887,24.487175032149306],[-99.11942039426013,24.498975506562793],[-99.11227832288743,24.507565470074745],[-99.0826300016779,24.500160114434024],[-99.07120285992256,24.50729443725766],[-99.08853289895222,24.577430929654664],[-99.08322873101254,24.58533031481064],[-99.02363964333061,24.55889636553658],[-99.01239977612141,24.541984381051044],[-98.96517981448433,24.525562136418138],[-98.94968914043054,24.489880368305524],[-98.95205013605695,24.477447147337134],[-98.9554172581897,24.46933159843208],[-98.95691035139286,24.45447100375755],[-98.97751079549218,24.439359261338073],[-98.99739988321174,24.407181664200337],[-99.03286912383938,24.408922549678024],[-99.03493243391588,24.406524714037747],[-99.0527294652953,24.40598234344232],[-99.07449032377185,24.421201388424596],[-99.08923589201318,24.414105565477495]]]}},{"type":"Feature","properties":{"clues":"SCCSA002989"},"geometry":{"type":"Polygon","coordinates":[[[-98.89525542937082,23.968113625167096],[-98.92148481037147,23.972666520382198],[-98.95741075518555,23.97600837563729],[-98.97651894927279,24.001694622438517],[-98.97536759024555,24.01187460225604],[-98.99668533388001,24.02498385390771],[-99.0217234169653,24.04326161441553],[-99.01672245380709,24.053552397380994],[-99.0122135793625,24.055359792562317],[-99.00714346838666,24.053981819671034],[-98.99442746231641,24.06682396242886],[-98.98239766377272,24.06030730873441],[-98.98017108693676,24.065478335629447],[-98.96490484990382,24.07261101830027],[-98.96150536997308,24.071105472142573],[-98.95871838995161,24.060168905539484],[-98.93769692832525,24.069484526024286],[-98.93661485829891,24.037699285055066],[-98.92238336631593,24.03751571545915],[-98.91321004580084,24.032435285354815],[-98.9063754896352,24.036667763801987],[-98.90361163922321,24.04233062405181],[-98.89888474600363,24.046675073717893],[-98.89456698609557,24.046745331765198],[-98.89298781469743,24.056207541601307],[-98.89844286086436,24.060758316463787],[-98.90396679504734,24.071681968531266],[-98.89392211953611,24.07823976072334],[-98.88212883274964,24.090877811224757],[-98.86594518817051,24.096811336833504],[-98.87103065606715,24.15935901477634],[-98.89484913083898,24.172465350728697],[-98.89782085910898,24.192917288802036],[-98.88163796477154,24.21070656197674],[-98.8475323692736,24.23718732989699],[-98.83211856435886,24.22573228571004],[-98.82262269351799,24.21357223054921],[-98.81282515678342,24.21310954228934],[-98.80311810676902,24.196012045628066],[-98.7812430880704,24.209546301221195],[-98.7804764266992,24.17728618649578],[-98.6826580570581,24.14009207730943],[-98.68771479493674,24.089292402322556],[-98.65692953280045,24.037658145996367],[-98.73015857363427,23.968068240965103],[-98.76204637418228,23.933378571226655],[-98.7669729946366,23.89558115677143],[-98.77418833686755,23.878683726197927],[-98.78203545640952,23.869599790438052],[-98.8855189017253,23.886690413847354],[-98.89122670335387,23.96569813648333],[-98.89525542937082,23.968113625167096]]]}},{"type":"Feature","properties":{"clues":"OCIMS005036"},"geometry":{"type":"Polygon","coordinates":[[[-97.88763068350642,17.42990230143891],[-97.89649094004668,17.420959024878528],[-97.93626283950401,17.403886989977753],[-97.95687024842393,17.389326816597045],[-97.95921148327997,17.39673052466604],[-97.95996492557978,17.436626203197843],[-97.97086245131612,17.46027183369163],[-97.96774179506112,17.470060816845898],[-97.95830097823512,17.46833554712963],[-97.92678426313145,17.45275021715761],[-97.88029621130433,17.445499708647212],[-97.88763068350642,17.42990230143891]]]}},{"type":"Feature","properties":{"clues":"OCIMB006481"},"geometry":{"type":"Polygon","coordinates":[[[-97.98403141006533,16.235256528644978],[-97.97189550902073,16.231989003342033],[-97.9674683250316,16.204556302266],[-97.99012305453958,16.205478823455525],[-97.98403141006533,16.235256528644978]]]}},{"type":"Feature","properties":{"clues":"OCIMB006020"},"geometry":{"type":"Polygon","coordinates":[[[-97.95900391744331,16.89524514521438],[-97.94900730026554,16.896094793351427],[-97.9399022969078,16.892606913545446],[-97.92678168570366,16.88316930201534],[-97.92668166974681,16.86360160506479],[-97.9293025587617,16.851491822416946],[-97.94623038158284,16.848175454999833],[-97.97650197320615,16.8774783299446],[-97.95900391744331,16.89524514521438]]]}},{"type":"Feature","properties":{"clues":"PLIMB002685"},"geometry":{"type":"Polygon","coordinates":[[[-97.89971024212664,18.520365750538943],[-97.89609983600816,18.51066750104169],[-97.89967316969668,18.492497114384232],[-97.91963220271055,18.49297725255997],[-97.94238351991676,18.481323359356857],[-97.95619676396694,18.492969186011372],[-97.94728899831752,18.50991128397359],[-97.94451620038514,18.52932667640962],[-97.93016476951841,18.542375129776836],[-97.92307551864249,18.543746275581995],[-97.91312611766848,18.526279079185983],[-97.89971024212664,18.520365750538943]]]}},{"type":"Feature","properties":{"clues":"OCIMB007374"},"geometry":{"type":"Polygon","coordinates":[[[-97.79798838385969,17.456933961513347],[-97.81583092065532,17.45159446194281],[-97.84991820861724,17.449259269287683],[-97.86492635465301,17.461311427425212],[-97.86455552626836,17.487239817719104],[-97.85415969602668,17.50415381233433],[-97.84496528032133,17.508768842036268],[-97.77035789286727,17.502249262054306],[-97.76503593882401,17.495097404957935],[-97.75866125511835,17.477619305310746],[-97.76239820813196,17.47503681370764],[-97.78595246472706,17.46774627292743],[-97.79798838385969,17.456933961513347]]]}},{"type":"Feature","properties":{"clues":"OCIMB000531"},"geometry":{"type":"Polygon","coordinates":[[[-97.79497033961822,17.908243389321235],[-97.81453436101525,17.915734736125568],[-97.8264829636069,17.911929737993038],[-97.84982406075869,17.910446409175382],[-97.85029442134508,17.93006729113331],[-97.83437563011888,17.94659305487578],[-97.81756156930409,17.94975461302512],[-97.81776196777847,17.979361904187943],[-97.8010802062749,17.98568477771625],[-97.79095275419357,17.981127999853996],[-97.77103137398855,17.968476596288088],[-97.73754520928908,17.964542479946],[-97.73001818263339,17.949469954265282],[-97.76411496018746,17.907889154748528],[-97.77185584148286,17.906045140297355],[-97.78390745207318,17.909530800241313],[-97.79497033961822,17.908243389321235]]]}},{"type":"Feature","properties":{"clues":"OCIMB007502"},"geometry":{"type":"Polygon","coordinates":[[[-97.77101904495872,16.914269969623238],[-97.7562441791299,16.907232585432254],[-97.77753909321737,16.892345713671734],[-97.79459524322071,16.894755790745986],[-97.7963419718125,16.89853644011524],[-97.80544226853793,16.90254237586748],[-97.81585438111554,16.922280277114425],[-97.81130227048651,16.931549618332134],[-97.79248149672404,16.927833244558606],[-97.786294084264,16.912424708352667],[-97.77101904495872,16.914269969623238]]]}},{"type":"Feature","properties":{"clues":"OCIMB007975"},"geometry":{"type":"Polygon","coordinates":[[[-97.72510316170755,17.516432868479527],[-97.72016867649994,17.503948096778757],[-97.75639242906847,17.476058977725085],[-97.75866125511835,17.477619305310746],[-97.76503593882401,17.495097404957935],[-97.77035789286727,17.502249262054306],[-97.76460555922607,17.531823267095245],[-97.73795736019383,17.529807428848983],[-97.72510316170755,17.516432868479527]]]}},{"type":"Feature","properties":{"clues":"SCCSA001917"},"geometry":{"type":"MultiPolygon","coordinates":[[[[-97.36503943759983,15.93919579483984],[-97.3679953740432,15.936648537685883],[-97.41011550667204,15.943952826885083],[-97.41839414343467,15.943795843277416],[-97.42120904480402,15.941321203298944],[-97.43705972063628,15.944454361291113],[-97.43421324621607,15.94738364732887],[-97.4056395965394,15.958040699960534],[-97.40971091297064,15.971039744786891],[-97.3864983904648,15.97947269029479],[-97.38144701796446,15.984823048087303],[-97.37765851392588,15.98629127986842],[-97.36618664882427,16.026873307002933],[-97.34674706312019,16.023610367629413],[-97.3313073308392,16.018928723175176],[-97.32699768816359,16.014303211658266],[-97.32851845782989,15.97677688408841],[-97.32100424058966,15.96801463557748],[-97.31253248494878,15.962413205772682],[-97.31416401085629,15.942830425522878],[-97.34419374839784,15.946199512191754],[-97.35917192379648,15.944293015901687],[-97.36188491840863,15.94254960076411],[-97.36163269513065,15.939427747700602],[-97.36503943759983,15.93919579483984]]],[[[-97.35121865904753,15.93699710548946],[-97.35290750751928,15.936906998800234],[-97.35206409662835,15.938025201983836],[-97.35121865904753,15.93699710548946]]]]}},{"type":"Feature","properties":{"clues":"OCIMB008721"},"geometry":{"type":"Polygon","coordinates":[[[-97.5783776071778,16.552149240766823],[-97.59232157102272,16.582097712152596],[-97.58889714610048,16.592817394417864],[-97.57687753835603,16.602150664091077],[-97.57653816754471,16.607148499944067],[-97.57364398938854,16.611576283400698],[-97.57083505242494,16.613010723368294],[-97.56010927970279,16.612041940246836],[-97.55322086703,16.614853357962716],[-97.54767742172433,16.61449475321311],[-97.54291267363878,16.61867292733743],[-97.52962480622877,16.619784779517616],[-97.52642071995199,16.619342589221976],[-97.51947837092693,16.61474833332488],[-97.50591964469292,16.619856295172333],[-97.49704274334023,16.61364241067598],[-97.49380178230132,16.606494695612948],[-97.49096995653053,16.582172210249812],[-97.49508348147812,16.57698487005996],[-97.51271038744204,16.57400924842067],[-97.52097091013384,16.58022413863512],[-97.55249749391746,16.571786190234928],[-97.55859347086809,16.562354975701478],[-97.5783776071778,16.552149240766823]]]}},{"type":"Feature","properties":{"clues":"OCIMS001232"},"geometry":{"type":"Polygon","coordinates":[[[-97.46172309952618,17.19186817741326],[-97.48591762592903,17.170484875035832],[-97.50644451000974,17.1752659883735],[-97.52229470781994,17.174331128932376],[-97.52894291384132,17.176266808816365],[-97.54191089327932,17.171739519516183],[-97.56837174221867,17.18560575702885],[-97.56909947332998,17.190150475682984],[-97.56274142503258,17.20150201921467],[-97.55487386185928,17.20748631739461],[-97.54276075140798,17.205023263752544],[-97.52905288937029,17.216127898003695],[-97.52729687442617,17.21965437839586],[-97.52883913721342,17.225775386861308],[-97.52114629040607,17.236982905782057],[-97.51079052963193,17.24002702596127],[-97.50024504939411,17.23584478938737],[-97.49566186579334,17.218233268818377],[-97.48568606551743,17.207389740509964],[-97.46172309952618,17.19186817741326]]]}},{"type":"Feature","properties":{"clues":"SCCSA001969"},"geometry":{"type":"Polygon","coordinates":[[[-97.47644739299754,18.150567402406306],[-97.4460668555371,18.09966585555479],[-97.46984392919293,18.09761654864981],[-97.48271223411591,18.101865688120068],[-97.52141948950198,18.10409552939718],[-97.53948745083811,18.13544948909677],[-97.53240496444847,18.143517500925487],[-97.53015110329949,18.149311151748158],[-97.52323343755212,18.153038046615066],[-97.51967558154455,18.173749562049203],[-97.51214200975105,18.17978135276033],[-97.50296354866164,18.180839226957747],[-97.49239421308664,18.167103014933044],[-97.48943459031452,18.161005917843337],[-97.47644739299754,18.150567402406306]]]}},{"type":"Feature","properties":{"clues":"PLIMB005461"},"geometry":{"type":"Polygon","coordinates":[[[-97.2679716900633,18.528082803249696],[-97.2300285218174,18.520723286041598],[-97.2364434022039,18.50627590825954],[-97.2539988792466,18.50757517080002],[-97.25664414751978,18.49965243215579],[-97.26914094683261,18.48946433293294],[-97.27208202698876,18.472438847693503],[-97.32369567492705,18.47801553194916],[-97.31808773540608,18.50075017994196],[-97.3338182918885,18.513572776860926],[-97.35124266690603,18.549634344827886],[-97.34685122824959,18.555327611994336],[-97.29239156375603,18.54956443410589],[-97.29018303769367,18.54695515375182],[-97.27772209898882,18.542223111142572],[-97.2679716900633,18.528082803249696]]]}},{"type":"Feature","properties":{"clues":"SCCSA001920"},"geometry":{"type":"Polygon","coordinates":[[[-97.32699768816359,16.014303211658266],[-97.30858846316401,16.011752271067117],[-97.29333437359,16.024935115634797],[-97.28432591301782,16.04568736576676],[-97.27371813537266,16.050908237690976],[-97.26270535051428,16.04631170660985],[-97.26020142908399,16.032660950895252],[-97.24845629252444,16.00858637910598],[-97.27221578622773,15.991357604119777],[-97.27372824988481,15.979497793277204],[-97.29772558011977,15.962250816985868],[-97.31253248494878,15.962413205772682],[-97.32100424058966,15.96801463557748],[-97.32851845782989,15.97677688408841],[-97.32699768816359,16.014303211658266]]]}},{"type":"Feature","properties":{"clues":"OCIMS004954"},"geometry":{"type":"Polygon","coordinates":[[[-97.24497667632598,16.553131906695427],[-97.25490734654512,16.544587021069987],[-97.28331879636707,16.58244449926213],[-97.28378264337456,16.585300634171457],[-97.29464317731426,16.592884835498786],[-97.3088630126208,16.612785233586976],[-97.3107977040055,16.617865978832427],[-97.30322259961534,16.626429255434726],[-97.28375791085482,16.638247020593205],[-97.26212011416978,16.631950700163994],[-97.24065493486935,16.633591954962366],[-97.22136806250572,16.650667313980936],[-97.16106499296203,16.647887523480794],[-97.1459701765979,16.639692476950227],[-97.15489075564474,16.63235338346964],[-97.19888893849681,16.603485064983065],[-97.20479756956315,16.59575423464644],[-97.20881918321123,16.594269158176893],[-97.2167486897248,16.585736842095127],[-97.22086612911963,16.57562566148176],[-97.22197558625265,16.56611556328328],[-97.24497667632598,16.553131906695427]]]}},{"type":"Feature","properties":{"clues":"OCIMS001693"},"geometry":{"type":"Polygon","coordinates":[[[-97.30035017362668,17.324626345797487],[-97.3110505592987,17.35101745027078],[-97.31051140816058,17.353576424350326],[-97.30420419247369,17.367321182489828],[-97.3035162407168,17.384010785069773],[-97.30697091272356,17.391554588074193],[-97.29051775284383,17.40814789363589],[-97.28810966173243,17.40848314219015],[-97.27094070940367,17.401713166537423],[-97.26381185859285,17.405590003811852],[-97.25637974146156,17.405271087026527],[-97.249092835288,17.397599653151115],[-97.24729891060373,17.391081663407],[-97.2446075213994,17.387335972393785],[-97.24267421743468,17.368663082933708],[-97.23813561687864,17.364814389488053],[-97.25101464606789,17.330775926824472],[-97.2616845777714,17.32737115401042],[-97.26614329631317,17.330728080491493],[-97.30035017362668,17.324626345797487]]]}},{"type":"Feature","properties":{"clues":"OCIMB008943"},"geometry":{"type":"Polygon","coordinates":[[[-97.24311839338243,16.502400568683722],[-97.247751370571,16.506294761013223],[-97.262529672865,16.529050331850605],[-97.25490734654512,16.544587021069987],[-97.24497667632598,16.553131906695427],[-97.21344423280065,16.534483744485104],[-97.205630820057,16.536155173698543],[-97.19075838123474,16.53488564122231],[-97.18634288599497,16.522298916741477],[-97.18204932006473,16.52124808823142],[-97.17408227021119,16.50571342439253],[-97.16385802837095,16.515783965022553],[-97.15650507377552,16.5102079639495],[-97.15179546749854,16.512891982581795],[-97.1109990121617,16.47770506931568],[-97.11464376914999,16.462874986908655],[-97.13771608832296,16.441673649776135],[-97.15718412209516,16.44323536965077],[-97.16323173884913,16.44026163892115],[-97.20454627392589,16.448273284265188],[-97.22763849253579,16.45878924140146],[-97.23724605642492,16.4712884832231],[-97.23808665253243,16.492158170266322],[-97.24311839338243,16.502400568683722]]]}},{"type":"Feature","properties":{"clues":"PLIMB004090"},"geometry":{"type":"Polygon","coordinates":[[[-97.27413108322047,18.209741879145692],[-97.22685115759676,18.264867724057748],[-97.2171794874925,18.26382542528735],[-97.18004802610834,18.23069652223795],[-97.20895536774545,18.162322896466343],[-97.21586907646876,18.152858723962158],[-97.2264928557598,18.14355779611291],[-97.27573374063888,18.203201248680692],[-97.27413108322047,18.209741879145692]]]}},{"type":"Feature","properties":{"clues":"PLIMB004995"},"geometry":{"type":"Polygon","coordinates":[[[-97.1837292621498,18.549373809249424],[-97.18126249464957,18.55479857636962],[-97.1852701953651,18.558805567043283],[-97.18697979313798,18.574345657783518],[-97.18256529827762,18.595836750754806],[-97.16719921497427,18.59364493242517],[-97.15408345950482,18.581912948700335],[-97.15066636370652,18.576052478410546],[-97.14985466577826,18.568525318487186],[-97.14406168686702,18.56212446415179],[-97.13372535439446,18.565618872461243],[-97.1317211207485,18.56504361829778],[-97.12803973327486,18.556676094080732],[-97.12991743326697,18.55329618042849],[-97.12752956153581,18.54271782466951],[-97.14722572947095,18.539834946524135],[-97.14812913437618,18.531266193563987],[-97.1714210267258,18.525122196331985],[-97.17398757014942,18.52791941454842],[-97.17148318020969,18.53880084983306],[-97.1826807960758,18.546821694100036],[-97.1837292621498,18.549373809249424]]]}},{"type":"Feature","properties":{"clues":"SCCSA002007"},"geometry":{"type":"Polygon","coordinates":[[[-97.10816243231835,18.287868659584035],[-97.08782376884707,18.285592264443185],[-97.08688826315499,18.29325371790256],[-97.07058431584464,18.307835372786858],[-97.06361592945007,18.30831141839725],[-97.04974501482121,18.296326133373434],[-97.04325961398742,18.282049553259576],[-97.07349356211894,18.261777348961058],[-97.08377910622946,18.26931247039956],[-97.11210335691106,18.257030059273205],[-97.11792366366741,18.268665142249052],[-97.11968215664011,18.279136230450476],[-97.10816243231835,18.287868659584035]]]}},{"type":"Feature","properties":{"clues":"OCIMB001231"},"geometry":{"type":"Polygon","coordinates":[[[-97.10416542353232,17.227494424389484],[-97.10892211170307,17.231369976929],[-97.12185551710115,17.23302341857325],[-97.12915122704226,17.22994024115591],[-97.13365915993019,17.232590586764932],[-97.12881001824998,17.252914617328294],[-97.12165322713206,17.25794820420876],[-97.12041779649411,17.262093581113984],[-97.106231590097,17.264966407971354],[-97.08958031890816,17.272613787546582],[-97.08717968643296,17.27070099255943],[-97.08388845867037,17.259963327310373],[-97.08555376569741,17.255666246592625],[-97.08570111899586,17.24714141325059],[-97.08854882200559,17.242069840050178],[-97.09743923018252,17.239316893112555],[-97.10416542353232,17.227494424389484]]]}},{"type":"Feature","properties":{"clues":"OCIMB008342"},"geometry":{"type":"Polygon","coordinates":[[[-97.04455870486481,17.177411675152797],[-97.04915297596024,17.17839795104765],[-97.05623337407825,17.186808341981543],[-97.07000164994079,17.18409238204975],[-97.0730151329547,17.19234380578227],[-97.07869932627531,17.19858136798372],[-97.06200847750237,17.21879438906325],[-97.05839688141077,17.212493304922443],[-97.04629689838936,17.20595862052921],[-97.04372301974729,17.199874160537046],[-97.03496597154516,17.19630988392118],[-97.02859837497135,17.19759191250251],[-97.02249349343272,17.200886917519977],[-97.01258919539751,17.202653047051548],[-96.989316023181,17.20392000751922],[-96.96166525515217,17.1929697101066],[-96.95167640187967,17.191569111278614],[-97.0129137130241,17.150715403147572],[-97.0212551758231,17.157992085037073],[-97.0259035199691,17.16460739895483],[-97.03680900706934,17.16237439534558],[-97.04455870486481,17.177411675152797]]]}},{"type":"Feature","properties":{"clues":"VZIMB003054"},"geometry":{"type":"Polygon","coordinates":[[[-97.0453258763819,18.584706401725636],[-97.02917791575858,18.601306713588865],[-97.02146738499842,18.59426079110267],[-97.01770309636721,18.5927796432239],[-97.00933671333654,18.594221417887695],[-97.00019901779909,18.590736649392465],[-96.99463388655474,18.583377014473836],[-96.99076766761543,18.58721129016378],[-96.98078723413336,18.58311358198424],[-96.97999851777882,18.580311973263992],[-96.98128101631983,18.572021433662243],[-96.98520759097057,18.570127693080387],[-96.99232435809719,18.55886737408162],[-97.00036368844022,18.560896637583472],[-97.00496287444385,18.564275456954373],[-97.00725915525156,18.56945830851577],[-97.02368505909833,18.569261540866606],[-97.02980878620298,18.5714696920788],[-97.0375467545281,18.565160178788393],[-97.05283943941888,18.566886063776643],[-97.0565362740046,18.56978493059942],[-97.05409088755836,18.577188405572528],[-97.04722747603722,18.580251258801926],[-97.0453258763819,18.584706401725636]]]}},{"type":"Feature","properties":{"clues":"SCCSA001742"},"geometry":{"type":"Polygon","coordinates":[[[-97.01014452266504,16.49030682663035],[-97.02673165502365,16.490252238646345],[-97.03330956899522,16.492994743520853],[-97.04916817816564,16.518529934149857],[-97.0347443431583,16.530774165546873],[-97.02889317238235,16.54395764884799],[-97.02195850460208,16.548903220029093],[-97.00596709021043,16.550772079781794],[-97.00274011894258,16.546117173019464],[-96.9895302240481,16.542088052249238],[-96.985985933157,16.545447031294465],[-96.97791545494088,16.544278642036513],[-96.97431845536153,16.553934798883574],[-96.975004490147,16.55575860634765],[-96.9861419978974,16.560887033748884],[-96.9734020648336,16.576909878363903],[-96.96342540953277,16.57121630943872],[-96.9596099656921,16.566834017355777],[-96.94613008136963,16.56771944089898],[-96.93976788493529,16.560241917039793],[-96.93947480226625,16.557188228660394],[-96.91557186758983,16.529282572949477],[-96.93368030880842,16.52213830231585],[-96.94540010239925,16.531405954478448],[-96.95233574002903,16.544059126753506],[-96.97123801946785,16.533171972828985],[-96.96871176415398,16.529745002868072],[-96.96786607232316,16.523462393967034],[-96.97611102598418,16.51859972700604],[-96.97926571131947,16.51922169922561],[-96.98181829481952,16.517980243579586],[-96.98279983674922,16.516106802300985],[-96.97638902495285,16.511166233967042],[-96.97313807945409,16.502314879807702],[-96.9746115183967,16.50127576379264],[-96.98200967525739,16.502805421525036],[-97.00818339996054,16.49328965131962],[-97.01014452266504,16.49030682663035]]]}},{"type":"Feature","properties":{"clues":"SCCSA002225"},"geometry":{"type":"Polygon","coordinates":[[[-97.03849326166262,18.32519387179509],[-97.03179111045912,18.32540928121538],[-97.02924244719792,18.32303773629001],[-97.02588867538668,18.309619223651517],[-97.04164505491298,18.302608411150324],[-97.03849326166262,18.32519387179509]]]}},{"type":"Feature","properties":{"clues":"OCIMB005035"},"geometry":{"type":"Polygon","coordinates":[[[-96.88514641882776,17.215412659413467],[-96.92222489182183,17.20439523446439],[-96.94301660171686,17.201789367777245],[-96.94543108439643,17.231885570945764],[-96.94452465544163,17.23606748207261],[-96.94284451240092,17.23988120422753],[-96.90721557174929,17.256439588919275],[-96.90412605851314,17.259537592980717],[-96.88904652934067,17.26375676317995],[-96.88463183727049,17.26819715750662],[-96.87381562027868,17.26637043996418],[-96.86637146910253,17.27300987856497],[-96.83842318428964,17.280908146594776],[-96.83662487515952,17.276257750393206],[-96.83943046188851,17.254640743900126],[-96.85623207462632,17.2484126079242],[-96.85113265456114,17.24316441891941],[-96.85409934463966,17.23789815233694],[-96.85866233093645,17.238210668127905],[-96.86958740154995,17.21400590202892],[-96.88514641882776,17.215412659413467]]]}},{"type":"Feature","properties":{"clues":"OCIMB006324"},"geometry":{"type":"MultiPolygon","coordinates":[[[[-96.88571478234863,16.921954379403193],[-96.89234066036269,16.918573213634147],[-96.90250479980311,16.922352573077372],[-96.90910423948525,16.94060385262552],[-96.91874452087633,16.950788912141817],[-96.89873930058667,16.96035435493055],[-96.8901209092779,16.961596478027793],[-96.88817674275752,16.966027287670205],[-96.88420288522873,16.969943766159574],[-96.86743940208683,16.979200458978884],[-96.85683919260022,16.97343341619864],[-96.86490977375335,16.958108648740975],[-96.87190389147467,16.954142487344807],[-96.87893716907693,16.94415824602934],[-96.87606495623817,16.932095741718236],[-96.88571478234863,16.921954379403193]]],[[[-96.92215362500812,16.964014687503425],[-96.92393444767796,16.953960523873036],[-96.93924587272491,16.9457602084471],[-96.946658407734,16.94578071696971],[-96.988936008884,16.957014512010037],[-96.98995354064803,16.959326774046875],[-96.98031553149806,16.978474940274655],[-96.96594940785033,16.982815942367285],[-96.92791371921254,16.972174382307543],[-96.92215362500812,16.964014687503425]]]]}},{"type":"Feature","properties":{"clues":"PLIMB002335"},"geometry":{"type":"Polygon","coordinates":[[[-96.88762271164624,18.240416789641163],[-96.88799968564243,18.25235188068115],[-96.89222722465873,18.257433295957924],[-96.89989954026235,18.257964350599213],[-96.92440437736828,18.279187496222196],[-96.92335352449723,18.301118708900905],[-96.90874959525317,18.306295158582333],[-96.90196701075499,18.31518830586659],[-96.88982796472789,18.324140165597804],[-96.8661698546213,18.32934356150858],[-96.85784365584223,18.327170582225516],[-96.85530936426078,18.32103367265068],[-96.86100127126278,18.29548270838048],[-96.86363085111215,18.292439095647122],[-96.85878992455483,18.285805742935157],[-96.84731252236959,18.27968341831055],[-96.85327946845115,18.271352778847735],[-96.85416769856062,18.26673749700997],[-96.84436707431475,18.258883871044734],[-96.84604416569104,18.25195090151488],[-96.84478742995265,18.247556410772646],[-96.85578665599803,18.241225239026555],[-96.85565986988247,18.235044007282735],[-96.86806998916147,18.232640646670063],[-96.87467278500294,18.24096063688001],[-96.8831650062166,18.23933317182247],[-96.88762271164624,18.240416789641163]]]}},{"type":"Feature","properties":{"clues":"PLIMB007252"},"geometry":{"type":"Polygon","coordinates":[[[-96.8739351256197,18.371646290772357],[-96.8840587866614,18.363365073108223],[-96.89510231978205,18.375724223688763],[-96.893924770808,18.382053635240396],[-96.8769675678387,18.38783547330586],[-96.87144171218132,18.397880275431476],[-96.87199294057397,18.39972868115586],[-96.86365608159582,18.42498786035129],[-96.8754433853946,18.432669441453196],[-96.87896062870126,18.457553907348007],[-96.84812991354619,18.457323418204957],[-96.85147958273026,18.444988071986582],[-96.83224222016852,18.43652679763582],[-96.84071244054039,18.413699093897698],[-96.83587025777115,18.409281536943222],[-96.83153224602263,18.39752417715421],[-96.82684178422143,18.389793242966096],[-96.83938716231734,18.377967911346502],[-96.84210213131196,18.37162667858138],[-96.86040521690215,18.358606844442285],[-96.8739351256197,18.371646290772357]]]}},{"type":"Feature","properties":{"clues":"OCIMS003950"},"geometry":{"type":"Polygon","coordinates":[[[-96.76629299598287,17.787802206224374],[-96.79760944630961,17.772752004956935],[-96.8178170525213,17.74959188505136],[-96.84021324874226,17.765454146986],[-96.84129372513698,17.770427471357362],[-96.8364855602014,17.782206590758204],[-96.83027183683241,17.80550948195961],[-96.80441548541138,17.83768079305064],[-96.79752880435937,17.84168698250819],[-96.79205527835725,17.83726076933772],[-96.77434035553543,17.79844797004157],[-96.76629299598287,17.787802206224374]]]}},{"type":"Feature","properties":{"clues":"SCCSA001691"},"geometry":{"type":"Polygon","coordinates":[[[-96.78657639573315,18.154033465923177],[-96.7932981296091,18.14431613540223],[-96.80209436398836,18.147667372331597],[-96.80952770014983,18.145680959754145],[-96.8117898293254,18.151765037703385],[-96.80897207136546,18.1585543976454],[-96.80989226944375,18.16399354525598],[-96.82613628809571,18.165414000806255],[-96.82290033103928,18.17375326993569],[-96.80989134074562,18.18275177606508],[-96.80622439074753,18.180537555773828],[-96.79328906972155,18.187673525994395],[-96.79106375875028,18.19352201114307],[-96.77873815053904,18.199512134771634],[-96.77304794297939,18.19615763617473],[-96.76940461257361,18.191155542859924],[-96.77141886689977,18.1861736663727],[-96.78191328883095,18.181764577726955],[-96.78340093838324,18.17378292090663],[-96.77565739680284,18.16933785883025],[-96.77516508498736,18.167493200122525],[-96.77991505097216,18.16278889447649],[-96.78045121922472,18.15912179788171],[-96.7834424355556,18.154974799397326],[-96.78657639573315,18.154033465923177]]]}},{"type":"Feature","properties":{"clues":"OCIMS002451"},"geometry":{"type":"Polygon","coordinates":[[[-96.7243456205226,17.769141952071863],[-96.75587598911194,17.712680394622268],[-96.80700180729806,17.737739768031247],[-96.8178170525213,17.74959188505136],[-96.79760944630961,17.772752004956935],[-96.76629299598287,17.787802206224374],[-96.7550330889473,17.777646541749128],[-96.7243456205226,17.769141952071863]]]}},{"type":"Feature","properties":{"clues":"SCCSA001806"},"geometry":{"type":"Polygon","coordinates":[[[-96.76483883504824,17.13779135144388],[-96.77030261333712,17.13369933804483],[-96.77596093382337,17.135789721274232],[-96.77512286777701,17.141032996472603],[-96.77810082812121,17.143023291179382],[-96.78418951006698,17.14079195863773],[-96.78987734155868,17.143179237172358],[-96.78171196261681,17.148333992825933],[-96.78377296681572,17.154326186160137],[-96.78292179008696,17.159677461823964],[-96.77478143715727,17.169925017688954],[-96.76594128830472,17.163124708823386],[-96.76610535834607,17.158716238869907],[-96.76215717834717,17.15431287978571],[-96.76164091166773,17.14835253319715],[-96.76483883504824,17.13779135144388]]]}},{"type":"Feature","properties":{"clues":"OCIMS001915"},"geometry":{"type":"Polygon","coordinates":[[[-96.71796141068607,16.973601431680553],[-96.72240162024264,16.974350824382416],[-96.71952885307452,16.98569739340419],[-96.72215927915498,16.990763779639526],[-96.72555936037305,16.99296590149656],[-96.7280137354927,17.00077184939062],[-96.72156036589939,17.00458125155406],[-96.71326655044807,17.0001179007956],[-96.70818920281367,17.00397123939272],[-96.69803654072973,16.993498460646368],[-96.69224800173454,16.99093910107957],[-96.70080752532458,16.986695321493396],[-96.70980589763946,16.986333926204612],[-96.71289857564595,16.977928501729814],[-96.71796141068607,16.973601431680553]]]}},{"type":"Feature","properties":{"clues":"OCIMS001833"},"geometry":{"type":"Polygon","coordinates":[[[-96.64428324383582,18.221692333633012],[-96.6641581428707,18.22953293832356],[-96.67205780558872,18.235368868233834],[-96.68056672042144,18.24940699855427],[-96.65926167220394,18.25355312094995],[-96.64120504249951,18.278975027389173],[-96.6381889139377,18.279060141819194],[-96.61952219654621,18.291668875970082],[-96.60444202602565,18.29135967188637],[-96.59251857947761,18.282402746644298],[-96.58658655405091,18.28062121260675],[-96.55625875501545,18.25063593878728],[-96.5930416346801,18.22228175490789],[-96.58905082633268,18.210602007860807],[-96.59800629725711,18.19533846863578],[-96.6103808290006,18.189235364480663],[-96.62120832224271,18.20295641195124],[-96.62114632206922,18.209576057040717],[-96.62819738246954,18.213474022931525],[-96.63107962182634,18.21946722989484],[-96.6378093718985,18.224041144403444],[-96.64428324383582,18.221692333633012]]]}},{"type":"Feature","properties":{"clues":"OCIMS002900"},"geometry":{"type":"Polygon","coordinates":[[[-96.59999974329693,16.778774567536953],[-96.5980234593986,16.789859732739504],[-96.59756009918236,16.81286644013801],[-96.58924827251911,16.835417060040996],[-96.57417312578464,16.841039351942836],[-96.5563980799756,16.837406747955338],[-96.53955844421056,16.812177599067077],[-96.52200860490458,16.799952072007272],[-96.51769001071754,16.76447569876266],[-96.52148772363891,16.752780301081664],[-96.55781858741875,16.747275987532458],[-96.56500130591438,16.732117108957155],[-96.58967957109796,16.739826088177193],[-96.60221591453636,16.752664260176736],[-96.60213210132821,16.755654058282477],[-96.5981866538785,16.76254420575841],[-96.59999974329693,16.778774567536953]]]}},{"type":"Feature","properties":{"clues":"OCIMS001314"},"geometry":{"type":"Polygon","coordinates":[[[-96.4792545801336,17.962404189657594],[-96.4908235242758,17.94113947867845],[-96.50314591832594,17.932557636905983],[-96.52341887918541,17.92846885365602],[-96.54205912598844,17.937430762186974],[-96.54227830076363,17.95311582619081],[-96.58400888588379,17.99377070645151],[-96.57832241290696,18.00477147389636],[-96.57068716028297,18.01033585343839],[-96.53678655038797,18.01246566827822],[-96.52355677744286,18.023692483097],[-96.49360394313756,18.02635045611085],[-96.4878610750654,18.015246900009227],[-96.50398150195917,17.99254549697704],[-96.50199271380325,17.975471771307358],[-96.4792545801336,17.962404189657594]]]}},{"type":"Feature","properties":{"clues":"OCIMB001470"},"geometry":{"type":"Polygon","coordinates":[[[-96.46891744620255,18.040729259590325],[-96.49026519480246,18.034103067506027],[-96.47633699183358,18.054457679272662],[-96.47912292468187,18.065913505248204],[-96.49630678904624,18.05348073318519],[-96.49826222350018,18.0496319220706],[-96.50754628773085,18.053416128429713],[-96.51408785072495,18.070208003807775],[-96.51368515081045,18.073445869007884],[-96.49764784375832,18.07259612159482],[-96.49121498077304,18.079331794433603],[-96.4765608737279,18.07056678765554],[-96.46544991046615,18.073905899219735],[-96.4621121800642,18.060514986032448],[-96.46962549730554,18.052378173913077],[-96.46891744620255,18.040729259590325]]]}},{"type":"Feature","properties":{"clues":"OCIMS002673"},"geometry":{"type":"Polygon","coordinates":[[[-96.41207997580327,16.121440553498307],[-96.41804846847471,16.101226481060404],[-96.42333225364995,16.10099761374803],[-96.43574414799915,16.109319314099597],[-96.43954360976228,16.12108711525206],[-96.46109846919624,16.12226736355724],[-96.46818210963569,16.13658509753336],[-96.47408688964926,16.14172748704316],[-96.47345573027773,16.14753527556539],[-96.47934812526094,16.15315006767158],[-96.49004093937934,16.151136190309348],[-96.49869524695558,16.160474034089113],[-96.49396256739924,16.167205812229973],[-96.47987176552847,16.167774526659485],[-96.47709133874216,16.17562194648144],[-96.47349208430168,16.178552584824764],[-96.45589671603078,16.17295148425735],[-96.45042807797473,16.16192879264248],[-96.43680360348831,16.160838076739143],[-96.43117651674375,16.157637079777036],[-96.41982532346168,16.160442052118803],[-96.40141867489987,16.145570453708565],[-96.4173733177925,16.130330365433863],[-96.41207997580327,16.121440553498307]]]}},{"type":"Feature","properties":{"clues":"SCCSA001831"},"geometry":{"type":"Polygon","coordinates":[[[-96.42522007663526,16.209993117193008],[-96.41134613723771,16.22274993699878],[-96.38246886334196,16.213504643775256],[-96.40765675893851,16.183665622601517],[-96.4320307003379,16.18908649947486],[-96.43231456950667,16.207979179106925],[-96.42522007663526,16.209993117193008]]]}},{"type":"Feature","properties":{"clues":"OCIMB006785"},"geometry":{"type":"Polygon","coordinates":[[[-96.40525542360943,17.46147767406369],[-96.3640126988766,17.448657780853257],[-96.33632472163593,17.411720104668714],[-96.35058408341396,17.39405930121285],[-96.35330868759294,17.393172997566875],[-96.40525542360943,17.46147767406369]]]}},{"type":"Feature","properties":{"clues":"OCIMB004871"},"geometry":{"type":"Polygon","coordinates":[[[-96.20069048004156,17.377559362365314],[-96.20174870832133,17.371754685014587],[-96.2049263309384,17.367685316164533],[-96.22681217541074,17.37428765989905],[-96.25589361126282,17.3973205739792],[-96.26882046664903,17.39569203541891],[-96.27472140416945,17.410651747528956],[-96.25812340851881,17.44675140311257],[-96.21557586099696,17.43068403438709],[-96.21119638146006,17.418502507613475],[-96.20444900921315,17.410797520549583],[-96.20069048004156,17.377559362365314]]]}},{"type":"Feature","properties":{"clues":"OCIMS000532"},"geometry":{"type":"Polygon","coordinates":[[[-96.16322445953074,17.587905000745007],[-96.18530447691748,17.586597024295134],[-96.22931976057716,17.62879861007617],[-96.19538165374523,17.65029408705741],[-96.19352155092221,17.705116433729565],[-96.18676343840342,17.712915587081188],[-96.16351331697756,17.72310965707373],[-96.17097983354783,17.779360553881162],[-96.13096609296687,17.82111716855537],[-96.10598451173773,17.81688156799078],[-96.1093435566158,17.75952624428101],[-96.05722082581559,17.712878652193808],[-96.1060649677153,17.70059257435742],[-96.11455244808043,17.684037360351535],[-96.11957327209285,17.669860822138947],[-96.1182371165824,17.640719551582038],[-96.12583393541217,17.64525678083844],[-96.16157967140806,17.654134531401525],[-96.18072997800779,17.645577851632567],[-96.16126291549222,17.61991434484199],[-96.16322445953074,17.587905000745007]]]}},{"type":"Feature","properties":{"clues":"OCIMB004702"},"geometry":{"type":"Polygon","coordinates":[[[-96.16322445953074,17.587905000745007],[-96.16126291549222,17.61991434484199],[-96.18072997800779,17.645577851632567],[-96.16157967140806,17.654134531401525],[-96.12583393541217,17.64525678083844],[-96.1182371165824,17.640719551582038],[-96.1133321911637,17.63424550407731],[-96.08405934937534,17.627708868088433],[-96.0707826437189,17.62233434015788],[-96.06943298883986,17.617795304619772],[-96.06900580683852,17.595476699877494],[-96.0925925814898,17.564011157604664],[-96.10020532218138,17.558091850651238],[-96.12799444992204,17.54433620907519],[-96.14378285035073,17.510662709529907],[-96.15615302192633,17.50931383345454],[-96.194313866867,17.52393567833421],[-96.2037282332197,17.56161919980809],[-96.18530447691748,17.586597024295134],[-96.16322445953074,17.587905000745007]]]}},{"type":"Feature","properties":{"clues":"OCIMB005752"},"geometry":{"type":"Polygon","coordinates":[[[-96.15535682886173,16.754986380373815],[-96.16355511990447,16.737306649086218],[-96.21222558490432,16.731256444047908],[-96.20789720943951,16.807414471185158],[-96.2267300735943,16.82776473362102],[-96.19684221750897,16.866070839721868],[-96.16952993486264,16.85948949583444],[-96.15194971752895,16.8390011362434],[-96.13378856772879,16.838311082874867],[-96.11617044417866,16.855038721714884],[-96.11118404320702,16.85327863929786],[-96.09015961295607,16.817398089920466],[-96.09125522746699,16.8044389873935],[-96.086030816939,16.793855037656055],[-96.10028955961573,16.77643684898608],[-96.14935843279748,16.78447211579303],[-96.15535682886173,16.754986380373815]]]}},{"type":"Feature","properties":{"clues":"OCIMS002755"},"geometry":{"type":"Polygon","coordinates":[[[-96.05105230305722,15.872418438441574],[-96.06126551665793,15.872409185675481],[-96.08959077910042,15.90159859368738],[-96.08960347407596,15.904025942913036],[-96.13761301203901,15.96239903130822],[-96.13900807451452,15.962446877235633],[-96.14488022001542,15.97281392955002],[-96.12219299895982,16.039596196682563],[-96.12241234160855,16.04756655477959],[-96.09366074057847,16.036868585474387],[-96.06697240100198,16.023594096671037],[-96.07595967352691,15.996188330955802],[-96.06970455481596,15.984586366149935],[-96.04418520519023,16.004408969655234],[-96.06405200448616,16.024464337870633],[-96.00196022730013,16.083797727372026],[-95.99539635322554,16.078663568247855],[-96.00491832283619,16.009469788202107],[-95.95950907798688,15.963391237826754],[-95.9802045748591,15.93237658356109],[-95.98469613934036,15.90348012630579],[-96.0282947191513,15.89110812593432],[-96.05105230305722,15.872418438441574]]]}},{"type":"Feature","properties":{"clues":"SCCSA001878"},"geometry":{"type":"Polygon","coordinates":[[[-96.00600674942922,16.312342082520196],[-96.10248151856293,16.27331001147382],[-96.11794454705247,16.271868210594793],[-96.08717083679159,16.33736426430564],[-96.11747467728289,16.364722518215693],[-96.13002845812882,16.385920892311844],[-96.0530135625234,16.42519921363892],[-96.04495527640945,16.422941344985873],[-96.05499073440319,16.347591526587287],[-96.00600674942922,16.312342082520196]]]}},{"type":"Feature","properties":{"clues":"OCIMS001804"},"geometry":{"type":"Polygon","coordinates":[[[-96.09013278070859,17.903925451521566],[-96.07813831815916,17.92283557138224],[-96.0473137795064,17.935985583239297],[-96.03505208301236,17.929741246281875],[-96.045337810411,17.884462717679703],[-96.04969471499071,17.88039914275449],[-96.05088225513437,17.830793706851484],[-96.0836423317667,17.817239219981833],[-96.1055734906795,17.81702172906453],[-96.09543312495843,17.899453680919308],[-96.09449476760877,17.902301410379057],[-96.09013278070859,17.903925451521566]]]}},{"type":"Feature","properties":{"clues":"OCIMS001010"},"geometry":{"type":"Polygon","coordinates":[[[-95.62950430766892,16.76381406995323],[-95.65114007781575,16.719946212346528],[-95.653849162899,16.671536372002695],[-95.6681725084068,16.660063144121008],[-95.76539488575416,16.701637510523813],[-95.80164635641876,16.74675488003465],[-95.7510931591698,16.78395406361524],[-95.74699023168495,16.795260027926993],[-95.71056748243195,16.81729362277005],[-95.6668876896614,16.861772213398055],[-95.66265420414854,16.863281187207306],[-95.64992973740488,16.88083599381213],[-95.62724269297601,16.872724849774873],[-95.59486528147406,16.825788103487703],[-95.60306634603073,16.82246081727959],[-95.60926706812938,16.801887733428472],[-95.60386197787555,16.78486184484282],[-95.61498392703976,16.77970157172807],[-95.62950430766892,16.76381406995323]]]}},{"type":"Feature","properties":{"clues":"SCCSA001780"},"geometry":{"type":"Polygon","coordinates":[[[-95.69695759719936,16.985214138058737],[-95.66182102179314,17.075078905913816],[-95.62385529992382,16.98132960105551],[-95.67195107948386,16.968346828077024],[-95.68573685005867,16.970617919553522],[-95.6949596510918,16.980037965648066],[-95.69695759719936,16.985214138058737]]]}},{"type":"Feature","properties":{"clues":"VZIMB002033"},"geometry":{"type":"Polygon","coordinates":[[[-95.58887875021937,17.971757659902305],[-95.5893765745777,17.97014449795634],[-95.59463612053949,17.968297608397965],[-95.60738945985194,17.96781488653143],[-95.61585078848488,17.969654165683874],[-95.62523684231975,17.95448620382106],[-95.6364190795577,17.950533545502807],[-95.64174483408868,17.966401765634807],[-95.66064472832016,17.968005026805557],[-95.66638377140262,17.973505333549557],[-95.66354766546635,17.997303644950016],[-95.66046223957711,18.00101296756081],[-95.66373801663582,18.024260057678767],[-95.6779807266128,18.028522182926057],[-95.68704188471366,18.041455380558155],[-95.69091788787564,18.056862389788176],[-95.67576951114987,18.078232682339845],[-95.65698861666282,18.083056928590977],[-95.64841795247372,18.05577036699382],[-95.63285942130011,18.05156327815968],[-95.62702280126102,18.048445636907807],[-95.61865700840507,18.040926311808178],[-95.6170264394992,18.032281999624157],[-95.61157595455998,18.027345848853688],[-95.60078839654943,18.027718893605755],[-95.59780599372431,18.02644318936457],[-95.58528200988242,18.046367806217017],[-95.5853138025531,18.048637151587148],[-95.58037302424496,18.053143317364878],[-95.58779762402077,18.071953378908077],[-95.5897940477458,18.074009103700558],[-95.57419358386164,18.092407117639326],[-95.56303267409,18.098494258361416],[-95.56076393279037,18.10448566947692],[-95.56654834007935,18.11632565612718],[-95.55273858511994,18.135722834291744],[-95.5533633905013,18.13827795781173],[-95.52085129678608,18.149818773766565],[-95.52008146374513,18.143857679314518],[-95.5213556692119,18.133666417829403],[-95.52412132559083,18.129044782585844],[-95.52367923093105,18.12069012620524],[-95.51219473428918,18.108491816120488],[-95.50951163113764,18.109056251558265],[-95.50569900778667,18.105501951810613],[-95.4972417044467,18.091446166811995],[-95.50319685739382,18.08879455408112],[-95.50566365800408,18.073689719859725],[-95.50242207056655,18.071516789652776],[-95.48669449679122,18.07580526152314],[-95.47771253425313,18.06526719749782],[-95.47781103859937,18.06358669093259],[-95.48665812655955,18.055300252982686],[-95.4874651077207,18.05224634411059],[-95.48448660282568,18.041371625775835],[-95.48028155989508,18.03598761252074],[-95.47864375976019,18.02607909468516],[-95.47607647268984,18.022294871003204],[-95.46813956954608,18.016728577990865],[-95.46451937687391,18.008112162303163],[-95.44846794002595,18.013007806549165],[-95.43239490063789,18.012990001327495],[-95.43981238874788,17.995557889763052],[-95.45238392154319,17.988495821756],[-95.45651357827943,17.993067683369134],[-95.4672831057422,17.99030465515511],[-95.47162266112923,17.990524398012642],[-95.48498364632306,17.972003067832485],[-95.47903107613139,17.96706512273128],[-95.4831964856257,17.955329294681107],[-95.5038551516617,17.944292159494157],[-95.50576356528128,17.949921155010095],[-95.51688728792506,17.95583216211617],[-95.52108757805392,17.95326005311179],[-95.52721611581607,17.953413115109257],[-95.53005816146627,17.97096798959372],[-95.53414582613986,17.968894988615233],[-95.54554594819643,17.969188981872136],[-95.55462090467799,17.964360666736468],[-95.56058672419209,17.966452851683833],[-95.56277815779129,17.97145439841859],[-95.56831432790347,17.97546077465085],[-95.58887875021937,17.971757659902305]]]}},{"type":"Feature","properties":{"clues":"VZIMS006234"},"geometry":{"type":"Polygon","coordinates":[[[-95.54768614257732,18.422900974338198],[-95.5634926141796,18.43688233320063],[-95.56261249585461,18.452636724056227],[-95.60220270255166,18.450016418656915],[-95.60871892768597,18.452228378017676],[-95.60630133006686,18.45738623393928],[-95.5909433299669,18.462685262931352],[-95.57644721267678,18.479920265349428],[-95.5661778773364,18.479198901353524],[-95.56504473750893,18.493990541085157],[-95.56920794064726,18.504287196361034],[-95.58605255123936,18.50874369099868],[-95.5907904972291,18.523266161932458],[-95.58960981428733,18.527370748260225],[-95.57978296999327,18.525977239731645],[-95.57213070122157,18.533018638664593],[-95.55964565069999,18.522181505167563],[-95.55471438807626,18.52982786529252],[-95.54971651690315,18.528904321423536],[-95.53620999633428,18.51935314522803],[-95.53385886709007,18.519049728999512],[-95.53245485335883,18.515938855822604],[-95.53815831187448,18.496856385291245],[-95.53526020102102,18.49247596612221],[-95.51190610891145,18.48003006780641],[-95.51355604330818,18.4746380426474],[-95.50848031435697,18.445564619798084],[-95.49921122381329,18.439335100843472],[-95.47870858141866,18.4411667309393],[-95.47080735041668,18.439059824901133],[-95.47332877429463,18.418090331616096],[-95.48182924857588,18.41097562258226],[-95.48678766835121,18.41505336016571],[-95.49957852534408,18.42115164518928],[-95.5189087373516,18.408382287739723],[-95.51126083791885,18.395796262295562],[-95.5103437335278,18.378711537484023],[-95.51499142685624,18.371983905456617],[-95.52663063184771,18.3711521633354],[-95.53876312173273,18.380371450925825],[-95.54122350939623,18.379307256444513],[-95.55945507821762,18.379541103421673],[-95.56253991209957,18.383309812577426],[-95.55042353937432,18.39732122482495],[-95.56967081151296,18.403547092161915],[-95.54768614257732,18.422900974338198]]]}},{"type":"Feature","properties":{"clues":"VZIMB002576"},"geometry":{"type":"Polygon","coordinates":[[[-95.43239490063789,18.012990001327495],[-95.44846794002595,18.013007806549165],[-95.46451937687391,18.008112162303163],[-95.46813956954608,18.016728577990865],[-95.47607647268984,18.022294871003204],[-95.47864375976019,18.02607909468516],[-95.48028155989508,18.03598761252074],[-95.48448660282568,18.041371625775835],[-95.48722404232183,18.05082822280609],[-95.48665812655955,18.055300252982686],[-95.47781103859937,18.06358669093259],[-95.46717674915789,18.055237290016944],[-95.45556209939444,18.063380543471922],[-95.43868426839225,18.060035350800014],[-95.43370631914038,18.06285503370737],[-95.42664170062547,18.07248127911536],[-95.40964209050071,18.060477489213557],[-95.39649341198255,18.061035687829893],[-95.38103177635288,18.070348770888728],[-95.38561548471817,18.04789334500108],[-95.38371179835241,18.04190320255678],[-95.38906003358633,18.02575248475366],[-95.38415658610933,18.017111137520477],[-95.3786381235981,18.014778467224108],[-95.37445793446652,18.00046131628671],[-95.35404353366495,17.987516044919314],[-95.34819254743913,17.989425540211656],[-95.33710703945938,18.001666063289765],[-95.33556978926661,18.00515938753286],[-95.32628157813984,18.00552098959201],[-95.31352090870664,17.983690890137982],[-95.30024589669996,17.982129073490302],[-95.3018865050514,17.972095187648193],[-95.31512100645725,17.97702305056413],[-95.31660743977183,17.97505151908986],[-95.31776404426438,17.966140508228136],[-95.30741501364108,17.954511695519084],[-95.31102316766665,17.944545295446876],[-95.33303280740235,17.942386283135175],[-95.3388116127875,17.94592181672875],[-95.36417161233128,17.929091815118877],[-95.3654392620612,17.924861898548034],[-95.3742697799549,17.9200403109149],[-95.39321534552816,17.94611156563812],[-95.40263059292874,17.95041745206776],[-95.40220223373531,17.957572858721246],[-95.41206300313294,17.96677084738789],[-95.42558986686825,17.971677962642108],[-95.43348707375281,17.97041660475418],[-95.45082915397471,17.963064683418956],[-95.45566382132954,17.963051119337667],[-95.47903107613139,17.96706512273128],[-95.48498364632306,17.972003067832485],[-95.47162266112923,17.990524398012642],[-95.4672831057422,17.99030465515511],[-95.45651357827943,17.993067683369134],[-95.45238392154319,17.988495821756],[-95.43981238874788,17.995557889763052],[-95.43239490063789,18.012990001327495]]]}},{"type":"Feature","properties":{"clues":"SCCSA003095"},"geometry":{"type":"Polygon","coordinates":[[[-95.3691632475611,18.575330810334147],[-95.38142242040527,18.57417280578011],[-95.38544039685743,18.56886582997535],[-95.39484901716814,18.56660433974061],[-95.39811797050041,18.577740780560227],[-95.39625836022879,18.58214633428907],[-95.40331516617448,18.5843954060519],[-95.40652795957557,18.591717553833583],[-95.40354951965335,18.59316276051217],[-95.4060137947746,18.60159069455342],[-95.40093502649954,18.60911171529997],[-95.39112488156916,18.601929838483997],[-95.3833896215601,18.604385207135568],[-95.38299875747306,18.624367356302997],[-95.36703271541046,18.619718565033942],[-95.36512083890472,18.627288756493318],[-95.34619322186269,18.64009358123601],[-95.34502321686548,18.64262588984891],[-95.33131978835713,18.646242102610707],[-95.32839485608989,18.644138226560237],[-95.3248714009953,18.619676747752347],[-95.33022230347912,18.61594616771026],[-95.32800252074216,18.59412482041296],[-95.33263724449287,18.590079908549875],[-95.34286578925658,18.594479190956733],[-95.35333185041148,18.585247789208644],[-95.35984096715636,18.572924741461986],[-95.36494729170363,18.572170563299863],[-95.3691632475611,18.575330810334147]]]}},{"type":"Feature","properties":{"clues":"VZIMB003993"},"geometry":{"type":"Polygon","coordinates":[[[-95.27674115076815,18.440907862016424],[-95.27113280576296,18.4445239137439],[-95.26402057560026,18.452213293433022],[-95.25902997494225,18.452348128865186],[-95.25695416843784,18.44368878190174],[-95.25114895419952,18.441372654401363],[-95.24914410642337,18.436427584299906],[-95.25315256487686,18.43010863631764],[-95.27224481191698,18.43051401544649],[-95.27000832680507,18.42548642520863],[-95.2704491793993,18.418991182608337],[-95.28476225287098,18.414050961236583],[-95.29040515721631,18.424335162435472],[-95.2891048338118,18.427781906656648],[-95.27871053051578,18.43583980410925],[-95.27674115076815,18.440907862016424]]]}},{"type":"Feature","properties":{"clues":"OCIMS002644"},"geometry":{"type":"Polygon","coordinates":[[[-95.09592853921497,16.185598054978254],[-95.13998093703505,16.188681817484063],[-95.14802595775781,16.217661629642404],[-95.1400750681941,16.224949156929878],[-95.12938317476164,16.24176110497302],[-95.12281514834862,16.248086262479685],[-95.10695203747706,16.242750073949175],[-95.06998081653305,16.24672687235852],[-95.07162498255443,16.228363121881422],[-95.09628515918416,16.191119691081933],[-95.09592853921497,16.185598054978254]]]}},{"type":"Feature","properties":{"clues":"SCCSA001775"},"geometry":{"type":"Polygon","coordinates":[[[-95.0921884148897,17.029322576990708],[-95.07081920978789,17.073857947283994],[-95.06439501860815,17.06528434943991],[-95.08026023502765,17.02080703870679],[-95.0921884148897,17.029322576990708]]]}},{"type":"Feature","properties":{"clues":"VZIMB007196"},"geometry":{"type":"Polygon","coordinates":[[[-95.02348530504497,18.23217305140082],[-95.0252122105249,18.236605312511596],[-95.02450127198492,18.25863660400973],[-95.01335788681158,18.26723914449344],[-95.01552519464457,18.284790718457018],[-95.01472663312282,18.28745639372577],[-94.99345423754946,18.301655883575144],[-94.9856834256897,18.294439950747428],[-94.96437573763613,18.282083203943063],[-94.96207308172202,18.27608150969571],[-94.97184483921939,18.261915380911365],[-94.9699166292501,18.237833764414034],[-94.99898419186768,18.222444335504477],[-94.99575088990684,18.204598763149917],[-94.99857538531383,18.19399231424705],[-95.02033373828401,18.193455639885247],[-95.03256385130648,18.186322546185707],[-95.0451030394642,18.20006224155883],[-95.05213547438906,18.215379881563614],[-95.03727189838865,18.21961496051011],[-95.02348530504497,18.23217305140082]]]}},{"type":"Feature","properties":{"clues":"OCIMB006925"},"geometry":{"type":"Polygon","coordinates":[[[-94.97595992360222,16.70354776741438],[-94.9955357136109,16.727452422403935],[-94.97665716301988,16.744532361123696],[-94.94248344669398,16.727977149775096],[-94.93953045327078,16.728318224889826],[-94.92782428200783,16.714231270139464],[-94.9367665658231,16.66413674324115],[-94.9709004668862,16.659420670789892],[-94.97274713496323,16.660325948282473],[-94.98654521562109,16.680787033680847],[-94.97595992360222,16.70354776741438]]]}},{"type":"Feature","properties":{"clues":"VZIMB004092"},"geometry":{"type":"Polygon","coordinates":[[[-94.970903000945,17.8449386264398],[-94.97469041275168,17.840395375656982],[-94.9797147443078,17.83997141411105],[-94.99549802477074,17.85470231569702],[-94.99635096771871,17.8590651842333],[-95.00322501204445,17.8710891810453],[-95.00793841971272,17.876190831828588],[-94.99509674976247,17.882283354314495],[-94.98809738761287,17.88341536917205],[-94.98124968389084,17.881783343296664],[-94.9695169493444,17.887865950029415],[-94.9680377530342,17.883729823939],[-94.95994898721656,17.883764211961537],[-94.95864888692185,17.881907975016237],[-94.9505347427643,17.88356122606552],[-94.9469827298614,17.878898175960213],[-94.94780017470468,17.87187243741735],[-94.94440292002811,17.869541045397302],[-94.93536452539313,17.868258291793023],[-94.93171396067893,17.87067560507599],[-94.9195372424281,17.856187507590796],[-94.92042567722217,17.854800557753524],[-94.92628840036036,17.853372335573727],[-94.93575026750615,17.856958893718772],[-94.93874795255078,17.854595039145902],[-94.94697800760697,17.83691815912886],[-94.95856734876926,17.84133374752149],[-94.96314077710743,17.84531777810531],[-94.970903000945,17.8449386264398]]]}},{"type":"Feature","properties":{"clues":"OCIMB006131"},"geometry":{"type":"MultiPolygon","coordinates":[[[[-94.94741894107464,17.300103002029257],[-94.94940446486818,17.282145477518643],[-94.99383391006717,17.28271737951507],[-94.98613537044304,17.323825756916595],[-94.94741894107464,17.300103002029257]]],[[[-94.93156585041436,17.30289505448358],[-94.90534789715096,17.333900065556684],[-94.89909767350666,17.33197223604569],[-94.88892240136373,17.321722289251134],[-94.8880706096121,17.318175604630042],[-94.89629574572648,17.302054921364256],[-94.93156585041436,17.30289505448358]]]]}},{"type":"Feature","properties":{"clues":"OCIMB000724"},"geometry":{"type":"Polygon","coordinates":[[[-94.89326291290023,17.048195584376757],[-94.8973039313088,17.07475443114899],[-94.90487616125188,17.076327919561695],[-94.9177296273487,17.07482116059621],[-94.93233397988955,17.06942569349396],[-94.93080104405101,17.121515495500976],[-94.91349660810558,17.115241727454492],[-94.89934501613797,17.115539286113034],[-94.87787224776741,17.133093136941405],[-94.87713337529696,17.154578011830942],[-94.87606714979201,17.155525878794712],[-94.84864059240502,17.155097181032087],[-94.84493660868283,17.150894949218237],[-94.83983414631635,17.131418711580174],[-94.83104946497141,17.12578769800688],[-94.82509160883852,17.1280226106545],[-94.80937805846018,17.130092377529728],[-94.80772643889568,17.120656199124998],[-94.81744291369442,17.095730342229327],[-94.80441688816703,17.07595473476516],[-94.8044516301957,17.065600553757214],[-94.83811798944953,17.018993625450918],[-94.84199908315199,16.999309123305608],[-94.89326291290023,17.048195584376757]]]}},{"type":"Feature","properties":{"clues":"SCCSA003060"},"geometry":{"type":"Polygon","coordinates":[[[-94.88872474841389,17.946460332724694],[-94.90874696254608,17.949139077471457],[-94.90994183189329,17.951476659410122],[-94.90901212093644,17.955555868909414],[-94.91628168954406,17.9579808906344],[-94.91641720196066,17.963673814550422],[-94.91518785866027,17.964534733635443],[-94.9165526354254,17.971782257540397],[-94.91139452735945,17.973973677414204],[-94.90938812204502,17.97325121170768],[-94.90617238284084,17.97562372875604],[-94.90444861027156,17.98170942164326],[-94.90567760306828,17.984001265271907],[-94.90499053894091,17.989619668119765],[-94.89698877090032,17.991469518332174],[-94.89148292963957,17.99671782077284],[-94.88825709709609,17.996771562384644],[-94.88258135790811,17.986994579491064],[-94.88585026567705,17.981364063293135],[-94.89278254393594,17.976364593351935],[-94.89498355453532,17.971520256945382],[-94.8941338633824,17.967241021342787],[-94.8974500185079,17.96477893443127],[-94.89654728501152,17.961625516447487],[-94.88967147952772,17.95813147552225],[-94.88747555604381,17.958737431468162],[-94.87743184802585,17.952496092055576],[-94.87126451342357,17.958473857506036],[-94.86393001250643,17.955883418602415],[-94.857786808226,17.960350682754015],[-94.85153605373921,17.958716534931916],[-94.84410055833486,17.962811670781583],[-94.83603113028431,17.964236323200463],[-94.83184948565898,17.96022651240277],[-94.82767293474237,17.958886259169017],[-94.82631983613726,17.952760918153146],[-94.8308252874814,17.945711963185197],[-94.83535364756733,17.94535719062437],[-94.83894260692286,17.94740880708173],[-94.8477052277256,17.94134715916576],[-94.85402457093416,17.94253266795169],[-94.85710485095132,17.94610595483069],[-94.86135760844473,17.945853880861172],[-94.86945567238782,17.939000390551488],[-94.87434124114496,17.944493577560824],[-94.88770058245287,17.943886576450815],[-94.88872474841389,17.946460332724694]],[[-94.88487131903199,17.95019052150175],[-94.8869990984374,17.949026316650293],[-94.87759717294044,17.945428467904232],[-94.88487131903199,17.95019052150175]]]}},{"type":"Feature","properties":{"clues":"OCIMS004872"},"geometry":{"type":"Polygon","coordinates":[[[-94.72476477557153,16.48179648716269],[-94.75087606299935,16.517549209404496],[-94.75028383969973,16.542167317277045],[-94.73572759177065,16.554881801044115],[-94.73036968729765,16.585642333627305],[-94.72563426233373,16.601971287180113],[-94.72583723018325,16.620630569242337],[-94.70232615553687,16.62641334044103],[-94.67491829837886,16.62237488869213],[-94.64572861326525,16.60636872544543],[-94.65643835275759,16.574005978293716],[-94.64725711401364,16.53761601723712],[-94.65160319810502,16.4747214029932],[-94.65744091277057,16.47732349566021],[-94.69058752425397,16.484444035125946],[-94.71872058372269,16.48049896386525],[-94.72476477557153,16.48179648716269]]]}},{"type":"Feature","properties":{"clues":"OCIMB003524"},"geometry":{"type":"Polygon","coordinates":[[[-94.34421952415073,16.146400673967996],[-94.38724878462033,16.159094868065452],[-94.37431351645458,16.21425129932167],[-94.40693592159407,16.239143681615225],[-94.40570466348251,16.252687761605294],[-94.38511568349429,16.29818360649869],[-94.37743230097915,16.30120772489133],[-94.35639920083406,16.31521445155436],[-94.33958806287939,16.312079945023736],[-94.3279265886293,16.33273666789793],[-94.32392224396175,16.347687874872527],[-94.3127781182597,16.35235950968355],[-94.30524402301235,16.3265175014611],[-94.3152037858635,16.32068429505159],[-94.32754213951551,16.30124880616865],[-94.31674269651066,16.295612794339824],[-94.30060706744113,16.27632844948243],[-94.28937382680417,16.275036570876136],[-94.27200276099728,16.267536779581185],[-94.27210481018388,16.237871396158013],[-94.27840145067371,16.22436821947438],[-94.3086206764323,16.200132352121575],[-94.31391223754706,16.202632412091045],[-94.33537502293754,16.20753182216234],[-94.34667390100564,16.162655696447356],[-94.34421952415073,16.146400673967996]]]}},{"type":"Feature","properties":{"clues":"VZIMS004064"},"geometry":{"type":"Polygon","coordinates":[[[-94.52513205811387,17.734792388623262],[-94.55401564243998,17.741633737709],[-94.55993153265624,17.741550179762623],[-94.56823992091205,17.73598475398973],[-94.5905863107911,17.770269875200935],[-94.56920802674763,17.773526422246402],[-94.56090421678316,17.787870891090833],[-94.54553998828078,17.787767828612175],[-94.54901415954778,17.815206700859523],[-94.55627895059834,17.8213234401291],[-94.5695015274657,17.8219000908388],[-94.57479400896335,17.843295086197532],[-94.54255822346944,17.853269869943095],[-94.54004544486703,17.852289459152928],[-94.5332579954261,17.853427300826937],[-94.50583248633262,17.84028495314544],[-94.50668816038794,17.813161243830383],[-94.50176727692892,17.81199629515832],[-94.49126319863377,17.795656992848865],[-94.48488108428423,17.790669341109798],[-94.48113934435796,17.78105231026847],[-94.44784450391681,17.779524722621172],[-94.44530456437884,17.77358764567385],[-94.4455340445553,17.768842946767005],[-94.448894055568,17.761277090723382],[-94.4679778525929,17.74920097032157],[-94.47891180949406,17.751330789837738],[-94.4864474482991,17.761931450967293],[-94.51148941054208,17.763283807799944],[-94.51380965772547,17.76442048184476],[-94.52168345592726,17.748088016494034],[-94.5205662513083,17.743851044532708],[-94.52513205811387,17.734792388623262]]]}},{"type":"Feature","properties":{"clues":"SCCSA003146"},"geometry":{"type":"Polygon","coordinates":[[[-94.43547461672479,18.132430557535148],[-94.43896781232515,18.132652769949487],[-94.44195312887045,18.130120558522727],[-94.44272176952812,18.125591124609848],[-94.44881205158204,18.127598956738364],[-94.44815367847819,18.132329103128193],[-94.45187538710329,18.134126669733938],[-94.4513742154724,18.138114051280528],[-94.43636392045173,18.143841293762918],[-94.43552281850394,18.14679617409002],[-94.42919197234356,18.14801872107289],[-94.42742002404886,18.14022126721964],[-94.42913058027709,18.135163743418783],[-94.43369168384471,18.13496656296916],[-94.43547461672479,18.132430557535148]]]}},{"type":"Feature","properties":{"clues":"VZIMB000855"},"geometry":{"type":"Polygon","coordinates":[[[-94.44641633019363,18.117777702838726],[-94.44220002210633,18.126299903717772],[-94.43351346589914,18.12607206683987],[-94.43306524288629,18.124942001975967],[-94.43662203477972,18.120473755680766],[-94.43637318931232,18.116352742594387],[-94.44141623163182,18.114186778220382],[-94.44641633019363,18.117777702838726]]]}},{"type":"Feature","properties":{"clues":"VZIMB007604"},"geometry":{"type":"Polygon","coordinates":[[[-94.25479485244406,17.685915252504095],[-94.25755855563168,17.70303339996981],[-94.25436148165392,17.717986856143195],[-94.2411949574482,17.728150247160887],[-94.23271262348061,17.750617498808786],[-94.22828496604558,17.75061412042475],[-94.20951520288732,17.71388797550687],[-94.20836753799149,17.709344013169506],[-94.20106615845442,17.71102665683182],[-94.1888338991568,17.708104940990168],[-94.1747986158093,17.715380274483298],[-94.16599485269325,17.710888734502703],[-94.17186108115949,17.694989867298023],[-94.17782293438727,17.694798990092693],[-94.18633137450885,17.703090719337613],[-94.20029248092352,17.687047678107753],[-94.19557716875697,17.685667920954284],[-94.18817430487883,17.677149412461187],[-94.18676659810157,17.663966147027455],[-94.18897185475485,17.65913467727268],[-94.20680722524173,17.662191874930635],[-94.2101194921504,17.655672220985416],[-94.21402936347494,17.636276235954853],[-94.2600020049704,17.637082273066518],[-94.27522704137252,17.655917666491916],[-94.25479485244406,17.685915252504095]]]}},{"type":"Feature","properties":{"clues":"TLIMB000350"},"geometry":{"type":"Polygon","coordinates":[[[-98.42300734547794,19.412436203080787],[-98.44993346686319,19.39929672831994],[-98.45246275162675,19.399451672916584],[-98.46093565772027,19.420089801789242],[-98.46778150863,19.42190376583281],[-98.47317741480325,19.42948734546252],[-98.48997665105647,19.438531886447443],[-98.48986627539679,19.446536612039203],[-98.47924443531352,19.45645383592574],[-98.46574301796794,19.45461431682901],[-98.46182594680641,19.456970816876208],[-98.44973934554994,19.450272607311135],[-98.43986947032849,19.452625405615255],[-98.43042671047004,19.440641565540574],[-98.438448243936,19.42666962406412],[-98.42300734547794,19.412436203080787]]]}},{"type":"Feature","properties":{"clues":"TLIMB001226"},"geometry":{"type":"Polygon","coordinates":[[[-98.4176638085229,19.283954043942643],[-98.42441860189014,19.284482469039315],[-98.4266492241109,19.29055472085289],[-98.42569941936618,19.29359843253242],[-98.41642454533512,19.29962533839944],[-98.41316685995719,19.299415311668618],[-98.40595030126266,19.312985140101823],[-98.39575515878683,19.3128981300128],[-98.39055725056113,19.309427907091916],[-98.38630734205623,19.301496486836268],[-98.37785918161715,19.300926855717474],[-98.36618859421863,19.29064547058389],[-98.36716085960154,19.285093060459662],[-98.38937827940175,19.287095650123803],[-98.39748266524674,19.28524042505923],[-98.40005515568478,19.287704344717863],[-98.4006485557724,19.294703171181762],[-98.40907620786342,19.292377413988007],[-98.40910839695057,19.2900954545421],[-98.41678562998122,19.287103915419944],[-98.4176638085229,19.283954043942643]]]}},{"type":"Feature","properties":{"clues":"PLIMB004884"},"geometry":{"type":"Polygon","coordinates":[[[-98.3669453829156,19.023639593871692],[-98.36991847823728,19.03173895649888],[-98.36736328169711,19.050917524771396],[-98.37133086813748,19.056534917576872],[-98.3455821540145,19.067871477741605],[-98.34414776619282,19.065545742175182],[-98.34569387660356,19.04691426369528],[-98.34929424427015,19.04210071164884],[-98.35363410539307,19.042266018989228],[-98.3669453829156,19.023639593871692]]]}},{"type":"Feature","properties":{"clues":"PLIMB003991"},"geometry":{"type":"MultiPolygon","coordinates":[[[[-98.34757758003828,19.009159326872354],[-98.34516771562231,19.007450661976744],[-98.34593369075344,19.00052429456008],[-98.35418471771963,18.99274631898682],[-98.35866795184616,18.993041959347327],[-98.35991546949282,19.00163525530174],[-98.34757758003828,19.009159326872354]]],[[[-98.32129409073802,19.01798962183047],[-98.31692359156885,19.015819725587164],[-98.3141896531208,19.007978644497598],[-98.31651322293408,19.0049557431491],[-98.32662457651203,19.00490893474983],[-98.32935048493255,19.001621395855402],[-98.33182615341745,19.0013094917212],[-98.34241722539281,19.007685284095647],[-98.33261194723252,19.018164543326723],[-98.32855444673419,19.015432991223776],[-98.32129409073802,19.01798962183047]]]]}},{"type":"Feature","properties":{"clues":"TLIMB000526"},"geometry":{"type":"Polygon","coordinates":[[[-98.30647249138491,19.324773295205617],[-98.31428571022086,19.323077747720145],[-98.31699651962366,19.328731773529178],[-98.32102927831924,19.32979370447711],[-98.32706439581973,19.322615799966343],[-98.33197830783539,19.324932330080323],[-98.32939844277219,19.3353476215337],[-98.32345900797921,19.335085012757908],[-98.316164848667,19.347016066968934],[-98.3185818542263,19.350844981659556],[-98.31022687641983,19.379351498608187],[-98.29408516379108,19.363972234347095],[-98.29931256685306,19.342587712683958],[-98.2983737198159,19.3410857864937],[-98.31122198718259,19.330694913555554],[-98.30647249138491,19.324773295205617]]]}},{"type":"Feature","properties":{"clues":"TLIMB001115"},"geometry":{"type":"Polygon","coordinates":[[[-98.27183118646113,19.240146300014967],[-98.2735097195972,19.24648881247172],[-98.27016338030839,19.252383774578046],[-98.25608820220904,19.25396275510439],[-98.25585310060792,19.241940052286715],[-98.26360259118651,19.232050597053007],[-98.28279464195919,19.21781218296927],[-98.28306839847893,19.225085679488757],[-98.28156971542903,19.22948444386095],[-98.27183118646113,19.240146300014967]]]}},{"type":"Feature","properties":{"clues":"SCCSA002116"},"geometry":{"type":"Polygon","coordinates":[[[-98.27205255908696,19.01810774155364],[-98.27016204785106,19.025145398767158],[-98.27247735171598,19.030649488313163],[-98.26643969437873,19.035814282655295],[-98.26221846604167,19.03310268635522],[-98.25623750472916,19.034171255538762],[-98.25545416652665,19.037256978335762],[-98.24513454845098,19.04385861337703],[-98.2448429565124,19.051579204631352],[-98.24221434083155,19.052483739497937],[-98.24009300828945,19.049701461331992],[-98.23337644823242,19.048026886433394],[-98.23680562539744,19.042225000360666],[-98.23458495122426,19.037062883921948],[-98.23811909398566,19.033043057033098],[-98.24331197070235,19.033837449098346],[-98.24446761275861,19.029522400089586],[-98.24225343502717,19.023597791304955],[-98.24495544021147,19.022029067102043],[-98.24676411920697,19.014266769165452],[-98.25269100948785,19.013381985743006],[-98.25173405922531,19.005174781894365],[-98.25516239847643,18.99968975373422],[-98.25714501294148,18.999102305990036],[-98.2659039993349,19.005721745725438],[-98.27058812374324,18.99495417012201],[-98.27390674509849,18.99414628188387],[-98.27695298858669,18.99639514125749],[-98.28186983900576,19.00270082379906],[-98.26644132951182,19.006862065303892],[-98.26995365207189,19.016338805138762],[-98.27205255908696,19.01810774155364]]]}},{"type":"Feature","properties":{"clues":"PLIMS003876"},"geometry":{"type":"Polygon","coordinates":[[[-98.26242792622311,18.963699725657918],[-98.260755226703,18.969399566006214],[-98.25432486943465,18.96538757208686],[-98.25397526365644,18.96284542159953],[-98.25535253225065,18.961886478362874],[-98.26242792622311,18.963699725657918]]]}},{"type":"Feature","properties":{"clues":"TLIMB001576"},"geometry":{"type":"Polygon","coordinates":[[[-98.2109605510773,19.221877163372536],[-98.22053005129199,19.222017621590243],[-98.22525932160436,19.234075065976597],[-98.22720456075807,19.235437277035917],[-98.22310879658895,19.247826014589187],[-98.21337973195297,19.249383985233738],[-98.21103148956409,19.237675454190047],[-98.2109605510773,19.221877163372536]]]}},{"type":"Feature","properties":{"clues":"TLIMB001004"},"geometry":{"type":"Polygon","coordinates":[[[-98.19476926389493,19.425000188765956],[-98.20266513093854,19.426828440296166],[-98.20926339966347,19.42126809802577],[-98.20952029264132,19.414811829624508],[-98.21812703105704,19.416738616931408],[-98.22156731164303,19.422675638935075],[-98.2380544343113,19.42875807887199],[-98.23432466471559,19.436167653128063],[-98.2226279489988,19.438098532538735],[-98.21581736443098,19.434725870044236],[-98.20277335813327,19.443373219016877],[-98.20236107410145,19.44923530148862],[-98.20023668718432,19.449136561082863],[-98.18186442720328,19.442531591902622],[-98.18628990183035,19.430604334102384],[-98.19041249928173,19.429175592493486],[-98.19476926389493,19.425000188765956]]]}},{"type":"Feature","properties":{"clues":"TLIMB001033"},"geometry":{"type":"Polygon","coordinates":[[[-98.20144714760302,19.16391596000139],[-98.20171489108377,19.15791318310988],[-98.20552470410959,19.15364268870388],[-98.21353628852002,19.159102728238413],[-98.21758890031464,19.156549744374498],[-98.22299182460365,19.158484964577344],[-98.22468038846563,19.16519111162055],[-98.21762712690112,19.168090953834042],[-98.21628799927547,19.173899187982062],[-98.22327954394503,19.17825773945241],[-98.21423828588874,19.188999896149138],[-98.20678787543294,19.18940162507696],[-98.19700554863766,19.18759113669365],[-98.19271402461118,19.18430774964981],[-98.19393610692804,19.179038120834864],[-98.19978606789965,19.175669095270276],[-98.1981872422489,19.17102476704302],[-98.20144714760302,19.16391596000139]]]}},{"type":"Feature","properties":{"clues":"PLIMB004394"},"geometry":{"type":"Polygon","coordinates":[[[-98.11437985287843,19.074777665960614],[-98.11823845262788,19.079094306785336],[-98.11493203306016,19.083970090139292],[-98.11689992227795,19.087924656165708],[-98.11267522954297,19.097082394525234],[-98.10978340217929,19.098014211201704],[-98.10447630930402,19.111686932933758],[-98.09894796934981,19.118514946401394],[-98.08702999689947,19.119779563664345],[-98.08229901241498,19.114046404745512],[-98.08331784375218,19.100823279038526],[-98.07372548543707,19.077963084801038],[-98.0766390847365,19.071021447042764],[-98.08907190291791,19.06994849920273],[-98.09282908709729,19.067547672216865],[-98.10408799808367,19.069967352931283],[-98.10807101849596,19.06620573858672],[-98.11596731572709,19.066252458179658],[-98.11690289726121,19.067848816518534],[-98.11437985287843,19.074777665960614]]]}},{"type":"Feature","properties":{"clues":"SCCSA003057"},"geometry":{"type":"Polygon","coordinates":[[[-98.04179280442642,19.394727791400804],[-98.0413286518394,19.401031490034203],[-98.03393182925757,19.406940392321395],[-98.02767277206495,19.405453239543064],[-98.031304344085,19.422378244963905],[-98.01913882783523,19.421601068379267],[-98.01207776017186,19.416284017588872],[-98.02221062998312,19.40371242624127],[-98.025385906104,19.404022539461007],[-98.03759408715801,19.38965958514743],[-98.04179280442642,19.394727791400804]]]}},{"type":"Feature","properties":{"clues":"TLIMB000951"},"geometry":{"type":"MultiPolygon","coordinates":[[[[-97.90409964278783,19.160669891303918],[-97.9134441708403,19.151213657044],[-97.92177191651639,19.156218523295667],[-97.92451810003605,19.170884333399044],[-97.92155859966647,19.173350786107534],[-97.9170097066958,19.183073970363694],[-97.91998760908953,19.186854852422048],[-97.92216889139654,19.19453202045528],[-97.9298491360036,19.200529576696773],[-97.93911965980783,19.201876141600483],[-97.96206578670153,19.212357305806236],[-97.94185487232421,19.230102274431992],[-97.93987305749542,19.231025610804295],[-97.92264402545776,19.22663577193983],[-97.91167987683171,19.228406800520375],[-97.90202497962628,19.2268196775767],[-97.89408914707646,19.222470854589314],[-97.89017563354808,19.221809039370616],[-97.88059419279385,19.211808073032977],[-97.89803684248646,19.191278082301018],[-97.89910420416194,19.18825663434618],[-97.89143445989441,19.175167138702598],[-97.90138690158537,19.167750765046875],[-97.90409964278783,19.160669891303918]]],[[[-97.95193886136335,19.17203908883616],[-97.96617943052453,19.16655764094343],[-97.9806437452878,19.180685207883585],[-97.98743329501193,19.213135926694022],[-97.96286493606455,19.2120249447568],[-97.95346866325899,19.189622031966913],[-97.95113487385795,19.175568726703553],[-97.95193886136335,19.17203908883616]]],[[[-97.85458120625236,19.163524383432566],[-97.85946773215973,19.161450808974095],[-97.87875779310646,19.174412710124404],[-97.87477468149036,19.193602330975466],[-97.84682445001324,19.18573027083093],[-97.85458120625236,19.163524383432566]]]]}},{"type":"Feature","properties":{"clues":"VZIMB002226"},"geometry":{"type":"Polygon","coordinates":[[[-97.94278121017938,20.778428960683026],[-97.95090474530107,20.778150865405145],[-97.96076938486696,20.77178070067356],[-97.96833784624194,20.792949275045196],[-97.96556609022484,20.796839235914508],[-97.96820529598745,20.80222031249716],[-97.96974857172933,20.825191249029963],[-97.96550883034347,20.828584276754025],[-97.96443803176065,20.834287484900674],[-97.93493725336394,20.84539903065662],[-97.91177303314271,20.86144157960426],[-97.9032708452396,20.833473350797995],[-97.90472154042035,20.826924186672827],[-97.90186797467214,20.817949364198906],[-97.91542253984198,20.811800079567977],[-97.92043077127327,20.806622362986392],[-97.9214688300007,20.790494631967075],[-97.93341910161406,20.789605214980444],[-97.9399476866284,20.785831719951858],[-97.94278121017938,20.778428960683026]]]}},{"type":"Feature","properties":{"clues":"PLIMB000713"},"geometry":{"type":"Polygon","coordinates":[[[-97.9544347879747,20.04899522024365],[-97.96172332402637,20.046998238221764],[-97.97267276248088,20.05170094803045],[-97.96521355326622,20.07240850521616],[-97.95640567942803,20.069940530637737],[-97.9401451472333,20.076435639388563],[-97.936884764857,20.074964633086076],[-97.93385868198101,20.058851698943837],[-97.94955519685806,20.059089354270974],[-97.9544347879747,20.04899522024365]]]}},{"type":"Feature","properties":{"clues":"SCCSA002030"},"geometry":{"type":"Polygon","coordinates":[[[-97.92974981901634,20.731070233319066],[-97.8880218731702,20.734335605519846],[-97.89225199743483,20.71018246701465],[-97.91669344606767,20.704210571180944],[-97.93037677918913,20.720138326798367],[-97.9313966484648,20.72329166921284],[-97.92974981901634,20.731070233319066]]]}},{"type":"Feature","properties":{"clues":"PLIMB002574"},"geometry":{"type":"Polygon","coordinates":[[[-97.93597800400093,19.03062962678196],[-97.91699265854572,19.0349055684566],[-97.9162160378188,19.036975878895184],[-97.90373050326366,19.04192513483679],[-97.8913374884789,19.048987126560828],[-97.8879308082542,19.048392271142756],[-97.8909854334906,19.023035660119877],[-97.89737935749167,19.02004794849936],[-97.90802271579591,19.011320625315186],[-97.9120608296182,19.01267683588907],[-97.91502208903786,19.018469832250574],[-97.94236146745561,19.01819784976092],[-97.94284091318724,19.026914190594564],[-97.93597800400093,19.03062962678196]]]}},{"type":"Feature","properties":{"clues":"SCCSA002079"},"geometry":{"type":"Polygon","coordinates":[[[-97.93107453809239,20.4586529743936],[-97.92483108328274,20.470189800161194],[-97.91968315819348,20.470925991172116],[-97.89843048614979,20.46326377672519],[-97.89743707726134,20.45501503751015],[-97.89931128398413,20.450792237638357],[-97.90892599938459,20.447139581203153],[-97.91329583626367,20.43676175571428],[-97.91814165436702,20.43669265062488],[-97.93093209472669,20.44626232506124],[-97.93707909255893,20.454458796680246],[-97.93107453809239,20.4586529743936]]]}},{"type":"Feature","properties":{"clues":"PLIMB002031"},"geometry":{"type":"Polygon","coordinates":[[[-97.81059012607416,19.249949102823656],[-97.82405640206312,19.236067465063336],[-97.83496896398722,19.240494362799353],[-97.84402690718504,19.23718925516866],[-97.86792679443943,19.260639208257295],[-97.86849623968604,19.263353681256635],[-97.87277546832732,19.2668137332336],[-97.8800689714669,19.27748764325192],[-97.86459375102086,19.292911927623884],[-97.85386025538294,19.286035283731074],[-97.85282522506829,19.271903081738476],[-97.84307005279041,19.273033725736557],[-97.83140939751782,19.282153121815643],[-97.79945497824808,19.28187666386819],[-97.79870118769861,19.28015254386946],[-97.80683718194938,19.268364932653803],[-97.81089075501822,19.255927394927518],[-97.81059012607416,19.249949102823656]]]}},{"type":"Feature","properties":{"clues":"PLIMS002032"},"geometry":{"type":"MultiPolygon","coordinates":[[[[-97.800759459945,19.546048202398723],[-97.79901093400652,19.538734202007312],[-97.82260833793222,19.521849330222818],[-97.82992666048796,19.52429291630303],[-97.82131620600472,19.55714756499074],[-97.82114942540814,19.562562009944994],[-97.80525977741955,19.57741706745849],[-97.8010459685354,19.5927155060742],[-97.79362295059123,19.59158809630233],[-97.78495555031449,19.57404529320117],[-97.78717110729052,19.566471939463725],[-97.80032376395478,19.565300637344894],[-97.80668423078093,19.55221889624954],[-97.800759459945,19.546048202398723]]],[[[-97.84918998409604,19.567363655172116],[-97.84161770881663,19.57129689394809],[-97.82350107070599,19.55804060362784],[-97.83983156078293,19.55383269414105],[-97.8517982816615,19.53897520034287],[-97.8553330714044,19.542160197469748],[-97.85867283718464,19.55705149355981],[-97.84918998409604,19.567363655172116]]]]}},{"type":"Feature","properties":{"clues":"PLIMB001652"},"geometry":{"type":"Polygon","coordinates":[[[-97.84328798712599,19.157967882185645],[-97.85458120625236,19.163524383432566],[-97.84682445001324,19.18573027083093],[-97.8388028095666,19.192503358034887],[-97.83427138018126,19.193074994190823],[-97.82441627622752,19.199225562597906],[-97.81005993245053,19.204202363296837],[-97.80241246059116,19.2089211944931],[-97.79287585197362,19.208521444667095],[-97.78725438041452,19.20247622497581],[-97.78468190978222,19.202059120742977],[-97.75457805229787,19.18208424333623],[-97.76696969901603,19.17332542139774],[-97.77018502338754,19.169280245935095],[-97.80211770076853,19.150300291228255],[-97.81764781765581,19.158792593353873],[-97.84328798712599,19.157967882185645]]]}},{"type":"Feature","properties":{"clues":"PLIMS000854"},"geometry":{"type":"Polygon","coordinates":[[[-97.78924010196957,20.02409243108388],[-97.80713195269031,20.021645220302123],[-97.81570011879445,20.02966116122181],[-97.83270246260147,20.056313990078262],[-97.82562041545233,20.0630180798731],[-97.80417654301426,20.06443679682357],[-97.80142524419398,20.058211018280957],[-97.77902292363878,20.056109561773948],[-97.77611407351618,20.052425020139985],[-97.7794213953115,20.038519555239724],[-97.78547447360158,20.031471280520968],[-97.78924010196957,20.02409243108388]]]}},{"type":"Feature","properties":{"clues":"PLIMS002493"},"geometry":{"type":"Polygon","coordinates":[[[-97.77597190063558,20.11001878277378],[-97.78639549349572,20.106736226302182],[-97.79768684832597,20.11900128164787],[-97.79196396263912,20.129752898191438],[-97.79157376052396,20.149835026736415],[-97.77474933131987,20.15425857886757],[-97.76876293735278,20.16009366475715],[-97.75110814386075,20.137390986906873],[-97.75242134913262,20.133835302473553],[-97.76301083586002,20.124129071445875],[-97.76532533255386,20.12366071557575],[-97.77597190063558,20.11001878277378]]]}},{"type":"Feature","properties":{"clues":"PLIMB003875"},"geometry":{"type":"Polygon","coordinates":[[[-97.7909005130975,19.10576042567503],[-97.76946400898801,19.114991574249522],[-97.7672469324113,19.114297828569384],[-97.75268853586437,19.117870979652363],[-97.73310677617627,19.09338455680242],[-97.73890772009635,19.08423392165029],[-97.75785175671417,19.073061952006764],[-97.771145921039,19.074328791986353],[-97.77989934499189,19.071489700100674],[-97.78216403235692,19.073783539222397],[-97.7909005130975,19.10576042567503]]]}},{"type":"Feature","properties":{"clues":"PLIMB003880"},"geometry":{"type":"Polygon","coordinates":[[[-97.71859105827475,19.12533725232462],[-97.72900152341597,19.129356372845272],[-97.72889319714338,19.13246999725868],[-97.74258513858604,19.14478402550135],[-97.74116777584094,19.148447069367265],[-97.75106449095763,19.182616470205232],[-97.74733077847533,19.185555954193084],[-97.73225313634113,19.1866428502514],[-97.7102218754903,19.169347827368203],[-97.70730501772675,19.16551858114887],[-97.69387311312856,19.16166707761333],[-97.69513123940307,19.143265559546993],[-97.69264649777392,19.13843275031617],[-97.69512072005972,19.128184322696598],[-97.69741177148818,19.126359086466127],[-97.70418525676536,19.12902204548904],[-97.70585226066933,19.131283799879427],[-97.71592104494431,19.131292782137713],[-97.71859105827475,19.12533725232462]]]}},{"type":"Feature","properties":{"clues":"PLIMB005456"},"geometry":{"type":"Polygon","coordinates":[[[-97.66828054019209,19.917450423147613],[-97.67104353334898,19.914050731494164],[-97.6869582517465,19.943484161635062],[-97.69208190815164,19.943988134195713],[-97.70556632860749,19.963494740543965],[-97.71123875258527,19.96582466264481],[-97.71164273056593,19.983291411376154],[-97.71079456384363,19.987951164173502],[-97.7075981329885,19.989744359383955],[-97.69306640957895,19.983250648162976],[-97.69663570156848,19.973682543349195],[-97.69016334838385,19.970835527659894],[-97.67934421793193,19.95592294062658],[-97.68279610655003,19.94764830055073],[-97.66101345376953,19.944660062689483],[-97.66828054019209,19.917450423147613]]]}},{"type":"Feature","properties":{"clues":"VZIMS003965"},"geometry":{"type":"Polygon","coordinates":[[[-97.62692589269098,20.2030877995087],[-97.63364408234264,20.19453014152534],[-97.6485278671764,20.203688550233803],[-97.6565771352056,20.19732125205808],[-97.66086890297126,20.19713242839404],[-97.6687970444975,20.211129637277384],[-97.66703835602405,20.21524683501226],[-97.66897940269705,20.218316843003503],[-97.66490870463973,20.234237316545702],[-97.66230333957195,20.234584944255378],[-97.65116698000932,20.227591970286618],[-97.63932865406578,20.22983816852553],[-97.63992354850589,20.21819052182614],[-97.62692589269098,20.2030877995087]]]}},{"type":"Feature","properties":{"clues":"SCCSA002212"},"geometry":{"type":"Polygon","coordinates":[[[-97.611267713977,19.79899695018119],[-97.61257177965035,19.791598888666908],[-97.61639350654539,19.786972884143722],[-97.6373241401015,19.788375662194444],[-97.6397112451747,19.80078979117117],[-97.6458198049539,19.80657816097269],[-97.64266895351635,19.820115326846473],[-97.6459035450223,19.82438588229454],[-97.64423367649653,19.831519395813025],[-97.62535357850076,19.83422847506494],[-97.62617086415815,19.820482102978456],[-97.62119206226242,19.81176162695277],[-97.61479659132252,19.8072310786955],[-97.611267713977,19.79899695018119]]]}},{"type":"Feature","properties":{"clues":"PLIMB003402"},"geometry":{"type":"Polygon","coordinates":[[[-97.57382868510547,19.868314487830485],[-97.56936411554688,19.8780423290028],[-97.58084598352764,19.881239277350648],[-97.58344343700998,19.88630301970646],[-97.57830635985675,19.896160067661032],[-97.56753496158295,19.884682283639957],[-97.56798357382405,19.878922759641096],[-97.5536348730032,19.873388312764074],[-97.55097509123844,19.869814961709128],[-97.55045540887231,19.863684930508004],[-97.55657074166355,19.85593594036934],[-97.57294755441018,19.852882799692782],[-97.58308554184248,19.85634217727112],[-97.58162196486508,19.86833573728067],[-97.57382868510547,19.868314487830485]]]}},{"type":"Feature","properties":{"clues":"PLIMB003390"},"geometry":{"type":"Polygon","coordinates":[[[-97.52988653049592,19.90827787803009],[-97.53292195049785,19.909248821801327],[-97.544935726361,19.927788195123597],[-97.55267891294916,19.92615037024575],[-97.57021024840624,19.940376049601884],[-97.56486895691093,19.94755116857122],[-97.55254203637216,19.953294144335395],[-97.5309491849004,19.95824830217201],[-97.52750195557131,19.958580233937102],[-97.51409105710862,19.95396428590341],[-97.50975659758763,19.93630214234451],[-97.5103198410142,19.929914912149886],[-97.51880202327074,19.92517365034249],[-97.52988653049592,19.90827787803009]]]}},{"type":"Feature","properties":{"clues":"VZIMB001741"},"geometry":{"type":"Polygon","coordinates":[[[-97.52289905996311,20.318042007772384],[-97.52118858308813,20.29021947753053],[-97.52268380353377,20.28920942475364],[-97.53477358277611,20.2840243793635],[-97.53942452565111,20.28537989386568],[-97.546297274963,20.298511955460945],[-97.56777024876897,20.295078029943856],[-97.56616415156346,20.301497311645015],[-97.55198173664606,20.3174361944244],[-97.5418502153244,20.32486043879916],[-97.52289905996311,20.318042007772384]]]}},{"type":"Feature","properties":{"clues":"PLIMB004406"},"geometry":{"type":"MultiPolygon","coordinates":[[[[-97.46954757669673,19.44686969330849],[-97.4718491699693,19.44409000120726],[-97.51709107134673,19.455133972431963],[-97.52378310237127,19.490233229999763],[-97.51796398061128,19.50238217803172],[-97.51190623873768,19.503200838404435],[-97.49896445695842,19.500506379000793],[-97.49171038233952,19.490691018401506],[-97.48408380641943,19.494792399629358],[-97.47991719061729,19.505740961823157],[-97.46353954235919,19.51819214114282],[-97.46121572957084,19.522371347126494],[-97.4094400159253,19.48749679288434],[-97.42052753849465,19.46843774335937],[-97.44947973045774,19.452476704043974],[-97.46954757669673,19.44686969330849]]],[[[-97.56057565843989,19.4640408090265],[-97.56846821603455,19.46457157510451],[-97.57596242518709,19.47615922069185],[-97.55427452002742,19.503083030624122],[-97.52573917882823,19.48997853368851],[-97.56057565843989,19.4640408090265]]]]}},{"type":"Feature","properties":{"clues":"SCCSA002168"},"geometry":{"type":"Polygon","coordinates":[[[-97.52853291439466,19.55835582060854],[-97.50779794621303,19.59003882133405],[-97.49191427342387,19.589308344470645],[-97.47185697886738,19.58410682780879],[-97.47217129221079,19.550653032553008],[-97.46495719685389,19.53440313161241],[-97.47629270477712,19.53136831228738],[-97.5246586642903,19.530528260884616],[-97.54058855969997,19.55054365546926],[-97.52853291439466,19.55835582060854]]]}},{"type":"Feature","properties":{"clues":"PLIMS002114"},"geometry":{"type":"Polygon","coordinates":[[[-97.45805616554745,20.149125727523174],[-97.45621440244447,20.147547570473805],[-97.4578051744379,20.140055223816148],[-97.47222431419056,20.134765007265187],[-97.47661536399522,20.13586146091816],[-97.47648921262977,20.141555666946502],[-97.48541088824516,20.150647459975904],[-97.49198684146555,20.148922130853066],[-97.4978222119442,20.153980382615647],[-97.49959040985797,20.16537383954789],[-97.4882780671878,20.165545400195633],[-97.48299589450497,20.155982632539523],[-97.47360935375056,20.15689737677413],[-97.47120617121413,20.149746759352617],[-97.45805616554745,20.149125727523174]]]}},{"type":"Feature","properties":{"clues":"PLIMB007194"},"geometry":{"type":"Polygon","coordinates":[[[-97.42395254803078,20.056125505562413],[-97.43444068329798,20.05645095518931],[-97.43574917263693,20.057680159546607],[-97.44364767356288,20.056986564122703],[-97.44673664292009,20.062502693596613],[-97.44580225009805,20.068602777483857],[-97.4430864460596,20.075404524799787],[-97.43012837417419,20.074003470710778],[-97.42429840470726,20.076209529397495],[-97.42570434140477,20.08903394400163],[-97.42865240195293,20.09565219367428],[-97.42097581163596,20.099221702334084],[-97.41651878868124,20.103097617964956],[-97.41070743856078,20.12700494927596],[-97.38464921140991,20.122844711456754],[-97.38334492303862,20.126215909368014],[-97.34882424820573,20.138191411101882],[-97.34005626328033,20.125321255931826],[-97.3481919160829,20.11589692586223],[-97.3551643970379,20.117421179290464],[-97.37243031377334,20.107660459261844],[-97.37076738943938,20.097898339430017],[-97.36265752735854,20.088021291177128],[-97.35113169134152,20.085745455032477],[-97.34976887548984,20.083971764815967],[-97.35455775324161,20.063054977439474],[-97.35606848113741,20.062449326035196],[-97.36906597338151,20.07111256537058],[-97.36998855654605,20.074604360043715],[-97.38263152222866,20.083328733653712],[-97.39455640836567,20.07746287727721],[-97.40061206765256,20.06731438588234],[-97.3971643233,20.06097000663493],[-97.39262567256561,20.045593652870348],[-97.40993635054852,20.035905814255962],[-97.4137236691598,20.038095113679557],[-97.41477589668183,20.04037258586648],[-97.4133923598031,20.051285475153595],[-97.41809813740781,20.05232955735951],[-97.42395254803078,20.056125505562413]]]}},{"type":"Feature","properties":{"clues":"PLIMB006202"},"geometry":{"type":"Polygon","coordinates":[[[-97.43610353247311,19.854270551052412],[-97.4373657618982,19.859662175228866],[-97.43654697514853,19.86259891279499],[-97.42122005150732,19.868056110023986],[-97.40899762804997,19.862233944386947],[-97.40143585369051,19.847959265922615],[-97.41661641851307,19.842287078014998],[-97.42755781964544,19.84384535149293],[-97.42987824589159,19.840285237963307],[-97.43810020282471,19.839185771413547],[-97.44029151700254,19.841436511060614],[-97.44088368589108,19.84633724919659],[-97.43610353247311,19.854270551052412]]]}},{"type":"Feature","properties":{"clues":"PLIMB005765"},"geometry":{"type":"Polygon","coordinates":[[[-97.39517255015407,18.79037523786382],[-97.3980656601374,18.79199824136317],[-97.40695563360559,18.80375776322935],[-97.43981172082265,18.795344209037854],[-97.42915720372872,18.81285079385604],[-97.42074639829329,18.83621224242209],[-97.41449567418714,18.8370977575016],[-97.40655689770585,18.846775951822867],[-97.40295571761075,18.84815547327347],[-97.39053978826378,18.847603346322046],[-97.36775356520367,18.827647511437412],[-97.35836118514167,18.8257057031141],[-97.35456355168463,18.82357037741943],[-97.33823147631253,18.82231189276686],[-97.33516176693895,18.819644316323615],[-97.33196063255993,18.812514522809366],[-97.33324400528723,18.80140809990121],[-97.34414679986614,18.798924885448553],[-97.34664954988624,18.789407521371377],[-97.35966218665764,18.78281859101694],[-97.37286142256892,18.788894511570557],[-97.37666785952851,18.797154874117602],[-97.39517255015407,18.79037523786382]]]}},{"type":"Feature","properties":{"clues":"PLIMB003274"},"geometry":{"type":"Polygon","coordinates":[[[-97.3375384899301,19.786784678485407],[-97.33221907744486,19.7940008370403],[-97.32603548454601,19.786459492582708],[-97.34169298476887,19.774869120755202],[-97.34758868982199,19.776322535338792],[-97.35515365434931,19.769031311833565],[-97.36001095130307,19.769095976745618],[-97.36516093218773,19.773748806456894],[-97.36238400957379,19.784561023146143],[-97.35383151368568,19.79764671629093],[-97.34410050753674,19.79837505763339],[-97.34219597375073,19.788541779962863],[-97.3375384899301,19.786784678485407]]]}},{"type":"Feature","properties":{"clues":"VZIMS004612"},"geometry":{"type":"Polygon","coordinates":[[[-97.23595951037927,20.14689242674494],[-97.23954709776233,20.150930480343284],[-97.23623674783535,20.16690648782061],[-97.24219139082022,20.17505499943954],[-97.24327226334059,20.183522264123773],[-97.24281479241137,20.193903721877167],[-97.24044854205948,20.200038244326773],[-97.24228500222004,20.20228962823478],[-97.2443403845417,20.233018030592177],[-97.22946329892099,20.245753273933136],[-97.22599973682553,20.24401301546035],[-97.19126511907386,20.24704531902901],[-97.19046400334487,20.2435083331327],[-97.17593910589925,20.225912065403048],[-97.1849113165554,20.215697796849],[-97.18573767294865,20.208278025013776],[-97.17192583086708,20.19552395970008],[-97.17772961494235,20.186366766914674],[-97.18452510918836,20.179418757491778],[-97.18403256805112,20.175783473461717],[-97.1953202900599,20.161639674103263],[-97.19874057769891,20.1603450853044],[-97.20417068065615,20.163553102672523],[-97.21829600010331,20.15555657891856],[-97.21877095836211,20.152982898303563],[-97.23595951037927,20.14689242674494]]]}},{"type":"Feature","properties":{"clues":"VZIMB007715"},"geometry":{"type":"Polygon","coordinates":[[[-97.22851175237305,19.70035045775103],[-97.23638251938033,19.69126873163632],[-97.2440521279778,19.693584852053228],[-97.2474335857405,19.70397843396571],[-97.24136111814299,19.709388841029565],[-97.25135406621165,19.720296956436208],[-97.24278244383665,19.72381759352878],[-97.24136430735415,19.732611543234917],[-97.2432812102397,19.736570551305277],[-97.24150658782135,19.743581204006585],[-97.23254775811846,19.746752899893735],[-97.22719662745885,19.74209500731367],[-97.2193738273791,19.74601061136896],[-97.20696397387596,19.736797445645653],[-97.20769951989995,19.734373345476726],[-97.22148725467655,19.72874113326697],[-97.2232917232682,19.725371407465637],[-97.22889775128927,19.723953534218165],[-97.23528949847555,19.715032252788063],[-97.23609552472101,19.710877737056073],[-97.22851175237305,19.70035045775103]]]}},{"type":"Feature","properties":{"clues":"VZIMS003060"},"geometry":{"type":"Polygon","coordinates":[[[-97.13971936593454,20.399075021812305],[-97.14739425850738,20.390469779405922],[-97.16529293570422,20.387718097028756],[-97.17361140515911,20.397848501287577],[-97.18692023465218,20.399473740563487],[-97.19149978772941,20.405203666142043],[-97.21665437153851,20.41989311289604],[-97.20328467877663,20.441102310963853],[-97.19429717582577,20.44510799774086],[-97.18414249231483,20.444692806095574],[-97.17757612208551,20.435791679871915],[-97.16492490449092,20.42940951334506],[-97.1571289763098,20.43087709838475],[-97.15017243751224,20.42599106263741],[-97.15405055907922,20.409570848314143],[-97.13971936593454,20.399075021812305]]]}},{"type":"Feature","properties":{"clues":"VZIMB003882"},"geometry":{"type":"Polygon","coordinates":[[[-97.14987116333907,18.825018168469217],[-97.1573124886597,18.824214594739267],[-97.16024516302106,18.826723107848807],[-97.16049428548148,18.83108045981796],[-97.16401698073714,18.837123843006456],[-97.16888753717274,18.83946757000997],[-97.17116612132892,18.845715835887336],[-97.18521778528937,18.85307276959203],[-97.18814109945545,18.857276303015297],[-97.1896767092339,18.863804009116393],[-97.17970099509411,18.880690811465993],[-97.16368843393634,18.875690663218204],[-97.15067685328397,18.868892266749523],[-97.14788850044988,18.8652009513199],[-97.12859809907555,18.86144834827017],[-97.12299979290533,18.858902089311812],[-97.12354797267407,18.850757338029847],[-97.11947559609827,18.84628274361917],[-97.12318421716806,18.841989968164793],[-97.12274277218086,18.839360047797115],[-97.12740549297864,18.832844063477864],[-97.13343664585682,18.81883521123649],[-97.13992917095608,18.825871501632367],[-97.14103341887689,18.82980800074343],[-97.14928263057192,18.834525703674238],[-97.15200542107927,18.833136044472415],[-97.14987116333907,18.825018168469217]]]}},{"type":"Feature","properties":{"clues":"VZIMB002004"},"geometry":{"type":"Polygon","coordinates":[[[-97.15332520722485,18.82139133810985],[-97.15321948138227,18.82387078837236],[-97.14987116333907,18.825018168469217],[-97.13992917095608,18.825871501632367],[-97.13343664585682,18.81883521123649],[-97.13249048657994,18.81611427813929],[-97.13968161916537,18.800458143804057],[-97.14743772073385,18.800711661829673],[-97.15665071373006,18.798530565239176],[-97.16155902659632,18.800252739930947],[-97.16621062687285,18.80932593684746],[-97.16184552798421,18.81825644854949],[-97.157025440664,18.816318181408633],[-97.15332520722485,18.82139133810985]]]}},{"type":"Feature","properties":{"clues":"VZIMB002115"},"geometry":{"type":"Polygon","coordinates":[[[-97.11958671492785,18.86078982780076],[-97.12299979290533,18.858902089311812],[-97.12859809907555,18.86144834827017],[-97.14788850044988,18.8652009513199],[-97.1487440719489,18.866895477452672],[-97.13712929909082,18.875672951899407],[-97.1288561792528,18.885704623871977],[-97.12500366049214,18.885232380076953],[-97.12186682177833,18.89651142230655],[-97.11451763713386,18.896691208585384],[-97.11490309519819,18.88705857336552],[-97.1109995252903,18.884545021381843],[-97.10664662060348,18.884033945355593],[-97.10590267665881,18.889250993669293],[-97.09856053959737,18.89293481259884],[-97.09742082048295,18.882848194636743],[-97.09529671960772,18.88007346639284],[-97.09862497938653,18.87563051720963],[-97.10412529619478,18.873439594457828],[-97.10803608943372,18.868074136398878],[-97.1167068795161,18.867558923571366],[-97.11958671492785,18.86078982780076]]]}},{"type":"Feature","properties":{"clues":"VZIMS001742"},"geometry":{"type":"Polygon","coordinates":[[[-97.11646084553462,19.118168761364362],[-97.11887062251083,19.105470274892486],[-97.12954866298911,19.11027012355476],[-97.13630499728318,19.118345882973763],[-97.13588916195165,19.122593661893397],[-97.13139295809754,19.12374574840831],[-97.12536921922758,19.13532809597741],[-97.122003949114,19.13414317175766],[-97.11466289221713,19.13477274685573],[-97.11047584950438,19.129001345364518],[-97.10347690858372,19.12678006483915],[-97.09892471256062,19.121889132193115],[-97.09153482621889,19.125715414516367],[-97.0863558030816,19.116386656294704],[-97.07331768286326,19.124677400631832],[-97.06904151935441,19.123794209116433],[-97.07430572457284,19.113995440140062],[-97.07472225387109,19.106912663297166],[-97.08926562561149,19.101833686812597],[-97.08842498354291,19.093684431031384],[-97.09942384384134,19.08688941091396],[-97.10230843269123,19.089442707449695],[-97.1082550485799,19.100993385305195],[-97.11685322206519,19.10487574282425],[-97.10979123609025,19.107517176127416],[-97.11334808208817,19.116488395098294],[-97.11646084553462,19.118168761364362]]]}},{"type":"Feature","properties":{"clues":"SCCSA003184"},"geometry":{"type":"Polygon","coordinates":[[[-97.08825008672336,20.087117098173547],[-97.08964249878086,20.082126983247736],[-97.09661405863343,20.081882050794345],[-97.10543012033303,20.076694825286822],[-97.10961457101976,20.083777682453615],[-97.12064380032879,20.08781847647752],[-97.13165675360175,20.085579997319147],[-97.12775037100313,20.098751134510625],[-97.13066313483742,20.117667789491108],[-97.13350297111742,20.124057787923356],[-97.11232145248465,20.124877975285397],[-97.10621088640701,20.131695883301155],[-97.10307986189247,20.14129219927366],[-97.0979472762809,20.143235320368213],[-97.0882292765067,20.142476302580327],[-97.07684687452961,20.12788216349812],[-97.0769026799244,20.124765065925608],[-97.06526597276738,20.11278912830317],[-97.06111074710645,20.112807161590716],[-97.05502046544395,20.101409383220496],[-97.05662905791428,20.095434411384527],[-97.063602326097,20.096798953825736],[-97.06526303520262,20.095600501467462],[-97.07091164047732,20.09797285238769],[-97.07292137337126,20.096276717993284],[-97.0697516724467,20.091268299319875],[-97.06967735723576,20.086876877007114],[-97.07512671877916,20.085825833464476],[-97.07990575908212,20.08831197876064],[-97.08825008672336,20.087117098173547]]]}},{"type":"Feature","properties":{"clues":"VZIMS005003"},"geometry":{"type":"Polygon","coordinates":[[[-97.04229372553897,18.689805168802323],[-97.047316498206,18.681162323423123],[-97.06077027888232,18.676187836857977],[-97.06488182076805,18.683333451435512],[-97.07104801725153,18.686117056174854],[-97.07481320682992,18.702369179443934],[-97.07321943662933,18.705326181998633],[-97.06083027577817,18.70369398892577],[-97.04930569441387,18.711245037554452],[-97.04393654362721,18.704728258529016],[-97.0420812759572,18.699938870874366],[-97.04229372553897,18.689805168802323]]]}},{"type":"Feature","properties":{"clues":"VZIMS004180"},"geometry":{"type":"Polygon","coordinates":[[[-96.93724251269259,19.902414636147505],[-96.94429221748432,19.90722144159323],[-96.9496083383438,19.90711849767665],[-96.9573967042162,19.914364380426676],[-96.96515555227123,19.91855377112314],[-96.9660788198174,19.924373731010817],[-96.96858494058759,19.928897744455952],[-96.96247924407301,19.935181907331685],[-96.94764992301937,19.93529662480389],[-96.948699565326,19.94025728141576],[-96.94782086208737,19.950513746396528],[-96.94321281551446,19.96042850710264],[-96.92825020487425,19.962902603080735],[-96.9146684569662,19.953143613939027],[-96.91088066324409,19.943735088762388],[-96.90342382681278,19.943497160670574],[-96.9007378444094,19.94160865066196],[-96.89682792700168,19.92493366752438],[-96.87763106174317,19.922312441902225],[-96.8779279924772,19.907933267444168],[-96.88790295610126,19.901013322615555],[-96.89326153708129,19.901317259775272],[-96.90617425038485,19.89176928038771],[-96.91483958982738,19.89853945530296],[-96.93194449742803,19.89286725314196],[-96.93724251269259,19.902414636147505]]]}},{"type":"Feature","properties":{"clues":"VZIMS003171"},"geometry":{"type":"Polygon","coordinates":[[[-96.94594451442197,19.077892076288318],[-96.94566920318722,19.092018510435427],[-96.94743374959218,19.095200233155307],[-96.97523914076062,19.093664782890965],[-96.97658502183693,19.099315737948857],[-96.95931909324698,19.111823212052],[-96.94788828391691,19.111806897127543],[-96.94479602462329,19.117031294822553],[-96.93537554214468,19.12181898477669],[-96.93171097240467,19.11720343423591],[-96.91735218269642,19.112913468523182],[-96.91517371397863,19.108321937750826],[-96.89435188582179,19.11229970118061],[-96.87548749174736,19.106048678871705],[-96.87391177968155,19.1042075524071],[-96.86537028717761,19.101439864684178],[-96.85777476324814,19.090731517854625],[-96.86607584895278,19.08149846175895],[-96.87086944928707,19.08235917859867],[-96.87486290427998,19.101664860234248],[-96.89316543525285,19.08428319155638],[-96.89772425502058,19.088199294270392],[-96.91450128832567,19.090782086617942],[-96.92611046786793,19.086185676388514],[-96.93052120713175,19.077218621594056],[-96.94594451442197,19.077892076288318]]]}},{"type":"Feature","properties":{"clues":"VZIMS004175"},"geometry":{"type":"Polygon","coordinates":[[[-96.89800915226488,19.96181015466519],[-96.8994738530765,19.96369310350269],[-96.90070431675979,19.97968186963242],[-96.90460607406582,19.983544582908486],[-96.91323077389055,19.985414398990102],[-96.9201255739198,19.992678984636115],[-96.92377634372284,19.993922481566337],[-96.9312962429643,20.00117173595684],[-96.9343769510328,20.015983098706947],[-96.9329132487387,20.0190597890416],[-96.91950905950398,20.026987046430495],[-96.92128231648812,20.036469077197363],[-96.91289394671611,20.058218706078602],[-96.9096899616065,20.058247830488913],[-96.89990402279282,20.064395766718544],[-96.89056357250203,20.08046458683774],[-96.88127649375683,20.081866383716],[-96.88387741959282,20.068541749739037],[-96.87297001125648,20.067259220707584],[-96.87262089999417,20.05732243790657],[-96.86933534244685,20.05320351032036],[-96.8611349572313,20.048760128655594],[-96.84760799841683,20.051222981568486],[-96.8457651590727,20.04343701261667],[-96.84862352134812,20.034339640940345],[-96.85232022013798,20.03032954050883],[-96.8407694803169,20.00501827559604],[-96.85713286555577,19.996876276710733],[-96.85819608677616,19.98734902752516],[-96.86598572022884,19.978340053404363],[-96.87814437114376,19.976102302103392],[-96.88835253197377,19.964755321911003],[-96.89800915226488,19.96181015466519]]]}},{"type":"Feature","properties":{"clues":"SPIMS001146"},"geometry":{"type":"Polygon","coordinates":[[[-99.58223595435943,21.662428350581074],[-99.6077731480118,21.64993669282048],[-99.61394786704341,21.65045406703033],[-99.61619147440315,21.652886399903306],[-99.66645357475196,21.68048972104098],[-99.63653320515876,21.702710110731143],[-99.62737160646743,21.706219752096697],[-99.61689430943076,21.73403160464645],[-99.62345258816754,21.75022133040318],[-99.60297674569927,21.76680612812453],[-99.60054875311151,21.785754041856602],[-99.58561860124328,21.797827383609047],[-99.5597314733524,21.799310259183756],[-99.5568693076188,21.797414567416745],[-99.55512806345422,21.78886374768366],[-99.5521970795495,21.75485029374739],[-99.55434916949586,21.75018209556792],[-99.5316624710312,21.710706897289256],[-99.52893407009802,21.710022704782233],[-99.5209116948236,21.681197661284717],[-99.53897675618282,21.669094690763398],[-99.54924123931205,21.64344492718124],[-99.56968250672044,21.65226882367851],[-99.58223595435943,21.662428350581074]]]}},{"type":"Feature","properties":{"clues":"YNSSA000471"},"geometry":{"type":"Polygon","coordinates":[[[-89.03538494682986,20.76053375374178],[-89.03323527749592,20.79098829769241],[-89.0401429126163,20.797212606615766],[-89.03494138781556,20.802807877572537],[-89.03407523732866,20.816214826930835],[-89.02285087948535,20.81896258257229],[-89.00950747165099,20.81329665764386],[-88.97714568838794,20.80985781136063],[-88.96641869413898,20.796716810649652],[-88.96739881733403,20.7424575321371],[-89.05212766968886,20.68863091403581],[-89.0658456554506,20.702100172626775],[-89.0689969825897,20.715355121354378],[-89.03538494682986,20.76053375374178]]]}},{"type":"Feature","properties":{"clues":"SCCSA003434"},"geometry":{"type":"Polygon","coordinates":[[[-88.98991853347314,21.026826271622387],[-88.99422272745188,21.010732254152167],[-89.00829785877437,20.999383797581793],[-89.01397996813797,20.99658118743643],[-89.04565538695635,20.993209043566978],[-89.05514278244254,21.02075093349693],[-89.05949195069647,21.026316680324594],[-89.05813094138763,21.038601036023334],[-89.06159662405551,21.08878507759494],[-89.03598703114243,21.1061999249992],[-89.02923503071378,21.077292616124755],[-89.04009493081769,21.053312114175114],[-89.04329546493165,21.05244932256993],[-89.04252093890007,21.04802149577379],[-89.0366076430017,21.049989289960134],[-89.0319503950767,21.045309573827293],[-89.02465396320498,21.04217766266847],[-89.01461188566857,21.04346330096779],[-88.98991853347314,21.026826271622387]]]}},{"type":"Feature","properties":{"clues":"YNIMS000993"},"geometry":{"type":"Polygon","coordinates":[[[-88.90998383531893,21.11270658924586],[-88.92298040968126,21.087790569649012],[-88.9345001978621,21.08365831819603],[-88.95225484958031,21.09750690703961],[-88.95437450129282,21.112886147931444],[-88.95846295600629,21.126870273417996],[-88.94053808949678,21.147679120411127],[-88.93974897312496,21.15031638715903],[-88.94173959532431,21.189953335406052],[-88.92055866252423,21.19046077508948],[-88.90436694994743,21.18822296440516],[-88.89811778590673,21.17448730268156],[-88.89611509566122,21.164260352256978],[-88.90165426958049,21.153561731109722],[-88.90998383531893,21.11270658924586]]]}},{"type":"Feature","properties":{"clues":"YNSSA000775"},"geometry":{"type":"Polygon","coordinates":[[[-88.94076215593175,19.843664183517088],[-88.94874186164232,19.86453287751031],[-88.94760451502205,19.870468841274153],[-88.94818952597599,19.88834027329779],[-88.93990909988528,19.903801395933037],[-88.93475865459244,19.909963894479894],[-88.92717679879301,19.915272429473262],[-88.91896002451077,19.918612607410033],[-88.90799821314339,19.9192640789676],[-88.88914774166253,19.950051939427233],[-88.8961594214025,19.963421750765924],[-88.90735771019116,19.976508812442066],[-88.92819981186197,19.99392712370684],[-88.92455196509907,20.023032230334984],[-88.91389223402435,20.02188140499164],[-88.88742558368364,20.006726872306167],[-88.83714530365437,19.999411483900836],[-88.80890212681204,19.98169487964567],[-88.80354040361019,19.961169963788745],[-88.81529788567809,19.944846872142865],[-88.81906813055646,19.9174339208885],[-88.82347652457103,19.914715121827392],[-88.8285628903366,19.9058553128119],[-88.8477242678513,19.882882588713358],[-88.82397136328265,19.85508721156119],[-88.85569129974506,19.825490748893024],[-88.86632470947264,19.823500170260047],[-88.87789524567394,19.837467350568705],[-88.89650548462349,19.847213535636328],[-88.89829449207811,19.843908654071907],[-88.93932679546047,19.826378564344996],[-88.94076215593175,19.843664183517088]]]}},{"type":"Feature","properties":{"clues":"QRIMB000626"},"geometry":{"type":"Polygon","coordinates":[[[-88.88603811760967,18.59953533929141],[-88.90629613950628,18.643253201646306],[-88.92040719415839,18.658235354351145],[-88.91755062958694,18.68835960455909],[-88.91721157002641,18.7322198160741],[-88.8698857729893,18.730782338612638],[-88.79510313477745,18.71868630403681],[-88.78915702481343,18.709498664635884],[-88.79524712203747,18.69939307763004],[-88.80151038971971,18.63990163485602],[-88.86187992511587,18.606265623192133],[-88.88603811760967,18.59953533929141]]]}},{"type":"Feature","properties":{"clues":"QRIMB000515"},"geometry":{"type":"Polygon","coordinates":[[[-88.78640057543852,18.50344139486455],[-88.7588844091132,18.52548577497206],[-88.76378966899806,18.543386546268948],[-88.76298352065125,18.551291503034033],[-88.76808865716745,18.58794426229386],[-88.76466308739036,18.60611865382461],[-88.74968770859711,18.614672813016234],[-88.74075920149583,18.62228679537269],[-88.6770925718074,18.588343724716342],[-88.70891517601522,18.563462741682322],[-88.71971285315264,18.519067941066293],[-88.71338448746518,18.515332889517055],[-88.7201275812646,18.43696711625753],[-88.70294311735019,18.431276578154545],[-88.65220533419179,18.40584829073014],[-88.6737184993843,18.35774603347553],[-88.71115816073893,18.33085292083134],[-88.77567486239727,18.36506557431165],[-88.79493794059344,18.39573865792132],[-88.80307915560445,18.412732633134528],[-88.83190148165112,18.409964654032514],[-88.88058930125769,18.526008835967293],[-88.84920514122695,18.51694861579154],[-88.82321688223007,18.51894034827151],[-88.78640057543852,18.50344139486455]]]}},{"type":"Feature","properties":{"clues":"QRIMB000141"},"geometry":{"type":"Polygon","coordinates":[[[-88.4888684481787,19.318984874298256],[-88.55235532228473,19.28413563579284],[-88.55823643649155,19.299699367114],[-88.60633084224821,19.319914883793288],[-88.61484868416561,19.33679907356043],[-88.60640205123553,19.349383823361787],[-88.59006135669664,19.386861778819707],[-88.54958547876458,19.39334672633779],[-88.5096555060904,19.387092231076274],[-88.5132264114426,19.35132577187298],[-88.4888684481787,19.318984874298256]]]}},{"type":"Feature","properties":{"clues":"QRIMB001215"},"geometry":{"type":"Polygon","coordinates":[[[-88.64946158638638,20.083990489109958],[-88.54101901814336,20.118004186179146],[-88.55236659905773,20.079662766850948],[-88.5595684386243,20.06450222094151],[-88.58841862172359,20.03561808941875],[-88.64884264325033,20.05536404872313],[-88.65177695445745,20.082146470048386],[-88.64946158638638,20.083990489109958]]]}},{"type":"Feature","properties":{"clues":"QRIMB000363"},"geometry":{"type":"Polygon","coordinates":[[[-88.32685260009657,18.490176689864875],[-88.34376115310701,18.486414147246883],[-88.34376069832044,18.488135037898875],[-88.33457258015119,18.500042960657186],[-88.32945733882498,18.499615381525683],[-88.32644211477792,18.505404045961107],[-88.32987568040114,18.51086632521182],[-88.33811692765123,18.508896331354006],[-88.33870465945114,18.51008462933876],[-88.33639854855372,18.513874469310142],[-88.33031123926206,18.515213567316223],[-88.3282630642507,18.519582570259505],[-88.31978458994378,18.519820184567084],[-88.31906048206761,18.512871376778403],[-88.31496842787456,18.50816527254067],[-88.31615620923306,18.50533901297493],[-88.30801916021748,18.502487089589014],[-88.31458970333826,18.490563632503623],[-88.31475775828238,18.48615852208956],[-88.32685260009657,18.490176689864875]]]}},{"type":"Feature","properties":{"clues":"QRIMB001932"},"geometry":{"type":"Polygon","coordinates":[[[-88.42062002586535,19.12787686965549],[-88.45242313742202,19.100726962773567],[-88.49947533422961,19.079791814826752],[-88.52626361330525,19.05813888098239],[-88.54315246917686,19.10391897090213],[-88.5186576947693,19.131209496539498],[-88.50956990347048,19.154711466006354],[-88.5093765814653,19.165893229059634],[-88.46896209582033,19.2139983398852],[-88.45843354241035,19.215203361224223],[-88.44089807391629,19.150291569320633],[-88.42062002586535,19.12787686965549]]]}},{"type":"Feature","properties":{"clues":"YNSSA000920"},"geometry":{"type":"Polygon","coordinates":[[[-88.31255375826713,21.160016557292874],[-88.31575316801187,21.156296617022008],[-88.32730606493752,21.162563819635395],[-88.32998365957587,21.161749941834042],[-88.34216022946677,21.171784102831705],[-88.34845468030508,21.17486067426231],[-88.35074123234968,21.180437318469586],[-88.34960840427819,21.184751571782694],[-88.3548015170264,21.206270818357947],[-88.36979421260936,21.206435833998846],[-88.38576665680789,21.22376863610552],[-88.39683772465311,21.220176066379935],[-88.40537023171805,21.22087442196214],[-88.41050001062611,21.226175896347463],[-88.41867178383917,21.243342659964956],[-88.41270814742428,21.24876803774347],[-88.41267430259721,21.266255082049145],[-88.39985628295592,21.27979967834431],[-88.41261065728217,21.28153556813567],[-88.4357647341526,21.305762632541377],[-88.4148027264376,21.319902659004246],[-88.38543110178014,21.297616596053636],[-88.38647881832291,21.28436804178228],[-88.37617598863362,21.259226159404854],[-88.36816030925931,21.25322324493699],[-88.33465633444952,21.249670459147733],[-88.33040188927845,21.246717412787138],[-88.32908437851512,21.24284701019639],[-88.31585780713044,21.228402499249512],[-88.32668961159969,21.191776857728126],[-88.3207490008123,21.184532893883755],[-88.32214783800609,21.18045665571345],[-88.32050763261499,21.16791798981673],[-88.3153369123662,21.167879190305772],[-88.31255375826713,21.160016557292874]]]}},{"type":"Feature","properties":{"clues":"QRIMB000433"},"geometry":{"type":"Polygon","coordinates":[[[-88.2794102889757,18.795954409313403],[-88.28383477728947,18.794381593551172],[-88.31958102947483,18.82555260907359],[-88.31396074794613,18.85085500852983],[-88.30231386095375,18.88478872645546],[-88.30831315704619,18.900618277400717],[-88.30489327905424,18.946947888736407],[-88.270393671515,18.948528329883963],[-88.20900863530143,18.935783545073683],[-88.20336332444957,18.938971645442784],[-88.13785710272833,18.925945945140754],[-88.0458920662385,18.81900198587447],[-88.09008600654676,18.786592631879177],[-88.18658926073606,18.85001130659841],[-88.26189078607506,18.848665705665876],[-88.26298295790248,18.8396714556137],[-88.2794102889757,18.795954409313403]]]}},{"type":"Feature","properties":{"clues":"QRIMB000404"},"geometry":{"type":"Polygon","coordinates":[[[-88.30531776422718,18.520955565739087],[-88.30698645186281,18.525513832907713],[-88.31351172035035,18.526103774250316],[-88.31383379559186,18.529228401986803],[-88.31157925247976,18.530840159548635],[-88.31251830301157,18.536251644765585],[-88.31149444384627,18.53890836832618],[-88.30897691596802,18.53857744269574],[-88.30772912771525,18.534770397024452],[-88.30500015146855,18.532222864460184],[-88.30045435720643,18.54101457870811],[-88.29781718418118,18.541646073451222],[-88.2956855889477,18.538400255089226],[-88.29161076937463,18.540496520134088],[-88.28861281351854,18.53814811149636],[-88.28456010622975,18.54075894785972],[-88.280447611029,18.541197123409905],[-88.27857549696176,18.53259977474494],[-88.28322144074352,18.52785968240696],[-88.28662515214758,18.53141551142972],[-88.29158069304052,18.531412285996595],[-88.28747277138014,18.523914024437175],[-88.28893064168112,18.52298734575168],[-88.29421823895096,18.524517544156637],[-88.29729803569609,18.52162920277774],[-88.30038395841285,18.522608663363705],[-88.30531776422718,18.520955565739087]]]}},{"type":"Feature","properties":{"clues":"QRIMB001676"},"geometry":{"type":"Polygon","coordinates":[[[-88.2021321739213,19.05915541054377],[-88.18981550595278,19.067809884053805],[-88.16654592403967,19.106795764262927],[-88.1561087773185,19.107168120063193],[-88.1370887228069,19.10128138512082],[-88.13732980230202,19.06716386759422],[-88.13913798558296,19.061502695682016],[-88.15339352652548,19.037337844500318],[-88.15798304606867,18.99733515601122],[-88.17401780170732,18.995181597086447],[-88.19073785463434,19.005466893142465],[-88.21395827543098,19.03411924092168],[-88.2240404474385,19.051909052637868],[-88.2021321739213,19.05915541054377]]]}},{"type":"Feature","properties":{"clues":"QRIMB001454"},"geometry":{"type":"Polygon","coordinates":[[[-87.89836705389891,20.469315256899957],[-87.86651212249947,20.45521032453846],[-87.81805832405561,20.337459055806306],[-87.8188834412152,20.32645346618148],[-87.92051463316047,20.383182040913482],[-87.93593255064597,20.37799321458602],[-87.96553779774804,20.383369099056374],[-87.99655965650386,20.39692558888457],[-88.00311797459125,20.397881042262192],[-88.00084888331445,20.44670654462874],[-87.95787756253007,20.456936831812538],[-87.94181945458273,20.452398448695455],[-87.93710907014757,20.45579291396874],[-87.89836705389891,20.469315256899957]]]}},{"type":"Feature","properties":{"clues":"SCCSA002299"},"geometry":{"type":"Polygon","coordinates":[[[-87.55015730164854,20.243714599370602],[-87.60160346780503,20.2495241765994],[-87.61458734166517,20.24395138442706],[-87.67527307235363,20.226425833274227],[-87.70170445201147,20.21936052413128],[-87.74824096406971,20.20994203581217],[-87.76717948503985,20.24526921134004],[-87.68416251283621,20.359961212374717],[-87.66483951619378,20.365010252214375],[-87.63931141603477,20.365345661697383],[-87.61368807642079,20.392375039537363],[-87.60265407010986,20.40059783013382],[-87.5190819063086,20.4753524632326],[-87.51455244886898,20.46107613518411],[-87.50466729068617,20.438905467652233],[-87.49780877331892,20.4269736416455],[-87.47462519803308,20.39608615192609],[-87.47316568685942,20.3853730358218],[-87.44651015486427,20.3483067057089],[-87.44537862282488,20.334613907493843],[-87.43231974110718,20.27541366412808],[-87.43817265082811,20.263185097474516],[-87.46212819084103,20.269246776447243],[-87.4686018157587,20.273506599302216],[-87.47891706726024,20.27418083121362],[-87.48862097370869,20.280635790184057],[-87.49589292780841,20.273234646928717],[-87.49932317191269,20.26530481481471],[-87.50983157203437,20.251622349117095],[-87.55015730164854,20.243714599370602]]]}},{"type":"Feature","properties":{"clues":"SPIMB002422"},"geometry":{"type":"Polygon","coordinates":[[[-102.17546778134094,23.03634461526042],[-102.17651730378626,23.04762819520959],[-102.1920969655607,23.06948018834775],[-102.20439735598113,23.0658558563454],[-102.23191512644344,23.098327333237883],[-102.2371923651569,23.100831210888497],[-102.23226648427705,23.1130450138514],[-102.21989563382732,23.13378400699183],[-102.18231314835688,23.12478978771244],[-102.14948205252041,23.170258053905226],[-102.12717477383835,23.17669095968826],[-102.12042005916605,23.181305958537656],[-102.09845262100878,23.187035884219775],[-102.07431612070296,23.160913676952024],[-102.05033141335505,23.11437094488636],[-101.94997053694385,23.173592612072383],[-101.92867021817396,23.12086841418588],[-101.95780917058663,23.07567114446769],[-101.97984075899736,23.066098807238344],[-101.98578081659666,23.025285178628547],[-101.98741228648677,22.990427884956603],[-101.9940560111776,22.98328958714901],[-102.04379851211667,23.00685599585625],[-102.04748224818147,23.007123475349395],[-102.06227994734827,23.035533356700466],[-102.08730419121706,23.060194016405557],[-102.10709379871848,22.996906813467636],[-102.11337642693312,22.988780362967155],[-102.13228678972108,23.00456560888428],[-102.15348278015782,23.026067668630496],[-102.17546778134094,23.03634461526042]]]}},{"type":"Feature","properties":{"clues":"SCCSA002303"},"geometry":{"type":"Polygon","coordinates":[[[-101.2271920785945,22.412543639750293],[-101.25903391916957,22.38155865831034],[-101.27822701183113,22.39254375588624],[-101.30589616332233,22.367583089587818],[-101.3200130261197,22.37589555438197],[-101.33528379435235,22.378556368393255],[-101.33859738028315,22.38412163070283],[-101.3553429982088,22.38948396765636],[-101.34734535525605,22.435875893616533],[-101.32967273931702,22.438288817409397],[-101.31653391953546,22.447230281233526],[-101.293173722685,22.450804027434693],[-101.27385311022923,22.44310474856093],[-101.24523410866357,22.442601529773604],[-101.24239903503428,22.433308148709916],[-101.2271920785945,22.412543639750293]]]}},{"type":"Feature","properties":{"clues":"SPIMS001525"},"geometry":{"type":"Polygon","coordinates":[[[-101.13530547125357,22.53672699347538],[-101.1335120814245,22.544669083611865],[-101.1220725017934,22.56764389129728],[-101.11716960091967,22.572296684339918],[-101.10717786539016,22.57716945037557],[-101.09629528014636,22.606950726865445],[-101.07053728646146,22.59587438518447],[-101.05770058881457,22.603796225971056],[-101.05010548295408,22.604420448407357],[-101.03756901422906,22.57352348821797],[-101.03889472851604,22.57162221380378],[-101.03598532809993,22.563262083228366],[-101.02440959915386,22.545129830031584],[-101.04658571590404,22.542291374554004],[-101.0404342768754,22.53007535999424],[-101.05586537467762,22.527367776623343],[-101.05370579937248,22.518031212974197],[-101.05330281535146,22.505917080567805],[-101.05555536890635,22.504311129698916],[-101.0653413821586,22.514463723025404],[-101.07311829513567,22.513823163526528],[-101.07824605268415,22.493781991322997],[-101.11226301415887,22.495318423678253],[-101.13003098381368,22.51900989787239],[-101.13530547125357,22.53672699347538]]]}},{"type":"Feature","properties":{"clues":"SPIMB002533"},"geometry":{"type":"Polygon","coordinates":[[[-101.03977059876247,22.14328384817285],[-101.04602740118133,22.147749097623436],[-101.06557468096642,22.138461446881593],[-101.06822244019659,22.13944046039106],[-101.0657260387602,22.146553817706955],[-101.0566898804606,22.159952644841148],[-101.05452249755574,22.165795372007747],[-101.05498626896832,22.170018185032607],[-101.04435854995799,22.176087466022665],[-101.04672503399271,22.179524020887122],[-101.04671725885689,22.188563766242297],[-101.03996316498916,22.19446512146169],[-101.03230259801447,22.190960948840765],[-101.02568984955569,22.19503293633516],[-101.0227411754869,22.191294599653453],[-101.01522223809218,22.189574058920094],[-101.01184447160483,22.17821542452569],[-101.00642505098396,22.178260269349234],[-101.00653008085666,22.17443488020744],[-100.99972898730853,22.17381367756874],[-100.99985520719606,22.1726329683408],[-101.00129156324905,22.169920014309156],[-101.0052677970449,22.171033370111783],[-101.00831134583618,22.167930935815235],[-101.00798506994292,22.163344751334456],[-101.01454837447989,22.16256422470753],[-101.01329170174216,22.156418987295588],[-101.00892061040054,22.155016696797652],[-101.00867911994337,22.15022233317514],[-101.01508989577121,22.147631503159257],[-101.01719334238324,22.143418507495547],[-101.02303280366367,22.14090130873384],[-101.02966182994949,22.14980565265779],[-101.0312886294907,22.146505043795013],[-101.03977059876247,22.14328384817285]]]}},{"type":"Feature","properties":{"clues":"SPIMS002295"},"geometry":{"type":"Polygon","coordinates":[[[-100.53020721337185,22.721929878076203],[-100.54032839822453,22.688893435722967],[-100.55402131844929,22.6680922716448],[-100.55965333097745,22.663668429623517],[-100.61355797157927,22.69973072571063],[-100.62270116295437,22.700236274661034],[-100.66966615347856,22.696443594711116],[-100.6784901102141,22.732978898051865],[-100.7196962362387,22.787945145168763],[-100.71829714166148,22.79272963782861],[-100.75378795567497,22.898741254422294],[-100.78436209814829,22.924820326485648],[-100.78362137182222,22.931423671340116],[-100.73777021072557,23.006367689711013],[-100.67609954684535,23.048653889162402],[-100.66324912979394,23.04310539783606],[-100.62930178739182,23.019255285385178],[-100.59203211349502,22.963619090938693],[-100.62031302228213,22.907040164643014],[-100.61334799902407,22.845359021644523],[-100.60024243426473,22.83680281365476],[-100.60026183781018,22.803302436768718],[-100.58156469024223,22.76851097516144],[-100.56280835898252,22.749387411462834],[-100.53994038807802,22.745040956444424],[-100.53020721337185,22.721929878076203]]]}},{"type":"Feature","properties":{"clues":"SPIMB002726"},"geometry":{"type":"Polygon","coordinates":[[[-100.03372308309096,21.961851872461136],[-100.02318046476047,21.955471550416572],[-100.0237585551182,21.9496060477886],[-100.0297319005302,21.9425562053473],[-100.03327431973341,21.940453398689808],[-100.03796022701381,21.94468715758484],[-100.03975080378888,21.95796127842524],[-100.03372308309096,21.961851872461136]]]}},{"type":"Feature","properties":{"clues":"TSIMS001512"},"geometry":{"type":"Polygon","coordinates":[[[-99.88045541561802,22.875238647187103],[-99.88458208154877,22.939305080541626],[-99.85738807406156,22.95068518451226],[-99.83456329700192,22.970462506807962],[-99.78863316082584,22.932270630447423],[-99.77589391419207,22.967113511319],[-99.7537297275777,22.96522794195075],[-99.7473255223273,22.959922631566556],[-99.73772859487647,22.947909374087356],[-99.73955475910235,22.932587874827206],[-99.74853199372481,22.91652025631512],[-99.76697193670239,22.890349705374096],[-99.76532032617615,22.881861671195427],[-99.76533265127152,22.841556663273774],[-99.791632857369,22.778225944094814],[-99.79462739811298,22.774114640624394],[-99.876647494546,22.81957397102301],[-99.87990521390383,22.824130724331688],[-99.8835295444531,22.86661739018693],[-99.88045541561802,22.875238647187103]]]}},{"type":"Feature","properties":{"clues":"SPIMS000760"},"geometry":{"type":"Polygon","coordinates":[[[-99.71050908749257,22.42769090575623],[-99.66602939472284,22.4344310295966],[-99.65250799106992,22.453579994860394],[-99.68806839215644,22.496905642031322],[-99.71345795619112,22.500175112648517],[-99.73823643837531,22.54621845397227],[-99.74086826229856,22.57695252447394],[-99.73231308052469,22.586932894776567],[-99.66304058524902,22.542270034219168],[-99.65123529032451,22.543864628086485],[-99.62249690169203,22.530951007725523],[-99.61565220852633,22.509698796405857],[-99.5874392145901,22.49799459674311],[-99.5832756738782,22.495426134054963],[-99.5822436458987,22.491823134304045],[-99.54972117254974,22.47072506464676],[-99.54260626496813,22.454751687897485],[-99.53726797356606,22.453000862767666],[-99.52948255542462,22.445548483538005],[-99.52927739911617,22.435610627789128],[-99.50051742005931,22.396562487699295],[-99.49631306302366,22.381805307133018],[-99.50374163351141,22.362884472504263],[-99.49571274484325,22.33452095272328],[-99.49656128265514,22.326005197188593],[-99.46153239029277,22.31095394205112],[-99.43864140944314,22.29022604241993],[-99.43954073579614,22.27337234489213],[-99.38615673617245,22.224419849672213],[-99.45455537200253,22.220274114716073],[-99.47758965541851,22.233380086679833],[-99.50554644549064,22.19886278009051],[-99.52344775539702,22.189151446941917],[-99.54833880679324,22.219513961977338],[-99.5381586399321,22.242447034362275],[-99.55578922261205,22.270534982532794],[-99.57279129397568,22.29135130449867],[-99.57587675540935,22.291334517945355],[-99.60010714603946,22.34367844290864],[-99.60914326935935,22.347559317638634],[-99.60963910409676,22.35548076025788],[-99.61603739692224,22.371156320788085],[-99.64242839184132,22.394039235457022],[-99.65868590010224,22.401593266964632],[-99.69015123783107,22.321029064690823],[-99.75005600877073,22.31314973925357],[-99.71050908749257,22.42769090575623]]]}},{"type":"Feature","properties":{"clues":"SPIMS000813"},"geometry":{"type":"Polygon","coordinates":[[[-99.31647114485192,22.358166377586166],[-99.32216434537006,22.341687307156395],[-99.34698203856722,22.345726967207458],[-99.36183499775478,22.34077999583221],[-99.36332658541846,22.358862974058912],[-99.37731850387962,22.40210008227611],[-99.37296694994113,22.40370078547433],[-99.35824699738684,22.420774293460507],[-99.33946912202387,22.42809184430636],[-99.31825842312779,22.405839986566484],[-99.30292469983522,22.398412172082974],[-99.29171882918088,22.40336427784884],[-99.27724171947554,22.396573809375127],[-99.27333365727883,22.36809641470399],[-99.28404896351974,22.351871757280072],[-99.29336497059536,22.357282155451614],[-99.31647114485192,22.358166377586166]]]}},{"type":"Feature","properties":{"clues":"SCCSA002334"},"geometry":{"type":"Polygon","coordinates":[[[-98.97857582960569,22.06244907487261],[-98.99928504051593,22.065702276741757],[-99.00937704384853,22.064473831431492],[-99.01952570968321,22.092226340437538],[-99.02159456788979,22.105075383247122],[-99.02459570029171,22.109480875852395],[-99.01431591494344,22.13518897374042],[-99.01250852542996,22.14783172077133],[-99.01428416238363,22.16907287915842],[-98.97729463516403,22.175688752855656],[-98.93048772902914,22.195223841847728],[-98.9237251252793,22.195183512509438],[-98.92371603312665,22.191642980520733],[-98.9028578258774,22.13052757109252],[-98.90379281196192,22.126559061522208],[-98.9405988602204,22.111152314508097],[-98.94686163009811,22.094301094954627],[-98.94667551220647,22.064104809308187],[-98.97097063589213,22.067173221913265],[-98.97857582960569,22.06244907487261]]]}},{"type":"Feature","properties":{"clues":"SPIMB000672"},"geometry":{"type":"Polygon","coordinates":[[[-98.88176388120766,21.605625059520083],[-98.88090112840389,21.608511440088755],[-98.87182817818378,21.61458793821778],[-98.8697948996096,21.628849895198094],[-98.86298170193216,21.634059944988117],[-98.85341113874229,21.63488518571061],[-98.82786488231353,21.631262847570245],[-98.82563729220638,21.623353744702204],[-98.83377358429377,21.616318348349957],[-98.84019900609741,21.61620662289848],[-98.84365354520348,21.610225405814774],[-98.8514873311062,21.604220205984337],[-98.85351406682248,21.59908063396501],[-98.86157916233354,21.602521127164465],[-98.8652949007457,21.602157478722294],[-98.87080091425398,21.600464145358526],[-98.87774947622121,21.592530282658732],[-98.88110652131844,21.593486721559245],[-98.8870636281574,21.591551339220384],[-98.89205782683841,21.596607929167053],[-98.88176388120766,21.605625059520083]]]}},{"type":"Feature","properties":{"clues":"TSIMB002083"},"geometry":{"type":"Polygon","coordinates":[[[-98.80719883011372,23.006018836872762],[-98.83860225436582,23.02968572526346],[-98.83801385230022,23.090543058664103],[-98.85573625461687,23.11143803509239],[-98.85446109523721,23.11401877499467],[-98.78164215495846,23.094163896320573],[-98.77105164422194,23.10034751955563],[-98.78591806876061,23.118847547533115],[-98.76409191418266,23.128748494176286],[-98.72261452338263,23.106098061971934],[-98.72238907555537,23.103162974477016],[-98.65632235237406,23.101752148900218],[-98.6609960101263,23.047870834607732],[-98.66548367449695,23.03510259703279],[-98.64308583452589,23.021899108931667],[-98.648430814727,22.94910939957479],[-98.70477796077834,22.922963487411813],[-98.7095551607049,22.92902095178666],[-98.75634618733558,22.962925652429004],[-98.79725118366044,22.972840273973038],[-98.79690363694051,22.986850815647607],[-98.80719883011372,23.006018836872762]]]}},{"type":"Feature","properties":{"clues":"SPIMB000450"},"geometry":{"type":"Polygon","coordinates":[[[-98.61992800554997,22.206315562848772],[-98.64413223001074,22.222070188738748],[-98.63993111714218,22.251955501504078],[-98.62895593208026,22.27023479851996],[-98.59818781261718,22.27119225027265],[-98.57188911620385,22.2927515940997],[-98.55677283892287,22.308012027243837],[-98.53368970052985,22.25743389008387],[-98.54945499599741,22.228507023821233],[-98.54429246737149,22.207360730850006],[-98.5533595695073,22.192021766214445],[-98.55737781510969,22.165394212967158],[-98.56162774547505,22.16199951172306],[-98.59095828672709,22.165625011694747],[-98.59576768751867,22.176146935521782],[-98.6133171178215,22.204715719706556],[-98.61992800554997,22.206315562848772]]]}},{"type":"Feature","properties":{"clues":"SCCSA002464"},"geometry":{"type":"Polygon","coordinates":[[[-109.30524193974588,26.05483616706278],[-109.27372866698663,26.094211743676908],[-109.27070175564346,26.10396391721737],[-109.26066124431927,26.103315887041944],[-109.22806345842885,26.108890226778215],[-109.18782830026437,26.05912259803114],[-109.19145123904106,26.033235065824694],[-109.20906921236747,26.031233767323833],[-109.24152719834402,26.003511344902844],[-109.25307539931102,26.004796421569747],[-109.26905564531562,26.014401934240254],[-109.27385885587582,26.018348141936873],[-109.27283253704778,26.033356458524995],[-109.30524193974588,26.05483616706278]]]}},{"type":"Feature","properties":{"clues":"SLIMB000142"},"geometry":{"type":"Polygon","coordinates":[[[-109.18782830026437,26.05912259803114],[-109.22806345842885,26.108890226778215],[-109.20093907613752,26.14309193675208],[-109.17007723430675,26.20649257245374],[-109.15333063570783,26.200880945504917],[-109.13327684249265,26.18086842099706],[-109.12390277302303,26.157600848002403],[-109.11067195411282,26.115074342227963],[-109.16958541101899,26.079258224159144],[-109.18782830026437,26.05912259803114]]]}},{"type":"Feature","properties":{"clues":"SRIMB000972"},"geometry":{"type":"Polygon","coordinates":[[[-110.9942210100136,29.005101666101528],[-110.99939872679344,29.01855433548689],[-110.99537578173907,29.022537645515232],[-110.99806480093486,29.027372728102613],[-110.99296498126184,29.033151899327958],[-110.98760366659606,29.03347933862795],[-110.98979810378836,29.039388944720702],[-110.98551927308094,29.04035983489381],[-110.98226431058646,29.045068762632322],[-110.9779619148395,29.0417185238737],[-110.97321151404695,29.042090688344278],[-110.97076435721311,29.039285175432052],[-110.9681527203215,29.039444014687874],[-110.96155307243377,29.03235989950346],[-110.96072299300063,29.025533673341354],[-110.96777586021776,29.01948235086887],[-110.9733991589383,29.009252194963317],[-110.9793682294537,29.014680650533958],[-110.9942210100136,29.005101666101528]]]}},{"type":"Feature","properties":{"clues":"SRSSA000451"},"geometry":{"type":"Polygon","coordinates":[[[-110.20815463350269,29.608086220067772],[-110.1610815744194,29.64772347823493],[-110.15779985816573,29.65282483173505],[-110.15625581038843,29.67503505194558],[-110.16315721397089,29.685664274097128],[-110.17029789895761,29.69048193084101],[-110.15033432619745,29.702971070835122],[-110.13869036396669,29.69999982163227],[-110.10221791212327,29.702045380976177],[-110.0955694715581,29.703545363102517],[-110.08536792040746,29.679241375621633],[-109.92225304012341,29.662770558645967],[-109.98966641981156,29.570939468504218],[-110.05060694447972,29.575807683815132],[-110.08088898895772,29.613573471177823],[-110.12716155746469,29.6024896834273],[-110.16633300702408,29.609296986963635],[-110.20815463350269,29.608086220067772]]]}},{"type":"Feature","properties":{"clues":"SRSSA003473"},"geometry":{"type":"Polygon","coordinates":[[[-110.03391720905738,30.019993879793287],[-109.96459558559987,30.10799598460081],[-109.88479488848765,30.042026477258105],[-109.87177357459717,30.027926188048045],[-109.80836317429127,30.014204412955717],[-109.79341747661942,30.000500295560688],[-109.79051675823659,29.99102030943065],[-109.78472345964917,29.98418014786711],[-109.78142598704918,29.96673063619778],[-109.78202646297673,29.951497707208322],[-109.81385047467087,29.910752024142482],[-109.81336408447262,29.87901240098711],[-109.81573768562522,29.83420458978202],[-109.86853503807932,29.765704299361527],[-109.98464604390338,29.841560203186518],[-110.04231800411009,29.9438916295062],[-110.04100399603077,29.967291729253613],[-110.03391720905738,30.019993879793287]]]}},{"type":"Feature","properties":{"clues":"SRIMB000255"},"geometry":{"type":"Polygon","coordinates":[[[-110.01635611232153,30.394451984995307],[-110.03534615368851,30.40857865747764],[-110.10516530859034,30.439182020492993],[-110.08836809134075,30.479289447831864],[-110.08259014103125,30.488562460969483],[-110.07512700499038,30.51056572081384],[-110.07226130691714,30.530743989500856],[-110.06403095100877,30.538042743056664],[-110.02489640109405,30.58323838567214],[-109.99977545834585,30.576009123592993],[-109.96091376578704,30.54845847865543],[-109.95880116147164,30.507768449260038],[-109.89868656494188,30.49125653499],[-109.89111797575123,30.468322322756844],[-109.92342537295292,30.416799658639416],[-109.94839890788026,30.343220281539196],[-109.96524278941304,30.36729710967537],[-109.99074387372212,30.382594961019915],[-110.01635611232153,30.394451984995307]]]}},{"type":"Feature","properties":{"clues":"SRIMB002005"},"geometry":{"type":"Polygon","coordinates":[[[-109.15270274484405,30.288272634909156],[-109.15568901686662,30.274783319866827],[-109.29965847598696,30.241636443294105],[-109.43458875551921,30.213695062767314],[-109.452592519265,30.29584283378154],[-109.50401621538462,30.31838989246653],[-109.51584557869351,30.34290062959399],[-109.52215160606148,30.37229422183742],[-109.5094042578335,30.437464668579967],[-109.46896072285398,30.481399732986468],[-109.44641877370611,30.49912484349685],[-109.44468564924372,30.49852319022758],[-109.38599973110526,30.524400042007464],[-109.38708504092304,30.622692284389665],[-109.35340862377224,30.64549020893423],[-109.15586308508708,30.605110246906182],[-109.16686570774591,30.557136179915872],[-109.138506172446,30.406119306654396],[-109.1458108594695,30.36426391698342],[-109.14975947664037,30.354992107248986],[-109.15270274484405,30.288272634909156]]]}},{"type":"Feature","properties":{"clues":"SRIMB001136"},"geometry":{"type":"Polygon","coordinates":[[[-109.20383892461926,29.891405956337746],[-109.22606967884086,29.839560796159482],[-109.28388247584473,29.8607824938729],[-109.30039313205323,29.8682560189236],[-109.33167806936396,29.89118600616153],[-109.36090273562151,29.900537154410404],[-109.48778408999843,29.934944190631345],[-109.48936806267541,29.947272016721268],[-109.43180683987069,30.022373033128055],[-109.2289870263425,30.03671557695261],[-109.16660316619408,29.95298411428917],[-109.20383892461926,29.891405956337746]]]}},{"type":"Feature","properties":{"clues":"CHIMS002142"},"geometry":{"type":"Polygon","coordinates":[[[-109.08372667653857,28.105649029175183],[-109.10576728235887,28.038718056403],[-109.12053932439898,28.030760270019357],[-109.14347165419736,28.043397102820375],[-109.19345475914884,28.113587712880776],[-109.20542820677441,28.120721650473243],[-109.2162718354538,28.135759218951794],[-109.20791212680172,28.148902151173026],[-109.13520410411384,28.191752285592795],[-109.10911452579927,28.126473105140892],[-109.08372667653857,28.105649029175183]]]}},{"type":"Feature","properties":{"clues":"TCIMB000342"},"geometry":{"type":"Polygon","coordinates":[[[-93.74794857812513,18.18236901790354],[-93.7361308899556,18.227673296923424],[-93.72593052557656,18.231082337672092],[-93.71390604231716,18.176446383612657],[-93.69768113814659,18.172532358626842],[-93.6990007830905,18.14636355364225],[-93.71484908308484,18.143092926233997],[-93.72251804639508,18.145380439427562],[-93.7474481935131,18.135698073153325],[-93.74958226622677,18.133557450667134],[-93.75513388862606,18.132433708610908],[-93.78966734037708,18.141838760571478],[-93.75149403432857,18.176212714647978],[-93.74794857812513,18.18236901790354]]]}},{"type":"Feature","properties":{"clues":"SCCSA002729"},"geometry":{"type":"Polygon","coordinates":[[[-93.63668278125765,18.285264957655535],[-93.63603284176929,18.320074404207492],[-93.61485573304248,18.32496160679323],[-93.59878226450424,18.29149853006984],[-93.59850871583433,18.282659389002312],[-93.60852436255932,18.26514025709468],[-93.62433042156039,18.261873673666013],[-93.6351464403011,18.271386093193527],[-93.63668278125765,18.285264957655535]]]}},{"type":"Feature","properties":{"clues":"TCIMB003994"},"geometry":{"type":"Polygon","coordinates":[[[-93.30299902070242,18.10404399369],[-93.28350805486474,18.106265004315997],[-93.27602231934544,18.098563001729325],[-93.28550548814385,18.081279191680125],[-93.28815397892674,18.080080866862517],[-93.29951006535684,18.0851161474323],[-93.30933752089153,18.094468163319597],[-93.30299902070242,18.10404399369]]]}},{"type":"Feature","properties":{"clues":"TCIMB001660"},"geometry":{"type":"Polygon","coordinates":[[[-93.24234178438928,18.113269645611812],[-93.25857743694256,18.118245263685484],[-93.26914327524467,18.128437909952208],[-93.2660840336948,18.14569901923372],[-93.25430396999415,18.14262175973901],[-93.23654676786249,18.148243158589075],[-93.23141554738254,18.133640409047864],[-93.2345197875194,18.130255589355524],[-93.24234178438928,18.113269645611812]]]}},{"type":"Feature","properties":{"clues":"TCIMB001771"},"geometry":{"type":"Polygon","coordinates":[[[-93.24234178438928,18.113269645611812],[-93.2345197875194,18.130255589355524],[-93.23141554738254,18.133640409047864],[-93.22244484075799,18.13054610085969],[-93.2178938568595,18.12191357104309],[-93.23006118864114,18.10280807862924],[-93.23432695248924,18.103608903255438],[-93.24000124122315,18.10896762371072],[-93.24234178438928,18.113269645611812]]]}},{"type":"Feature","properties":{"clues":"TCIMB005464"},"geometry":{"type":"Polygon","coordinates":[[[-93.17168822040887,18.220484626501573],[-93.15551055941411,18.231828394587872],[-93.14595676455328,18.22472578839274],[-93.13629703690829,18.207881731542173],[-93.14243587400775,18.198620907704907],[-93.16396039031663,18.208125712313233],[-93.17154669799292,18.217294208116016],[-93.17168822040887,18.220484626501573]]]}},{"type":"Feature","properties":{"clues":"TCIMB000721"},"geometry":{"type":"Polygon","coordinates":[[[-92.89657986736326,18.443615646747464],[-92.87585358795735,18.44963941894699],[-92.87229196842381,18.443250236634942],[-92.87291853307565,18.44127120836959],[-92.88280772118168,18.435319361370873],[-92.89657986736326,18.443615646747464]]]}},{"type":"Feature","properties":{"clues":"TCIMB002495"},"geometry":{"type":"Polygon","coordinates":[[[-93.10742263374252,18.12556022462711],[-93.10248669166883,18.131064341412618],[-93.07686247390015,18.128389275555197],[-93.07702037498294,18.105777086218886],[-93.09436899259924,18.10511451409706],[-93.10728006669262,18.119831825728873],[-93.10742263374252,18.12556022462711]]]}},{"type":"Feature","properties":{"clues":"TCIMB003142"},"geometry":{"type":"Polygon","coordinates":[[[-92.97778533921462,18.018292164045945],[-92.98034853716246,18.023584968075742],[-92.97587241179347,18.027768373089586],[-92.96615689912626,18.045592833456034],[-92.96120741151614,18.04426049027606],[-92.95545942749848,18.03637006223781],[-92.94993880378725,18.032263645543196],[-92.94845457362788,18.026771558944983],[-92.95412345464189,18.01960436372269],[-92.95936674313646,18.01827265616978],[-92.96363817267024,18.019769014500888],[-92.96600174173857,18.01587437604289],[-92.97039315488772,18.02064067022961],[-92.97778533921462,18.018292164045945]]]}},{"type":"Feature","properties":{"clues":"TCIMB000716"},"geometry":{"type":"Polygon","coordinates":[[[-92.65587181520061,18.612396019348974],[-92.61328005794557,18.61705847722744],[-92.60807979256508,18.596268126210806],[-92.61874843170074,18.582681462286924],[-92.6437968114085,18.58214897734053],[-92.65977661720575,18.58977533714349],[-92.66093481647586,18.596811620744674],[-92.66012773181005,18.603774617562465],[-92.65587181520061,18.612396019348974]]]}},{"type":"Feature","properties":{"clues":"SCCSA002760"},"geometry":{"type":"Polygon","coordinates":[[[-92.64532011647731,18.51551071083104],[-92.63691918060425,18.512053996676705],[-92.63845903612093,18.517036913469624],[-92.63745671877763,18.52838606041181],[-92.6305734025872,18.528236449148586],[-92.61695515031795,18.51540561359044],[-92.60264344585605,18.497533657177687],[-92.63251234645293,18.507413570527916],[-92.64435047013852,18.503688766791633],[-92.65472686605759,18.486864395895623],[-92.67517782797988,18.483737633413938],[-92.66798154289123,18.50347305767736],[-92.67497263859958,18.526151064565823],[-92.67139214866684,18.534018805418103],[-92.65910398715546,18.52780884523269],[-92.6552204278696,18.52286444074479],[-92.64810175879492,18.523722311635225],[-92.64532011647731,18.51551071083104]]]}},{"type":"Feature","properties":{"clues":"TSIMB001622"},"geometry":{"type":"Polygon","coordinates":[[[-98.22935012371423,24.578333477416205],[-98.2482257292887,24.565885767333196],[-98.31873752165905,24.590929937071184],[-98.36079370138395,24.584957553672545],[-98.35591329779311,24.613515848240443],[-98.37075049265307,24.630782448886073],[-98.38983899032431,24.688773013818395],[-98.40237234044535,24.69885268548409],[-98.4199738674315,24.74145590966154],[-98.39312311324404,24.76983697396992],[-98.38256647488623,24.773626319710093],[-98.32801096618859,24.781091459730014],[-98.26830778355104,24.738498997806975],[-98.22358945803242,24.746736691797423],[-98.14859740456642,24.72507094635805],[-98.15022825516604,24.62877857493844],[-98.22469085423872,24.589907447846137],[-98.22935012371423,24.578333477416205]]]}},{"type":"Feature","properties":{"clues":"TSIMB001400"},"geometry":{"type":"Polygon","coordinates":[[[-98.30788930338052,25.552366603737497],[-98.2979186114575,25.55265898885097],[-98.25401517218978,25.58841264918738],[-98.25312557931213,25.60209260238539],[-98.23134133059817,25.622804223369485],[-98.20859776440429,25.63118254890287],[-98.17853237852094,25.602105755262198],[-98.18045968953857,25.567554548680246],[-98.18373332663157,25.565878974281773],[-98.2279593228125,25.51395944735594],[-98.22693088716194,25.499358236732217],[-98.29051540101054,25.47868700491013],[-98.33728384730593,25.504794489506686],[-98.34276664836602,25.519502127560255],[-98.30788930338052,25.552366603737497]]]}},{"type":"Feature","properties":{"clues":"VZIMB003392"},"geometry":{"type":"Polygon","coordinates":[[[-98.0769461075374,22.147518770976337],[-98.08648976968594,22.123760055258305],[-98.09193007962922,22.121864681194584],[-98.11237688032925,22.128677881286908],[-98.11415837181467,22.13351131322022],[-98.11234409902785,22.158747034380326],[-98.13585097352677,22.163709735235244],[-98.13736009765049,22.168945516121425],[-98.1359682063381,22.17785728852696],[-98.13019346082429,22.192991203270815],[-98.11196660089492,22.1590696094997],[-98.10402552381572,22.16447132928],[-98.10832143214392,22.22721206988617],[-98.09767432385222,22.229154157189754],[-98.07713688886953,22.2222232101502],[-98.0657363092945,22.214112978440937],[-98.05469322138073,22.2120965977216],[-98.04413590536011,22.20601976501242],[-98.03754338241752,22.187301395853414],[-98.02170459757596,22.1726806221956],[-98.01847388226709,22.159497293890173],[-98.02890612399896,22.150969470946322],[-98.03441105850531,22.151251686380096],[-98.04202475356514,22.159895018096652],[-98.06990134267136,22.162409154246934],[-98.07674973308448,22.15284171677278],[-98.0769461075374,22.147518770976337]]]}},{"type":"Feature","properties":{"clues":"SCCSA002935"},"geometry":{"type":"Polygon","coordinates":[[[-97.89801201222451,22.3877810159698],[-97.90276661675047,22.39107780535994],[-97.90001408790285,22.397135779455514],[-97.90050004627508,22.400794534124636],[-97.90466325335089,22.404203020369092],[-97.90385320946989,22.406866387320186],[-97.90092605100848,22.408752078409737],[-97.89232871143493,22.40339014163029],[-97.88863385611184,22.40611331612869],[-97.88988150785254,22.411434326218075],[-97.88107873664772,22.4212106927252],[-97.86852196815002,22.41685513118533],[-97.8793917020101,22.40282588589709],[-97.87354668714943,22.393342667265117],[-97.87005079712218,22.390868629202284],[-97.8718187557809,22.382035818026115],[-97.87954002129165,22.379164121061738],[-97.88715861352286,22.3805431936044],[-97.88882309380357,22.37546715758492],[-97.8976438153247,22.36956394021755],[-97.90039631480279,22.374011367712143],[-97.90016581494933,22.377070822634078],[-97.8947572870975,22.383036848767862],[-97.89801201222451,22.3877810159698]]]}},{"type":"Feature","properties":{"clues":"TSIMB001733"},"geometry":{"type":"Polygon","coordinates":[[[-97.84764909839055,22.270817469707477],[-97.85700723900433,22.276579561689317],[-97.85804995257004,22.27890120441093],[-97.85862308446355,22.28298167603673],[-97.8512380833832,22.290715675268522],[-97.85354413891771,22.29604615009874],[-97.85755622580518,22.300176226236452],[-97.85558860453398,22.30365569461241],[-97.85116445663856,22.30431418963456],[-97.84964658707787,22.301025821566725],[-97.84715566348142,22.300056427528283],[-97.84654382720225,22.296661415771446],[-97.8438706893006,22.295138054831753],[-97.83869069871604,22.298994529871113],[-97.83874357576305,22.290721663975923],[-97.84229071911244,22.28932261244012],[-97.83941833469022,22.28298820057323],[-97.84003836572954,22.277805251135035],[-97.84447743577833,22.27676351027631],[-97.84556023215649,22.27192812810536],[-97.84764909839055,22.270817469707477]]]}},{"type":"Feature","properties":{"clues":"VZIMB007633"},"geometry":{"type":"MultiPolygon","coordinates":[[[[-97.4823364091609,21.459279158023552],[-97.49358561011032,21.49892413408475],[-97.47969909760553,21.515938020738208],[-97.43197980332562,21.520427878158067],[-97.39433143323592,21.5621103772064],[-97.41276143772686,21.602312150634464],[-97.40531657062719,21.63040770915111],[-97.35410240021477,21.59335327926616],[-97.34358820010299,21.587690569517235],[-97.3402376804531,21.579343549788305],[-97.32790439989066,21.567165198916776],[-97.32732225042386,21.562882199434135],[-97.33150297962986,21.55637908966869],[-97.33274461961693,21.551303169029037],[-97.33280551043484,21.53895990916963],[-97.32932439977698,21.523532139290896],[-97.33125779239789,21.512475500016368],[-97.34936420552232,21.52035458183313],[-97.35646320584328,21.52054551078045],[-97.35921381281062,21.516798063172008],[-97.35559030332809,21.505809679990396],[-97.3547408810146,21.497379130527534],[-97.35785201293402,21.48620478864092],[-97.36953653352356,21.472638226499587],[-97.37174638406772,21.47182594443104],[-97.3856339901212,21.475969054214634],[-97.4016759764582,21.463898487148146],[-97.40105222640628,21.45962666473096],[-97.40716183653124,21.429409689269267],[-97.4823364091609,21.459279158023552]]],[[[-97.22085439903898,21.477570332966796],[-97.22519476480674,21.47262949706301],[-97.22664219151429,21.473153459044905],[-97.22085439903898,21.477570332966796]]]]}},{"type":"Feature","properties":{"clues":"VZIMS005546"},"geometry":{"type":"MultiPolygon","coordinates":[[[[-98.20012808604932,21.470159641765605],[-98.20491250397549,21.471049345282275],[-98.21049885129948,21.468670449488073],[-98.22524676336265,21.483503273738854],[-98.20907295407139,21.503940369393202],[-98.21302870305807,21.508911251729554],[-98.22419201167982,21.51455563197691],[-98.22017632963859,21.536790651245745],[-98.21678463529621,21.53850423374049],[-98.22145381706632,21.56254945146797],[-98.20564811793929,21.562205805879568],[-98.20055576726101,21.55470229246753],[-98.19253929937261,21.555924188894792],[-98.18558648683482,21.560296712703074],[-98.18524018761445,21.570329204284917],[-98.18381843768351,21.57300886660174],[-98.17238244033958,21.571554420402915],[-98.17034258893601,21.573102558841427],[-98.16985631524474,21.581674524610566],[-98.16101809783754,21.58412535529356],[-98.15719044762749,21.59910085944846],[-98.15075662586581,21.60661760371363],[-98.15253658470421,21.611653515400004],[-98.15144040240523,21.6152068839407],[-98.13651474734169,21.620552513635385],[-98.13416675249103,21.61410344082564],[-98.12469089062672,21.603682704966275],[-98.11922932206669,21.60118291286074],[-98.11546370400899,21.602235319735374],[-98.10205452456994,21.57973654185156],[-98.10390669366436,21.549651065811176],[-98.09918316646282,21.54935020919315],[-98.08692139565386,21.52826080939641],[-98.08383812665146,21.519986122337315],[-98.09077075607433,21.499584520992695],[-98.10660278941286,21.497866756027424],[-98.1198460668029,21.48971718786709],[-98.13453754168602,21.46832236603362],[-98.13784251589387,21.4692743950818],[-98.14744122116107,21.46820596066346],[-98.15537322722929,21.46278239919826],[-98.18080572301943,21.47130606273408],[-98.20012808604932,21.470159641765605]]],[[[-98.0608045763239,21.517953478617926],[-98.07875662812467,21.522022624400556],[-98.06801678156936,21.5276895158243],[-98.06055072894883,21.519909925653465],[-98.0608045763239,21.517953478617926]]]]}},{"type":"Feature","properties":{"clues":"VZIMB004611"},"geometry":{"type":"Polygon","coordinates":[[[-97.74245131060445,21.089288875852123],[-97.74824388573568,21.080327485839288],[-97.77534573448357,21.064195622475467],[-97.7823763362302,21.071201308591853],[-97.78846294955672,21.072493927448114],[-97.80873072951933,21.09725259109714],[-97.79845517636709,21.11299472629173],[-97.82604575225231,21.129508703004998],[-97.8287966654889,21.135716276331944],[-97.82743509357147,21.140022666955005],[-97.80782009609783,21.14835857532852],[-97.79182461028097,21.149898800736295],[-97.77033864118975,21.131743446636047],[-97.7698014343176,21.12695211808886],[-97.74812941639388,21.11518843841338],[-97.74720857971792,21.10899172733986],[-97.75211882693218,21.10028641767986],[-97.74245131060445,21.089288875852123]]]}},{"type":"Feature","properties":{"clues":"VZIMB005463"},"geometry":{"type":"MultiPolygon","coordinates":[[[[-97.51461275139734,20.945463739515798],[-97.52588099334159,20.943838391547757],[-97.53464282109094,20.945657440197518],[-97.53705451366616,20.95594183260471],[-97.53951508629874,20.956766111073367],[-97.55448638441783,20.951231478469232],[-97.55633327871412,20.974634899771896],[-97.55334111099805,20.977298996773094],[-97.55404695867804,20.992026582533775],[-97.55296151250083,20.997379265272738],[-97.55414773178205,21.00134195558092],[-97.54576349755783,21.011693272482088],[-97.54766431597672,21.025156149014222],[-97.5508897103162,21.03140427640413],[-97.53998935041844,21.04315901904388],[-97.53540346508088,21.064937359057613],[-97.5374927693815,21.081808572602164],[-97.49615518318745,21.077921338990958],[-97.49423391168264,21.075409365857258],[-97.49074137203932,21.074787137115102],[-97.4824517435224,21.058864488196846],[-97.46402835994091,21.034849710603876],[-97.4593314921275,21.034240645368637],[-97.45386984902696,21.02655436995314],[-97.45706839508082,21.00940275134036],[-97.45980383312566,21.006741680048076],[-97.46391826337252,20.992190469480693],[-97.4820489049677,20.986113238794836],[-97.4810213192259,20.97737372703404],[-97.48539823414805,20.971806280587586],[-97.48888979753521,20.9588507827621],[-97.48559438578978,20.945869552246755],[-97.48625157990948,20.940985398714545],[-97.4903955361871,20.937516800099925],[-97.50196596315651,20.93490040148708],[-97.51062936032896,20.944170310467488],[-97.51461275139734,20.945463739515798]]],[[[-97.54729161139632,21.090134781327237],[-97.56686485405413,21.069634053417936],[-97.57616346260217,21.067430674137672],[-97.58263237449128,21.074271620157862],[-97.58719304362515,21.08545813203974],[-97.57745968227063,21.119608512976612],[-97.55205305222293,21.106395980432353],[-97.54797339112909,21.10012026884825],[-97.54729161139632,21.090134781327237]]]]}},{"type":"Feature","properties":{"clues":"SCCSA003275"},"geometry":{"type":"Polygon","coordinates":[[[-97.40656423312608,20.99008511133311],[-97.40793377159002,20.994002152997773],[-97.42578748042314,20.995325657453254],[-97.4279197678783,21.002581473108094],[-97.41714148940854,21.009790080208514],[-97.41455026474526,21.01633149309994],[-97.41530320703146,21.02754964877272],[-97.39987620194236,21.039945384877157],[-97.39530939679165,21.041050973958672],[-97.384672079574,21.047091784213357],[-97.37541274459453,21.036530970790054],[-97.36792901637405,21.01758510235428],[-97.347535196904,21.002423982705796],[-97.34740278424941,20.993518905045676],[-97.35435996340422,20.98327185050704],[-97.3596192587585,20.98183248007573],[-97.37156044238004,20.974616621198276],[-97.38071096074329,20.975637393045137],[-97.38512389731528,20.96814741753584],[-97.38866445532699,20.970420384247713],[-97.39624836876456,20.968820674761503],[-97.3990827618722,20.975752476774705],[-97.395650321489,20.983938358502208],[-97.40656423312608,20.99008511133311]]]}},{"type":"Feature","properties":{"clues":"SCCSA003171"},"geometry":{"type":"Polygon","coordinates":[[[-96.63506669642163,19.370296225082775],[-96.6401208701679,19.37216193259438],[-96.64620732411935,19.38035147586271],[-96.67408565622931,19.387931841914966],[-96.68681318113225,19.403168015963917],[-96.67349946816955,19.423498918996494],[-96.6571422261878,19.431548463683367],[-96.64404691704028,19.430713245422837],[-96.63594054233558,19.41038151765557],[-96.62810509250308,19.40496472618314],[-96.62504541531165,19.376082104969687],[-96.63506669642163,19.370296225082775]]]}},{"type":"Feature","properties":{"clues":"SCCSA003242"},"geometry":{"type":"Polygon","coordinates":[[[-96.4461949469778,19.045266737961292],[-96.45158323212677,19.033877458955523],[-96.46875326782481,19.033418999128244],[-96.4778502737511,19.038546510133667],[-96.48135447171407,19.03870346300335],[-96.48909801367579,19.044013958757155],[-96.50616550135312,19.04278043131324],[-96.51180899622858,19.047879669708802],[-96.52476040075572,19.05199532129869],[-96.53465067264827,19.04601337590245],[-96.54636959712181,19.05164412720648],[-96.5535599389537,19.051357952568445],[-96.55997369746669,19.05936827464512],[-96.56075499677004,19.06724720685648],[-96.55353661854473,19.081838146476215],[-96.53693150989376,19.080011399443816],[-96.53327600397635,19.08129055183576],[-96.52744921557574,19.104928908256237],[-96.5106808978485,19.093990131173573],[-96.50928292934391,19.082650380747108],[-96.49813809935922,19.082117104021254],[-96.48681936333035,19.090946345078244],[-96.47527972295858,19.08601104102597],[-96.47274804894685,19.080038564043264],[-96.46367595700647,19.073593016806857],[-96.4476133673586,19.056582605173084],[-96.44555094040005,19.050222228416448],[-96.4461949469778,19.045266737961292]]]}},{"type":"Feature","properties":{"clues":"SCCSA003280"},"geometry":{"type":"MultiPolygon","coordinates":[[[[-96.16403350644191,19.202896944499706],[-96.16700065178438,19.201185659562967],[-96.17413796400363,19.203651042049874],[-96.17211817565317,19.2069500034666],[-96.16856035677603,19.205048899937147],[-96.16599924444687,19.206285116685024],[-96.16908975894887,19.217234890070323],[-96.17354978236858,19.21256725102713],[-96.17891898689153,19.21546606403417],[-96.17742729050204,19.219083572648266],[-96.16753323850008,19.2242275414722],[-96.1649595375309,19.219419103545487],[-96.15685185008554,19.216129749606026],[-96.15577776797073,19.21694568952492],[-96.15244844830565,19.21004895284968],[-96.1535224365146,19.20735258091131],[-96.15875637071856,19.204734696318614],[-96.1585509272093,19.201914234796487],[-96.1629128963705,19.200594686960077],[-96.16403350644191,19.202896944499706]]],[[[-96.15742137906763,19.226388378916326],[-96.15796909481409,19.22655116800387],[-96.1574495328866,19.226886540859947],[-96.15742137906763,19.226388378916326]]],[[[-96.15792280385277,19.235260736368442],[-96.15792102142524,19.235229197572117],[-96.15793279610739,19.235248190294822],[-96.15792280385277,19.235260736368442]]]]}},{"type":"Feature","properties":{"clues":"SCCSA003403"},"geometry":{"type":"Polygon","coordinates":[[[-89.63944013446863,21.286756512066727],[-89.63955035156629,21.290298740237755],[-89.61438932013337,21.294515611703616],[-89.61211725941823,21.280976108019093],[-89.61311798706924,21.26374664399239],[-89.61072604491814,21.24871121502361],[-89.61831441880258,21.239500809486277],[-89.63944013446863,21.286756512066727]]]}},{"type":"Feature","properties":{"clues":"SCCSA003364"},"geometry":{"type":"MultiPolygon","coordinates":[[[[-89.5656618488869,20.942725917580365],[-89.56396198254858,20.950246034957758],[-89.56695086973248,20.952669656007416],[-89.56472065122465,20.95675464414638],[-89.56066459622934,20.95838717470629],[-89.55981011978027,20.963935857097127],[-89.5563701351154,20.963253232333376],[-89.55183401521575,20.96739738008051],[-89.55267852559695,20.96974735423216],[-89.55079330857183,20.971787065064127],[-89.54750459197781,20.973159434425078],[-89.54021797821287,20.969959677337982],[-89.53349953401697,20.971526047015075],[-89.5225072717871,20.963746578370074],[-89.50911942196038,20.972448244102214],[-89.49999995745904,20.981237924065493],[-89.49370680368528,20.94575266901343],[-89.4877695826368,20.94260066056359],[-89.5108454070265,20.912545165570982],[-89.51528650889578,20.9165917129423],[-89.51474723181076,20.92873633794113],[-89.52631860907586,20.932630464527545],[-89.53170004061548,20.937377312385948],[-89.53737884230688,20.938956142283683],[-89.53870759880314,20.94132727518883],[-89.54424114416545,20.942510921740737],[-89.55521773666648,20.93481341090872],[-89.5613206164901,20.936022813068103],[-89.56288913263694,20.94142565950862],[-89.5656618488869,20.942725917580365]]],[[[-89.46969664596286,20.881041296747814],[-89.48594284173454,20.895917303793425],[-89.47647377188743,20.91985753340632],[-89.44680476345849,20.90919991330068],[-89.4642486701696,20.886226491343905],[-89.46969664596286,20.881041296747814]]]]}},{"type":"Feature","properties":{"clues":"YNSSA000664"},"geometry":{"type":"Polygon","coordinates":[[[-89.29991211988533,21.128302693665304],[-89.31055947327326,21.119749863432315],[-89.31806396276708,21.116388604617086],[-89.33007087111973,21.119836643744062],[-89.3340818379282,21.13107261296992],[-89.34581819859338,21.142267561328715],[-89.34456086031962,21.161164819493194],[-89.38009126568758,21.156486757358877],[-89.38885307273067,21.162715516993988],[-89.4096509317434,21.169968391414166],[-89.41447768280428,21.193596765584633],[-89.40775684538019,21.214387694995622],[-89.40349202009922,21.259585484062562],[-89.38449971893358,21.26167453247163],[-89.372692926462,21.261488863960835],[-89.3666393778648,21.249505495904543],[-89.36439662773596,21.24163766718408],[-89.36933461784174,21.18858129965218],[-89.34003337779868,21.170067829989076],[-89.33201866273953,21.173024902752754],[-89.31352446235226,21.168527159885517],[-89.3053127305523,21.170063684453908],[-89.29868723871307,21.150094051034806],[-89.30071984454281,21.136448660733173],[-89.29991211988533,21.128302693665304]]]}}]}