{"type":"FeatureCollection","features":[{"type":"Feature","properties":{"clues":"ZSIMB001595"},"geometry":{"type":"Polygon","coordinates":[[[-102.96319230041104,22.29079057782379],[-102.97642602382335,22.299545966987118],[-102.9875677451084,22.313478195916137],[-102.99112306705236,22.32402021796028],[-102.95800838867805,22.35838926825808],[-102.99294358475275,22.4040997415482],[-103.00943598861959,22.412369055866645],[-103.01026070598095,22.417777765468152],[-102.98237208185746,22.442751493481712],[-102.94391037790763,22.429339811463773],[-102.93061068473281,22.442501036372246],[-102.92458904728402,22.477180999030203],[-102.90561332968961,22.47254301429726],[-102.8889247448797,22.452287183579372],[-102.87303179902742,22.45270457645842],[-102.86754482012954,22.455052767111383],[-102.8395071003646,22.439701041842977],[-102.80761568220487,22.44314832074362],[-102.79954972662931,22.437099887391213],[-102.78116382227857,22.445026984018156],[-102.76466427257311,22.449849037432294],[-102.74288819678137,22.452115550728163],[-102.72727727046357,22.460040587985326],[-102.71322075499187,22.45016063723245],[-102.7008745957379,22.44488478592036],[-102.68696866459803,22.44264833380194],[-102.66174401736224,22.43155520839917],[-102.61748598738122,22.40382940590252],[-102.60842915034655,22.3921149619866],[-102.61216803103733,22.35333560744051],[-102.63370977159589,22.300018977203305],[-102.68474380353396,22.278422077386153],[-102.71735451639724,22.202607413680425],[-102.74900914359569,22.201860374299798],[-102.76496033364917,22.194838733158498],[-102.79761433436595,22.188047490320955],[-102.85945062216047,22.18718125898782],[-102.87248608977069,22.19151595274749],[-102.89335180495203,22.206765696394182],[-102.88052378874244,22.241584773240096],[-102.89823311259154,22.260070503358225],[-102.9078671532648,22.276309946380547],[-102.96319230041104,22.29079057782379]]]}},{"type":"Feature","properties":{"clues":"SCCSA000064"},"geometry":{"type":"Polygon","coordinates":[[[-117.0581333925238,32.43281796599108],[-117.06864990546484,32.427616743730596],[-117.07331028773439,32.433445306013944],[-117.08236424860684,32.428990942221944],[-117.08722911037376,32.43425567590374],[-117.08770947021716,32.43975520680995],[-117.07779509005738,32.444695148963916],[-117.07380110127414,32.449008475375095],[-117.07711457017491,32.460480290180925],[-117.06186431961561,32.46817242805057],[-117.04798285433206,32.458483562585876],[-117.0457111997907,32.45825761482025],[-117.04112747392809,32.462340349277],[-117.03707424236912,32.461147947125326],[-117.03006858457746,32.46436371730483],[-117.02770532626622,32.46331260830832],[-117.02742779876927,32.44945331987939],[-117.02094520968043,32.44266097049569],[-117.02264442745435,32.43877381458752],[-117.02114582216106,32.43393770363335],[-117.02484665067442,32.430249447390324],[-117.0256717653928,32.42699788229902],[-117.03100599244605,32.42601326785456],[-117.04201737010494,32.427794601690834],[-117.04605159251777,32.424483723609534],[-117.05330612894606,32.425984614568314],[-117.05394830830954,32.42997782077578],[-117.0581333925238,32.43281796599108]]]}},{"type":"Feature","properties":{"clues":"BCIMB001072"},"geometry":{"type":"MultiPolygon","coordinates":[[[[-116.82968664160899,32.391445847768615],[-116.82524789859765,32.39479685231649],[-116.80038587570967,32.388831001692594],[-116.76675042106815,32.398704318708816],[-116.76715429855624,32.40689211396337],[-116.77376749142873,32.42793615835477],[-116.77933741779358,32.4349102245595],[-116.78253675343471,32.43733471930128],[-116.78707198667313,32.43768048261318],[-116.79444466834107,32.435940228834546],[-116.80252269891308,32.431063698576516],[-116.81809121949661,32.448299427347514],[-116.82267735765073,32.448057184269594],[-116.82728750043371,32.4518939066897],[-116.82685957440141,32.45379503257514],[-116.8199653131295,32.45748984455912],[-116.82020591103972,32.459093673103354],[-116.81227760343596,32.46444895330956],[-116.80993720435688,32.463087334545875],[-116.8062370542612,32.4650006478739],[-116.80540992826931,32.469809546389065],[-116.79732574240893,32.47174407200722],[-116.80315534730558,32.47978657919982],[-116.80529180782943,32.48066729957975],[-116.80427958139727,32.48401142459125],[-116.80181979772144,32.48569173055646],[-116.79665544718068,32.485061201147694],[-116.79716057147154,32.48931523524852],[-116.79072763934272,32.49837083245858],[-116.78436469200027,32.49624382106724],[-116.7767683474154,32.49971799348771],[-116.77374599304491,32.497948142561754],[-116.77209617409802,32.49305218644404],[-116.76754904736744,32.48747107850216],[-116.7600118576221,32.485650974451225],[-116.75249581379734,32.48819084438849],[-116.74951151933928,32.4918003782793],[-116.74281490899365,32.492335511788845],[-116.73724399639771,32.4898785398778],[-116.73517904635784,32.47579851974438],[-116.72880194947365,32.47979902886021],[-116.72289569890218,32.47594189626097],[-116.72657689776364,32.47364683259384],[-116.7304258522308,32.467478913036445],[-116.71407241368847,32.44441870620472],[-116.71187631165218,32.44874046494572],[-116.70283413164981,32.45726657688114],[-116.70011591098454,32.4577146482722],[-116.68515500994823,32.46856493426463],[-116.68491080111633,32.47020097320878],[-116.67229854913317,32.4743095970577],[-116.66867953080268,32.48479880911033],[-116.66394933521472,32.48573079834599],[-116.64785620567157,32.4979407407598],[-116.62711049261299,32.48783854797005],[-116.621712385539,32.445019350905476],[-116.62873905372354,32.44469113996969],[-116.64774771975371,32.4371049052382],[-116.6546243834156,32.42849145514251],[-116.68921118972477,32.428535105594605],[-116.69338332658187,32.43003000701665],[-116.70629854687107,32.428739542267834],[-116.70682188951476,32.41908245440384],[-116.69958412037998,32.39893527139437],[-116.70475461513323,32.372485976026475],[-116.73594215872387,32.37215454907312],[-116.74319972915633,32.37017143721634],[-116.7626767401117,32.32220950272823],[-116.76368712855546,32.3157343195788],[-116.78561608112672,32.323534966852385],[-116.8075316753787,32.34374544421523],[-116.82968664160899,32.391445847768615]]],[[[-116.83477473491612,32.45754517300239],[-116.83084680565943,32.46001293290945],[-116.82727507884971,32.454278520796954],[-116.83522261829614,32.45468389439696],[-116.83477473491612,32.45754517300239]]]]}},{"type":"Feature","properties":{"clues":"BCIMB000104"},"geometry":{"type":"Polygon","coordinates":[[[-116.57987289611756,31.845187896283807],[-116.57964403191309,31.852279172936058],[-116.57686836694684,31.857218527209337],[-116.57064446701352,31.861343479423653],[-116.57059301494137,31.865007874007038],[-116.56121295313436,31.862811798912322],[-116.56163377935985,31.859943706685275],[-116.56776386315968,31.85736129899836],[-116.5659774047931,31.852483957816467],[-116.57018481136475,31.8496978329906],[-116.56671104919658,31.831449413417985],[-116.57892824783588,31.837376419492685],[-116.5867952693193,31.834392839711732],[-116.59006810730837,31.836351874918805],[-116.59718808708644,31.835792111679115],[-116.59910955039587,31.84449726085645],[-116.59595702454916,31.845985336301986],[-116.59326905067972,31.84511511842802],[-116.58855087529162,31.850503324839604],[-116.57987289611756,31.845187896283807]]]}},{"type":"Feature","properties":{"clues":"BCIMB000326"},"geometry":{"type":"Polygon","coordinates":[[[-116.04684143434027,30.71905832577393],[-116.0463095864766,30.732197856464232],[-116.04953078132006,30.76691686921389],[-116.05165920930455,30.77939327533771],[-116.05693175950937,30.7937870029313],[-116.05415324737118,30.79554428299248],[-116.04424005552046,30.795667223930767],[-116.03914927230709,30.810919962718796],[-116.0282949899163,30.81925704187571],[-116.02637225734462,30.828466816672325],[-115.95774548966426,30.864158680849858],[-115.95068597084358,30.86229740525912],[-115.9390810316476,30.856324574271433],[-115.96016012577776,30.817483714396467],[-115.96609828708219,30.782130073058894],[-115.97597222345301,30.77394352356651],[-115.98182426296343,30.758712268898886],[-115.97924022662919,30.747355190470284],[-115.98382990392167,30.740864020696865],[-115.99025468621286,30.7407479702449],[-115.99734238951969,30.742830652134455],[-116.00179365051348,30.739543590211586],[-116.01395166353491,30.741743630851953],[-116.01606967250561,30.73727297041895],[-116.02555986102753,30.72959251020752],[-116.03171971931022,30.72904933025529],[-116.03756172410158,30.722882493181046],[-116.04684143434027,30.71905832577393]]]}},{"type":"Feature","properties":{"clues":"BCIMB000483"},"geometry":{"type":"Polygon","coordinates":[[[-115.38020789949216,32.595190303988225],[-115.39293733524563,32.5944856242987],[-115.39546987528551,32.59589605709919],[-115.39403544972265,32.60328870939728],[-115.3964940055775,32.60465501662259],[-115.41059018891156,32.60477709726163],[-115.41070677537247,32.61460452417798],[-115.40901145881736,32.61557430413251],[-115.40520361166826,32.61348314083697],[-115.40006919198662,32.61426865011966],[-115.39781214610883,32.616084654604855],[-115.39276236062888,32.61600563034669],[-115.39306608507877,32.62475154884271],[-115.39539090986534,32.62737732333871],[-115.39083984098956,32.631357373248],[-115.38715398539651,32.63094301976388],[-115.38379986888154,32.6258612785386],[-115.37778115368026,32.63080058517457],[-115.3742604085412,32.629363151505416],[-115.3644550171659,32.63351951538622],[-115.36126781234618,32.632305666112295],[-115.35861807844897,32.62691713817806],[-115.35493876924268,32.62792986668197],[-115.34946090689566,32.6251556220327],[-115.34678221378856,32.627960840334126],[-115.33945327756538,32.62151411309546],[-115.33526977244516,32.620272292276354],[-115.3278826283283,32.62475107165933],[-115.32487489468224,32.61797688551994],[-115.33006275942819,32.61253039721281],[-115.33050857281583,32.60984678671074],[-115.34242273723463,32.60358745636516],[-115.34765933414384,32.60452472165708],[-115.35308095632128,32.607997237743255],[-115.35755495155158,32.60447957399353],[-115.35763709215117,32.602330388139386],[-115.36322319998226,32.60193607890694],[-115.36505260424038,32.598353590363466],[-115.37138043953252,32.599129265423194],[-115.37118601370797,32.593966337781126],[-115.37460456918876,32.591616955935166],[-115.38020789949216,32.595190303988225]]]}},{"type":"Feature","properties":{"clues":"SCCSA000053"},"geometry":{"type":"MultiPolygon","coordinates":[[[[-114.16144763053785,28.569533429424528],[-114.15642429238528,28.585786175324223],[-114.15559980813158,28.61501071549408],[-114.1639487802966,28.640554490217184],[-114.17302668301622,28.64950413904122],[-114.18377684954442,28.657087890197577],[-114.198439319675,28.660679879827853],[-114.21438888186657,28.662143215842185],[-114.22494057365077,28.666657079223864],[-114.22640691649062,28.665250222073638],[-114.2361627064997,28.66695451114882],[-114.23909241832577,28.66616928925378],[-114.23897047125863,28.665428681894262],[-114.23946718285801,28.664688074899942],[-114.24016802885076,28.666254140476706],[-114.2411549994092,28.665180860015642],[-114.23949097822116,28.66398315891799],[-114.2452581970261,28.662076615971227],[-114.24762873539379,28.658635320729946],[-114.24541286250287,28.65290676811001],[-114.25459160034958,28.65832477032189],[-114.25898171942713,28.663960600491542],[-114.26326617597002,28.661157960982752],[-114.26476226240314,28.661779595479043],[-114.26877760339129,28.659986077203715],[-114.27044917369223,28.66097355295425],[-114.27174353081948,28.664599536924865],[-114.27053595515845,28.665723831902728],[-114.2696971952412,28.679016095972766],[-114.27061328657095,28.690476175111687],[-114.27323366941248,28.693373169512846],[-114.27520862060797,28.692813995326826],[-114.27572912790136,28.6948067939195],[-114.27901228918815,28.695328200160233],[-114.27884622193135,28.697834657792548],[-114.28282587074673,28.70393797645727],[-114.28714161761437,28.706308514021828],[-114.29051747799576,28.70389336133526],[-114.29425327846226,28.70369950911478],[-114.29888598926395,28.707079728891134],[-114.30155725413326,28.705615425123128],[-114.30302230902058,28.706865889467934],[-114.3011090544892,28.7074215069712],[-114.30148664877821,28.71100071918869],[-114.30524705924498,28.713132368978318],[-114.30447524903796,28.71421655049238],[-114.30732168973725,28.720124088789678],[-114.3159515996317,28.72691137570864],[-114.32627475689273,28.729388398208688],[-114.32961566126113,28.728694861636807],[-114.33063763977005,28.7301687003939],[-114.34073924943833,28.732161274086547],[-114.3471867906714,28.73089348296455],[-114.34528384983858,28.73491793948821],[-114.3480814797614,28.737079719959524],[-114.34469999923503,28.738000000194504],[-114.34621439334786,28.739606914910567],[-114.34397788082704,28.74044884751089],[-114.34324839467476,28.753052060494113],[-114.34395152571605,28.757659886346595],[-114.34758496257317,28.75774197745186],[-114.3474136415244,28.759701464511092],[-114.35077634002432,28.76170131997213],[-114.34933897394677,28.763377099391615],[-114.3517038100953,28.764985651749388],[-114.34828809388907,28.768465613263213],[-114.34862042013843,28.77231207899647],[-114.35029754878333,28.772855719121413],[-114.35033511948575,28.774721280561725],[-114.35765722096143,28.77740643792335],[-114.35978088973438,28.779883456981587],[-114.35980465244447,28.78319232914398],[-114.36161545485848,28.784898170889665],[-114.36043462919649,28.78604863042443],[-114.36159404043278,28.79051607832031],[-114.35974519771055,28.790980073413465],[-114.36074457181533,28.794463603772346],[-114.37311794699185,28.811365626918267],[-114.3789862931881,28.813182940003063],[-114.38019684435689,28.81134778151119],[-114.3831619795855,28.811073648784646],[-114.38620498251285,28.80656506411513],[-114.39686794349977,28.816198907371685],[-114.39953293877063,28.82250150384758],[-114.3972992204068,28.82400948780673],[-114.398676333422,28.833286411354266],[-114.40358694615992,28.834452347353785],[-114.40538046413722,28.83720954820401],[-114.40289987563378,28.83839332954776],[-114.40626383882025,28.86255973012161],[-114.41744730561453,28.879516364229232],[-114.4265160268637,28.88392729019803],[-114.4330268268993,28.8813515245428],[-114.43565323033734,28.879048470234558],[-114.43622619741008,28.87614507019749],[-114.43780954352981,28.875834148253002],[-114.43891896721404,28.87890067884313],[-114.43731283133786,28.88078045357065],[-114.4404239761126,28.889548767093096],[-114.4497295466176,28.906548425416375],[-114.45295669130364,28.908957628759744],[-114.45867334638126,28.909228293412284],[-114.45955409547678,28.907378087112424],[-114.46123894975715,28.907349901243986],[-114.46176104609327,28.90988544391669],[-114.47030925965001,28.918106482137198],[-114.48879172327304,28.93204417381782],[-114.49711091442427,28.931996584745708],[-114.50553123084804,28.93494414318426],[-114.50984697897991,28.933885281902416],[-114.51135336829302,28.930028222410964],[-114.51814267991337,28.93281616482833],[-114.52587670101602,28.93187985284977],[-114.52951234820655,28.927840501527232],[-114.52761175363604,28.923447420982328],[-114.53037428917844,28.921701469361334],[-114.5310084344145,28.917754561286124],[-114.53640534855882,28.92781075780799],[-114.54556627423105,28.934273969048824],[-114.54596780788351,28.936293536482115],[-114.54368352548452,28.93679322303437],[-114.54346342535317,28.939487962744057],[-114.54867147064536,28.955549324834738],[-114.56251695906693,28.970361469615096],[-114.5710684619418,28.974529320135392],[-114.57888499118042,28.974689933908323],[-114.58485227495831,28.96933782959155],[-114.58150020861659,28.965265976172596],[-114.58554231938076,28.967178468576773],[-114.58739061098612,28.96629749875308],[-114.59227540782621,28.969984550290377],[-114.5914957274423,28.97352590571733],[-114.59845605800696,28.975632795220815],[-114.59668633450883,28.97731923820017],[-114.60138874336269,28.986274935397088],[-114.59978558161805,28.988942905479618],[-114.60226914423204,28.99195292421186],[-114.59955358415417,28.99225035628215],[-114.60213529935237,28.99562026837702],[-114.5991014856261,28.999353047342705],[-114.6000681432637,29.001298256782707],[-114.60469619376977,29.00147671646304],[-114.60116566942558,29.00461463159926],[-114.60084146688908,29.011202763642103],[-114.60384553675922,29.014367446027666],[-114.60210258226866,29.01464108425631],[-114.60286289435771,29.017562059358813],[-114.60687762963639,29.020119096599387],[-114.60452516993747,29.022230078346677],[-114.60472861417185,29.027433959163766],[-114.60846466637814,29.05679383148721],[-114.61255846315534,29.063783091914882],[-114.61641552672964,29.06245497996481],[-114.61850647757286,29.063180714882254],[-114.618589758658,29.06605986364254],[-114.620835375943,29.068787320322883],[-114.61935162038768,29.070222849964384],[-114.6211268601923,29.07800475719627],[-114.62728181722953,29.090225444939392],[-114.6361071102883,29.097960549723645],[-114.63948023652237,29.096898570080675],[-114.6452338018329,29.098442438572132],[-114.6521181488034,29.09665170128326],[-114.6656489842936,29.108483241963537],[-114.67584105989506,29.113202958186115],[-114.67801623182372,29.113179703098552],[-114.68333218201677,29.108966715380504],[-114.69640000333261,29.110403778530543],[-114.69910388867108,29.107822608725684],[-114.69964499283876,29.10328324137615],[-114.70264665721704,29.101152304070546],[-114.70525417000064,29.106232859494455],[-114.7074823494609,29.106565879382572],[-114.71042990022298,29.111432894826564],[-114.71606624853882,29.110061730551116],[-114.71526994011164,29.11286082975859],[-114.71844705958162,29.11684251942362],[-114.71749028934921,29.120812819340756],[-114.7226781747943,29.126355089362413],[-114.72141408652371,29.127851175373745],[-114.72321655257036,29.13245161239348],[-114.66715339956605,29.17560130695323],[-114.37369564816123,29.135697548767126],[-114.33168646997916,29.049215178657576],[-114.29684653921827,28.92337632758995],[-114.29219291535742,28.86598906384012],[-114.26552068887435,28.852151522895827],[-114.18457859132452,28.734026583283363],[-114.12437341891733,28.690836753708084],[-114.14795098047541,28.587895008218446],[-114.16144763053785,28.569533429424528]]],[[[-114.27693711184342,28.670407725122],[-114.27766493200855,28.668690726313017],[-114.27937949032473,28.669345599314962],[-114.27864064140932,28.670432979131338],[-114.27693711184342,28.670407725122]]],[[[-114.27849049281578,28.69390761976984],[-114.2804410690693,28.692911924437226],[-114.28075812938496,28.69367966469866],[-114.27849049281578,28.69390761976984]]],[[[-114.35227944044281,28.767838196832447],[-114.35112855918807,28.767146759610906],[-114.35232051756826,28.76715645840914],[-114.35227944044281,28.767838196832447]]],[[[-114.61579978869914,28.96570967218752],[-114.61619331137312,28.965307956574176],[-114.6162141446113,28.965726155929218],[-114.61579978869914,28.96570967218752]]]]}},{"type":"Feature","properties":{"clues":"BCIMB000133"},"geometry":{"type":"MultiPolygon","coordinates":[[[[-113.6382323842507,28.506186801841395],[-113.66609461451837,28.494053773925923],[-113.77278490233988,28.45789431978645],[-113.8026788677746,28.439927396088567],[-113.874343638135,28.5404832746438],[-113.85030553742722,28.66094444311052],[-113.93382136911814,28.694161941785623],[-113.98344817405659,28.775534502585955],[-113.91806458807507,28.96717793985617],[-113.90899054763362,28.982213216660327],[-113.85748670290317,29.034652899107172],[-113.84974810300662,29.18668319705563],[-113.84833681614327,29.39024570970128],[-113.82361890948167,29.428676209910364],[-113.81245000037921,29.42816951572399],[-113.80553766562308,29.426164819985857],[-113.79759026565351,29.417931885266036],[-113.78850964777273,29.417551171539717],[-113.78620751957756,29.4162127241257],[-113.7856661919979,29.41357449696534],[-113.77869045744882,29.41281261737531],[-113.77220214251663,29.409702186092037],[-113.76790364719982,29.39890609557268],[-113.76361260581794,29.395429464881808],[-113.7615995818945,29.391503353966932],[-113.73045826660831,29.367762033779755],[-113.72599654039824,29.36684564413183],[-113.7248543985826,29.364028957277537],[-113.72244769320409,29.36277045989425],[-113.71657028514186,29.349140512346562],[-113.71030271433965,29.34563976234393],[-113.70975791629672,29.342540514076934],[-113.70699794037594,29.34194217890533],[-113.7033909146081,29.335705334039016],[-113.69790625682722,29.330632323169088],[-113.69486340271327,29.32450045239194],[-113.68971995973989,29.322305637374857],[-113.6888728716708,29.3201929141811],[-113.68444707378563,29.319450522014378],[-113.66843710450121,29.304624639299046],[-113.6582769885344,29.302029555958775],[-113.65663991908272,29.297356294504855],[-113.64623959975161,29.29189634321555],[-113.6437976780738,29.28693516722007],[-113.63751590073207,29.28358905027624],[-113.63319122976013,29.27461253288654],[-113.63156498822732,29.264176216766906],[-113.62567820146224,29.25607891194689],[-113.62527845225836,29.253285424489892],[-113.63673793548202,29.24299187607127],[-113.64373969761844,29.23163867451601],[-113.65296287464561,29.224214323299005],[-113.65656380318784,29.216259027743636],[-113.6562961143034,29.20932408929088],[-113.65449819273407,29.20591146636978],[-113.64834300426239,29.203183652429274],[-113.64429792018773,29.203381622860135],[-113.64473345623178,29.201481100251772],[-113.64055393289227,29.2002604372712],[-113.63919764042228,29.19806538418517],[-113.63916194841006,29.19293288599561],[-113.64300596802757,29.184256181912858],[-113.64036476549062,29.18091898786079],[-113.6362494881225,29.178913102027053],[-113.63532625660567,29.173352302189706],[-113.63194742336269,29.172156623149462],[-113.62974023536383,29.17506027946226],[-113.62715459271827,29.175394355068256],[-113.62346047971029,29.168711044655844],[-113.62380312207017,29.163770885943446],[-113.62088173942254,29.160940517970104],[-113.61294799441497,29.160094378861704],[-113.61130497664081,29.16084271956956],[-113.61136684318676,29.163585048526738],[-113.60913966688857,29.163656431777795],[-113.60762633026093,29.16190395948513],[-113.60833659895243,29.15627177388682],[-113.60510648067438,29.145860443199822],[-113.59328174887742,29.130402274464473],[-113.58301675399684,29.12695800477142],[-113.57787711905857,29.119273535328027],[-113.57139903647739,29.116585933896257],[-113.56698751537797,29.10705976237826],[-113.56729803514274,29.09452833048217],[-113.5634254619672,29.090609358210703],[-113.56294659598382,29.08594739932622],[-113.55736081121815,29.08197964847689],[-113.55555921379715,29.07709567660274],[-113.55201298381544,29.074028789453553],[-113.55062528261236,29.067841237968953],[-113.54816587210273,29.065339472881828],[-113.54288584845202,29.063904657788168],[-113.54308334282779,29.062093887784734],[-113.5387098938444,29.058032147867152],[-113.53973782138881,29.056119061595318],[-113.53745329995641,29.048855360293715],[-113.53898698246248,29.03985945124116],[-113.53450788527535,29.03609990280543],[-113.53447171688796,29.032349872635127],[-113.53825030070914,29.03108399916675],[-113.53705295603798,29.03653962713027],[-113.54112647388355,29.039300316961498],[-113.54501034968996,29.040592840340295],[-113.54910302312273,29.03996466356176],[-113.54879845174776,29.03816579043234],[-113.55270647760247,29.035769197361006],[-113.55592731720915,29.02787652478813],[-113.56073085453023,29.023284165519325],[-113.56305276647367,29.007342891237077],[-113.56069353009208,28.999316969269742],[-113.55087468382865,28.991075706336794],[-113.54719484812676,28.985029496436976],[-113.54650956264064,28.966608897778766],[-113.54179109231033,28.955776402616074],[-113.54246983883856,28.953841582606305],[-113.54535314528121,28.962511466770913],[-113.55620824563144,28.95388996617158],[-113.55736718607662,28.946745158085328],[-113.55087982441452,28.936077557937587],[-113.547567614035,28.933290020258628],[-113.5481148898655,28.929791022184745],[-113.54528333157448,28.923342683039426],[-113.5397344288675,28.91785088685816],[-113.53480834867467,28.90599760227163],[-113.53121993352126,28.904447536920138],[-113.52698646627526,28.899991247856587],[-113.52608117828204,28.893074570207954],[-113.5161519411031,28.889835765843948],[-113.50346703356382,28.889381288947213],[-113.48906868438235,28.891149587616077],[-113.47956035767243,28.894283337547424],[-113.47799348263248,28.896888846801897],[-113.47904282509266,28.902695921474294],[-113.47524520555372,28.90520863244072],[-113.47583412199866,28.908021154979444],[-113.4714797088414,28.914227979258765],[-113.47276818750451,28.916787090351093],[-113.4780363130595,28.91778646291492],[-113.47696555615785,28.920031485570846],[-113.48092616857016,28.918834020795842],[-113.48067930043614,28.920957690391752],[-113.48313490412684,28.92061445302291],[-113.48455068251279,28.922752992957015],[-113.483527514588,28.924829073598595],[-113.48587723184231,28.925334708418223],[-113.48735414755343,28.928044596922547],[-113.48604782381653,28.932459687405146],[-113.48026573446421,28.931817232945324],[-113.48101526444242,28.93669988683005],[-113.48316034750614,28.937949104270434],[-113.48148996623667,28.94181096929572],[-113.47438846489018,28.943520612338613],[-113.48001351079007,28.94777984764316],[-113.47195725116052,28.947608525989626],[-113.46999122129697,28.949321737599927],[-113.46186119800659,28.944524744320034],[-113.45788079198996,28.94393507650279],[-113.45493026110638,28.945145626605562],[-113.45293746180381,28.949363221527776],[-113.44683711912208,28.95119540621342],[-113.4464236884404,28.950133572274517],[-113.45096845763469,28.947837392045358],[-113.4530147954924,28.944800605352743],[-113.45551917701798,28.944202765142204],[-113.45259541462187,28.939304050593393],[-113.44724460216757,28.93966691715879],[-113.44581692527859,28.94115110603541],[-113.44788884112515,28.945622113152112],[-113.44097650703183,28.948749914877745],[-113.43830080346704,28.95979275633417],[-113.43436755354546,28.956640445905315],[-113.43302165086979,28.952131732552843],[-113.42408915433873,28.94905746848632],[-113.4234514590727,28.94674463263557],[-113.42596892867418,28.94451745722472],[-113.42594037543378,28.939492035614276],[-113.42857205936113,28.937169681570428],[-113.42868413201903,28.935069093084135],[-113.42340172787185,28.930768217034693],[-113.42322921683434,28.92832927029562],[-113.41685820994613,28.924379364559325],[-113.41105827445095,28.92408193198753],[-113.40518576421351,28.926187755575025],[-113.40537136189813,28.933081944862813],[-113.40122634132369,28.9357505114679],[-113.39800455078922,28.93540667880988],[-113.39638413774922,28.9380919013982],[-113.38666808513995,28.940168218228813],[-113.38484636960085,28.938738638220677],[-113.38551071524917,28.93655809990078],[-113.38266583222155,28.935949910003302],[-113.38634828608653,28.929155239840245],[-113.38933760197656,28.930413499365784],[-113.39113647531943,28.929103606455396],[-113.39417980551757,28.920469374336303],[-113.39391330607748,28.91504658320927],[-113.39208587995152,28.912538631416208],[-113.38988650399405,28.91288922495484],[-113.3873595164677,28.910516901800957],[-113.3747245787703,28.90881082899251],[-113.3678106597897,28.9038747858923],[-113.36895518070891,28.901779671545974],[-113.37488836689559,28.900725569903447],[-113.37810563564717,28.902056163789855],[-113.38057254279254,28.89468340449763],[-113.37929060769662,28.891637694432884],[-113.3721127262978,28.886040250385083],[-113.36771548195802,28.877249570509246],[-113.36361519500588,28.875633440361696],[-113.36117862683103,28.8763092070562],[-113.3571506748248,28.873893578634142],[-113.36604795594488,28.87029392898463],[-113.37030814329958,28.861246267257673],[-113.36866155619637,28.849929549871383],[-113.37065613867986,28.83678891722261],[-113.36397513804994,28.822347061560933],[-113.35143490245927,28.816852648203426],[-113.35595349863085,28.812987689470912],[-113.35615694334865,28.809943169442047],[-113.35386671144644,28.80550963772093],[-113.35008634337849,28.80290710287729],[-113.32636252198488,28.801989820200497],[-113.31152360842799,28.803622725962445],[-113.30866805678397,28.805041003318788],[-113.30758230759021,28.80820497353139],[-113.30275105102433,28.809592674047234],[-113.30257877775921,28.812636480827635],[-113.30039205251308,28.811687076465166],[-113.29518103404017,28.8137143771373],[-113.29491643785988,28.818592018584617],[-113.28885166680725,28.818063777585298],[-113.28563130490922,28.819905955865355],[-113.2866598270611,28.825848540772615],[-113.27721860096335,28.830935948085035],[-113.27108800049623,28.83055437639584],[-113.26678783842233,28.8326521089447],[-113.2649696116992,28.836397287171653],[-113.25980784735486,28.840732665482584],[-113.25359959626826,28.839726034239725],[-113.25151090517993,28.840709703243753],[-113.24843830750147,28.836796560548528],[-113.24549919568346,28.838881920479665],[-113.24240994191307,28.834038527379853],[-113.23921932336069,28.835986115898812],[-113.23395119653253,28.83575673645224],[-113.23046350106972,28.827975778997995],[-113.22074578311997,28.82498836641451],[-113.21388749385109,28.814710610525026],[-113.21226327436462,28.80309110685491],[-113.20723785175005,28.799507639594726],[-113.20123209270785,28.798208453134137],[-113.19636720468937,28.792419859429742],[-113.19867909011603,28.779024446480527],[-113.19645191419434,28.774625298236323],[-113.19393920331784,28.77396856742389],[-113.19189822091718,28.764346264518192],[-113.19459134227759,28.752283222021482],[-113.19422942555703,28.744780306143173],[-113.19144926363295,28.7415737441394],[-113.19183188140308,28.738562298310406],[-113.18867314705331,28.73371343203716],[-113.18932369073006,28.730172081474144],[-113.18550453648317,28.727528262067068],[-113.18687320314886,28.72512405439616],[-113.18512953395266,28.72385247044747],[-113.18480783048074,28.720172871811272],[-113.1818091394128,28.71806918997323],[-113.18243160595685,28.71559645422023],[-113.1768363038361,28.713934401618864],[-113.17505622917827,28.71147356177078],[-113.17669329825067,28.704765385791177],[-113.17468122606897,28.702829455857927],[-113.17292875331171,28.703362138145124],[-113.17478782614579,28.700914868024654],[-113.17326877756686,28.695251275653682],[-113.16875351287793,28.69186672933657],[-113.1688337395407,28.68436631147443],[-113.15956746500987,28.66157363311347],[-113.15205973330399,28.65274825400484],[-113.13474772677672,28.642140675832852],[-113.12879439380195,28.632309748040488],[-113.13082443230954,28.601639686589124],[-113.12628442019117,28.586302632418818],[-113.12183006874284,28.581366678247687],[-113.11984785185983,28.567848513052372],[-113.11445126500354,28.558351564285548],[-113.11225555652419,28.542018007163477],[-113.11372844374486,28.52709640867834],[-113.1095491575513,28.5198685573878],[-113.10776432508646,28.511259905034613],[-113.10380801867075,28.505371572350334],[-113.09243419512563,28.497564560412382],[-113.08035885026236,28.49389483979745],[-113.07926429798395,28.492557583088747],[-113.08030650209783,28.490002041907573],[-113.07571890134926,28.485376368746685],[-113.064278452643,28.48206891937557],[-113.05685067797616,28.477983521216775],[-113.0395699031262,28.475177368926747],[-113.14547050217878,28.41574457461203],[-113.26784771446191,28.429671073636953],[-113.3011103390628,28.4066793863831],[-113.33868100047314,28.406040058154804],[-113.50127487588671,28.469624394320604],[-113.56502873282074,28.52168307843003],[-113.62334305073503,28.510382913011878],[-113.6382323842507,28.506186801841395]]],[[[-113.60679513763564,29.16841287877737],[-113.60719728972181,29.166403482976648],[-113.60806109832147,29.16603868648388],[-113.60821394353091,29.16813097762913],[-113.60679513763564,29.16841287877737]]],[[[-113.55902607440363,29.546099496785907],[-113.56053612276285,29.54984646497129],[-113.55777375099355,29.55445722387494],[-113.55669836136224,29.552437871092923],[-113.55902607440363,29.546099496785907]]],[[[-113.55998529127491,29.560652513052496],[-113.56177989697834,29.558844237627323],[-113.55996995938183,29.556432430709023],[-113.56077357843873,29.554951071434402],[-113.56216693844739,29.5601824708985],[-113.56398732008932,29.5523329270041],[-113.57628026068512,29.546407050130277],[-113.575702587092,29.549309273307994],[-113.57934271246029,29.560990825947318],[-113.56795393690786,29.564862702539912],[-113.56668882573592,29.56650335632058],[-113.56469341057333,29.56228759443652],[-113.55998529127491,29.560652513052496]]],[[[-113.48306205180317,28.955939999618238],[-113.48228931721914,28.956438027235652],[-113.48062901715906,28.955423442959155],[-113.48306205180317,28.955939999618238]]],[[[-113.47351345999056,28.956339845388097],[-113.47740490737382,28.95592679475822],[-113.47461771788656,28.95718727323094],[-113.47351345999056,28.956339845388097]]],[[[-113.4813819086966,28.967295952331018],[-113.48079979462948,28.97430433400263],[-113.48492862739711,28.976838378645564],[-113.48510989697428,28.978897033460274],[-113.47739000516843,28.975207921688327],[-113.47539741724793,28.971230264622214],[-113.47602018798365,28.96730726181142],[-113.4786293825329,28.96631448187732],[-113.4813819086966,28.967295952331018]]],[[[-113.50704961213403,29.000069091125603],[-113.50202323262543,28.99385262457143],[-113.50484973804276,28.991690141644902],[-113.50889133624932,28.99324428552546],[-113.51157379850366,28.988747219619803],[-113.51696266197463,28.99383528707944],[-113.51536982382417,28.99944274892697],[-113.5129812063013,28.998676636080482],[-113.51230111301906,28.999838714095045],[-113.51556994000133,29.002015480793045],[-113.51303788341005,29.003095101112876],[-113.50704961213403,29.000069091125603]]],[[[-113.51850994065252,28.997548329886243],[-113.51879304499346,28.996533081995516],[-113.51808239347717,28.995122527162284],[-113.52070758729015,28.997038779862365],[-113.51850994065252,28.997548329886243]]],[[[-113.51967356401283,28.998682136623824],[-113.5212077355797,28.998373821215786],[-113.52110384838821,28.999427059138785],[-113.5202913943339,28.999571950408487],[-113.51967356401283,28.998682136623824]]],[[[-113.52194217427696,29.006951769919723],[-113.5212873809831,29.004845592875316],[-113.52431368176481,29.001603191686293],[-113.52393490485053,29.00546078480487],[-113.52194217427696,29.006951769919723]]],[[[-113.5107578574316,29.011730693210886],[-113.51537504199632,29.0095509349832],[-113.51607796364542,29.0106996912745],[-113.5107578574316,29.011730693210886]]],[[[-113.52502417132142,29.013318409462254],[-113.52474732712804,29.010775074484997],[-113.5249974372539,29.010720087910784],[-113.52502417132142,29.013318409462254]]],[[[-113.51076076657,29.014020507585492],[-113.51652886397746,29.013995414808214],[-113.51449158314286,29.01641966215569],[-113.51076076657,29.014020507585492]]],[[[-113.50653478897426,29.013872414984974],[-113.50499937459662,29.014819776950286],[-113.50651474705127,29.01371124100936],[-113.50653478897426,29.013872414984974]]],[[[-113.49874765499109,29.027840209470458],[-113.49837485486209,29.027091738317125],[-113.4991085950989,29.027819692187528],[-113.49874765499109,29.027840209470458]]],[[[-113.51253596091327,29.0621398651663],[-113.51243668232365,29.061147267340427],[-113.51259446554577,29.061094265103762],[-113.51300270941451,29.061422766643],[-113.51253596091327,29.0621398651663]]],[[[-113.50814284998759,29.095541992441905],[-113.50216966402172,29.08991132982045],[-113.50817894608717,29.08023774000784],[-113.50303094879465,29.076830236111263],[-113.50293920554812,29.073749512507433],[-113.50600799946116,29.069242758400666],[-113.50430036097492,29.06715267516233],[-113.50551658029468,29.063279127051263],[-113.49924764943084,29.0549106736655],[-113.50272519273894,29.04982912215293],[-113.49678010169254,29.047433115558217],[-113.49577688052648,29.041404447080705],[-113.48915277618109,29.037723270173004],[-113.4941462225234,29.036504703239704],[-113.50118380744019,29.03929675682734],[-113.5045260686283,29.03913986349225],[-113.50709776412634,29.041643141048308],[-113.50661040522814,29.04349726503123],[-113.50308411084349,29.045269914153057],[-113.5069746500112,29.04732133343085],[-113.5025021315725,29.047496305492974],[-113.50291329781794,29.049175813775868],[-113.50664550952874,29.04906353051454],[-113.5069023868604,29.047495878700193],[-113.51378850470314,29.052102600782717],[-113.51315934029877,29.057490251213977],[-113.51051588144556,29.058022581717328],[-113.5093899002057,29.060217643291477],[-113.51058011489785,29.063318298584864],[-113.51296545192453,29.06385955855838],[-113.51560177832194,29.07057241190932],[-113.51457547411907,29.076436133104913],[-113.5214880882273,29.080113940454627],[-113.52041530466744,29.07741875734193],[-113.51860122603136,29.077897798430097],[-113.51989071295928,29.077021614370597],[-113.52183596813401,29.078340823362808],[-113.52766891153358,29.093160552252094],[-113.52652406624463,29.095884712901555],[-113.50814284998759,29.095541992441905]]],[[[-113.5218518330566,29.06963605489123],[-113.51603905014424,29.067380092775892],[-113.51489007481655,29.064819548511167],[-113.51783601002256,29.065066756417686],[-113.5218518330566,29.06963605489123]]],[[[-113.52727134771936,29.098416774838455],[-113.52903732916783,29.096324149337484],[-113.53084582003466,29.0961661590154],[-113.53001637280167,29.09848136208296],[-113.52727134771936,29.098416774838455]]],[[[-113.53470889206798,29.564086997990795],[-113.53463368009562,29.561855739482088],[-113.53920620177304,29.5638114567371],[-113.54418102968982,29.56376059319046],[-113.5452879413401,29.565543509908203],[-113.54132427724306,29.565200308801042],[-113.53978270365627,29.56640476795577],[-113.53470889206798,29.564086997990795]]],[[[-112.88809784834989,28.67787836425299],[-112.89032409787642,28.6742266917138],[-112.89403760592599,28.678556426340148],[-112.89068124687095,28.677920859881116],[-112.88809784834989,28.67787836425299]]],[[[-112.93063769044613,28.709222677726526],[-112.93045783887125,28.707574890014403],[-112.92610254231248,28.70619546104074],[-112.92077756461427,28.699692173929236],[-112.91582030627723,28.698224118903024],[-112.91543308548707,28.700089830320298],[-112.91321155380241,28.700736610907565],[-112.9127347366159,28.69840957477961],[-112.9095873399735,28.696462006107794],[-112.90732891337974,28.698177464387967],[-112.90149570795639,28.69561028110983],[-112.89761047600459,28.69723174750241],[-112.89843366142526,28.684700848761583],[-112.89506545069963,28.68231990986016],[-112.89507185345994,28.67990497609577],[-112.89884318372489,28.683497019787048],[-112.90989971848235,28.687899436876428],[-112.91460451804387,28.69128592769236],[-112.92634142951152,28.694302383612136],[-112.92984707507428,28.697540156437153],[-112.93136952963295,28.6964258391645],[-112.93482775650367,28.70153177897827],[-112.9333949926269,28.702453289947474],[-112.933772039737,28.7052060113991],[-112.9320352044249,28.705148781333826],[-112.93328887057297,28.709913368462196],[-112.93063769044613,28.709222677726526]]],[[[-112.90365610771872,28.69852573231219],[-112.90448465559166,28.698933118138726],[-112.90413578823353,28.699315974919443],[-112.90365610771872,28.69852573231219]]],[[[-112.96192800736257,28.723628847267033],[-112.96291976563937,28.723252952327602],[-112.96450397246545,28.723877435705695],[-112.9632112770713,28.724939989169854],[-112.96192800736257,28.723628847267033]]],[[[-112.96007529389782,28.734542407330785],[-112.96086427980994,28.733841754957588],[-112.95788476368924,28.729969583284632],[-112.95515999938893,28.729768524512433],[-112.95291997350455,28.72568264072869],[-112.95274465551603,28.72854363636021],[-112.95083520060754,28.727420261257098],[-112.94678588792925,28.722126334439],[-112.94628990120134,28.717161663221237],[-112.95019706259397,28.720641171475545],[-112.95176103212114,28.724802975240905],[-112.9540299228652,28.72246363223692],[-112.95701092740794,28.724565608489613],[-112.95787557399782,28.722584816301836],[-112.95837996342539,28.727794499986636],[-112.9601185716709,28.727383426478905],[-112.96307703098265,28.731802792916387],[-112.96566886095692,28.7311313211316],[-112.96357747138829,28.734336338199856],[-112.96007529389782,28.734542407330785]]],[[[-112.9664636983043,28.73436804146546],[-112.96641992304558,28.733353126799067],[-112.96709631292134,28.734058107699507],[-112.9664636983043,28.73436804146546]]],[[[-112.98558167359332,28.826495997907635],[-112.97513832762496,28.825101652476892],[-112.97671793621711,28.820974895499315],[-112.98160403217662,28.821009200328454],[-112.98634650612158,28.824028052599232],[-112.98558167359332,28.826495997907635]]],[[[-113.35828175412132,28.827413471960078],[-113.3575242700499,28.82650722196079],[-113.35846519555757,28.82598606589157],[-113.35828175412132,28.827413471960078]]],[[[-112.99855727863849,28.836541212853927],[-112.99938948637752,28.836874812098756],[-112.99850403160453,28.837047039966038],[-112.99855727863849,28.836541212853927]]],[[[-113.3579861800879,28.882486947352376],[-113.35910735469996,28.883433139305524],[-113.35792271947928,28.882952813840067],[-113.3579861800879,28.882486947352376]]],[[[-113.02700929817385,28.886842104216413],[-113.02888842604257,28.88538114209163],[-113.03133263279928,28.887489097680067],[-113.02970673621984,28.8884442599257],[-113.02700929817385,28.886842104216413]]],[[[-113.03273419091535,28.899342114565382],[-113.0327459591261,28.895695104382607],[-113.04006389346391,28.888282914055875],[-113.04037907103698,28.884529082661807],[-113.0453458837738,28.884158315116096],[-113.04664389255653,28.886784840344344],[-113.04476877640198,28.888925642447138],[-113.04803213039843,28.894403549031995],[-113.044504576334,28.89007260031252],[-113.04127900113738,28.890533091663173],[-113.03759184946848,28.896131726550774],[-113.03908985534319,28.900136338414566],[-113.03273419091535,28.899342114565382]]],[[[-113.04342112302965,28.912172544165262],[-113.04336334370866,28.910698027707294],[-113.04431800565527,28.911284141258488],[-113.04342112302965,28.912172544165262]]],[[[-113.38355209333645,28.922357061641943],[-113.38527978293838,28.9247100338964],[-113.3845527889741,28.92655398883062],[-113.38355209333645,28.922357061641943]]],[[[-113.46293449482255,29.011807365869245],[-113.46697771097934,29.01485646339387],[-113.46997218049036,29.024480599548973],[-113.46423634619858,29.021587337947356],[-113.46104763153008,29.016328843614207],[-113.46025035061065,29.013287352589636],[-113.46293449482255,29.011807365869245]]],[[[-113.16579508443577,29.113130302147688],[-113.16318873049063,29.10580241515198],[-113.15604565174745,29.099552602868727],[-113.15387292280909,29.09503586895052],[-113.15600324343536,29.089347283734316],[-113.155915188881,29.07916973452927],[-113.15317084218636,29.071712459164235],[-113.14975363370915,29.06943012872976],[-113.14836889265393,29.06618641356318],[-113.13405838352662,29.06189510332767],[-113.12465989705717,29.061283923328507],[-113.12546218106148,29.057737400249813],[-113.12350498228965,29.056373929319133],[-113.12169685968149,29.057941835781097],[-113.12091075348434,29.056114435710185],[-113.11407088498575,29.055160763918856],[-113.10019914366055,29.05622632512205],[-113.10639009088116,29.04727373149138],[-113.1151533963224,29.028559827339162],[-113.11404758390505,29.012339844274475],[-113.11692534416142,29.003564107559487],[-113.11614943058808,28.98698557595436],[-113.12241825864619,28.98737198405823],[-113.12245615323182,28.989571058645858],[-113.13927536430718,29.002846718832224],[-113.14971558921366,29.006024372399743],[-113.15119391555645,29.010848141491692],[-113.154627818483,29.015024751445402],[-113.1610387133177,29.018625705362837],[-113.16577485329066,29.018882836748624],[-113.17908146674482,29.0267477960428],[-113.1885887055946,29.02836197960041],[-113.1973105906896,29.040556933635763],[-113.19782082516106,29.044703448599964],[-113.20035065528342,29.04800268805916],[-113.21252993250404,29.051951520165726],[-113.21971104466154,29.05640594548028],[-113.22136116580415,29.0591269779829],[-113.22958211612769,29.05936170597617],[-113.23422768151609,29.06119813634514],[-113.24168641386112,29.06714472536439],[-113.24395014033036,29.067131433079386],[-113.2487880406614,29.07312445978633],[-113.24759809251118,29.076539844386026],[-113.24984155810235,29.080193460026337],[-113.24991137142928,29.083957396988275],[-113.25265459525927,29.086582875789663],[-113.25534608489717,29.0867556337041],[-113.25975541977289,29.09171406107963],[-113.26402117184155,29.10455264429786],[-113.27394821150074,29.112749727994235],[-113.27734153417471,29.11880952951039],[-113.28628828264559,29.127201113957508],[-113.28677740362212,29.12944053660042],[-113.29352333841429,29.132772053600032],[-113.29605024435622,29.13714524143529],[-113.29827443515633,29.13671414218528],[-113.29720652294178,29.139118617205433],[-113.29835207671981,29.13908836936994],[-113.3006907106582,29.145102148098964],[-113.31350374447014,29.14816660515036],[-113.3197456053465,29.157204815060595],[-113.32469308921088,29.15730938846314],[-113.3283549666894,29.161189390670128],[-113.33024085631267,29.160847436498596],[-113.33038687111146,29.162300685711735],[-113.33275576073626,29.16147980569847],[-113.33155336948676,29.15948425491058],[-113.33701074318596,29.163315971724597],[-113.34262810335944,29.164304637836434],[-113.3445924908765,29.166458090994965],[-113.35060663504254,29.16858270765373],[-113.35654718545698,29.17409986325456],[-113.35627832030441,29.17628493636181],[-113.36386757218004,29.18743604488274],[-113.36976433492254,29.19137469176471],[-113.38094636102446,29.195777013036327],[-113.3859220130127,29.19627107601792],[-113.4044111299711,29.209465714026802],[-113.40415938511555,29.21329885822734],[-113.4099620724388,29.217088010676505],[-113.41141347100596,29.22194832782254],[-113.41413803476478,29.223404800035937],[-113.41465677345415,29.225973467648462],[-113.41801697041409,29.226813947753676],[-113.42206451070126,29.2324115292995],[-113.42254326127515,29.23622672572522],[-113.43031274456973,29.242956351685358],[-113.43119287595566,29.24734129039002],[-113.42819441991952,29.247052978733706],[-113.42740975642248,29.24875622019209],[-113.42782650881549,29.255013503119514],[-113.43024951870588,29.259060315251254],[-113.43480412134771,29.259392908504807],[-113.43877847422078,29.26990469706712],[-113.44282410819245,29.275677409683855],[-113.44963742431169,29.280130730019856],[-113.45446792570486,29.279697615217906],[-113.45607910215794,29.278272454716127],[-113.46465268548415,29.281258523779734],[-113.47399389638545,29.277775291326414],[-113.4790839415554,29.281211550877227],[-113.48675791790727,29.280599325449902],[-113.49427005308883,29.28421031795332],[-113.4969208555567,29.283793661521788],[-113.49682501572416,29.288831360993147],[-113.50328315045017,29.2977482741433],[-113.50300982757042,29.304781933165152],[-113.505802658502,29.309127221650506],[-113.50508922650577,29.317082893950708],[-113.50729003084712,29.323194572423876],[-113.514299900429,29.329889458519418],[-113.52548148979626,29.334818828172686],[-113.53140817753587,29.35182035507644],[-113.53926708220541,29.35664073139405],[-113.54212388682542,29.366643312335132],[-113.54572720212695,29.371562702996002],[-113.55773911274612,29.379049258287964],[-113.55756955367757,29.386291649188724],[-113.5614849385852,29.38763737052163],[-113.56642131410113,29.392404393898097],[-113.57198881720802,29.401869179353127],[-113.58821736018471,29.408923934651035],[-113.59242942629325,29.4175260027443],[-113.58836944721797,29.42741785982833],[-113.59072277936494,29.43481659494772],[-113.59443472958866,29.43844947108825],[-113.59225615870825,29.451030154383986],[-113.58428365619042,29.463137323824167],[-113.58521694990392,29.464345758030063],[-113.58316415811177,29.464213087613523],[-113.57788602454139,29.46820479630708],[-113.5754598684259,29.480660632164135],[-113.56829676166235,29.48907602525869],[-113.56766456251188,29.498183370702975],[-113.56618784648971,29.502849648007732],[-113.56371483844052,29.504737574581732],[-113.56456219209613,29.511757203622224],[-113.57004794293233,29.515295353374917],[-113.56909434310228,29.52166961879604],[-113.57241700789827,29.52257190977538],[-113.56799631726567,29.52860856898303],[-113.57222705891375,29.535659601157796],[-113.57212327450122,29.538355394759623],[-113.56888030789025,29.540920536356097],[-113.5671320436046,29.540559313454093],[-113.56484418296006,29.543884842052396],[-113.56322958823289,29.542845830794487],[-113.55869076747524,29.546006066044207],[-113.55764027643973,29.54451824738284],[-113.5607797448558,29.5393732845846],[-113.55947504619226,29.53778896556048],[-113.56035378291237,29.53618505201928],[-113.5585046524327,29.534783125527444],[-113.55600150091932,29.534126585865526],[-113.55292309857371,29.537916658875194],[-113.55357920045074,29.534345512091058],[-113.54550337890721,29.533988880830652],[-113.54171298810876,29.535224150589567],[-113.54065671596268,29.538731092994123],[-113.53501404012407,29.53796728415942],[-113.535156569048,29.539457238984458],[-113.52759218791343,29.54125824538606],[-113.52681361372632,29.54306216618162],[-113.52478171275041,29.54328146795228],[-113.52396890338939,29.54475929089062],[-113.52599863840332,29.5507934427576],[-113.51391467058485,29.55147699272271],[-113.51137953669661,29.549437311395305],[-113.5127672584213,29.541563408022373],[-113.51152599333064,29.53816452364459],[-113.5048525788182,29.53765081512182],[-113.49382909038366,29.532875658295332],[-113.48988282973981,29.533990977045633],[-113.48535525864693,29.531829848449004],[-113.4743920238158,29.53109740798814],[-113.47680264537084,29.528296500972164],[-113.47640899333582,29.52588020855501],[-113.47435546757444,29.52428946846051],[-113.47165413481596,29.52488998765731],[-113.46890642613108,29.52005478256154],[-113.46168864550113,29.5180997991727],[-113.45631197931165,29.5127271621255],[-113.45627008972463,29.510833595218408],[-113.44628958698155,29.50658972689091],[-113.44164584437388,29.499989385809098],[-113.43711059104297,29.49708815315628],[-113.43560572948992,29.493199123528864],[-113.4310014174754,29.492055410723975],[-113.42751156721756,29.486207271023467],[-113.42842436678579,29.484333136012555],[-113.42539912519389,29.47385459516122],[-113.41715572296243,29.470608285468533],[-113.41711759165734,29.46658780825247],[-113.40973983989457,29.464545112437158],[-113.40656170133263,29.460657435587386],[-113.39336459142356,29.459249710221403],[-113.39209367201558,29.455746132050752],[-113.39409744182302,29.451784482357272],[-113.39295010835053,29.449278061650755],[-113.38481481538236,29.44357991219806],[-113.38387390459033,29.433587161707617],[-113.37280131675134,29.421914067388066],[-113.3690496961915,29.41240380619082],[-113.36537452454624,29.408434720511153],[-113.36636634418673,29.405980383422225],[-113.3616456691304,29.4013366571126],[-113.36334299001281,29.395441948385447],[-113.35204203261195,29.38734662813614],[-113.35180416113847,29.382908387063264],[-113.3619674770845,29.37375220177551],[-113.36661770525646,29.360983636748063],[-113.3750582735821,29.353842917923934],[-113.37614184481286,29.349513546966307],[-113.37593512531467,29.343980550887235],[-113.37205368889565,29.334823011289927],[-113.3700880076868,29.323634782345273],[-113.37144992166947,29.320205622594106],[-113.36945041758159,29.315515765546486],[-113.37067260701247,29.312354984189636],[-113.36510735716955,29.306677239738423],[-113.34496603359051,29.295746249752366],[-113.31252762506868,29.290580792491184],[-113.30442881491219,29.291314217869008],[-113.29768069650768,29.283014071394128],[-113.29444022174222,29.281254865680793],[-113.29103246358325,29.28200800723996],[-113.28836229683307,29.280755400317435],[-113.28840157987942,29.282649867716284],[-113.28272324840641,29.288417698361105],[-113.27853171378361,29.2873850531476],[-113.27656598102068,29.288275727320226],[-113.27602882122575,29.290547377573855],[-113.27426680607194,29.28480515198212],[-113.26885821367118,29.28555224773972],[-113.26719726015062,29.288598831762776],[-113.26053804883293,29.28966188858495],[-113.26102777959387,29.283792977579076],[-113.25546026935068,29.282768426799613],[-113.24875826815686,29.28627725501662],[-113.24478960021229,29.286263203895913],[-113.23746658892044,29.289066938269542],[-113.21892597150763,29.288318660676225],[-113.20717409219706,29.28471051954759],[-113.20259255581313,29.285542340574303],[-113.20122669651468,29.287504386913035],[-113.19977214358734,29.285534637751617],[-113.19150417130649,29.289148396325288],[-113.18937866255186,29.287741940642242],[-113.18353968643018,29.2895504163496],[-113.18072123046211,29.288737438000805],[-113.1796276789063,29.28537357239902],[-113.17323693459706,29.283393371406543],[-113.16800488902342,29.279403926173437],[-113.1680230450275,29.276384614186757],[-113.17080637482086,29.274505488650334],[-113.17681341509478,29.265111785746274],[-113.17861993853246,29.247669282594263],[-113.17706159913557,29.2324688953777],[-113.17280695140158,29.227011010375097],[-113.17446233451689,29.216153556915398],[-113.17158696808903,29.208696524533146],[-113.17237663230907,29.19685587271326],[-113.16702694890584,29.19104133839076],[-113.17249882017636,29.17787760415224],[-113.17402327334867,29.166059509068248],[-113.17317760301454,29.14673411717344],[-113.17456104938205,29.127781036413197],[-113.17236034266384,29.121930483344894],[-113.16579508443577,29.113130302147688]]],[[[-113.08702802080117,29.062135962134164],[-113.09257798121531,29.06290832847719],[-113.09731320306322,29.06155548261295],[-113.09222109819873,29.064324249860043],[-113.09651876231145,29.065235714811813],[-113.09783674658325,29.063012121249336],[-113.09775920323844,29.065176688068842],[-113.09315666163575,29.067613329624436],[-113.08345116209578,29.06889687381191],[-113.08281339174368,29.06599300598653],[-113.08702802080117,29.062135962134164]]]]}},{"type":"Feature","properties":{"clues":"SCCSA000175"},"geometry":{"type":"Polygon","coordinates":[[[-112.43500278236483,26.890138402873028],[-112.44875102797154,26.93707974974533],[-112.44774106166133,26.946955300415016],[-112.46725582737278,26.956949672305985],[-112.48126623643647,26.980925853803782],[-112.46846985352032,26.992738534615906],[-112.46838248766588,27.015977082393935],[-112.45715507840745,26.997619555081528],[-112.44282587012816,26.997130957421966],[-112.44857846107386,27.01280183692743],[-112.42645682720607,27.02120082029597],[-112.41569016485182,27.057365204056417],[-112.41872731005328,27.07066583275887],[-112.4062567016366,27.080290687084023],[-112.40188127615254,27.088006148368244],[-112.39441192966423,27.09431814481591],[-112.363394272466,27.159090159930003],[-112.30914187132022,27.11094375245282],[-112.28365892343542,27.10766081024371],[-112.26741779073527,27.113340393013097],[-112.21039307096963,27.10168557616303],[-112.19404365429314,27.110083259004647],[-112.1502300178937,27.094905592645322],[-112.14494572290653,27.062636247207717],[-112.20375626649032,27.02508496726739],[-112.20451866673135,27.02302099395691],[-112.2410215593009,27.012573808441353],[-112.24743664896516,27.008104839032182],[-112.27910586339075,27.011701430729733],[-112.302154604325,26.98550924144083],[-112.30755080017714,26.974002552561508],[-112.27376502028687,26.937334794617097],[-112.27811511194479,26.922533336937036],[-112.32256431422014,26.889707101286238],[-112.37678366804057,26.94472599713376],[-112.43500278236483,26.890138402873028]]]}},{"type":"Feature","properties":{"clues":"SCCSA000180"},"geometry":{"type":"MultiPolygon","coordinates":[[[[-112.28847113585356,27.28777525256238],[-112.29047985455443,27.292935449630853],[-112.27461651182617,27.305565512487952],[-112.27265744409075,27.330664325921006],[-112.26749658226902,27.33423710362926],[-112.26727540559942,27.336544789769622],[-112.26454174555585,27.33867793982119],[-112.26355854264511,27.336674480372004],[-112.26267430631663,27.337623288323226],[-112.26345860488479,27.33662688919206],[-112.26195478594065,27.337642919278576],[-112.2634443281871,27.335753627305415],[-112.26131232996633,27.332479488851863],[-112.25319836934338,27.32783240183797],[-112.2434378191957,27.325598088687805],[-112.2419931795559,27.31937787880837],[-112.24374386935116,27.317786019151296],[-112.24385629908461,27.317425531456383],[-112.24172370606122,27.319062006368686],[-112.24148071376457,27.32527388619667],[-112.24278346794615,27.326508233367626],[-112.24126953580627,27.325737881731015],[-112.23454853788807,27.314934536338455],[-112.23127083025989,27.29621055795794],[-112.22573858190191,27.28844756731237],[-112.21721892334253,27.280866602993314],[-112.21381105913574,27.267376344005793],[-112.20880521952108,27.260647398704513],[-112.2288259613706,27.254079434503076],[-112.25536364637928,27.28331836839681],[-112.28847113585356,27.28777525256238]]],[[[-112.26051521052274,27.338213990104137],[-112.26078171085125,27.33792131752271],[-112.26205408654243,27.340619128508987],[-112.26051521052274,27.338213990104137]]]]}},{"type":"Feature","properties":{"clues":"BSIMB000095"},"geometry":{"type":"Polygon","coordinates":[[[-111.99599123423579,25.61969403989372],[-111.96286833795233,25.63660785551849],[-111.92985103749685,25.61546005863615],[-111.86647032012145,25.493259549156683],[-111.89344501661932,25.481620644567847],[-111.89453780123621,25.479748891884544],[-111.97558522512345,25.459350141932063],[-111.9939407626261,25.464030608075532],[-112.04660100331719,25.600049227206874],[-111.99599123423579,25.61969403989372]]]}},{"type":"Feature","properties":{"clues":"SCCSA000091"},"geometry":{"type":"Polygon","coordinates":[[[-111.73581277895867,25.062019443446523],[-111.7398028862331,25.06900639236711],[-111.74371276654003,25.070301147291193],[-111.74537241588982,25.079999222842055],[-111.75142158216707,25.087693000691267],[-111.74544632726293,25.103559057883558],[-111.74716924012449,25.10648388194361],[-111.76431797379273,25.10826674530384],[-111.76708123056298,25.112183701397516],[-111.76275164923987,25.1385529136492],[-111.7752322792097,25.13913731483423],[-111.78107759010389,25.15472430555131],[-111.77759560571047,25.166509216623467],[-111.75379178236076,25.18008608127866],[-111.74283368899017,25.169124011114768],[-111.74014671597709,25.16286890944001],[-111.72485896663052,25.16546317732569],[-111.72314148222578,25.17551817956279],[-111.70728434520571,25.17470727699563],[-111.70315261157968,25.178528243838816],[-111.68910837422116,25.173191962217587],[-111.6882513434405,25.16961631820187],[-111.6710161705689,25.156464342403034],[-111.67087037468497,25.15380188850819],[-111.64493607968336,25.142122415917967],[-111.63721108722959,25.134746975719892],[-111.66055397637666,25.126842259339295],[-111.66780817244256,25.100483297301455],[-111.65526192574468,25.091207722433108],[-111.66228332574002,25.07200729510463],[-111.6599236897095,25.06597048214989],[-111.66149609603397,25.05847602141354],[-111.66889426163083,25.045423318912054],[-111.67533547584611,25.046966072246835],[-111.67809889984908,25.044262199900295],[-111.68490819100442,25.04343276040906],[-111.69528801491332,25.049258996523246],[-111.69245386290338,25.05617591182096],[-111.6924453965824,25.061824706858577],[-111.70186458416262,25.06849342635833],[-111.71660609557671,25.05667576086098],[-111.73581277895867,25.062019443446523]]]}},{"type":"Feature","properties":{"clues":"SCCSA000142"},"geometry":{"type":"MultiPolygon","coordinates":[[[[-111.411219607612,26.025007088542647],[-111.42381075804016,26.009966357076767],[-111.47157196797585,25.991551601502056],[-111.54084728234574,26.051729822801683],[-111.52725139724636,26.069669257735317],[-111.47596583515634,26.102225719807805],[-111.46701117316066,26.119108862912277],[-111.46525127658904,26.14748694387133],[-111.48325395676383,26.17615628696873],[-111.47913618602614,26.194998810889658],[-111.44235966344523,26.186797094136157],[-111.37929973073294,26.195053822922446],[-111.37863893096853,26.18707598231707],[-111.37419397854968,26.179625413913698],[-111.36990805356332,26.175797376864647],[-111.36514449179637,26.17493387025422],[-111.3613554379888,26.167561349301675],[-111.36195434927407,26.160399171507965],[-111.3605771155569,26.155037690367557],[-111.35846605934016,26.15363095280588],[-111.35889816897063,26.14346208795825],[-111.35566422023031,26.13557851531943],[-111.3630614332076,26.108570029610636],[-111.38979589577988,26.0786868030835],[-111.38446550398048,26.059212344643687],[-111.35783018079785,26.072609626508363],[-111.3558584206559,26.067570364629855],[-111.38450100751426,26.058235791713372],[-111.38620573574816,26.04380092442276],[-111.34965620054376,26.054222131699326],[-111.3456684839303,26.051778261439914],[-111.35387639111842,26.03623111710388],[-111.37743053499031,26.032173208504187],[-111.39235325353341,26.036794154380676],[-111.411219607612,26.025007088542647]]],[[[-111.60592036098514,26.196780373050427],[-111.524089728873,26.24163116326305],[-111.52116684163829,26.236443876087577],[-111.5176586209566,26.213887575623723],[-111.53442909549862,26.18649929766139],[-111.60592036098514,26.196780373050427]]],[[[-111.48724070598917,26.204830634997226],[-111.47775442391517,26.234178536663833],[-111.47782837101644,26.2418037877532],[-111.406018676742,26.296441598614148],[-111.45747289793384,26.220056583197845],[-111.46558005455188,26.21650624475644],[-111.48313643623116,26.2023888811022],[-111.48724070598917,26.204830634997226]]],[[[-111.64394086354642,26.272299686660677],[-111.6422290721626,26.317308958845192],[-111.65342727639907,26.32884408381363],[-111.63349205846515,26.444294113425194],[-111.56830770206882,26.446248543835672],[-111.54360056386274,26.45823843422613],[-111.57876450941629,26.513787096000346],[-111.53857022553623,26.543424618749295],[-111.52926455739127,26.540678420524994],[-111.52322548493477,26.537173473064076],[-111.51548033857678,26.53693076800418],[-111.50853628273376,26.534369109410143],[-111.50678024109784,26.53181832684842],[-111.4992682834276,26.52993379390858],[-111.47591922729531,26.530786355448864],[-111.47376700367641,26.53157871624099],[-111.47235669815541,26.535534570134672],[-111.46716756900754,26.53540988643716],[-111.46343300487489,26.537979704328524],[-111.46012317458211,26.537610887258726],[-111.46341682493579,26.532724902342462],[-111.46213155902545,26.528644126665156],[-111.45717918700112,26.525503523601255],[-111.4561812412116,26.522535383874455],[-111.44692418602529,26.52064656839183],[-111.44207579570626,26.51793255441819],[-111.44393605852291,26.515217113336327],[-111.45145134781829,26.516110839110247],[-111.45322642557636,26.508984828865803],[-111.45682881146803,26.506098381304348],[-111.45478571489213,26.489000624702125],[-111.51199014177878,26.453229446237227],[-111.50625745545928,26.366334047063507],[-111.55348203264701,26.34397794029175],[-111.60932433474852,26.333478177746702],[-111.61842993465156,26.327771201001703],[-111.5497098054235,26.290405799809434],[-111.55317233442184,26.278797187860018],[-111.54820604116016,26.26667275617071],[-111.64394086354642,26.272299686660677]]],[[[-111.54619707701895,26.29068348109503],[-111.54159471536848,26.304442054368916],[-111.5314155675699,26.298599863257135],[-111.53627253932586,26.28624446905186],[-111.54619707701895,26.29068348109503]]],[[[-111.56770443270266,26.568065387827637],[-111.56551683512006,26.558742098237566],[-111.55314259712638,26.5498677202442],[-111.57957561104276,26.514721638943684],[-111.62110953317166,26.548824632356478],[-111.56770443270266,26.568065387827637]]]]}},{"type":"Feature","properties":{"clues":"SCCSA002657"},"geometry":{"type":"Polygon","coordinates":[[[-110.91849057728658,27.977972611697144],[-110.92050145672572,27.981098135612463],[-110.91293286720779,27.989418890405503],[-110.90740543429828,27.98704174150454],[-110.90450225373223,27.987861283419026],[-110.89788155449148,27.990871686446372],[-110.8930643735455,27.996194897309426],[-110.90116994918844,27.998029358134637],[-110.90568294159281,27.995846659712367],[-110.90550690161513,28.004563287786098],[-110.9028250162574,28.00810508369721],[-110.91170690719976,28.020477449568947],[-110.90458421039996,28.023814611487104],[-110.90017514880624,28.019960242757016],[-110.89523730659025,28.023077567388306],[-110.89931637060518,28.034867793495646],[-110.89821082049015,28.036139339916627],[-110.89013993840302,28.027706861770227],[-110.89127539449751,28.020995454320122],[-110.88624705658512,28.018409341030626],[-110.88107628167951,28.022758385272535],[-110.8777114239486,28.020067236414775],[-110.86598104661549,28.01860234765368],[-110.85595495555661,28.02338331824114],[-110.85123718407137,28.01383589400994],[-110.86311094011538,28.004966081206604],[-110.86322263989815,28.002441629551285],[-110.85585965276016,27.996545073915264],[-110.8448407945802,28.01036026444383],[-110.84162575994607,28.011658819743538],[-110.8360080800505,28.00398236491219],[-110.82146109574464,27.999291374129722],[-110.82401536151261,27.991652467322183],[-110.83535727335948,27.980686678204915],[-110.8399289858353,27.978187189075825],[-110.84837546030697,27.98500857893547],[-110.84903707979194,27.981025168808156],[-110.85200984998653,27.9773947687969],[-110.86188471984421,27.98141588899542],[-110.8662278303703,27.981368378840553],[-110.8587777200701,27.978205229583967],[-110.8651508159873,27.97695640442827],[-110.87596492615305,27.9665935795707],[-110.88220174212994,27.96569620831566],[-110.88718220457989,27.96178808485623],[-110.90433969573795,27.970263075390957],[-110.90815834850395,27.97408671143837],[-110.91849057728658,27.977972611697144]]]}},{"type":"Feature","properties":{"clues":"SRSSA004762"},"geometry":{"type":"Polygon","coordinates":[[[-110.58668651390431,27.500784794503588],[-110.5870077410406,27.514740332163036],[-110.59054639626015,27.52570409585229],[-110.58865723271478,27.528642945581023],[-110.59435948258421,27.531274513198987],[-110.6002367511725,27.54937031435499],[-110.60770000006448,27.565799998943902],[-110.60743619954046,27.56854342967813],[-110.6166298193271,27.59390354978948],[-110.44165963387843,27.676940447751587],[-110.43411585928072,27.665343688718345],[-110.4321028564198,27.651511072089967],[-110.43656608145966,27.642413213797617],[-110.52621833491645,27.53726546942027],[-110.56753884917005,27.49994481076175],[-110.58668651390431,27.500784794503588]]]}},{"type":"Feature","properties":{"clues":"SRIMB000523"},"geometry":{"type":"Polygon","coordinates":[[[-110.04593982831346,27.443313645170253],[-110.06972578229644,27.4437198679383],[-110.07137438186963,27.446463001868793],[-110.07697820214975,27.448887116597753],[-110.08531299741938,27.455847137877395],[-110.08661977861594,27.461599665528368],[-110.07743631471126,27.474401803566764],[-110.0900570002131,27.480397416005903],[-110.08679765895268,27.495149598502923],[-110.0836224958688,27.4967131229902],[-110.07138740683634,27.483573832980635],[-110.06669043346551,27.484507830940334],[-110.0625686998062,27.489583740556302],[-110.05318560870391,27.490305366248798],[-110.05257397457348,27.499802381055403],[-110.04892917434601,27.502584996419706],[-110.0410882175156,27.496389319345486],[-110.03997305811093,27.49367354214823],[-110.03334833336021,27.499620450601565],[-110.02235624130982,27.498429853357578],[-110.02547381762363,27.494305690724026],[-110.02576183758433,27.487744289252735],[-110.02039936271936,27.48527794719629],[-110.02398970998613,27.474027147115496],[-110.01295360687685,27.470126948450645],[-110.03723994316158,27.441113108612086],[-110.04117790343075,27.43877470924464],[-110.04593982831346,27.443313645170253]],[[-110.04387156686438,27.475018290984437],[-110.03712211634173,27.472862052137312],[-110.02843470261796,27.47452708326579],[-110.02888915674131,27.482686359105983],[-110.03205452036278,27.484575022467492],[-110.04350349690397,27.484297772029137],[-110.04387156686438,27.475018290984437]]]}},{"type":"Feature","properties":{"clues":"SCCSA002629"},"geometry":{"type":"Polygon","coordinates":[[[-110.0053071889742,27.500021070652522],[-110.00265448770051,27.509094656581166],[-110.00129888125257,27.509903086757628],[-109.99791786235106,27.508745222657296],[-109.99230073422459,27.514431371505083],[-109.99427880371886,27.5195848328992],[-109.99788362340674,27.517574306530907],[-110.00118467944871,27.51998094170721],[-110.00274109301367,27.523803149768153],[-110.0017361654656,27.533634984785213],[-109.99722598434069,27.537279130286986],[-109.99434099222519,27.543811753128082],[-109.99382407299207,27.552173440531295],[-109.98642709476965,27.56091186981675],[-109.97709313052546,27.55940807863119],[-109.97098657852285,27.56242833756502],[-109.96607398165654,27.55952142235504],[-109.96433096405953,27.555209853220205],[-109.9577900734262,27.557787817096617],[-109.9531540657972,27.554790453275505],[-109.95397855214831,27.550236167377072],[-109.96236129327832,27.553129383634193],[-109.95917780408283,27.548898367967976],[-109.96047770466075,27.546197902840103],[-109.96341716740227,27.54616412202679],[-109.96347287594047,27.54420746675425],[-109.9688658979819,27.54336745700471],[-109.97008807336502,27.545446875567],[-109.97393830606792,27.53884756152592],[-109.97030798407192,27.53399391456306],[-109.96834600514755,27.534374289639413],[-109.96542874977688,27.531544633571166],[-109.96244656751396,27.531175513675382],[-109.96047624641795,27.527973875674977],[-109.9558290415397,27.526296176688923],[-109.95271269304864,27.520463338383973],[-109.96268742745119,27.517332567075005],[-109.97305293838184,27.516672484782326],[-109.96817032198696,27.508835227941805],[-109.9718731810758,27.503717697396468],[-109.97029023464934,27.498370392029752],[-109.97211012084446,27.49689448132249],[-109.97500244642785,27.497234050195825],[-109.98031403881451,27.501702128219282],[-109.98801525866543,27.496005029255972],[-109.9953785704611,27.49885955922612],[-110.00074826115244,27.49337005648102],[-110.00893108804165,27.49687900705798],[-110.0053071889742,27.500021070652522]]]}},{"type":"Feature","properties":{"clues":"BSIMB000730"},"geometry":{"type":"Polygon","coordinates":[[[-109.9269468367324,22.94902099887873],[-109.92749618783195,22.952799153038264],[-109.93530549632497,22.95628817388923],[-109.92953496038234,22.969202344199807],[-109.91670480822972,22.971798268720693],[-109.9202874478078,22.97925571752356],[-109.9322180547296,22.990864375152082],[-109.92929169290245,23.00757872782559],[-109.90459985806059,23.01992452793295],[-109.87391121763295,23.027597136402374],[-109.86730438767957,23.02182262752753],[-109.85988107364808,23.021966717764666],[-109.80682089503162,23.009055466826798],[-109.81678763408335,22.983176677644927],[-109.82410297879113,22.976145339604432],[-109.83773837942202,22.95633220339162],[-109.84776543152603,22.950534130278797],[-109.8513243551005,22.945500372936277],[-109.86204593718614,22.94496301124672],[-109.90152329686444,22.957303834503524],[-109.9101276680788,22.950697796426006],[-109.91430622217965,22.943327765999257],[-109.91707834412948,22.94219999003831],[-109.92115340864655,22.942322619830943],[-109.92475884825106,22.94006386142862],[-109.92998549921072,22.946562963634705],[-109.9269468367324,22.94902099887873]]]}},{"type":"Feature","properties":{"clues":"SRIMB001462"},"geometry":{"type":"MultiPolygon","coordinates":[[[[-109.47376417568933,27.11947452869212],[-109.48195516341843,27.11597087258153],[-109.48697107450239,27.117890655257167],[-109.48768791067262,27.124476644211086],[-109.49521803644627,27.130733873448033],[-109.52926272123361,27.131755436395345],[-109.5456796013079,27.147437415021418],[-109.54583763868624,27.159981841934766],[-109.54107565062203,27.164293959348992],[-109.52537034670527,27.189649375230434],[-109.51248090336532,27.194573179783845],[-109.49202959103985,27.166630726747858],[-109.46370532391246,27.16815248622915],[-109.44536514219915,27.180640970501315],[-109.4258212493234,27.200452500882786],[-109.41581274747185,27.186485588158693],[-109.40728821245727,27.15505070228693],[-109.40948213084009,27.14926853493767],[-109.41745745464415,27.142560956164644],[-109.41927051831995,27.12969329421853],[-109.4097737301985,27.125543085860393],[-109.40873644109477,27.114310652104397],[-109.41112319510303,27.113213873367567],[-109.42887841529222,27.11290581595569],[-109.43187406863848,27.12120406170899],[-109.44210646182404,27.121705676036413],[-109.45915165901808,27.11465192459281],[-109.46504206527435,27.113807599748714],[-109.47158945758066,27.11639652291761],[-109.47376417568933,27.11947452869212]]],[[[-109.44648644065917,27.11581950548272],[-109.44038318061202,27.10453179442818],[-109.44239874923429,27.100456583491013],[-109.45007099503077,27.103572590181113],[-109.44648644065917,27.11581950548272]]]]}},{"type":"Feature","properties":{"clues":"SRIMB001544"},"geometry":{"type":"Polygon","coordinates":[[[-109.49612077968443,27.06410700742087],[-109.50181935801469,27.060899695783206],[-109.50250740614963,27.057806126265824],[-109.51127706787439,27.052187118551206],[-109.51551540656945,27.053918809874197],[-109.52548084657116,27.049727246478618],[-109.53276926499547,27.062011848341125],[-109.52849239517583,27.066279433972532],[-109.51921046945199,27.08109008372543],[-109.51845338977407,27.085078126886184],[-109.50576348810942,27.077062914209684],[-109.50234497301163,27.078224177597942],[-109.50144653433388,27.080834584483295],[-109.49455703210708,27.08333337332623],[-109.49046666027809,27.08746286305629],[-109.48898407101127,27.092116642968133],[-109.48334073908839,27.079935279695153],[-109.4781577662517,27.08130871228736],[-109.47686690283096,27.08868647249864],[-109.4695228860408,27.08833769354256],[-109.46796844867018,27.08624372302426],[-109.46898949493372,27.080963041125358],[-109.46745462682952,27.068486853790922],[-109.47234140109636,27.06606192934697],[-109.47434523983482,27.057250828545655],[-109.47946407737358,27.05603013182969],[-109.48510524291203,27.048621156449563],[-109.4927253648853,27.06229691411759],[-109.49612077968443,27.06410700742087]]]}},{"type":"Feature","properties":{"clues":"TCIMB002664"},"geometry":{"type":"Polygon","coordinates":[[[-92.3771215990338,18.09141639516736],[-92.3797806696821,18.087720909074182],[-92.3763144851278,18.070889329410086],[-92.38483600774175,18.058837208771184],[-92.416060067923,18.04083092869102],[-92.43494350198021,18.03929983546034],[-92.44513674917614,18.026761304589236],[-92.46266921312383,18.02548500224609],[-92.46751932948041,18.111078944692526],[-92.47333051257193,18.112716469074137],[-92.49103432841386,18.123379119513913],[-92.49028779074197,18.175561897469425],[-92.45572095013837,18.18092219276036],[-92.42863016417212,18.19649998653389],[-92.40987688770477,18.170175941016844],[-92.37471242175047,18.172385896861982],[-92.39397993535867,18.134858700452867],[-92.3771215990338,18.09141639516736]]]}},{"type":"Feature","properties":{"clues":"CSIMS001004"},"geometry":{"type":"Polygon","coordinates":[[[-91.99190186275263,17.794838450185246],[-92.00781391275191,17.78936018337622],[-92.01412122671017,17.780869698130587],[-92.0202377545778,17.780910723425894],[-92.03403641475437,17.808848425492226],[-92.04527777115155,17.815052554028895],[-92.03728272860525,17.835059829399416],[-92.03245267442637,17.842989157553994],[-92.02723919673858,17.86021360792256],[-92.03072204741142,17.887609985404815],[-92.0002225301154,17.89428680367027],[-91.9962213324581,17.892225300901632],[-91.9886490972699,17.892282069375927],[-91.97162875528576,17.89554080142574],[-91.96499010274803,17.899705781566865],[-91.9431348383751,17.88277465315219],[-91.95121520891496,17.867283666496647],[-91.95763739803486,17.858935690070695],[-91.92484349294224,17.833908795756614],[-91.93653387398616,17.811098774523646],[-91.9517253924855,17.792159768617747],[-91.96754343017348,17.785379775905664],[-91.97269231378446,17.79114259501546],[-91.98128653139312,17.794117157353053],[-91.99190186275263,17.794838450185246]]]}},{"type":"Feature","properties":{"clues":"CCSSA017752"},"geometry":{"type":"Polygon","coordinates":[[[-91.18705323560033,18.28620825647508],[-91.22190702903738,18.27225324389842],[-91.22657696011315,18.275489510604913],[-91.23648001270072,18.276792398967398],[-91.23694981041712,18.301340508773368],[-91.23339448312109,18.31217248095588],[-91.22622382480311,18.317283771666794],[-91.21220675509315,18.31867953914233],[-91.20036102705231,18.329553869738287],[-91.17878705459687,18.31505936706038],[-91.1762930364064,18.30212114074384],[-91.18704794198497,18.29462394464345],[-91.18705323560033,18.28620825647508]]]}},{"type":"Feature","properties":{"clues":"CCIMB000592"},"geometry":{"type":"Polygon","coordinates":[[[-91.02994577201048,18.55827685915366],[-91.0294221851436,18.564207144397322],[-91.08072325426966,18.60363645696951],[-91.10028231634494,18.605149807057302],[-91.10620310150622,18.61007412076456],[-91.10796371979548,18.615014315277836],[-91.11386255795287,18.621524589399392],[-91.15257604610035,18.67932183266266],[-91.06409304385592,18.68843880059118],[-91.05595433829912,18.699552332182645],[-91.04413194814224,18.703837038981238],[-91.02503324714428,18.691197300123033],[-91.00910804318103,18.697854436296698],[-90.99383884416054,18.694081977529507],[-90.99041714412175,18.681671051448046],[-90.99187077370996,18.675051371505585],[-90.99924969365637,18.662167407160503],[-90.99686921529643,18.659409948465044],[-90.99175461432277,18.64425248130587],[-90.98956899366569,18.643087616772036],[-90.9710715095575,18.641466156075168],[-90.95218260654623,18.656796878316154],[-90.94750788135718,18.658864244743103],[-90.94561519192897,18.65691000122127],[-90.92228891127337,18.655538925584217],[-90.89834754997841,18.64193035375983],[-90.88631953124967,18.645220381556207],[-90.878542951134,18.644949164367745],[-90.88055964688583,18.622302216127522],[-90.88707087291463,18.59535139346267],[-90.88479213382539,18.592125510044525],[-90.87080166187799,18.581307586827563],[-90.89199696617068,18.55976129869191],[-90.91164985299142,18.555448958457852],[-90.92207288031759,18.565440891735985],[-90.92501875800974,18.572923184113158],[-90.96579826443806,18.562566624867383],[-90.96328969628168,18.551091257716994],[-91.0049255483842,18.52359460808156],[-91.00756334405183,18.527316722469358],[-91.02940472707083,18.526195170085213],[-91.03879925155223,18.550198739333144],[-91.02994577201048,18.55827685915366]]]}},{"type":"Feature","properties":{"clues":"CCIMS000325"},"geometry":{"type":"Polygon","coordinates":[[[-90.2868245705873,18.62631510290863],[-90.28414439485204,18.633262908760194],[-90.28465005462934,18.63718946940667],[-90.29967042851797,18.65266911905771],[-90.30516114471646,18.664634691956117],[-90.3190237575305,18.679792676104732],[-90.32984042310355,18.68554291865295],[-90.37627037106313,18.7375204927961],[-90.30918031799911,18.728050054513016],[-90.23874322403097,18.688458539882447],[-90.22773002345035,18.690344306677705],[-90.21099297188347,18.70112671754819],[-90.20854485207519,18.594240816149803],[-90.2351095657614,18.61253528736661],[-90.26496154419415,18.604240314928685],[-90.2868245705873,18.62631510290863]]]}},{"type":"Feature","properties":{"clues":"SCCSA003375"},"geometry":{"type":"Polygon","coordinates":[[[-90.21954051635156,20.75635247908205],[-90.10040565472134,20.78854764875556],[-90.10459632802635,20.73495729556298],[-90.14215168747269,20.684332125167494],[-90.14525047158483,20.678101639647952],[-90.2090290599574,20.689389913889507],[-90.26833133407865,20.742096734139704],[-90.25297793714071,20.74933487442257],[-90.21954051635156,20.75635247908205]]]}},{"type":"Feature","properties":{"clues":"CCIMS000564"},"geometry":{"type":"Polygon","coordinates":[[[-90.10094210291648,19.330208624347996],[-90.1271252590413,19.348709869933664],[-90.16235225774653,19.40433458024733],[-90.16145432562877,19.44646468164974],[-90.15958997297311,19.45277854109806],[-90.14545577586675,19.465510221820416],[-90.12453008594407,19.466667526465805],[-90.07740130552101,19.500046523223844],[-90.06821603836907,19.510608462366545],[-90.04070145662261,19.462365242208975],[-90.04033925505195,19.455578022891288],[-90.07822628285238,19.40525781532393],[-90.10094210291648,19.330208624347996]]]}},{"type":"Feature","properties":{"clues":"CCIMB000015"},"geometry":{"type":"Polygon","coordinates":[[[-89.99611141471557,20.26489597365986],[-90.01356946896584,20.247132672536083],[-90.05529286726905,20.23899928139169],[-90.06739677372222,20.250771791031866],[-90.10725254129662,20.27873830851225],[-90.10223514802617,20.29816333232847],[-90.093295342073,20.30696049695853],[-90.07927205300827,20.31115034974631],[-90.06084301470554,20.298313913379072],[-90.0745047012205,20.295371802231905],[-90.06456484917814,20.29190753784964],[-90.05440462979907,20.29675321179136],[-89.99611141471557,20.26489597365986]]]}},{"type":"Feature","properties":{"clues":"SCCSA000238"},"geometry":{"type":"Polygon","coordinates":[[[-89.81171259348065,20.12536561548896],[-89.81310837712753,20.12007681057883],[-89.86496145374922,20.051954189043098],[-89.87690133683765,20.06306885043508],[-89.88107562166115,20.097190489998987],[-89.87117520537105,20.11836359094005],[-89.87458205573061,20.17364036428343],[-89.8991955119006,20.196018408844864],[-89.89923801400933,20.210066899301868],[-89.89415789062292,20.25001907036147],[-89.7845568447015,20.180470976230964],[-89.81519821129781,20.142696514694514],[-89.81171259348065,20.12536561548896]]]}},{"type":"Feature","properties":{"clues":"CCIMB000476"},"geometry":{"type":"Polygon","coordinates":[[[-89.6464232768813,20.189153505315595],[-89.57900821081975,20.129210916766368],[-89.58112157781837,20.120529443283086],[-89.61578428528026,20.071440706324395],[-89.65315287313238,20.024350305897336],[-89.66407526194823,20.033007831984477],[-89.7282710448822,20.051230329919136],[-89.7431692793426,20.056835940233125],[-89.74441805459875,20.07432832540032],[-89.76075512618117,20.11188871353177],[-89.81171259348065,20.12536561548896],[-89.81519821129781,20.142696514694514],[-89.7845568447015,20.180470976230964],[-89.70515218650114,20.222053362272515],[-89.68982513756703,20.202715315628456],[-89.6464232768813,20.189153505315595]]]}},{"type":"Feature","properties":{"clues":"YNSSA001142"},"geometry":{"type":"Polygon","coordinates":[[[-89.48139197015009,20.360603297443586],[-89.51052987006098,20.307862559157517],[-89.55114345539572,20.3234796570005],[-89.54414215767379,20.336015883864217],[-89.53976655737968,20.341024249968513],[-89.52019259345579,20.378653464283282],[-89.50348394288791,20.389225112065],[-89.50041137606459,20.38990661003379],[-89.49349847515333,20.380621338825097],[-89.49064707772533,20.370729451289463],[-89.48139197015009,20.360603297443586]]]}},{"type":"Feature","properties":{"clues":"SCCSA003412"},"geometry":{"type":"Polygon","coordinates":[[[-89.36724949129938,20.81940200930851],[-89.36445666404077,20.826832656889405],[-89.36501384384012,20.83309074183509],[-89.37221237806831,20.837940838423766],[-89.37112349673959,20.846862640444215],[-89.35666160086933,20.855434010939426],[-89.35792073278506,20.878033058797513],[-89.36320672176701,20.889200226685407],[-89.36092697783742,20.898088706076685],[-89.31291703796313,20.903423797639775],[-89.29295828282301,20.870791510518],[-89.29889541479257,20.849975690428046],[-89.29899227972389,20.84301367891704],[-89.32414741868607,20.83031807407438],[-89.32973933841947,20.821484258312022],[-89.36173192177147,20.810895774556872],[-89.36724949129938,20.81940200930851]]]}},{"type":"Feature","properties":{"clues":"YNIMS000940"},"geometry":{"type":"Polygon","coordinates":[[[-89.15560956966107,19.74811389198068],[-89.23891039551067,19.691055931483767],[-89.27007157495645,19.68302538686348],[-89.26425882484997,19.717159807386448],[-89.24688813775049,19.799306247358],[-89.24363477315238,19.80434993703968],[-89.25389860413048,19.854469957220193],[-89.27872879306553,19.887815220749808],[-89.2777101401456,19.897694099230236],[-89.23664638480224,19.94547574726531],[-89.23902158667914,19.983699402390794],[-89.21890202067901,20.019965790137064],[-89.1435274808753,19.99903580099131],[-89.10564567136748,19.974419701393476],[-89.10681233830691,19.965896806815042],[-89.09547023318405,19.901897464696823],[-89.09693196728544,19.898705813495177],[-89.16336057949789,19.836233048221192],[-89.14651450744309,19.818569328809176],[-89.14363699283221,19.807775276703453],[-89.1164742897587,19.790353901036674],[-89.0979302758531,19.748745876372677],[-89.10985493144373,19.75234233221654],[-89.15144000499096,19.74679151000837],[-89.15560956966107,19.74811389198068]]]}},{"type":"Feature","properties":{"clues":"SCCSA003425"},"geometry":{"type":"Polygon","coordinates":[[[-89.0978419703975,20.104137731982775],[-89.12594327092985,20.068269103231813],[-89.1435274808753,19.99903580099131],[-89.21890202067901,20.019965790137064],[-89.23183119351778,20.04713138916567],[-89.26558913953211,20.071334322224818],[-89.23567476254769,20.13556196525687],[-89.19366843944132,20.147690618204454],[-89.18130135713425,20.17292783456741],[-89.1487372492573,20.183654489030058],[-89.11903354513689,20.15533656775463],[-89.11288806702761,20.135775611050374],[-89.0978419703975,20.104137731982775]]]}},{"type":"Feature","properties":{"clues":"CMIMB000605"},"geometry":{"type":"Polygon","coordinates":[[[-104.44936783699414,19.10065222173649],[-104.45244923864611,19.100868752530133],[-104.4505187104128,19.1013529095844],[-104.4512792503373,19.10223805949373],[-104.44975190998912,19.103558379418843],[-104.45097219994294,19.10350544953674],[-104.45152238010458,19.10394010901895],[-104.45040061989303,19.10377308931268],[-104.45177347232318,19.106184468055478],[-104.45066425956958,19.107048219084934],[-104.4526906678363,19.10929228526113],[-104.45515011042461,19.11024541966895],[-104.45641257966918,19.1091975790115],[-104.45774472947078,19.11113969535672],[-104.45952979970397,19.11026308984763],[-104.46334122145964,19.111930866676],[-104.46719356852093,19.109892857917323],[-104.47140045534638,19.113119406378885],[-104.47155683040802,19.115218949482898],[-104.48004921396105,19.120131141104043],[-104.4822431322673,19.126628030306556],[-104.49238706767885,19.144215859758212],[-104.47162377230003,19.202954872378236],[-104.46359986071096,19.203387626482588],[-104.44991170439062,19.21091409895221],[-104.4096901072443,19.199976647096644],[-104.39994854594295,19.19330001930544],[-104.39613315674879,19.170611957088298],[-104.39818605875793,19.161022388646447],[-104.40142961099231,19.158055444132213],[-104.41230894061837,19.154244214008425],[-104.42005093176934,19.145914728402264],[-104.44936783699414,19.10065222173649]]]}},{"type":"Feature","properties":{"clues":"CMIMB000086"},"geometry":{"type":"Polygon","coordinates":[[[-104.04527063374366,18.932674546161426],[-104.05028617261038,18.933432125141106],[-104.05770747672405,18.939667762299244],[-104.0665106997099,18.94406908587478],[-104.11210046528566,18.955104670529494],[-104.09818313119698,18.97994267550475],[-104.08684352366997,18.986448192267744],[-104.05228440641055,19.0189070797324],[-104.04266485105408,19.02526005736948],[-104.03114747385179,19.00795555972638],[-104.02249871084773,18.987071726671303],[-104.02232549451938,18.980227885132344],[-104.01406019959731,18.96908739173899],[-104.04527063374366,18.932674546161426]]]}},{"type":"Feature","properties":{"clues":"SCCSA001125"},"geometry":{"type":"Polygon","coordinates":[[[-103.8134662983239,19.196423539256138],[-103.81934455967401,19.20238861058995],[-103.81753504045653,19.20894749567084],[-103.81398056966857,19.20819791983556],[-103.81114603800307,19.21052571977471],[-103.80817090036506,19.209015306240804],[-103.80677925975635,19.202744466925857],[-103.8134662983239,19.196423539256138]]]}},{"type":"Feature","properties":{"clues":"SCCSA001199"},"geometry":{"type":"Polygon","coordinates":[[[-103.72289133202099,19.266204127025738],[-103.72933506359222,19.26970611543905],[-103.72766113921617,19.275886783051142],[-103.73233473499192,19.276719503226015],[-103.7343900746039,19.278991770610155],[-103.73129775748163,19.285512825084393],[-103.72705763281286,19.283977734740485],[-103.71733371260214,19.28483063327736],[-103.71614555042032,19.28163868496615],[-103.71259897470384,19.278469700082848],[-103.70732859641268,19.276693138408525],[-103.70416541469996,19.27818530114355],[-103.70268210701644,19.284300369300542],[-103.6994110387989,19.286315937623645],[-103.69580670971533,19.275162783545884],[-103.70341702523459,19.269086933396803],[-103.70827448401572,19.271612270869614],[-103.71109340841703,19.270710784879075],[-103.71216493167213,19.267833766674517],[-103.72289133202099,19.266204127025738]]]}},{"type":"Feature","properties":{"clues":"SCCSA001112"},"geometry":{"type":"MultiPolygon","coordinates":[[[[-103.6870249730453,19.247280280892145],[-103.6961078345253,19.24658902558203],[-103.69581760647431,19.252809088355647],[-103.69176190963883,19.252867618680533],[-103.69093362709064,19.258940593839654],[-103.6948454759237,19.261183488390188],[-103.69820520479854,19.25797139558529],[-103.70318298640197,19.262050175631558],[-103.70323097200146,19.265847824005384],[-103.69562019468269,19.264900507557822],[-103.69167442009972,19.273511200155543],[-103.68594304414472,19.27259159188583],[-103.68576080718564,19.266667077369455],[-103.68466190381898,19.264065879835687],[-103.68069770919767,19.261301235744575],[-103.67955406289997,19.256451535266592],[-103.670550202883,19.25883457295709],[-103.66921169869809,19.26101940300111],[-103.66257349262015,19.263829329230404],[-103.66066030273853,19.25365068819013],[-103.64984180938794,19.249670550626],[-103.6513767979117,19.23554346457838],[-103.66407294813008,19.236588083445515],[-103.66819847654804,19.235190999950742],[-103.6731175360877,19.238609618778572],[-103.67390899244144,19.242843116789892],[-103.6781126818711,19.24632618457978],[-103.68567389166715,19.246129411394325],[-103.6870249730453,19.247280280892145]]],[[[-103.70709065873793,19.26518051045819],[-103.71175085320245,19.266434386008576],[-103.71109340841703,19.270710784879075],[-103.70827448401572,19.271612270869614],[-103.70341702523459,19.269086933396803],[-103.70328914507019,19.265955952434876],[-103.70709065873793,19.26518051045819]]]]}},{"type":"Feature","properties":{"clues":"CSIMB002806"},"geometry":{"type":"Polygon","coordinates":[[[-93.62671247989519,15.815553809929309],[-93.69592185701302,15.862733186343679],[-93.68404257927122,15.873388716900706],[-93.67335937365009,15.91105470851434],[-93.63637908898143,15.89137770354204],[-93.64475270881971,15.871523280772536],[-93.64107294079238,15.859813775037667],[-93.63494449290552,15.855141331512026],[-93.62593639158894,15.852914845459814],[-93.61805520215277,15.853391255758986],[-93.61166169287253,15.845068463996261],[-93.62115408559436,15.83115267139097],[-93.62671247989519,15.815553809929309]]]}},{"type":"Feature","properties":{"clues":"SCCSA002802"},"geometry":{"type":"Polygon","coordinates":[[[-93.87115232608834,17.874719832726814],[-93.86909993012777,17.85628604804403],[-93.89579475082317,17.836288040775734],[-93.89950031930908,17.840576341927907],[-93.95025540711237,17.856481116573118],[-93.9571180369702,17.864219031068686],[-93.96533655475903,17.884801512491826],[-93.98513669975478,17.886870658396216],[-94.00956892204911,17.882771683430267],[-94.04286808208776,17.892263018207718],[-94.04681694533674,17.906534745165448],[-94.0483142871942,17.93459791672865],[-94.02832437356435,17.95915973514947],[-94.00829881431798,17.97487431842776],[-94.00008787140816,17.985256490700532],[-93.99064330746761,17.987835156359775],[-93.9575219126192,17.970246587098302],[-93.94641253954894,17.94543062956848],[-93.91150785708034,17.936260504596177],[-93.89951610111707,17.93611656879305],[-93.88983976319058,17.91868292423383],[-93.89222003662103,17.904124704880388],[-93.88655965348198,17.88960874067441],[-93.88065190805393,17.88810952730401],[-93.87115232608834,17.874719832726814]]]}},{"type":"Feature","properties":{"clues":"CSIMS001033"},"geometry":{"type":"Polygon","coordinates":[[[-93.85051364796449,16.645815615232195],[-93.85001080421033,16.660829766907696],[-93.85200331029037,16.661687318638116],[-93.85920437744427,16.661038903026267],[-93.90354705433668,16.67084159248747],[-93.91356999236814,16.6628150694795],[-93.92730481067795,16.667634262937153],[-93.93543483507983,16.67261997914924],[-93.96252601935926,16.705361501560702],[-93.95819400802279,16.723839338957937],[-93.97056819503936,16.743100285352316],[-94.00853834642481,16.74627014258154],[-94.01574707409578,16.752454093813054],[-94.01494067840547,16.771667591851056],[-94.04829601116197,16.78595449461933],[-94.05812108699207,16.78502214272315],[-94.03632798161847,16.854987210516537],[-94.01521798423198,16.85299188894209],[-93.99064142333532,16.83753409307779],[-93.98383998113322,16.8396839716247],[-93.95606732495266,16.832860651840004],[-93.920929226975,16.836186683886034],[-93.88930739265474,16.81509627668387],[-93.87583072115616,16.81674891528734],[-93.86013019983301,16.80171483874036],[-93.85523995229589,16.79222279613264],[-93.84874454599526,16.770640239745607],[-93.84212638078924,16.76198075734945],[-93.8404419678038,16.756314949781572],[-93.8434742114331,16.735532845806336],[-93.82675436062459,16.719554946717285],[-93.82478098416621,16.711404018517435],[-93.80124791727195,16.695926345492936],[-93.79425914737867,16.697112945518334],[-93.79061779080654,16.694075129014497],[-93.78886135309766,16.683498796427447],[-93.77362191417976,16.661301497867093],[-93.78032620383185,16.644835388047422],[-93.78890002472335,16.641292680276614],[-93.79701522054273,16.647190222773208],[-93.80056725919175,16.652584781918748],[-93.81038364168388,16.654423012201992],[-93.81772318516693,16.64181530784077],[-93.82147725777683,16.64055350767738],[-93.82313541769905,16.630084810148798],[-93.8264405918343,16.62915075373469],[-93.82978805989427,16.633642350627817],[-93.83797100587972,16.63205710627717],[-93.84094432439113,16.636917079576236],[-93.85051364796449,16.645815615232195]]]}},{"type":"Feature","properties":{"clues":"CSIMB003861"},"geometry":{"type":"Polygon","coordinates":[[[-93.91784943378343,16.030824528244178],[-93.94218384835023,16.040413552355215],[-93.89926744017843,16.09452934403832],[-93.86566840922053,16.084841313697357],[-93.85515526718768,16.092669965033924],[-93.84099776420135,16.079878078077467],[-93.83229284890542,16.084609064600766],[-93.82097377124104,16.08336968393067],[-93.81785237529891,16.081338824355033],[-93.81709981444007,16.074418822130646],[-93.81831254097662,16.068076100346246],[-93.83497530882808,16.067665812685828],[-93.83314873097851,16.057353437059625],[-93.83506603711268,16.051491146431886],[-93.83698025207423,16.05114002522699],[-93.85221090153263,16.031377672966308],[-93.88224740642359,16.012189120221766],[-93.91784943378343,16.030824528244178]]]}},{"type":"Feature","properties":{"clues":"TCIMB001935"},"geometry":{"type":"Polygon","coordinates":[[[-93.81979357404433,17.710764003710267],[-93.84795602943963,17.706928309597483],[-93.85048009330575,17.712135666205793],[-93.86288390019791,17.720923666393972],[-93.87532896528711,17.732803201038436],[-93.87592382411805,17.73838395753648],[-93.8649751840525,17.760773372939198],[-93.87782978728693,17.77402218077303],[-93.88262853654125,17.806793616380688],[-93.84939399419696,17.810908262227414],[-93.84520993218031,17.815629493868272],[-93.84248413073317,17.834458261590413],[-93.83802001793141,17.846017537388832],[-93.81859776427007,17.842848080458616],[-93.81277061352074,17.832950945874657],[-93.7967133510249,17.8258981745399],[-93.7770227603644,17.806330080774565],[-93.77418992248926,17.798582424514567],[-93.7639166697178,17.795342859381485],[-93.76122993176924,17.79248931354634],[-93.76409575994589,17.765496915172406],[-93.79346331661547,17.739721707204772],[-93.75866862924505,17.73627259747482],[-93.74942761834588,17.727957343305455],[-93.75220155283232,17.722782807109144],[-93.79242887075979,17.701698027527716],[-93.79584223137051,17.702090288537956],[-93.79938547125265,17.70512180829225],[-93.8074236309034,17.714829834372402],[-93.81979357404433,17.710764003710267]]]}},{"type":"Feature","properties":{"clues":"CSIMB003634"},"geometry":{"type":"Polygon","coordinates":[[[-93.77154995603577,16.63520767642455],[-93.77589406207483,16.63814016552012],[-93.78032620383185,16.644835388047422],[-93.77362191417976,16.661301497867093],[-93.78886135309766,16.683498796427447],[-93.79061779080654,16.694075129014497],[-93.79425914737867,16.697112945518334],[-93.80124791727195,16.695926345492936],[-93.82478098416621,16.711404018517435],[-93.82675436062459,16.719554946717285],[-93.8434742114331,16.735532845806336],[-93.8404419678038,16.756314949781572],[-93.80542711036622,16.752468444320566],[-93.8014122584951,16.744490631718257],[-93.80804264757944,16.728849187395756],[-93.80304190051702,16.717898522597405],[-93.79568840589988,16.713646760367457],[-93.7950290517251,16.737121719298177],[-93.78144985157955,16.735499679534428],[-93.77669770530744,16.727691586849453],[-93.7656676218042,16.72527965627337],[-93.75213340763896,16.73223595488458],[-93.7456863874706,16.714819448949793],[-93.74689762396584,16.70799229823364],[-93.74231812720232,16.704549369787784],[-93.74093905033327,16.698569077372085],[-93.73440862045472,16.700518509483253],[-93.73233396490805,16.699640814399938],[-93.73205551723979,16.69392215618904],[-93.7251693299992,16.691927004772086],[-93.72544099128744,16.688500003678975],[-93.72767203452065,16.686152527311748],[-93.72436196011292,16.67964142769032],[-93.71986954621546,16.682024682253164],[-93.71270145367647,16.677625824412196],[-93.71359244917602,16.675897933163014],[-93.71181325424499,16.668919062220894],[-93.71821727423928,16.661541631187472],[-93.71668478920041,16.654425511750702],[-93.70948388235072,16.651498473912856],[-93.7009548568988,16.650525207513397],[-93.70131422815382,16.645754421414754],[-93.70556857172399,16.635924063866685],[-93.71444575401863,16.622368844289078],[-93.71895602097362,16.59768050852883],[-93.75502943079377,16.613192382207426],[-93.76053569874601,16.617797870341693],[-93.7634102746795,16.623437883616425],[-93.76780178706515,16.6248999257404],[-93.77154995603577,16.63520767642455]]]}},{"type":"Feature","properties":{"clues":"CSIMS001115"},"geometry":{"type":"Polygon","coordinates":[[[-93.66378973557114,16.87395291525028],[-93.66198709118818,16.88251021444726],[-93.65430092988291,16.888424185144157],[-93.63341031580794,16.88886331865495],[-93.62847256333,16.88625913690298],[-93.62453875933048,16.88645947201397],[-93.57691303850524,16.894044798331254],[-93.5632654041535,16.85985377012137],[-93.60038053596575,16.837837224988764],[-93.61655395835709,16.82463329275978],[-93.63220030937744,16.832154250143944],[-93.65545405652777,16.828961682748393],[-93.66721691266416,16.821204441674876],[-93.68092404929605,16.821057010179274],[-93.68854149975616,16.832955629599955],[-93.6886979491927,16.837598044140464],[-93.68421975996037,16.856143354284058],[-93.66378973557114,16.87395291525028]]]}},{"type":"Feature","properties":{"clues":"SCCSA000360"},"geometry":{"type":"Polygon","coordinates":[[[-93.50527907192806,17.29423956313489],[-93.49448970590683,17.286138192367037],[-93.51969683504898,17.238749091906612],[-93.52997580798467,17.246896783360427],[-93.5308337508522,17.250260290725123],[-93.55101513857028,17.271432213002072],[-93.54869562733543,17.275231719842598],[-93.53383362099528,17.286289176069705],[-93.52686827847621,17.284030968946055],[-93.50527907192806,17.29423956313489]]]}},{"type":"Feature","properties":{"clues":"CSSSA004460"},"geometry":{"type":"Polygon","coordinates":[[[-93.49547684634638,17.515258090396067],[-93.48670162615335,17.51679160532855],[-93.4771039406943,17.511285366715907],[-93.46621679949233,17.52680487806509],[-93.46572028127721,17.531676874194545],[-93.48867579309875,17.535344907556603],[-93.50532846287128,17.552664737384745],[-93.49185002132499,17.57384009846522],[-93.48833782196212,17.57416286326448],[-93.48415736901367,17.571053143684907],[-93.46256919627521,17.535931981724875],[-93.45052403563304,17.54259254967957],[-93.44327106289428,17.553227334093737],[-93.43810290996298,17.579402901061172],[-93.41283579271716,17.58426369710879],[-93.41879843866936,17.553851830104872],[-93.40226625731512,17.54003422406537],[-93.42049706728407,17.529756033495026],[-93.4341328182778,17.504710209407087],[-93.44038627852858,17.499239088588784],[-93.44363729459579,17.492963482085543],[-93.4655017097316,17.490069803197184],[-93.475744772313,17.494665678155833],[-93.48086214253945,17.49284038032442],[-93.49025317742671,17.49837094027558],[-93.49227686185395,17.500998039073085],[-93.49484880305654,17.507488645486195],[-93.49547684634638,17.515258090396067]]]}},{"type":"Feature","properties":{"clues":"SCCSA002746"},"geometry":{"type":"Polygon","coordinates":[[[-93.37759197581506,17.919686893914044],[-93.37860254655455,17.93353697578158],[-93.40747857248796,17.94312782166744],[-93.4114690511927,17.948720854205853],[-93.40934196935825,17.95196252603257],[-93.39829391463043,17.960738611364025],[-93.39317142600507,17.961537931257904],[-93.37930843529033,17.955292894142637],[-93.37553918726486,17.95573377265749],[-93.36497733880832,17.963598447830467],[-93.36442675315483,17.967415729890213],[-93.35563709709778,17.97139794940109],[-93.34246771633681,17.9675379752035],[-93.34253606694226,17.96105225517228],[-93.3312588014012,17.94740007895808],[-93.35426986636982,17.940895919569122],[-93.35692263234091,17.935957704513157],[-93.35239672041824,17.92017856549704],[-93.35453384666347,17.916463648433748],[-93.37759197581506,17.919686893914044]]]}},{"type":"Feature","properties":{"clues":"CSIMB002012"},"geometry":{"type":"Polygon","coordinates":[[[-93.28825102002634,15.734087708064006],[-93.30335616564538,15.737685043363543],[-93.30388115404166,15.733808883270834],[-93.31048458716862,15.724676002046788],[-93.32744482971938,15.727755284605875],[-93.32531677706363,15.738952462725344],[-93.33231546848899,15.747993057924266],[-93.34565932828826,15.754476926660281],[-93.35558502605016,15.756624761453269],[-93.35411656361244,15.772434126779908],[-93.35156894349352,15.774913960650562],[-93.34010018931167,15.76965161991133],[-93.3371300560278,15.772573664835042],[-93.3308040998787,15.76511371086281],[-93.31983968175479,15.764838427463067],[-93.31695709392864,15.766901119467127],[-93.31034939619467,15.75725592815748],[-93.31033554833024,15.752976056020918],[-93.30178136046598,15.746341677342338],[-93.29889362543912,15.74914603162596],[-93.29797356093788,15.75305579955878],[-93.30069055024727,15.756915850330449],[-93.29809035376528,15.764582727378041],[-93.29343377236971,15.769146199314592],[-93.28955486181407,15.766947104626933],[-93.26940613972266,15.766176901890136],[-93.26507815942391,15.761748600097734],[-93.255585686965,15.75636237945027],[-93.25922025661404,15.747576003409439],[-93.26053297104265,15.72579175951528],[-93.2638998451889,15.726160091996038],[-93.26043816871528,15.719863723277491],[-93.26250761205198,15.716105514606717],[-93.25875398366084,15.713329315986197],[-93.25808144958205,15.710256776334807],[-93.26393592860504,15.692131965199229],[-93.27002780222544,15.70258624001795],[-93.2686175683815,15.714972829685498],[-93.27302265501338,15.720302525897871],[-93.27873056936257,15.72204632576092],[-93.28363464470098,15.727394723359867],[-93.28538315601286,15.732208696298228],[-93.28825102002634,15.734087708064006]]]}},{"type":"Feature","properties":{"clues":"CSIMS004072"},"geometry":{"type":"Polygon","coordinates":[[[-93.22449397956841,17.832037318556736],[-93.23496643153554,17.810850798491384],[-93.2403778472835,17.80821780875523],[-93.26601415295916,17.8192708949351],[-93.27504874235825,17.815475431829242],[-93.30030852185152,17.828585608927163],[-93.30782502811873,17.823069791934408],[-93.32188547878116,17.821322430467042],[-93.34110130399343,17.834015646422767],[-93.32677162021217,17.863041890908303],[-93.31198550054125,17.867196160215855],[-93.3051682895255,17.86552067555198],[-93.28083146615145,17.893389211819766],[-93.26461221218831,17.89099747015424],[-93.25912520682144,17.87864668860184],[-93.23897082702135,17.86488305590464],[-93.24057264198069,17.84613134075681],[-93.22449397956841,17.832037318556736]]]}},{"type":"Feature","properties":{"clues":"CSIMS002445"},"geometry":{"type":"Polygon","coordinates":[[[-93.28682200349446,17.682328369316387],[-93.29959624416107,17.68459037771051],[-93.31775692803781,17.70900411454418],[-93.31380507912422,17.729627315837867],[-93.33106990518587,17.76248945346561],[-93.3243900108891,17.77668208688851],[-93.30344803713876,17.783825996678086],[-93.28768484213239,17.780321402426235],[-93.2775723033224,17.764093345909096],[-93.25263327393196,17.7680102802542],[-93.24516805147897,17.7792542026367],[-93.24604143390694,17.787647529352572],[-93.2403778472835,17.80821780875523],[-93.23496643153554,17.810850798491384],[-93.22449397956841,17.832037318556736],[-93.21173398876664,17.835446771884854],[-93.18830631480375,17.812779481727087],[-93.19023868608357,17.792894874221464],[-93.19754510940771,17.785455684449747],[-93.20152677529522,17.773768102424253],[-93.19921754102549,17.749428377720765],[-93.20266981739759,17.742547923639524],[-93.23120400702634,17.73553872462872],[-93.258692583719,17.719396465325964],[-93.26124514808552,17.693290088491928],[-93.28682200349446,17.682328369316387]]]}},{"type":"Feature","properties":{"clues":"CSIMB003260"},"geometry":{"type":"Polygon","coordinates":[[[-93.20305244675222,16.433082898027457],[-93.22424910564875,16.44328394610091],[-93.22502735266838,16.448077585616105],[-93.23203387481274,16.45375787627193],[-93.23872934262461,16.463848264723957],[-93.24927042942221,16.514496492728373],[-93.26023934913772,16.526095597625098],[-93.23813787665186,16.550903826306435],[-93.21114804448932,16.56610476261816],[-93.16385976797595,16.529439209567993],[-93.1566889900941,16.529609815461207],[-93.14941328364212,16.519431924676592],[-93.1556627643436,16.471148396688232],[-93.16728893212078,16.46424044656407],[-93.17618952447197,16.4539877936244],[-93.18567874490793,16.452387115472167],[-93.19605633260609,16.439139738444595],[-93.20305244675222,16.433082898027457]]]}},{"type":"Feature","properties":{"clues":"CSSSA008235"},"geometry":{"type":"Polygon","coordinates":[[[-93.24381583238457,16.351933094789228],[-93.24880039229183,16.365661052706354],[-93.24575346331486,16.37871056305847],[-93.24177371868288,16.384743566484527],[-93.24542788242677,16.388314213095732],[-93.25260021841355,16.40351783378436],[-93.24972404550718,16.407511621092578],[-93.23999891684878,16.406560066925085],[-93.23372776250888,16.403775254741745],[-93.21912155220122,16.402650924918646],[-93.20894292934803,16.40389167833818],[-93.20235957434443,16.409748254337607],[-93.19274139917931,16.409908127322325],[-93.18596030514617,16.41294721551441],[-93.17942199230109,16.420323515425157],[-93.17435641578633,16.41897790478076],[-93.16773948458813,16.420416368084705],[-93.15639094503915,16.417178716422786],[-93.15239002503618,16.413422144985486],[-93.16564261599773,16.405861080742227],[-93.17089501290194,16.39987234361422],[-93.17021327921043,16.395952096477895],[-93.17419155310162,16.38457706275498],[-93.18449659241463,16.378470071890614],[-93.19699596357187,16.3593205118879],[-93.20414341700075,16.363482037612545],[-93.21326580818877,16.35463894110302],[-93.22128430014935,16.350138999136544],[-93.22372424862841,16.35226713581619],[-93.22939179931593,16.351794174070818],[-93.2347721625382,16.34941802998654],[-93.24381583238457,16.351933094789228]]]}},{"type":"Feature","properties":{"clues":"CSIMB001225"},"geometry":{"type":"Polygon","coordinates":[[[-93.21483312964152,17.6215262323782],[-93.20592866873162,17.626340658786216],[-93.18476383174638,17.62273902973318],[-93.18404547375262,17.62102465544962],[-93.19095688411052,17.608469237335292],[-93.19954892924646,17.60515546632784],[-93.21487165903741,17.613922265069156],[-93.21483312964152,17.6215262323782]]]}},{"type":"Feature","properties":{"clues":"CSIMS003862"},"geometry":{"type":"Polygon","coordinates":[[[-93.04163812791958,17.63426372600543],[-93.05636767394198,17.619236526900885],[-93.0650502294988,17.60159479997069],[-93.07567056100292,17.60043223797068],[-93.10223022587326,17.624259056526068],[-93.11042892130627,17.626625718582382],[-93.10140069924635,17.667731788999262],[-93.07202225972206,17.665706446560463],[-93.06839728170942,17.67005059373029],[-93.03428314690005,17.659541261409434],[-93.04166173212705,17.642748991470995],[-93.04163812791958,17.63426372600543]]]}},{"type":"Feature","properties":{"clues":"SCCSA000329"},"geometry":{"type":"Polygon","coordinates":[[[-93.08786167871682,17.39548766771341],[-93.0937324423235,17.39919348763222],[-93.09442310019509,17.405516055162344],[-93.09058272505271,17.415878165704665],[-93.09565269130799,17.417621578168788],[-93.09677522961027,17.420408134070318],[-93.09563375276355,17.429783742698962],[-93.08036696495728,17.432495721903837],[-93.07142185845042,17.424628375992715],[-93.06343000613553,17.428355281632044],[-93.05264480052597,17.42235839008375],[-93.05742943859138,17.398171870766582],[-93.04952190630483,17.39591905385327],[-93.04609409600994,17.390932060061218],[-93.04687572608007,17.383616485350935],[-93.0531468799158,17.3693793807322],[-93.05260036403241,17.351640755833966],[-93.06816244754337,17.341672401803283],[-93.07141155079958,17.34269060921683],[-93.09375745679029,17.371027183810916],[-93.09359963349118,17.37370404194114],[-93.08564389772714,17.38179679768959],[-93.08786167871682,17.39548766771341]]]}},{"type":"Feature","properties":{"clues":"CSIMS000840"},"geometry":{"type":"Polygon","coordinates":[[[-92.98021939097342,17.02105510157156],[-92.98966614682105,17.005062875588372],[-92.98988478474358,16.977792019229522],[-93.00435170463662,16.979976156296352],[-93.02154937870046,16.991379513109003],[-93.03865547781386,16.98329096707836],[-93.05213688545592,16.97914182374408],[-93.06585325341425,17.001787431047642],[-93.0769828317884,17.00340093888397],[-93.09543116408176,17.009175637269745],[-93.08662340355463,17.051569696181012],[-93.07676822107592,17.06345486762213],[-93.06152567582355,17.061064879853173],[-93.0531062307541,17.054495809999562],[-93.00774671943822,17.05275414586474],[-93.00050788786707,17.060426518876877],[-92.98474676488097,17.069323487616074],[-92.9631783827315,17.048111699212914],[-92.99121715212247,17.030219625557216],[-92.98021939097342,17.02105510157156]]]}},{"type":"Feature","properties":{"clues":"CSIMB004865"},"geometry":{"type":"Polygon","coordinates":[[[-93.0488725738333,17.422286889161374],[-93.05264480052597,17.42235839008375],[-93.06343000613553,17.428355281632044],[-93.0628508185488,17.43199937162783],[-93.04554257104223,17.444112790643846],[-93.04430253451308,17.446940216456753],[-93.0472316529159,17.45221502661298],[-93.04660722374227,17.46694850707812],[-93.03771181510868,17.46969738761346],[-93.02657427464165,17.470149153096127],[-93.01861064962732,17.45859232709861],[-93.00288489405385,17.468074270560898],[-92.99484430025095,17.45927148809991],[-93.0015277507763,17.446212886151702],[-93.01764528862303,17.438408211351813],[-93.02562293877885,17.436980859050163],[-93.02902625719331,17.432537159120397],[-93.03248751141857,17.430648838978975],[-93.03817413530788,17.433408072449947],[-93.04227442180917,17.43178393644051],[-93.0488725738333,17.422286889161374]]]}},{"type":"Feature","properties":{"clues":"TCIMB001030"},"geometry":{"type":"Polygon","coordinates":[[[-93.01749671544015,17.907749180845997],[-93.02025940627107,17.904621187145644],[-93.0451187193564,17.908335929362213],[-93.04760924565814,17.91396253054099],[-93.04863891768272,17.9229612479429],[-93.0203205820744,17.939728603208142],[-93.01815209950006,17.939045416850234],[-93.00780642006586,17.946181483257284],[-93.00389861470204,17.945871205315317],[-92.99101236049209,17.940012757955582],[-92.98767920447655,17.93295395882577],[-92.99201429826887,17.928494936526103],[-93.00943834665402,17.928817002658143],[-93.00532827791282,17.912368774004392],[-93.02034836594171,17.92468806840255],[-93.02370760323367,17.91799211832702],[-93.01749671544015,17.907749180845997]]]}},{"type":"Feature","properties":{"clues":"SCCSA000284"},"geometry":{"type":"Polygon","coordinates":[[[-93.00267808760078,16.706250062424008],[-93.00475825978914,16.710614475683602],[-93.00968140801659,16.711873298471215],[-93.01237755541844,16.71468244169862],[-93.01889624477207,16.7223815392905],[-93.01872976846107,16.725047548197225],[-93.0160893614076,16.730345268626884],[-93.00562425908355,16.73264784769571],[-93.00518793312627,16.74025198035289],[-93.00152361634959,16.742000503862677],[-93.0038653915994,16.753637564138646],[-92.99645475406734,16.77627338232937],[-92.98910674971866,16.77295169107399],[-92.98845211503165,16.737133123865274],[-92.99511305598966,16.728260411576883],[-92.98924634481533,16.72242158503586],[-92.98013288892915,16.70921743567733],[-92.97697048804648,16.70726576180034],[-92.97769242934135,16.70023609762726],[-92.99438083933065,16.695883524445687],[-93.0055558749497,16.70046319423345],[-93.00267808760078,16.706250062424008]]]}},{"type":"Feature","properties":{"clues":"CSIMS002322"},"geometry":{"type":"Polygon","coordinates":[[[-92.9361313882564,17.432557894001082],[-92.94260416730334,17.42033852535647],[-92.95631850663003,17.424662329100098],[-92.96925327735285,17.4239923435342],[-92.97942440032836,17.43447607518124],[-92.9928930477834,17.435917824658986],[-93.0015277507763,17.446212886151702],[-92.99484430025095,17.45927148809991],[-92.98189139740771,17.459079074784025],[-92.97823382920753,17.462596299241387],[-92.95783097902253,17.459768781091583],[-92.95521355656096,17.462539653311335],[-92.93856367261601,17.468981133846125],[-92.93415258430264,17.476195715326867],[-92.92819280616166,17.47371865417712],[-92.91487194304835,17.46180298405051],[-92.91787379003728,17.45057158248439],[-92.93326508347695,17.444319899148134],[-92.93582462833385,17.43845178528173],[-92.9361313882564,17.432557894001082]]]}},{"type":"Feature","properties":{"clues":"CSIMS001576"},"geometry":{"type":"Polygon","coordinates":[[[-92.95858065725582,16.652089791448745],[-92.95427963332577,16.672325953677568],[-92.95822163723479,16.676464321899992],[-92.96101823232789,16.675792477700206],[-92.96659900409344,16.677614967127145],[-92.97340177646937,16.673212118471774],[-92.97668162624744,16.678145487564382],[-92.98448929665057,16.679007045631767],[-92.98540063715234,16.68316887445425],[-92.99290627117067,16.686017962137875],[-92.98638350753087,16.697234016639992],[-92.97769242934135,16.70023609762726],[-92.97697048804648,16.70726576180034],[-92.97303564423774,16.70964281468286],[-92.94523959143353,16.718758261849185],[-92.92677238731656,16.727263743516495],[-92.9154875030715,16.727407249480663],[-92.88569121634077,16.687294830043662],[-92.88302859530124,16.681956078852362],[-92.8918583812953,16.655459817314323],[-92.90950897198643,16.65281188043889],[-92.91901980986111,16.648049369697816],[-92.93232797748395,16.645913227673567],[-92.94018073998537,16.657550794723193],[-92.95858065725582,16.652089791448745]]]}},{"type":"Feature","properties":{"clues":"SCCSA002835"},"geometry":{"type":"Polygon","coordinates":[[[-92.9206177911187,17.784037555276466],[-92.9150833238188,17.788446843214473],[-92.87659275916651,17.772487469854234],[-92.88218494713236,17.750721465835973],[-92.88854367952675,17.746887103796798],[-92.89335913972832,17.74729911464119],[-92.92934714552251,17.762928674597077],[-92.9206177911187,17.784037555276466]]]}},{"type":"Feature","properties":{"clues":"CSSSA002874"},"geometry":{"type":"Polygon","coordinates":[[[-92.88569121634077,16.687294830043662],[-92.85590836593865,16.726668568772876],[-92.85141008402938,16.716579405756505],[-92.85583813609476,16.69357785765011],[-92.87110755441577,16.68002198635201],[-92.88302859530124,16.681956078852362],[-92.88569121634077,16.687294830043662]]]}},{"type":"Feature","properties":{"clues":"SCCSA000246"},"geometry":{"type":"Polygon","coordinates":[[[-92.82874457094758,16.51919636460287],[-92.83592450965129,16.520763939060735],[-92.84162499300321,16.517309260611874],[-92.85708370897086,16.527667377283223],[-92.86182923908669,16.54480094917072],[-92.84325592499837,16.571471901587877],[-92.84756548891058,16.579544188448715],[-92.85212757315638,16.597787551849127],[-92.80715051170426,16.62251291401734],[-92.8183122194398,16.587593351178867],[-92.81617781918273,16.578618096045485],[-92.81766879194137,16.56613924119553],[-92.80929727578116,16.558412495565307],[-92.80969528127754,16.555138502871056],[-92.80158606602274,16.55009207971387],[-92.79478483344329,16.552487592214284],[-92.79184526174535,16.550982992433248],[-92.7845582842504,16.55595017450111],[-92.77895696224509,16.549685910214777],[-92.77417835036731,16.539439351249445],[-92.77145998572651,16.538588712713725],[-92.74999239163941,16.540822944934618],[-92.74925828621062,16.529528839377186],[-92.74665181812195,16.521504539866466],[-92.75153458256952,16.51674469488802],[-92.75892169634321,16.51462894552863],[-92.75338879143962,16.502844882183464],[-92.7376543892709,16.497956400681325],[-92.72672848487208,16.499341318681125],[-92.71555235145638,16.47948066303831],[-92.7174894859507,16.47784643226719],[-92.7542430282498,16.478337632550108],[-92.75830679577246,16.474925801813622],[-92.77071258447971,16.474833357905414],[-92.78692371215979,16.498668318885024],[-92.812346380782,16.50541757472588],[-92.82425291640273,16.520174848784492],[-92.82874457094758,16.51919636460287]]]}},{"type":"Feature","properties":{"clues":"CSIMB000525"},"geometry":{"type":"Polygon","coordinates":[[[-92.78210865889191,15.863452772112705],[-92.79304576023733,15.860630179301337],[-92.80112383631936,15.867999449528607],[-92.85088548608287,15.882420571338383],[-92.84980788504438,15.89704803645973],[-92.83640463058319,15.927363425213642],[-92.83318434772578,15.939544013022537],[-92.79978648262465,15.926991777004291],[-92.78197695566355,15.923992501454777],[-92.77923569644997,15.9129637355587],[-92.77036735368966,15.908172564720099],[-92.75668995801676,15.919769185648924],[-92.75200556110282,15.909405969834653],[-92.7455481173927,15.908630432608335],[-92.74446959710585,15.904372427039036],[-92.73174549641212,15.900285755578677],[-92.73893165142016,15.888509489673522],[-92.77358564028738,15.873294138822134],[-92.78210865889191,15.863452772112705]]]}},{"type":"Feature","properties":{"clues":"SCCSA002784"},"geometry":{"type":"Polygon","coordinates":[[[-92.76162590641187,17.882562844035114],[-92.76589779057099,17.874160560403666],[-92.79304144318282,17.879332285736286],[-92.79663966771375,17.891426995222837],[-92.79647192262455,17.90403224850324],[-92.79786627917898,17.9061405997627],[-92.78871641243926,17.930144571964934],[-92.77884225387866,17.94028138424996],[-92.7745271086129,17.941076319324402],[-92.76566638051692,17.915081209926036],[-92.77211865997224,17.905902932012477],[-92.76162590641187,17.882562844035114]]]}},{"type":"Feature","properties":{"clues":"CSIMS000526"},"geometry":{"type":"Polygon","coordinates":[[[-92.7578096060692,15.21766266150673],[-92.76378483182651,15.225583341775822],[-92.77369323738432,15.230775565610115],[-92.78678402562244,15.228281991631869],[-92.79081744132029,15.231371182131339],[-92.78447581398589,15.253530713333038],[-92.78213729306776,15.25590406534472],[-92.78014957217168,15.255992323000617],[-92.77337082622314,15.265112129443324],[-92.7741569543489,15.274810244300129],[-92.7679661789173,15.280630368608305],[-92.7644888702258,15.280991402108054],[-92.75065891903354,15.287311024449933],[-92.74748989099061,15.278759356983283],[-92.73790299533856,15.270449050234838],[-92.724171508093,15.279796678750857],[-92.71325288040447,15.26633685483866],[-92.71064713400493,15.265310030147845],[-92.7042672330466,15.25358943556014],[-92.7049768151368,15.250323558614738],[-92.70167839572898,15.242317947406296],[-92.70138246377334,15.231188479447576],[-92.70266380516517,15.227773763482945],[-92.70922761691374,15.22527393289453],[-92.71559125997838,15.2205412539891],[-92.72223956344679,15.221969873952752],[-92.73809530036945,15.21073679456704],[-92.74698864901741,15.215735825312763],[-92.75193314251042,15.214786561861741],[-92.7578096060692,15.21766266150673]]]}},{"type":"Feature","properties":{"clues":"CSIMB005203"},"geometry":{"type":"Polygon","coordinates":[[[-92.72110617643276,16.60878694906519],[-92.7284821641982,16.612923916540222],[-92.76007879934787,16.601117176883356],[-92.78377584030929,16.62851577568428],[-92.75630436507295,16.645982088781004],[-92.73885592562901,16.67061487757348],[-92.72149769827762,16.6680894722001],[-92.7168587987269,16.66914934567023],[-92.69197195498631,16.65760566802563],[-92.69023012082216,16.653863113905746],[-92.67810473647228,16.64606270374876],[-92.67684548063852,16.64190326018368],[-92.68380515261951,16.61633412917285],[-92.67498790384982,16.612509451855875],[-92.6635578509371,16.609878327288],[-92.64500329760621,16.620159843693543],[-92.6199888251635,16.605297657300362],[-92.6139186837642,16.59194389110534],[-92.66233327155695,16.579105231557236],[-92.66567208908765,16.57000760367836],[-92.67712173284099,16.567509967269704],[-92.6825121542043,16.567971216220645],[-92.69148100097374,16.570310890292813],[-92.70424488730505,16.59699600726362],[-92.69561316609249,16.612808968094452],[-92.71263517626026,16.613200889226608],[-92.72110617643276,16.60878694906519]]]}},{"type":"Feature","properties":{"clues":"CSIMB002321"},"geometry":{"type":"Polygon","coordinates":[[[-92.6330648923275,15.566190314833952],[-92.62317136861441,15.5505519203268],[-92.66442088106196,15.522391844048823],[-92.68419237571409,15.533458140302102],[-92.67666774966186,15.540204616752565],[-92.6493669285423,15.574279826001517],[-92.635828323584,15.576462116060835],[-92.63378518480091,15.57339341887905],[-92.6330648923275,15.566190314833952]]]}},{"type":"Feature","properties":{"clues":"SCCSA000395"},"geometry":{"type":"Polygon","coordinates":[[[-92.64287038049113,16.733281460542653],[-92.65023628204867,16.731012411703215],[-92.65339108122177,16.73393958881947],[-92.65166214797426,16.74026803761279],[-92.64695445440758,16.742138841418225],[-92.64272447654068,16.73998733295778],[-92.64085960934649,16.744149754773744],[-92.63659164740481,16.744573907671654],[-92.63837268549182,16.737447234127966],[-92.64157458620102,16.737069950324145],[-92.64287038049113,16.733281460542653]]]}},{"type":"Feature","properties":{"clues":"TCIMB002780"},"geometry":{"type":"Polygon","coordinates":[[[-92.58474603393128,17.907616705704584],[-92.59295855175559,17.890631993646547],[-92.61005611050678,17.88884826425841],[-92.61198579048767,17.914334616601682],[-92.62184214824617,17.924042950998295],[-92.61056726610876,17.93932347945968],[-92.6030292739862,17.959162045511707],[-92.58111572079373,17.964174020434623],[-92.58069577171904,17.929246243187023],[-92.59092403008498,17.9256466813463],[-92.59517363160498,17.91447046617575],[-92.58474603393128,17.907616705704584]]]}},{"type":"Feature","properties":{"clues":"CSSSA007021"},"geometry":{"type":"Polygon","coordinates":[[[-92.57652751383584,17.283810055330175],[-92.58243782132627,17.265310209515444],[-92.59417088746802,17.25153818314331],[-92.60059964469708,17.266324557177647],[-92.60981671675702,17.27655463658204],[-92.60081122960544,17.29451270589664],[-92.62115577930545,17.303353870407147],[-92.62708635667259,17.31361129187981],[-92.63599878326569,17.32058823185523],[-92.6259553715495,17.325215009768932],[-92.60980127981003,17.343178816163952],[-92.5947538936711,17.335661634367213],[-92.5762187935933,17.319871236711563],[-92.57702360264831,17.316029155442322],[-92.56234948709103,17.307466541729806],[-92.57013448551423,17.297307028053297],[-92.57354153239632,17.298945647964516],[-92.57703693399283,17.2984104981441],[-92.58128897986802,17.28973499952586],[-92.57652751383584,17.283810055330175]]]}},{"type":"Feature","properties":{"clues":"SCCSA000271"},"geometry":{"type":"Polygon","coordinates":[[[-92.59886943990323,15.558973655059289],[-92.61016040390011,15.56251724986475],[-92.61151853993225,15.571858929446835],[-92.60566669910366,15.580800414956114],[-92.59414914982528,15.580074930053959],[-92.58752803476386,15.584752916710668],[-92.58331982535627,15.591349264906562],[-92.57017851643097,15.588249439172772],[-92.55755634648428,15.581306655881127],[-92.5523235821158,15.565145600334969],[-92.56514579835141,15.555485468305625],[-92.56351688230556,15.541941802333508],[-92.54134443098069,15.540103077978795],[-92.53980279003308,15.53070381788131],[-92.54280041563995,15.513411746551789],[-92.55193800337811,15.5002312649607],[-92.57381225381314,15.490784076341393],[-92.59627316876569,15.484025239548721],[-92.61839455624798,15.495014497342433],[-92.60985834319925,15.533723945937059],[-92.60590048309123,15.536323828913504],[-92.59539681090169,15.538292840179974],[-92.59347838237848,15.540984346084807],[-92.59886943990323,15.558973655059289]]]}},{"type":"Feature","properties":{"clues":"CSIMS001226"},"geometry":{"type":"Polygon","coordinates":[[[-92.52120833600335,15.90114422638724],[-92.52551923173522,15.898058914294824],[-92.54737392781155,15.902197130049602],[-92.59455680464083,15.981102196583125],[-92.5703808751822,15.991202299209471],[-92.55761860644135,16.007510870066348],[-92.55401467288574,16.023210221337855],[-92.55718384176413,16.06706119407198],[-92.53655429142992,16.08053604327356],[-92.49782043204628,16.061154941428253],[-92.4931239669189,16.060077483539636],[-92.48552372355601,16.054428437213126],[-92.42683980763192,16.063525925357578],[-92.39125578185374,16.04993792553981],[-92.37811020897095,16.032684055844143],[-92.38211290840879,16.022523641104495],[-92.38088197771715,16.01506235405122],[-92.39626162201913,15.961471647129573],[-92.40874678273423,15.946134853686376],[-92.4102649937412,15.947083265942744],[-92.41380349664514,15.944918318662754],[-92.43068944444445,15.92986728042931],[-92.43455249673981,15.922194630518606],[-92.43015101410249,15.914429748462716],[-92.42955699558203,15.903743097998879],[-92.428047726276,15.901875842731963],[-92.42199988690058,15.8712736978978],[-92.45608467043343,15.871552464223479],[-92.52120833600335,15.90114422638724]]]}},{"type":"Feature","properties":{"clues":"CSIMB003856"},"geometry":{"type":"Polygon","coordinates":[[[-92.49878802447091,17.014610434239575],[-92.50109539433137,17.020410577822346],[-92.50667534621586,17.023016952293748],[-92.51206660600508,17.030116600862044],[-92.51748174650118,17.032715540919252],[-92.52884322000435,17.035101789776583],[-92.53120915427644,17.033199526649437],[-92.55478235141896,17.03358565883421],[-92.5571514455982,17.040995893644084],[-92.55610957172362,17.04642729969382],[-92.55413770066752,17.05052040122943],[-92.54635654976383,17.055812096002427],[-92.54565095910571,17.07323475763749],[-92.53750831552115,17.080175656680275],[-92.52916822988934,17.067195490036042],[-92.51905940118827,17.065868588378606],[-92.51476970085906,17.060761960058063],[-92.5109997258823,17.06336942660752],[-92.48959092299333,17.063700389132332],[-92.4836499465465,17.0490179783822],[-92.47758340782312,17.043189031633712],[-92.4628035506902,17.044788648505012],[-92.46077257226682,17.041423515080456],[-92.45250085860228,17.034760184087233],[-92.46305066878325,17.01891274129914],[-92.47052460058445,17.016705988349994],[-92.47343367026367,17.013661964453778],[-92.47495736468328,17.008699462278955],[-92.47810034109409,17.00631795233223],[-92.4806021305182,17.007788555198605],[-92.48838154099332,17.005454143937758],[-92.49340170801932,17.007547468052156],[-92.49629844167731,17.012983236377792],[-92.49878802447091,17.014610434239575]]]}},{"type":"Feature","properties":{"clues":"CSSSA005271"},"geometry":{"type":"Polygon","coordinates":[[[-92.5385503713832,15.236131779930927],[-92.53996399854842,15.241842448268834],[-92.53612528938876,15.24747507871742],[-92.54004941708223,15.254202702296471],[-92.53044421604994,15.264268770907142],[-92.52415635615462,15.26572728902052],[-92.51699875667522,15.273624226563026],[-92.51742655413254,15.280505568613824],[-92.50929872883039,15.293990944085705],[-92.50238428292558,15.29165274138971],[-92.49071377567091,15.281190183770537],[-92.49144292435838,15.278013442598754],[-92.48523349777477,15.257973700231434],[-92.49853759846818,15.250581795464518],[-92.50357636466559,15.239014867788603],[-92.50819141729562,15.237432731301208],[-92.52231716935204,15.240655709116668],[-92.53090479038198,15.228500604632316],[-92.53284701854744,15.22851672061861],[-92.5385503713832,15.236131779930927]]]}},{"type":"Feature","properties":{"clues":"SCCSA000357"},"geometry":{"type":"Polygon","coordinates":[[[-92.50624763444375,14.795661383809595],[-92.52618772269045,14.815987652113265],[-92.51075351314651,14.82962070742842],[-92.50004507333949,14.832912031002957],[-92.4848609380792,14.830567640542396],[-92.4773065198864,14.845669499910779],[-92.47823728328311,14.846908466010786],[-92.47438868473726,14.863943784467509],[-92.47599736857771,14.866411434252058],[-92.47261693361423,14.875796607519657],[-92.4659807700885,14.880569218882362],[-92.46256209592812,14.878159688691479],[-92.44785369269214,14.877320949750688],[-92.44133715648356,14.886167884301017],[-92.42388877943462,14.876513835686236],[-92.40835247183915,14.895160064144255],[-92.4061930133945,14.893399163122648],[-92.4027012406697,14.867196731863412],[-92.42311144104364,14.862668006520634],[-92.42364768633894,14.857568189140586],[-92.43787990192837,14.849191077197345],[-92.43737238522353,14.840602796663356],[-92.45521404976961,14.835076321256564],[-92.45795540588252,14.832109622302195],[-92.45866661640997,14.823651297100588],[-92.48407814849442,14.829267395329556],[-92.48414956747565,14.82202843052458],[-92.49025102577872,14.811339854432104],[-92.51032924925366,14.817813350621426],[-92.50182220751323,14.799760239141756],[-92.50624763444375,14.795661383809595]]]}},{"type":"Feature","properties":{"clues":"CSIMS004866"},"geometry":{"type":"Polygon","coordinates":[[[-92.49715108601949,16.903499374495638],[-92.493574270193,16.905422940568318],[-92.49502470032458,16.916898027862484],[-92.49102406761924,16.927481092138944],[-92.48611592831136,16.925736938570694],[-92.48384267526494,16.909614328502926],[-92.48777321465556,16.9034537226695],[-92.4833875299399,16.894796793864916],[-92.48805887066577,16.889254298827947],[-92.49636619571712,16.888991290980034],[-92.49984736002052,16.887555405079848],[-92.50754637985945,16.897203999901375],[-92.5091254033967,16.90505226505187],[-92.49715108601949,16.903499374495638]]]}},{"type":"Feature","properties":{"clues":"SCCSA000430"},"geometry":{"type":"Polygon","coordinates":[[[-92.46092001236734,16.53635878975131],[-92.46835113424224,16.53948883599468],[-92.47391342797057,16.537428845378777],[-92.4759169275925,16.544203155011687],[-92.46692598644336,16.54882844747657],[-92.46623814933459,16.552132854320543],[-92.44474700235902,16.56487492404701],[-92.44304522260323,16.560451538051545],[-92.45295631155749,16.542482472227086],[-92.46092001236734,16.53635878975131]]]}},{"type":"Feature","properties":{"clues":"TCIMB002775"},"geometry":{"type":"Polygon","coordinates":[[[-92.39999729282363,17.72920141405602],[-92.40711603156382,17.712642734005996],[-92.42225481888656,17.712321550275952],[-92.42580789133366,17.715558913040812],[-92.47401370673161,17.717221158115144],[-92.47610510376305,17.721476988899713],[-92.47273389600635,17.73791693983071],[-92.4517404359439,17.759177464374762],[-92.42454379542548,17.760988750888064],[-92.4144339906464,17.77818699993894],[-92.39452239172635,17.769834909247482],[-92.37689347512794,17.79879614606026],[-92.3665072064889,17.798007629773995],[-92.35203686538026,17.804387681200314],[-92.3195532748703,17.766953160511527],[-92.35249620812911,17.754530341657496],[-92.36332471606568,17.755415596573414],[-92.37396204658633,17.75172836071397],[-92.3842178179138,17.753105150855543],[-92.39960976955507,17.738460428968583],[-92.39999729282363,17.72920141405602]]]}},{"type":"Feature","properties":{"clues":"CSIMB001464"},"geometry":{"type":"Polygon","coordinates":[[[-92.4500222716781,15.340263515368063],[-92.44794123805157,15.349035476210993],[-92.44183936228842,15.355523642285748],[-92.43744782073377,15.354438757883559],[-92.43210319746045,15.345686122362974],[-92.43241828575024,15.341412883837092],[-92.43628239039421,15.33773765966981],[-92.440611124927,15.329510110558306],[-92.4579356395622,15.328936022901642],[-92.46019781949953,15.332946238181952],[-92.4500222716781,15.340263515368063]]]}},{"type":"Feature","properties":{"clues":"CSIMS002923"},"geometry":{"type":"Polygon","coordinates":[[[-92.43476160981595,14.805335876631698],[-92.44378182256258,14.807535147000383],[-92.45363812997121,14.815794290050277],[-92.45540544199159,14.815913839554284],[-92.45866661640997,14.823651297100588],[-92.45795540588252,14.832109622302195],[-92.45521404976961,14.835076321256564],[-92.43737238522353,14.840602796663356],[-92.43787990192837,14.849191077197345],[-92.42364768633894,14.857568189140586],[-92.42311144104364,14.862668006520634],[-92.4027012406697,14.867196731863412],[-92.39384272653948,14.855329078329472],[-92.39415985222568,14.850791105884978],[-92.39197320696336,14.843437346044691],[-92.40155291076852,14.833382170040906],[-92.41890877389729,14.833670489117962],[-92.42276033526129,14.829848344426614],[-92.4221875765619,14.81699721376103],[-92.43476160981595,14.805335876631698]]]}},{"type":"Feature","properties":{"clues":"CSIMS004982"},"geometry":{"type":"Polygon","coordinates":[[[-92.39381162999123,17.409468680188688],[-92.3897773829298,17.39991660764377],[-92.40775068478375,17.367669320456354],[-92.419489218914,17.36751510987854],[-92.43937403381545,17.372245815479452],[-92.44124776525541,17.375745500666504],[-92.43781033026613,17.40834779284051],[-92.42753840065232,17.41622224952209],[-92.42657846469403,17.422383127820414],[-92.41938801102,17.439066863378763],[-92.40265601682516,17.43730585034001],[-92.38671799384419,17.432231108940233],[-92.38735120836573,17.423735942386713],[-92.3915305307779,17.41871901740966],[-92.39381162999123,17.409468680188688]],[[-92.41038157067216,17.397122261257593],[-92.3982866864416,17.40656667224442],[-92.39952582717987,17.413379193437798],[-92.40296439984554,17.41307096330823],[-92.41726725844524,17.404727504708408],[-92.41417795645084,17.39977029062316],[-92.41038157067216,17.397122261257593]]]}},{"type":"Feature","properties":{"clues":"CSIMS002100"},"geometry":{"type":"Polygon","coordinates":[[[-92.33828026760636,16.649220335752467],[-92.3404132558772,16.647823180613862],[-92.34841785619625,16.65592146760629],[-92.35774784034709,16.658094961366277],[-92.38160121940778,16.65591582878264],[-92.38381913692596,16.660733028082532],[-92.38254081861805,16.670657176666428],[-92.39829262545686,16.68706202066402],[-92.39337745987906,16.69446856472901],[-92.38010627746601,16.700749579780126],[-92.372610238027,16.69938173496926],[-92.36388524676694,16.687580264949602],[-92.34688883169378,16.677861957698248],[-92.33858359046627,16.680772391212514],[-92.33219715257326,16.685868452283625],[-92.32272386113877,16.685273494363674],[-92.3125602520944,16.67528455103896],[-92.33008502396795,16.666755831583558],[-92.33828026760636,16.649220335752467]]]}},{"type":"Feature","properties":{"clues":"CSIMB002316"},"geometry":{"type":"Polygon","coordinates":[[[-92.29444645707038,15.62266247729497],[-92.28769312050431,15.627950043847832],[-92.27704901016341,15.628310726690126],[-92.26940393682463,15.619018787719215],[-92.26468693300744,15.609844541214555],[-92.26422674556274,15.605352391552872],[-92.27879963389177,15.596309003959092],[-92.28040314645638,15.59776992763932],[-92.29020116751727,15.599860919868991],[-92.29759147484006,15.59498369636934],[-92.2978338413552,15.588418256770638],[-92.3019990387171,15.584604577444205],[-92.32114725068371,15.594192720235958],[-92.3212849730956,15.59983073815075],[-92.33430686517275,15.607118880614195],[-92.35625311479566,15.599406716491414],[-92.36151687317951,15.608214775673995],[-92.36031677125001,15.61541577103798],[-92.35304496930175,15.628935938231123],[-92.34389257769993,15.630352268873374],[-92.33941561129657,15.633426257208132],[-92.33748649262841,15.6338134057593],[-92.31560368911015,15.625167758112314],[-92.30584210769393,15.617974576950548],[-92.29444645707038,15.62266247729497]]]}},{"type":"Feature","properties":{"clues":"CSIMS004154"},"geometry":{"type":"Polygon","coordinates":[[[-92.24131399744829,17.479405555778985],[-92.24526361813976,17.496816004233317],[-92.2598052986228,17.505941335884582],[-92.26663323881529,17.508493355098757],[-92.27644559871425,17.5227626893665],[-92.27948225128866,17.529749942493346],[-92.27827769228942,17.535761529890326],[-92.28938239526028,17.5567498640006],[-92.27862600932065,17.56421557274077],[-92.26948658375173,17.560005237144225],[-92.26045773629257,17.559069858708877],[-92.25872742498674,17.55490588359885],[-92.24488947264895,17.548769914118875],[-92.23926018485224,17.550281531510628],[-92.2323590479541,17.546997804956124],[-92.22219503880186,17.552921807426653],[-92.22309051439679,17.565890429592894],[-92.20266700552327,17.582659621017218],[-92.19470485944976,17.577957663510066],[-92.19010547724311,17.56448903578368],[-92.18938612187623,17.55078089055957],[-92.174357989783,17.53035573000341],[-92.16601491259783,17.497303556913337],[-92.15521635089128,17.49009329498304],[-92.1785720312578,17.450337766909897],[-92.18203858355105,17.44896345638586],[-92.20458612994541,17.454667658542906],[-92.21013731157058,17.4696275956278],[-92.24131399744829,17.479405555778985]]]}},{"type":"Feature","properties":{"clues":"CSIMS003150"},"geometry":{"type":"MultiPolygon","coordinates":[[[[-92.29453945486327,15.354216008018104],[-92.29251912288427,15.365015882564412],[-92.28273424030536,15.356171914194235],[-92.28472840439946,15.353304322790523],[-92.29453945486327,15.354216008018104]]],[[[-92.27562064086796,15.360641564030683],[-92.28545814387833,15.36918743542306],[-92.28778708881718,15.369736470839195],[-92.28835883426726,15.378358619692436],[-92.29086198496333,15.38184597752601],[-92.29180841910731,15.389119050160568],[-92.28867728313975,15.392995039168714],[-92.28151432041157,15.390463659729397],[-92.27292889760209,15.395447352683435],[-92.26781099076153,15.39398937275361],[-92.26876085120041,15.386497428808433],[-92.25880115731093,15.380900833573683],[-92.26080289057272,15.376915634996095],[-92.254952381951,15.367794805934608],[-92.25717960202303,15.3644903162033],[-92.26325036157039,15.367505958543337],[-92.27562064086796,15.360641564030683]]]]}},{"type":"Feature","properties":{"clues":"CSIMS004376"},"geometry":{"type":"Polygon","coordinates":[[[-92.2502924432652,15.46602732257026],[-92.2562714826152,15.463473007791574],[-92.26260221303207,15.463131773835483],[-92.26779028346986,15.469147438168555],[-92.28070618691474,15.467963290325189],[-92.28342970261436,15.474397637781063],[-92.27450188236621,15.493271750246924],[-92.26701672564695,15.485023949613627],[-92.24860480032544,15.484180517433868],[-92.24535799786027,15.481645419831054],[-92.25006341086745,15.472136367487401],[-92.2502924432652,15.46602732257026]]]}},{"type":"Feature","properties":{"clues":"CSIMS003973"},"geometry":{"type":"Polygon","coordinates":[[[-92.23263379477832,15.443256391890966],[-92.23035451748954,15.44176390528781],[-92.23563976845095,15.426483396194277],[-92.238755418991,15.427442682922557],[-92.24542163181086,15.424340163021835],[-92.25550488271708,15.428018153256236],[-92.25829110874594,15.431111169461113],[-92.26210839059124,15.431160088663631],[-92.26866729028166,15.443560571005795],[-92.26067296657064,15.448970263534862],[-92.25506695869954,15.44794934116105],[-92.25151648255307,15.441382183807274],[-92.24195750790183,15.448300626096678],[-92.23555135795213,15.442883589587659],[-92.23263379477832,15.443256391890966]]]}},{"type":"Feature","properties":{"clues":"CSSSA006630"},"geometry":{"type":"Polygon","coordinates":[[[-92.24880960117385,14.994612488331121],[-92.24882990482826,14.997146513499057],[-92.24328202948526,15.002976431810653],[-92.24471745798121,15.004438825941481],[-92.25387682097552,15.005398399104145],[-92.25960220557964,15.013984903682893],[-92.25762832688415,15.01930494852659],[-92.25484993782283,15.021218644263826],[-92.2521181629612,15.036311885052012],[-92.24943324832704,15.042681102800174],[-92.24684862881035,15.044861799966593],[-92.2497946742313,15.053551522345359],[-92.24575900252994,15.059106197473868],[-92.23830891045971,15.05657878616209],[-92.2370668928679,15.052220096688806],[-92.24108088042986,15.04326587812665],[-92.24242077935332,15.033983729684639],[-92.24077402312659,15.032016822729023],[-92.24064335204446,15.025133628788248],[-92.23321865737589,15.022483790545412],[-92.23006341920686,15.024543347995172],[-92.21809522575961,15.021922924149269],[-92.21680185014083,15.013528903621793],[-92.22333510340121,15.0083172299946],[-92.2243433264548,14.997123948306017],[-92.21086410168311,14.986861965595649],[-92.21852816188957,14.976098812748711],[-92.22419932804826,14.978346262286092],[-92.22951587268885,14.977023808121924],[-92.23869190952394,14.966176525977833],[-92.2403498109046,14.979534533585866],[-92.24591057173993,14.975942549781516],[-92.24856582861082,14.967609590413097],[-92.2507237519447,14.967723383544152],[-92.25804330556683,14.970128375692257],[-92.2569491924357,14.985479283954023],[-92.24880960117385,14.994612488331121]]]}},{"type":"Feature","properties":{"clues":"CSIMS003944"},"geometry":{"type":"Polygon","coordinates":[[[-92.23555135795213,15.442883589587659],[-92.24195750790183,15.448300626096678],[-92.25151648255307,15.441382183807274],[-92.25506695869954,15.44794934116105],[-92.26067296657064,15.448970263534862],[-92.26453299844033,15.459591151950294],[-92.26260221303207,15.463131773835483],[-92.2562714826152,15.463473007791574],[-92.2502924432652,15.46602732257026],[-92.23642285058246,15.466067514617269],[-92.23151991434649,15.461303331949056],[-92.22866198291894,15.46304122517263],[-92.22332391810434,15.47243615241324],[-92.21248554258469,15.473337838363385],[-92.21334140393354,15.46099216389909],[-92.20885908063575,15.458187075182147],[-92.20788417901814,15.447850477638188],[-92.21834458195676,15.444115064114005],[-92.22135831144304,15.439130200286142],[-92.2199789585667,15.43253213856422],[-92.23563976845095,15.426483396194277],[-92.23035451748954,15.44176390528781],[-92.23263379477832,15.443256391890966],[-92.23555135795213,15.442883589587659]]]}},{"type":"Feature","properties":{"clues":"CSSSA009606"},"geometry":{"type":"Polygon","coordinates":[[[-92.16411399273218,16.956848663325083],[-92.17293513339338,16.96127289643019],[-92.19007457133142,16.961265964919146],[-92.19820620541735,16.970215357271563],[-92.20929718208605,16.9740967671096],[-92.2121820119136,16.98546201965464],[-92.21058042181929,16.989044803077512],[-92.2100628923131,17.005604463083078],[-92.2004109650927,17.01119164731173],[-92.1883648917663,17.006308251545224],[-92.17799107581443,17.00428862172376],[-92.15989035331516,17.00361976288759],[-92.14290077539157,16.986242996052127],[-92.14183565108331,16.983225623569435],[-92.14595426607566,16.967781033001273],[-92.16411399273218,16.956848663325083]]]}},{"type":"Feature","properties":{"clues":"CSIMS000951"},"geometry":{"type":"Polygon","coordinates":[[[-92.17514758984996,15.08466752990144],[-92.17526128946918,15.09679067552739],[-92.18128607520272,15.10333843264347],[-92.17913228504705,15.106805013594768],[-92.15540449301236,15.114686045746884],[-92.14450890401156,15.12492276955698],[-92.1353120090318,15.121899322483975],[-92.13844066495062,15.105771128147143],[-92.15560294202132,15.089193184693295],[-92.15510158724067,15.08552789028202],[-92.15304449068913,15.083257541046642],[-92.15405358539657,15.067959708040096],[-92.16050103083643,15.061106380164826],[-92.16744425938853,15.056311562878793],[-92.17644578864402,15.059272209866718],[-92.18108161879618,15.064115960224834],[-92.18356113612548,15.079328519126562],[-92.17514758984996,15.08466752990144]]]}},{"type":"Feature","properties":{"clues":"CSSSA001894"},"geometry":{"type":"Polygon","coordinates":[[[-92.13719617907208,17.006507656799997],[-92.14290077539157,16.986242996052127],[-92.15989035331516,17.00361976288759],[-92.1764153171502,17.004938745369973],[-92.1742855182909,17.010725744801427],[-92.17497238033047,17.028901930210395],[-92.16300004067875,17.025752344125525],[-92.15824609198836,17.029258684668807],[-92.14852182102756,17.027692993317284],[-92.14457043662729,17.028899355554223],[-92.13595501758412,17.0213392465185],[-92.14154013387055,17.01244451249514],[-92.13719617907208,17.006507656799997]]]}},{"type":"Feature","properties":{"clues":"CSIMB005553"},"geometry":{"type":"Polygon","coordinates":[[[-92.13816670947877,17.130030229871885],[-92.14652403339893,17.125586922326107],[-92.15489013910313,17.140426043265673],[-92.15081000656318,17.143366523860035],[-92.15111082610163,17.15396285493332],[-92.14740483067344,17.158770296249],[-92.13905200373956,17.15335811376635],[-92.13405444385985,17.153986734472145],[-92.11885869408455,17.150735150713974],[-92.10459368805557,17.15824575048355],[-92.09937388457824,17.149014192726554],[-92.10245361802167,17.141390896465875],[-92.10620952372679,17.138129191660546],[-92.11916921535475,17.13509082456182],[-92.11618961806505,17.12867425351956],[-92.1144121607749,17.127978874413778],[-92.1124051299524,17.120854634767117],[-92.10761246192995,17.115473275220058],[-92.10770329322577,17.108741492683464],[-92.1120889287912,17.108457989772486],[-92.1172742931285,17.113254557882033],[-92.12418679026963,17.112842438602197],[-92.13161515518605,17.117504988569],[-92.12992702770572,17.12038862386833],[-92.13816670947877,17.130030229871885]]]}},{"type":"Feature","properties":{"clues":"SCCSA000479"},"geometry":{"type":"Polygon","coordinates":[[[-92.07724585026854,15.046262139522138],[-92.07828757692808,15.040008960587492],[-92.08551267318583,15.048119546164845],[-92.08357233520238,15.055224586695791],[-92.08795205385405,15.059108771802881],[-92.08598599662103,15.064173862414782],[-92.07903491330336,15.06221946123383],[-92.06990025432893,15.062882071736238],[-92.0732413699088,15.061353519460374],[-92.07232409009909,15.057724509498293],[-92.06835447968506,15.05535714976483],[-92.06881861990934,15.052346539580746],[-92.07085450972315,15.05093076909622],[-92.07019601964844,15.046781109314065],[-92.07268785028785,15.044216949571366],[-92.07724585026854,15.046262139522138]]]}},{"type":"Feature","properties":{"clues":"CSIMS003372"},"geometry":{"type":"Polygon","coordinates":[[[-90.72044215101516,16.0742373056539],[-90.85662413082565,16.07414686481513],[-90.86746181455806,16.1083646853978],[-90.8246142302184,16.1355616650483],[-90.80894510131915,16.139799884938718],[-90.80213009997546,16.135359549863512],[-90.79352245791651,16.134203030853545],[-90.75739536361331,16.137414056913713],[-90.74951641615081,16.13929610242326],[-90.72065003754985,16.114084408484416],[-90.72044215101516,16.0742373056539]]]}},{"type":"Feature","properties":{"clues":"CSIMB000146"},"geometry":{"type":"Polygon","coordinates":[[[-92.08074337383258,15.53661161203298],[-92.08973668110892,15.546297598806479],[-92.09757298361436,15.547735498554278],[-92.1030046824935,15.550421457993359],[-92.10738013961725,15.550398372081263],[-92.11479013899019,15.554621809720723],[-92.107437797564,15.582824033396852],[-92.09390384380735,15.579848223898061],[-92.08387653362823,15.575926698508027],[-92.0769608927482,15.576952032690311],[-92.0635466874718,15.582910456968643],[-92.05813779058211,15.575759722254265],[-92.04979212113305,15.55938326631306],[-92.03928993351963,15.552070762606514],[-92.05725438553151,15.52156843226315],[-92.0606664724571,15.539287656511314],[-92.07051757785429,15.541668713191862],[-92.08074337383258,15.53661161203298]]]}},{"type":"Feature","properties":{"clues":"CSSSA020012"},"geometry":{"type":"Polygon","coordinates":[[[-92.07960006783863,16.17577589034429],[-92.08719319431229,16.18196912134032],[-92.09130155258295,16.187574695260064],[-92.09329308625895,16.197635426575065],[-92.08748644247062,16.20244532808604],[-92.08710287985693,16.212468602513912],[-92.08531277539726,16.21461165010907],[-92.08602420960352,16.221839144271534],[-92.08332267629301,16.22830441572976],[-92.07229346486614,16.22277059168899],[-92.06622000713955,16.2171846682804],[-92.05403656773724,16.21162595106472],[-92.04981759120912,16.21393546119881],[-92.03477525875985,16.196647059788162],[-92.03851519828247,16.192617377115802],[-92.0394383169752,16.173446914081232],[-92.04527080204925,16.17326454373215],[-92.05057001420641,16.17825273694553],[-92.06133192537982,16.17538174902995],[-92.06143863986814,16.171222588393935],[-92.063972727967,16.166694250081],[-92.06936654294086,16.16530138691563],[-92.07781839087099,16.17140839737738],[-92.07960006783863,16.17577589034429]]]}},{"type":"Feature","properties":{"clues":"CSIMB001575"},"geometry":{"type":"Polygon","coordinates":[[[-91.95307474320087,16.772643491933483],[-91.94868198649145,16.78273375879021],[-91.94894353154663,16.787589429514],[-91.95465134314877,16.812095259659316],[-91.9599667936364,16.815517593248163],[-91.95920814625987,16.830947512400634],[-91.95808914986564,16.83622842152227],[-91.94972935574923,16.836972520019224],[-91.94347435315355,16.846176859151704],[-91.9237297061648,16.842984211537274],[-91.91790090940184,16.8483262249864],[-91.91145231664098,16.847940917686653],[-91.90582923955769,16.842864029839244],[-91.88425059982961,16.84177306939151],[-91.87675922978717,16.837999454727594],[-91.8662932805849,16.845133525463044],[-91.85098285943349,16.845181018127718],[-91.84820128098214,16.842894183284685],[-91.80730584228608,16.834480016877738],[-91.83198442454074,16.81670106714053],[-91.83750190665938,16.807185430924807],[-91.83875696818828,16.799403612813244],[-91.83779412815244,16.797485059488928],[-91.8449781497827,16.754993247862767],[-91.84393972897708,16.751436794118856],[-91.84567750722465,16.747914008301375],[-91.85790737049685,16.745435389528343],[-91.88787503834608,16.745523877554366],[-91.90648059746594,16.752092089047068],[-91.92727280144665,16.747324822316198],[-91.95307474320087,16.772643491933483]]]}},{"type":"Feature","properties":{"clues":"CSIMS002783"},"geometry":{"type":"Polygon","coordinates":[[[-91.68537414684558,16.368055952005136],[-91.6905067919041,16.374699281115138],[-91.6931136686449,16.374749630359055],[-91.70299044567605,16.381733864091586],[-91.70153578545728,16.39481844553823],[-91.70263664557383,16.401822798938028],[-91.70806267557364,16.40601275555622],[-91.7309386910923,16.408444175180737],[-91.73885212902427,16.421913415392705],[-91.74414580649781,16.426647249386555],[-91.7507552333047,16.45160366017032],[-91.7225553580269,16.476092172756996],[-91.71118483789616,16.470264168456023],[-91.67681360466992,16.46883093977986],[-91.6627701847373,16.456239159177166],[-91.6615248381897,16.450922084139044],[-91.66329508680046,16.44022921993353],[-91.631253479664,16.41319487259982],[-91.61160179108755,16.43577983145288],[-91.59460385169766,16.43614685201238],[-91.59235429785619,16.398362277747886],[-91.58578083987864,16.394592023234736],[-91.57573600256453,16.373900296842493],[-91.58124608024372,16.366821340713678],[-91.58700572447502,16.349065742572865],[-91.57385585958771,16.33963440362394],[-91.5836947799391,16.320778246879524],[-91.6098748333833,16.30932726771956],[-91.61297827259557,16.31316154580422],[-91.61433650264603,16.318765494619086],[-91.63404201491232,16.343243792983436],[-91.6373416285691,16.34508351025308],[-91.64184210205238,16.36672237517485],[-91.65498448996594,16.36006501175553],[-91.66366236432484,16.369382729385126],[-91.66425502776903,16.374598072683373],[-91.67510822317344,16.37521185183438],[-91.68537414684558,16.368055952005136]]]}},{"type":"Feature","properties":{"clues":"CSIMB001580"},"geometry":{"type":"Polygon","coordinates":[[[-91.61283247820609,16.60742740994968],[-91.624205898419,16.6104238083073],[-91.64139679864812,16.633593556328357],[-91.67356035659267,16.63567584140901],[-91.70454375147138,16.66566518077531],[-91.68030293274941,16.698155072939798],[-91.66009195459667,16.708908688540316],[-91.64130992313221,16.691353316908806],[-91.62839689586801,16.689132303543683],[-91.61228488709158,16.66188858114482],[-91.57624782335607,16.653663124966524],[-91.59107710416407,16.614315626518245],[-91.61283247820609,16.60742740994968]]]}},{"type":"Feature","properties":{"clues":"CSIMS006126"},"geometry":{"type":"Polygon","coordinates":[[[-91.64130992313221,16.691353316908806],[-91.66009195459667,16.708908688540316],[-91.660066146269,16.7263365572499],[-91.65077223942286,16.735056576238087],[-91.65478360511794,16.74986133198176],[-91.6524902984771,16.75954825923275],[-91.64989862790578,16.765088901667948],[-91.64410441539579,16.769106181421975],[-91.64223026391558,16.77547989189773],[-91.63448557916995,16.767268734317398],[-91.62858792461162,16.766003207556277],[-91.62335034974,16.768576651239474],[-91.58744010804746,16.773367649300088],[-91.581265718698,16.763438386720097],[-91.56414496164889,16.759383064012724],[-91.55917567300496,16.753871922665294],[-91.52420830504816,16.73795600826116],[-91.51166944692686,16.735131171716816],[-91.50171896663034,16.723815966369227],[-91.52729557949564,16.692440168641674],[-91.56774504128808,16.67745316538781],[-91.57624782335607,16.653663124966524],[-91.61228488709158,16.66188858114482],[-91.62839689586801,16.689132303543683],[-91.64130992313221,16.691353316908806]]]}},{"type":"Feature","properties":{"clues":"CSSSA004221"},"geometry":{"type":"Polygon","coordinates":[[[-91.50947237303043,16.575011087916526],[-91.50491862519425,16.54340254860425],[-91.51664978798357,16.527352321114765],[-91.5490115755023,16.516791831676514],[-91.55385080139862,16.519549186104236],[-91.56983194917146,16.551507815181782],[-91.55589869331968,16.57399580060012],[-91.58171622223199,16.596907330765838],[-91.58163632401478,16.60040278643233],[-91.59107710416407,16.614315626518245],[-91.57624782335607,16.653663124966524],[-91.5426687680144,16.635055248835716],[-91.54835958848749,16.60284877486272],[-91.54079875732745,16.58589093459448],[-91.52618355079316,16.58119325468344],[-91.51777764955223,16.58063162870773],[-91.50947237303043,16.575011087916526]]]}},{"type":"Feature","properties":{"clues":"CSSSA018076"},"geometry":{"type":"Polygon","coordinates":[[[-91.35536254923396,16.51781014868085],[-91.38459014262064,16.512448351084615],[-91.39809429388146,16.523046278975578],[-91.40860855701472,16.541085755740735],[-91.4282783913691,16.557301381839185],[-91.41473455355954,16.614611596370302],[-91.40052697982533,16.638504565083274],[-91.35825510769222,16.63941021680776],[-91.2858947840403,16.65966060690662],[-91.25600792270018,16.68441361362895],[-91.2280034103623,16.682556288376585],[-91.20964039544133,16.66861716340945],[-91.25096039307515,16.522022469922785],[-91.28768070725197,16.54630105524136],[-91.30277157220893,16.540915637555635],[-91.31752962591965,16.531551721239243],[-91.33354758489453,16.562059839200973],[-91.34312545889075,16.531638701117554],[-91.35536254923396,16.51781014868085]]]}},{"type":"Feature","properties":{"clues":"TCIMB003603"},"geometry":{"type":"Polygon","coordinates":[[[-91.29402411679314,17.428450413338396],[-91.29942478600073,17.441036254438682],[-91.3142153492729,17.456773946049886],[-91.3172207725962,17.457766659588515],[-91.31887878041213,17.472528085359862],[-91.31240629745851,17.487890030664374],[-91.31881293574878,17.507313742448762],[-91.32444295807095,17.517221300724497],[-91.30729875271554,17.544829959933093],[-91.27238402332577,17.50685270218788],[-91.2540910812738,17.511624491131194],[-91.22121348903885,17.490452609125537],[-91.21324200558014,17.49051887980146],[-91.20798778358417,17.498807157907958],[-91.17367626403762,17.509690896166703],[-91.16011459595165,17.50295586151906],[-91.1619060653455,17.477589458029033],[-91.18066878111867,17.471409457324008],[-91.17799628047652,17.459508228206925],[-91.18866992555472,17.410492238345775],[-91.20104123508341,17.427791689018648],[-91.22620904931031,17.44060299141365],[-91.24699905120713,17.439592910630918],[-91.25767815841417,17.429641697500738],[-91.26519222737515,17.41395050334356],[-91.29402411679314,17.428450413338396]]]}},{"type":"Feature","properties":{"clues":"SCCSA002913"},"geometry":{"type":"Polygon","coordinates":[[[-91.13010108370942,17.284813738098617],[-91.14652735359914,17.29568305245485],[-91.15367363713926,17.315566198957743],[-91.17748668216909,17.322057914960514],[-91.19406202202472,17.317652520185973],[-91.20697623410578,17.330044843655187],[-91.20344900152357,17.343713820004886],[-91.21636575966987,17.39132735552834],[-91.21896888346451,17.39111643769238],[-91.26519049055995,17.413951198914535],[-91.25767815841417,17.429641697500738],[-91.24699905120713,17.439592910630918],[-91.22620904931031,17.44060299141365],[-91.20104123508341,17.427791689018648],[-91.18851021770617,17.410136883000092],[-91.18289224306265,17.408793126037136],[-91.16114087898825,17.36872809225394],[-91.10306690609875,17.39552959324454],[-91.10105514018548,17.3979616615179],[-91.08001586427554,17.377179970844423],[-91.06538530432061,17.339017812176184],[-91.04890959796434,17.330042380152882],[-91.04399335021452,17.320204711724774],[-90.9875846808871,17.30723437811898],[-90.98745919992786,17.25102488967797],[-91.10123354808812,17.251261408343755],[-91.11534403989519,17.28478064959915],[-91.13010108370942,17.284813738098617]]]}},{"type":"Feature","properties":{"clues":"CSIMB003371"},"geometry":{"type":"Polygon","coordinates":[[[-90.42776331035022,16.2320140493986],[-90.43003705041886,16.23009913963683],[-90.43941128973741,16.231317089562296],[-90.45119085018558,16.224895219397666],[-90.45539854979708,16.216756689302066],[-90.45667331033206,16.209505679445197],[-90.45595443569837,16.203710224938618],[-90.51405517591897,16.168827408880947],[-90.52508764217707,16.173410886382552],[-90.56098479772224,16.238676010796294],[-90.55656420358552,16.24261891132443],[-90.52841881493468,16.282588144968045],[-90.51952891837365,16.299491157528518],[-90.51962332257138,16.301887442518137],[-90.50429886004552,16.333612044590865],[-90.50755266628363,16.342847075996687],[-90.48472180540517,16.391972866521783],[-90.49383194241969,16.3993376462826],[-90.53909135855686,16.394442364307363],[-90.54262570927044,16.398573284191055],[-90.54715963653706,16.442337552151923],[-90.53222968202641,16.460274950133623],[-90.52780171007149,16.45771621986005],[-90.525428569708,16.457954819694006],[-90.52546489005523,16.46443047927135],[-90.5224590198157,16.46782297960677],[-90.51421577010731,16.469896339114353],[-90.50186373979733,16.46765382939483],[-90.4990156203798,16.464877419562274],[-90.49908308979067,16.45653674910446],[-90.49580414034808,16.453488549856477],[-90.49157041985545,16.454047319464575],[-90.4850949100156,16.461129509621284],[-90.48035299997296,16.461262939848954],[-90.4776129501642,16.459325539391056],[-90.47950682027334,16.449835049798363],[-90.47830490975295,16.441974349381297],[-90.48696561984525,16.429331119291074],[-90.48697609047976,16.425446179278033],[-90.48455869004938,16.423017629255515],[-90.47181560028592,16.425035519386487],[-90.45877408993886,16.42101959965918],[-90.44385984988406,16.424266569608957],[-90.4207242199379,16.424896539598198],[-90.41610762977137,16.421602349447323],[-90.41174215034283,16.407434489915012],[-90.40771988008417,16.404033249870896],[-90.40219097978206,16.407049949767973],[-90.39792329006477,16.416175969428675],[-90.39426893959676,16.415935519549762],[-90.3887783699931,16.413086979432805],[-90.3869537100482,16.410741019226666],[-90.38906385992628,16.403530879854443],[-90.40134631995754,16.398632999662663],[-90.4018159096548,16.393001969443343],[-90.39681656967683,16.3853417694417],[-90.3864520603733,16.377938709951902],[-90.38172641965843,16.375842949878702],[-90.3742189995894,16.375204339378502],[-90.37079986027082,16.371086429737396],[-90.3706981196381,16.364675719514796],[-90.37355877955554,16.360369629350792],[-90.37613870955991,16.359335399591096],[-90.38132712012207,16.361037689109285],[-90.38592571990341,16.369780489081325],[-90.38892617969528,16.37275039966368],[-90.39348400041506,16.37440654964456],[-90.39688290967909,16.374143939664787],[-90.40755731013442,16.365703949369085],[-90.41201093995547,16.35730344966713],[-90.41138535000947,16.35049504984881],[-90.40931419994511,16.345899139372655],[-90.40698548025256,16.345870489078287],[-90.40621091022213,16.347727219124092],[-90.4081374498686,16.354301889098153],[-90.4075239799671,16.358902859468504],[-90.40303437015143,16.36105656923871],[-90.4007003103071,16.358437859090007],[-90.40085992011815,16.352345949878327],[-90.39924097021971,16.349393289573996],[-90.38332859992114,16.345211799472153],[-90.38132442007368,16.341568709391673],[-90.38221159983497,16.337199799071385],[-90.3868692800978,16.33424874945926],[-90.3891902497711,16.33484881938945],[-90.39331720034218,16.339165579937642],[-90.39864592036487,16.339193319518603],[-90.40242349038192,16.33282213982866],[-90.41173554037995,16.327109319499172],[-90.41186407984908,16.323340279098737],[-90.40868414999659,16.31618854909431],[-90.41060717993199,16.308023419641106],[-90.41818947988298,16.304688399143853],[-90.43272853960356,16.30514759984168],[-90.43764766008869,16.303226779216672],[-90.43921740032634,16.3008843693001],[-90.43885989003093,16.298023449473074],[-90.43289950991283,16.295056429559644],[-90.43179185963486,16.29222447909336],[-90.43304883017579,16.290305889510265],[-90.43999631003388,16.28715267914012],[-90.44048158026398,16.27979216932065],[-90.43815614978763,16.276526539163427],[-90.43218248969876,16.274625889685925],[-90.427226569881,16.269597119595634],[-90.42285164955544,16.263145149751313],[-90.4224298796999,16.259178909086035],[-90.42520911036593,16.25522731984342],[-90.42826477984404,16.253893289406857],[-90.43125325022268,16.254691319896793],[-90.43878957989864,16.260800519209862],[-90.44547478030834,16.261524739744527],[-90.44850480047029,16.259123629278132],[-90.45390202988588,16.250618719583702],[-90.4549954504635,16.245375649203933],[-90.4535300304448,16.242099879128197],[-90.44936791969891,16.240526289080268],[-90.44655170972257,16.241673109668493],[-90.44341206040147,16.24647244980975],[-90.44004394007011,16.24757441932735],[-90.43808917015147,16.240085539515107],[-90.43053864991504,16.236819879276666],[-90.42808468036392,16.234607909280946],[-90.42776331035022,16.2320140493986]]]}},{"type":"Feature","properties":{"clues":"SLIMB002225"},"geometry":{"type":"Polygon","coordinates":[[[-108.54678200567356,25.67386151988665],[-108.5915278257207,25.679853367262016],[-108.5980512021768,25.684589316653355],[-108.60459060593729,25.683974484709406],[-108.61948442881618,25.690434279695573],[-108.63394157912397,25.70227873459163],[-108.63915700805919,25.71839244801817],[-108.64601763737029,25.732810940445887],[-108.63425695495982,25.74267008406403],[-108.62682874363912,25.743454159889982],[-108.60150138644029,25.767664424644313],[-108.58202571111553,25.77333821030949],[-108.56405261619891,25.759753780587577],[-108.56021522881514,25.743298614189325],[-108.55162969239751,25.73363861292702],[-108.53934920464,25.702473275617074],[-108.53892026953402,25.70101728649611],[-108.54431177413474,25.69460584739336],[-108.54678200567356,25.67386151988665]]]}},{"type":"Feature","properties":{"clues":"SLIMB000970"},"geometry":{"type":"Polygon","coordinates":[[[-108.47549485712894,26.639552077052944],[-108.48537750937521,26.624298593192464],[-108.53904833312262,26.624081476076928],[-108.51852469724405,26.673615838665803],[-108.52002917551152,26.69909420867577],[-108.4852915577128,26.709722253350726],[-108.47658029812959,26.708038123730432],[-108.4653694339032,26.71804618813112],[-108.42505993688627,26.701837409342076],[-108.42301296995751,26.688969224079475],[-108.42591028485053,26.67768939155991],[-108.42180395933562,26.655319332640104],[-108.45382089082852,26.65109273500335],[-108.47549485712894,26.639552077052944]]]}},{"type":"Feature","properties":{"clues":"SLIMS001596"},"geometry":{"type":"Polygon","coordinates":[[[-108.33469577479254,25.804010389374458],[-108.30468031737381,25.809825249166423],[-108.28882659283445,25.83206510225317],[-108.27458384713051,25.825298265183374],[-108.26111893509292,25.8276372117941],[-108.26628420879004,25.799447152114574],[-108.27877007990047,25.795756453300445],[-108.27977191501131,25.78143162855474],[-108.28952609929804,25.77109145743478],[-108.30256142946774,25.762768063720042],[-108.32231743430462,25.779389388607683],[-108.33721410758595,25.801993568795417],[-108.33469577479254,25.804010389374458]]]}},{"type":"Feature","properties":{"clues":"SCCSA002591"},"geometry":{"type":"Polygon","coordinates":[[[-108.08702836976349,26.04665233152205],[-108.09269775553867,26.061152777237982],[-108.08501074511105,26.100866550374132],[-108.08035831705814,26.10853466427699],[-108.07676111436476,26.113004663604176],[-108.0587954433003,26.121966769485454],[-108.04787141678217,26.120375711363664],[-108.03074039648983,26.12439401852121],[-108.02219649821112,26.111557617162962],[-108.01289143384507,26.057606926287814],[-108.00821590982552,26.053858862509873],[-107.98476562126507,26.015147228838217],[-107.99782870386488,26.004516069503808],[-108.00648857964063,26.002281677225366],[-108.05067919739588,25.956625810352527],[-108.09391469795872,25.986738381973414],[-108.10369114979349,26.011919373579772],[-108.08925373028683,26.0277856757749],[-108.08702836976349,26.04665233152205]]]}},{"type":"Feature","properties":{"clues":"SLIMB001595"},"geometry":{"type":"Polygon","coordinates":[[[-108.04669791150347,25.617160951923672],[-108.0466166141375,25.627942340936023],[-108.05372810848465,25.637417939846245],[-108.04853350168581,25.66145482214692],[-108.03423272482085,25.670164879731757],[-108.03362855406289,25.675222260214962],[-108.02787019848321,25.68069064002327],[-108.03012259128427,25.701070228342534],[-108.03202224847196,25.70553438603713],[-108.02637583695842,25.713751732159324],[-108.00845592543898,25.722564727675827],[-107.99136995844181,25.700483502491483],[-108.00458689512291,25.690860195919942],[-108.01014199741465,25.682847284466405],[-107.99586682938384,25.658381775786548],[-107.98704388287351,25.659746607674958],[-107.98179369354554,25.658656424343267],[-107.97562759173937,25.645939151758395],[-107.97741835591086,25.64234735344019],[-107.98228245346888,25.607996438791268],[-107.9925834408945,25.600243882397834],[-108.0028657227877,25.604096259750026],[-108.028733570176,25.601377525789612],[-108.04669791150347,25.617160951923672]]]}},{"type":"Feature","properties":{"clues":"SCCSA002475"},"geometry":{"type":"Polygon","coordinates":[[[-107.44658717157486,25.803890540685583],[-107.43544637671832,25.779897670521105],[-107.45825499179467,25.739593462674687],[-107.48908345784196,25.734840672391023],[-107.52720000612591,25.758369123001852],[-107.52320927589656,25.79969391026093],[-107.53674484756763,25.826671405401953],[-107.52518930655778,25.851800606637493],[-107.51650372787519,25.85305027219674],[-107.48546127700814,25.849717468418923],[-107.48077486087999,25.822812882038505],[-107.44658717157486,25.803890540685583]]]}},{"type":"Feature","properties":{"clues":"SCCSA000625"},"geometry":{"type":"Polygon","coordinates":[[[-99.32975419048475,19.319075744952595],[-99.33705679034256,19.316773217139385],[-99.33270571178485,19.32870472460429],[-99.32769871880464,19.323656016581275],[-99.31676804405559,19.32579462027578],[-99.31039269721076,19.320492576724718],[-99.30472210146088,19.295352358052885],[-99.3046490734135,19.29357604326104],[-99.30900704679556,19.28913375824598],[-99.3133720592222,19.289526796268344],[-99.32975419048475,19.319075744952595]]]}},{"type":"Feature","properties":{"clues":"SCCSA000928"},"geometry":{"type":"Polygon","coordinates":[[[-99.26438136693511,19.323840199420005],[-99.25814621970896,19.325329056770922],[-99.25832644012344,19.318682197209736],[-99.2617778324035,19.319023680127053],[-99.26469171429608,19.322025614019456],[-99.26438136693511,19.323840199420005]]]}},{"type":"Feature","properties":{"clues":"SCCSA000612"},"geometry":{"type":"Polygon","coordinates":[[[-99.25278187999051,19.392294184489586],[-99.24680368650083,19.399694517683013],[-99.25294758579395,19.404825857994897],[-99.24721064760753,19.409705246932067],[-99.24408875237033,19.40414371989821],[-99.23645557708348,19.405553405691577],[-99.23826338012734,19.409385980044085],[-99.23850244447691,19.415014658225264],[-99.23120592674165,19.41357589668035],[-99.22967572914733,19.405800548908545],[-99.23439402127664,19.39480377999194],[-99.23938962731465,19.39034011017787],[-99.24237041329327,19.382162640467648],[-99.25028025577416,19.385346693755338],[-99.25357406721938,19.379244977692004],[-99.26423282583205,19.381542833118747],[-99.25167131032357,19.38994484612635],[-99.25278187999051,19.392294184489586]]]}},{"type":"Feature","properties":{"clues":"SCCSA000516"},"geometry":{"type":"Polygon","coordinates":[[[-99.25100643408798,19.371770203289152],[-99.24492405095424,19.36910281470879],[-99.24153761189575,19.371968151153034],[-99.2384650891724,19.37055537304381],[-99.23798608008053,19.368241030345533],[-99.24030065396772,19.365056725654238],[-99.24451915051188,19.3664576423849],[-99.25148849688782,19.364879488131688],[-99.25100643408798,19.371770203289152]]]}},{"type":"Feature","properties":{"clues":"SCCSA000521"},"geometry":{"type":"MultiPolygon","coordinates":[[[[-99.23401261471764,19.379548066508875],[-99.23636747182161,19.377600125720463],[-99.2383858538207,19.380933196247263],[-99.23495219454004,19.387610066681702],[-99.23401261471764,19.379548066508875]]],[[[-99.22858400900151,19.381524388405087],[-99.23051052978467,19.380078428050595],[-99.23300342524925,19.386698990921875],[-99.22927434362857,19.386127801533846],[-99.22858400900151,19.381524388405087]]],[[[-99.22266292696402,19.39234088564277],[-99.22048733512068,19.390007474897594],[-99.2208097066734,19.38429941726305],[-99.22560874351493,19.383363948886593],[-99.22726844128931,19.386587712820717],[-99.22266292696402,19.39234088564277]]]]}},{"type":"Feature","properties":{"clues":"SCCSA000568"},"geometry":{"type":"Polygon","coordinates":[[[-99.18181199147799,19.38804558619507],[-99.18171548011344,19.384379525258225],[-99.18364046518685,19.38392642762282],[-99.18679206365087,19.3860462205052],[-99.19073184449977,19.385489854190592],[-99.19025159785163,19.39293964881866],[-99.18668290870123,19.39186372317714],[-99.18549785662208,19.388672327767694],[-99.18181199147799,19.38804558619507]]]}},{"type":"Feature","properties":{"clues":"SCCSA001034"},"geometry":{"type":"MultiPolygon","coordinates":[[[[-99.16665565959798,19.276508575748366],[-99.16662602715166,19.273492201041957],[-99.17006731151837,19.269576304004794],[-99.17247393324402,19.272575185159646],[-99.17251172279565,19.27528962681692],[-99.16665565959798,19.276508575748366]]],[[[-99.17501394104276,19.28145470790286],[-99.1718438143449,19.27833204853419],[-99.17251410913319,19.27529230444163],[-99.17556653847045,19.276608863197595],[-99.17501394104276,19.28145470790286]]]]}},{"type":"Feature","properties":{"clues":"DFIMB000270"},"geometry":{"type":"Polygon","coordinates":[[[-99.14914251566962,19.31230904036378],[-99.15607770759611,19.312036006537827],[-99.15682775152345,19.313358486982782],[-99.15424689298207,19.31625583233494],[-99.15003738931314,19.31541991544371],[-99.14952528907041,19.320882156615344],[-99.14656335274043,19.321198963704347],[-99.14269116830987,19.30847416641506],[-99.14723876891905,19.307690719477865],[-99.14914251566962,19.31230904036378]]]}},{"type":"Feature","properties":{"clues":"SCCSA001003"},"geometry":{"type":"MultiPolygon","coordinates":[[[[-99.12422198927517,19.283751495333593],[-99.12655052622418,19.288508745844265],[-99.12564441177611,19.292512385210284],[-99.11893859169801,19.294314170628613],[-99.11627541967995,19.29298171778415],[-99.11470569555912,19.288029725243575],[-99.11767483620277,19.288157550247746],[-99.11967812547209,19.29100501630492],[-99.12159098207856,19.29048934080136],[-99.12111905419071,19.286238447958677],[-99.12422198927517,19.283751495333593]]],[[[-99.1410090733255,19.289440636524866],[-99.14649152369363,19.293823564797144],[-99.14470666287258,19.30063269440243],[-99.14122644479875,19.300184182806507],[-99.13778502665276,19.303904718961718],[-99.13477376782257,19.301709195412663],[-99.13114891003184,19.301664879957563],[-99.12999025850982,19.29713827656569],[-99.13182755445747,19.293629711439262],[-99.13866138719031,19.29340643631613],[-99.1410090733255,19.289440636524866]]]]}},{"type":"Feature","properties":{"clues":"SCCSA001088"},"geometry":{"type":"Polygon","coordinates":[[[-99.13565321399307,19.265866328910487],[-99.13054974238955,19.27006426165519],[-99.12758079552728,19.26768422592197],[-99.13031667446984,19.25985604471122],[-99.13378558914201,19.26087643508797],[-99.13565321399307,19.265866328910487]]]}},{"type":"Feature","properties":{"clues":"MCIMB006695"},"geometry":{"type":"MultiPolygon","coordinates":[[[[-99.1289598572064,19.526076142225765],[-99.12527592097935,19.531951858697884],[-99.12153551205067,19.531664461611964],[-99.117974230355,19.52814341209254],[-99.11677959757561,19.524678609683775],[-99.1231262288714,19.51789825788285],[-99.13152672107715,19.51919887107608],[-99.13161380450457,19.52527203524121],[-99.1289598572064,19.526076142225765]]],[[[-99.10316200338762,19.52866478505964],[-99.1121690129974,19.524444824183142],[-99.11030175065653,19.53456157209539],[-99.10753682624025,19.53502669114898],[-99.10397294930942,19.53343081692247],[-99.10316200338762,19.52866478505964]]]]}},{"type":"Feature","properties":{"clues":"DFIMB000702"},"geometry":{"type":"Polygon","coordinates":[[[-99.10620674456872,19.47459250138365],[-99.10854366560011,19.473959091168542],[-99.11495027863906,19.477093562889888],[-99.11695255611855,19.475153683303464],[-99.12547377504724,19.476567287435202],[-99.13044626687335,19.480724433127932],[-99.1230402490868,19.487536308228396],[-99.11866285333656,19.484700937140474],[-99.11519222145704,19.486912282073213],[-99.10834099842648,19.48748655477738],[-99.10352717755732,19.479959936428024],[-99.10620674456872,19.47459250138365]]]}},{"type":"Feature","properties":{"clues":"SCCSA000734"},"geometry":{"type":"Polygon","coordinates":[[[-99.1294860724287,19.396641963064774],[-99.12577047798663,19.39642964022337],[-99.12692636921203,19.391199889761843],[-99.1288309027073,19.39131718058524],[-99.1294860724287,19.396641963064774]]]}},{"type":"Feature","properties":{"clues":"SCCSA000870"},"geometry":{"type":"Polygon","coordinates":[[[-99.12154235852236,19.368959822347996],[-99.11939350152616,19.369354766620866],[-99.11913455720196,19.363778852531482],[-99.12253092759191,19.365315658055728],[-99.12154235852236,19.368959822347996]]]}},{"type":"Feature","properties":{"clues":"DFIMB000871"},"geometry":{"type":"Polygon","coordinates":[[[-99.10971198237029,19.370357331852833],[-99.10727138130287,19.37680435461363],[-99.1018106653169,19.37679966999891],[-99.10109315347867,19.375683270430063],[-99.1041072462897,19.37228045669305],[-99.10322754632531,19.3681161203749],[-99.10459152836516,19.366804358989402],[-99.10971198237029,19.370357331852833]]]}},{"type":"Feature","properties":{"clues":"SCCSA000699"},"geometry":{"type":"Polygon","coordinates":[[[-99.0836620396271,19.4494471395424],[-99.0870711709685,19.445161279552096],[-99.08984210057189,19.451218054851715],[-99.0920942898771,19.45087280435368],[-99.09483952302888,19.453159067629816],[-99.09812936974416,19.44917382166923],[-99.10286535597453,19.450757027985688],[-99.09883890046297,19.457993891466057],[-99.09479874003348,19.45414999587822],[-99.09209968005214,19.456647152783834],[-99.08547794831487,19.454986051558848],[-99.0836620396271,19.4494471395424]]]}},{"type":"Feature","properties":{"clues":"MCIMB002121"},"geometry":{"type":"Polygon","coordinates":[[[-99.08554852095043,19.505789737940425],[-99.08756376945011,19.508141749230035],[-99.09024414962163,19.50844413824885],[-99.09100185893739,19.513338632217568],[-99.09878102744102,19.519120124165223],[-99.09764003015287,19.522227583266606],[-99.089203839331,19.52762514958152],[-99.08185861059229,19.524154925040545],[-99.07761161728243,19.528997452053353],[-99.07425999484526,19.528893651470106],[-99.06792967424312,19.535532270794512],[-99.06561692674946,19.53547308778905],[-99.06311282722048,19.5304634195664],[-99.0650797013392,19.52521785439431],[-99.06950968586973,19.523818121062927],[-99.07443611477237,19.518810463041152],[-99.07509266406181,19.515003247374214],[-99.07262672107284,19.512845109724548],[-99.07481732265832,19.507804233558282],[-99.07913652131865,19.503675417256034],[-99.07944078541249,19.510537253185795],[-99.08261788712547,19.506237972165227],[-99.08554852095043,19.505789737940425]]]}},{"type":"Feature","properties":{"clues":"DFIMB002131"},"geometry":{"type":"Polygon","coordinates":[[[-99.0808325502435,19.41197268219345],[-99.08225706277723,19.40700713227728],[-99.08506681747099,19.405417835995294],[-99.0883960703543,19.40724570726389],[-99.09404648354611,19.406470680961892],[-99.09325333582825,19.413464587080778],[-99.0913292661464,19.415606042731877],[-99.08825300234393,19.41509797710558],[-99.08796331097253,19.419779368322644],[-99.08315183065527,19.428248517042032],[-99.07998973562198,19.42797336705943],[-99.07873911758563,19.423014369766666],[-99.08299945485369,19.41868148656184],[-99.08434250430145,19.41364850222205],[-99.0808325502435,19.41197268219345]]]}},{"type":"Feature","properties":{"clues":"SCCSA000847"},"geometry":{"type":"Polygon","coordinates":[[[-99.06639719597447,19.37648069527356],[-99.07223903115673,19.375659478330938],[-99.07434785875716,19.38142189788106],[-99.06983628037139,19.38501523328236],[-99.06701121503697,19.383581568822787],[-99.06639719597447,19.37648069527356]]]}},{"type":"Feature","properties":{"clues":"SCCSA000885"},"geometry":{"type":"Polygon","coordinates":[[[-99.06142707695935,19.296894579041624],[-99.06562355988954,19.29531851247518],[-99.06664077538746,19.298692209445946],[-99.06816057308619,19.299277505916056],[-99.06637797229789,19.302642725953252],[-99.06834988595382,19.304685341969417],[-99.06506773994381,19.308577273556754],[-99.06505630293681,19.312020471157613],[-99.0631514261292,19.314244733639665],[-99.05780025348581,19.313408264004035],[-99.05670033479444,19.311905004485965],[-99.05987798683886,19.305868778992956],[-99.06171808207576,19.3059483229633],[-99.06413265142122,19.30269938278019],[-99.06142707695935,19.296894579041624]]]}},{"type":"Feature","properties":{"clues":"SCCSA000994"},"geometry":{"type":"Polygon","coordinates":[[[-99.05058792974,19.295239025153883],[-99.05382616834312,19.293930498028],[-99.05619729679005,19.298176902944892],[-99.05631022413132,19.302800140541876],[-99.0534775091657,19.303418750560027],[-99.05092402711007,19.301993287133232],[-99.04981041057125,19.299727887378072],[-99.05058792974,19.295239025153883]]]}},{"type":"Feature","properties":{"clues":"DFIMB001752"},"geometry":{"type":"Polygon","coordinates":[[[-99.04829805647623,19.244542555867714],[-99.05204371219146,19.244281226033873],[-99.05624773319508,19.24771946588098],[-99.05396525681259,19.25140136381321],[-99.04354532234088,19.254414995469666],[-99.04386901596128,19.249119941432284],[-99.04118490167365,19.241570114209438],[-99.04214591056628,19.23589163760574],[-99.0442181018082,19.237068116475893],[-99.04829805647623,19.244542555867714]]]}},{"type":"Feature","properties":{"clues":"MCIMB002116"},"geometry":{"type":"Polygon","coordinates":[[[-99.04450679535081,19.511280097549502],[-99.05051016250289,19.51344997192527],[-99.04716493650439,19.52185157046529],[-99.04523845300473,19.522471379222836],[-99.04498305887623,19.526200209333684],[-99.04275503522514,19.526976259987112],[-99.03336861387064,19.521911824166967],[-99.03476491084125,19.514164015324273],[-99.03835746347002,19.512451249397163],[-99.04064739794022,19.517434434115174],[-99.04317233522052,19.517149459696764],[-99.04450679535081,19.511280097549502]]]}},{"type":"Feature","properties":{"clues":"MCIMB004064"},"geometry":{"type":"Polygon","coordinates":[[[-99.02850684076259,19.397215552780754],[-99.03897774672208,19.401278246296314],[-99.03688870583365,19.40682249239841],[-99.0410646857639,19.408986083785628],[-99.03959953195925,19.41216679412391],[-99.0349358462879,19.411926381686435],[-99.03402144165277,19.413489623402867],[-99.02864354298531,19.4146327992196],[-99.02338416074454,19.412320788234823],[-99.01944967907387,19.414524125976953],[-99.01467056542744,19.411887421628577],[-99.01849045355736,19.403571085972555],[-99.02455109242301,19.405960777494823],[-99.02730715650245,19.404978251011404],[-99.02850684076259,19.397215552780754]]]}},{"type":"Feature","properties":{"clues":"MCIMB003965"},"geometry":{"type":"MultiPolygon","coordinates":[[[[-99.02864354298531,19.4146327992196],[-99.02836051251954,19.41626376516075],[-99.03538542852525,19.4184718841121],[-99.03604276845435,19.426404264778853],[-99.02539106098432,19.426607155789778],[-99.00914832925223,19.45331541227247],[-99.00564120087141,19.441329132596277],[-99.00989520588645,19.418993318074335],[-99.01226318398794,19.418479241614033],[-99.01518638921662,19.41234683943314],[-99.01944967907387,19.414524125976953],[-99.02338416074454,19.412320788234823],[-99.02864354298531,19.4146327992196]]],[[[-99.0349358462879,19.411926381686435],[-99.03959953195925,19.41216679412391],[-99.03956677583179,19.417873414249026],[-99.0362314927879,19.41777814904812],[-99.03402144165277,19.413489623402867],[-99.0349358462879,19.411926381686435]]]]}},{"type":"Feature","properties":{"clues":"DFIMB002481"},"geometry":{"type":"Polygon","coordinates":[[[-99.027474225483,19.37619348339856],[-99.02625233444091,19.379019372693374],[-99.02318807241376,19.37873716438199],[-99.02100436779868,19.376145717322782],[-99.02413026046105,19.371833020755115],[-99.0262079507325,19.373056826983998],[-99.03037165943161,19.37163249625838],[-99.03147663458282,19.37530731909291],[-99.027474225483,19.37619348339856]]]}},{"type":"Feature","properties":{"clues":"SCCSA000956"},"geometry":{"type":"Polygon","coordinates":[[[-99.02433119337486,19.176898694455843],[-99.02267763984625,19.184905084493696],[-99.01451159485482,19.175291508453245],[-99.01688981540875,19.169857230177694],[-99.02433119337486,19.176898694455843]]]}},{"type":"Feature","properties":{"clues":"DFIMB001035"},"geometry":{"type":"Polygon","coordinates":[[[-98.99260787138445,19.33571519095705],[-98.99092297880478,19.33645027852102],[-98.99286363156494,19.342124765992363],[-98.99096234720346,19.34559944865091],[-98.98620320693443,19.346777594859677],[-98.98436594938174,19.34455909430592],[-98.98474920327538,19.3419239152939],[-98.98844335029123,19.34134762625065],[-98.99027947960013,19.336453448932332],[-98.98722304618526,19.334678498952712],[-98.9886159518947,19.322319042343484],[-98.99113529039656,19.323646063099073],[-98.99260787138445,19.33571519095705]]]}},{"type":"Feature","properties":{"clues":"MCIMB004612"},"geometry":{"type":"Polygon","coordinates":[[[-98.96350843000482,19.360388097762975],[-98.95803862421262,19.363166721187163],[-98.95654734569369,19.362732645528716],[-98.95425386143512,19.357755790037146],[-98.9612077436822,19.35409449896551],[-98.96257652797745,19.354646586705364],[-98.96350843000482,19.360388097762975]]]}},{"type":"Feature","properties":{"clues":"MCIMB000861"},"geometry":{"type":"Polygon","coordinates":[[[-98.91928985112273,19.582226127995405],[-98.91831002275799,19.575013164127547],[-98.91961068418622,19.571416742236476],[-98.9231788848026,19.568341100940277],[-98.92838418303712,19.569041392615677],[-98.93515803226792,19.5662476954302],[-98.95480681151501,19.55172850901706],[-98.9567487174338,19.551605114440665],[-98.94211212938504,19.57908511260282],[-98.93742371166421,19.58110884289193],[-98.93861893169287,19.589286390610656],[-98.93682663093611,19.591842191584462],[-98.93333730038178,19.59045268477173],[-98.92947411233622,19.586451423559126],[-98.92401646994901,19.587919316571128],[-98.91928985112273,19.582226127995405]]]}},{"type":"Feature","properties":{"clues":"SLIMB001484"},"geometry":{"type":"Polygon","coordinates":[[[-106.41411003359264,23.350928207451183],[-106.41193014755562,23.35977243936063],[-106.40818363319345,23.364289872206758],[-106.40010290669768,23.365597863601156],[-106.39720342512776,23.371159639215126],[-106.40501467845448,23.39549637771384],[-106.41705804339767,23.40179347765863],[-106.42322378559012,23.380716750613733],[-106.42304668612563,23.376400269690947],[-106.42722774193469,23.373443010251016],[-106.43491607149593,23.362145122668743],[-106.44664049783546,23.36379317527312],[-106.44819666515998,23.36762478186547],[-106.45626011196974,23.375735157395134],[-106.46325065600038,23.379209957347424],[-106.47417442055622,23.390194480073475],[-106.4739984771518,23.397031900499844],[-106.48239185342614,23.411141343518707],[-106.48047328478144,23.41876561736226],[-106.48218885855105,23.433079471170704],[-106.47638870468627,23.43737679351754],[-106.46982637238759,23.448585070255714],[-106.45150134559806,23.44779172779323],[-106.44881208321273,23.43933573330738],[-106.44461790149522,23.434208484462356],[-106.43851162561037,23.4313897363727],[-106.41950536176299,23.46911429037279],[-106.42134909503343,23.476914419158692],[-106.43220979765451,23.482348177834726],[-106.44089016270382,23.492651971545495],[-106.44614999195042,23.508949779755614],[-106.43894403237115,23.514649398481563],[-106.40694766607132,23.514740278697428],[-106.40016602920622,23.501195501741734],[-106.38987115264925,23.50291046920045],[-106.37768325936624,23.491869621775628],[-106.36101394981426,23.48890078889481],[-106.35530859119592,23.475254878741566],[-106.350461139921,23.457755091933663],[-106.3452924376593,23.43156016430147],[-106.35459263664158,23.416875275586552],[-106.36590634849685,23.412261008574575],[-106.36731718117113,23.409958485105765],[-106.35970790547483,23.403092399544946],[-106.34377898283185,23.40565969843245],[-106.34462920917497,23.394870714132388],[-106.31950819663702,23.39428760797123],[-106.34961886396624,23.36103983179853],[-106.35208473894671,23.36098939588703],[-106.36944686453297,23.34316822277358],[-106.39031464354956,23.345787542268415],[-106.39792148187986,23.359138310609193],[-106.40979948862562,23.346538375942792],[-106.41411003359264,23.350928207451183]]]}},{"type":"Feature","properties":{"clues":"SLIMS000855"},"geometry":{"type":"Polygon","coordinates":[[[-106.09911195822133,23.43814691615362],[-106.11816666365917,23.41547307356657],[-106.1451781320926,23.41964438157683],[-106.16162515049734,23.42664730149154],[-106.1820724758906,23.452682089614363],[-106.18254862572579,23.464265036048797],[-106.20238441950424,23.48031538089549],[-106.20485853325411,23.516472996774326],[-106.20373561751326,23.51870664232563],[-106.19387934907768,23.532053383481838],[-106.18366133431479,23.539452244542872],[-106.17774746027223,23.540380781154294],[-106.16695714310194,23.554863246759083],[-106.14140859971224,23.562533926270095],[-106.13150242154887,23.583804297419853],[-106.09430004722748,23.577170934023556],[-106.10015583157757,23.60849275219418],[-106.06833383620565,23.62250444845107],[-106.03571774171961,23.61209392526825],[-106.02717244133899,23.615127553310813],[-105.98976850907877,23.614267720476455],[-105.98639967554985,23.60835512883814],[-105.96703703819786,23.518556704882133],[-105.97444745549159,23.49905302706448],[-106.08043674753358,23.513361822116437],[-106.09383759445728,23.5014415106764],[-106.09195133373179,23.457890181791644],[-106.09911195822133,23.43814691615362]]]}},{"type":"Feature","properties":{"clues":"DGIMS001080"},"geometry":{"type":"Polygon","coordinates":[[[-104.29064208999831,22.568586369602777],[-104.27827948705965,22.577379524027467],[-104.2610174580465,22.579176782172368],[-104.26804588175084,22.607672046909194],[-104.2730059313611,22.608851186999864],[-104.2782234642692,22.62128044919135],[-104.27777515220238,22.62866210544492],[-104.27230432424452,22.64337757273825],[-104.27885592757548,22.645109643207803],[-104.2879796459663,22.65902581964227],[-104.28507003427589,22.664246045985855],[-104.28607999148942,22.668768781432757],[-104.27735803920723,22.67896450775278],[-104.27427129155056,22.679176253256514],[-104.27584717904696,22.693548511807162],[-104.2773076647455,22.693721910859825],[-104.28378276665032,22.703997674863018],[-104.28251271352238,22.706722205876083],[-104.27814217627123,22.7074571216485],[-104.26440462686853,22.69884373798821],[-104.25051631191428,22.699208305378118],[-104.24896833000928,22.703439164546104],[-104.26849416532909,22.715480159461883],[-104.26633486235862,22.73353900489323],[-104.25290695930529,22.742304062579805],[-104.25081673436459,22.7413319813649],[-104.2325763627624,22.76262660810976],[-104.22530233118025,22.764391382561207],[-104.20958403319644,22.794169660487945],[-104.15626771811975,22.7893323942638],[-104.15024561252069,22.763098849208976],[-104.17484841341032,22.744731515506448],[-104.19979205846109,22.710439229435842],[-104.19424597366232,22.679054462963308],[-104.17862318296251,22.672192049910983],[-104.17402643688116,22.642771300209127],[-104.18236948919225,22.63376976506288],[-104.18570318583141,22.58252373113741],[-104.18955199014887,22.581021065353596],[-104.21446987420694,22.539683460601267],[-104.21413024040731,22.535257832521317],[-104.28045609799197,22.527983408959216],[-104.2913744810071,22.516386479523998],[-104.29514437896883,22.514618118289544],[-104.35898124336423,22.519790482147723],[-104.35903626210606,22.523677425519633],[-104.31238798564435,22.54427708033093],[-104.2996911014152,22.56786805999435],[-104.29064208999831,22.568586369602777]]]}},{"type":"Feature","properties":{"clues":"ZSIMB001134"},"geometry":{"type":"Polygon","coordinates":[[[-103.304129829306,23.444928251391616],[-103.39468822317764,23.42263517430247],[-103.41358125561891,23.453860016973447],[-103.3693700782349,23.5070588269142],[-103.35426598263037,23.530180499472056],[-103.33962426876326,23.534767494612872],[-103.330080394921,23.547549131676377],[-103.32197456603264,23.561817077956572],[-103.29844516222568,23.5578232120724],[-103.2902057515331,23.559284034859328],[-103.28302575304163,23.563895205009693],[-103.2900273117997,23.598854724427873],[-103.32371942629742,23.576800490795847],[-103.3321756351303,23.58440421938218],[-103.33808377106126,23.59289869271484],[-103.32124264412445,23.613765572702047],[-103.30941412156831,23.62342205538585],[-103.28601689360816,23.611942013071022],[-103.2689463695844,23.621398758735594],[-103.25546653693,23.631884270319013],[-103.2478768275555,23.633772614226356],[-103.23456522973547,23.61735401226518],[-103.21975935402959,23.611526963132103],[-103.20336993381198,23.596401691284623],[-103.18318566453152,23.59777788048273],[-103.14639035035106,23.578129163596593],[-103.13485902417614,23.541652414522293],[-103.10451972315728,23.518034498283512],[-103.10482553286569,23.46812534005073],[-103.11979932223508,23.446782349344833],[-103.17149307215071,23.431146629506916],[-103.21128067457869,23.43949399932738],[-103.2269581448642,23.44106684626498],[-103.2608951549443,23.457711298214463],[-103.26915393354088,23.463658950161772],[-103.304129829306,23.444928251391616]]]}},{"type":"Feature","properties":{"clues":"SCCSA003534"},"geometry":{"type":"Polygon","coordinates":[[[-103.18633565494252,23.597968470672036],[-103.1947162759193,23.618396511586628],[-103.19169699550073,23.62112644330568],[-103.18843550489272,23.637629619747308],[-103.1765886407434,23.661213542281338],[-103.16888932629631,23.642246571160626],[-103.1428940529051,23.60596697757086],[-103.14639035035106,23.578129163596593],[-103.18318566453152,23.59777788048273],[-103.18633565494252,23.597968470672036]]]}},{"type":"Feature","properties":{"clues":"ZSIMS001596"},"geometry":{"type":"Polygon","coordinates":[[[-103.14584811845737,22.440890055289525],[-103.13227945608487,22.42334789668183],[-103.16051457187355,22.428204108253542],[-103.18784728376191,22.438503673545725],[-103.18462263537376,22.45914035068707],[-103.17567419100571,22.464189716822297],[-103.16073953444224,22.466214755178527],[-103.14960827273191,22.45779754260424],[-103.1507219010048,22.451439110891947],[-103.14584811845737,22.440890055289525]]]}},{"type":"Feature","properties":{"clues":"ZSIMS001741"},"geometry":{"type":"Polygon","coordinates":[[[-102.4056002449504,23.751918461440326],[-102.4468779514819,23.708781139904524],[-102.47204360785089,23.73775783640385],[-102.47807770079882,23.740497224137226],[-102.50053961093485,23.767319831868104],[-102.6280794827953,23.778388930039405],[-102.63860510955269,23.80379775750281],[-102.73783854614794,23.89914455962589],[-102.716388752724,23.98183937429046],[-102.70786360781028,24.005233813897377],[-102.67647785620123,24.02331737297723],[-102.63766506971754,24.056590380158905],[-102.51067809012052,24.018635523191733],[-102.44268960204053,23.894846502235154],[-102.42882128835488,23.89252491999318],[-102.42060469901263,23.874277879632448],[-102.38114414035974,23.851982565602945],[-102.3309288355137,23.794945212437007],[-102.35204673673697,23.763498001699254],[-102.35349316827507,23.757426085235167],[-102.4056002449504,23.751918461440326]]]}},{"type":"Feature","properties":{"clues":"ZSIMB001484"},"geometry":{"type":"Polygon","coordinates":[[[-102.47204360785089,23.73775783640385],[-102.4468779514819,23.708781139904524],[-102.43339009567094,23.659051949357686],[-102.43789518459418,23.65113150547352],[-102.47766991999937,23.651275000675046],[-102.56811047639219,23.68131604323132],[-102.59421925583561,23.68143272545827],[-102.62274346965613,23.701172508491826],[-102.6280794827953,23.778388930039405],[-102.50053961093485,23.767319831868104],[-102.47807770079882,23.740497224137226],[-102.47204360785089,23.73775783640385]]]}},{"type":"Feature","properties":{"clues":"ZSIMS000855"},"geometry":{"type":"Polygon","coordinates":[[[-102.48230207750069,22.721762755992582],[-102.4848135575019,22.731146895888777],[-102.49268270299142,22.731476562183797],[-102.49239914231858,22.736396737503014],[-102.49471418993389,22.739437159823197],[-102.49162491437065,22.74253484616667],[-102.48310204591418,22.745733833353835],[-102.47552239389802,22.742797867624844],[-102.47101659195538,22.74492138120995],[-102.46316412637985,22.743268361873742],[-102.45672252548717,22.73240543203646],[-102.44436982862753,22.7225274673096],[-102.43926939980658,22.7126551735918],[-102.43047241868886,22.700868139850474],[-102.47629843830542,22.694233128409994],[-102.48078501355135,22.699931925246474],[-102.47139176649422,22.71441339531018],[-102.48230207750069,22.721762755992582]]]}},{"type":"Feature","properties":{"clues":"MNIMB003766"},"geometry":{"type":"Polygon","coordinates":[[[-101.41244906157472,20.058901673260088],[-101.40952240213515,20.051530559494957],[-101.41600874025288,20.048625288002597],[-101.43853177377954,20.048653586888364],[-101.44620044635778,20.05536629738461],[-101.48488338400664,20.06430310141339],[-101.49168608509399,20.085096224405667],[-101.49035631837178,20.09164061038778],[-101.48642957740121,20.09632193259754],[-101.47861499819258,20.10106477583943],[-101.47485663879402,20.11672563659436],[-101.444707621041,20.115363771343976],[-101.43810090481087,20.120157890354108],[-101.42152929499433,20.11653881761365],[-101.41871772340862,20.110956817888624],[-101.41244906157472,20.058901673260088]]]}},{"type":"Feature","properties":{"clues":"MNIMB000744"},"geometry":{"type":"Polygon","coordinates":[[[-101.30297918049784,19.865635473891125],[-101.30614129646122,19.865365780086492],[-101.31953675189403,19.881364806829296],[-101.31898317479998,19.887221004982678],[-101.32282734121895,19.89474433481809],[-101.31154913639868,19.92190062186845],[-101.30229900216999,19.923783714657393],[-101.29779455090677,19.909865679413503],[-101.28026359544778,19.89570599318538],[-101.28930225167194,19.88585570555755],[-101.29688296960961,19.880468789618288],[-101.30297918049784,19.865635473891125]]]}},{"type":"Feature","properties":{"clues":"SPIMB002183"},"geometry":{"type":"Polygon","coordinates":[[[-100.62531199823489,21.53034086112587],[-100.63013994110757,21.56053427767524],[-100.64019334402558,21.567367715292995],[-100.63055347672942,21.59718422900928],[-100.6236814791768,21.59814086723821],[-100.595469424499,21.616608443411234],[-100.591732153161,21.61756217140751],[-100.59503583585385,21.634669640630516],[-100.60682921304445,21.650040908326893],[-100.60850588047715,21.654962230763967],[-100.60079675206329,21.66692522614279],[-100.59991253365457,21.67930683091537],[-100.58969693090577,21.705931068572365],[-100.59164021365993,21.707975469872274],[-100.59004030746104,21.736155292379387],[-100.5848279543173,21.744005421937658],[-100.55268844670614,21.739594901239705],[-100.54974997064087,21.738069825413277],[-100.54493183602177,21.73208245305242],[-100.53319767214694,21.71496660344884],[-100.51698051954409,21.710327021773026],[-100.49800052046696,21.712738295527043],[-100.48272654425355,21.686226224117892],[-100.48606662320263,21.666432224381996],[-100.47229933152634,21.650492739753037],[-100.45923151588936,21.65217297554463],[-100.44063937195554,21.643655457922815],[-100.44797009389073,21.635318895332304],[-100.46277840359618,21.63611010920752],[-100.46683385535505,21.62808794604548],[-100.46924173321617,21.626351376138803],[-100.45443134237834,21.60889473526296],[-100.46056208718444,21.597357391118564],[-100.46638946644607,21.594996118422863],[-100.46725957847973,21.591430721929427],[-100.45178040162008,21.566207064656812],[-100.47215937784762,21.542277415104618],[-100.48787583057646,21.556556120787793],[-100.50806951758491,21.537789983101252],[-100.52362782604975,21.53928181624595],[-100.53361006333627,21.531263851071536],[-100.53880436087893,21.537303549929312],[-100.54941426527715,21.544700820780793],[-100.56754805989172,21.53735241599144],[-100.56525189294221,21.522503130211792],[-100.58906157596189,21.50483799457777],[-100.60612134509094,21.52826099253856],[-100.62531199823489,21.53034086112587]]]}},{"type":"Feature","properties":{"clues":"MNIMB001251"},"geometry":{"type":"Polygon","coordinates":[[[-100.41981937888072,19.949241450723395],[-100.41380023414462,19.948018885962423],[-100.40311381380292,19.955264614953933],[-100.38138335827941,19.95776548404102],[-100.37642943855622,19.945150947494454],[-100.39472029319596,19.929028130549437],[-100.39529356541273,19.925379378579287],[-100.40094243472902,19.918613062709827],[-100.41298711259907,19.912932216191592],[-100.4159629445429,19.914408963972576],[-100.43227155900557,19.91220215838371],[-100.43959889671149,19.920466038504443],[-100.44885427668366,19.920473408595257],[-100.45304613486289,19.93655766793644],[-100.45752240061933,19.94147281142991],[-100.44959403654939,19.94826458275622],[-100.43086477753782,19.9447056866297],[-100.41981937888072,19.949241450723395]]]}},{"type":"Feature","properties":{"clues":"MNIMB000440"},"geometry":{"type":"Polygon","coordinates":[[[-100.13143389292736,19.981955984164404],[-100.13094834991685,19.95728372820526],[-100.16215054326588,19.953179380646606],[-100.16494004114737,19.955568889013385],[-100.16991864022661,19.952556287097597],[-100.17349768990175,19.954062484725732],[-100.18086311613686,19.947904616504008],[-100.18677831688964,19.94642283991166],[-100.19397196152791,19.956187416640894],[-100.1931225275882,19.963573602413277],[-100.19773912253116,19.96918729012449],[-100.19530048796666,19.982277684709235],[-100.17822560560673,19.990379562500806],[-100.1829607317851,20.002027987877085],[-100.17984265270057,20.011797991283807],[-100.1676047121853,20.022022543808006],[-100.15911597809104,20.023142444451647],[-100.15389614868427,20.01983856721642],[-100.14565704491751,20.006784567563606],[-100.13917345167053,19.988216469646126],[-100.13143389292736,19.981955984164404]]]}},{"type":"Feature","properties":{"clues":"SCCSA001379"},"geometry":{"type":"Polygon","coordinates":[[[-99.91540455489849,20.35623884550087],[-99.92180486516186,20.359245310761704],[-99.9317710317287,20.374878065253867],[-99.92799701181113,20.379762669862334],[-99.9283859522725,20.383256418882397],[-99.9231774360104,20.393462189884385],[-99.9187429435235,20.409103680984213],[-99.91064473670417,20.414152321140534],[-99.88217444946845,20.404759310387536],[-99.87114931608727,20.404689914426324],[-99.84248959115332,20.439610698294025],[-99.82624811274904,20.394904855843244],[-99.82814593992464,20.38030650418544],[-99.83393853589075,20.372892499310694],[-99.82067818509987,20.34276362869583],[-99.82232144186713,20.3378763526112],[-99.83119568864676,20.335038419019636],[-99.86454587335034,20.338797452949425],[-99.88442219188533,20.354432431463955],[-99.8925479265933,20.352273156561175],[-99.91540455489849,20.35623884550087]]]}},{"type":"Feature","properties":{"clues":"MCIMB000260"},"geometry":{"type":"Polygon","coordinates":[[[-99.7995082756567,20.05871084157117],[-99.8026362025987,20.052537380299924],[-99.83214280776541,20.047518509685336],[-99.83727433887276,20.05061446905902],[-99.84031441631319,20.069486552658663],[-99.83503355114648,20.076254101375092],[-99.85074283313143,20.10176123934234],[-99.83387714996677,20.099474876068932],[-99.82989867105375,20.10794174834455],[-99.83441258436305,20.115519586290922],[-99.8326009487374,20.132037560409806],[-99.82959824775621,20.13485833915196],[-99.80942122759234,20.12263748931754],[-99.80837369631612,20.105350580280305],[-99.81043219602212,20.10281614376283],[-99.80484065981635,20.074863195462125],[-99.80350126325892,20.073971457179614],[-99.7995082756567,20.05871084157117]]]}},{"type":"Feature","properties":{"clues":"HGIMB002135"},"geometry":{"type":"Polygon","coordinates":[[[-99.69699650147278,20.260753575288515],[-99.69308617064851,20.254280015868876],[-99.69490123420117,20.227748720507133],[-99.71489064168813,20.235411794909094],[-99.7252219158475,20.22929609593434],[-99.72881764499805,20.231515994027994],[-99.73332286153806,20.24312704207164],[-99.74419939701369,20.24489268913712],[-99.74513000575624,20.264722521596383],[-99.73292902975955,20.28182341487712],[-99.72497202550971,20.282821806684087],[-99.71348111140178,20.27669878742157],[-99.70797807525807,20.26563357488137],[-99.69699650147278,20.260753575288515]]]}},{"type":"Feature","properties":{"clues":"HGIMB001452"},"geometry":{"type":"Polygon","coordinates":[[[-99.67521492347204,20.296125546357395],[-99.68799841512185,20.30054909582239],[-99.69145589926511,20.308057344083952],[-99.71324260077655,20.30976033549481],[-99.72699120848382,20.335989169714683],[-99.72446368990923,20.340399940624263],[-99.70600948648487,20.346636972070495],[-99.69974710713318,20.357864966712558],[-99.67864158491052,20.35307693186159],[-99.6750408529485,20.354165692144345],[-99.66703851875886,20.367120522065818],[-99.65943378271588,20.362921666523654],[-99.65141097602141,20.363589976111967],[-99.64516813233985,20.36175274875019],[-99.63778515579988,20.350865284224852],[-99.60560730853399,20.346691604322427],[-99.60362770193842,20.344607819713445],[-99.61221217799053,20.307540673548026],[-99.64123773706115,20.293558534662406],[-99.65552504596963,20.29270929488987],[-99.66452021262744,20.297469019581246],[-99.67521492347204,20.296125546357395]]]}},{"type":"Feature","properties":{"clues":"MNIMB000773"},"geometry":{"type":"Polygon","coordinates":[[[-101.6485012878246,18.6223621637508],[-101.668123466551,18.625488186667006],[-101.69407427752996,18.608540642781414],[-101.72091006934878,18.61034871279249],[-101.73979325832372,18.624207104622634],[-101.7364848382264,18.645866983170702],[-101.72922862648521,18.672499662949036],[-101.70256271477733,18.675215543706337],[-101.6878211933614,18.731840914820864],[-101.6740892177626,18.731346763304753],[-101.67260227397388,18.73306123760111],[-101.60612371320397,18.76166524558137],[-101.6048579782167,18.761573044760695],[-101.59672244882961,18.747614332057378],[-101.54853558251851,18.73483333175168],[-101.5326138100104,18.71116221585012],[-101.5345120966363,18.70885641635801],[-101.57969092094818,18.68856573809291],[-101.54715421539703,18.651655036089018],[-101.54060784410476,18.65260676244629],[-101.53892453910913,18.65136898552509],[-101.54769760646683,18.608414983462104],[-101.56811449809815,18.611660477238427],[-101.57997424156122,18.621252508991248],[-101.61009416906539,18.614539083215394],[-101.61592141295786,18.61607587510583],[-101.62464318100653,18.61373419903577],[-101.6485012878246,18.6223621637508]]]}},{"type":"Feature","properties":{"clues":"GRIMB002071"},"geometry":{"type":"Polygon","coordinates":[[[-101.53699431123884,17.997278661298807],[-101.54179943494874,18.001438158393118],[-101.54952241416085,18.019194237735288],[-101.55323771763663,18.02035496344434],[-101.57968260246328,18.021200342581437],[-101.58784249735923,18.028792265618694],[-101.59404139353424,18.030154121160916],[-101.62628543107175,18.048850702180363],[-101.63645913283362,18.05048717785202],[-101.61532398567117,18.088790443920665],[-101.58429095273671,18.097245048221897],[-101.58137090773896,18.0996114999757],[-101.59092863643133,18.11468983442578],[-101.62435344408766,18.13348269621198],[-101.63133616485362,18.144633786748063],[-101.60846816916667,18.157698807598806],[-101.58589629455292,18.156744546160816],[-101.55596318564022,18.168529594678482],[-101.56092614999353,18.215592411601293],[-101.5100773340676,18.200894143492874],[-101.50249095870345,18.228995791121406],[-101.42260744225062,18.256464040417285],[-101.41377445764627,18.241265882342226],[-101.39837451340576,18.227099174220744],[-101.39464714585755,18.220524943799003],[-101.43727541767555,18.159536864386023],[-101.44172501911778,18.120297174732247],[-101.39029225432894,18.10848977786863],[-101.41488703703132,18.061888075884735],[-101.4323437329636,18.0511584078529],[-101.43974519429712,18.037755075110333],[-101.47546458859769,18.052851055471667],[-101.49035006057447,18.051695479821735],[-101.50215732058135,18.065005268170832],[-101.51917294414974,18.067999441941296],[-101.52251507576338,18.059795182342835],[-101.51842154631885,18.034698593711965],[-101.51050692087928,18.031053408720837],[-101.50406286271979,18.031117777004734],[-101.49871671249169,18.020511592435152],[-101.49037267352772,18.010661186080547],[-101.43553425787398,18.00158696573635],[-101.43335279456471,17.997302225171186],[-101.48253392661958,17.936073112930398],[-101.50493993083926,17.989195160051867],[-101.52569241838701,17.996253663208126],[-101.53699431123884,17.997278661298807]]]}},{"type":"Feature","properties":{"clues":"GRIMB004446"},"geometry":{"type":"Polygon","coordinates":[[[-101.33673535172062,17.78428024172703],[-101.3393444037046,17.797985759214672],[-101.33245066723724,17.811983133373843],[-101.3312795929107,17.822724694187265],[-101.34700404984275,17.83766500195768],[-101.36092580587702,17.8393222968443],[-101.36493396783514,17.84874195898352],[-101.37093920994195,17.856206129331817],[-101.37118761670942,17.862385435990195],[-101.38934457378566,17.903869984966114],[-101.38899975763275,17.905868108461302],[-101.3626320853159,17.91848077036457],[-101.34705206885226,17.93859176896681],[-101.34248483417294,17.949193994203576],[-101.3157077688055,17.944024235368143],[-101.29513706352728,17.94765528537674],[-101.2895168092147,17.960670515336815],[-101.27606131203494,17.976518214598062],[-101.269853031184,17.98006493252751],[-101.25120794021261,18.00704816097636],[-101.24651284967673,18.006664216891853],[-101.22451498129935,17.941128600248433],[-101.231975662137,17.927162171601378],[-101.21864507396532,17.907412507251703],[-101.20887848393721,17.90439854584622],[-101.16834493939454,17.878709365702356],[-101.15866809932449,17.88655480046558],[-101.13794525662715,17.899809974837],[-101.13584570181929,17.89995629166632],[-101.11858160704841,17.913401766397538],[-101.09787463175184,17.91677174204447],[-101.07493524033124,17.9014346544887],[-101.07552815665973,17.886653340774462],[-101.06925879651183,17.872220893317778],[-101.06750643344724,17.864448370265034],[-101.10130220408301,17.849821330308192],[-101.10129281955629,17.848064517158036],[-101.11362720855924,17.830353596423066],[-101.10854068134212,17.817170442794012],[-101.12244341589613,17.798781319342673],[-101.12617311523462,17.80040191706115],[-101.1527861991959,17.79895164755887],[-101.16140575735992,17.810259325121123],[-101.16777071966472,17.812127913489256],[-101.18592230932337,17.804085741276005],[-101.1934496979274,17.810692238678087],[-101.20182887852492,17.814661048615548],[-101.20696951699225,17.814907696120176],[-101.22338483635846,17.808235435246566],[-101.23221779112045,17.816517193470595],[-101.28219597504402,17.831701171389025],[-101.28281365719444,17.822854224779153],[-101.27723232440405,17.803058898119136],[-101.32047176280388,17.781168739758826],[-101.33673535172062,17.78428024172703]]]}},{"type":"Feature","properties":{"clues":"MNIMS001853"},"geometry":{"type":"Polygon","coordinates":[[[-101.12241433719694,18.811484197251495],[-101.1394149282407,18.835739701704107],[-101.13490535194498,18.86093623195692],[-101.1231700694758,18.859481943846117],[-101.10651233048843,18.86471264721678],[-101.08714379528658,18.876971866678822],[-101.0831576075761,18.881013970083973],[-101.07713149232454,18.883168548616673],[-101.06102673545283,18.88144069730762],[-101.05612909957996,18.884178883075197],[-101.00436113204164,18.874653997685304],[-101.0165142692085,18.84832913531263],[-101.00509091587193,18.830569057058447],[-101.00927640292149,18.822077072128707],[-101.00647089787084,18.81167784502738],[-100.99217611220502,18.79799412555044],[-101.02410225134369,18.791134543052735],[-101.0304904174664,18.80028627605935],[-101.0412653473884,18.80485835394008],[-101.04147317387101,18.806733994217012],[-101.05478152216008,18.812284364206768],[-101.07711087065152,18.808494302343075],[-101.07990116254418,18.81087569524838],[-101.08028820204522,18.822158705083837],[-101.08608298434768,18.82381494264343],[-101.11629570047064,18.80902319130642],[-101.11943396506035,18.81167177687227],[-101.12241433719694,18.811484197251495]]]}},{"type":"Feature","properties":{"clues":"GRIMB005530"},"geometry":{"type":"Polygon","coordinates":[[[-100.60056457075316,18.307852595239066],[-100.62481246517571,18.29140159536951],[-100.62615515355849,18.307795096675722],[-100.62941180337059,18.31995864028086],[-100.655479496766,18.317981800196677],[-100.65701184798023,18.322229706270992],[-100.64215146867808,18.334110448782006],[-100.63259648261969,18.337033264300516],[-100.622556844491,18.335835426320394],[-100.61724094636163,18.332370776553386],[-100.61049014696475,18.33112571403286],[-100.60056457075316,18.307852595239066]]]}},{"type":"Feature","properties":{"clues":"MCIMB006835"},"geometry":{"type":"Polygon","coordinates":[[[-100.41013524209912,18.533609044822416],[-100.44608246891642,18.51428477646389],[-100.46694619758165,18.54387706028371],[-100.47029380163477,18.5463947008414],[-100.4774409351837,18.565846879633078],[-100.47358715899888,18.586303028335937],[-100.45743236033023,18.60724858029216],[-100.42421675481748,18.599144096709452],[-100.42176458001427,18.60127930759796],[-100.4092509414032,18.603419788554614],[-100.39494471951234,18.61856101274605],[-100.38449062705722,18.62025673775309],[-100.37521628311538,18.609811980248022],[-100.37440512220218,18.595669541801765],[-100.38922655198661,18.57647699695521],[-100.38915265288345,18.56937423182346],[-100.40062692715725,18.559970585190815],[-100.41013524209912,18.533609044822416]]]}},{"type":"Feature","properties":{"clues":"GRIMB002503"},"geometry":{"type":"Polygon","coordinates":[[[-100.12034137307464,16.948644744241108],[-100.17267512156859,16.970229570490588],[-100.16713730337696,16.975514518069684],[-100.14879917970421,16.98211693560092],[-100.13487487613126,16.9958035676653],[-100.1314572014442,17.002184592707824],[-100.11913129004986,17.00319503079304],[-100.113924027492,17.001081123065163],[-100.10758628872833,16.993271541873224],[-100.11646660580539,16.97839214929468],[-100.11542119955608,16.96608823785681],[-100.12016448462018,16.959035344031793],[-100.12034137307464,16.948644744241108]]]}},{"type":"Feature","properties":{"clues":"GRIMB001091"},"geometry":{"type":"Polygon","coordinates":[[[-99.96484614128562,18.20147732631706],[-99.96692224137192,18.168690175448475],[-100.01433965327487,18.120734486713577],[-100.02152095907752,18.119488693814095],[-100.07704723962803,18.153501428613104],[-100.0972833533701,18.18540280466854],[-100.1033984299712,18.208477870859948],[-100.10305003007133,18.217387559639025],[-100.08469034752902,18.235471506270375],[-100.0788197138098,18.23134354369344],[-100.04669031185938,18.22305818253352],[-100.04057929282557,18.23117700770632],[-100.01245356688221,18.224124032417492],[-100.00694727677775,18.213812697579705],[-99.96484614128562,18.20147732631706]]]}},{"type":"Feature","properties":{"clues":"GRIMB006621"},"geometry":{"type":"Polygon","coordinates":[[[-100.05180421006688,18.520790096985174],[-100.08446293388009,18.52274772479809],[-100.0764228338988,18.544875558366495],[-100.08527513784301,18.569985137262755],[-100.0776722663244,18.583018233537995],[-100.06909261956,18.609390332606456],[-100.0688844437531,18.618424424088932],[-100.0647890753832,18.625798640823444],[-100.051622281171,18.638412015974286],[-100.02522616083662,18.62551170443395],[-100.00869939611773,18.613346274271002],[-99.99979784864095,18.593929854340153],[-99.99152183569703,18.5840374467637],[-99.99268795130592,18.58082739595621],[-100.00494407371849,18.569936602680084],[-100.00606268348335,18.556723118460567],[-100.0225247019266,18.536410699104614],[-100.02277639723343,18.53370136883903],[-100.04726298855398,18.524435242308787],[-100.05180421006688,18.520790096985174]]]}},{"type":"Feature","properties":{"clues":"GRIMB006616"},"geometry":{"type":"Polygon","coordinates":[[[-99.95276024653073,18.394991182952495],[-99.94578317589504,18.403634732525337],[-99.92421629324936,18.40517327119776],[-99.91935640320243,18.397267116994968],[-99.92528720010013,18.36884775956414],[-99.92799679868635,18.365853817665588],[-99.93734828798796,18.373430802048713],[-99.95276024653073,18.394991182952495]]]}},{"type":"Feature","properties":{"clues":"GRIMB000584"},"geometry":{"type":"Polygon","coordinates":[[[-99.82809726822755,16.962884270351115],[-99.83454508499068,16.961149973434956],[-99.84539392324618,16.962548526133254],[-99.85007560048855,16.965047858823503],[-99.85715931702005,16.97310683241347],[-99.86574651099448,16.974790801684463],[-99.8860486886002,16.97281563844609],[-99.90166750211739,16.963739011426764],[-99.92338154396764,17.008528353272858],[-99.91392263293616,17.026249123643257],[-99.88402608800304,17.01703425595821],[-99.85049899565648,17.027699909344737],[-99.84797747132224,17.012415772484346],[-99.83346107527203,16.996201423525005],[-99.81191940839473,17.000781525694993],[-99.80651339341577,17.009734300546977],[-99.79480735872092,17.007043329964556],[-99.79328835202034,17.004347469863067],[-99.79092073388391,16.987435784918176],[-99.79179798938272,16.981472057429414],[-99.78822202747324,16.971450529168052],[-99.80412245661877,16.97381227222586],[-99.82672921003825,16.96554223038742],[-99.82809726822755,16.962884270351115]]]}},{"type":"Feature","properties":{"clues":"GRIMB003746"},"geometry":{"type":"Polygon","coordinates":[[[-99.897136680081,17.83526720958325],[-99.8782569118281,17.858089960913073],[-99.87184875084088,17.859334924378096],[-99.87055487599879,17.862314229282106],[-99.87010233057076,17.867560187568497],[-99.8835333212741,17.888812751203275],[-99.88376872771948,17.899130149631215],[-99.89236314651669,17.90809663318034],[-99.88043755720227,17.929194134830063],[-99.87530655461313,17.952575045555825],[-99.86056507884253,17.96117166369408],[-99.8326890171448,17.953245174132878],[-99.82565675544166,17.908935775893596],[-99.83387500871737,17.900036381072304],[-99.83065241841263,17.867989217434218],[-99.81996608488541,17.841072954893814],[-99.80065304659,17.827655648769532],[-99.79457110404438,17.825224372947662],[-99.77167482948994,17.798008879736518],[-99.77482985833443,17.791722160791497],[-99.79242305224594,17.770628531786286],[-99.80881725272525,17.757158978826958],[-99.88328698382378,17.74651409797119],[-99.88798279881917,17.74959764578837],[-99.88991749763791,17.760338889774488],[-99.88923623445818,17.779978594813997],[-99.8855945064651,17.787019728037105],[-99.89130768742722,17.822835781361416],[-99.89468385414547,17.82573596595929],[-99.897136680081,17.83526720958325]]]}},{"type":"Feature","properties":{"clues":"MCIMB000371"},"geometry":{"type":"Polygon","coordinates":[[[-99.8459040112063,18.82969571685368],[-99.84259571723325,18.849877898433487],[-99.83394485725916,18.853387230731908],[-99.82831606520857,18.847075953704366],[-99.81774818788223,18.846452082699695],[-99.81575660395086,18.834225806051037],[-99.80661218762563,18.826977671342892],[-99.79907724158316,18.830163298844358],[-99.77985599892861,18.808659982266096],[-99.81014256127706,18.802736258620683],[-99.81741053909285,18.809412450781085],[-99.81940036648815,18.8095673658743],[-99.82526374398137,18.80837822880479],[-99.84001767263862,18.797732525475006],[-99.85488060005652,18.808223021358625],[-99.86310930997064,18.81928447624279],[-99.86264840744178,18.821181047319147],[-99.85721820404422,18.825681329961114],[-99.8459040112063,18.82969571685368]]]}},{"type":"Feature","properties":{"clues":"GRIMB000642"},"geometry":{"type":"Polygon","coordinates":[[[-99.82752287228034,16.91718947670915],[-99.82997515674553,16.9087637576369],[-99.83356724904463,16.910516651284304],[-99.83585182253361,16.908942856345217],[-99.83893353877049,16.910286834663186],[-99.83806481222396,16.915837467711537],[-99.83972394118558,16.924350444024885],[-99.83773097676445,16.928503469834247],[-99.83207466362605,16.927471625751817],[-99.8310905456348,16.91817407428784],[-99.82752287228034,16.91718947670915]]]}},{"type":"Feature","properties":{"clues":"MCIMB008631"},"geometry":{"type":"Polygon","coordinates":[[[-99.79907724158316,18.830163298844358],[-99.80661218762563,18.826977671342892],[-99.81575660395086,18.834225806051037],[-99.81774818788223,18.846452082699695],[-99.82831606520857,18.847075953704366],[-99.83394485725916,18.853387230731908],[-99.8296621608003,18.869764924254522],[-99.82007101779196,18.875134427047236],[-99.81305065054843,18.871522694356248],[-99.80838063098957,18.863337967906006],[-99.79621980602576,18.855689073693448],[-99.79392874021377,18.84207349693052],[-99.79907724158316,18.830163298844358]]]}},{"type":"Feature","properties":{"clues":"GRIMB006184"},"geometry":{"type":"Polygon","coordinates":[[[-99.57023929536398,18.5579015369758],[-99.5753856404084,18.53683264522936],[-99.58922895431651,18.539286867043938],[-99.58939662916787,18.552043852846612],[-99.58796666198769,18.556278942469074],[-99.59085779715356,18.55962225353779],[-99.591712039182,18.565254013665985],[-99.58381121783803,18.575254876459283],[-99.58061544215772,18.572108934970053],[-99.58030457397261,18.56275524504952],[-99.57112609010882,18.561027947885083],[-99.57023929536398,18.5579015369758]]]}},{"type":"Feature","properties":{"clues":"GRIMB003553"},"geometry":{"type":"Polygon","coordinates":[[[-99.50948223806066,17.194587118636402],[-99.52993363678924,17.20245553732016],[-99.541850344216,17.200267292372363],[-99.54433148772625,17.201632643431374],[-99.55370282701227,17.21546463280962],[-99.56335230211512,17.233887913404686],[-99.54089495383721,17.246664284072594],[-99.53453855755399,17.24583336993084],[-99.52195038211323,17.238541202230248],[-99.51079580402912,17.239458088837722],[-99.4964177451074,17.226343011172354],[-99.46918160881165,17.231267879370613],[-99.45335223709372,17.232061593740877],[-99.43162951872077,17.213796477129485],[-99.45035866311683,17.18423087252106],[-99.46727929564119,17.186151863357512],[-99.50563058202894,17.187018222968717],[-99.50948223806066,17.194587118636402]]]}},{"type":"Feature","properties":{"clues":"GRIMB003442"},"geometry":{"type":"Polygon","coordinates":[[[-99.49363834234398,17.557172946046784],[-99.49804901901409,17.55502703615502],[-99.5004541997618,17.557934737332047],[-99.50497873001056,17.55779718395311],[-99.50659173747128,17.563190539243976],[-99.50300031840304,17.570483795144902],[-99.49808717137634,17.569764476454168],[-99.4958393331709,17.567026040309827],[-99.48964714059211,17.567253776764208],[-99.48563388962141,17.569086709013515],[-99.48364858663946,17.565802602636307],[-99.49054372310792,17.56072328373212],[-99.48874342143216,17.556883204363025],[-99.48992341026604,17.55539924271304],[-99.49363834234398,17.557172946046784]]]}},{"type":"Feature","properties":{"clues":"GRIMB006843"},"geometry":{"type":"Polygon","coordinates":[[[-99.4875189925261,18.11328195218103],[-99.46571719636,18.13488916056876],[-99.46492256497478,18.15751512069499],[-99.47016659702679,18.193118875706613],[-99.44603048040709,18.21378947474563],[-99.44227791430671,18.21540439400894],[-99.40978895049412,18.188258560270388],[-99.40504223130084,18.173968538491962],[-99.40484757810815,18.147303493339013],[-99.34794838547006,18.13199664032855],[-99.36848604058287,18.035358468257808],[-99.39777788650282,18.037637841749973],[-99.48436451504946,18.082069898261047],[-99.4875189925261,18.11328195218103]]]}},{"type":"Feature","properties":{"clues":"MSIMB001272"},"geometry":{"type":"Polygon","coordinates":[[[-99.36666916273815,18.708900011936446],[-99.35940738557726,18.710906373407],[-99.34525579249288,18.71131563196337],[-99.33159129371359,18.696970759882785],[-99.33689929214324,18.68270991976048],[-99.35434992118321,18.679511690823627],[-99.37213532266067,18.692160798629764],[-99.39514319920191,18.672756645936424],[-99.40980218085542,18.68750434923941],[-99.39192467708705,18.702121686313383],[-99.38795014713503,18.709236794004703],[-99.38264106186362,18.714852213821317],[-99.36666916273815,18.708900011936446]]]}},{"type":"Feature","properties":{"clues":"MSIMB000905"},"geometry":{"type":"Polygon","coordinates":[[[-99.36666916273815,18.708900011936446],[-99.38147471572267,18.715045124635257],[-99.37642967568952,18.722383690885493],[-99.37673658481232,18.733864764080213],[-99.37923527585673,18.737684433930532],[-99.37951382205335,18.744053623853475],[-99.36526658920728,18.741209784854114],[-99.35512651515909,18.743696897203286],[-99.34708639821261,18.74002640288133],[-99.34769804790753,18.73064166177945],[-99.34525579249288,18.71131563196337],[-99.35940738557726,18.710906373407],[-99.36666916273815,18.708900011936446]]]}},{"type":"Feature","properties":{"clues":"GRIMB008581"},"geometry":{"type":"Polygon","coordinates":[[[-99.32731197450889,17.127607256816095],[-99.34742599043011,17.15980051055916],[-99.34916081129256,17.17171648681353],[-99.32935055637537,17.172254308648338],[-99.27053316632123,17.162614983162467],[-99.25657144112006,17.131505802282604],[-99.25633716488242,17.126184965372502],[-99.28952137406779,17.090096776311153],[-99.31964724879289,17.068944294137676],[-99.3265507980725,17.070374373654953],[-99.33027812049151,17.075363680222832],[-99.32731197450889,17.127607256816095]]]}},{"type":"Feature","properties":{"clues":"GRIMB008465"},"geometry":{"type":"Polygon","coordinates":[[[-99.17623974950598,17.015949896519597],[-99.17663377678593,17.0238354439511],[-99.18387907849808,17.039351042137685],[-99.18468707700154,17.051006360609538],[-99.1886185368625,17.056850886404767],[-99.20050785646526,17.06918832318012],[-99.20934717270214,17.082587184079323],[-99.2128719024418,17.08320408069483],[-99.23757920983968,17.102944883405282],[-99.25633716488242,17.126184965372502],[-99.25674956946348,17.13052531988891],[-99.1850510920634,17.166331013825875],[-99.16084909263195,17.13086411220786],[-99.15907666367832,17.108451922849653],[-99.15575189487102,17.10588579332333],[-99.14231913857536,17.074947989630353],[-99.13324282131396,17.05999774945836],[-99.11740044788742,17.054861515180086],[-99.11602326784003,17.052979595281162],[-99.1134699406788,17.034332884199845],[-99.12333770204546,17.005762702859638],[-99.1280189563843,17.004031992479042],[-99.14224180641672,17.007712200290293],[-99.16185673466612,17.001957671106094],[-99.17623974950598,17.015949896519597]]]}},{"type":"Feature","properties":{"clues":"GRIMB003203"},"geometry":{"type":"Polygon","coordinates":[[[-99.25487388518961,17.527723843523695],[-99.25524604732088,17.53490316277061],[-99.25204852726046,17.542634386909956],[-99.24059143680921,17.55103732658461],[-99.23893837015176,17.551306271740973],[-99.2281686173483,17.544526322364103],[-99.22295439184299,17.533886288259588],[-99.22321679175757,17.524159294387974],[-99.23316973213952,17.517057928363208],[-99.24085835568829,17.50568170138258],[-99.25312858879772,17.502729645418167],[-99.2622648609802,17.513358824811707],[-99.25487388518961,17.527723843523695]]]}},{"type":"Feature","properties":{"clues":"GRIMB002264"},"geometry":{"type":"Polygon","coordinates":[[[-99.14423146330209,17.837039819615075],[-99.14600437191301,17.802753112573175],[-99.16658720241375,17.771853998783936],[-99.19419828182922,17.770950952466865],[-99.19745354647849,17.845565063872186],[-99.2538670948852,17.85246428493874],[-99.23839584342294,17.95086737903534],[-99.1986359104997,17.967041381757515],[-99.1839582066144,17.95810425503239],[-99.14698772261401,17.9587598616178],[-99.11183448796601,17.963904139233357],[-99.07704774314867,17.92950985100893],[-99.07119315831912,17.91071744593729],[-99.06170281502558,17.888388658130953],[-99.06157703909292,17.868850100741057],[-99.0886655565067,17.856700755923445],[-99.10303951660336,17.84510089236152],[-99.14423146330209,17.837039819615075]]]}},{"type":"Feature","properties":{"clues":"MSIMB001050"},"geometry":{"type":"Polygon","coordinates":[[[-99.220797936538,18.86067514214718],[-99.22826105389002,18.859613779234962],[-99.23010514459993,18.862142427986043],[-99.22961672163132,18.865369145827653],[-99.23354248167945,18.87130430700666],[-99.2453160216908,18.876661372435443],[-99.24466974696524,18.883896041452658],[-99.24678969152652,18.888399538432946],[-99.2411938070758,18.893287078290914],[-99.23283603360667,18.888970229425432],[-99.23402278538114,18.881950101510636],[-99.22642627666734,18.876064178682388],[-99.2256858200398,18.866348439543234],[-99.22200589303984,18.86427545708228],[-99.220797936538,18.86067514214718]]]}},{"type":"Feature","properties":{"clues":"GRIMB006242"},"geometry":{"type":"Polygon","coordinates":[[[-99.22292101551241,17.021190366916993],[-99.21509600171657,17.021013034966202],[-99.21265828424427,17.019742295096176],[-99.19644020379637,16.996869625718606],[-99.19853242810755,16.97884592866747],[-99.2060816202067,16.97161594584375],[-99.21487197220662,16.977915284525455],[-99.22118771445841,16.986704847771477],[-99.23836748632561,16.99039498955492],[-99.24211352857449,16.998588086659645],[-99.23942137627549,17.005113345379087],[-99.23655863722531,17.01973777920121],[-99.22581427518973,17.01976064807966],[-99.22292101551241,17.021190366916993]]]}},{"type":"Feature","properties":{"clues":"GRIMB006353"},"geometry":{"type":"Polygon","coordinates":[[[-99.14087169680293,16.84001929902386],[-99.17485586794584,16.838316356844878],[-99.18950001509165,16.842984193405815],[-99.19014939498123,16.861674354499854],[-99.19570110242675,16.8763207019217],[-99.22843744778372,16.901799212278675],[-99.20332005523765,16.92190506264211],[-99.189511059526,16.92251343759843],[-99.1901862595422,16.949467511380504],[-99.15264163774249,16.955498990287794],[-99.14850231496563,16.944729703628415],[-99.13182798703312,16.931242985585392],[-99.13750748051406,16.918891327978553],[-99.12772394217293,16.881374745986037],[-99.13025292905611,16.876712676542077],[-99.12863915347887,16.87179826565893],[-99.14087169680293,16.84001929902386]]]}},{"type":"Feature","properties":{"clues":"MSIMB001354"},"geometry":{"type":"Polygon","coordinates":[[[-99.13709615348887,18.73194578031549],[-99.14501356433591,18.73669385403814],[-99.15373906310803,18.75335415183094],[-99.14899824063295,18.770766556884297],[-99.15012493560353,18.793956430184817],[-99.13914959451358,18.807165352973],[-99.11150834272469,18.787002537949316],[-99.10598419437935,18.77864255484422],[-99.09167273555136,18.77385690900641],[-99.10982601187156,18.761727872908843],[-99.11467493784683,18.75998985677038],[-99.11297917065663,18.753850257017653],[-99.11699357309291,18.751370219659425],[-99.1140615889087,18.743672761687666],[-99.11471890393676,18.741587315271236],[-99.11746187271486,18.740672718819834],[-99.12305991075534,18.727883429127864],[-99.13169046940376,18.725743604210496],[-99.13709615348887,18.73194578031549]]]}},{"type":"Feature","properties":{"clues":"GRIMB000753"},"geometry":{"type":"Polygon","coordinates":[[[-99.10817044406978,17.751333919098684],[-99.09975834132862,17.774493633609154],[-99.06357723297069,17.75530181823966],[-99.06448831331576,17.747953809561494],[-99.0705168231998,17.72946747302937],[-99.08254274204634,17.717461636785313],[-99.10427472841423,17.735174216977583],[-99.10817044406978,17.751333919098684]]]}},{"type":"Feature","properties":{"clues":"GRIMB002981"},"geometry":{"type":"Polygon","coordinates":[[[-99.01491121800291,16.734493848942],[-99.01172530166053,16.732641629348336],[-98.99621598979532,16.709088455731614],[-99.01349519820135,16.696586150290628],[-99.03533957031262,16.695717303506314],[-99.0410207867759,16.68974286598203],[-99.04929348412571,16.68973907351576],[-99.05911195246665,16.692467969606383],[-99.07758600946326,16.70728782529286],[-99.07996140012614,16.71398801856951],[-99.06180123699725,16.74182297654951],[-99.06130685502026,16.752037870261983],[-99.03823364883124,16.760468850813254],[-99.02663154908034,16.752604577002096],[-99.01491121800291,16.734493848942]]]}},{"type":"Feature","properties":{"clues":"MSIMB000222"},"geometry":{"type":"Polygon","coordinates":[[[-98.99798849847997,18.761703399050557],[-99.02105479738036,18.780114797404334],[-99.02786077911557,18.78261529320275],[-99.02545270130706,18.80078673814777],[-99.0187001875133,18.803982942858696],[-98.98493771715353,18.792865237683657],[-98.98188985932296,18.799966968756348],[-98.97834984923766,18.801516550004173],[-98.97143810950362,18.796283969377484],[-98.97095358173317,18.79178629453545],[-98.9726642342412,18.787861568352092],[-98.96864864797965,18.78004336030082],[-98.96919838708087,18.774927288712327],[-98.97384634406544,18.775956171510224],[-98.98294514187515,18.77355827894053],[-98.98439400586217,18.769479501237424],[-98.98707865198746,18.767291500878652],[-98.99106899890252,18.7666723733143],[-98.99298684962869,18.769385424422133],[-98.99798849847997,18.761703399050557]]]}},{"type":"Feature","properties":{"clues":"GRIMB009170"},"geometry":{"type":"Polygon","coordinates":[[[-98.99434446208475,17.35035351664296],[-99.00366973876119,17.357537996092336],[-99.00673320232312,17.35770514396424],[-99.01606638397678,17.35205627227626],[-99.02644774537126,17.36581356836009],[-99.0103947279894,17.375428648974793],[-99.00967185859389,17.379631817519485],[-99.01218727211771,17.38579843609194],[-99.0257581072614,17.38344576187317],[-99.02964147299912,17.386020821107504],[-99.03602650247801,17.38566233957957],[-99.04278401010576,17.39116617746882],[-99.0426039853189,17.397415235549985],[-99.03559041837286,17.401392355004678],[-99.02705531994675,17.396648637646802],[-99.01767689470272,17.399547088390324],[-99.0112261745269,17.39006266309234],[-99.00159985425982,17.40454142619609],[-98.98957513665415,17.39772062048663],[-98.98347522109262,17.39918601387503],[-98.97762587159681,17.414545708656256],[-98.96280210434371,17.422031328549103],[-98.94173227507945,17.396722180001785],[-98.94452439469867,17.386883889335977],[-98.94950424054905,17.379674115958466],[-98.95518570063855,17.364363972719318],[-98.96786826266055,17.363109755608313],[-98.97745293070129,17.351262090033096],[-98.98787617972253,17.354056727821973],[-98.99434446208475,17.35035351664296]]]}},{"type":"Feature","properties":{"clues":"SCCSA001307"},"geometry":{"type":"Polygon","coordinates":[[[-99.0179391291957,17.343984058818382],[-99.01606638397678,17.35205627227626],[-99.00673320232312,17.35770514396424],[-99.00366973876119,17.357537996092336],[-98.99434446208475,17.35035351664296],[-98.99495375428621,17.34492333809586],[-98.98779682852712,17.316707934221107],[-99.01378485228355,17.29814529998909],[-99.0179391291957,17.343984058818382]]]}},{"type":"Feature","properties":{"clues":"SCCSA001571"},"geometry":{"type":"Polygon","coordinates":[[[-98.95740198843542,18.854876854170303],[-98.95409423583982,18.853434078209222],[-98.95482119868022,18.845730327284627],[-98.95877088676336,18.844757014401853],[-98.96259724128711,18.839797285663572],[-98.97072502185866,18.84054611187729],[-98.98325342489487,18.844880992092108],[-98.98270810497574,18.85357384159168],[-98.97340543975827,18.858023570120665],[-98.97189222789322,18.860276961389115],[-98.96392727416698,18.857063110302107],[-98.96052206016128,18.853971883482913],[-98.95740198843542,18.854876854170303]]]}},{"type":"Feature","properties":{"clues":"MSIMB000333"},"geometry":{"type":"MultiPolygon","coordinates":[[[[-98.94311324111403,18.84719512436007],[-98.9444053637106,18.851489077700208],[-98.94244871393998,18.854905504486418],[-98.93860205724488,18.853647215940356],[-98.93743877930798,18.85093790014857],[-98.9345082092877,18.850351112045857],[-98.93186450718385,18.854796447624327],[-98.92759862831267,18.85159440424148],[-98.92416495509124,18.858178032765995],[-98.91711003963476,18.85585329397432],[-98.91204804470068,18.858663153896554],[-98.89655985521757,18.84463654164247],[-98.90842824621741,18.836862020080453],[-98.9184696132025,18.839350293972256],[-98.92854142543924,18.837465449037115],[-98.93118850595889,18.84219791853817],[-98.93820974056985,18.83998385743926],[-98.9375896745742,18.845150903459864],[-98.939502783204,18.84779955176101],[-98.94311324111403,18.84719512436007]]],[[[-98.95060095832339,18.85912312216345],[-98.95368697873201,18.865449914922582],[-98.94825118873322,18.865562063045314],[-98.94666857208031,18.862571224429352],[-98.94258016928279,18.86061628055576],[-98.94317753032449,18.858738737828535],[-98.95060095832339,18.85912312216345]]]]}},{"type":"Feature","properties":{"clues":"GRIMB001395"},"geometry":{"type":"Polygon","coordinates":[[[-98.92901165396952,17.315053962553982],[-98.92928675731595,17.32586476418637],[-98.92467462037759,17.331351116928026],[-98.92647529884088,17.337660280462977],[-98.93876958495382,17.339005878570852],[-98.94120977020866,17.348606399445945],[-98.92817350207694,17.355818695002565],[-98.92627712190912,17.362309707765395],[-98.94452439469867,17.386883889335977],[-98.94173227507945,17.396722180001785],[-98.93381322372358,17.398704583199898],[-98.9183939226508,17.393474002944526],[-98.91333475044397,17.382242869534107],[-98.89782441637703,17.373980193803977],[-98.8968221401609,17.37025707949755],[-98.89955431500454,17.360890710284753],[-98.90072672558333,17.344025590901627],[-98.90896088579098,17.342398169263998],[-98.91393508336469,17.334126628390578],[-98.9095337399781,17.329842639076162],[-98.90387606115138,17.329480313779897],[-98.90424335392042,17.322986749750548],[-98.90128319598075,17.31799330978453],[-98.89553872875607,17.31542737485818],[-98.8896522271396,17.30322689258907],[-98.90762324551345,17.299935544935547],[-98.91334166637031,17.30637566167418],[-98.92259421591173,17.307550809845],[-98.92901165396952,17.315053962553982]]]}},{"type":"Feature","properties":{"clues":"MSIMB000304"},"geometry":{"type":"Polygon","coordinates":[[[-98.90582024070748,18.868280782467465],[-98.90149938670915,18.878371697663223],[-98.90001430775268,18.879063607884245],[-98.89529235191203,18.868759333976353],[-98.89563127974921,18.865927279775878],[-98.88809708000073,18.85708763210061],[-98.88996604565453,18.84969494515806],[-98.89452218434673,18.845276164018703],[-98.89655985521757,18.84463654164247],[-98.91204804470068,18.858663153896554],[-98.91711003963476,18.85585329397432],[-98.92416495509124,18.858178032765995],[-98.92691482533664,18.859729151493845],[-98.9307441215199,18.86538435071158],[-98.92818198471294,18.86759272728162],[-98.92170239959134,18.866346648321635],[-98.9195240514799,18.867408870432282],[-98.91161760051175,18.863908165626224],[-98.90864721677421,18.86771382701586],[-98.90582024070748,18.868280782467465]]]}},{"type":"Feature","properties":{"clues":"PLIMS001793"},"geometry":{"type":"Polygon","coordinates":[[[-98.77120036429012,18.29083517878431],[-98.74477788696782,18.280212929212745],[-98.72896862482408,18.258760673256567],[-98.75412768804861,18.219814729111388],[-98.77231306706305,18.23229881345798],[-98.83624721074948,18.231948664285287],[-98.8498208397082,18.26830987100924],[-98.80582630249495,18.29355136739864],[-98.79062936957726,18.2857023509785],[-98.77120036429012,18.29083517878431]]]}},{"type":"Feature","properties":{"clues":"MSIMB000683"},"geometry":{"type":"Polygon","coordinates":[[[-98.7591445030227,18.677660930419737],[-98.76907336486221,18.665537014435294],[-98.78169953771011,18.670315682760453],[-98.78533888428908,18.682101024824895],[-98.79012525171915,18.684761265910122],[-98.79084835523383,18.689422358255978],[-98.78647480659949,18.698398278898466],[-98.78527028835896,18.69949096456651],[-98.78112432584741,18.698017154976572],[-98.7758345585393,18.69968178415793],[-98.76492397992946,18.69919173008735],[-98.763492133726,18.69786682922405],[-98.76301658252862,18.685660091851855],[-98.7591445030227,18.677660930419737]]]}},{"type":"Feature","properties":{"clues":"GRIMB002380"},"geometry":{"type":"Polygon","coordinates":[[[-98.74589431845952,17.490770979548063],[-98.72662174799338,17.480242175940027],[-98.72170792473318,17.462133060994166],[-98.72212417093073,17.457149819686702],[-98.74188905376455,17.44461479307373],[-98.7494187163489,17.445750253187118],[-98.77254018052928,17.470436566331532],[-98.76325796153908,17.480754130899353],[-98.74589431845952,17.490770979548063]]]}},{"type":"Feature","properties":{"clues":"GRIMB002375"},"geometry":{"type":"Polygon","coordinates":[[[-98.72662174799338,17.480242175940027],[-98.74589431845952,17.490770979548063],[-98.73772857922728,17.52378227631896],[-98.70383883054245,17.51869051590423],[-98.70559242300435,17.502667366672352],[-98.69966391625978,17.487144076647105],[-98.70799106351444,17.478396624459833],[-98.72662174799338,17.480242175940027]]]}},{"type":"Feature","properties":{"clues":"GRIMB002865"},"geometry":{"type":"Polygon","coordinates":[[[-98.58865348737235,16.361796799385125],[-98.63635974847286,16.408772666778308],[-98.62705453546484,16.418087259635325],[-98.58991537633358,16.43136828373241],[-98.58450579153754,16.44502369036304],[-98.555233184265,16.446454815416388],[-98.554830366677,16.474733933520575],[-98.55266506097358,16.47874596017065],[-98.54325401040585,16.481852255692612],[-98.51543456169162,16.454619744707433],[-98.50272450077424,16.45060382729019],[-98.480976469704,16.42803735260385],[-98.50853662538877,16.402289956010826],[-98.5206828144678,16.384792695445565],[-98.54733071389886,16.39642687025307],[-98.58464415556209,16.363355336759014],[-98.58865348737235,16.361796799385125]]]}},{"type":"Feature","properties":{"clues":"MSIMB000111"},"geometry":{"type":"Polygon","coordinates":[[[-98.71869487537269,18.508049173377994],[-98.71916905689982,18.514573286678107],[-98.70978583866274,18.523021105128723],[-98.69641052215059,18.519799906857646],[-98.68668915339673,18.5194372071995],[-98.67189731934732,18.521363167494016],[-98.68563392456373,18.499077627007527],[-98.69023855693436,18.49474911378406],[-98.69964187065645,18.49440067727401],[-98.71154331655659,18.484870418447542],[-98.71886939630632,18.48409879083308],[-98.72162539387871,18.48772070145387],[-98.71869487537269,18.508049173377994]]]}},{"type":"Feature","properties":{"clues":"PLIMB002661"},"geometry":{"type":"Polygon","coordinates":[[[-98.66099498772296,18.65053483685971],[-98.66361886117168,18.617390134329543],[-98.6675698609599,18.604137066528267],[-98.69128406361062,18.6144045899954],[-98.70016978316026,18.615951887960524],[-98.706933398487,18.62022964062201],[-98.70919015922591,18.647517672536665],[-98.73201866984216,18.649412428826306],[-98.73345814312793,18.652060129329865],[-98.70225175995006,18.69782608822884],[-98.6920297461994,18.674555080735153],[-98.68476162396819,18.66796303260846],[-98.66388822158689,18.655497581464424],[-98.66099498772296,18.65053483685971]]]}},{"type":"Feature","properties":{"clues":"GRIMB001284"},"geometry":{"type":"Polygon","coordinates":[[[-98.57550262264758,17.20737109588398],[-98.61174603802463,17.206500065570207],[-98.61622535710099,17.209307843481767],[-98.618092379317,17.22844909439617],[-98.61349098990968,17.2355335887214],[-98.61777739083425,17.242684406825365],[-98.6174834404106,17.245323679824015],[-98.60467205184531,17.263394628374154],[-98.5988605620823,17.276230729144753],[-98.5921205260868,17.283944236078312],[-98.58998419328971,17.283930104694036],[-98.57504517609408,17.27179255031341],[-98.55259307314034,17.26020278337819],[-98.54968054799456,17.245977473690683],[-98.5487981422165,17.231486148776092],[-98.55810905762422,17.224152313580582],[-98.5719737811738,17.20862455499067],[-98.57550262264758,17.20737109588398]]]}},{"type":"Feature","properties":{"clues":"GRIMB001885"},"geometry":{"type":"Polygon","coordinates":[[[-98.5176891893775,16.592708129190793],[-98.50800855035183,16.57933764409703],[-98.52260943798561,16.570437336941048],[-98.53155724599866,16.567860202797807],[-98.54354885856833,16.570268808958694],[-98.5449643650125,16.568506914270554],[-98.56271420692697,16.562838023315187],[-98.59581586604432,16.58489548071147],[-98.59438896919555,16.605612969609666],[-98.59898689298781,16.615638397309024],[-98.60726825616888,16.645813332038397],[-98.60226517283277,16.665017691760596],[-98.59282265476985,16.671230576147344],[-98.58575499263034,16.67052117202786],[-98.56242113421132,16.672061253928433],[-98.55689551037732,16.660752841548558],[-98.53146721112212,16.639455860644528],[-98.53070630676872,16.63630780506042],[-98.53953768522189,16.620357652711064],[-98.53121143679918,16.605614131462964],[-98.52887483125564,16.597406226607422],[-98.5176891893775,16.592708129190793]]]}},{"type":"Feature","properties":{"clues":"GRIMB007671"},"geometry":{"type":"MultiPolygon","coordinates":[[[[-98.54046366606681,17.392380583225542],[-98.53613775913796,17.377675346999133],[-98.55673376365559,17.35803992479088],[-98.58500381297098,17.374077799160066],[-98.57865901694049,17.391001371211477],[-98.57925288774538,17.396317357198836],[-98.5776144257076,17.40094699093259],[-98.54946161761303,17.42302654542434],[-98.53608689369418,17.39977597324045],[-98.54046366606681,17.392380583225542]]],[[[-98.5505261654744,17.461834542685267],[-98.53845094735354,17.45408406572545],[-98.5317712142125,17.441347142717774],[-98.54944713780336,17.42309104752434],[-98.56907838338948,17.43763066276198],[-98.5731523306172,17.44350394581592],[-98.57526811898448,17.451221464834962],[-98.56005929278702,17.458967571966447],[-98.5505261654744,17.461834542685267]]]]}},{"type":"Feature","properties":{"clues":"PLIMB004370"},"geometry":{"type":"Polygon","coordinates":[[[-98.46899257400955,18.752603093837568],[-98.47925700140584,18.751796968527525],[-98.49215475344434,18.756235842705866],[-98.49951146020334,18.7526623312688],[-98.50228790453987,18.769701623268745],[-98.50101066353106,18.776878659315408],[-98.51127833827866,18.779864001995396],[-98.51993599829089,18.790282750387266],[-98.4989106451452,18.80112272018558],[-98.49598141285908,18.80406014206994],[-98.49659998595385,18.814695070482784],[-98.48671963865814,18.81739919336161],[-98.48184659313785,18.817007180728318],[-98.47976907193325,18.815891654530095],[-98.4764969533292,18.808890623922135],[-98.47845905113255,18.800028969690384],[-98.4861020211836,18.796213430278172],[-98.47775302606972,18.786181380677018],[-98.47462739551398,18.785634628717464],[-98.47484491891004,18.768185636096103],[-98.46720974037424,18.76185638719576],[-98.46899257400955,18.752603093837568]]]}},{"type":"Feature","properties":{"clues":"SCCSA001978"},"geometry":{"type":"Polygon","coordinates":[[[-98.42897408286152,18.22232744536573],[-98.46368704240382,18.316226301008264],[-98.46113532466906,18.317784289993277],[-98.39790573080565,18.315068851061152],[-98.386893936894,18.307247203879015],[-98.38005730283554,18.297898177784486],[-98.37725499084395,18.260620870783644],[-98.37028859419868,18.246375813029516],[-98.3701879594623,18.199974573720553],[-98.39652311375472,18.200865046363976],[-98.4339568066352,18.214477430723587],[-98.42897408286152,18.22232744536573]]]}},{"type":"Feature","properties":{"clues":"OCIMB006761"},"geometry":{"type":"Polygon","coordinates":[[[-98.326914317538,17.7147917778278],[-98.34888527586644,17.714515853311937],[-98.35232159865751,17.765940907145268],[-98.35584345334486,17.77620754688097],[-98.36797906768098,17.79265751328202],[-98.38147562542204,17.799631224031298],[-98.3979994394241,17.825877005398812],[-98.38734284871781,17.856634185513943],[-98.3444610556054,17.887087906998705],[-98.32238203303451,17.842762152665337],[-98.32221266480379,17.83487810296992],[-98.30985815917616,17.81543807736995],[-98.31119931238445,17.79141643315846],[-98.2941410064748,17.76949312501587],[-98.3017868962917,17.762319243068674],[-98.326914317538,17.7147917778278]]]}},{"type":"Feature","properties":{"clues":"PLIMS002773"},"geometry":{"type":"Polygon","coordinates":[[[-98.30940232156337,17.967728447968284],[-98.30057022618074,17.97647230736421],[-98.30167892236173,17.985077984417405],[-98.29954480303813,17.990236360798363],[-98.30023814863172,18.00154662626233],[-98.29819658852848,18.00905465744565],[-98.26804334520158,18.01750564170991],[-98.26142460520894,17.99817612115495],[-98.25564652499925,17.989948354484326],[-98.24645362965951,17.97178740449848],[-98.24891160404742,17.96885233910891],[-98.25263625929557,17.906986448793536],[-98.25963420631021,17.899506792585928],[-98.29239563060256,17.906847406445827],[-98.34210049148747,17.895575459714596],[-98.35319292289508,17.915071007721906],[-98.35270380003035,17.924470385215308],[-98.30909792554478,17.956424926262606],[-98.30940232156337,17.967728447968284]]]}},{"type":"Feature","properties":{"clues":"OCIMB004895"},"geometry":{"type":"Polygon","coordinates":[[[-98.27526772612515,16.42202750522959],[-98.25806975047227,16.449020863048936],[-98.25490135313973,16.471117466485396],[-98.23784695972077,16.490254764968768],[-98.23023306384908,16.49153019154929],[-98.1988291890633,16.46188488680418],[-98.21740061815724,16.415995235684825],[-98.21764836967384,16.403300520508964],[-98.22333292134556,16.396884731521766],[-98.25120759048217,16.39930085896782],[-98.27526772612515,16.42202750522959]]]}},{"type":"Feature","properties":{"clues":"SCCSA002016"},"geometry":{"type":"Polygon","coordinates":[[[-98.08286303518221,18.46427971502419],[-98.07792064194813,18.426637033427525],[-98.0922247159303,18.413170975900844],[-98.10126271664376,18.409623990965486],[-98.11404325006032,18.44929147282908],[-98.1402972339594,18.457435160799598],[-98.13856275018186,18.477481618811844],[-98.1012540448152,18.479579135650475],[-98.08781706825917,18.465634625570214],[-98.08286303518221,18.46427971502419]]]}},{"type":"Feature","properties":{"clues":"PLIMS002744"},"geometry":{"type":"Polygon","coordinates":[[[-98.06013811408424,18.900939509081788],[-98.0553743850807,18.901956006241424],[-98.04043366879259,18.91411300396877],[-98.0248790655908,18.91758116518558],[-98.01954597709309,18.91497606918014],[-98.01159661519259,18.87579911404233],[-98.01475457503578,18.869941217108963],[-98.0283355336697,18.87442307898414],[-98.06664963036978,18.867317980642063],[-98.07119250140134,18.87364250178946],[-98.07095362249397,18.887026194735437],[-98.06013811408424,18.900939509081788]]]}},{"type":"Feature","properties":{"clues":"OCIMS003892"},"geometry":{"type":"Polygon","coordinates":[[[-98.0103054975513,16.613912581820298],[-98.03457966033393,16.614846129621448],[-98.06919084098607,16.61131270883094],[-98.06699214141233,16.62138676338905],[-98.0555822064452,16.639225861286572],[-98.05205202268814,16.659733355648285],[-98.0144876778539,16.675519626098072],[-98.01217728223584,16.67202539910342],[-98.01560343470469,16.64128210713621],[-98.0103054975513,16.613912581820298]]]}},{"type":"Feature","properties":{"clues":"OCIMS004505"},"geometry":{"type":"Polygon","coordinates":[[[-98.02163285608971,17.240404463672125],[-98.02017799202557,17.254661183246725],[-98.0240019022346,17.265242583649496],[-98.01983719942812,17.27271222954938],[-98.02086772559691,17.283092363467254],[-98.02362555668293,17.28891007472084],[-98.0230261818672,17.29325032316205],[-98.03368746993587,17.308100379709913],[-98.03343001810015,17.310000069439475],[-98.01863571588275,17.312386988140133],[-98.01389437611981,17.32162456072722],[-98.00851206731922,17.321554426668516],[-97.98061989185608,17.297590509395818],[-97.9845974101089,17.28671923360664],[-97.98837394023963,17.267337563329026],[-97.98702289615439,17.254832137446243],[-97.98117006404404,17.241911459485497],[-97.98285531144636,17.23382340981683],[-97.98131565089814,17.222385329821403],[-97.98664809904976,17.216081227322416],[-97.98623321199752,17.208379442283825],[-98.00924266116674,17.190650321352376],[-98.01788025711858,17.188978209421247],[-98.02483995742695,17.185867546407447],[-98.03102299080251,17.19009322487827],[-98.02387480064529,17.23612450143739],[-98.02163285608971,17.240404463672125]]]}},{"type":"Feature","properties":{"clues":"MCIMB001025"},"geometry":{"type":"MultiPolygon","coordinates":[[[[-99.87536015912669,19.77598654546326],[-99.8886105120057,19.759814505049405],[-99.89391707624164,19.77154226626102],[-99.9109531065166,19.78477731669971],[-99.91307206962342,19.793359186042668],[-99.91616197561032,19.796939530999772],[-99.90356533214783,19.810727742494738],[-99.89943247099647,19.809817045162347],[-99.89258697916387,19.81129110892424],[-99.89087498799122,19.8017394907869],[-99.88241743133368,19.80174156913975],[-99.87499344983776,19.809623075504753],[-99.87250279868792,19.80492351117706],[-99.86487727864268,19.806251266009006],[-99.86799578918384,19.79618927521856],[-99.87218124324892,19.794382433584726],[-99.87195553414509,19.790352264402063],[-99.8660345791885,19.787753113105975],[-99.85990077270262,19.789125034387155],[-99.85884886079009,19.783152537183362],[-99.87025118431731,19.77975174762961],[-99.87536015912669,19.77598654546326]]],[[[-99.85511920116332,19.756360092176507],[-99.85771191392595,19.764505456480478],[-99.86155929568172,19.769629341804805],[-99.8605936851177,19.777032473343244],[-99.85763589292664,19.781490103800387],[-99.85284113110136,19.779476910926547],[-99.8499878649276,19.779766228119076],[-99.84427028277663,19.760033815366988],[-99.85511920116332,19.756360092176507]]]]}},{"type":"Feature","properties":{"clues":"MCIMB003364"},"geometry":{"type":"Polygon","coordinates":[[[-99.75911840668167,19.73633834478413],[-99.73595979687654,19.746081172379334],[-99.72500129735994,19.72604802619225],[-99.72530839317966,19.712142102142447],[-99.74174389595414,19.70297655531614],[-99.75541371256206,19.72060273782431],[-99.75911840668167,19.73633834478413]]]}},{"type":"Feature","properties":{"clues":"MCIMB003171"},"geometry":{"type":"Polygon","coordinates":[[[-99.59675765430283,19.59738376416165],[-99.59939083570747,19.596664163969102],[-99.62299276498302,19.600745251267654],[-99.62898302728385,19.620110361619812],[-99.63690260505567,19.62563177930586],[-99.63829824260544,19.636888887123988],[-99.62939298987497,19.64794303247683],[-99.62528676710164,19.64736101911015],[-99.62057122781796,19.642247418817295],[-99.6204496591602,19.629533411371657],[-99.58300041665048,19.619830340875033],[-99.59052103627872,19.611186265799624],[-99.59675765430283,19.59738376416165]]]}},{"type":"Feature","properties":{"clues":"HGIMB000875"},"geometry":{"type":"Polygon","coordinates":[[[-99.45020093405509,20.258018334088895],[-99.47829738462526,20.243452815288354],[-99.48882529345465,20.24904389240867],[-99.49707433727005,20.248962768224374],[-99.50182346888509,20.247392480907678],[-99.52411333123874,20.278906937371072],[-99.51199116737814,20.315677434224877],[-99.49911143883973,20.344201766242076],[-99.47021871424032,20.324466315442947],[-99.46479632210014,20.313686531696973],[-99.46372112016829,20.29463304792418],[-99.44969376348125,20.281028483175785],[-99.45379832242818,20.27152174169502],[-99.45020093405509,20.258018334088895]]]}},{"type":"Feature","properties":{"clues":"MCIMB003060"},"geometry":{"type":"Polygon","coordinates":[[[-99.50492837649469,19.942110911328246],[-99.50782807158478,19.948041943762256],[-99.50336639185831,19.966387434499126],[-99.50681892654089,19.972813092365474],[-99.50359060208378,19.991542120804173],[-99.50132755665278,19.99396209405711],[-99.48057627428746,19.980911653846572],[-99.47706833919405,19.961388743583154],[-99.47350545752512,19.95830008492279],[-99.4538625381647,19.972947638639223],[-99.44263582764916,19.9622034268105],[-99.43623302871652,19.946890470298094],[-99.43691348032566,19.942366178583196],[-99.46321578880608,19.933163203305483],[-99.48185119404776,19.892316403048458],[-99.50186063140885,19.892739138105103],[-99.50678793684355,19.89816211665447],[-99.50828936145238,19.904208795983028],[-99.50790447600383,19.935701369069676],[-99.50492837649469,19.942110911328246]]]}},{"type":"Feature","properties":{"clues":"MCIMB007412"},"geometry":{"type":"Polygon","coordinates":[[[-99.4469835705659,19.671435938211342],[-99.44829120440636,19.657683550388917],[-99.47227931167927,19.615812966326512],[-99.48954195017491,19.598913392625484],[-99.49327289630182,19.599569315411983],[-99.4818791017574,19.653846639461236],[-99.49267164464983,19.661446008950822],[-99.49070424089096,19.672208349366077],[-99.47602162427228,19.672823231989938],[-99.47575934052483,19.688204881503736],[-99.47234899992125,19.698817793028418],[-99.46905066714662,19.703545886112888],[-99.44988069831044,19.705379435069627],[-99.44871015653938,19.718541884649696],[-99.43799347069898,19.715413708572875],[-99.43590716799149,19.715972132891984],[-99.42878647736799,19.726130544561087],[-99.42144392309858,19.728734508076172],[-99.40343149836788,19.702651779086892],[-99.40340392429428,19.6991919348365],[-99.42405941845499,19.684133995234717],[-99.44334499164329,19.680143827380878],[-99.44821107551175,19.673535589547825],[-99.4469835705659,19.671435938211342]]]}},{"type":"Feature","properties":{"clues":"MCIMB004175"},"geometry":{"type":"MultiPolygon","coordinates":[[[[-99.43551310571301,19.638823233631094],[-99.43180288958419,19.62730104144464],[-99.47227931167927,19.615812966326512],[-99.44829120440636,19.657683550388917],[-99.4469835705659,19.671435938211342],[-99.44821107551175,19.673535589547825],[-99.44334499164329,19.680143827380878],[-99.42405941845499,19.684133995234717],[-99.40715061052387,19.696330039370718],[-99.40984854584235,19.66689353531774],[-99.41402876807444,19.662579123850097],[-99.41741639984959,19.654570161812124],[-99.42567318597348,19.649065395783047],[-99.42700646177326,19.643635630637654],[-99.43551310571301,19.638823233631094]]],[[[-99.39893336729062,19.69735870758307],[-99.40340392429428,19.6991919348365],[-99.40343149836788,19.702651779086892],[-99.42144392309858,19.728734508076172],[-99.42031941052598,19.73664109257782],[-99.40513195919296,19.75466799827888],[-99.38970317439342,19.75841121469458],[-99.37969442408252,19.756501442311144],[-99.37540564312667,19.74905205978162],[-99.36776903437277,19.74409648773491],[-99.36171227277242,19.719154085812832],[-99.38483682761526,19.6986204822842],[-99.39893336729062,19.69735870758307]]]]}},{"type":"Feature","properties":{"clues":"HGIMB003190"},"geometry":{"type":"Polygon","coordinates":[[[-99.38970317439342,19.75841121469458],[-99.40592006725137,19.7846989425763],[-99.40991387788821,19.787931109709664],[-99.41393945531654,19.79727443471558],[-99.40719172476565,19.810126073700175],[-99.40032986826765,19.816701926186198],[-99.38371556483173,19.816594718262852],[-99.37937618981483,19.821414520755248],[-99.39323053236568,19.858047181496737],[-99.38901685546122,19.86953858665494],[-99.38182750872957,19.870995798193977],[-99.37318023566037,19.868661822072905],[-99.36384196069073,19.859282750373957],[-99.3356538881195,19.865779104063346],[-99.3207026830713,19.854901326049085],[-99.3339627063664,19.851535337761486],[-99.34358706598971,19.84444868434751],[-99.34966075439453,19.843042557128427],[-99.35520137908996,19.82563425451388],[-99.36646772324896,19.821881736256017],[-99.35196252490005,19.801521628955154],[-99.36096013329134,19.79532909122745],[-99.38186623055812,19.80738801983323],[-99.37905213550323,19.757792944176707],[-99.37969442408252,19.756501442311144],[-99.38970317439342,19.75841121469458]]]}},{"type":"Feature","properties":{"clues":"HGIMS002486"},"geometry":{"type":"Polygon","coordinates":[[[-99.32436576024661,20.590624296147084],[-99.3351368594804,20.59518206073407],[-99.34946022434828,20.60592184127527],[-99.35177274887049,20.615985305499425],[-99.35654927935549,20.623122960715346],[-99.3553821068219,20.635382843881146],[-99.33761038975837,20.634000073424886],[-99.33481071076419,20.635692349746478],[-99.33341288008845,20.65291685535315],[-99.3172345187376,20.639410039806037],[-99.31789206091037,20.633757293483082],[-99.29767380541507,20.62852020255228],[-99.29186215497566,20.62999216587575],[-99.27937049609083,20.603914861170686],[-99.2848045815546,20.594056647715657],[-99.29535267197595,20.586520578611687],[-99.32255669427663,20.58838822761492],[-99.32436576024661,20.590624296147084]]]}},{"type":"Feature","properties":{"clues":"MCIMB006234"},"geometry":{"type":"Polygon","coordinates":[[[-99.26124978241388,19.699398332525337],[-99.25313734247749,19.69782534296556],[-99.25112546992749,19.694372169079262],[-99.26006960167727,19.689697227821373],[-99.26509962795049,19.693894872941886],[-99.26639604283457,19.69352430572344],[-99.27168112501535,19.6990778329266],[-99.27365399511704,19.706071437963647],[-99.2735234362117,19.71213962285009],[-99.26124978241388,19.699398332525337]]]}},{"type":"Feature","properties":{"clues":"HGIMB000991"},"geometry":{"type":"Polygon","coordinates":[[[-99.26092056049406,20.288408040164672],[-99.27020405871002,20.300638442110692],[-99.25388069733987,20.311056176343524],[-99.24340944186741,20.3101077099459],[-99.22674308119055,20.296468513959194],[-99.22229102944613,20.29833471566515],[-99.20489655454661,20.290494615908507],[-99.20353175488873,20.2864301870014],[-99.20630910310038,20.26711129465602],[-99.22234081355454,20.260359407970803],[-99.23240730689012,20.266612249050116],[-99.23906585823018,20.26332453013179],[-99.26404033353924,20.25820352208495],[-99.26491334733326,20.261870813861677],[-99.26092056049406,20.288408040164672]]]}},{"type":"Feature","properties":{"clues":"HGIMB004194"},"geometry":{"type":"Polygon","coordinates":[[[-99.25259982840961,20.076339450057425],[-99.24340794695907,20.078976413850782],[-99.23423181386326,20.077939293246047],[-99.23099862036771,20.075528908131876],[-99.23041599898117,20.072854402676167],[-99.2321849783959,20.069326520401734],[-99.23921189556809,20.06394156779173],[-99.2509029094789,20.06363671445575],[-99.25259982840961,20.076339450057425]]]}},{"type":"Feature","properties":{"clues":"HGIMB002485"},"geometry":{"type":"Polygon","coordinates":[[[-99.22229102944613,20.29833471566515],[-99.22089659380953,20.303271417346277],[-99.22216557673038,20.315063850815296],[-99.21674628999978,20.32409842848105],[-99.20503065735863,20.324769361628515],[-99.19009745019596,20.33942415783089],[-99.18063916849593,20.33663760183772],[-99.168807578231,20.33541133924788],[-99.17106770032008,20.314779196829644],[-99.180257359984,20.3002896207646],[-99.18492777883606,20.300578728889345],[-99.18657185345559,20.292786589658277],[-99.18293309259252,20.28832616302294],[-99.17248427887364,20.28940870430219],[-99.17053558878457,20.28849463891044],[-99.16962593899201,20.277618965283366],[-99.1641710027093,20.26855097780962],[-99.17202271045487,20.26072348177611],[-99.18099824411614,20.26586620833379],[-99.18046475480061,20.272481739081147],[-99.18651514872843,20.27447618655036],[-99.20630910310038,20.26711129465602],[-99.20353175488873,20.2864301870014],[-99.20489655454661,20.290494615908507],[-99.22229102944613,20.29833471566515]]]}},{"type":"Feature","properties":{"clues":"SCCSA001216"},"geometry":{"type":"Polygon","coordinates":[[[-99.1802244841978,19.964950522607538],[-99.18159209686304,19.96799298919676],[-99.18845073589179,19.971226990337684],[-99.19032376448412,19.978577817924045],[-99.18409158744926,19.98556052855447],[-99.18118454751769,19.9822775006964],[-99.17357066184152,19.980176608262354],[-99.17276301105369,19.97545284033517],[-99.16653391544996,19.975036320715027],[-99.16557770414727,19.971691675376004],[-99.15546792890996,19.970491606267675],[-99.14849224361811,19.96145951654938],[-99.11846987749293,19.96588742970652],[-99.1199455414731,19.955065144189565],[-99.1256675152551,19.934797539881508],[-99.13041244661454,19.93399688460754],[-99.1431452978242,19.94568807870212],[-99.15161538803336,19.938270383002205],[-99.15662780948198,19.94104281969603],[-99.1604126626824,19.940163502420894],[-99.16663576977984,19.934848875041858],[-99.18127652147247,19.934867748527978],[-99.18161494972017,19.94218779462934],[-99.17789618375954,19.950804562657172],[-99.18115215874896,19.95890715820296],[-99.1802244841978,19.964950522607538]]]}},{"type":"Feature","properties":{"clues":"HGIMB002024"},"geometry":{"type":"Polygon","coordinates":[[[-99.12866795577007,20.258916007807677],[-99.12664197167089,20.25025878820232],[-99.12872847712673,20.239406333257353],[-99.14077659183054,20.23794246588362],[-99.1494702188129,20.241945124278477],[-99.15372241571406,20.25055681976992],[-99.16639538279195,20.245262692347918],[-99.17202271045487,20.26072348177611],[-99.1641710027093,20.26855097780962],[-99.15421761143921,20.264126220207945],[-99.13771431145125,20.271162564719262],[-99.12866795577007,20.258916007807677]]]}},{"type":"Feature","properties":{"clues":"MCIMB008853"},"geometry":{"type":"Polygon","coordinates":[[[-99.13906029777642,19.78357395049474],[-99.1256877521662,19.79880036702124],[-99.11765316487646,19.795006561392114],[-99.1088029971283,19.783437663072448],[-99.10451033513637,19.78299741816746],[-99.10116266721306,19.78598257739256],[-99.09359585021915,19.785513727752296],[-99.09124249502776,19.782346431688204],[-99.09739153065479,19.77768849013161],[-99.09774964015183,19.770229624774835],[-99.10476636541307,19.769766576529776],[-99.10991638079774,19.7673049483949],[-99.11247333529884,19.759673437766267],[-99.11581296244847,19.755291887351877],[-99.13752370985364,19.7651843026275],[-99.13906029777642,19.78357395049474]]]}},{"type":"Feature","properties":{"clues":"MCIMB007943"},"geometry":{"type":"Polygon","coordinates":[[[-99.06754821657277,19.851924674959054],[-99.07903038850581,19.84943746173679],[-99.09100679930087,19.85217965408148],[-99.0994258176946,19.846798145007828],[-99.10372417096201,19.836622861328607],[-99.11507480882908,19.833738670912105],[-99.13538884895281,19.847892118022422],[-99.12374411599976,19.856252567298625],[-99.11989911751466,19.881000635868194],[-99.10339798393336,19.884983234781327],[-99.09549263090693,19.893275930125228],[-99.06891297942508,19.88756897461399],[-99.07383850380752,19.87130106777249],[-99.06754821657277,19.851924674959054]]]}},{"type":"Feature","properties":{"clues":"HGIMB000706"},"geometry":{"type":"Polygon","coordinates":[[[-98.96900673390228,20.570788339522377],[-99.00373485802129,20.572151579276305],[-99.00619379877844,20.57495466343726],[-99.03077537304421,20.588893232767592],[-99.03449968671598,20.58750796860411],[-99.06081092725586,20.61353526061735],[-99.06020473367919,20.631379688549046],[-99.05653480771097,20.635454769548094],[-99.03920237364149,20.63898098644118],[-99.02333459552536,20.629522200165106],[-99.01660769724568,20.632076014188474],[-99.01232687032679,20.670972849210145],[-98.99479990948336,20.672966942903493],[-98.9916037525212,20.671961974118823],[-98.99700933854447,20.636918953865962],[-98.97056183556514,20.638225629642555],[-98.95589346097938,20.61897395904188],[-98.9526439234373,20.616805899832247],[-98.94583808791675,20.605119718946806],[-98.95264602351438,20.592360650095472],[-98.95399586698025,20.58692846961834],[-98.96900673390228,20.570788339522377]]]}},{"type":"Feature","properties":{"clues":"HGIMB003506"},"geometry":{"type":"Polygon","coordinates":[[[-98.9439855280308,20.73968025133505],[-98.98213192152942,20.72744753974554],[-98.9868364935894,20.73553242792361],[-98.986027170139,20.742044281158766],[-98.9875199459608,20.751186392088783],[-99.01032815807231,20.77560455030542],[-99.0107068047619,20.777529863495335],[-99.0264103884812,20.791813602424693],[-99.02626032145137,20.800551912482472],[-99.03033795227944,20.80933447233056],[-99.00865303869135,20.836487388064675],[-99.00754209717074,20.84597515469081],[-98.98966313996078,20.854707179276744],[-98.96761089058603,20.842045998328285],[-98.96766083429556,20.838997518975713],[-98.97935853812257,20.821726173190942],[-98.98902844290697,20.811913736227453],[-98.98966761681349,20.808977730827593],[-98.98681084487971,20.793783776099037],[-98.98013181804173,20.791317436062574],[-98.97350721360661,20.781884676599695],[-98.9739329482479,20.76494706607983],[-98.94549653927874,20.770112155033857],[-98.93210360691171,20.761597546455288],[-98.93166660815639,20.75601598033932],[-98.9439855280308,20.73968025133505]]]}},{"type":"Feature","properties":{"clues":"SCCSA001330"},"geometry":{"type":"Polygon","coordinates":[[[-98.95210868339923,20.278195060224853],[-98.95250848049959,20.27434711022681],[-98.95826021093029,20.269272121371497],[-98.96345654398506,20.274672029565636],[-98.96373878993585,20.279890436126713],[-98.98388726145296,20.27767542328394],[-98.98795986698063,20.284524907015776],[-98.98778088408,20.286819411014513],[-98.98522044815904,20.29074117489664],[-98.96671235837742,20.300604261796003],[-98.96218976946378,20.296160250849447],[-98.96248112926102,20.281677257875167],[-98.95210868339923,20.278195060224853]]]}},{"type":"Feature","properties":{"clues":"HGIMB000880"},"geometry":{"type":"Polygon","coordinates":[[[-98.92524462233467,21.14193300208849],[-98.93164834686925,21.13310435253839],[-98.94432920642481,21.133361817188366],[-98.94568795931347,21.143715470138236],[-98.94989237835374,21.150975465956225],[-98.94981708780075,21.161155852455344],[-98.94733194456988,21.162290292118552],[-98.94451728031643,21.16657897268779],[-98.93804243422436,21.16768677080477],[-98.93554657711353,21.17802701735609],[-98.9369609599518,21.198887290424587],[-98.93936342256261,21.205099880419894],[-98.92253095836675,21.220090324945307],[-98.9225971862981,21.205407667949814],[-98.91543263005228,21.192911805615527],[-98.91155497957527,21.19749832391761],[-98.89795750555461,21.20570659772121],[-98.89504592328082,21.20114779808767],[-98.89138206979091,21.19947435151855],[-98.8872259165057,21.189892656597763],[-98.88817810228507,21.181573786594534],[-98.89536979417463,21.178944793593516],[-98.88801744067264,21.16671770054888],[-98.89400064765104,21.15211782336985],[-98.89382882731198,21.14777200502165],[-98.89811886430616,21.14232104206142],[-98.92524462233467,21.14193300208849]]]}},{"type":"Feature","properties":{"clues":"HGIMS002136"},"geometry":{"type":"Polygon","coordinates":[[[-98.88282318593929,20.93488092443308],[-98.88660585956626,20.931885163681475],[-98.8948414151445,20.930609150366358],[-98.90545293934575,20.933658635490886],[-98.91062455081541,20.942600526865395],[-98.91814385758751,20.948150982439245],[-98.93174510568966,20.967767430462814],[-98.9327292148755,20.97183467216403],[-98.90656143227034,20.971397954061267],[-98.90087659085043,20.967737416201658],[-98.87793907823463,20.977798370571133],[-98.8739693174603,20.98721850700644],[-98.87168905336473,20.987488069503343],[-98.85342545187437,20.9652737255243],[-98.8558492178879,20.954320275820194],[-98.8761587119297,20.951014614711443],[-98.8788049897171,20.94793925030893],[-98.88282318593929,20.93488092443308]]]}},{"type":"Feature","properties":{"clues":"HGIMB000390"},"geometry":{"type":"Polygon","coordinates":[[[-98.86993924120371,20.235202564268306],[-98.88363523094255,20.231386247279485],[-98.89356786218356,20.236957159039754],[-98.89925466660989,20.257699952823458],[-98.91177157073311,20.26710381556453],[-98.91496232415122,20.27907049262171],[-98.91388091998863,20.284841945486605],[-98.92205700932432,20.30291972753481],[-98.9209559677626,20.30514343373172],[-98.8899537935297,20.306055963322677],[-98.88642592738061,20.309559191589827],[-98.87009315349292,20.30057534872269],[-98.86495033211781,20.27963539596855],[-98.87005315649996,20.273179059855718],[-98.87827810565938,20.26841102850141],[-98.86993924120371,20.235202564268306]]]}},{"type":"Feature","properties":{"clues":"HGIMB000402"},"geometry":{"type":"Polygon","coordinates":[[[-98.90471297973815,20.208436956343494],[-98.90169514101616,20.213675592811846],[-98.89405627311882,20.217546750482096],[-98.88865256014348,20.218195932200324],[-98.88363523094255,20.231386247279485],[-98.86993924120371,20.235202564268306],[-98.86698219213066,20.23403211856633],[-98.85517632307044,20.214836121046403],[-98.85494945463998,20.209247617902122],[-98.86793929457558,20.186466486020603],[-98.88232835173685,20.19627281200771],[-98.8945005581406,20.195939365629876],[-98.89912703164923,20.190221489801512],[-98.90565083747966,20.186949279630362],[-98.92397509750332,20.18801075260201],[-98.92333950891782,20.195009013709235],[-98.90989888728647,20.207877687020847],[-98.90471297973815,20.208436956343494]]]}},{"type":"Feature","properties":{"clues":"MCIMB010014"},"geometry":{"type":"Polygon","coordinates":[[[-98.8906327687368,19.674193292690845],[-98.89322269027235,19.68968985748603],[-98.88881707620456,19.689728916705178],[-98.882347712487,19.700873651448028],[-98.88052218253176,19.697564409726578],[-98.88096801573415,19.690601630217923],[-98.88378052288495,19.68760978431223],[-98.88162262152915,19.677730907682992],[-98.88755605974775,19.67229797348759],[-98.8906327687368,19.674193292690845]]]}},{"type":"Feature","properties":{"clues":"HGIMB003074"},"geometry":{"type":"Polygon","coordinates":[[[-98.85394262833101,20.99744357809001],[-98.83276484956657,20.99106245828021],[-98.8349555825839,20.976155562741617],[-98.85342545187437,20.9652737255243],[-98.87168905336473,20.987488069503343],[-98.85394262833101,20.99744357809001]]]}},{"type":"Feature","properties":{"clues":"SCCSA001460"},"geometry":{"type":"Polygon","coordinates":[[[-98.83783869997089,20.027839646967386],[-98.83841071801895,20.021902686273208],[-98.84327460382049,20.019910486698787],[-98.85277696435112,20.01055327093296],[-98.85870100213315,20.01242812530301],[-98.86645043897629,20.02253139977567],[-98.8477161500453,20.03035379493263],[-98.84471731602629,20.04172015164985],[-98.8529434814459,20.049906628356272],[-98.84771575974538,20.06569942671941],[-98.83110374105001,20.056598341506305],[-98.82992393560248,20.045946826757337],[-98.83124373508804,20.039788955151696],[-98.83475268040971,20.035789758655746],[-98.83938422384348,20.034175577397146],[-98.84091639760325,20.03096975417935],[-98.83783869997089,20.027839646967386]]]}},{"type":"Feature","properties":{"clues":"SCCSA001221"},"geometry":{"type":"Polygon","coordinates":[[[-98.76642853913519,19.706679554228508],[-98.77184712033333,19.711023820814404],[-98.77774559639342,19.71045191283141],[-98.78045457601888,19.716109254995665],[-98.7751129152078,19.725966189566375],[-98.76553575107538,19.722332979230845],[-98.76389996077599,19.720325317786763],[-98.75980909544812,19.72111334521317],[-98.74728473620746,19.738734946854443],[-98.7454187486866,19.738278380886353],[-98.7410974003978,19.73137008733897],[-98.73470752880239,19.72799372798128],[-98.74006982209971,19.718528748246147],[-98.73683656248706,19.71186949196793],[-98.73842329151861,19.70942911768358],[-98.74468848317723,19.706528500239873],[-98.75268095295166,19.712995694208836],[-98.75852846989233,19.708707636378097],[-98.76642853913519,19.706679554228508]]]}},{"type":"Feature","properties":{"clues":"HGIMB001756"},"geometry":{"type":"Polygon","coordinates":[[[-98.68564383216554,20.84480587442867],[-98.69553548238663,20.82414411095343],[-98.70596287701584,20.8176405412072],[-98.70775091514167,20.811878233807835],[-98.7163702971706,20.80829413079174],[-98.741449259597,20.818788864914392],[-98.74280488017004,20.82490196772126],[-98.74810927076268,20.827678468710477],[-98.75488898537678,20.839108487133487],[-98.75212486508143,20.850830934655512],[-98.75551163644874,20.861600640534405],[-98.74374515638408,20.86723425936062],[-98.73771643192715,20.86571753580703],[-98.7266191362071,20.867488061061593],[-98.71732517922321,20.861366889652814],[-98.71020603537109,20.860549162181606],[-98.70137448570857,20.85714363096308],[-98.69704481826011,20.85051787194975],[-98.68564383216554,20.84480587442867]]]}},{"type":"Feature","properties":{"clues":"HGIMB001761"},"geometry":{"type":"Polygon","coordinates":[[[-98.67581961467083,20.84824366366258],[-98.68564383216554,20.84480587442867],[-98.69704481826011,20.85051787194975],[-98.70137448570857,20.85714363096308],[-98.71020603537109,20.860549162181606],[-98.71732517922321,20.861366889652814],[-98.7266191362071,20.867488061061593],[-98.73771643192715,20.86571753580703],[-98.74374515638408,20.86723425936062],[-98.74627965734007,20.899303088193466],[-98.74240586577588,20.90050005738097],[-98.73476684274243,20.897657062776467],[-98.72255959293277,20.889481915106536],[-98.7213425083053,20.88374697082561],[-98.71074386261898,20.877546172745813],[-98.70130015899979,20.87440645632125],[-98.68865679781665,20.892578805761644],[-98.66466849045666,20.906996868424166],[-98.6609691803075,20.89415907442642],[-98.67588843551748,20.86027456001493],[-98.67581961467083,20.84824366366258]]]}},{"type":"Feature","properties":{"clues":"HGIMB004631"},"geometry":{"type":"Polygon","coordinates":[[[-98.68338778209795,20.11675662338376],[-98.68433516035991,20.12797707360342],[-98.69607180390965,20.13115983832709],[-98.70290264436512,20.136867206772852],[-98.71391416409571,20.162235724559874],[-98.71481372543506,20.178360555053942],[-98.69732343372556,20.167986600276976],[-98.68556312292316,20.169966917857195],[-98.67865835740217,20.183733042358256],[-98.67177794328664,20.177715692682593],[-98.66399136085924,20.174588348031286],[-98.66242978815671,20.168016009319842],[-98.65641730416053,20.161012826745168],[-98.66079758268181,20.156151522180487],[-98.66512496855694,20.15968770150471],[-98.665828923196,20.16276213045952],[-98.67183539350751,20.159649003783343],[-98.67249173060387,20.151130245133476],[-98.66046437001279,20.144414454262446],[-98.65333235677919,20.152327764250483],[-98.65205008347688,20.158622630693376],[-98.64647742535792,20.16110657186955],[-98.6421560038978,20.160258023665257],[-98.64395629938996,20.15028896752923],[-98.64315947336458,20.14358097000807],[-98.63298760155607,20.134871943870422],[-98.62436741525357,20.13722105020164],[-98.61081364144967,20.13583989364501],[-98.60246057104199,20.126406121605864],[-98.62235026459082,20.11305331354899],[-98.62145789658189,20.10632869659698],[-98.62418848324306,20.09483213289932],[-98.6400340263598,20.091170411208925],[-98.6534387096994,20.10620697207802],[-98.66254382814485,20.108368464185983],[-98.66398658391782,20.10763751983356],[-98.68338778209795,20.11675662338376]]]}},{"type":"Feature","properties":{"clues":"SCCSA001457"},"geometry":{"type":"Polygon","coordinates":[[[-98.70359124640154,20.571552819002925],[-98.6955429735742,20.58631217803616],[-98.68815466050177,20.5929369046838],[-98.68077198980352,20.594782186538833],[-98.67536119055802,20.593836984876106],[-98.65123875257602,20.573746960349446],[-98.65259338148584,20.56907564644728],[-98.67323277153798,20.55357206957048],[-98.6795306158918,20.552690767067713],[-98.69486480497663,20.558990779667987],[-98.70359124640154,20.571552819002925]]]}},{"type":"Feature","properties":{"clues":"HGIMB000513"},"geometry":{"type":"Polygon","coordinates":[[[-98.67173228226423,20.350630957984677],[-98.66379754502198,20.349180184948253],[-98.6508165040187,20.318625032523826],[-98.66171196432165,20.309469033550936],[-98.66498448787623,20.30989576165428],[-98.68304866892785,20.333732833715896],[-98.676475286834,20.346045462148513],[-98.67173228226423,20.350630957984677]]]}},{"type":"Feature","properties":{"clues":"HGIMB004853"},"geometry":{"type":"Polygon","coordinates":[[[-98.65648371184027,20.532334678450667],[-98.66448234213502,20.53686878556032],[-98.67323277153798,20.55357206957048],[-98.65259338148584,20.56907564644728],[-98.624120167373,20.54823725605134],[-98.62117766095278,20.548131026614207],[-98.61599271504828,20.53856259466687],[-98.61554749165157,20.53204040592095],[-98.61368896731962,20.528813153846077],[-98.61768411888116,20.522601431155085],[-98.61767580479554,20.499288273183698],[-98.60320470407,20.49737128870028],[-98.59463120206709,20.488316290247344],[-98.60316648719248,20.46980014354835],[-98.64273684203731,20.489535670458572],[-98.64491642023692,20.48749779985138],[-98.66725589313903,20.493415045480585],[-98.67197406070802,20.49757537506233],[-98.65933018566993,20.519127684882722],[-98.65711526474597,20.5196803846751],[-98.65648371184027,20.532334678450667]]]}},{"type":"Feature","properties":{"clues":"HGIMS001540"},"geometry":{"type":"Polygon","coordinates":[[[-98.65114545958349,21.163973202230586],[-98.6615979496001,21.168176879520782],[-98.66616808145587,21.173519499677226],[-98.67667812083612,21.179478106664476],[-98.67155814786008,21.18617199793743],[-98.65855019951746,21.19280249465145],[-98.65265815134079,21.19010255873226],[-98.63866824034328,21.189789765008534],[-98.63477573090324,21.182238514457648],[-98.63669596312678,21.1767320566976],[-98.63960023106996,21.174207377079068],[-98.6443004022829,21.173282467657074],[-98.65114545958349,21.163973202230586]]]}},{"type":"Feature","properties":{"clues":"HGIMS001301"},"geometry":{"type":"Polygon","coordinates":[[[-98.55818105367139,20.58886326793567],[-98.53568361953934,20.61377459954262],[-98.52980065256112,20.615159200359134],[-98.51001742631905,20.59770527679285],[-98.5305403155811,20.56188617301678],[-98.53085960376708,20.55353484880434],[-98.54753334487047,20.550521971417133],[-98.57277496955716,20.566097948488647],[-98.56717573934787,20.587013360232],[-98.55818105367139,20.58886326793567]]]}},{"type":"Feature","properties":{"clues":"HGIMS000992"},"geometry":{"type":"Polygon","coordinates":[[[-98.53384265055645,21.06855514898602],[-98.53811632921987,21.06626632112406],[-98.53994472209429,21.063417621689492],[-98.54505095366223,21.07027168369964],[-98.54220883175121,21.074434629527207],[-98.55096898954837,21.089786575657833],[-98.54216535643364,21.089888078552363],[-98.53306687173406,21.098302356706434],[-98.52942954991418,21.09882955557327],[-98.52584972276253,21.093580549435842],[-98.5239968044849,21.093096306028635],[-98.52153552539941,21.09783663024885],[-98.51731012625426,21.096253121681176],[-98.51653957320023,21.090856988204393],[-98.52409597877717,21.08929576722113],[-98.5250667848424,21.085435674564163],[-98.52799537595796,21.082752663053128],[-98.52855532382732,21.076589723319692],[-98.5201004434621,21.069129151875696],[-98.52428018322793,21.064098435528496],[-98.52861615965917,21.06524849821332],[-98.53037218118092,21.07428582574241],[-98.53384265055645,21.06855514898602]]]}},{"type":"Feature","properties":{"clues":"HGIMS000876"},"geometry":{"type":"Polygon","coordinates":[[[-98.4975573354063,21.006997289669798],[-98.48579988262858,21.001776919567643],[-98.48403550085017,20.994992791929555],[-98.49266786216499,20.981970791818338],[-98.4992074364081,20.981932275003125],[-98.52937453475494,20.991451903222313],[-98.53122785057116,20.994909492876683],[-98.51109323806544,21.00866239990758],[-98.4975573354063,21.006997289669798]]]}},{"type":"Feature","properties":{"clues":"VZIMB008876"},"geometry":{"type":"Polygon","coordinates":[[[-98.45802450343876,20.509198880973877],[-98.47478468595625,20.513133499710538],[-98.486193864435,20.49313536208885],[-98.49120241788381,20.497711965381892],[-98.49505506453002,20.516867313355927],[-98.51204236274975,20.527735537826057],[-98.49382963528006,20.53489519559323],[-98.49224476183869,20.54097995363233],[-98.48402711771472,20.544835771912357],[-98.48064182408353,20.55356588741472],[-98.48014854060024,20.56469752131703],[-98.47402872478675,20.56466002389345],[-98.45945380145429,20.571858166514076],[-98.4557975231623,20.576529803554262],[-98.4539523262876,20.59284493464032],[-98.44607409168276,20.602851085070313],[-98.42598622709369,20.595638182602915],[-98.42294404857574,20.573218971172757],[-98.41673804389939,20.56873143400262],[-98.41859519238491,20.556015950235714],[-98.40836730985696,20.534991163448318],[-98.4299474740544,20.535378340231155],[-98.44048798015405,20.528467374735143],[-98.44507468906889,20.51690015770133],[-98.45266376291956,20.514746511486138],[-98.45802450343876,20.509198880973877]]]}},{"type":"Feature","properties":{"clues":"VZIMS003195"},"geometry":{"type":"Polygon","coordinates":[[[-98.46232804414574,20.40325409465516],[-98.4682755839008,20.404706361445538],[-98.46194201221036,20.421660195500596],[-98.47104376138186,20.43956195971271],[-98.46988897348662,20.445369414730493],[-98.45909827875293,20.4538142533873],[-98.44421115192453,20.457309695712443],[-98.42891331151742,20.474334705014257],[-98.39805338414402,20.47052508628557],[-98.3966351365225,20.463358153597223],[-98.4032046920853,20.446018642419375],[-98.38414497909507,20.43531823396578],[-98.38528670352814,20.422563278074104],[-98.39588777780916,20.41115647736901],[-98.4173460892148,20.413866484387764],[-98.41995035081716,20.411939198234183],[-98.42171597770596,20.39709370670913],[-98.43969463972017,20.38028674725879],[-98.44647067192454,20.401720431663726],[-98.45807722687255,20.404426517240324],[-98.46232804414574,20.40325409465516]]]}},{"type":"Feature","properties":{"clues":"SCCSA001429"},"geometry":{"type":"Polygon","coordinates":[[[-98.45804729483628,19.81840142522525],[-98.46621956414339,19.843206399536562],[-98.49361590571199,19.86370722753207],[-98.4788920455412,19.871003529560458],[-98.46340017544037,19.894985339604624],[-98.4698997985653,19.908840199266198],[-98.46772568115557,19.92265486656881],[-98.46382612032363,19.924483750010975],[-98.43331896308383,19.918783037517905],[-98.43505138410197,19.907381300872142],[-98.42228918907408,19.886373558626453],[-98.41233129065421,19.85016507200205],[-98.41699110379216,19.847803374343798],[-98.43554318867241,19.850652816977846],[-98.43975358339044,19.848422086594464],[-98.44614392376988,19.840743098319393],[-98.4471372312698,19.828265725423975],[-98.45804729483628,19.81840142522525]]]}},{"type":"Feature","properties":{"clues":"HGIMB000274"},"geometry":{"type":"Polygon","coordinates":[[[-98.4446097485089,20.340296493509165],[-98.45324888558905,20.353170769050745],[-98.43845187105303,20.373612871649804],[-98.42446495298292,20.36635641482231],[-98.42268526213184,20.35444973335517],[-98.40683939654042,20.35096821283998],[-98.41576638874312,20.33384509875893],[-98.43461854728953,20.308868078382837],[-98.44000961843875,20.31091124483497],[-98.4446097485089,20.340296493509165]]]}},{"type":"Feature","properties":{"clues":"HGIMS001762"},"geometry":{"type":"Polygon","coordinates":[[[-98.38961217731521,20.036853542059614],[-98.3849189819194,20.02206263165533],[-98.40418397887818,20.00265494496865],[-98.40860103477955,20.006836250083882],[-98.434207855281,20.01385355036262],[-98.43532895644923,20.032698068059048],[-98.44348522125901,20.040170224081205],[-98.4430721716365,20.060468896243734],[-98.44159535037225,20.06197730141195],[-98.43543466191761,20.063202714563353],[-98.42965757143241,20.059301391775648],[-98.42451338943458,20.04825893235605],[-98.42392486091603,20.04075601483806],[-98.41535833873233,20.041826965406667],[-98.41110882076563,20.057361322988132],[-98.39543978179863,20.04912452951342],[-98.3967056650885,20.039908777943264],[-98.38961217731521,20.036853542059614]]]}},{"type":"Feature","properties":{"clues":"HGIMB003984"},"geometry":{"type":"Polygon","coordinates":[[[-98.37859361088262,20.92168162623584],[-98.37673610700274,20.90884230111783],[-98.38011993311036,20.9011984466592],[-98.39851722043645,20.898645663025224],[-98.406542489066,20.894727822493593],[-98.4052798033363,20.922702581942044],[-98.39550589009664,20.925766707237],[-98.38690775357985,20.921699785634956],[-98.37859361088262,20.92168162623584]]]}},{"type":"Feature","properties":{"clues":"VZIMB007172"},"geometry":{"type":"Polygon","coordinates":[[[-98.36329193809567,20.430703157431783],[-98.36640380117352,20.418751114644078],[-98.37428995603842,20.416650173650734],[-98.38528670352814,20.422563278074104],[-98.38414497909507,20.43531823396578],[-98.38007939057988,20.437817118110182],[-98.37806601049161,20.441050805879602],[-98.37527514473038,20.454195980756808],[-98.35734528707802,20.453848004093135],[-98.35081372844611,20.463509029420422],[-98.35333767905232,20.47736215503979],[-98.33176259919821,20.481716410689078],[-98.32583814240276,20.47120869214881],[-98.32971945608105,20.463427440030706],[-98.31068567941922,20.446504897982525],[-98.30918139652121,20.446676874203277],[-98.29632626650665,20.427956528762238],[-98.29760148748663,20.42468763554921],[-98.306978952677,20.421403665283382],[-98.32281530745462,20.407917303897726],[-98.33246539512382,20.411661046365413],[-98.3451521892073,20.404004494093094],[-98.35106745657338,20.406511723772706],[-98.35463732603651,20.41352436082016],[-98.3531437863524,20.42665076539193],[-98.35768134704689,20.431722719727276],[-98.36329193809567,20.430703157431783]]]}},{"type":"Feature","properties":{"clues":"TLIMB000893"},"geometry":{"type":"Polygon","coordinates":[[[-98.29653752371944,19.554738375597356],[-98.32098108257509,19.55424404163806],[-98.32983776553057,19.56892976792713],[-98.33171483244392,19.57846296056533],[-98.34143324984011,19.583135135149533],[-98.36731538933036,19.590656732971336],[-98.37410857750888,19.598818041149002],[-98.36958601251334,19.61803534390375],[-98.35225184479414,19.62599261012122],[-98.33999151964335,19.62264466199447],[-98.33351595985789,19.632529383773395],[-98.3261789050409,19.63282109985871],[-98.29834815292465,19.62592275184129],[-98.28969841032529,19.615825516615427],[-98.29142133074028,19.592477425853556],[-98.28876139411044,19.58712580464243],[-98.29653752371944,19.554738375597356]]]}},{"type":"Feature","properties":{"clues":"HGIMB004252"},"geometry":{"type":"Polygon","coordinates":[[[-98.3040578297582,21.16504214064317],[-98.32392098551365,21.1554619517044],[-98.32853176436926,21.15454694942023],[-98.32967318863446,21.169333378284637],[-98.33325584413835,21.17266215080467],[-98.33464405741614,21.183444835639566],[-98.3234489067476,21.190624132146944],[-98.30900223241187,21.173977099427198],[-98.3040578297582,21.16504214064317]]]}},{"type":"Feature","properties":{"clues":"VZIMS006671"},"geometry":{"type":"Polygon","coordinates":[[[-98.24396855222064,20.71100658201823],[-98.26457355792554,20.70680143383192],[-98.27246176003312,20.707953515780968],[-98.29986304480991,20.71684717664819],[-98.30211199243683,20.726299056316268],[-98.2968479061751,20.7425915599626],[-98.28375268449963,20.74783865083842],[-98.27243104444487,20.74791945693594],[-98.25391608194627,20.755534642306806],[-98.24607297255561,20.7485459924863],[-98.22809052788104,20.747120804158182],[-98.21354755365735,20.761937809305184],[-98.21212275769496,20.761253780471037],[-98.2089696050265,20.756350317191995],[-98.20682971680885,20.748378674077077],[-98.19253694028164,20.73370660383799],[-98.1960544848808,20.72924178211391],[-98.21523283697265,20.725594980976712],[-98.22436855354587,20.719840533846998],[-98.2421542933044,20.7128549210985],[-98.24396855222064,20.71100658201823]]]}},{"type":"Feature","properties":{"clues":"HGIMB001213"},"geometry":{"type":"Polygon","coordinates":[[[-98.31215144356925,21.11402021142876],[-98.28007403538393,21.124891616122987],[-98.27713924698187,21.130048618659703],[-98.26734352769823,21.12816701973806],[-98.25297748381145,21.13602690379748],[-98.24239773946546,21.12965856501057],[-98.2517914849553,21.119284172793453],[-98.24815479060418,21.10764209518018],[-98.25240258440733,21.101263235454795],[-98.2580499325236,21.097812078272604],[-98.27777220533537,21.095091764781323],[-98.28140474723156,21.08624129047134],[-98.28468155171412,21.08317163788215],[-98.30275453723227,21.077098430904947],[-98.31215144356925,21.11402021142876]]]}},{"type":"Feature","properties":{"clues":"VZIMS002553"},"geometry":{"type":"Polygon","coordinates":[[[-98.23416620786439,21.160074541277762],[-98.2296218028615,21.15540686872195],[-98.2263870678898,21.136723429644277],[-98.24239773946546,21.12965856501057],[-98.25297748381145,21.13602690379748],[-98.26734352769823,21.12816701973806],[-98.27713924698187,21.130048618659703],[-98.30060300700637,21.150751682030176],[-98.29931183463228,21.160329724438814],[-98.26801657462116,21.172324679496256],[-98.26184223981076,21.167978388646628],[-98.24661800589425,21.16229124394256],[-98.23416620786439,21.160074541277762]]]}},{"type":"Feature","properties":{"clues":"SCCSA003253"},"geometry":{"type":"Polygon","coordinates":[[[-98.0771198880031,21.25166948749035],[-98.09688734798777,21.26018291832714],[-98.11568206348966,21.252690069750177],[-98.12344704142596,21.257318075144518],[-98.12582460868104,21.26038143787416],[-98.13703585690983,21.260981765838466],[-98.14325624879935,21.270684403118278],[-98.13524893471902,21.288572080601707],[-98.12436435515498,21.28950672495753],[-98.09836734177074,21.303515556699857],[-98.09160184849806,21.296090556123424],[-98.08554266685556,21.293630260763724],[-98.08351193116305,21.29007862876713],[-98.06713221395574,21.275018575675585],[-98.06352276239994,21.265973808332088],[-98.06611303826064,21.23870004465735],[-98.0771198880031,21.25166948749035]]]}},{"type":"Feature","properties":{"clues":"PLIMS001933"},"geometry":{"type":"Polygon","coordinates":[[[-98.01132787373714,19.66147426953467],[-98.00678894832203,19.67004063264795],[-98.00099174575723,19.67453243861515],[-98.0001751047848,19.678535733720654],[-97.99699295750884,19.67998508242468],[-97.98808217988108,19.675549718648373],[-97.98310806858235,19.67906192695096],[-97.97173534711473,19.675722627473316],[-97.96524156296503,19.67845742222841],[-97.95403593216054,19.668740446079866],[-97.95060031077402,19.667644779116475],[-97.94722354473205,19.649334739753108],[-97.95562188808759,19.643845216187316],[-97.96631201761242,19.646826699013697],[-97.97222408967617,19.651832368732823],[-98.00457178302251,19.63674115544536],[-98.0111184107391,19.62884458331129],[-98.01190188527842,19.62594645939784],[-98.02947446590123,19.619021489305087],[-98.03482176825938,19.623022662885894],[-98.04191779445813,19.63236964531429],[-98.0615238309374,19.636068726790338],[-98.06445254734615,19.649385257095727],[-98.06932131590995,19.66037214778409],[-98.06386332828741,19.674638197440935],[-98.05235913840679,19.683293251044123],[-98.04618886018201,19.68516186572379],[-98.0338120569789,19.670011088525683],[-98.02907047104443,19.661387926426606],[-98.01132787373714,19.66147426953467]]]}},{"type":"Feature","properties":{"clues":"VZIMS002746"},"geometry":{"type":"Polygon","coordinates":[[[-97.9992883258751,21.091057126112553],[-98.00108282291484,21.108650845955754],[-98.0064512896848,21.11844840963495],[-97.98172361035311,21.135762620985442],[-97.97290234594799,21.154393877853632],[-97.94779079421554,21.14604766812808],[-97.95503311624549,21.12758677940146],[-97.92713620014533,21.111134390601084],[-97.927027406427,21.106842422237513],[-97.91756154418488,21.089748556207475],[-97.91070479396389,21.051882137261888],[-97.9120824781147,21.046661962411967],[-97.93248495502237,21.035386180728143],[-97.94243789381598,21.04213440893455],[-97.94984898811042,21.04360559236199],[-97.9592250833322,21.036315046940206],[-97.9760023571568,21.052794936822504],[-97.98074703000178,21.049704891527284],[-97.99955327678333,21.064708715332035],[-97.99861118901272,21.074487371172246],[-98.00137442194611,21.084141364680434],[-97.9992883258751,21.091057126112553]]]}},{"type":"Feature","properties":{"clues":"NTIMB000744"},"geometry":{"type":"Polygon","coordinates":[[[-105.2851476918348,21.7003812310031],[-105.27262184566914,21.682593832473227],[-105.28837617189967,21.65533709339232],[-105.29734247062277,21.667300973845965],[-105.31536741509215,21.68072909085078],[-105.31662316331258,21.68385513324059],[-105.32599406211726,21.687912663719167],[-105.33504412263645,21.700028504315984],[-105.33176570008611,21.703196886729216],[-105.31134375659838,21.71425734372125],[-105.29975946336931,21.70246102878396],[-105.2851476918348,21.7003812310031]]]}},{"type":"Feature","properties":{"clues":"NTIMB000773"},"geometry":{"type":"Polygon","coordinates":[[[-105.31098015583979,21.717475609786863],[-105.29888811522338,21.729073686775532],[-105.29804541336502,21.736451575139967],[-105.291809926398,21.74243210997493],[-105.26994018955614,21.750743841963693],[-105.2591185438129,21.733582102495177],[-105.26039968998994,21.729760907424357],[-105.25888135099805,21.710523319222368],[-105.27955791851456,21.709307050544886],[-105.2851476918348,21.7003812310031],[-105.29975946336931,21.70246102878396],[-105.31019510072665,21.711984990876246],[-105.31098015583979,21.717475609786863]]]}},{"type":"Feature","properties":{"clues":"NTIMB000662"},"geometry":{"type":"Polygon","coordinates":[[[-105.28618781945384,22.09210818398261],[-105.28182823263852,22.154762907883423],[-105.26396857924406,22.1471968294846],[-105.24755624192203,22.13265194320063],[-105.24015146116662,22.112553421076104],[-105.25153307112754,22.090673782981877],[-105.26686777562867,22.073661985213768],[-105.28392489576889,22.08365731454012],[-105.28618781945384,22.09210818398261]]]}},{"type":"Feature","properties":{"clues":"SCCSA001675"},"geometry":{"type":"Polygon","coordinates":[[[-105.28567315437559,21.943655110269727],[-105.28196039928454,21.946697336118604],[-105.27624999412167,21.95876757892514],[-105.25980843842358,21.961466660845367],[-105.25768663124167,21.958756920836787],[-105.26340181950043,21.9429615898144],[-105.27326414193507,21.928969587038885],[-105.27632169458967,21.919972615616373],[-105.30911559722054,21.899430194335366],[-105.29499820845703,21.938096196274504],[-105.29599498660359,21.940186777583058],[-105.29322605909691,21.945200472895227],[-105.28567315437559,21.943655110269727]]]}},{"type":"Feature","properties":{"clues":"NTIMB002610"},"geometry":{"type":"Polygon","coordinates":[[[-105.1863708332684,21.728435181416895],[-105.18688012296467,21.720669965441147],[-105.19754874152703,21.718161119079657],[-105.2016711338904,21.718423655914645],[-105.23111000563124,21.731130361943368],[-105.23574696149936,21.73080364733138],[-105.23793581505214,21.736678991499755],[-105.24664495443054,21.74175030367585],[-105.24317256229531,21.748542527883863],[-105.24146334295689,21.762543993224575],[-105.23811456545705,21.773994957949604],[-105.2218674714729,21.78068208440465],[-105.20967211370181,21.774751025235133],[-105.20120388006268,21.750117448561603],[-105.19496983019964,21.739146315116525],[-105.1863708332684,21.728435181416895]]]}},{"type":"Feature","properties":{"clues":"NTIMB000440"},"geometry":{"type":"Polygon","coordinates":[[[-105.05990020610821,21.471548483574324],[-105.02808123438807,21.479968316461267],[-105.01677749649643,21.48010961588144],[-105.00824175360646,21.499151159636835],[-104.98849455681658,21.50132268846878],[-104.97497178787381,21.49891041344921],[-104.96522931696957,21.492378608501937],[-104.9550861838257,21.478781127234978],[-104.95384482128176,21.470466221475515],[-104.95793489804338,21.465383866537596],[-104.99271051546725,21.44697431790563],[-105.01317306041025,21.416733615551806],[-105.01973684672156,21.41817933567622],[-105.06384183026282,21.46320563007569],[-105.05990020610821,21.471548483574324]]]}},{"type":"Feature","properties":{"clues":"NTIMS000803"},"geometry":{"type":"Polygon","coordinates":[[[-104.93127177821182,22.035334706291835],[-104.92513400741116,22.053502923277758],[-104.92951993421576,22.05357819052425],[-104.95689662137802,22.063574070992516],[-104.98095118560043,22.09314095162829],[-104.98447596610715,22.09551273851901],[-104.98634549926281,22.10904910968187],[-104.95205125920124,22.148670713076523],[-104.94120392384788,22.142074665399758],[-104.89972112033293,22.130209708971734],[-104.88027341450436,22.115543843156985],[-104.86375466062931,22.12016613694868],[-104.85337002616868,22.09774355240617],[-104.8548008669102,22.091185093045095],[-104.86689979057697,22.082465458833266],[-104.86935942067387,22.075450757756865],[-104.87731567742858,22.069920507630787],[-104.88490025852171,22.073669457407796],[-104.90485895957548,22.06733926516584],[-104.90860660361723,22.0562102610116],[-104.9127583706203,22.054675081209272],[-104.91749053398141,22.03591824217524],[-104.92074263104529,22.032935174864257],[-104.93127177821182,22.035334706291835]]]}},{"type":"Feature","properties":{"clues":"NTIMB001251"},"geometry":{"type":"Polygon","coordinates":[[[-104.84880265079686,21.483217699695608],[-104.8533449715563,21.485985914881894],[-104.85773223345224,21.482963728752743],[-104.8606211112717,21.48969080587979],[-104.87167634750435,21.495735241324844],[-104.87808131447801,21.48927222695231],[-104.88139301834036,21.490688104970666],[-104.88355358526846,21.495537863469142],[-104.88288134954168,21.497270484722968],[-104.87867455822524,21.497315418103568],[-104.87529707592135,21.501306564865263],[-104.87615671338027,21.503086555750233],[-104.87467261166768,21.505924313969373],[-104.87101350432582,21.506481592206296],[-104.86289705601928,21.502295765647062],[-104.86056571909451,21.503029093072243],[-104.8544508313627,21.501153239007028],[-104.846108620232,21.503815873931305],[-104.83948029204095,21.51152624245219],[-104.83700601787022,21.507435139679696],[-104.83705074960247,21.49580252216383],[-104.83500752012567,21.49337150076349],[-104.83142439354653,21.493936933459786],[-104.82431360035645,21.48970542883513],[-104.82499472428019,21.486398935603937],[-104.82139463825459,21.475311768073645],[-104.8229455193553,21.474284634011322],[-104.82964532803375,21.479132899586347],[-104.83375543447943,21.47965525647833],[-104.83603230281264,21.481597007325867],[-104.84121684035351,21.481722979754423],[-104.8455902105333,21.484068947903694],[-104.84880265079686,21.483217699695608]]]}},{"type":"Feature","properties":{"clues":"NTIMS001252"},"geometry":{"type":"Polygon","coordinates":[[[-104.7424249243294,21.883076830668887],[-104.76075667166636,21.8922402267796],[-104.7652980711512,21.898285900951564],[-104.76884317424341,21.900255662103262],[-104.77124315524047,21.91182479113973],[-104.75427922952126,21.945646413124493],[-104.7350726642623,21.940189397414507],[-104.72394167766312,21.93858929422305],[-104.70395715646696,21.947343149623766],[-104.66376796644941,21.956035976988524],[-104.60573314920546,21.941050142020234],[-104.60344684216672,21.93134940973873],[-104.60315168332333,21.89314506228276],[-104.6142609138979,21.883956723951606],[-104.64755510438502,21.839645126815192],[-104.65984340934985,21.845280413792572],[-104.69173781130678,21.877807855808083],[-104.71004460040152,21.877218720297087],[-104.71862726969805,21.858807025956636],[-104.7451773136805,21.842682907795453],[-104.74583838264405,21.872115976221416],[-104.7424249243294,21.883076830668887]]]}},{"type":"Feature","properties":{"clues":"NTIMB000201"},"geometry":{"type":"Polygon","coordinates":[[[-104.60184549041088,20.91388009986314],[-104.61814693806475,20.92639253718427],[-104.6202161896765,20.93208625621193],[-104.62516506038187,20.92873013931373],[-104.6357464438061,20.93066309549804],[-104.64498298133465,20.95659385416453],[-104.63589552288789,20.972573817742436],[-104.61217368245188,20.964228320647184],[-104.59447751769977,20.96679761026572],[-104.57636338562416,20.965476560245907],[-104.580475173817,20.902118239306155],[-104.58815139570193,20.906811800212928],[-104.59569246991066,20.92863778381292],[-104.61045516644613,20.936769186817795],[-104.60184549041088,20.91388009986314]]]}},{"type":"Feature","properties":{"clues":"NTIMS000552"},"geometry":{"type":"Polygon","coordinates":[[[-104.20012035737427,21.08490839432208],[-104.25286772083129,21.06689222933354],[-104.26864089170103,21.08439578771867],[-104.28695271983952,21.088525294335707],[-104.28944469662812,21.11600368899737],[-104.29484237603329,21.132723440486156],[-104.26823927589254,21.15090629458728],[-104.2467657317794,21.14574830929973],[-104.23786635662024,21.12655340639113],[-104.23157865781305,21.119413807301072],[-104.21119871850098,21.115590629485478],[-104.20012035737427,21.08490839432208]]]}},{"type":"Feature","properties":{"clues":"SCCSA003503"},"geometry":{"type":"Polygon","coordinates":[[[-102.76768307170715,21.305379730366592],[-102.78305412448954,21.318731150833017],[-102.78449632362745,21.32376483706585],[-102.81662339577366,21.33068998784429],[-102.81799161571698,21.32979999075635],[-102.82299145782186,21.353314827978487],[-102.8203447359117,21.36038869559003],[-102.81555255503777,21.36256858520578],[-102.80374264662115,21.354414477344253],[-102.79474345310395,21.365531050070768],[-102.79124640769075,21.373042864401985],[-102.76335905314139,21.36103942869767],[-102.75515257963731,21.375739476600202],[-102.74463304656665,21.379511537213656],[-102.73505171556778,21.37349338279371],[-102.73227018369857,21.338298861990552],[-102.73647934672208,21.33746454777299],[-102.75259070980168,21.320802798534636],[-102.75505098060263,21.313713030932913],[-102.76768307170715,21.305379730366592]]]}},{"type":"Feature","properties":{"clues":"MNIMB003573"},"geometry":{"type":"Polygon","coordinates":[[[-102.56192811311082,19.037701207231358],[-102.56974678096377,19.051438508308195],[-102.56810012794257,19.055890355202724],[-102.57025197124936,19.067313777186367],[-102.55225279136434,19.090633933145572],[-102.55160525789645,19.10510049221952],[-102.55792497527888,19.121372273475494],[-102.5454289413951,19.12465568705045],[-102.53621709354205,19.134976869811123],[-102.52400393309934,19.13494157165958],[-102.52184778254426,19.12637500362674],[-102.51550880537721,19.116685846498164],[-102.52380015722329,19.111587631789682],[-102.5242409611002,19.09973089370384],[-102.51963764613134,19.09112636020062],[-102.5215528340344,19.082019898872883],[-102.52519477749087,19.078470511624694],[-102.52652347496662,19.060116279243875],[-102.52812146482614,19.05766400112066],[-102.5260337753022,19.029927009740398],[-102.56192811311082,19.037701207231358]]]}},{"type":"Feature","properties":{"clues":"MNIMB003462"},"geometry":{"type":"Polygon","coordinates":[[[-102.52179197947288,20.274933231546637],[-102.51860793597275,20.29195931666218],[-102.50934359756658,20.295602574113623],[-102.50105908067766,20.294881659686805],[-102.49771341671344,20.2918943467598],[-102.49656522417685,20.273455267246497],[-102.49954225214657,20.262896426091558],[-102.50684403963893,20.251281412164314],[-102.51049967604695,20.249923934002094],[-102.52848181282957,20.233404194881018],[-102.5386843427477,20.257570244327518],[-102.54765860402854,20.265854577719082],[-102.54818647746707,20.271339361528803],[-102.54191583705975,20.278440584453715],[-102.53782591755744,20.278089903188746],[-102.53552251390198,20.275410235422665],[-102.52179197947288,20.274933231546637]]]}},{"type":"Feature","properties":{"clues":"MNIMS003113"},"geometry":{"type":"Polygon","coordinates":[[[-102.52130773585046,19.88610764313912],[-102.51534929474617,19.9053227279788],[-102.51548033918912,19.93159004055138],[-102.4859269076484,19.938151887373465],[-102.4787389712873,19.943762427360436],[-102.46776954766774,19.9425569779351],[-102.45848825212963,19.935702603359093],[-102.44959454487672,19.92080550722019],[-102.470336536131,19.886051689776277],[-102.47041136495668,19.879240532570574],[-102.49926529524039,19.86510790867474],[-102.50799028871042,19.865909041193316],[-102.51083901590334,19.86706955486612],[-102.52130773585046,19.88610764313912]]]}},{"type":"Feature","properties":{"clues":"MNIMS000803"},"geometry":{"type":"Polygon","coordinates":[[[-102.35982406021971,18.930705441802438],[-102.39121297536886,18.923847323153606],[-102.39255079813564,18.926945427701906],[-102.40136834612882,18.9315891590605],[-102.41162997926399,18.94977787172945],[-102.38389177110356,18.962885147789617],[-102.38283066199334,18.97045726435304],[-102.38008642163997,18.975107149642593],[-102.38933807440354,18.99493954921358],[-102.39986214098488,19.00621545527288],[-102.3960437011574,19.013128755532474],[-102.38022416238591,19.02150665108911],[-102.36826420003807,19.019069064495373],[-102.36094584177025,19.01432817226605],[-102.35519544282711,18.98569588990447],[-102.33473113544348,18.979926364278203],[-102.3227165013564,18.967600233713963],[-102.32663979794668,18.952365066932717],[-102.35727671253231,18.93659743772483],[-102.35982406021971,18.930705441802438]]]}},{"type":"Feature","properties":{"clues":"MNIMB003223"},"geometry":{"type":"Polygon","coordinates":[[[-102.33180972169649,19.231963867429872],[-102.32518550231254,19.243874616651354],[-102.32493585376051,19.250696688872686],[-102.3230287374621,19.25345311840399],[-102.33257422388257,19.27644416293519],[-102.32676963689927,19.284251515214777],[-102.33580398908494,19.301719274883805],[-102.31592703957627,19.315392203321288],[-102.32308733245571,19.357655528997956],[-102.32181347688649,19.362496004638352],[-102.30880818726804,19.376118743978452],[-102.2997388471198,19.417378623603085],[-102.2944104134402,19.41574375574005],[-102.27309756143175,19.393704226407337],[-102.2532694650624,19.385411749906034],[-102.24348733758757,19.386334050063454],[-102.22905750650297,19.372480753325842],[-102.23320386609795,19.365888528877157],[-102.23033496024047,19.359493786878524],[-102.23588369757803,19.34777010411254],[-102.23592187463298,19.344570965018775],[-102.23294064590394,19.344701932688775],[-102.21903364431341,19.337146241628112],[-102.21591423380563,19.32931576685668],[-102.21005046527873,19.32180682801776],[-102.2042330436751,19.320656626269034],[-102.19893805238536,19.288261043782004],[-102.18172966250928,19.28359235361052],[-102.19460547210406,19.25221046574908],[-102.20272931680174,19.249711155570772],[-102.20836414147874,19.25214917037351],[-102.2353530221757,19.229934229158392],[-102.23697348542227,19.209343463875822],[-102.24554538145821,19.207740478171566],[-102.28507855670857,19.178212662116028],[-102.29273203803643,19.19527464328782],[-102.28556577720322,19.223794451279375],[-102.30010388064709,19.235366351042746],[-102.30304011350022,19.23347497057488],[-102.3173315545233,19.214120232778132],[-102.32594125218627,19.213995033671292],[-102.33180972169649,19.231963867429872]]]}},{"type":"Feature","properties":{"clues":"MNIMS001252"},"geometry":{"type":"Polygon","coordinates":[[[-102.18137532347166,19.81917686661534],[-102.16387648341579,19.79838529307211],[-102.1936042043772,19.749761586067056],[-102.22993612765151,19.739339436431223],[-102.25821728470162,19.7721815170757],[-102.2531200989811,19.809406526200426],[-102.2582412224731,19.824072440905685],[-102.25169490805001,19.838761099428876],[-102.24730900321038,19.84011736372259],[-102.23060414306325,19.850651276525774],[-102.19709703475168,19.839943443198667],[-102.1840536119472,19.824436267290427],[-102.18137532347166,19.81917686661534]]]}},{"type":"Feature","properties":{"clues":"MNIMB000662"},"geometry":{"type":"Polygon","coordinates":[[[-102.10408734286054,19.824762950617707],[-102.10399473127403,19.790216923028446],[-102.10759330550032,19.788889498768217],[-102.15013452272306,19.79979634956387],[-102.13944274890108,19.84139347297866],[-102.13797098977334,19.864104155139017],[-102.13280935497396,19.869733734628333],[-102.11938060775122,19.871572190611655],[-102.10532227363103,19.876398619286785],[-102.10529610277663,19.856379887040703],[-102.10843804059967,19.847158064674744],[-102.11389661138709,19.843412104469103],[-102.10408734286054,19.824762950617707]]]}},{"type":"Feature","properties":{"clues":"MNIMB004005"},"geometry":{"type":"Polygon","coordinates":[[[-102.05843854275253,19.84625740598018],[-102.05756883311513,19.85110458354138],[-102.05209260332892,19.85290206006024],[-102.05367060845346,19.85860653825535],[-102.04664803267559,19.86872804915804],[-102.04218936180331,19.859769982482067],[-102.04252543783208,19.84807322232179],[-102.04901270581784,19.8122696486984],[-102.05843854275253,19.84625740598018]]]}},{"type":"Feature","properties":{"clues":"MNIMB003001"},"geometry":{"type":"MultiPolygon","coordinates":[[[[-101.90819398181053,19.371921947268767],[-101.95684647220142,19.364587172595932],[-101.96104850298718,19.36778984541204],[-101.94691272994137,19.39215192667518],[-101.94745787931747,19.399166079373384],[-101.93531975901905,19.40590081692801],[-101.93190839888341,19.412087741479272],[-101.93274312247605,19.418715123544747],[-101.9460137616129,19.42225424044765],[-101.95488591500072,19.443284233149562],[-101.9370122217176,19.44721425599285],[-101.92134241686365,19.45750063641792],[-101.9155710398638,19.451871666952492],[-101.9079576107168,19.436489813018497],[-101.90207465215325,19.432506636760106],[-101.88802718582718,19.41635626441707],[-101.88281208064134,19.40593141040732],[-101.86328405752472,19.41869249051033],[-101.85041431230682,19.421569803983008],[-101.84131067180873,19.414260639893357],[-101.82112272746836,19.393384789437228],[-101.82303086579881,19.387963528941313],[-101.83754869255287,19.371413287781657],[-101.84014043636161,19.349799203144585],[-101.8368812011678,19.342813530022813],[-101.83929645591724,19.338572824171518],[-101.88577814637898,19.330574913720184],[-101.88894680208222,19.33595011292812],[-101.89444390357231,19.35914010667265],[-101.89410049819345,19.37017220065068],[-101.90819398181053,19.371921947268767]]],[[[-101.99235458991609,19.414199126762362],[-101.99735474175353,19.413308958885928],[-101.99968057300526,19.41717490707975],[-101.99465320917166,19.42306923089462],[-101.98655622137184,19.42906625392038],[-101.99235458991609,19.414199126762362]]]]}},{"type":"Feature","properties":{"clues":"ZSIMB000970"},"geometry":{"type":"Polygon","coordinates":[[[-101.64313855130428,22.045624869587343],[-101.64355945760018,22.024694623852366],[-101.65212838162651,22.0095465271877],[-101.65501237903518,21.998035795436607],[-101.68457377435301,21.949948638079654],[-101.71319909153276,21.984980921505773],[-101.71613815900567,21.994248392865575],[-101.75728825932548,22.022671866623725],[-101.76315067149547,22.022706414684777],[-101.77081355511622,22.075096795098325],[-101.77037175480113,22.080494251700205],[-101.76110233142114,22.079435134468007],[-101.72027887422063,22.045389758435984],[-101.71440492041204,22.048313265655572],[-101.70704678526296,22.059854915424353],[-101.68110761189934,22.047676298048973],[-101.64313855130428,22.045624869587343]]]}},{"type":"Feature","properties":{"clues":"MNIMS003002"},"geometry":{"type":"Polygon","coordinates":[[[-101.48893841838309,19.30965730479043],[-101.47683662189917,19.29625659498289],[-101.47549682507695,19.291821184704258],[-101.48051725373894,19.28302126974599],[-101.49339909979244,19.28017195829675],[-101.50678619479618,19.27129693285492],[-101.52761622369624,19.28228975429436],[-101.53987433157042,19.276063844711178],[-101.55216279195119,19.273508100460592],[-101.55611441798362,19.33964652628703],[-101.54930672949915,19.343716228912978],[-101.54588281834198,19.348896604247678],[-101.53252850074928,19.354234677464664],[-101.51133697195198,19.3485292767519],[-101.49798846072075,19.33800303853807],[-101.49749912914054,19.311199699584762],[-101.49590812982157,19.309696589492457],[-101.48893841838309,19.30965730479043]]]}},{"type":"Feature","properties":{"clues":"MNIMB002996"},"geometry":{"type":"Polygon","coordinates":[[[-100.6634949384819,19.79203703060169],[-100.67442992552489,19.797653797404465],[-100.68343924489102,19.808685560962232],[-100.69602789695894,19.811037925833844],[-100.70657956249057,19.83443110869005],[-100.69529981469144,19.840662332097295],[-100.678058201141,19.846812815398586],[-100.6759706482518,19.854044315391857],[-100.67830042352912,19.866799476240086],[-100.67700685139906,19.874373121229365],[-100.6629374098877,19.877720078504034],[-100.65832890046845,19.890143078770066],[-100.6590426005966,19.901215011487043],[-100.65101773387278,19.90286981340568],[-100.63767523541286,19.89333677736459],[-100.6294239491057,19.891461341682323],[-100.60800057904088,19.89306999090299],[-100.6064474514091,19.88404399878409],[-100.61366366567587,19.872855495548308],[-100.6210682774321,19.843558110945235],[-100.62362847556737,19.82077327108013],[-100.63393192752,19.818573031242465],[-100.65238037295856,19.792573381199656],[-100.6634949384819,19.79203703060169]]]}},{"type":"Feature","properties":{"clues":"MNIMB003305"},"geometry":{"type":"Polygon","coordinates":[[[-100.3430217812483,19.435292963314673],[-100.34593963069321,19.441738086002427],[-100.35529083629507,19.445801507135425],[-100.35742627359888,19.450757852593792],[-100.3613911316807,19.449213891099017],[-100.37120022555733,19.450544409329005],[-100.37483513387586,19.459932139715104],[-100.35858743092065,19.460383874042527],[-100.3603037145829,19.467741899034923],[-100.3572031777615,19.470727139173366],[-100.3502329640187,19.468781035045595],[-100.3520324249309,19.480130255574],[-100.34307542265537,19.48172929975228],[-100.33882498991339,19.488777842814287],[-100.3336358338216,19.489251196593315],[-100.32873915574562,19.487633380846333],[-100.3194459818913,19.467154301244285],[-100.32888515338628,19.464273708747466],[-100.33262512763923,19.45626134461861],[-100.33427295932461,19.448716685793006],[-100.32958122397565,19.444182637110533],[-100.32973547382514,19.440946051145847],[-100.33476026308017,19.439880439494914],[-100.33770133987187,19.435814912783098],[-100.3430217812483,19.435292963314673]]]}},{"type":"Feature","properties":{"clues":"MNIMS003306"},"geometry":{"type":"Polygon","coordinates":[[[-100.18477321944553,19.708430141657598],[-100.20525461711424,19.688994518629006],[-100.20841031887596,19.69417253104356],[-100.21095968837666,19.710601869398946],[-100.21416630225525,19.71241462987422],[-100.21631031203245,19.725173343441632],[-100.21406664289111,19.731102982799428],[-100.21577854421929,19.739387613092223],[-100.2239409283263,19.751045347996424],[-100.21402679424536,19.76217972958986],[-100.19741113809047,19.751980327546406],[-100.19139437630187,19.754497103059165],[-100.18997300959397,19.757366602284137],[-100.1784461804641,19.761318193282914],[-100.16927683576783,19.758189224568877],[-100.16135530935057,19.747219935682637],[-100.17056552351778,19.741057269802763],[-100.15834379215161,19.722642677947118],[-100.17812097777328,19.720769660598403],[-100.18452228141427,19.716588999515153],[-100.18477321944553,19.708430141657598]]]}},{"type":"Feature","properties":{"clues":"MCIMB008194"},"geometry":{"type":"MultiPolygon","coordinates":[[[[-100.18605896337243,19.65686181181667],[-100.18162033635524,19.65252452792664],[-100.19617191975739,19.64034379073873],[-100.20276411670875,19.649222781255883],[-100.18605896337243,19.65686181181667]]],[[[-100.20746965673479,19.66135398038107],[-100.20425997303661,19.650119146549123],[-100.21324900295527,19.643411337827477],[-100.2346174616961,19.641322545196886],[-100.21062756514799,19.665891184131308],[-100.20746965673479,19.66135398038107]]]]}},{"type":"Feature","properties":{"clues":"MNIMB002523"},"geometry":{"type":"Polygon","coordinates":[[[-100.20865343655606,19.781790015475078],[-100.20868117506919,19.7869185310724],[-100.21174312048406,19.792957661002063],[-100.20361701361406,19.804982753362278],[-100.20376779848729,19.810898153048086],[-100.20211775762954,19.812537224234497],[-100.19142122225459,19.81142711094949],[-100.1868675969928,19.80008194108694],[-100.19267998951608,19.7945996887995],[-100.19336857216634,19.791351803101026],[-100.19021915175848,19.780971030463817],[-100.17607136722187,19.778856508459555],[-100.19026448028133,19.759678488749564],[-100.19139437630187,19.754497103059165],[-100.19741113809047,19.751980327546406],[-100.21402679424536,19.76217972958986],[-100.20574517871192,19.77766889336478],[-100.20865343655606,19.781790015475078]]]}},{"type":"Feature","properties":{"clues":"MNIMS001194"},"geometry":{"type":"Polygon","coordinates":[[[-100.13412326329642,19.85726375283121],[-100.14394818240794,19.835835350076824],[-100.14920465936555,19.83822642189204],[-100.16199696739999,19.85207718550787],[-100.15841870589178,19.863731730199717],[-100.16627654225506,19.876826584292083],[-100.15977029248121,19.887705409562788],[-100.1499576184834,19.888506499840638],[-100.14022776876791,19.896703766203526],[-100.13120324775564,19.894221789376445],[-100.12164957978284,19.88770621353053],[-100.12664928185275,19.875728405348642],[-100.13046620845206,19.873079787398],[-100.13412326329642,19.85726375283121]]]}},{"type":"Feature","properties":{"clues":"MCIMB008252"},"geometry":{"type":"Polygon","coordinates":[[[-100.10473589878814,19.670487930912056],[-100.12515623358915,19.67264431826702],[-100.12838733185166,19.6714201509558],[-100.13483782949321,19.67898517409626],[-100.13628065650906,19.68638278707538],[-100.12879133678221,19.694626400685408],[-100.12345462560752,19.693688102464137],[-100.11269228093308,19.68784642833252],[-100.10514720407525,19.69743194431025],[-100.09538054468315,19.699046095142826],[-100.09387372878581,19.701469709377943],[-100.0849767088128,19.70747115421708],[-100.07691374176032,19.706329099342444],[-100.07715148773234,19.695240808670796],[-100.07390035938961,19.688272746195928],[-100.07793029611085,19.675249457836458],[-100.08443679462377,19.671702411781002],[-100.09266015090026,19.675881339515726],[-100.10023134265478,19.675601998638882],[-100.10473589878814,19.670487930912056]]]}},{"type":"Feature","properties":{"clues":"MCIMB000634"},"geometry":{"type":"MultiPolygon","coordinates":[[[[-100.06724337033398,19.217023827814874],[-100.08381437861482,19.191605463773065],[-100.08840052194691,19.193257815479488],[-100.09246972733938,19.197403517372468],[-100.10198114853891,19.19744249970111],[-100.10951837409827,19.193666519700866],[-100.11044621356325,19.199578773756425],[-100.10482283846791,19.224258669598527],[-100.10611652029844,19.225869498400034],[-100.08924018599936,19.23600680983325],[-100.07053782179297,19.217295305524065],[-100.06724337033398,19.217023827814874]]],[[[-100.04136639083222,19.2274101837494],[-100.05939051711597,19.224952750093344],[-100.07085688740173,19.249600252835016],[-100.06810089591728,19.269342215672527],[-100.06519214537376,19.27143928642547],[-100.05234450082563,19.271849860219056],[-100.04279575886014,19.25699769314729],[-100.04136639083222,19.2274101837494]]]]}},{"type":"Feature","properties":{"clues":"MCIMB007342"},"geometry":{"type":"Polygon","coordinates":[[[-100.02980845295977,19.347439460354916],[-100.03918483690391,19.34049563951482],[-100.04727315862158,19.33693776213844],[-100.0560182895958,19.341481300848226],[-100.06787885125098,19.328410036027723],[-100.07361579258858,19.330729191309743],[-100.07616048418924,19.3499503554538],[-100.08230684167413,19.355393554237025],[-100.07702091644288,19.368018926062057],[-100.0771419473803,19.381094953112004],[-100.07463519575529,19.38469030525739],[-100.07279609993805,19.386491365541847],[-100.05366201409248,19.38295577857971],[-100.05114916401494,19.366326727042377],[-100.03256150154111,19.367777947567248],[-100.02956777354677,19.364374728012802],[-100.02980845295977,19.347439460354916]]]}},{"type":"Feature","properties":{"clues":"MCIMB005546"},"geometry":{"type":"Polygon","coordinates":[[[-99.98940243464605,19.88209549682826],[-100.00780482665174,19.857632738108613],[-100.01289091342278,19.856277225270244],[-100.0166522271146,19.852898090116103],[-100.03153488686814,19.861853483622255],[-100.03842705764643,19.861302557866985],[-100.04195214164139,19.8652723717687],[-100.04856349927016,19.8673980792826],[-100.0566872461615,19.860567209402724],[-100.07403514319793,19.885285223177597],[-100.07201771498576,19.887917591735622],[-100.05707031427343,19.892996577888997],[-100.04933925625139,19.898782642953442],[-100.04093387856074,19.894945766009887],[-100.02510420365465,19.891373785795768],[-100.01773761942005,19.894159052646632],[-99.99672113504116,19.887674925066822],[-99.98940243464605,19.88209549682826]]]}},{"type":"Feature","properties":{"clues":"MCIMB005003"},"geometry":{"type":"Polygon","coordinates":[[[-100.0077129629826,18.907343077162313],[-100.02539378328808,18.909759607394182],[-100.03591292791117,18.928918171345167],[-100.03502886895402,18.935816201774912],[-100.03271329802519,18.939086426423593],[-100.02032356952587,18.943845093753996],[-100.01537803459463,18.954384061347255],[-100.02256499362352,18.96458126977486],[-100.0230567939051,18.974831069185708],[-100.04378519629745,18.98668023762441],[-100.04210644160243,18.993013706752457],[-100.03125541960657,19.00062278264361],[-100.02751367870945,19.012473265195354],[-100.02039950335262,19.017243036401958],[-100.01445918275991,19.015507715437746],[-100.00737580886207,19.027439688510153],[-100.01075182604961,19.0338774094092],[-99.99345846697628,19.037582222199756],[-99.99356603491674,19.032530872784097],[-99.98695265307927,19.018945532345416],[-99.98351998047379,19.015956979106697],[-99.97283615800586,19.016230087593154],[-99.96408889575159,19.010366476171],[-99.9626353056576,19.002807464902002],[-99.97878812967213,18.98111507486195],[-99.9798964997318,18.975916605640514],[-99.98555883005649,18.968776159390252],[-99.98663860826643,18.958488622780795],[-99.9829666681995,18.949389222135263],[-99.9970292443636,18.92709057251726],[-100.00050496770253,18.924160407093204],[-100.0077129629826,18.907343077162313]]]}},{"type":"Feature","properties":{"clues":"MCIMB007890"},"geometry":{"type":"Polygon","coordinates":[[[-99.61671659416986,18.90270672241248],[-99.6397914457246,18.917271595992542],[-99.63636535117597,18.92674290227088],[-99.6239992200067,18.9366746488926],[-99.61643316981288,18.935049042507917],[-99.60983091367551,18.920281098388486],[-99.59841373957937,18.915349356540926],[-99.58968873694221,18.908278598192904],[-99.59889465034436,18.888804616934493],[-99.61323191049787,18.89217603558547],[-99.61510859101078,18.894609882093985],[-99.61671659416986,18.90270672241248]]]}},{"type":"Feature","properties":{"clues":"MCIMB007716"},"geometry":{"type":"Polygon","coordinates":[[[-99.56247449541492,19.358097730921124],[-99.56619550616838,19.372671714400973],[-99.56395269517691,19.37314634081905],[-99.55492158046037,19.381819705605743],[-99.55631055472456,19.391732875760045],[-99.54683853587495,19.40783601059518],[-99.53540285743678,19.406607085568044],[-99.53248875791601,19.418637549652665],[-99.52193060720543,19.418924986465726],[-99.51784094265415,19.41356248218487],[-99.50832321539568,19.419785767208683],[-99.50494423810044,19.408258781440935],[-99.51295457620755,19.406063661666554],[-99.51634158489092,19.39584581283529],[-99.51193022669973,19.38368185441977],[-99.51555395081353,19.375501705659048],[-99.5241967299402,19.370259646755045],[-99.531127686064,19.357983376682782],[-99.5346997899297,19.359296349804556],[-99.54111353594554,19.36546920731338],[-99.55642186319612,19.365289147437437],[-99.56247449541492,19.358097730921124]]]}},{"type":"Feature","properties":{"clues":"MCIMB007721"},"geometry":{"type":"Polygon","coordinates":[[[-99.46691812554302,19.422550247775728],[-99.4718636695339,19.40953519675954],[-99.4824432628942,19.407300267252076],[-99.48347888023918,19.40206722123913],[-99.48605145853905,19.399873851539247],[-99.50018367642414,19.404784021244797],[-99.50134495401699,19.407505074943373],[-99.50494423810044,19.408258781440935],[-99.50832321539568,19.419785767208683],[-99.50770766837869,19.424095052968735],[-99.50151098068923,19.428850651621577],[-99.49962129656117,19.427112442287626],[-99.48351942528355,19.42753985075152],[-99.4800281296818,19.423591144210906],[-99.47319997158392,19.42701068578634],[-99.46691812554302,19.422550247775728]]]}},{"type":"Feature","properties":{"clues":"MCIMB003434"},"geometry":{"type":"Polygon","coordinates":[[[-99.4593708524919,19.393771898117265],[-99.4363607263493,19.40908494322537],[-99.426744543398,19.399374161564992],[-99.42771721237884,19.39524300445432],[-99.45238998901459,19.379268762716087],[-99.46168667682575,19.379314965095556],[-99.46191185934401,19.3860082944517],[-99.4593708524919,19.393771898117265]]]}},{"type":"Feature","properties":{"clues":"MCIMB004180"},"geometry":{"type":"Polygon","coordinates":[[[-99.428163935197,19.581972944415426],[-99.4109578946092,19.58999096887697],[-99.40067662413256,19.578463152702625],[-99.4035423498196,19.5741435883505],[-99.41695060886988,19.572981839851224],[-99.428163935197,19.581972944415426]]]}},{"type":"Feature","properties":{"clues":"MSIMB000572"},"geometry":{"type":"Polygon","coordinates":[[[-99.29436922745435,18.95969158847273],[-99.28200415517637,18.94493171830017],[-99.28445243308808,18.93407695318775],[-99.29008807557717,18.929774546955297],[-99.30024701318409,18.91422000618513],[-99.3131465431468,18.90639940223556],[-99.32351359885095,18.92364595546441],[-99.32016313918334,18.95494175029445],[-99.3299674985254,18.96474610963652],[-99.32746314633033,18.97356075694895],[-99.34514980453173,19.016814207679364],[-99.34410635526132,19.02026160797021],[-99.33083139131593,19.017738801796042],[-99.3096705259427,19.01653588890934],[-99.29711239873086,18.990651058715326],[-99.31044138406756,18.982879333250402],[-99.31326723940968,18.9775801801389],[-99.30337086420096,18.969703816919907],[-99.3032112972086,18.961187472232247],[-99.29981217171111,18.959003914991328],[-99.29436922745435,18.95969158847273]]]}},{"type":"Feature","properties":{"clues":"MCIMB000856"},"geometry":{"type":"Polygon","coordinates":[[[-98.90303505439812,19.53966495274815],[-98.9084011945062,19.53708803231459],[-98.9138799117069,19.542173114906024],[-98.91889420888525,19.540425254732646],[-98.92378771347232,19.549655854827307],[-98.90169216210498,19.55995488486337],[-98.89787149309723,19.555969034849497],[-98.90344266789877,19.54945019038445],[-98.90431791266656,19.545068205074028],[-98.90303505439812,19.53966495274815]]]}},{"type":"Feature","properties":{"clues":"SCCSA001642"},"geometry":{"type":"Polygon","coordinates":[[[-98.90760967075744,18.97599088844693],[-98.9129659224443,18.980987637777996],[-98.91652295039454,18.98096419025786],[-98.91762944314502,18.99014562414005],[-98.91573148593946,18.993046855617006],[-98.91506979401841,19.005086126970937],[-98.90245994114994,19.003888618497477],[-98.87498123971226,19.017802589935997],[-98.87296389172977,19.012460696142554],[-98.87451166102271,18.99818192636643],[-98.88831232735906,18.985332437316366],[-98.88980281804028,18.98196721367394],[-98.89559806436871,18.980486576056833],[-98.90010253458348,18.975880925133083],[-98.90760967075744,18.97599088844693]]]}},{"type":"Feature","properties":{"clues":"MCIMB001742"},"geometry":{"type":"Polygon","coordinates":[[[-98.88010338880412,19.562006037316518],[-98.8849078535869,19.556109993909065],[-98.89141638231405,19.56840109836587],[-98.89936871499599,19.566543069796534],[-98.90598508335894,19.576620629572112],[-98.89496161641783,19.581109901307997],[-98.89207918384079,19.58063557822131],[-98.89109413539997,19.57793412698289],[-98.87693098315674,19.573885410002607],[-98.87573154954958,19.571407575707745],[-98.88078275317972,19.56680761248707],[-98.88010338880412,19.562006037316518]]]}},{"type":"Feature","properties":{"clues":"MCIMB009565"},"geometry":{"type":"Polygon","coordinates":[[[-98.88327580177861,19.323400921228615],[-98.88187263122317,19.326610220737663],[-98.87700636296316,19.328967947490135],[-98.88610617335786,19.33268554423297],[-98.89045806167762,19.32918892081601],[-98.89206453569874,19.329743319510005],[-98.89503035362002,19.33805684712733],[-98.89131160267539,19.353505397579735],[-98.88947818399639,19.351261134011384],[-98.87504485777757,19.343257476505485],[-98.87563643550519,19.33535498411732],[-98.86911839899774,19.334004716990393],[-98.86570190629732,19.32979929875384],[-98.86297749393421,19.33580432270712],[-98.85656434436697,19.335999015982186],[-98.85491762465128,19.33201680933666],[-98.84922592769661,19.328590597508587],[-98.86228579893822,19.323233624281322],[-98.86206269408387,19.31941016955878],[-98.86689826971033,19.316564905831356],[-98.87796787562522,19.31813641377034],[-98.88327580177861,19.323400921228615]]]}},{"type":"Feature","properties":{"clues":"PLIMB002912"},"geometry":{"type":"MultiPolygon","coordinates":[[[[-98.61252144723316,19.28434483750332],[-98.61946673915881,19.282733527676243],[-98.63772166552573,19.30666470431976],[-98.63137359139729,19.321597095818333],[-98.61704472924215,19.340173257366786],[-98.61905260957344,19.360977366618275],[-98.6354241013594,19.363496324449468],[-98.64615961532537,19.37175759324923],[-98.6557883529063,19.39110402538979],[-98.66889465652795,19.432931193441753],[-98.66253059105587,19.431430504740373],[-98.61464198210102,19.386055925715386],[-98.60624683849866,19.372210962432035],[-98.59994333463605,19.370886733095855],[-98.59586894473206,19.364836718219237],[-98.58939086782361,19.360501810036173],[-98.57450759040645,19.354186446603286],[-98.57114203938018,19.35461358705981],[-98.56727128618202,19.363453796465382],[-98.55601514528992,19.355322772329853],[-98.54793223619384,19.366560069059044],[-98.54467736949383,19.367963723425188],[-98.54305764923473,19.366565428924208],[-98.54758656359238,19.355017917958712],[-98.55418690600142,19.352956703481745],[-98.5553314699959,19.345115711613406],[-98.55111018299382,19.340160209534062],[-98.56250408821975,19.322853480305003],[-98.57652971253873,19.31513342638685],[-98.58752239779315,19.300606646528745],[-98.61252144723316,19.28434483750332]]],[[[-98.6632094253221,19.35265703328209],[-98.65347410782816,19.34310353459788],[-98.65417508689171,19.328020951914244],[-98.66678041741764,19.351824636510816],[-98.6632094253221,19.35265703328209]]]]}},{"type":"Feature","properties":{"clues":"SCCSA001538"},"geometry":{"type":"Polygon","coordinates":[[[-101.44231037323644,18.941235288347116],[-101.45704468080858,18.93535486789848],[-101.45887822151091,18.933176667529906],[-101.49199232791169,18.925616380472896],[-101.50527645792086,18.93285480389781],[-101.499364540289,18.945591332755356],[-101.4758793919491,18.96033875470032],[-101.48703540233272,18.985269062348305],[-101.48404097882835,18.994163022275096],[-101.45814604696683,19.001027307453093],[-101.44614150099495,19.009728278978486],[-101.44035097947346,19.008583920667917],[-101.41452404595609,19.01696067888792],[-101.40566375282995,19.018490966348537],[-101.40050914973645,19.008500684434214],[-101.39966708548313,18.99776552186668],[-101.38630274340932,18.97170322144993],[-101.38284802642178,18.967909581763582],[-101.3914732359821,18.95835475501359],[-101.40389399657533,18.960192036730106],[-101.40490139006343,18.96623136632976],[-101.4242041636296,18.97582361402969],[-101.41453592419734,18.95048806942336],[-101.42858047338903,18.94220164796722],[-101.43038284071706,18.974105249256453],[-101.43383722544124,18.97434097364033],[-101.44163487717923,18.971411874228878],[-101.4434732162146,18.960157429020704],[-101.44231037323644,18.941235288347116]]]}},{"type":"Feature","properties":{"clues":"MNIMS002174"},"geometry":{"type":"Polygon","coordinates":[[[-101.22686965319254,19.776715862291297],[-101.23107070600496,19.77387506868641],[-101.24022402329638,19.773528039782384],[-101.25851402693672,19.761017108732066],[-101.26645862559157,19.759699174801355],[-101.28573615804046,19.783307158254036],[-101.29339918586258,19.78582693973871],[-101.32046608760037,19.789315169148235],[-101.33211076351752,19.805487546151294],[-101.32222606306952,19.81316362050391],[-101.31526459025488,19.823484390312917],[-101.3163608686523,19.843550714786392],[-101.30873244404732,19.86267128920595],[-101.30614129646122,19.865365780086492],[-101.30297918049784,19.865635473891125],[-101.29285249047429,19.86102887699263],[-101.27707838043881,19.850526077616355],[-101.27075161707175,19.848212019540785],[-101.259887227687,19.83027314898941],[-101.25084740411637,19.825777121210347],[-101.23777542148547,19.812868182383394],[-101.21420112797337,19.80615261926865],[-101.21606898947338,19.796241556151525],[-101.22686965319254,19.776715862291297]]]}},{"type":"Feature","properties":{"clues":"MNIMS002285"},"geometry":{"type":"Polygon","coordinates":[[[-101.31945938326898,18.97787428007385],[-101.3290565524536,18.99309738829899],[-101.33378085503709,19.00522306340786],[-101.3283126983026,19.010117588937856],[-101.31960216393966,19.029748832259365],[-101.32370912128391,19.033352234615773],[-101.32020235703246,19.05083136321952],[-101.32474332940743,19.059338442201845],[-101.32120918418937,19.062596753594402],[-101.31570481760417,19.07751181143815],[-101.32475909926204,19.08960551254102],[-101.32392449369021,19.10299925373206],[-101.32239539461125,19.104324628197272],[-101.31226718621956,19.105464028576545],[-101.30693281344575,19.1015390139359],[-101.28563773260016,19.10006141329043],[-101.29444749965393,19.07912093472405],[-101.29034988299756,19.07315212016352],[-101.27867792037695,19.071086663933468],[-101.26653276283014,19.077790406672303],[-101.24700709142463,19.07582198128179],[-101.24482150882004,19.072309724948955],[-101.2437695989148,19.058994226073626],[-101.2356655341321,19.05566413005556],[-101.2301522175197,19.055640145578842],[-101.2153352555899,19.06329682805556],[-101.20395946488503,19.057179628572747],[-101.20223631301874,19.05261830734183],[-101.20338432730723,19.045728559327703],[-101.19863195854819,19.026782711746165],[-101.2110939018613,19.026594183651447],[-101.22871214386682,19.00923333440705],[-101.23218186042311,18.993812780501845],[-101.23755420422117,18.99545192139203],[-101.26356997090484,19.01561488223964],[-101.27381327916102,19.017264267389773],[-101.27533608867998,19.016145275784677],[-101.27689653170101,19.00981836724631],[-101.27577429482369,18.995564573870674],[-101.28196452120905,18.981424521326215],[-101.26233386540106,18.96311326240872],[-101.26168885906088,18.961066685779056],[-101.27936266218697,18.945620709191168],[-101.30742390575548,18.96029255996063],[-101.30774457153738,18.96439948143898],[-101.31945938326898,18.97787428007385]],[[-101.30103513315161,19.0413670199547],[-101.27509102419704,19.032768569428402],[-101.27178709306295,19.045860828141777],[-101.2736262487811,19.047797641389597],[-101.29526634397253,19.053220219198874],[-101.30103513315161,19.0413670199547]]]}},{"type":"Feature","properties":{"clues":"MNIMS004006"},"geometry":{"type":"MultiPolygon","coordinates":[[[[-100.97218774198151,19.524105794856638],[-100.99491295988068,19.549789104539176],[-100.97876511053256,19.5676995351674],[-100.97271015028517,19.567341848177374],[-100.95804539661765,19.542864563121586],[-100.97218774198151,19.524105794856638]]],[[[-101.00349036601753,19.58987425967987],[-101.00270961164414,19.591737104858034],[-100.97233138011312,19.59889123493893],[-100.98149012236021,19.57368041349329],[-101.00349036601753,19.58987425967987]]],[[[-100.94966894708647,19.582310795096596],[-100.95679740716956,19.578817613927846],[-100.96845258000043,19.601814474969558],[-100.96705425565875,19.60615409084426],[-100.95887507620684,19.607439186099576],[-100.93488372045981,19.606121224792155],[-100.93379713745463,19.60324609238721],[-100.93594592473345,19.59641761434168],[-100.93800103666474,19.594550866162887],[-100.94859873471735,19.596261952827643],[-100.94966894708647,19.582310795096596]]],[[[-100.9797880922591,19.623936085240913],[-100.98427229533279,19.625393897053872],[-100.98440481486203,19.64103985475083],[-100.96725271060329,19.655030236322375],[-100.96502686767109,19.64918390880304],[-100.95232455592016,19.636332921674043],[-100.95522936901423,19.63485405097564],[-100.95825626384101,19.62478852504246],[-100.97160405572404,19.61461924273772],[-100.9797880922591,19.623936085240913]]],[[[-100.9080795619939,19.622748741245733],[-100.91467169705919,19.614791181898397],[-100.930992618962,19.620388716835624],[-100.93413193677368,19.628348313873882],[-100.93747814537245,19.62990998583523],[-100.9410558144432,19.63496656892456],[-100.93785518738731,19.64562052666088],[-100.92770764663474,19.65370519826967],[-100.93077024195374,19.661194743530764],[-100.91535596609734,19.665244643293335],[-100.91731582166928,19.649761261432342],[-100.91080160498635,19.646571049385425],[-100.9096733796718,19.633768026324653],[-100.90768216002975,19.631833767548862],[-100.9080795619939,19.622748741245733]]]]}},{"type":"Feature","properties":{"clues":"MNIMS001631"},"geometry":{"type":"Polygon","coordinates":[[[-100.78625466251697,19.615314579538925],[-100.79927150971803,19.59796674012144],[-100.80589160117569,19.59575813018143],[-100.8085667208475,19.59957845158565],[-100.82947041384234,19.6047618394],[-100.82836258678178,19.609238909353504],[-100.83132846709525,19.62088983469945],[-100.82896407240233,19.628283869988937],[-100.81344135677885,19.638977373517978],[-100.80141899580784,19.630669737668022],[-100.79929555581352,19.630918416257582],[-100.79323025189498,19.641321238803656],[-100.79427858609938,19.65256553728765],[-100.7808507585991,19.67370058614664],[-100.81576757695488,19.698120207066438],[-100.81689280911363,19.702085172333046],[-100.81118259239969,19.711843845993155],[-100.79635441573775,19.71595846196336],[-100.76974492603998,19.716169711124092],[-100.75090367787159,19.73645159762831],[-100.7444137882563,19.736423732858626],[-100.73169350260811,19.76202879060732],[-100.72483679367602,19.763222731183898],[-100.70608295740072,19.750558809221243],[-100.69919431070812,19.732069007483684],[-100.69407972811996,19.728168107269536],[-100.71287065989416,19.69766384306208],[-100.69092101050083,19.689758917461795],[-100.68911759370118,19.675026140415515],[-100.69743304253278,19.653548689457082],[-100.70295626721303,19.653459031099583],[-100.71838137175112,19.645677229008008],[-100.73216637150965,19.650330124995847],[-100.74082788059265,19.64764081655403],[-100.74830904459493,19.640983003585774],[-100.75621774117812,19.62839772202616],[-100.75752164141483,19.599370238827095],[-100.78625466251697,19.615314579538925]]]}},{"type":"Feature","properties":{"clues":"SPIMB001500"},"geometry":{"type":"Polygon","coordinates":[[[-100.95868128457381,23.207028409092807],[-100.96894517626824,23.24098924667672],[-100.97913606036593,23.253585992132844],[-100.95288209393611,23.27737446890748],[-100.95562437423625,23.299837554312127],[-100.936807195072,23.33784663361137],[-100.89255367098411,23.32706427479833],[-100.85847953386421,23.360302595741775],[-100.81708213177319,23.315773728786898],[-100.8145422612985,23.316564961665204],[-100.7931435750806,23.340841618955444],[-100.7435027525726,23.323029253201288],[-100.73171825784368,23.32438690867495],[-100.71980403592624,23.323283482663424],[-100.70474337530291,23.277744279210967],[-100.70169774951943,23.2748886388029],[-100.69482529080541,23.240014667195766],[-100.69350437692442,23.21323356408395],[-100.67096145980116,23.19673636253375],[-100.65138190580294,23.154477778822145],[-100.65229790656244,23.10811316270266],[-100.67628302523637,23.04959681569053],[-100.70665967431505,23.082544260448643],[-100.72343163980327,23.145062174821312],[-100.7837335703685,23.18894315088508],[-100.79259738143628,23.212329803205446],[-100.84303319351976,23.21937990405573],[-100.85434088782618,23.232436624295772],[-100.89781958240471,23.226453042274965],[-100.9155753770408,23.212818492929497],[-100.9168092539495,23.20880275588842],[-100.95166767120142,23.20337041145904],[-100.95868128457381,23.207028409092807]]]}},{"type":"Feature","properties":{"clues":"SCCSA002998"},"geometry":{"type":"Polygon","coordinates":[[[-99.1904404711073,23.72153658596407],[-99.19489158196538,23.72014528824476],[-99.21151917527321,23.720093855976454],[-99.23355215294262,23.736625489939783],[-99.21307327925484,23.737310709880436],[-99.18893831135198,23.743734822528232],[-99.18006091239248,23.741688915500923],[-99.1794151785925,23.738137421504273],[-99.18211935397885,23.733482928846794],[-99.17797631888301,23.730714128821035],[-99.1803179152091,23.72693934856148],[-99.17979204979247,23.724374529652064],[-99.18256466291169,23.72168186679312],[-99.18839449640785,23.719727396763297],[-99.1904404711073,23.72153658596407]]]}},{"type":"Feature","properties":{"clues":"TSIMB001045"},"geometry":{"type":"Polygon","coordinates":[[[-99.0360478327761,26.33519053872629],[-99.04933657571385,26.35620891253131],[-99.04584837260217,26.364965165834708],[-99.03929937096241,26.369399121162314],[-99.03802112690697,26.376055914509134],[-99.03978995067918,26.380406209859853],[-99.03837575046674,26.385805110126324],[-99.035551981823,26.387865505820034],[-99.03163019624316,26.387616306590186],[-99.03019007151654,26.3912455656508],[-99.0314145048932,26.39351777397347],[-99.03781324385889,26.39370417516158],[-99.03942479616161,26.395997712874138],[-99.0470715816351,26.395375761133415],[-99.04913924422533,26.406162366581402],[-99.04507856918714,26.410337320324484],[-99.03728860044852,26.41356836942033],[-99.03030534862157,26.41223945930034],[-99.02042385963226,26.406072079833766],[-99.01326591956276,26.39377159937824],[-99.01077470968279,26.392258628971735],[-98.99999927958778,26.394085198797246],[-98.99112268028742,26.391369379675183],[-98.98779392012487,26.391650059408395],[-98.97785436980807,26.400687769069073],[-98.97438677022966,26.401306769357067],[-98.96910066048106,26.398798428977415],[-98.96170114963351,26.398432399478494],[-98.95546837991438,26.3952968495243],[-98.95309945994899,26.39033871945815],[-98.95345692022576,26.38412205937182],[-98.95610786025438,26.377128688826268],[-98.94928103046976,26.371505199297136],[-98.94438172656336,26.36951111841207],[-98.94686171780542,26.359983288811254],[-98.95193347315318,26.35642989087018],[-98.95152340989254,26.352579920079076],[-98.95821939519334,26.343372918971596],[-98.94951200042844,26.335493668382302],[-98.9406017278586,26.319949239586354],[-98.95850686607609,26.313440460508396],[-98.95446853770314,26.304347460043697],[-98.95375819721512,26.275348500729873],[-98.95578345168505,26.2709305183622],[-98.9664489260601,26.273286290715635],[-98.97501354718284,26.272757963862837],[-98.99170766917557,26.279839383588193],[-99.01745720123469,26.277019873228802],[-99.03695104155251,26.292568146837958],[-99.04335582238282,26.322737626187493],[-99.0360478327761,26.33519053872629]]]}},{"type":"Feature","properties":{"clues":"TSIMS000660"},"geometry":{"type":"Polygon","coordinates":[[[-98.8268740889993,25.008703318592957],[-98.85877923582288,25.013068436013693],[-98.8751467969534,25.010394761713155],[-98.91614153356105,25.03739046875419],[-98.91798007154304,25.067831842609802],[-98.90800454486057,25.08609351339089],[-98.87844821604371,25.11887747673431],[-98.87207648287801,25.134494329736764],[-98.83746348238677,25.132959169594614],[-98.80614783456848,25.143524420494753],[-98.7590195746248,25.19989752501132],[-98.7605086670145,25.22344368651783],[-98.73752199318342,25.220145431144704],[-98.69113366711952,25.197348448500716],[-98.68926249630529,25.17078619279795],[-98.73520587527564,25.170119319120865],[-98.74789863147447,25.133074720442252],[-98.73830338812608,25.118531087222834],[-98.73434668226922,25.09635555578226],[-98.79961494912277,25.086528958916116],[-98.80567173026485,25.086664496850677],[-98.80248890887873,25.074609806018454],[-98.78492072963823,25.04424649512317],[-98.79405283024069,25.01951209004503],[-98.81659046896822,25.016041977026326],[-98.8268740889993,25.008703318592957]]]}},{"type":"Feature","properties":{"clues":"TSIMB002515"},"geometry":{"type":"Polygon","coordinates":[[[-98.64175604293756,26.05250848810571],[-98.6345899390963,26.08466734445148],[-98.63912637188176,26.11729517357095],[-98.63728168856208,26.124145176298104],[-98.64735131089908,26.133192072656826],[-98.65080949523302,26.140471070299174],[-98.65045079689524,26.146366268287398],[-98.62592407394686,26.17903577772121],[-98.62849103209454,26.186530343317763],[-98.6198334062569,26.19464148587291],[-98.61995755764553,26.20371860495973],[-98.60799611169944,26.214837373915653],[-98.59925465052379,26.22008018256257],[-98.59424454939825,26.218360982142094],[-98.59275548864848,26.213078925205885],[-98.57919279759768,26.2113044906697],[-98.56638420121614,26.21575913571927],[-98.5634199960345,26.225096199859927],[-98.5599180194063,26.224450629121186],[-98.5552352902716,26.232339119348808],[-98.54830862983725,26.233987488944642],[-98.54574064988512,26.236528089305597],[-98.5470056002619,26.241657449519426],[-98.55461415842787,26.24231891173425],[-98.55167753382413,26.246454532841902],[-98.54348242970673,26.24341242965052],[-98.53664872038324,26.22710604945981],[-98.53460917034093,26.225400219092176],[-98.52980965976388,26.22710805937787],[-98.52610011982742,26.233546219008876],[-98.52233693951989,26.23568464946136],[-98.52138090999132,26.232428689047616],[-98.5259239499008,26.228594659079846],[-98.52704128955195,26.22529701944904],[-98.52377506004504,26.22073959889475],[-98.52143392045463,26.220416200598034],[-98.51977717022528,26.223930400356455],[-98.51280316952717,26.227169969115007],[-98.50506560477565,26.22329757025603],[-98.51121774469101,26.20214515052365],[-98.52357512809984,26.202987284191995],[-98.51819119271052,26.18436974654443],[-98.51988198047059,26.179502535052944],[-98.52448336207131,26.17418867087102],[-98.52853284882397,26.15629644767994],[-98.53795464997191,26.148317766248798],[-98.55142836550095,26.145961843468793],[-98.55507542135756,26.142846620254574],[-98.57309440524436,26.13415966868724],[-98.57539288437833,26.131148418679647],[-98.5657239657837,26.099787767583248],[-98.54771245701608,26.07536499265172],[-98.53077741720223,26.060130301580905],[-98.54219571109846,26.040524615511938],[-98.57506274122663,26.034760044715195],[-98.60862565608014,26.01143269445315],[-98.62427750102194,26.040358859636477],[-98.64175604293756,26.05250848810571]]]}},{"type":"Feature","properties":{"clues":"TSIMB003215"},"geometry":{"type":"Polygon","coordinates":[[[-98.5164056097992,25.753698474417188],[-98.52201328749686,25.77366737290954],[-98.55148774040003,25.81706381744427],[-98.53146957408725,25.846601375501685],[-98.44915718668291,25.845419098854943],[-98.42962812852824,25.83455338114334],[-98.4233246779772,25.835006344747978],[-98.373578339671,25.80981844020623],[-98.33931857426086,25.820239362385227],[-98.33486714552974,25.824374281620514],[-98.32719266234761,25.827188929509404],[-98.3116870773907,25.840702618829997],[-98.30159502991455,25.842223506139185],[-98.28711721638439,25.83959888486004],[-98.27863618783215,25.83396031280384],[-98.24831595390611,25.84336630975956],[-98.24260789350616,25.843061842773743],[-98.23801678982723,25.836027753737255],[-98.22468229680622,25.827407715913772],[-98.2127618184179,25.804911663780164],[-98.2112697616828,25.786719891603635],[-98.21325518376759,25.78191496855613],[-98.21294181234519,25.77383517075521],[-98.18118311446224,25.75141050230764],[-98.17220061012058,25.74047417948996],[-98.18207600311129,25.703668990538304],[-98.15793891531197,25.68636557484536],[-98.1455133799399,25.66774537833791],[-98.13660642811541,25.64670899726116],[-98.13659777937497,25.642592850265665],[-98.17853237852094,25.602105755262198],[-98.20859776440429,25.63118254890287],[-98.23134133059817,25.622804223369485],[-98.25312557931213,25.60209260238539],[-98.28896078319275,25.648934254989847],[-98.29263181690017,25.651169379604724],[-98.29017735641506,25.688873902276573],[-98.30199441940297,25.705978741402724],[-98.29956689659761,25.735150094551773],[-98.3306048488842,25.758990381981913],[-98.35558894278826,25.754883439222063],[-98.37261596922494,25.767853595122233],[-98.37604501050235,25.793715359388997],[-98.42055208463985,25.756011828946242],[-98.42898810497793,25.760126021030732],[-98.44056547039939,25.752403471473777],[-98.45187958342018,25.730983200258986],[-98.47639613802772,25.72558248070763],[-98.48602160419237,25.73527512721818],[-98.5164056097992,25.753698474417188]]]}},{"type":"Feature","properties":{"clues":"OCIMS002014"},"geometry":{"type":"Polygon","coordinates":[[[-97.94360020489866,16.485047253906703],[-97.94023229793397,16.48842147045368],[-97.93673997033075,16.503726874087288],[-97.91682386176429,16.517139624806287],[-97.90598224382676,16.50556762660052],[-97.88467163557506,16.49989238266346],[-97.88564174261563,16.47666759721626],[-97.90692260578989,16.460206117468996],[-97.93089873573791,16.453117259074137],[-97.93552768558477,16.46060658912078],[-97.94360020489866,16.485047253906703]]]}},{"type":"Feature","properties":{"clues":"PLIMB007281"},"geometry":{"type":"Polygon","coordinates":[[[-97.80925958208238,18.4817114584304],[-97.8291892961987,18.477328022434016],[-97.83970147569167,18.48613003044961],[-97.84296210713667,18.509666725560862],[-97.84734243080797,18.51031670499035],[-97.84976978173628,18.512417439203258],[-97.86400038212055,18.53207773861802],[-97.86530688529568,18.541610193011056],[-97.86961791284862,18.544948475679263],[-97.86781262904185,18.580083834631832],[-97.84909711923149,18.601221913329752],[-97.81569154439717,18.588317917266426],[-97.80244209338595,18.59113705987457],[-97.78933942439389,18.537361773028174],[-97.7923084395607,18.50460233540262],[-97.80925958208238,18.4817114584304]]]}},{"type":"Feature","properties":{"clues":"PLIMS001110"},"geometry":{"type":"Polygon","coordinates":[[[-97.83866928654491,18.36237282791349],[-97.87079311576143,18.38956313829978],[-97.84545665478852,18.418802282625492],[-97.85794770388452,18.449826461204793],[-97.85212258112978,18.450486897360907],[-97.81565252639481,18.439200211219823],[-97.81357109509845,18.44872876857713],[-97.80642021380545,18.459475169835777],[-97.77129611237712,18.45879102818552],[-97.75471273433882,18.440185049699462],[-97.76401979079928,18.430378809426177],[-97.78412727495443,18.37736451792191],[-97.78456135405749,18.367702661185298],[-97.79126589626708,18.353792943395725],[-97.82435244948415,18.347712358580857],[-97.83866928654491,18.36237282791349]]]}},{"type":"Feature","properties":{"clues":"OCIMS003723"},"geometry":{"type":"Polygon","coordinates":[[[-97.78433323491417,17.157429609773168],[-97.79344264497053,17.147457680700477],[-97.81297938575618,17.15535174271741],[-97.8155722932107,17.16463851428146],[-97.81223538567089,17.172188281857352],[-97.81830851687708,17.1887511653942],[-97.79695422278874,17.195143214911376],[-97.78828610120935,17.18776869525266],[-97.78684586770538,17.180549673180625],[-97.77883624103183,17.175706690074087],[-97.77295405669712,17.167583133817875],[-97.7777003290504,17.160281962045588],[-97.78433323491417,17.157429609773168]]]}},{"type":"Feature","properties":{"clues":"OCIMS004423"},"geometry":{"type":"Polygon","coordinates":[[[-97.73357225565444,16.131626060021127],[-97.75320123786844,16.108160219269866],[-97.77056520150563,16.10863800476614],[-97.77954302385581,16.11930239158962],[-97.79158278759849,16.13031799615217],[-97.77635242753,16.14637470317562],[-97.7703590988186,16.17224013732167],[-97.74345297387094,16.161269890799307],[-97.73357225565444,16.131626060021127]]]}},{"type":"Feature","properties":{"clues":"SCCSA002179"},"geometry":{"type":"Polygon","coordinates":[[[-97.73326647627961,18.65485224634397],[-97.73735417059955,18.641399305465917],[-97.73602539918954,18.62132572916934],[-97.74336293375964,18.589172368406846],[-97.76025309656951,18.589945506336157],[-97.7934608657254,18.595976096191603],[-97.792651296438,18.643194092211125],[-97.79670566289442,18.654709907730776],[-97.77828128615873,18.664860044187044],[-97.7707033952457,18.671833397093195],[-97.76359924960539,18.673831942405187],[-97.74723099765464,18.69616138917334],[-97.74471607302199,18.69712530368323],[-97.7384149094391,18.707741131384328],[-97.72059607332613,18.701505161296428],[-97.70446607382766,18.684691642557056],[-97.6952855690484,18.680945397824587],[-97.70383701759224,18.660063367793736],[-97.7118304652753,18.654764396846932],[-97.72452069023416,18.656843694238336],[-97.73326647627961,18.65485224634397]]]}},{"type":"Feature","properties":{"clues":"OCIMB006756"},"geometry":{"type":"Polygon","coordinates":[[[-97.69890136206554,16.728938956025903],[-97.72647509258078,16.750370280122894],[-97.73976840407306,16.768503579732208],[-97.73612352638763,16.780848341600937],[-97.73617136272985,16.79548994203683],[-97.72642249794819,16.804133616496177],[-97.71812387277589,16.805766309709917],[-97.70125622906372,16.802603207137743],[-97.68641302532367,16.816597392781805],[-97.67662894375181,16.815045780950246],[-97.66374942412166,16.823125798214853],[-97.66799770055403,16.835067128593323],[-97.66309041763645,16.84022352088109],[-97.65469496461611,16.83181003560368],[-97.6557904939832,16.81894927319488],[-97.64867057376445,16.81288675061661],[-97.65538058041999,16.794902451977272],[-97.6612702317179,16.792272763647734],[-97.66895344934096,16.778204316202697],[-97.66624173470174,16.75733585706675],[-97.67102419792755,16.741965550698104],[-97.69890136206554,16.728938956025903]]]}},{"type":"Feature","properties":{"clues":"OCIMB003343"},"geometry":{"type":"Polygon","coordinates":[[[-97.12905902875397,15.889427383723328],[-97.14766879258562,15.899538902135783],[-97.16564324236542,15.90723051078517],[-97.20941180539009,15.922360891784422],[-97.20777721712012,15.929430086056465],[-97.20314934502179,15.93108596367154],[-97.18757036787689,15.971427443735228],[-97.17494599551995,15.97155603366091],[-97.16436300889755,15.97469741264171],[-97.15973974160956,15.971853101032696],[-97.14482900563294,15.968569586999696],[-97.13162850519768,15.957730862469607],[-97.12251767161013,15.957287204066832],[-97.09926058128181,15.942973272881485],[-97.09835992351907,15.926782555249108],[-97.10149371369386,15.91441656705741],[-97.09938835933877,15.911194640096666],[-97.0990321416617,15.899232445527653],[-97.10286200067567,15.894045111725093],[-97.10230597577366,15.886838521871365],[-97.09573007497711,15.873959355318533],[-97.09666171873847,15.866608854802942],[-97.10361832881615,15.868994591533456],[-97.12905902875397,15.889427383723328]]]}},{"type":"Feature","properties":{"clues":"OCIMB003606"},"geometry":{"type":"Polygon","coordinates":[[[-97.62379553220971,16.0897866534698],[-97.62033759415195,16.101950251218376],[-97.62128722995408,16.11208051561273],[-97.6143419755797,16.11244756533339],[-97.61251758519758,16.113857628373818],[-97.59520984278203,16.132304422030476],[-97.59431031440208,16.138769783000726],[-97.59846776859116,16.1676096112392],[-97.58017076736172,16.185080767427554],[-97.56001716223582,16.164500120044202],[-97.56407414428762,16.123743001618504],[-97.5631237585498,16.11531708275179],[-97.57578319005438,16.11128308682577],[-97.58744031939442,16.097941361679105],[-97.5938253419272,16.088148386544617],[-97.60043746094927,16.08544430657206],[-97.60624787481069,16.088213861044327],[-97.62318943964608,16.08681276459843],[-97.62379553220971,16.0897866534698]]]}},{"type":"Feature","properties":{"clues":"OCIMB003891"},"geometry":{"type":"Polygon","coordinates":[[[-97.51213361322618,17.053121044094443],[-97.52785161049889,17.032936326637063],[-97.53615598912317,17.04050163830891],[-97.55469754281404,17.04914011115304],[-97.55787851053566,17.043196463404538],[-97.56945064074311,17.038255941287343],[-97.58140698067719,17.044595084522197],[-97.58399185506669,17.049643942520813],[-97.56876000526708,17.065205067978347],[-97.57227636797252,17.074228327484896],[-97.55291070023476,17.090446071540935],[-97.5481876722767,17.0872186930461],[-97.5301497772304,17.093838531454253],[-97.51691253557163,17.090299066916955],[-97.51507918886661,17.086513888412384],[-97.52239020662216,17.067330335175978],[-97.51213361322618,17.053121044094443]]]}},{"type":"Feature","properties":{"clues":"PLIMB005024"},"geometry":{"type":"Polygon","coordinates":[[[-97.44387580393335,18.7261915924187],[-97.43980487773348,18.723218533471687],[-97.43055503210203,18.67734944991795],[-97.44821389166259,18.670572403371512],[-97.47787999334132,18.65344680179726],[-97.49111587917413,18.669361083373158],[-97.49247079455894,18.693082636195154],[-97.49017113852614,18.704010489849455],[-97.4902865129275,18.726595785896695],[-97.49428818723361,18.735681075632186],[-97.49595034765252,18.748442081962597],[-97.44437844056056,18.765864803950297],[-97.44328264332036,18.761042770590784],[-97.44988518949226,18.73759786122553],[-97.44387580393335,18.7261915924187]]]}},{"type":"Feature","properties":{"clues":"OCIMS001751"},"geometry":{"type":"Polygon","coordinates":[[[-97.40799849710848,16.4631531363354],[-97.4385863473768,16.488912831485884],[-97.43799678467104,16.490876637403662],[-97.4110586121567,16.50901066056098],[-97.42844963459402,16.52630508132461],[-97.42729039267324,16.530189034525705],[-97.40646345792628,16.5283254243239],[-97.40136419846515,16.525460997195164],[-97.39244334538708,16.53262812457811],[-97.39094672429667,16.546883175222234],[-97.37779231674153,16.562164193520776],[-97.36028946513099,16.550196557526842],[-97.35088374765304,16.551018952347622],[-97.33989728746106,16.535037567700833],[-97.34248485655449,16.53007165416615],[-97.32770576910833,16.47490011773795],[-97.34425829936166,16.465173567086683],[-97.35515774054757,16.451164739444838],[-97.39576286670228,16.464897178979644],[-97.40799849710848,16.4631531363354]]]}},{"type":"Feature","properties":{"clues":"PLIMS002551"},"geometry":{"type":"Polygon","coordinates":[[[-97.28563667068602,18.285966492554024],[-97.27708945350088,18.27530032161347],[-97.2840059319562,18.24060745806695],[-97.3050433767387,18.270429287704133],[-97.31131175537631,18.27607120436671],[-97.31284581659622,18.308285355533815],[-97.30384334799045,18.31937325541028],[-97.30005126611657,18.32718833943727],[-97.29611350936547,18.32830374446029],[-97.29029044247201,18.328866601640225],[-97.26178197351686,18.310901411508272],[-97.25482920151504,18.304821148457847],[-97.27016649402967,18.289537275213394],[-97.28328892798814,18.292698532138257],[-97.28522078554968,18.29114988521439],[-97.28563667068602,18.285966492554024]]]}},{"type":"Feature","properties":{"clues":"OCIMB005916"},"geometry":{"type":"Polygon","coordinates":[[[-97.22182898243928,16.861060319109463],[-97.23204336541438,16.85365189829941],[-97.23788950696093,16.853970184452397],[-97.24529875914527,16.86138135627425],[-97.25037031359528,16.859393376585146],[-97.27751600509862,16.870665291278907],[-97.27852693098674,16.89372297088117],[-97.26776501873884,16.904143869135456],[-97.24219281108623,16.90537254176935],[-97.24102984033502,16.907392790225405],[-97.2162261912618,16.92140519188995],[-97.21104628956093,16.915291251203016],[-97.2085563389021,16.888096337293927],[-97.21739699948749,16.877873549257874],[-97.21633628944618,16.87253236888606],[-97.22182898243928,16.861060319109463]]]}},{"type":"Feature","properties":{"clues":"SCCSA002203"},"geometry":{"type":"Polygon","coordinates":[[[-97.26529153903672,18.461836546467858],[-97.27208202698876,18.472438847693503],[-97.26914094683261,18.48946433293294],[-97.25664414751978,18.49965243215579],[-97.2539988792466,18.50757517080002],[-97.2364434022039,18.50627590825954],[-97.2300285218174,18.520723286041598],[-97.2234041295636,18.525882332426676],[-97.20285412028154,18.510295588732088],[-97.2030675499797,18.506174521497435],[-97.1997580809404,18.50040106820986],[-97.19520914884727,18.479320603940216],[-97.19779171918084,18.46880543935877],[-97.19128404426507,18.465129874134842],[-97.18332221171995,18.44604591052433],[-97.18779664158704,18.43842503678881],[-97.17862135179091,18.420407000322406],[-97.16680863914358,18.405393693561752],[-97.20072849686747,18.368509173097056],[-97.20992020547791,18.38736847810002],[-97.22993520306387,18.408427449176944],[-97.25370723868458,18.447075764797734],[-97.2650305429363,18.452966866156572],[-97.26529153903672,18.461836546467858]]]}},{"type":"Feature","properties":{"clues":"OCIMB002590"},"geometry":{"type":"Polygon","coordinates":[[[-97.09942125103123,18.114817601343685],[-97.09104621253458,18.125714079995454],[-97.08878441002777,18.12671691454982],[-97.08127405254909,18.138848981794172],[-97.07647051245664,18.141680439316946],[-97.06777907971096,18.153052641658533],[-97.06189295815904,18.168047536312045],[-97.04078434279484,18.149202701444008],[-97.0416509470643,18.141464058950163],[-97.03817732441253,18.122188715310266],[-97.03806842548586,18.086595663273616],[-97.04120710494506,18.077148820543005],[-97.03774411517188,18.067461938457317],[-97.0491863087418,18.063390689414785],[-97.09799883064632,18.072735614592382],[-97.12152933673494,18.042128863857243],[-97.16108123763762,18.007433402859938],[-97.1771441492094,18.020559833003716],[-97.1808619193284,18.027519489502566],[-97.20219408426304,18.09202139555628],[-97.11138238737455,18.119094717155175],[-97.09942125103123,18.114817601343685]]]}},{"type":"Feature","properties":{"clues":"OCIMB005320"},"geometry":{"type":"Polygon","coordinates":[[[-97.1815717655615,17.184151685093788],[-97.21005770999383,17.182908881743344],[-97.21585966348773,17.186389919185288],[-97.23068356814541,17.216868574518475],[-97.206377947476,17.23692668674426],[-97.20598023997843,17.251147495712985],[-97.19993267182869,17.261248860592445],[-97.19340469165716,17.26515709513446],[-97.18088623583587,17.264053205956145],[-97.16862942464755,17.26967704219747],[-97.16458208838175,17.267354616266957],[-97.16448272235117,17.2526706898669],[-97.15126406155434,17.24863586880275],[-97.1509055207879,17.241240763795446],[-97.14555484271608,17.23250348009396],[-97.13365915993019,17.232590586764932],[-97.12915122704226,17.22994024115591],[-97.12185551710115,17.23302341857325],[-97.10892211170307,17.231369976929],[-97.10416542353232,17.227494424389484],[-97.09773773703309,17.21614871415908],[-97.06422540043908,17.222212345181287],[-97.0620259722178,17.219394812070455],[-97.07869932627531,17.19858136798372],[-97.08447765972772,17.19840571976117],[-97.09236603530536,17.187370176588246],[-97.10653950590566,17.188590318351547],[-97.11004910407678,17.186933084955964],[-97.1128228386266,17.1721956653514],[-97.0886921544775,17.16755554216267],[-97.09698947943352,17.15482261271487],[-97.11873766261952,17.154225980137586],[-97.11903200924642,17.148721680609924],[-97.13823651961614,17.129588268289076],[-97.1490808834317,17.13288762258854],[-97.15336534820779,17.16087119532113],[-97.17235120659058,17.169069935416722],[-97.17861824697026,17.182030744202336],[-97.1815717655615,17.184151685093788]]]}},{"type":"Feature","properties":{"clues":"PLIMB006465"},"geometry":{"type":"Polygon","coordinates":[[[-96.97900018295368,18.39775525280527],[-97.01771922193022,18.376996856662988],[-97.03569349057557,18.38855424942576],[-97.0409668287657,18.384458216479782],[-97.04732555169991,18.384344567368867],[-97.0531951081155,18.390744791997598],[-97.06187046160105,18.392513023911587],[-97.07048346131802,18.40437843057733],[-97.06978075391699,18.406177073584235],[-97.05349398344723,18.407821672812833],[-97.05120531388219,18.411480618686653],[-97.04365791408715,18.411624760691755],[-97.03393651757501,18.422961499699706],[-97.02778644968899,18.420344658740806],[-97.02367869337536,18.399258411799796],[-96.97900018295368,18.39775525280527]]]}},{"type":"Feature","properties":{"clues":"SCCSA001931"},"geometry":{"type":"Polygon","coordinates":[[[-97.03415261760588,16.40040145144898],[-97.03756077202198,16.398062204411353],[-97.049932489741,16.408169672943238],[-97.05492710415493,16.406508657690097],[-97.06565325284609,16.412199385339335],[-97.06427776299823,16.4248170777292],[-97.05565691776557,16.430698478428347],[-97.05020499832254,16.440128193173177],[-97.0355707786354,16.42176627236003],[-97.01335766859357,16.43500969794125],[-97.00890822395819,16.432585602454395],[-96.99858446947646,16.401286361821164],[-97.01332010820101,16.40421290024731],[-97.03415261760588,16.40040145144898]]]}},{"type":"Feature","properties":{"clues":"OCIMB003290"},"geometry":{"type":"Polygon","coordinates":[[[-97.04440065856056,17.67399171646696],[-97.0590980599447,17.689098530509604],[-97.04976001554591,17.700171956246024],[-97.02044662436653,17.742982772166542],[-96.99739527891876,17.72742198264491],[-96.99309395968008,17.722709476508],[-96.9841774634096,17.702216772773262],[-96.97938956490567,17.682901456542268],[-96.99669677273916,17.65029869440937],[-97.00266165742403,17.649163813712924],[-97.03199958577204,17.651876734479966],[-97.03563923869737,17.655061853096182],[-97.04440065856056,17.67399171646696]]]}},{"type":"Feature","properties":{"clues":"OCIMB002474"},"geometry":{"type":"Polygon","coordinates":[[[-96.90493698053194,18.20067836732724],[-96.9072124176147,18.19552007931673],[-96.9217101570982,18.193677741775502],[-96.93148589209842,18.19931540447602],[-96.93820645028673,18.228593405689445],[-96.91667430185514,18.227888857578503],[-96.91684099154828,18.219727196113865],[-96.90493698053194,18.20067836732724]]]}},{"type":"Feature","properties":{"clues":"SCCSA001753"},"geometry":{"type":"Polygon","coordinates":[[[-96.84693258731382,17.653712630541687],[-96.89059180834069,17.67929493298846],[-96.90852250465652,17.69706723507845],[-96.9094556825098,17.728562678527965],[-96.91445710204536,17.73495095244054],[-96.91863352095532,17.74593696785695],[-96.91801938777137,17.754016433004143],[-96.91214470538827,17.77478345389395],[-96.87961732371821,17.78467777487629],[-96.86137255879763,17.779025096125093],[-96.84129372513698,17.770427471357362],[-96.84021324874226,17.765454146986],[-96.86456467986297,17.738229974331343],[-96.84693258731382,17.653712630541687]]]}},{"type":"Feature","properties":{"clues":"OCIMB001494"},"geometry":{"type":"Polygon","coordinates":[[[-96.87801576622375,17.024292687446575],[-96.90706267665746,17.034804438571296],[-96.90852491808678,17.043975062029673],[-96.92021382515317,17.07943237110707],[-96.91121617984788,17.096322109066282],[-96.9098323695628,17.102364733021737],[-96.90294025473456,17.10058442944852],[-96.88578382884228,17.09266232675699],[-96.87489030432924,17.083565391752163],[-96.86211255184263,17.078173131452672],[-96.86191757069989,17.07221000145315],[-96.85813002762477,17.05887479808648],[-96.86003301574517,17.05093426232326],[-96.85755671886061,17.03772420672514],[-96.87801576622375,17.024292687446575]]]}},{"type":"Feature","properties":{"clues":"OCIMS000701"},"geometry":{"type":"MultiPolygon","coordinates":[[[[-96.8522771493997,18.15889533073985],[-96.86611531791328,18.155498631786777],[-96.87182846649216,18.16567681585879],[-96.88302530926785,18.169285215601814],[-96.87811685315815,18.177869092872463],[-96.875504290747,18.179582239570774],[-96.86612659445845,18.17473538017083],[-96.85761018192414,18.183902994727784],[-96.84901396480672,18.174558884752006],[-96.84565778012234,18.168779682877123],[-96.8522771493997,18.15889533073985]]],[[[-96.84584290693527,18.196183392984427],[-96.84743838822942,18.193310155948154],[-96.8579043128876,18.185722350192698],[-96.86520977534428,18.19369357776776],[-96.87031834508899,18.21025809798489],[-96.86505960702942,18.21581859850555],[-96.86806998916147,18.232640646670063],[-96.85565986988247,18.235044007282735],[-96.84951202486812,18.222738415298295],[-96.84759299063641,18.2224980256625],[-96.84361659905733,18.21045397145376],[-96.84692250476094,18.2026410600836],[-96.84584290693527,18.196183392984427]]]]}},{"type":"Feature","properties":{"clues":"SCCSA001869"},"geometry":{"type":"MultiPolygon","coordinates":[[[[-96.83003414425953,18.11254590638611],[-96.82343400406405,18.113223531714908],[-96.81483348897552,18.104851118913846],[-96.81151694357258,18.11095302421458],[-96.80767136819782,18.10263269602409],[-96.80782142932921,18.099872625998312],[-96.81469579902446,18.095720151158016],[-96.81884042070772,18.089379957896096],[-96.82969665370145,18.078567967560762],[-96.83534673317587,18.079053289406552],[-96.83830804475411,18.0924252614637],[-96.82976122864092,18.110111285846926],[-96.83003414425953,18.11254590638611]]],[[[-96.85035614429658,18.10800936163135],[-96.8432973709551,18.107385616367345],[-96.84347457926897,18.10422597702205],[-96.85015736159791,18.099106962441727],[-96.85378681720461,18.098531940360274],[-96.85401553588113,18.10151957807244],[-96.85035614429658,18.10800936163135]]],[[[-96.79840934519777,18.10847467115175],[-96.80605670585867,18.106899699848586],[-96.80976020912107,18.115335015395026],[-96.80783843470924,18.11607311116504],[-96.80351642781922,18.123940028778144],[-96.80057113559526,18.125428723208692],[-96.7956535375701,18.12471969269641],[-96.78904972008006,18.120635365422224],[-96.79776377021109,18.110841514360942],[-96.79840934519777,18.10847467115175]]]]}},{"type":"Feature","properties":{"clues":"OCIMB005921"},"geometry":{"type":"Polygon","coordinates":[[[-96.78917902182567,16.84638877759227],[-96.80041837693817,16.84103793128449],[-96.80927967008124,16.840760040880056],[-96.81211281441315,16.838269946314355],[-96.8274533853305,16.835686525277893],[-96.84894856916213,16.840080637515225],[-96.82218593125802,16.87414151561339],[-96.81570583562399,16.876717408090133],[-96.80809667333672,16.887188725929732],[-96.80406171136029,16.89914540923563],[-96.80176216653896,16.901032265156353],[-96.79279280391366,16.896390178203855],[-96.77843892448398,16.892904101113075],[-96.77243831873884,16.889192903018852],[-96.77153865092988,16.878675790144406],[-96.7666461633512,16.8733006179957],[-96.75443111865108,16.88229776571167],[-96.74753029548725,16.875241209945294],[-96.74929795571583,16.860788360037343],[-96.75450208959816,16.8593057517935],[-96.76224443100823,16.83812294027735],[-96.77227611179194,16.850750317209705],[-96.77858727127587,16.851035903789235],[-96.78186063152071,16.853475457354918],[-96.78430731517932,16.853499083490757],[-96.78870374711515,16.849884914261214],[-96.78917902182567,16.84638877759227]]]}},{"type":"Feature","properties":{"clues":"OCIMB009491"},"geometry":{"type":"Polygon","coordinates":[[[-96.78116372389275,15.825991695925289],[-96.79202268504608,15.83267691664544],[-96.79679270069413,15.833027379298374],[-96.8016819285477,15.8485331196904],[-96.80870818347,15.858523441142145],[-96.80696111942497,15.864627908914054],[-96.8102227155481,15.873217566194453],[-96.80314857363166,15.88682339302209],[-96.77706580368763,15.902574798081975],[-96.7686761942543,15.895893643225193],[-96.75102167010762,15.89107457244253],[-96.74858545962448,15.885683050344603],[-96.75331411397181,15.865896388168878],[-96.76123027309858,15.859055043041597],[-96.7616878564459,15.854373174840164],[-96.75922273752174,15.851625873943167],[-96.74593433035658,15.844419865401512],[-96.74893418922471,15.836443521654104],[-96.7551548934068,15.830359625134133],[-96.76414718214058,15.836001689300481],[-96.77301220970642,15.83660100253088],[-96.78116372389275,15.825991695925289]]]}},{"type":"Feature","properties":{"clues":"OCIMB005665"},"geometry":{"type":"Polygon","coordinates":[[[-96.66764216901441,17.260790354249533],[-96.66150950487578,17.211880427189477],[-96.67450644053433,17.18865449196171],[-96.68191783981656,17.182652515757916],[-96.70289187410951,17.191347488660945],[-96.7357473559881,17.22039102962409],[-96.74148486215586,17.23219010244657],[-96.74514565072089,17.262294520384213],[-96.75202884675348,17.270743229177796],[-96.7538573039794,17.28783822711688],[-96.7537723063644,17.321233089819465],[-96.69353073788479,17.337083711722983],[-96.66979216116462,17.298422986137762],[-96.67085628110603,17.267774676208795],[-96.66764216901441,17.260790354249533]]]}},{"type":"Feature","properties":{"clues":"OCIMB005781"},"geometry":{"type":"Polygon","coordinates":[[[-96.77108657135993,16.92363406788793],[-96.76534816493928,16.927890203732222],[-96.76633578872597,16.932998925003126],[-96.7746519202736,16.93572988397838],[-96.77594799938001,16.93932390219783],[-96.76833561331446,16.940760841021856],[-96.76497745945943,16.935258670022208],[-96.7570018951737,16.93829936501404],[-96.7497794620467,16.92501414197314],[-96.74539042826555,16.920854062106304],[-96.74697921089229,16.913677964999327],[-96.75181866957294,16.909093180955285],[-96.76494755365347,16.91078956970059],[-96.77108657135993,16.92363406788793]]]}},{"type":"Feature","properties":{"clues":"OCIMB004043"},"geometry":{"type":"Polygon","coordinates":[[[-96.7502753976443,17.032825014178854],[-96.75130385405777,17.036787865897868],[-96.75492480177255,17.036666756691243],[-96.75531560055451,17.045033617360513],[-96.74672012324858,17.043758529223904],[-96.74244882408955,17.045916241627246],[-96.73782994476677,17.04386325222068],[-96.7382989717934,17.035884738858247],[-96.73562935177263,17.03258755135432],[-96.72916513978635,17.034392035792152],[-96.73224041620063,17.039571046927964],[-96.72770212766889,17.04300152692374],[-96.72424288333507,17.04047230060912],[-96.72179541007115,17.042586727831566],[-96.71761996113423,17.042621427848324],[-96.71497165140563,17.033763905037056],[-96.71795721010213,17.032387905932108],[-96.7192975746683,17.023752305878517],[-96.733409077303,17.02636615816185],[-96.73644249974669,17.03045662758969],[-96.74021235797416,17.028148446412732],[-96.74459272522854,17.030592875362036],[-96.74625273697548,17.029709119214786],[-96.7502753976443,17.032825014178854]]]}},{"type":"Feature","properties":{"clues":"SCCSA001791"},"geometry":{"type":"Polygon","coordinates":[[[-96.64760963808864,16.058674067862768],[-96.65639912870736,16.047195140069903],[-96.67519819951292,16.05975216832371],[-96.67912352692707,16.069302955906867],[-96.68804013170939,16.07375382959132],[-96.69084863758148,16.077001505224857],[-96.66802682601772,16.098449343755064],[-96.69094818939581,16.103956867020234],[-96.69795731619013,16.115860656378413],[-96.68556238938044,16.126606573921684],[-96.68413784754557,16.132366031848616],[-96.68156921276953,16.134867292165453],[-96.67174498813968,16.1405966457844],[-96.6636654430375,16.139670753844197],[-96.65426709994274,16.13289320506292],[-96.63685082449948,16.138803189906245],[-96.63344466602523,16.138214625944],[-96.6305937340538,16.1164195204457],[-96.63218098474746,16.114350897152175],[-96.63242003524988,16.10784521448804],[-96.63869425338449,16.102463842291957],[-96.64145429610205,16.093123935832118],[-96.63223687328565,16.08109510851232],[-96.64030397754902,16.0643683163436],[-96.64760963808864,16.058674067862768]]]}},{"type":"Feature","properties":{"clues":"SCCSA001906"},"geometry":{"type":"Polygon","coordinates":[[[-96.60576731309263,15.760002085480881],[-96.62231034107366,15.748232444274334],[-96.65080279526475,15.76609071034372],[-96.65118221896644,15.775747340057643],[-96.65644186861263,15.782822596298638],[-96.65424788259389,15.787947466077453],[-96.65835318602366,15.812981520104465],[-96.65614610604116,15.815445694650935],[-96.64606577407574,15.818405344256629],[-96.63517123573587,15.816047338113135],[-96.62863062357209,15.81102651088612],[-96.62670981490614,15.799325868199773],[-96.61532981312764,15.783049013527773],[-96.6148402954975,15.77855825258486],[-96.60576731309263,15.760002085480881]]]}},{"type":"Feature","properties":{"clues":"OCIMS002236"},"geometry":{"type":"Polygon","coordinates":[[[-96.5142328654487,16.553497583041253],[-96.52743536604386,16.54785806943367],[-96.54456076352706,16.547600782187075],[-96.55894526540825,16.54926685175607],[-96.56930124309298,16.555917651802442],[-96.59129005153754,16.564077542573656],[-96.59648478211494,16.586615031368698],[-96.59572753303733,16.595350447627386],[-96.60971941450981,16.625807313365517],[-96.60086967516465,16.634850476943665],[-96.59353429565445,16.63517219598806],[-96.54314202240603,16.616859357026875],[-96.52606509758388,16.607124392646664],[-96.50560172808196,16.62050968774059],[-96.48920910232403,16.629215559536533],[-96.4821453283801,16.61882340502151],[-96.47430779914131,16.579239375511516],[-96.51201367954948,16.569260255164455],[-96.5142328654487,16.553497583041253]]]}},{"type":"Feature","properties":{"clues":"OCIMS003501"},"geometry":{"type":"Polygon","coordinates":[[[-96.47043255646689,17.104607528044475],[-96.50243643152731,17.0729011144123],[-96.52804987568463,17.080903922455445],[-96.55409424177738,17.08043647089419],[-96.55946355959274,17.082410188905577],[-96.56613142943034,17.086724944205955],[-96.57721629525727,17.10590118717257],[-96.56937791078323,17.140300509523602],[-96.5155902389211,17.13746921756215],[-96.511285300411,17.145762846768655],[-96.4657242326241,17.156769898514046],[-96.47362872095795,17.12171516149405],[-96.47043255646689,17.104607528044475]]]}},{"type":"Feature","properties":{"clues":"SCCSA001680"},"geometry":{"type":"Polygon","coordinates":[[[-96.53703704483635,15.90581987760667],[-96.54343316032616,15.89790669910318],[-96.54967754241132,15.894012750121137],[-96.55192721217328,15.894835598421109],[-96.55461073650825,15.90417097687681],[-96.56154720244074,15.910329011271056],[-96.55737017791003,15.919830186483004],[-96.54764455903013,15.91967076687867],[-96.54254368840938,15.93074804803739],[-96.53610977525993,15.934587579662105],[-96.53402101358404,15.934388207980021],[-96.52721041908326,15.923278910597013],[-96.5276267297073,15.920847326464447],[-96.53817418801556,15.910887980798192],[-96.53703704483635,15.90581987760667]]]}},{"type":"Feature","properties":{"clues":"VZIMB004973"},"geometry":{"type":"MultiPolygon","coordinates":[[[[-96.46410448695461,18.574534279039458],[-96.48172541274974,18.58029564511529],[-96.47960137652368,18.588385541452],[-96.50227182382267,18.60143239483916],[-96.49825428955094,18.609266576430148],[-96.49306408113068,18.609307696664537],[-96.4750557638661,18.59761410347871],[-96.47466359207222,18.60156682727618],[-96.47958658155117,18.61725550859395],[-96.47786276357064,18.6240093433326],[-96.47567715898825,18.624842438397174],[-96.45751690965949,18.625169429298506],[-96.45181271042648,18.61934302982249],[-96.44369799414149,18.616751775274764],[-96.44479872124002,18.600933267441338],[-96.43641295911942,18.591573587612316],[-96.44468594998116,18.58140033788795],[-96.43201044730644,18.569157751813503],[-96.41674581325117,18.567201727816975],[-96.41474137606238,18.563389204755772],[-96.4166193067767,18.551657113555418],[-96.41388795398166,18.541300760143155],[-96.43132336542348,18.531666415830387],[-96.43805387480818,18.53811392082127],[-96.44186381155075,18.539400464086825],[-96.44617247401303,18.547815532668835],[-96.45107518055019,18.552396812954697],[-96.45455923464296,18.553140333349774],[-96.4562149979972,18.574160611259934],[-96.46410448695461,18.574534279039458]]],[[[-96.5278422757697,18.608350056090664],[-96.52296140516893,18.622505329603737],[-96.52052863969156,18.62485773809511],[-96.50670183346882,18.625226009560965],[-96.50264580016078,18.61669947276052],[-96.5278422757697,18.608350056090664]]]]}},{"type":"Feature","properties":{"clues":"OCIMS001640"},"geometry":{"type":"MultiPolygon","coordinates":[[[[-96.52074641909385,17.910540280567503],[-96.52341887918541,17.92846885365602],[-96.50314591832594,17.932557636905983],[-96.4908235242758,17.94113947867845],[-96.46878559064392,17.919548402722615],[-96.4683369132795,17.907676533593694],[-96.4602751769184,17.90627689121309],[-96.4394831710974,17.885151503099447],[-96.48176707934802,17.872212037746433],[-96.49102784605778,17.86030071434291],[-96.49445658180724,17.86120666977317],[-96.50201064799,17.89030205954258],[-96.52074641909385,17.910540280567503]]],[[[-96.45258941919306,17.924393075894695],[-96.45107137119494,17.931376159832734],[-96.44563331363891,17.940702611526298],[-96.45950478103377,17.968232898735135],[-96.42006808071483,17.960087169320573],[-96.44164197501408,17.938458467423825],[-96.43790306968327,17.934700143605337],[-96.44605153648675,17.916135995002634],[-96.45258941919306,17.924393075894695]]]]}},{"type":"Feature","properties":{"clues":"SCCSA001817"},"geometry":{"type":"Polygon","coordinates":[[[-96.4713557173497,15.84700868605148],[-96.4737653372443,15.84853907403844],[-96.48963694669668,15.837822904700772],[-96.49801232533682,15.848743970825435],[-96.49976925406914,15.86541647684301],[-96.49738144627186,15.870270592071911],[-96.47328198708674,15.875752169294445],[-96.46852805285236,15.880064644913261],[-96.46535400688859,15.887939625282993],[-96.44898216391918,15.892110343672691],[-96.44264230499705,15.891993942982015],[-96.44065462359534,15.888071351412503],[-96.43600829262968,15.884245510301284],[-96.42355961654997,15.882038200463702],[-96.41621269498721,15.870347348734288],[-96.40858793048908,15.853231857943525],[-96.42429781958225,15.842984906667667],[-96.43526071202659,15.846326120753615],[-96.44557311683562,15.843518871373613],[-96.45438665200174,15.829613729200267],[-96.46015989212235,15.833886233162158],[-96.46767747177775,15.835350381004483],[-96.4713557173497,15.84700868605148]]]}},{"type":"Feature","properties":{"clues":"SCCSA001820"},"geometry":{"type":"Polygon","coordinates":[[[-96.3868537174471,15.688262676789329],[-96.41238295390669,15.69418753456095],[-96.41518905076995,15.69363253438354],[-96.41525650529732,15.703489864052612],[-96.40493492888797,15.717834166325856],[-96.40291329124744,15.718366282080314],[-96.39346143186184,15.740150101414132],[-96.38333732186302,15.742018718745058],[-96.36579337442329,15.76134765929016],[-96.34278038862064,15.764368762557316],[-96.32971245458982,15.769197982675056],[-96.32802627937743,15.771695477042075],[-96.31448704762238,15.77316347261438],[-96.29498069696355,15.768782215625388],[-96.27855756487251,15.77600611168264],[-96.27597574254119,15.75980087907959],[-96.26574134514772,15.75569995302043],[-96.26075248339143,15.74596292734932],[-96.27266052176658,15.735662025071878],[-96.28791268262891,15.75426808796837],[-96.29970334883222,15.743925190049948],[-96.3181459171499,15.74244424983733],[-96.31728384527928,15.733514867409552],[-96.32144006401332,15.727572356604997],[-96.32566878923377,15.708893406256818],[-96.33078254652794,15.70752432195005],[-96.33711752259146,15.70005625536668],[-96.33314529573857,15.687642394228037],[-96.33434912504555,15.686141386546028],[-96.33544602726383,15.68677008349503],[-96.33942689534574,15.684535250309493],[-96.34325329042424,15.68606424941691],[-96.34493058827965,15.68485409859867],[-96.34453163002352,15.686148169576496],[-96.34643916733252,15.686255601691725],[-96.34777166494884,15.689415525331357],[-96.35159183019954,15.690172193323477],[-96.35369577305909,15.687533774586079],[-96.35770553996129,15.686134319807032],[-96.3613435162335,15.681735814570594],[-96.36292948046234,15.683868119241199],[-96.36470331427859,15.681842890672357],[-96.3675515291795,15.684008200235448],[-96.36766496195501,15.685740099934057],[-96.37453365669771,15.688256970821739],[-96.38437431904647,15.689357228901521],[-96.3868537174471,15.688262676789329]]]}},{"type":"Feature","properties":{"clues":"OCIMB000065"},"geometry":{"type":"Polygon","coordinates":[[[-96.40491860390176,18.45712274608611],[-96.39789666765735,18.45113542020979],[-96.39424687235875,18.450036228610504],[-96.38419447432754,18.43857738521422],[-96.38855813544569,18.425969741014406],[-96.4118326712338,18.41549334968209],[-96.41665964683403,18.411702858097286],[-96.44165398948452,18.41914789326574],[-96.45133018953068,18.431564078119983],[-96.45745172532796,18.436909947139828],[-96.45823049431911,18.442160925796614],[-96.45504393428665,18.447257851748386],[-96.45624885401809,18.476247494116517],[-96.4510451364077,18.48192457356228],[-96.44103668821916,18.473761626010003],[-96.42894507123879,18.477212506194057],[-96.41882715729338,18.470286978739725],[-96.41755972078198,18.46130824410416],[-96.41361579906146,18.457979246477343],[-96.40491860390176,18.45712274608611]]]}},{"type":"Feature","properties":{"clues":"OCIMS005205"},"geometry":{"type":"Polygon","coordinates":[[[-96.32565943622271,17.825449692102527],[-96.33280054530404,17.824657994091044],[-96.34855506842301,17.831711531178772],[-96.34983107377413,17.85292948610961],[-96.3566656391955,17.857234003953444],[-96.36441569919658,17.879900828166075],[-96.3916664365306,17.89164850190828],[-96.40278450635797,17.893145301875933],[-96.4013874417833,17.924952806887635],[-96.39849419218646,17.930357399668612],[-96.37302738133299,17.930765387589258],[-96.35374897316836,17.915880516408322],[-96.35488946261225,17.912262865458057],[-96.3469974816501,17.890323118585076],[-96.33920805880074,17.887529108800894],[-96.32721659192552,17.872856412876743],[-96.30790852864882,17.885308133306335],[-96.28206629765607,17.875423568427237],[-96.28121949202274,17.872205313285082],[-96.26145144352763,17.865875903843964],[-96.25281285094445,17.832223661044598],[-96.25651303257608,17.828959925169258],[-96.27895036121934,17.824983368558783],[-96.29367874899295,17.815855687821156],[-96.30338671506134,17.820547480998062],[-96.32565943622271,17.825449692102527]]]}},{"type":"Feature","properties":{"clues":"OCIMS004896"},"geometry":{"type":"Polygon","coordinates":[[[-96.17951257969607,16.98658787197198],[-96.17280497654129,16.992515611555632],[-96.1479696869886,16.994216825028627],[-96.14041619184235,17.002306635616055],[-96.11981196902896,16.996628723180375],[-96.11484678014688,16.978717540821183],[-96.1128464385741,16.97679884584319],[-96.10350348874701,16.975216506376146],[-96.10278866003554,16.96400214940261],[-96.092812380165,16.94559740142137],[-96.11977394884028,16.922788270931754],[-96.12296142293371,16.910514394189747],[-96.1638614257453,16.921075530286934],[-96.17333811675707,16.94065540592208],[-96.19873979418186,16.943164151029595],[-96.22255157194394,16.91625743380984],[-96.23541285733344,16.92953916469121],[-96.23813950266077,16.941053596869622],[-96.26295915114156,16.987992320154387],[-96.24283352518178,16.998166566979844],[-96.21999342842159,16.987702857823493],[-96.19762365993978,16.989939609205322],[-96.17951257969607,16.98658787197198]]]}},{"type":"Feature","properties":{"clues":"VZIMB006583"},"geometry":{"type":"Polygon","coordinates":[[[-96.01920823944035,18.1271973551167],[-96.03940912893164,18.12915228278481],[-96.04930959454549,18.13374481843927],[-96.04303629969714,18.149355348979586],[-96.05004374798537,18.1488338498293],[-96.05656274485749,18.160141271968524],[-96.0546060396474,18.16317818637305],[-96.04975888049155,18.164866029227806],[-96.05261220469896,18.18680804875386],[-96.064754163612,18.194412510562994],[-96.06018875695948,18.214062806602783],[-96.05139990051364,18.221996278341877],[-96.04608178814907,18.224024068740732],[-96.03446753076466,18.215967907920483],[-96.02371590913329,18.217945223765874],[-96.02440419621111,18.229880952697908],[-96.02026036408785,18.23227603662004],[-96.00353824596559,18.23190616084394],[-95.99965679555507,18.22550340175916],[-96.00470373559574,18.207391522526944],[-96.00349383489198,18.200894701079246],[-95.99273613020986,18.197733252865287],[-95.98787614707085,18.19162556728305],[-95.98047357209659,18.16797645290121],[-95.99890707360512,18.15506995827477],[-95.99969720134747,18.14600660762512],[-96.00750166695767,18.141098793585414],[-96.01920823944035,18.1271973551167]]]}},{"type":"Feature","properties":{"clues":"VZIMB004862"},"geometry":{"type":"MultiPolygon","coordinates":[[[[-95.78269892922337,17.997685695962396],[-95.76773458188292,18.001934204309343],[-95.76290924101853,17.99217341338487],[-95.78244011117403,17.979037208871464],[-95.78970889887724,17.96858638619427],[-95.79714872994282,17.963565728331748],[-95.81603212222535,17.975484977746376],[-95.81196215796933,17.984538699804077],[-95.79894061608624,17.99115545193568],[-95.78567216201952,17.984683531026214],[-95.78269892922337,17.997685695962396]]],[[[-95.78267842108379,18.05543735223025],[-95.7918726195571,18.06674450603841],[-95.81495919368179,18.077235968615014],[-95.82076987244085,18.07837092998243],[-95.83479887499102,18.096548332534216],[-95.82822627508023,18.097995705009367],[-95.8227326802191,18.101104375465198],[-95.82030072921692,18.099078600387504],[-95.80458909243266,18.09932425150556],[-95.7949660573501,18.10746574017628],[-95.793393114713,18.11223077840775],[-95.7730578418048,18.09831664104326],[-95.76768901435656,18.096900964187434],[-95.75750219290728,18.097385530850453],[-95.75145406791151,18.100374874795335],[-95.74401700035865,18.094181398377795],[-95.74470701552457,18.082300686122398],[-95.74945711425441,18.06730805544904],[-95.74785157488932,18.066602451081376],[-95.74032354594094,18.04551830424854],[-95.74606195901781,18.041531479996404],[-95.7377042905292,18.02049738561047],[-95.7485245091584,18.02227195800788],[-95.75628877620682,18.021332423569923],[-95.76877170322419,18.00782507753406],[-95.77116597873257,18.010551959555436],[-95.77694527589361,18.035524587509016],[-95.78305181467691,18.05142593528888],[-95.78267842108379,18.05543735223025]]]]}},{"type":"Feature","properties":{"clues":"OCIMB002235"},"geometry":{"type":"Polygon","coordinates":[[[-95.6786007721076,17.55538608117289],[-95.66887335606496,17.51798316762308],[-95.69792297073008,17.507619679368702],[-95.70287447198432,17.507653264443253],[-95.71126323569797,17.519191000323218],[-95.74300862924036,17.533825650577032],[-95.75530654781976,17.556356610188313],[-95.77275157497593,17.551998692461105],[-95.78424427291974,17.55289302539322],[-95.80713915788718,17.56136655203653],[-95.80137175637552,17.58493342142354],[-95.78936949666189,17.592968056481116],[-95.77507608512967,17.616545969553854],[-95.76864939316079,17.61675788708547],[-95.7630277481976,17.611832552405094],[-95.75183112417831,17.594524078582133],[-95.73714089851842,17.596576569408487],[-95.71208168254657,17.580151885667476],[-95.70449987251455,17.58294304494137],[-95.6995394049214,17.55392988275598],[-95.68985846591396,17.55586259908709],[-95.6786007721076,17.55538608117289]]]}},{"type":"Feature","properties":{"clues":"OCIMB000181"},"geometry":{"type":"Polygon","coordinates":[[[-95.76623921956515,16.341713994788027],[-95.73560801990598,16.353471759498078],[-95.70867573764858,16.3523252258402],[-95.65576653306564,16.298550045629227],[-95.67209360996866,16.231127683502823],[-95.67427593262745,16.229486363115523],[-95.78602849299153,16.313819400784517],[-95.76623921956515,16.341713994788027]]]}},{"type":"Feature","properties":{"clues":"SCCSA001764"},"geometry":{"type":"Polygon","coordinates":[[[-95.27871844913177,17.34657869505148],[-95.29452596351959,17.331528052646224],[-95.30928045432636,17.353215761844073],[-95.30593656176966,17.366330167609654],[-95.33143626503883,17.376163378848503],[-95.33261729886314,17.354361391604026],[-95.34573649751668,17.338284567319278],[-95.37676193085659,17.37308913268552],[-95.40375338280518,17.388993417770262],[-95.40126195593707,17.40849932607727],[-95.40172428701489,17.420755765365715],[-95.39825286784652,17.433732401180883],[-95.39050064645605,17.44042592130193],[-95.394945679022,17.45393137736389],[-95.3793787974771,17.464263417283068],[-95.36879344808511,17.459302874854586],[-95.37058713084116,17.43894411088894],[-95.38238972755194,17.43615104017283],[-95.38514645972386,17.428246523945948],[-95.38308315955581,17.412749169586736],[-95.37643013655514,17.421192473857893],[-95.36411995049554,17.42419907509704],[-95.36647408454547,17.414229086427177],[-95.35856257416395,17.406569663578527],[-95.33974498234653,17.396956716783457],[-95.33985293421064,17.392655001323785],[-95.3354144819788,17.388585859922607],[-95.29539603089398,17.388795212157977],[-95.2907629029474,17.38082167782358],[-95.27319692501143,17.37058680648509],[-95.27871844913177,17.34657869505148]]]}},{"type":"Feature","properties":{"clues":"VZIMB003940"},"geometry":{"type":"Polygon","coordinates":[[[-95.26305101545316,18.35851593487644],[-95.24355343583905,18.369534845031623],[-95.23831372437003,18.379444664548682],[-95.233287197951,18.38045512888364],[-95.22338056904705,18.37934713345889],[-95.2245744993413,18.365623420075586],[-95.23727107948382,18.35587723565064],[-95.24361656483411,18.347660520846897],[-95.24465037231079,18.34022364951122],[-95.25055751211411,18.334739144987424],[-95.2515629576331,18.3310758947039],[-95.25750831646056,18.323825351668802],[-95.27140128487834,18.317791124571897],[-95.27800487880918,18.328497222253798],[-95.28193046175566,18.343166339034],[-95.2687008072359,18.351703155840415],[-95.26305101545316,18.35851593487644]]]}},{"type":"Feature","properties":{"clues":"VZIMS002203"},"geometry":{"type":"Polygon","coordinates":[[[-95.04288339759842,18.488487909375454],[-95.05791447005353,18.519970631261717],[-95.06746218944332,18.523840083606057],[-95.0750809112177,18.53175177477855],[-95.0755488981587,18.542847088265727],[-95.07787184884805,18.55266121348068],[-95.08296659577886,18.55876830159998],[-95.10263738340382,18.553701420624282],[-95.12999176406406,18.57634647388469],[-95.10870805730325,18.59447415916009],[-95.08035203327312,18.578125509702375],[-95.08098472554359,18.562811847077114],[-95.0530396828862,18.56371709014458],[-95.05054384069223,18.56513201640263],[-95.05087061899215,18.575196927417775],[-95.04617262047412,18.579442772970243],[-95.03619182984502,18.573441249199973],[-95.01723337026486,18.565714379795587],[-94.995717595922,18.558921276235633],[-94.98774521185764,18.55794212873439],[-94.9889139800234,18.556810027882403],[-94.98795482032702,18.55444788958356],[-94.98587933980123,18.55747562984015],[-94.97715684815468,18.556156699118002],[-94.97525377986274,18.558278519756833],[-94.97300616397843,18.557929676439155],[-94.96939723008786,18.554466279598007],[-94.95925794297682,18.55208035506734],[-94.96605663388709,18.538485765519226],[-94.97408411612366,18.530890118377744],[-94.97407360490422,18.523897091671827],[-94.96006276035946,18.517361389355838],[-94.95760972942139,18.51357296364299],[-94.938943011414,18.503612566755773],[-94.93841723261762,18.502437019766614],[-94.94432322979134,18.49148092546782],[-94.93795968735475,18.452472952142653],[-94.96233808789269,18.459962825512946],[-94.99346736899665,18.45866825015715],[-94.99548267808125,18.464716672758527],[-95.01424309640713,18.47339211777478],[-95.0188406535767,18.471214867396014],[-95.03761005371334,18.46927817325753],[-95.04389658878173,18.480657021454896],[-95.04288339759842,18.488487909375454]]]}},{"type":"Feature","properties":{"clues":"OCIMB006213"},"geometry":{"type":"Polygon","coordinates":[[[-95.2049102406345,16.303259619609477],[-95.22243220662175,16.30946886179152],[-95.22648094245865,16.317059455850533],[-95.23035763549032,16.319292382710643],[-95.23574170607246,16.331603144987856],[-95.23091942090126,16.33147551990069],[-95.23146795474854,16.324978737047385],[-95.22555033267707,16.327936523237536],[-95.22361455959606,16.322865995773437],[-95.22128166324882,16.324435821030384],[-95.21664296228246,16.323478523826232],[-95.214644535588,16.318086586579675],[-95.2083448854226,16.326899914590637],[-95.18604860585224,16.329161325205806],[-95.1864264829073,16.323357585004086],[-95.18284017090468,16.319031271758952],[-95.17494048714626,16.302079072209057],[-95.19455287417476,16.277837996469152],[-95.19623711275659,16.27774879876024],[-95.20150827164571,16.283943434678537],[-95.2049102406345,16.303259619609477]]]}},{"type":"Feature","properties":{"clues":"OCIMB000613"},"geometry":{"type":"Polygon","coordinates":[[[-95.06998081653305,16.24672687235852],[-95.10695203747706,16.242750073949175],[-95.12281514834862,16.248086262479685],[-95.13824791801287,16.27137650678287],[-95.15021075369367,16.2849560483569],[-95.1574657129881,16.30203433579139],[-95.1529363465573,16.31070575507401],[-95.13959283558742,16.32233590351445],[-95.13100436697724,16.33882515360362],[-95.12574190417283,16.329381805289998],[-95.11215013741123,16.312336139819827],[-95.11120011400384,16.30427034702927],[-95.10572827854061,16.302001880914194],[-95.0996939731283,16.297127874426817],[-95.096274830667,16.30181359453075],[-95.09615405373751,16.308880308017663],[-95.08384945984898,16.317824772914154],[-95.09597728489851,16.35000275843033],[-95.07617079201952,16.35261000214862],[-95.03588820201382,16.309799223614448],[-95.02573499834378,16.30499580041789],[-95.00715486344967,16.28490419586347],[-95.01439019497947,16.277733974739522],[-95.0399087189826,16.261490502707716],[-95.05238926063959,16.25644587431909],[-95.06998081653305,16.24672687235852]]]}},{"type":"Feature","properties":{"clues":"OCIMB009030"},"geometry":{"type":"Polygon","coordinates":[[[-95.02765538042893,16.963474351115675],[-95.04111310928816,16.93896090124663],[-95.0542934711748,16.95658682137878],[-95.06107644944781,16.957898914757777],[-95.0780385850444,16.95750763219343],[-95.08595409378755,16.98954691990985],[-95.07173873507746,17.005407911205662],[-95.0648580990831,16.998458502883363],[-95.04226245974054,16.98443177884803],[-95.04122424286639,16.97717478876807],[-95.02765538042893,16.963474351115675]]]}},{"type":"Feature","properties":{"clues":"OCIMB009334"},"geometry":{"type":"Polygon","coordinates":[[[-95.04082902184312,16.452392800877575],[-95.04331410527641,16.45885490454219],[-95.04990533991048,16.45477279784709],[-95.0612160782735,16.457034199921207],[-95.05553165401098,16.4652508670858],[-95.04116626854811,16.465695802901024],[-95.03998183415209,16.4678208232167],[-95.03694564723612,16.46860549431273],[-95.02990102135408,16.466053121457442],[-95.0317753309082,16.45835484663502],[-95.02691741436412,16.453584515400998],[-95.02915569236458,16.45165734714816],[-95.03047103003408,16.44727976822935],[-95.0274173217168,16.44496599168822],[-95.0287300166894,16.440703872976805],[-95.03152851837899,16.441074538638265],[-95.03388652188708,16.436482072376297],[-95.03609651881615,16.438932093651403],[-95.03271343024232,16.44175546294466],[-95.03330616508636,16.443403176172726],[-95.03784078249475,16.444482252671097],[-95.0373509247331,16.4514959774147],[-95.04082902184312,16.452392800877575]]]}},{"type":"Feature","properties":{"clues":"VZIMS003253"},"geometry":{"type":"Polygon","coordinates":[[[-94.94865415318706,18.207260976097185],[-94.95207882143545,18.197842277367773],[-94.97796673546212,18.167150972430324],[-94.98908879490884,18.17035641279124],[-94.99857538531383,18.19399231424705],[-94.99575088990684,18.204598763149917],[-94.99898419186768,18.222444335504477],[-94.9699166292501,18.237833764414034],[-94.9554506839753,18.227937116012136],[-94.94865415318706,18.207260976097185]]]}},{"type":"Feature","properties":{"clues":"VZIMB002745"},"geometry":{"type":"Polygon","coordinates":[[[-94.80200002490581,18.2400824955348],[-94.8088364669777,18.202707883113032],[-94.82229911159357,18.19048916292267],[-94.82459044943637,18.190445325375563],[-94.83832277466223,18.201046710713218],[-94.85303493920998,18.20775677671294],[-94.85920589472536,18.213578624350205],[-94.85624597891598,18.223793969526508],[-94.85484644214765,18.23898885225669],[-94.83419040743868,18.252010305515864],[-94.80200002490581,18.2400824955348]]]}},{"type":"Feature","properties":{"clues":"VZIMS005230"},"geometry":{"type":"Polygon","coordinates":[[[-94.82118455111356,17.965977037339968],[-94.82593387157777,17.97548306454054],[-94.8318343270694,17.97569211752963],[-94.84208684112315,17.985183324339854],[-94.8335912383218,17.99803497990454],[-94.84097815256865,18.00631473451551],[-94.83742887787523,18.01753324917726],[-94.83910844460983,18.022074237008592],[-94.83614119695638,18.039966296376146],[-94.83635028883033,18.05607445859214],[-94.82008826926025,18.03315237676249],[-94.80952465676617,18.035367105778846],[-94.80820714436021,18.040331562643885],[-94.81102153339842,18.053098356964927],[-94.80445200095988,18.05383623657202],[-94.79646143596037,18.058753979734743],[-94.79277942529426,18.058122486492653],[-94.78562165479653,18.051893418208458],[-94.78535290208845,18.044676002510446],[-94.77596053160825,18.041162920759945],[-94.76320402063817,18.041659850113234],[-94.75793062822014,18.043577178819163],[-94.75032665573086,18.029554210401724],[-94.73838143033798,18.02845301036928],[-94.7350657684614,18.022934790242704],[-94.73866417254767,18.012676914713193],[-94.74598048702417,18.002114972332794],[-94.74235642183328,17.996309812761574],[-94.73364324142632,17.989471004151582],[-94.7331686793508,17.984876673545212],[-94.75657293143595,17.979252418895406],[-94.75413040538373,17.973289337742365],[-94.75476306750033,17.96935527337678],[-94.76569768822834,17.963495639470167],[-94.76997146294626,17.968843205916535],[-94.77292180348185,17.967835942758683],[-94.78290325805432,17.975134403252966],[-94.78778583900569,17.96874313778372],[-94.78991813550157,17.967952399884847],[-94.79767947886933,17.970283931055],[-94.80109401861971,17.975869898585273],[-94.80464829391867,17.97675101168792],[-94.8151480946901,17.96604298190994],[-94.82118455111356,17.965977037339968]]]}},{"type":"Feature","properties":{"clues":"VZIMB002441"},"geometry":{"type":"Polygon","coordinates":[[[-94.777539905106,17.904085328797205],[-94.78675275600907,17.915109045775306],[-94.79694515789355,17.920706983480226],[-94.8017828983229,17.932202441282538],[-94.8067831590043,17.93437768297527],[-94.81617362219043,17.946952326954104],[-94.81644155006714,17.94939766469408],[-94.8123324777546,17.95478497014626],[-94.81074389642342,17.962493762585204],[-94.80527366038402,17.961932537525822],[-94.79972426451951,17.965851000813494],[-94.79508033363095,17.949088386446665],[-94.78949986808281,17.95241651147782],[-94.78453087746306,17.952469482469613],[-94.78038376570308,17.95455550988358],[-94.77534285926636,17.965120397173497],[-94.77264690810652,17.95821649146997],[-94.75476306750033,17.96935527337678],[-94.75413040538373,17.973289337742365],[-94.75657293143595,17.979252418895406],[-94.7331686793508,17.984876673545212],[-94.73234248297967,17.98027175084231],[-94.71483883871326,17.969521821078203],[-94.71226583017015,17.971267983394313],[-94.70841336601829,17.969606006871125],[-94.70492358598564,17.973382432943357],[-94.69749337206396,17.968585738368517],[-94.69478651072036,17.98714531577605],[-94.69309195109886,17.989753291169322],[-94.6892978368407,17.990408220527843],[-94.6844219550045,17.983163818292997],[-94.6673206060599,17.97052060004088],[-94.6768371160623,17.962153203074582],[-94.67283982314326,17.946745030110332],[-94.67520419226501,17.944550552783635],[-94.67670711152164,17.944290890172066],[-94.68260735702408,17.948791457344235],[-94.68615594254624,17.95823536751998],[-94.69410277505682,17.95613187738177],[-94.70615629145998,17.96134280447247],[-94.7092186234326,17.95901414882954],[-94.71495754588933,17.95854209819479],[-94.71489047966367,17.95492836644919],[-94.71693854708221,17.952332191031132],[-94.71491679443226,17.947327257264423],[-94.71152842531153,17.94710913845395],[-94.71068941063716,17.94355947000609],[-94.7001594282366,17.934944895553336],[-94.69394076505012,17.922260780033124],[-94.69141661054144,17.908583833635944],[-94.69528292472302,17.898203083816906],[-94.7136767885704,17.911205111528048],[-94.7173626199421,17.90827263605352],[-94.73870841654826,17.919068889579318],[-94.7430432601043,17.919155666114143],[-94.75701795234289,17.89957334499809],[-94.777539905106,17.904085328797205]]]}},{"type":"Feature","properties":{"clues":"VZIMS003084"},"geometry":{"type":"Polygon","coordinates":[[[-94.68385930677931,17.53589340357405],[-94.69158553116863,17.53411462263247],[-94.71735033417153,17.545172576315572],[-94.71573431924783,17.55664530024804],[-94.72477839446451,17.583941816862925],[-94.70613532578587,17.616886051049068],[-94.70756171186754,17.622449556495923],[-94.712061098407,17.626706279491692],[-94.7046923501545,17.6512785171732],[-94.68949569087667,17.66439673327177],[-94.68718807111664,17.663736067812376],[-94.67134208900806,17.643334483962246],[-94.66701845734137,17.631286628640712],[-94.65280890533087,17.618302046376535],[-94.62275587372206,17.614625758234705],[-94.6210891076233,17.61215997260256],[-94.57891930650526,17.606689689955363],[-94.58135069634045,17.59315854932357],[-94.57587657968345,17.588214644608975],[-94.55379538030637,17.580329867385064],[-94.55404365864786,17.57885821225546],[-94.57248383008145,17.56920534619547],[-94.57632928790825,17.55305918237444],[-94.58220441854783,17.55472674175592],[-94.5981707951806,17.551483060580193],[-94.60686586745251,17.54513391918814],[-94.60695724385837,17.525696953474394],[-94.60412825405143,17.520825895846126],[-94.6267529964857,17.502558395772095],[-94.64389205548456,17.510106000209735],[-94.65211830445223,17.519502619603244],[-94.66142982285393,17.517719323723593],[-94.68385930677931,17.53589340357405]]]}},{"type":"Feature","properties":{"clues":"VZIMB001111"},"geometry":{"type":"Polygon","coordinates":[[[-94.59601762521329,17.998564815949997],[-94.59828179220105,18.00178258406148],[-94.59881432723068,18.016596668283285],[-94.5953911888995,18.02221836194899],[-94.58719292579426,18.023606031240746],[-94.58482428282775,18.021944789173187],[-94.58154125691028,18.02355446309642],[-94.57726530041711,18.016766342441475],[-94.57245196434283,18.021573782420955],[-94.5671915633014,18.01987402735769],[-94.56528092191849,18.013042399577312],[-94.57019954046038,18.00909182880069],[-94.56883869853002,18.00464965567774],[-94.57667539129866,17.99413133320606],[-94.58643703669357,17.99749771919686],[-94.58724359977317,17.999820323415815],[-94.59601762521329,17.998564815949997]]]}},{"type":"Feature","properties":{"clues":"SCCSA003129"},"geometry":{"type":"Polygon","coordinates":[[[-94.43576313981362,18.154869819743467],[-94.4237055174547,18.156235097097955],[-94.42215568088149,18.148629246941383],[-94.43552281850394,18.14679617409002],[-94.43576313981362,18.154869819743467]]]}},{"type":"Feature","properties":{"clues":"SCCSA003195"},"geometry":{"type":"Polygon","coordinates":[[[-94.3822169505865,17.96918642239959],[-94.3919229581352,17.97185779699105],[-94.39867083158279,17.971671743304377],[-94.40759197911004,17.97965963605772],[-94.3969839772598,17.990999836133128],[-94.39304951683062,17.99039744209096],[-94.37361840042486,18.003358530344148],[-94.36541452978926,18.00474367527425],[-94.36463087188605,18.007403267669474],[-94.354658453773,18.018308674020297],[-94.3436083394034,18.014338808613257],[-94.33886521042731,18.014323756144588],[-94.33570832908427,18.016395574689675],[-94.33010277075434,18.008710962064274],[-94.32601843659499,18.0066551935919],[-94.32330879831312,17.986218534392698],[-94.33725303762344,17.986139340536194],[-94.35121888625642,17.9987136948193],[-94.36315849533084,18.000133725497346],[-94.36602871917754,17.977023449895675],[-94.3822169505865,17.96918642239959]]]}},{"type":"Feature","properties":{"clues":"SCCSA002130"},"geometry":{"type":"Polygon","coordinates":[[[-98.43509909899973,19.265924256108367],[-98.43989477587398,19.268059294696045],[-98.44127316514432,19.27113015946615],[-98.44790294604417,19.266646135066125],[-98.45575859509653,19.270497196016997],[-98.45708965771964,19.268123843459414],[-98.4628251278917,19.270421560622502],[-98.4648685903911,19.275350828941743],[-98.45475599679118,19.283141318021105],[-98.45347843671873,19.286008956034905],[-98.45757511626813,19.295433404358754],[-98.45177506223718,19.299147448140246],[-98.45026920760905,19.302044435802465],[-98.4429874799947,19.299074146596656],[-98.43951986206531,19.30133977210064],[-98.43441500664777,19.300322891914444],[-98.43140366245582,19.304507139805164],[-98.43259769531359,19.314824936373686],[-98.43580335607645,19.3182257499553],[-98.42824978016245,19.329517222586155],[-98.41833158494337,19.332639764913793],[-98.41451730724238,19.320649095566473],[-98.4105370093676,19.313942991199482],[-98.40688203011668,19.31240766206801],[-98.4079756018298,19.307874415369977],[-98.41316685995719,19.299415311668618],[-98.41642454533512,19.29962533839944],[-98.42569941936618,19.29359843253242],[-98.4266492241109,19.29055472085289],[-98.42441860189014,19.284482469039315],[-98.4176638085229,19.283954043942643],[-98.41913418100187,19.2768361606162],[-98.41769866066235,19.273576285414716],[-98.42319356771934,19.271164542113105],[-98.42475001765467,19.263627307192404],[-98.4301604265107,19.263414139633365],[-98.43320616143903,19.266701769572208],[-98.43509909899973,19.265924256108367]]]}},{"type":"Feature","properties":{"clues":"PLIMB005485"},"geometry":{"type":"Polygon","coordinates":[[[-98.3067390404192,19.103804436018923],[-98.31254599676467,19.10652774161171],[-98.31288911748938,19.113592886723715],[-98.32253193098387,19.11036443305473],[-98.32268300685493,19.116652341543837],[-98.31480816751176,19.118950376852748],[-98.31475653286515,19.121114662851834],[-98.32774820998335,19.129496095764832],[-98.33030422680447,19.134916559100382],[-98.31407561779855,19.131333967124654],[-98.30614667584857,19.131676914265505],[-98.29618749299965,19.136724397749145],[-98.29254294134277,19.131714946404248],[-98.29191273091305,19.12029362932975],[-98.28725910325596,19.119153702695748],[-98.28864640237565,19.11057360565875],[-98.29310131603627,19.10667930079863],[-98.29101601253672,19.099695534661038],[-98.29532611244524,19.092512034813442],[-98.29748413526917,19.09721650742498],[-98.3019083479224,19.100823404552283],[-98.3030186989567,19.10427609781218],[-98.3067390404192,19.103804436018923]]]}},{"type":"Feature","properties":{"clues":"PLIMB001821"},"geometry":{"type":"Polygon","coordinates":[[[-98.23930440110988,18.939050077866483],[-98.24698872009361,18.9381419136578],[-98.25706895936067,18.942674557050424],[-98.25737288091841,18.951287283953793],[-98.2503620463605,18.952927138714806],[-98.24793151531472,18.955312183146045],[-98.2484330406958,18.957539443856167],[-98.23996538099675,18.962086876732528],[-98.23580093996104,18.95881623275251],[-98.23220906657758,18.959983137746313],[-98.23082233960282,18.957760351022728],[-98.2236681724807,18.958929252966303],[-98.21643663198842,18.957664791011133],[-98.20712547398008,18.96179906867808],[-98.20394659442303,18.958177397871985],[-98.21245735191064,18.95174933708918],[-98.2154425607398,18.95404304185155],[-98.2181038155991,18.952302513429185],[-98.22256657632514,18.939422699314044],[-98.21635050421045,18.927024956400857],[-98.22104456286577,18.923435777492575],[-98.22759738290476,18.92431324715961],[-98.23930440110988,18.939050077866483]]]}},{"type":"Feature","properties":{"clues":"PLIMB001816"},"geometry":{"type":"Polygon","coordinates":[[[-98.21502040348187,19.101671769348975],[-98.21969191038696,19.102879942783137],[-98.22417795550655,19.114157640719412],[-98.22621296936806,19.115417254847568],[-98.22402334085953,19.121582495026324],[-98.21816868530011,19.1240755203098],[-98.2183893408582,19.133552768929665],[-98.21215168894182,19.13345856535436],[-98.20359214478226,19.122733656252066],[-98.20053412307394,19.123571940796687],[-98.19452422729604,19.120472846585066],[-98.1878910440756,19.1128327742128],[-98.1802010574804,19.11382831178915],[-98.17798426636432,19.10941477285134],[-98.18545240403164,19.103411727774],[-98.18507041387456,19.100137060500582],[-98.18741440288126,19.09785774463175],[-98.19253412576194,19.099245594619223],[-98.19960387298576,19.09440428136015],[-98.19921832946036,19.08241027824716],[-98.20107498234992,19.081818256460522],[-98.20691626618803,19.08857859296235],[-98.20601360482632,19.093917311839487],[-98.20748442907814,19.09501057763605],[-98.21302951727453,19.09358903131083],[-98.21522777582311,19.088086592903807],[-98.22046145616366,19.088766150161568],[-98.22148685538518,19.092937788497903],[-98.2190914122501,19.096042688549797],[-98.21669084318731,19.096671566570343],[-98.21502040348187,19.101671769348975]]]}},{"type":"Feature","properties":{"clues":"TLIMB001441"},"geometry":{"type":"Polygon","coordinates":[[[-98.12743393323602,19.302123890341278],[-98.12763759085419,19.284596571690695],[-98.13496819371983,19.290066078558077],[-98.13938386381747,19.296937542253666],[-98.14424896216799,19.29804854796748],[-98.14651859285132,19.3028917408583],[-98.15424040535014,19.299957024795376],[-98.16005981713866,19.305843112407644],[-98.16087396164488,19.310014894648084],[-98.15771277021162,19.312176572859094],[-98.14916469112931,19.311800038002986],[-98.1454804400346,19.321103889585057],[-98.1363958551033,19.320523919121204],[-98.13199615968793,19.304806428775546],[-98.12743393323602,19.302123890341278]]]}},{"type":"Feature","properties":{"clues":"TLIMB001745"},"geometry":{"type":"Polygon","coordinates":[[[-98.10560731537011,19.418538270914357],[-98.11016254745962,19.429798186601012],[-98.11977903677952,19.435418644240578],[-98.11438827027646,19.442957606388763],[-98.11809825676949,19.454138042911868],[-98.11708170382697,19.45533300803007],[-98.09832891229316,19.467946766369803],[-98.0937622861305,19.47829719520283],[-98.08801729362659,19.481677562664764],[-98.08297714224494,19.492761184691958],[-98.0722853380395,19.49569269943247],[-98.06503152581294,19.495223394715172],[-98.06034390634927,19.48931249114406],[-98.04846724404028,19.485289621514575],[-98.05357605026288,19.477792727500056],[-98.04882548073205,19.47012139086518],[-98.04987368165614,19.4637193580996],[-98.06306677522977,19.461879796288297],[-98.06883923324993,19.44995485480246],[-98.07596723637994,19.450029791180725],[-98.07985856747379,19.44692749503497],[-98.09192825243477,19.444672585579422],[-98.0931672483145,19.4435126159721],[-98.0932685051271,19.438239824779956],[-98.08261282397024,19.433745441985366],[-98.08134626321139,19.432035741768694],[-98.08888697213456,19.422529299567497],[-98.09302470424348,19.42370903398726],[-98.10162585243901,19.41860021701188],[-98.10560731537011,19.418538270914357]]]}},{"type":"Feature","properties":{"clues":"SCCSA003038"},"geometry":{"type":"Polygon","coordinates":[[[-98.01062736041781,19.522890303533888],[-98.00035061721589,19.527300817623786],[-97.98208847154974,19.521520297449367],[-97.97055910149942,19.51419789923616],[-98.00831402733911,19.492306215809453],[-98.01265108413341,19.49990599267223],[-98.01488385662184,19.513504805203304],[-98.01062736041781,19.522890303533888]]]}},{"type":"Feature","properties":{"clues":"SCCSA002107"},"geometry":{"type":"Polygon","coordinates":[[[-97.88763856221134,20.552818631154633],[-97.89721054579924,20.543700564741172],[-97.90749624154856,20.54900686880452],[-97.91221372673171,20.547418719551754],[-97.91893295644716,20.554629476129037],[-97.93248393206542,20.554320624771407],[-97.93475810882106,20.541434977105013],[-97.9511176807067,20.53752569412431],[-97.95585738095787,20.539045026289507],[-97.96138189083935,20.559814203443842],[-97.94566686413425,20.56752139432509],[-97.94083445829864,20.578610657292963],[-97.94212133105452,20.591246904154847],[-97.92174581978261,20.594847640719294],[-97.91151376722397,20.580662927243953],[-97.91269690063729,20.577018259102275],[-97.90477448644735,20.561180403207576],[-97.88763856221134,20.552818631154633]]]}},{"type":"Feature","properties":{"clues":"TLIMB001663"},"geometry":{"type":"Polygon","coordinates":[[[-97.94568760409398,19.474500436891525],[-97.94480676737261,19.48849359173708],[-97.9412652340005,19.493436561092317],[-97.93737774155376,19.494381158897582],[-97.9315459112013,19.49895448110718],[-97.92343077246483,19.49907435013122],[-97.91819209632595,19.49541042954509],[-97.91272882742686,19.494024298197907],[-97.89964369831694,19.499598710771572],[-97.89524259614866,19.49722599681217],[-97.89261731336356,19.480692689360843],[-97.89527303942182,19.47942910175041],[-97.89850012962954,19.48004879217304],[-97.91492397446257,19.471493568370967],[-97.91330675977719,19.457948949129687],[-97.92184090236178,19.451885809572076],[-97.92495754974331,19.447335546428228],[-97.92303048092937,19.43656512683233],[-97.92546754690188,19.427177930901568],[-97.93438106265154,19.42292386383257],[-97.9398634301814,19.426760947374525],[-97.94837146838285,19.453624525589035],[-97.94111244207483,19.45788666473935],[-97.94068449537009,19.462342003442537],[-97.94568760409398,19.474500436891525]]]}},{"type":"Feature","properties":{"clues":"PLIMB006120"},"geometry":{"type":"Polygon","coordinates":[[[-97.91036404590753,19.063093090828332],[-97.92188812517809,19.04904366847153],[-97.92633164420157,19.054952757860583],[-97.93583396294743,19.055604903231355],[-97.93806332596695,19.05855627585423],[-97.93692354098461,19.065255985977434],[-97.93465577371956,19.068062380188827],[-97.91036404590753,19.063093090828332]]]}},{"type":"Feature","properties":{"clues":"VZIMS005691"},"geometry":{"type":"Polygon","coordinates":[[[-97.90480043582649,20.829720896151443],[-97.9032708452396,20.833473350797995],[-97.91177303314271,20.86144157960426],[-97.90052163843934,20.867112813374987],[-97.90506728244863,20.889829850705347],[-97.8879158056655,20.898428167449936],[-97.88684151141068,20.903479435448315],[-97.8842738081664,20.906966795713092],[-97.88361801636947,20.928700322679333],[-97.87099967350277,20.93526804083586],[-97.86318348334528,20.919176532927317],[-97.86870373976095,20.906936461524335],[-97.86663696838046,20.89411667204571],[-97.8737035678762,20.886061975815903],[-97.86913978282728,20.88033448165867],[-97.84906502331594,20.88218165233514],[-97.83346399898254,20.857652376209835],[-97.84632926979391,20.840539908675428],[-97.85539527206446,20.834815496395155],[-97.85958570992737,20.820527498382884],[-97.85931511741317,20.81099874258338],[-97.86659107573244,20.80069061611292],[-97.89665182681249,20.8125362569614],[-97.89329589297958,20.789758999621466],[-97.89598354005321,20.782794753291647],[-97.91045768811098,20.77495518208869],[-97.9214688300007,20.790494631967075],[-97.92043077127327,20.806622362986392],[-97.91542253984198,20.811800079567977],[-97.90186797467214,20.817949364198906],[-97.90480043582649,20.829720896151443]]]}},{"type":"Feature","properties":{"clues":"SCCSA002068"},"geometry":{"type":"Polygon","coordinates":[[[-97.82807729985359,19.481123817217036],[-97.82039662327936,19.46917701956985],[-97.83219474301609,19.458516820415724],[-97.85478608277093,19.459695237907436],[-97.85719519509215,19.461894904139374],[-97.86657628130739,19.482605211246103],[-97.85817241032117,19.507002297032667],[-97.8573775909892,19.51668983609447],[-97.84652307126422,19.523451616134476],[-97.84341032217236,19.522588110986902],[-97.83556544605135,19.489145839637658],[-97.83231110890502,19.484213601584024],[-97.82807729985359,19.481123817217036]]]}},{"type":"Feature","properties":{"clues":"PLIMB002656"},"geometry":{"type":"Polygon","coordinates":[[[-97.81149518767769,19.973954307125407],[-97.81198458631643,19.98006878784435],[-97.80238472034519,19.983309303246575],[-97.79306077419585,19.98307968324891],[-97.78263864177511,19.980726038053465],[-97.78157988978542,19.958620268832078],[-97.78570402022669,19.95405976520767],[-97.79838998412278,19.95143883020925],[-97.80172690034783,19.944778631498842],[-97.81767409846049,19.943209940846636],[-97.82352595614203,19.94695242746119],[-97.81149518767769,19.973954307125407]]]}},{"type":"Feature","properties":{"clues":"PLIMB001331"},"geometry":{"type":"Polygon","coordinates":[[[-97.79901093400652,19.538734202007312],[-97.800759459945,19.546048202398723],[-97.80668423078093,19.55221889624954],[-97.80032376395478,19.565300637344894],[-97.78717110729052,19.566471939463725],[-97.78495555031449,19.57404529320117],[-97.77015845654819,19.572441808328282],[-97.76675682558667,19.56773553983898],[-97.76836142829546,19.564205299677578],[-97.7648101689997,19.545731117379983],[-97.75963198389225,19.545635380431918],[-97.75517666887053,19.522191177434],[-97.75812783477042,19.52081476908115],[-97.78005332209842,19.528216810137682],[-97.78779239169714,19.500397852457244],[-97.79061094230433,19.49789059326491],[-97.80213862535126,19.508605589215456],[-97.79668486690504,19.53725406735964],[-97.79901093400652,19.538734202007312]]]}},{"type":"Feature","properties":{"clues":"PLIMS001904"},"geometry":{"type":"Polygon","coordinates":[[[-97.72094848523061,19.89529954169626],[-97.72308538333895,19.893470538666154],[-97.75001708484466,19.904380302903984],[-97.75324970961299,19.920161761262747],[-97.74523192829552,19.94793813528301],[-97.73967669418367,19.949152197087326],[-97.73077226600944,19.9432233704149],[-97.71654254294825,19.93768376205967],[-97.70925098385487,19.92847437495728],[-97.70363566407876,19.92848350553335],[-97.70442961742214,19.91574614300609],[-97.70780855785019,19.913431288790207],[-97.7092238471386,19.908324154854455],[-97.70926613661779,19.897908555147904],[-97.72094848523061,19.89529954169626]]]}},{"type":"Feature","properties":{"clues":"PLIMS001682"},"geometry":{"type":"Polygon","coordinates":[[[-97.74299701802735,20.10531687447541],[-97.74907035050649,20.105821056729987],[-97.76301083586002,20.124129071445875],[-97.75242134913262,20.133835302473553],[-97.75110814386075,20.137390986906873],[-97.74848561829108,20.138602265440134],[-97.7331577860583,20.13477306304487],[-97.72756019212858,20.140514835549194],[-97.72165458133799,20.1395901307219],[-97.71783632390492,20.12812808661689],[-97.71751079925428,20.120275612065548],[-97.729038580286,20.120901258081858],[-97.7394587311234,20.11412624987845],[-97.74299701802735,20.10531687447541]]]}},{"type":"Feature","properties":{"clues":"PLIMB001570"},"geometry":{"type":"Polygon","coordinates":[[[-97.68517561478038,19.09793394336696],[-97.69807887551738,19.10100846806911],[-97.69952879353652,19.10029750073372],[-97.707375793827,19.117375891909926],[-97.70688177125518,19.120960892945646],[-97.69803603905505,19.12382324841132],[-97.69512072005972,19.128184322696598],[-97.69264649777392,19.13843275031617],[-97.69513123940307,19.143265559546993],[-97.69387311312856,19.16166707761333],[-97.69279258933234,19.161988949197994],[-97.6655226795326,19.142471558571817],[-97.66754306764643,19.13585799953641],[-97.67532286148196,19.12921703310917],[-97.67708353054563,19.12415531625786],[-97.66942053611467,19.111472255622107],[-97.68517561478038,19.09793394336696]]]}},{"type":"Feature","properties":{"clues":"PLIMB004971"},"geometry":{"type":"Polygon","coordinates":[[[-97.66028852724538,19.000710092099848],[-97.66899248644701,18.98472090102358],[-97.68457970772607,18.995163249983722],[-97.67716571222441,19.005085594715236],[-97.67766228845653,19.00672765931236],[-97.67486057243322,19.012523731882247],[-97.66810664710363,19.01358810180416],[-97.67328556568937,19.033434972927857],[-97.64665126296411,19.0491685740881],[-97.6366810032805,19.045623212489193],[-97.63282798672795,19.035790321322672],[-97.6416596931575,19.02294944896111],[-97.65913763160597,19.006444081348246],[-97.66028852724538,19.000710092099848]]]}},{"type":"Feature","properties":{"clues":"PLIMB001681"},"geometry":{"type":"Polygon","coordinates":[[[-97.64096314820164,20.126186332664556],[-97.63417160943466,20.11921053459001],[-97.63889797942632,20.10898776848064],[-97.65202105459483,20.106608233816424],[-97.65697584814875,20.11426544099802],[-97.66969803546993,20.113524691688273],[-97.67032580569646,20.1203543282021],[-97.67951524179111,20.1289272512581],[-97.68278054232373,20.138960864000673],[-97.66502832282882,20.1368475319132],[-97.65827855949911,20.155465141407806],[-97.65270768825485,20.152978439443302],[-97.64981484433406,20.14842877388902],[-97.65254185749204,20.138179474371263],[-97.6565974760748,20.133776817023215],[-97.64533006267708,20.12609943390648],[-97.64096314820164,20.126186332664556]]]}},{"type":"Feature","properties":{"clues":"VZIMB005026"},"geometry":{"type":"Polygon","coordinates":[[[-97.62286223699346,20.52229902888885],[-97.63756056426088,20.530716721438452],[-97.64709409608267,20.5413667038818],[-97.65205162947915,20.541637281325833],[-97.65711426289737,20.553303840227333],[-97.66324271304524,20.559460043486776],[-97.66374474751528,20.585041254146805],[-97.64892005591085,20.584708949297454],[-97.62944720927256,20.591332641235464],[-97.62885958135914,20.592729156924154],[-97.606478685181,20.592028759035244],[-97.59762412728257,20.58817063687259],[-97.59518982690115,20.59719631055966],[-97.587179339936,20.604236793541975],[-97.57130197020493,20.604942415701654],[-97.55903541863887,20.59869208651409],[-97.56302877325169,20.589023330692605],[-97.5501361113644,20.57498345486303],[-97.5586595190831,20.564207672416725],[-97.57873900873005,20.549739769552918],[-97.57875859826096,20.54798016240434],[-97.58447457912739,20.541008468547776],[-97.60227665233893,20.535153039450552],[-97.6041996522788,20.53597301345548],[-97.62286223699346,20.52229902888885]]]}},{"type":"Feature","properties":{"clues":"VZIMB001683"},"geometry":{"type":"Polygon","coordinates":[[[-97.58567720055261,20.196733083465215],[-97.6009135995254,20.189682832606792],[-97.60545092303799,20.204936383686793],[-97.61167339944151,20.212092760272082],[-97.60573434979992,20.219145304918577],[-97.60473832680978,20.238320150632006],[-97.60384752937618,20.239115658987796],[-97.58800489416119,20.235204939014103],[-97.57996818335855,20.24106621906306],[-97.57182006790828,20.25083592220665],[-97.56106370840085,20.2478088621719],[-97.56007641407128,20.233698452824207],[-97.57025867906083,20.225351977967815],[-97.57441365815522,20.21975214588663],[-97.571730526503,20.210835598788922],[-97.57556445872571,20.20457784043395],[-97.58125133360241,20.20220693413543],[-97.58567720055261,20.196733083465215]]]}},{"type":"Feature","properties":{"clues":"PLIMB000520"},"geometry":{"type":"Polygon","coordinates":[[[-97.5374800433618,20.038740400821208],[-97.5487630464742,20.037279030542198],[-97.5527509157585,20.04295280720737],[-97.5511113754164,20.058174169045746],[-97.54486540972997,20.068418497404142],[-97.54164117258205,20.084186060780517],[-97.53976729447128,20.084490754358594],[-97.5321504358653,20.097679962331032],[-97.52703226993249,20.09801682467406],[-97.52608378923216,20.092749249626394],[-97.52823112305767,20.082796291888485],[-97.5193606237239,20.08345667371428],[-97.5186579028175,20.077722987306892],[-97.52401399769327,20.075089427503826],[-97.52626595153764,20.07570939255313],[-97.53523927562912,20.068643826164312],[-97.531485018284,20.062817012725304],[-97.52371721996903,20.057370571563766],[-97.52388773877605,20.053580517229808],[-97.52727625594001,20.04941422420178],[-97.53353119387522,20.0468983023994],[-97.5374800433618,20.038740400821208]]]}},{"type":"Feature","properties":{"clues":"SCCSA002021"},"geometry":{"type":"Polygon","coordinates":[[[-97.51872989266221,19.693820083157195],[-97.48424422762304,19.704728647318138],[-97.47990457822222,19.70437979780917],[-97.48420132307079,19.65491729063718],[-97.48876325174335,19.65599183078672],[-97.51879213015734,19.678491996915035],[-97.51872989266221,19.693820083157195]]]}},{"type":"Feature","properties":{"clues":"PLIMS003251"},"geometry":{"type":"Polygon","coordinates":[[[-97.4867061958595,19.916734913181987],[-97.50250855296929,19.89880756637014],[-97.50804729294553,19.89743188189196],[-97.52988653049592,19.90827787803009],[-97.51880202327074,19.92517365034249],[-97.5103198410142,19.929914912149886],[-97.50975659758763,19.93630214234451],[-97.51409105710862,19.95396428590341],[-97.50004460553662,19.961983269396477],[-97.48422652145693,19.961256795680935],[-97.47976540129872,19.94583393175935],[-97.4810279144331,19.942348675697442],[-97.47442085728208,19.932980472341292],[-97.48918901964643,19.921170344571863],[-97.4867061958595,19.916734913181987]]]}},{"type":"Feature","properties":{"clues":"PLIMS001822"},"geometry":{"type":"Polygon","coordinates":[[[-97.40899762804997,19.862233944386947],[-97.42122005150732,19.868056110023986],[-97.43654697514853,19.86259891279499],[-97.44059448966892,19.87051873292615],[-97.4392698228231,19.87449650372503],[-97.42821718681968,19.87841379589821],[-97.42948947739838,19.884377493064438],[-97.4351038728625,19.887743936895177],[-97.43582028448454,19.89255528972302],[-97.43375269338816,19.896375704796853],[-97.42718158377714,19.90072557030107],[-97.42412750764517,19.92766742661949],[-97.41552834374127,19.935090301782395],[-97.39793142493762,19.937368173812636],[-97.37472404868504,19.911219873795492],[-97.3793709383617,19.90338793807416],[-97.39196987154838,19.900241789960877],[-97.39667888745842,19.895213313411908],[-97.4056349599871,19.878770228076103],[-97.40520393269998,19.870998084045425],[-97.40899762804997,19.862233944386947]]]}},{"type":"Feature","properties":{"clues":"PLIMB005135"},"geometry":{"type":"Polygon","coordinates":[[[-97.37666785952851,18.797154874117602],[-97.37286142256892,18.788894511570557],[-97.3794995743697,18.767284430517037],[-97.3865786840682,18.76088506128982],[-97.39322315428865,18.750926440390163],[-97.39781550041752,18.749112606991602],[-97.41115920611112,18.757898660334455],[-97.40798080790651,18.77394636397949],[-97.42822652612911,18.782177056866193],[-97.44353949548776,18.78471628543803],[-97.44570127339236,18.79038106521741],[-97.43981172082265,18.795344209037854],[-97.40695563360559,18.80375776322935],[-97.3980656601374,18.79199824136317],[-97.39517255015407,18.79037523786382],[-97.37666785952851,18.797154874117602]]]}},{"type":"Feature","properties":{"clues":"PLIMS001455"},"geometry":{"type":"Polygon","coordinates":[[[-97.39048720757735,19.792962680984452],[-97.38838528906936,19.79901002015325],[-97.38304467135671,19.80108069005602],[-97.38322331230675,19.80552569237266],[-97.37669624675554,19.80948506979683],[-97.37368394123385,19.80584110688573],[-97.37682865553771,19.800455144718498],[-97.37382164676504,19.797533603571033],[-97.37145051680234,19.79752393235372],[-97.36790365280427,19.794962680829812],[-97.36217007999308,19.798706068546966],[-97.35383151368568,19.79764671629093],[-97.36238400957379,19.784561023146143],[-97.36516093218773,19.773748806456894],[-97.37570236537415,19.77415451402701],[-97.39154162513134,19.757277796410516],[-97.39498954767286,19.758036109887644],[-97.3994125093843,19.76417612844331],[-97.39667727583026,19.771288873290768],[-97.38721079944297,19.783615678362168],[-97.39338806141781,19.791187729684534],[-97.39048720757735,19.792962680984452]]]}},{"type":"Feature","properties":{"clues":"PLIMS002201"},"geometry":{"type":"Polygon","coordinates":[[[-97.35842017710401,18.71735822047027],[-97.37442777515909,18.72237845312948],[-97.39322315428865,18.750926440390163],[-97.38669186597798,18.760146046117644],[-97.36402612596328,18.745906052400667],[-97.36147987189838,18.747087657717252],[-97.35925372359483,18.762116613393975],[-97.36191667081847,18.765196019644836],[-97.3794995743697,18.767284430517037],[-97.37286142256892,18.788894511570557],[-97.35966218665764,18.78281859101694],[-97.34664954988624,18.789407521371377],[-97.33909325155389,18.780283472725888],[-97.33537065728837,18.778544550000394],[-97.33484104829307,18.76064209789982],[-97.33806012866842,18.75873495906168],[-97.34418543147949,18.74306172531481],[-97.34867890664802,18.720806716976256],[-97.35842017710401,18.71735822047027]]]}},{"type":"Feature","properties":{"clues":"PLIMB001220"},"geometry":{"type":"Polygon","coordinates":[[[-97.32176897416525,19.981286988779047],[-97.32097384343582,19.987873390467875],[-97.3266508551253,19.997671447924994],[-97.3188419574458,20.01160469211484],[-97.31803962039689,20.02271218539612],[-97.32181377679956,20.02640307368886],[-97.32138070922227,20.047642542003832],[-97.30485515391815,20.067422207659803],[-97.30223736911697,20.068655148904092],[-97.29839193776479,20.06786599122994],[-97.29271664735698,20.05813920141219],[-97.29300813107369,20.0468965457698],[-97.30053726923231,20.029003434235076],[-97.28655609764321,20.020346224407753],[-97.2813434473582,20.020187035996656],[-97.27402371362466,20.029384405089747],[-97.26025494274245,20.032905467940346],[-97.25453012270548,20.032906145233415],[-97.26743836985223,20.005018802180434],[-97.2719691090491,19.999304210368873],[-97.28633733887919,19.99638777318987],[-97.28795029818893,19.986424327836872],[-97.28548375562303,19.97421254484818],[-97.28275765378298,19.97217759359636],[-97.27556282234066,19.974807393165307],[-97.2624861772834,19.969924779346954],[-97.26625022308971,19.95312097347276],[-97.27973191327801,19.956919478641602],[-97.28313526530111,19.96110328806905],[-97.28782431075429,19.960843841289776],[-97.30204616098682,19.965411294602077],[-97.30550920014817,19.967968398153907],[-97.31159768739954,19.965116889099786],[-97.32141371357291,19.967653066825743],[-97.32369507105545,19.978075334837776],[-97.32176897416525,19.981286988779047]]]}},{"type":"Feature","properties":{"clues":"VZIMS004530"},"geometry":{"type":"Polygon","coordinates":[[[-97.2654686364898,20.275593558603035],[-97.26931530966817,20.269684975390753],[-97.2864501327812,20.264534091100153],[-97.29938080088493,20.27540935205697],[-97.29771081017579,20.288470494698974],[-97.28917313236457,20.31077758797926],[-97.26599402968122,20.29916909349881],[-97.26314525055986,20.294668844771873],[-97.26709978651174,20.282895679921193],[-97.2654686364898,20.275593558603035]]]}},{"type":"Feature","properties":{"clues":"VZIMB002663"},"geometry":{"type":"Polygon","coordinates":[[[-97.23736497869209,18.946084498463016],[-97.23544949155647,18.935655590397754],[-97.24342193763876,18.927776727992338],[-97.26475212971566,18.93491097056897],[-97.26697184524711,18.93401719256042],[-97.28512455273346,19.018450330449255],[-97.27654104988414,19.009112722200438],[-97.24951397012332,18.97220952166151],[-97.22162642086046,18.97946503703117],[-97.21987854738282,18.978413622412305],[-97.22176186273866,18.96754457538468],[-97.2356568920215,18.961251492631796],[-97.24439874586795,18.96157170019922],[-97.23736497869209,18.946084498463016]]]}},{"type":"Feature","properties":{"clues":"VZIMB006810"},"geometry":{"type":"Polygon","coordinates":[[[-97.20225407340635,19.422648790492637],[-97.21300740530101,19.434541348310315],[-97.22093501907787,19.44604738623896],[-97.22634869652758,19.476586970516788],[-97.22186068187902,19.484533802599653],[-97.16765358675805,19.487342626481016],[-97.15739597994126,19.464873542550105],[-97.1643440251924,19.45046654718192],[-97.17256852636005,19.43902714657365],[-97.179433120592,19.423056241532187],[-97.20225407340635,19.422648790492637]]]}},{"type":"Feature","properties":{"clues":"PLIMS002440"},"geometry":{"type":"Polygon","coordinates":[[[-97.11802131318056,19.26364981305558],[-97.12807203575372,19.260141782968184],[-97.1358427071352,19.270816733299295],[-97.14479870421543,19.272772305948514],[-97.14446429508573,19.285886132415843],[-97.14691653216369,19.29710379940202],[-97.17271690798,19.287343209864037],[-97.176906305216,19.2884725974819],[-97.17089668139367,19.31968827079179],[-97.14146456954565,19.323215216125167],[-97.12883124266494,19.328112456135567],[-97.1115974888383,19.31837567854124],[-97.0984270672312,19.325211027734863],[-97.0774797848457,19.320545804133644],[-97.05508692303223,19.320215365783596],[-97.05374012503812,19.319227577617745],[-97.04969217218267,19.309319852337403],[-97.05008783529024,19.306353243532772],[-97.0734050265242,19.30330139849471],[-97.07668220476516,19.306988978520316],[-97.09599385042758,19.301531414206632],[-97.10206172102494,19.302661865822618],[-97.1060686248738,19.291007124607127],[-97.10386488163093,19.278805003926855],[-97.1144576863802,19.27279529759999],[-97.11802131318056,19.26364981305558]]]}},{"type":"Feature","properties":{"clues":"VZIMB001823"},"geometry":{"type":"Polygon","coordinates":[[[-97.05949089171827,20.401102771008897],[-97.06143282462385,20.390297441765636],[-97.06586169055502,20.381787059316775],[-97.07341206308045,20.377815577550102],[-97.07734867534552,20.379142569027508],[-97.10587426594401,20.371165197274774],[-97.1110520475097,20.37607073698804],[-97.11126261926617,20.390781046232213],[-97.13971936593454,20.399075021812305],[-97.15405055907922,20.409570848314143],[-97.15017243751224,20.42599106263741],[-97.1571289763098,20.43087709838475],[-97.1517359781672,20.44550344292546],[-97.13428037812862,20.446259219887306],[-97.1324144638177,20.437454634806183],[-97.1253223726403,20.425074428320084],[-97.11799812879666,20.424114280409935],[-97.11648235146922,20.411997366323316],[-97.10728856375448,20.398659301703535],[-97.10041996291483,20.403466968891127],[-97.09051790455179,20.40730215437071],[-97.08015205019025,20.401122364737972],[-97.06125170200572,20.402575084181528],[-97.05949089171827,20.401102771008897]]]}},{"type":"Feature","properties":{"clues":"VZIMB000522"},"geometry":{"type":"Polygon","coordinates":[[[-97.09924768055268,19.96067581590643],[-97.1126261248502,19.964378782138326],[-97.12065295176355,19.97138238633109],[-97.11534625729051,19.98044952767988],[-97.12207714486082,19.994856971834867],[-97.12214081454238,19.999679608776894],[-97.130650799039,20.0044425102689],[-97.13048137394343,20.01380201078004],[-97.12092980939713,20.022074470043822],[-97.11054386573593,20.01359909827953],[-97.10108661248954,20.018562779096865],[-97.10272015545037,20.02709053910565],[-97.09437389793959,20.037737116388666],[-97.08694302393423,20.037740388820243],[-97.07846652815631,20.02655135243577],[-97.07905730261021,20.009778228603746],[-97.08201634600302,20.002053685274035],[-97.08779468439693,19.994991236880043],[-97.08942182948385,19.975949724598514],[-97.08818314949869,19.97168611633521],[-97.09924768055268,19.96067581590643]]]}},{"type":"Feature","properties":{"clues":"VZIMS002442"},"geometry":{"type":"Polygon","coordinates":[[[-97.05601740974276,19.04715293539658],[-97.05178743186256,19.042852689573586],[-97.05216431411571,19.026829004490402],[-97.06045944287105,19.018270892586283],[-97.0681374623872,19.028993668798766],[-97.07214643069635,19.03877608252713],[-97.08287163709207,19.03880138471081],[-97.08528899029514,19.033185846811943],[-97.10038317291273,19.03242679292817],[-97.10173464243688,19.03571548780432],[-97.09729167670265,19.04752789402583],[-97.09452462747403,19.051624898561823],[-97.09001886640146,19.05322503868482],[-97.08340743246447,19.047017295537245],[-97.07546777732776,19.049517121050734],[-97.07079419717402,19.053750712789224],[-97.06172033493016,19.04781072852587],[-97.05601740974276,19.04715293539658]]]}},{"type":"Feature","properties":{"clues":"PLIMS001332"},"geometry":{"type":"Polygon","coordinates":[[[-97.0663485072665,19.219382623072274],[-97.06315585486136,19.211271701029165],[-97.07227684692718,19.209638235168892],[-97.08426896099587,19.213185040362074],[-97.0882272080097,19.21298281494864],[-97.0973637296354,19.227944741616774],[-97.10091853221682,19.23012399002981],[-97.0909000908027,19.2409446369081],[-97.07779756589302,19.248436722354516],[-97.07694519392578,19.25017626243005],[-97.0741601429268,19.25026012920694],[-97.07077959532147,19.24876518546071],[-97.06568876377347,19.235505708558826],[-97.06913471327613,19.234508999305465],[-97.0722972925335,19.231500331720035],[-97.07368087524448,19.22656469190948],[-97.07099955722333,19.220844342972736],[-97.0663485072665,19.219382623072274]]]}},{"type":"Feature","properties":{"clues":"VZIMS005831"},"geometry":{"type":"Polygon","coordinates":[[[-96.98821199250261,18.71970934260508],[-96.98626489224506,18.71057481218515],[-96.99382865899499,18.706103753592682],[-96.99457619686721,18.697626313379498],[-97.00116274265368,18.697413135831425],[-97.00234555756639,18.701045290046782],[-97.0013296619015,18.708818263608613],[-97.01358891370431,18.711461825873663],[-97.02178761405104,18.70589391444501],[-97.03040139355763,18.713401498514227],[-97.0306144478411,18.717578571901644],[-97.04119557384075,18.726726108110583],[-97.02048069896242,18.73222401941954],[-97.01862343145872,18.73054578399841],[-97.01414893875035,18.73164205111005],[-97.00402502977892,18.736833202315044],[-96.99920528228436,18.733233516211317],[-96.98806989379942,18.736696745469352],[-96.98281643230608,18.72850946115086],[-96.98821199250261,18.71970934260508]]]}},{"type":"Feature","properties":{"clues":"VZIMB001905"},"geometry":{"type":"Polygon","coordinates":[[[-96.97041900655125,19.12990235100758],[-96.96445390242792,19.130823257937315],[-96.95797144467485,19.12725223278053],[-96.9549004640861,19.127467331799902],[-96.94479602462329,19.117031294822553],[-96.94788828391691,19.111806897127543],[-96.95931909324698,19.111823212052],[-96.97658502183693,19.099315737948857],[-96.98189744579128,19.1080903700435],[-96.98108580086563,19.121224347068523],[-96.97041900655125,19.12990235100758]]]}},{"type":"Feature","properties":{"clues":"SCCSA003160"},"geometry":{"type":"Polygon","coordinates":[[[-96.95881206226053,18.891902032101125],[-96.95945350732666,18.894190976690776],[-96.96659535067576,18.8971878641125],[-96.96986567912343,18.901314463235618],[-96.97516146330132,18.902367566302015],[-96.9714461636707,18.90811475394719],[-96.96757690119124,18.90725315740303],[-96.96309016606085,18.90844397872183],[-96.96071785066812,18.913296565247244],[-96.95404432346001,18.91450822153107],[-96.94691955999645,18.91025708786053],[-96.94794680597413,18.90426616189676],[-96.94524380136677,18.903464126076123],[-96.93839446570519,18.90542722114722],[-96.93653687310561,18.91406339625126],[-96.93280012425565,18.919050714047653],[-96.92588165821185,18.917044730269968],[-96.92631115181696,18.911804389037883],[-96.92472064635312,18.909787401273913],[-96.91971719376676,18.91420486062025],[-96.91199105293613,18.91523795009868],[-96.91418707067602,18.910833497215766],[-96.92296234210664,18.905614593330316],[-96.92022939877657,18.9015640960271],[-96.92251786770697,18.896700722216433],[-96.927706849919,18.891527147732322],[-96.93095866221611,18.892740568547904],[-96.93503551055686,18.887930990991464],[-96.93822277787588,18.887989662749096],[-96.94306308012706,18.894971110695725],[-96.94587046938184,18.895273106617903],[-96.95051897616696,18.88983891100919],[-96.95290917258292,18.892265486938836],[-96.95881206226053,18.891902032101125]]]}},{"type":"Feature","properties":{"clues":"VZIMB001304"},"geometry":{"type":"MultiPolygon","coordinates":[[[[-96.88419657377626,18.783476276018103],[-96.88229611249017,18.799338724654678],[-96.87006486320116,18.815449674955765],[-96.86558417906447,18.81515361299333],[-96.85425682129564,18.790533172142865],[-96.83622606178581,18.782687298881132],[-96.85099750829154,18.763094948918017],[-96.85213433034001,18.757034884423202],[-96.85400950109441,18.75509008478151],[-96.85787201213093,18.756030387667916],[-96.86635605309213,18.762568704863405],[-96.87146313603164,18.762921236910415],[-96.87648363432753,18.76120640343838],[-96.87989307018103,18.762020829525213],[-96.88078285145718,18.764245804275564],[-96.87901740906267,18.771737326988212],[-96.88419657377626,18.783476276018103]]],[[[-96.89499552152758,18.7752635546041],[-96.90273536624939,18.775445285553516],[-96.90323602430568,18.78557013328905],[-96.89920076383258,18.792665056918644],[-96.89666628635347,18.792746698154296],[-96.8883208000184,18.781351590838412],[-96.89499552152758,18.7752635546041]]]]}},{"type":"Feature","properties":{"clues":"SCCSA003157"},"geometry":{"type":"Polygon","coordinates":[[[-96.8115127380649,19.114460877771393],[-96.8162680504402,19.114426642223144],[-96.82181602318266,19.120089310736052],[-96.81947807519406,19.137405209387072],[-96.82552925836978,19.141274889137684],[-96.84028948734516,19.14223835215484],[-96.85142177798961,19.14951160146034],[-96.85459182991805,19.155514460912947],[-96.86233800239243,19.157507765833923],[-96.86398823003933,19.165770339025304],[-96.86121609705452,19.17431659097328],[-96.85066466245323,19.17278321461889],[-96.84609749308383,19.167098046284522],[-96.8352159556326,19.168824722945534],[-96.82700446092211,19.166027076774107],[-96.80771380490098,19.171708014873335],[-96.78411563114334,19.19099978036675],[-96.77929951259279,19.186441242430394],[-96.77319988034442,19.183338702767326],[-96.76763966147735,19.139635868949743],[-96.75079924137867,19.129189443132216],[-96.7455562976192,19.122162536474466],[-96.74230343974641,19.110967012845308],[-96.76372301472078,19.089308709422735],[-96.76925882894646,19.0882918234311],[-96.78971622904962,19.10205777857058],[-96.7884635204542,19.10753988188037],[-96.8043728905362,19.11789798089133],[-96.8115127380649,19.114460877771393]]]}},{"type":"Feature","properties":{"clues":"SCCSA002312"},"geometry":{"type":"Polygon","coordinates":[[[-99.0848641221132,21.494167344159628],[-99.08592118173041,21.48897250053377],[-99.11955178684971,21.46528441422376],[-99.1243588108803,21.485543807393906],[-99.14973182284758,21.514970452650225],[-99.14838624399857,21.530607912557773],[-99.14306296538169,21.533709774031784],[-99.11297482763523,21.517763680529878],[-99.10652173972726,21.51943731772506],[-99.08428011531926,21.512541288974223],[-99.08580512139078,21.49692593220118],[-99.0848641221132,21.494167344159628]]]}},{"type":"Feature","properties":{"clues":"YNSSA000034"},"geometry":{"type":"Polygon","coordinates":[[[-88.75960000281499,21.08884416388264],[-88.76575708325132,21.095640559888306],[-88.78615426150714,21.100640691680567],[-88.79271903229765,21.11366729738159],[-88.79295794282864,21.19648061480434],[-88.79515918635461,21.199598144449386],[-88.79883172127137,21.200953678601472],[-88.79967106648114,21.205470336331445],[-88.79376404280082,21.207757068814423],[-88.79004397799848,21.223892039697603],[-88.74817965416831,21.284564622125423],[-88.73417745027301,21.269267336850078],[-88.70361938375446,21.25640271754661],[-88.67286918958543,21.25032123603933],[-88.66380117335653,21.24717111201834],[-88.64409756991107,21.245505313869902],[-88.60578100980435,21.25351778006786],[-88.59448651729193,21.23156887317351],[-88.58771473148049,21.20450765613978],[-88.59387285145412,21.14981657396227],[-88.56232774170617,21.150989734639705],[-88.55494635699219,21.147582251912564],[-88.52542023534639,21.12322765109993],[-88.5369604301121,21.10214808439535],[-88.53949254570497,21.0896026921788],[-88.56474828503448,21.08293642374274],[-88.59881241332992,21.086161862613146],[-88.60264401835283,21.08085388814808],[-88.67640030781732,21.098073314474757],[-88.71400273799782,21.08613997235758],[-88.72404567387969,21.087650987487187],[-88.75960000281499,21.08884416388264]]]}},{"type":"Feature","properties":{"clues":"SCCSA002234"},"geometry":{"type":"Polygon","coordinates":[[[-88.63944671094264,19.009739007892385],[-88.59665615270694,19.027979874203055],[-88.58724235351113,18.96928412067063],[-88.60159616968521,18.950592721728114],[-88.64887590144325,18.979036365803243],[-88.63944671094264,19.009739007892385]]]}},{"type":"Feature","properties":{"clues":"QRIMB000083"},"geometry":{"type":"Polygon","coordinates":[[[-88.47641426584295,19.86645991624412],[-88.39077977479782,19.918792105216195],[-88.35759947109328,19.901637345464476],[-88.36416597346548,19.841281453336073],[-88.40765917081742,19.804313334084878],[-88.44987570209756,19.778860676521298],[-88.48368392510972,19.846204430222535],[-88.47641426584295,19.86645991624412]]]}},{"type":"Feature","properties":{"clues":"SCCSA003342"},"geometry":{"type":"Polygon","coordinates":[[[-88.28489421945703,20.651703085066558],[-88.31448844421412,20.618353466106033],[-88.31460989669822,20.613782459773805],[-88.35833644942274,20.604866770587062],[-88.36341652283338,20.626821490330457],[-88.37723090100832,20.659482038222173],[-88.36831642522381,20.684840576730327],[-88.36694911215152,20.70415817365821],[-88.31210947093217,20.68765266179598],[-88.28696027894286,20.699401115941885],[-88.2728600013482,20.69036544739293],[-88.27291849665566,20.68438914704509],[-88.28673755489633,20.65417414691933],[-88.28489421945703,20.651703085066558]]]}},{"type":"Feature","properties":{"clues":"YNSSA001516"},"geometry":{"type":"Polygon","coordinates":[[[-88.24197515342026,20.727235428924754],[-88.23818856324584,20.72579908870529],[-88.22866417930994,20.714868877456034],[-88.24829880847706,20.70053223535154],[-88.26177126299281,20.692405677459412],[-88.2728600013482,20.69036544739293],[-88.28696027894286,20.699401115941885],[-88.28802982273598,20.736664529064182],[-88.28632105336158,20.75662298932569],[-88.25700948210358,20.727258476112397],[-88.24197515342026,20.727235428924754]]]}},{"type":"Feature","properties":{"clues":"YNSSA001521"},"geometry":{"type":"Polygon","coordinates":[[[-88.21202414983011,20.73581781027996],[-88.19488813638263,20.745695449094633],[-88.19112133255581,20.753114316018888],[-88.18182337039538,20.760301670826156],[-88.17712761022759,20.760093519342984],[-88.1679623716354,20.755804971873427],[-88.1840378439922,20.734578703361816],[-88.1875039053083,20.725928839647253],[-88.20185972424507,20.72841731047091],[-88.21138853424202,20.73205103982057],[-88.21978708760696,20.717334225686958],[-88.22866417930994,20.714868877456034],[-88.23818856324584,20.72579908870529],[-88.24197515342026,20.727235428924754],[-88.25700948210358,20.727258476112397],[-88.28632105336158,20.75662298932569],[-88.28935001090053,20.773454555042978],[-88.28654628071135,20.775697250205734],[-88.26741916572956,20.771915691530957],[-88.24087558877292,20.75436065650523],[-88.2214279090643,20.758762771639812],[-88.2185390974286,20.757390523548313],[-88.21335203096915,20.75165813186368],[-88.21694501679788,20.741606628176886],[-88.21202414983011,20.73581781027996]]]}},{"type":"Feature","properties":{"clues":"YNIMS001133"},"geometry":{"type":"Polygon","coordinates":[[[-87.79241727851901,21.049338871497273],[-87.8509215037245,20.980891179877997],[-87.86261915285058,20.985128114880805],[-87.91838459918739,20.949402218766387],[-87.93249610579653,20.93353846997744],[-87.93528204501699,20.934163508497203],[-87.94969828183027,20.9491019692953],[-87.98206156323594,20.990028065588543],[-88.02933054992432,20.98036299160589],[-88.05370459612008,20.987637944109583],[-88.037074298151,21.044875867943627],[-88.03140989542366,21.054410905275823],[-88.02868954434813,21.055786438545862],[-87.98997845299701,21.04447104388321],[-87.97205917821921,21.06708871926423],[-87.91786788061054,21.08368501013435],[-87.90983865277693,21.082718938612913],[-87.90476867507199,21.113246360758048],[-87.90538242195352,21.129249192285325],[-87.87802531284544,21.15949042104134],[-87.8397718280465,21.15156410643759],[-87.82901787462562,21.15739726714674],[-87.81025375995873,21.15800451717686],[-87.79816211246197,21.152308035507833],[-87.76760285167269,21.124942310914168],[-87.75466275991299,21.093516221547613],[-87.79207252819002,21.064769496610992],[-87.79241727851901,21.049338871497273]]]}},{"type":"Feature","properties":{"clues":"YNIMS001104"},"geometry":{"type":"Polygon","coordinates":[[[-87.93054323554249,21.328285308033383],[-87.93994845861668,21.337625266954568],[-87.94469223256398,21.336947855068527],[-87.96083218333065,21.346552035639746],[-87.96044700705728,21.356540378709994],[-87.97064739728067,21.36821105775759],[-87.96986082725184,21.377571886491644],[-87.94916920706366,21.399238851291965],[-87.95655787163652,21.40792185059122],[-87.95519769510152,21.41686309255143],[-87.93871797353229,21.43711565324636],[-87.9355260579375,21.44974130303898],[-87.90562970508742,21.468362325024096],[-87.90452555563249,21.47697500258128],[-87.92729039557359,21.501010414523822],[-87.93197890977795,21.57397735921363],[-87.91500649195503,21.593098692876143],[-87.8911675987484,21.58527896983076],[-87.86018401994303,21.57112631980111],[-87.81848850918843,21.55468139638103],[-87.76998150659836,21.539261151572518],[-87.7694723135479,21.52885937694147],[-87.77259442132238,21.500748137811897],[-87.78990039090688,21.45254711122139],[-87.76135222951667,21.419752220672343],[-87.78688627933518,21.38395729392041],[-87.82487034439772,21.365738550724963],[-87.82572402059702,21.356785994082085],[-87.82892083847867,21.348497141225998],[-87.83621041198049,21.342897867757937],[-87.84827694701049,21.318867863717355],[-87.85329403137206,21.29686779298696],[-87.88291654943056,21.274683869930712],[-87.88583586182988,21.276343420874625],[-87.90359664114472,21.310959155518123],[-87.91608274945338,21.310883482936305],[-87.92398717028051,21.303208199153342],[-87.9332202301312,21.32373669927555],[-87.93054323554249,21.328285308033383]]]}},{"type":"Feature","properties":{"clues":"SCCSA003499"},"geometry":{"type":"Polygon","coordinates":[[[-101.52668026711056,24.05667194805208],[-101.52275361216549,24.05955084793033],[-101.4912102696174,24.06557759753642],[-101.41533566802589,24.091935334158652],[-101.36041325300721,24.108927594586984],[-101.33442484395307,23.984570238319442],[-101.3937603022688,23.92345405532208],[-101.42408760198849,23.882878801913105],[-101.45791510048504,23.853689184959006],[-101.54554000580868,23.917041003435777],[-101.54201863337877,23.961645325263728],[-101.52668026711056,24.05667194805208]]]}},{"type":"Feature","properties":{"clues":"SPIMB000696"},"geometry":{"type":"MultiPolygon","coordinates":[[[[-101.00831134583618,22.167930935815235],[-101.0052677970449,22.171033370111783],[-101.00129156324905,22.169920014309156],[-101.0003789189926,22.16724739606611],[-100.99446909047616,22.16707366159341],[-100.9935158491152,22.163852349328987],[-100.99580596870429,22.159833725769662],[-101.00587232626913,22.158948519714478],[-101.00892061040054,22.155016696797652],[-101.01329170174216,22.156418987295588],[-101.01454837447989,22.16256422470753],[-101.00798506994292,22.163344751334456],[-101.00831134583618,22.167930935815235]]],[[[-101.01184447160483,22.17821542452569],[-101.01363300230594,22.186686362955527],[-101.0160575011499,22.190392770336715],[-101.0227411754869,22.191294599653453],[-101.02568984955569,22.19503293633516],[-101.03230259801447,22.190960948840765],[-101.03985694992522,22.19474767938532],[-101.0273142994818,22.20071176521856],[-101.02630817288563,22.202537984386748],[-101.01605125781967,22.199124934472827],[-101.00684228515821,22.199530942754695],[-101.00550273638221,22.197864628918005],[-101.00013854423584,22.199457957891322],[-100.99651262550657,22.197786364443044],[-100.99013904841001,22.202048967272017],[-100.9846931066043,22.1987398000782],[-100.97916725050592,22.19047006758747],[-100.98067716103303,22.18721526485919],[-100.97818634794739,22.17967920368252],[-100.98283542806504,22.175538260678486],[-100.99045869070738,22.17902124737455],[-100.99367269897827,22.16907918604081],[-100.99985520719606,22.1726329683408],[-100.99972898730853,22.17381367756874],[-101.00653008085666,22.17443488020744],[-101.00642505098396,22.178260269349234],[-101.01184447160483,22.17821542452569]]]]}},{"type":"Feature","properties":{"clues":"SPIMS001291"},"geometry":{"type":"MultiPolygon","coordinates":[[[[-100.87581057795393,22.727647431013885],[-100.8856401135471,22.733144628208425],[-100.88702428647042,22.7463768009693],[-100.8948900038466,22.75407558604419],[-100.90831606250484,22.75753603384205],[-100.9169905038856,22.753988751490375],[-100.94591638842321,22.746985662068113],[-100.95180874187525,22.756290589800642],[-100.91936776745496,22.78155994907852],[-100.91803501306313,22.791540470762538],[-100.92606176746935,22.80087810881906],[-100.9201770676438,22.838738764105205],[-100.92940966119005,22.85139556172216],[-100.9422295204326,22.879691990614393],[-100.91185967490904,22.894575067049974],[-100.83911938852954,22.867708069846543],[-100.78436209814829,22.924820326485648],[-100.75378795567497,22.898741254422294],[-100.71829714166148,22.79272963782861],[-100.7196962362387,22.787945145168763],[-100.75236932603455,22.7759767573873],[-100.8404515549203,22.81952169109667],[-100.84801275178948,22.808142340420584],[-100.8487180598099,22.789544748521998],[-100.84676964807984,22.774150145517744],[-100.84055458908988,22.763993778490264],[-100.85319175576188,22.731337439505992],[-100.86470677291393,22.738936749694357],[-100.87581057795393,22.727647431013885]]],[[[-100.84788056986619,22.710926925182694],[-100.86814812907072,22.720598631582757],[-100.85299225800767,22.73055881630455],[-100.8431044036544,22.7222768007768],[-100.84788056986619,22.710926925182694]]]]}},{"type":"Feature","properties":{"clues":"SPIMS002271"},"geometry":{"type":"Polygon","coordinates":[[[-100.52926112798276,22.470543723423987],[-100.54657446478541,22.457727433805413],[-100.56484397696065,22.46140853708408],[-100.59177790298166,22.449813640864736],[-100.6070467404692,22.467869006184156],[-100.63498956196828,22.47536199549629],[-100.6388965134112,22.487610279876026],[-100.63482041137709,22.512467069662872],[-100.62519326837648,22.526856379265418],[-100.59508251363421,22.53081420730633],[-100.58655420096757,22.524275151341723],[-100.5354435818848,22.548207492847073],[-100.51593009436768,22.538812671171062],[-100.51527066037256,22.53720513390274],[-100.48381874925148,22.519353515639622],[-100.457029833706,22.49537087623802],[-100.52669964554373,22.48255993447406],[-100.52926112798276,22.470543723423987]]]}},{"type":"Feature","properties":{"clues":"SPIMB000836"},"geometry":{"type":"Polygon","coordinates":[[[-100.48618934508814,21.99156527136795],[-100.50215385825992,21.965243299148195],[-100.52931579820708,21.99924094708412],[-100.51792445196911,22.040981194998007],[-100.5088458049831,22.04860914745536],[-100.50841603437091,22.055787882946845],[-100.4591498220703,22.10171736647522],[-100.45736004500819,22.10774241559432],[-100.3957871230057,22.11488022974041],[-100.39114781612312,22.108149886481446],[-100.37789307091826,22.07192224976795],[-100.39870636081925,22.068079972045442],[-100.41595079930383,22.04193858531705],[-100.43276108398894,22.036200458028915],[-100.45468269557304,22.01915439360288],[-100.46303234103053,22.016669577494536],[-100.47955883693186,22.01609566018845],[-100.48618934508814,21.99156527136795]]]}},{"type":"Feature","properties":{"clues":"SPIMS000591"},"geometry":{"type":"Polygon","coordinates":[[[-99.5372282951618,21.960408012200876],[-99.5477169658856,21.958252208572375],[-99.56604303432907,21.96467094446801],[-99.58435001704892,21.950900807702606],[-99.60106308965007,21.996859289369873],[-99.61306579252906,22.006969915627394],[-99.61940642039576,22.01832375366508],[-99.59869416658351,22.051896765178086],[-99.5878061725084,22.043574119631703],[-99.57810762745335,22.03021228194329],[-99.5777141438803,22.012276883204763],[-99.56411201637877,22.00380222398757],[-99.53518482260992,22.01546611910011],[-99.52714534237717,22.010547004284394],[-99.51723491385947,21.98095749724466],[-99.5372282951618,21.960408012200876]]]}},{"type":"Feature","properties":{"clues":"SPIMS000475"},"geometry":{"type":"Polygon","coordinates":[[[-99.59241564536593,22.100903677513323],[-99.60246489886917,22.09165243228082],[-99.61317417277408,22.110503124337864],[-99.60840199571211,22.11986313450308],[-99.60517325764363,22.12412793760156],[-99.5959891282824,22.130326710142338],[-99.59370144512047,22.129087385590758],[-99.58148043146525,22.129085049897636],[-99.56958907844555,22.13385098960911],[-99.55817845474871,22.122304468977234],[-99.55271424762923,22.096468257939687],[-99.58334035261046,22.10456951057394],[-99.59241564536593,22.100903677513323]]]}},{"type":"Feature","properties":{"clues":"SPIMS000480"},"geometry":{"type":"Polygon","coordinates":[[[-99.56411201637877,22.00380222398757],[-99.5777141438803,22.012276883204763],[-99.57810762745335,22.03021228194329],[-99.5878061725084,22.043574119631703],[-99.59869416658351,22.051896765178086],[-99.60042254150952,22.0548269122307],[-99.59886361286532,22.07520242528449],[-99.60349735797566,22.08406577650885],[-99.60246489886917,22.09165243228082],[-99.59241564536593,22.100903677513323],[-99.58334035261046,22.10456951057394],[-99.55271424762923,22.096468257939687],[-99.53362756463943,22.07610609926885],[-99.49702501507053,22.101386658282944],[-99.48195754000072,22.07996179157491],[-99.4610898590986,22.067864890059813],[-99.48053051089303,22.03363592534946],[-99.48339905030917,22.0313518864172],[-99.4935755599436,22.03348952394308],[-99.50795734056305,22.04463046217798],[-99.53723796158872,22.028721021552677],[-99.53518482260992,22.01546611910011],[-99.56411201637877,22.00380222398757]]]}},{"type":"Feature","properties":{"clues":"SPIMS000784"},"geometry":{"type":"Polygon","coordinates":[[[-99.49656128265514,22.326005197188593],[-99.49571274484325,22.33452095272328],[-99.50374163351141,22.362884472504263],[-99.49631306302366,22.381805307133018],[-99.50051742005931,22.396562487699295],[-99.52927739911617,22.435610627789128],[-99.52948255542462,22.445548483538005],[-99.5155031431152,22.450355932311872],[-99.5033074655452,22.45017000831003],[-99.46179275459431,22.45879407084657],[-99.45176201902741,22.459536195050905],[-99.44750691846933,22.441311236218016],[-99.43884876327961,22.427122167907147],[-99.43288721839427,22.409531471764794],[-99.41484653772542,22.396517296817876],[-99.39482512895735,22.402666996970403],[-99.37731850387962,22.40210008227611],[-99.36332658541846,22.358862974058912],[-99.36183499775478,22.34077999583221],[-99.38067768328364,22.31695092502869],[-99.35191786770929,22.264955255814357],[-99.35719605055787,22.248409745732502],[-99.38615673617245,22.224419849672213],[-99.43954073579614,22.27337234489213],[-99.43864140944314,22.29022604241993],[-99.46153239029277,22.31095394205112],[-99.49656128265514,22.326005197188593]]]}},{"type":"Feature","properties":{"clues":"SCCSA002399"},"geometry":{"type":"Polygon","coordinates":[[[-99.42488774671865,21.83172303955317],[-99.40563274323279,21.83859540068241],[-99.41082625808552,21.847006934066613],[-99.43427244238852,21.860262527840536],[-99.41737752029675,21.865739198659618],[-99.41351403691586,21.8628549849146],[-99.40165263035432,21.859727559149242],[-99.39946970357865,21.855853308164736],[-99.40044138962121,21.84332557079838],[-99.40412170994047,21.838528756844234],[-99.39662957331835,21.82793166411039],[-99.39477773900462,21.81023780803061],[-99.41282937569319,21.80713313345396],[-99.42410008467085,21.808075586560154],[-99.43863840692279,21.795472683451198],[-99.45320827873418,21.810919759517382],[-99.45262024831835,21.82056147342424],[-99.43589145429446,21.840659946317327],[-99.42488774671865,21.83172303955317]]]}},{"type":"Feature","properties":{"clues":"SPIMS000924"},"geometry":{"type":"Polygon","coordinates":[[[-99.12814328428064,22.03154225664002],[-99.16549549982818,22.031419943448057],[-99.18346827407208,22.04329600157102],[-99.18539717446906,22.061152236290475],[-99.18087033751948,22.067639708964467],[-99.17691602680581,22.08193977912369],[-99.15375211802508,22.108745058797197],[-99.12168168116402,22.104273811363196],[-99.11706526783199,22.10785792752903],[-99.11554530149968,22.107531270129204],[-99.10714184387407,22.09678801367887],[-99.10060479894442,22.094856906241805],[-99.09318726848184,22.08408174600493],[-99.09774182782624,22.077385279685007],[-99.09370468036965,22.073782891240576],[-99.09286807122244,22.066944227200086],[-99.1025873793027,22.05626235400276],[-99.10231668187738,22.05220338771682],[-99.10049578386035,22.049700241645095],[-99.10263076896452,22.042920436160074],[-99.11025108562839,22.036486875573907],[-99.10729821457828,22.03059420628622],[-99.10585689107083,22.022392881928166],[-99.12402878421085,22.02235815260997],[-99.12599333367747,22.029291077435023],[-99.12814328428064,22.03154225664002]]]}},{"type":"Feature","properties":{"clues":"TSIMS000771"},"geometry":{"type":"Polygon","coordinates":[[[-99.15545627727877,22.901689811292385],[-99.16029859365149,22.9208446178134],[-99.17386396357671,22.94354830540927],[-99.17735896452206,22.968728491827562],[-99.17408425886255,22.96854619745716],[-99.13334564464151,22.98956890651794],[-99.12611311358785,23.002367774283783],[-99.11881920528319,23.010263975406883],[-99.10139059319276,22.993864298858593],[-99.10099708231924,22.9907657692331],[-99.08543137684076,22.98135537713143],[-99.08267921795657,22.967544368514684],[-99.07365983721468,22.952792116315194],[-99.07733522534939,22.944219829101478],[-99.1041117243736,22.938640031184825],[-99.10203884954907,22.913035333321684],[-99.11111697452316,22.902060397084007],[-99.11565645262905,22.90392339705936],[-99.15223254472387,22.8997157627053],[-99.15545627727877,22.901689811292385]]]}},{"type":"Feature","properties":{"clues":"TSIMB000654"},"geometry":{"type":"MultiPolygon","coordinates":[[[[-98.99596013683467,22.756639815256975],[-98.99193494130208,22.751982912310176],[-98.9945003033134,22.75017498782102],[-99.00111554100745,22.751153007267572],[-99.00000150902873,22.756426093295676],[-99.00726528412879,22.764301583768635],[-99.00714500923756,22.77153921341646],[-98.99691377081223,22.775155758803788],[-98.99076176126901,22.771053463476765],[-98.9867462095947,22.76528803434056],[-98.9899761968285,22.758479221019357],[-98.99596013683467,22.756639815256975]]],[[[-98.97651297882341,22.74236812238957],[-98.98035668113802,22.743712751931646],[-98.98877248892278,22.74329457483428],[-98.98810016050753,22.747161972652197],[-98.97842311345862,22.7536537359912],[-98.96745816710536,22.74944402583417],[-98.96754880093054,22.744485138205512],[-98.96970855601519,22.743007349723],[-98.97447261571808,22.744212424544127],[-98.97651297882341,22.74236812238957]]]]}},{"type":"Feature","properties":{"clues":"SCCSA002325"},"geometry":{"type":"MultiPolygon","coordinates":[[[[-98.88240517231623,21.873973464771638],[-98.89397651957556,21.865270754571828],[-98.90396876280131,21.862268404351127],[-98.91384818326829,21.865100975219413],[-98.92330360003687,21.871055946461997],[-98.92434678898235,21.893476409601405],[-98.91998198192093,21.905883000869174],[-98.90351758706643,21.91282304006027],[-98.87802065792802,21.895850076995472],[-98.87397976075572,21.8895497501251],[-98.88240517231623,21.873973464771638]]],[[[-98.8450004190261,21.94242040526486],[-98.85341661844413,21.956625438444398],[-98.83990460622513,21.961146891042592],[-98.8344514364241,21.957417872025186],[-98.83540265404818,21.950681573541186],[-98.8450004190261,21.94242040526486]]]]}},{"type":"Feature","properties":{"clues":"TSIMB002141"},"geometry":{"type":"Polygon","coordinates":[[[-98.76226472723727,22.50346068183912],[-98.77443711510543,22.47074293171584],[-98.8072435547053,22.47348095414383],[-98.84968687317077,22.498235657710552],[-98.86256897369361,22.490245048872257],[-98.911521375527,22.52089040774522],[-98.9134894251838,22.525448512877762],[-98.87694415312372,22.56016668421952],[-98.83593079057597,22.550443318474453],[-98.81384030992842,22.55777755302077],[-98.76226472723727,22.50346068183912]]]}},{"type":"Feature","properties":{"clues":"SPIMS001974"},"geometry":{"type":"Polygon","coordinates":[[[-98.84389313496463,22.070624022385335],[-98.85444625576494,22.09642660880512],[-98.8382586410165,22.109599586525942],[-98.83414929243408,22.11019027767872],[-98.80031998598761,22.132741121836627],[-98.79271277415766,22.135102396620947],[-98.78901676515245,22.13201557171568],[-98.77482940120109,22.128110632439622],[-98.76220902551943,22.106797429140187],[-98.7738381468673,22.062722019470474],[-98.76950910347969,22.051343243796097],[-98.78715395546241,22.043182534588496],[-98.79410510966291,22.034783227545244],[-98.83134135905462,22.009253305837124],[-98.83227990931441,22.01987603696004],[-98.82545056426696,22.040319878254778],[-98.84389313496463,22.070624022385335]]]}},{"type":"Feature","properties":{"clues":"SRIMB001223"},"geometry":{"type":"Polygon","coordinates":[[[-109.13122867460183,26.51990753856191],[-109.1269736019818,26.49388929156332],[-109.14301095262975,26.483474148006653],[-109.16762627883774,26.471560967616497],[-109.19312779760881,26.490976352261047],[-109.19094612942679,26.497331330870608],[-109.19720338997935,26.540467537519614],[-109.18339711579813,26.54933687207654],[-109.17460624161349,26.561652606245715],[-109.17039335636271,26.561312225103578],[-109.15904705367781,26.55505151737757],[-109.14997026316365,26.543930317102937],[-109.14746172579592,26.527215348568944],[-109.13122867460183,26.51990753856191]]]}},{"type":"Feature","properties":{"clues":"SCCSA002442"},"geometry":{"type":"Polygon","coordinates":[[[-109.1414588947355,25.868905113839137],[-109.12899594142404,25.87945240696512],[-109.12402181600523,25.87873824103419],[-109.11757371249684,25.880975278447938],[-109.11642265046463,25.873826741893584],[-109.11987030284838,25.873421539503898],[-109.12510722086111,25.866161619646252],[-109.1398235073338,25.854744474366967],[-109.14562714464226,25.860195516679084],[-109.1414588947355,25.868905113839137]]]}},{"type":"Feature","properties":{"clues":"SLIMB001653"},"geometry":{"type":"Polygon","coordinates":[[[-107.92403612143532,25.136645653064367],[-107.91674995351495,25.14281260080944],[-107.90243299274427,25.162011556401353],[-107.89417655344383,25.159199569515778],[-107.88078032027853,25.1591785990041],[-107.83798200250274,25.198826970228126],[-107.80319052482456,25.143987521896893],[-107.81260745350475,25.12930730106957],[-107.83270539229134,25.130201689919197],[-107.86890691974895,25.08783144009744],[-107.87127902237802,25.08731925537813],[-107.8797942246026,25.09306801438867],[-107.90384519774669,25.09140651014976],[-107.91737194386013,25.084227524378942],[-107.93090197157011,25.089446665325084],[-107.93028112575382,25.108535701237933],[-107.92403612143532,25.136645653064367]]]}},{"type":"Feature","properties":{"clues":"SCCSA002564"},"geometry":{"type":"Polygon","coordinates":[[[-107.55324322685708,24.563412426076667],[-107.5489104284394,24.56794841324091],[-107.548256215539,24.57619800658147],[-107.55116669566247,24.5795580485245],[-107.56388380042667,24.579549450428747],[-107.57655355784705,24.59765740426902],[-107.54042126197977,24.5979850786452],[-107.52872575341888,24.604591365440307],[-107.51875098751398,24.593648773209686],[-107.51257055312986,24.597955175036862],[-107.49856430645292,24.597904990886065],[-107.50506881266163,24.565821529692716],[-107.50300135382318,24.562789746293113],[-107.50811276178399,24.557316070699727],[-107.5190957189915,24.537259494414183],[-107.51824837879654,24.513161743388995],[-107.52206667585608,24.500620656046486],[-107.55951507883152,24.451940248872152],[-107.61083267901536,24.451026228356444],[-107.61884517602277,24.491648356927627],[-107.60352988030064,24.507982389895666],[-107.5824180787717,24.541220109939353],[-107.56277238691972,24.563524392470374],[-107.55324322685708,24.563412426076667]]]}},{"type":"Feature","properties":{"clues":"SCCSA002553"},"geometry":{"type":"Polygon","coordinates":[[[-107.5318846833144,25.078864360880793],[-107.54330493884905,25.066355936073023],[-107.54789961790675,25.040670382890216],[-107.5699440600635,25.031544334084412],[-107.57305064621012,25.03234180869036],[-107.59307216046454,25.067857758275306],[-107.59237334109744,25.069397491647763],[-107.6011882639014,25.10233215969922],[-107.59703420495313,25.121968857073334],[-107.57515133029781,25.128643343342794],[-107.56898886287314,25.124384752431162],[-107.54358110785046,25.13322076783961],[-107.53335265205111,25.12643914157778],[-107.52077124958869,25.131784523466774],[-107.53505834174685,25.163563891992187],[-107.53472352078107,25.16541061960141],[-107.53911198988308,25.17030313881618],[-107.53951684101622,25.174546775896665],[-107.50820941106916,25.21053706695531],[-107.50274800174884,25.204361516771957],[-107.50432202764122,25.178921336753614],[-107.52632758462825,25.16562765091339],[-107.49490361510622,25.1389881147221],[-107.49578458258041,25.129020842078752],[-107.49182711114345,25.12071481992118],[-107.49821573543277,25.109034788822854],[-107.52102972724458,25.104063677924625],[-107.53471320843776,25.085255521784653],[-107.5318846833144,25.078864360880793]]]}},{"type":"Feature","properties":{"clues":"SCCSA002480"},"geometry":{"type":"Polygon","coordinates":[[[-107.29670228522073,25.412759852743566],[-107.3250367659118,25.40661120792501],[-107.3343463495328,25.41383298807372],[-107.33638530536861,25.443420486319834],[-107.3345335539504,25.44822673903852],[-107.33546294363424,25.462106241215817],[-107.32739473055454,25.486453984758423],[-107.32442336424545,25.487005921899907],[-107.30037668157401,25.482858395986973],[-107.26055401918545,25.439994798222692],[-107.27910748569933,25.43380051045136],[-107.29670228522073,25.412759852743566]]]}},{"type":"Feature","properties":{"clues":"SRIMB001001"},"geometry":{"type":"Polygon","coordinates":[[[-111.55848729023424,29.245588894608982],[-111.55993658056519,29.25230948091027],[-111.6236076335636,29.286772391309743],[-111.58855782251278,29.424134587644733],[-111.58787875547256,29.44489788706203],[-111.60110856659209,29.45955659756557],[-111.65209052965866,29.47340959467902],[-111.69755833405783,29.543633570899562],[-111.65961059439637,29.588646628146574],[-111.63278061607407,29.63478172412574],[-111.6284077793322,29.635006040401098],[-111.56536394454639,29.61885301761201],[-111.53879842819507,29.590323925246583],[-111.54793098758832,29.54146077919185],[-111.54655829478149,29.52984787368463],[-111.49512952468683,29.520253407933215],[-111.48806795577791,29.51358995972421],[-111.41261710621896,29.524844283596547],[-111.40436954633097,29.537296445444973],[-111.41133685409086,29.564628157205362],[-111.3996792339935,29.60597457511135],[-111.35495470787714,29.635078247075576],[-111.26459862747296,29.583995899953155],[-111.26432105655914,29.572401998670585],[-111.27728977223445,29.557239584591528],[-111.27160165885924,29.44484265554041],[-111.21860851258126,29.44732521321586],[-111.18661265110701,29.421437735644034],[-111.18174353145046,29.411337047333895],[-111.16039486178693,29.407445510298135],[-111.11717912746388,29.33502503328965],[-111.07750460152201,29.351033840868038],[-111.04545733045619,29.346333829316464],[-111.03656827086444,29.30899074253969],[-110.99333024189583,29.279324822864226],[-110.99024539445514,29.25542125319623],[-110.96935892508468,29.23613713888283],[-110.96447445262496,29.208470873910866],[-110.95485302125876,29.194124268336772],[-110.93370920162971,29.17630248367891],[-110.93179435700222,29.167866190658614],[-110.93366137975138,29.157612644527795],[-110.94690470089274,29.149572708325138],[-110.95087005227748,29.138201891737157],[-110.95368088312185,29.139646633726645],[-110.95419793087102,29.145849402510365],[-110.96086447665185,29.14135811867162],[-110.96736620482375,29.145742799682978],[-110.97073982409857,29.142863094218537],[-110.97292264472756,29.14320693581999],[-110.97479291470894,29.140435514066834],[-110.97975080380073,29.14018074319712],[-110.98041354459062,29.13209537229373],[-110.98694394347382,29.131025549873723],[-110.99023763587044,29.138451295920273],[-110.99411282493396,29.13751817121183],[-110.99714576449382,29.14239286144006],[-110.99882047669362,29.14318001566553],[-111.00502949645737,29.140684498585287],[-111.01239038962481,29.14543990601572],[-111.00973597016643,29.150709725412735],[-111.01554552693182,29.15823648465619],[-111.01228310091335,29.168522681532977],[-111.0166920169361,29.173272182571356],[-111.01553948467316,29.175172415088714],[-111.02411402924237,29.198122682351208],[-111.04466342864798,29.17638337994937],[-111.04962933384489,29.172831152005493],[-111.05912355146688,29.169920233465163],[-111.09038409496225,29.1812247010313],[-111.09785173346347,29.178748348443865],[-111.13875909814658,29.206846356952823],[-111.18540821280855,29.202933405516973],[-111.19568645672078,29.211330859095384],[-111.21653311547009,29.214540221383675],[-111.24452701517265,29.256515329305838],[-111.29046015574094,29.2386961775429],[-111.29928192203295,29.271878376830713],[-111.33208426236534,29.2795506590506],[-111.34518250095236,29.26502495440104],[-111.3521796302352,29.25168624119003],[-111.3157491312349,29.198550819230196],[-111.308250308414,29.160422881214124],[-111.34887303265246,29.144574244112203],[-111.41756180580151,29.204047078907927],[-111.49092232744832,29.17549486539924],[-111.55848729023424,29.245588894608982]],[[-110.97954907941983,29.163164051215094],[-110.98014341331793,29.167509759978863],[-110.98256058065088,29.16490856111964],[-110.97954907941983,29.163164051215094]]]}},{"type":"Feature","properties":{"clues":"SCCSA002660"},"geometry":{"type":"Polygon","coordinates":[[[-111.30716086963962,28.75529640321147],[-111.29978894839525,28.76958177098045],[-111.28610901348662,28.776417633819968],[-111.22681259466037,28.772875350774818],[-111.24708637281435,28.81843616044747],[-111.24565424630087,28.826704210829053],[-111.23791005122898,28.838940448901777],[-111.21471395601735,28.843507420243846],[-111.2082391249507,28.86400670847127],[-111.20995143083177,28.88763600414068],[-111.20638580778846,28.8896348799489],[-111.18749174681368,28.886146620637074],[-111.16576821915422,28.90378149140316],[-111.15811095790868,28.904859292645202],[-111.14614630030364,28.903390207896827],[-111.1386693348811,28.883172124412066],[-111.12899851810168,28.867865584457594],[-111.11788991454868,28.85634813143583],[-111.1080955989052,28.831159395270063],[-111.11978104107925,28.812989789310336],[-111.0881879027131,28.752274407250127],[-111.09839235406568,28.687711658614447],[-111.13701778927071,28.680445171500864],[-111.1978393155717,28.72768972213329],[-111.20432704390564,28.738863006974352],[-111.29110207753172,28.711852940780993],[-111.29570211304244,28.708717836521654],[-111.32597706469139,28.720263434158817],[-111.33254659968806,28.74893559686319],[-111.32025660889818,28.76260098483444],[-111.30716086963962,28.75529640321147]]]}},{"type":"Feature","properties":{"clues":"SCCSA002695"},"geometry":{"type":"Polygon","coordinates":[[[-111.1292058137914,30.595971806976863],[-111.15933354686149,30.567309928634568],[-111.17611359150689,30.598102406642575],[-111.19490701505917,30.60261361940286],[-111.22300255711092,30.63187488349005],[-111.24732364296307,30.67380360375435],[-111.20434760074008,30.687471304911483],[-111.19034111996397,30.696382370347678],[-111.13735954100471,30.700103435320063],[-111.13446625914547,30.69451851329278],[-111.12907015017744,30.68913328982964],[-111.08368006392844,30.66540405303855],[-111.0699950507884,30.662768444028362],[-111.1155469043244,30.622342399199606],[-111.1292058137914,30.595971806976863]]]}},{"type":"Feature","properties":{"clues":"SRIMB001573"},"geometry":{"type":"Polygon","coordinates":[[[-110.97237333100131,31.00760584259109],[-110.96998430106908,31.034604060801268],[-110.97867952014214,31.066999755663375],[-111.0026844717861,31.089465371857912],[-111.01124525764683,31.09314063264656],[-111.04776726364179,31.072923914440178],[-111.11668693239683,30.978268477824873],[-111.17593776797403,30.979393116470842],[-111.15540317100348,31.0734884754384],[-111.15094933372175,31.077631560008815],[-111.13737207466507,31.105624046757757],[-111.09750609239138,31.160846997055213],[-111.10444025719708,31.190110251444942],[-111.0843331964389,31.20750110445446],[-111.05761988000292,31.2077525105318],[-111.04755525692435,31.217201798078506],[-111.02092239142829,31.234320403342142],[-111.01456090037105,31.252708787626847],[-110.99247508637418,31.24761262504664],[-110.98698195014696,31.2395618313971],[-110.98844658420387,31.221312387947275],[-110.99167920144669,31.217401361843223],[-110.98889762599606,31.208428442041935],[-110.97965466778291,31.20022661762074],[-110.97653163310935,31.187389659959614],[-110.92616848178075,31.197288619813794],[-110.87111031604704,31.172468713485074],[-110.8391694600211,31.17108956708913],[-110.82013730822412,31.137042568998485],[-110.81331274518301,31.1117157870922],[-110.79503513050601,31.079580569282122],[-110.71234611672527,31.053527390805446],[-110.68888985141375,30.974535761386026],[-110.6896776281998,30.972128447272034],[-110.77952852621449,30.90917519128278],[-110.77357228867996,30.872000603919965],[-110.78700906966763,30.854741022739663],[-110.80325447609115,30.853186335708962],[-110.82991504868438,30.855245096422525],[-110.84601142610218,30.86607102389162],[-110.85367631503556,30.86324503029801],[-110.85005195204,30.880162432697905],[-110.782285317596,30.910853535077074],[-110.79225830742041,30.91836442141083],[-110.82928356189782,30.909302549000067],[-110.85119564711411,30.900726372732937],[-110.85736059655666,30.901072922038757],[-110.86084097832806,30.903512511581635],[-110.86088282610494,30.914697492398084],[-110.86639606614766,30.91654841989768],[-110.81582815745456,30.947325889609996],[-110.8301103249478,30.966536003366667],[-110.923072210706,30.944425313138737],[-110.93601433011247,30.969308681660525],[-110.97237333100131,31.00760584259109]]]}},{"type":"Feature","properties":{"clues":"SRIMB000996"},"geometry":{"type":"MultiPolygon","coordinates":[[[[-111.07454875622261,28.5114874337982],[-111.18037181037266,28.542260125105905],[-111.18413698862716,28.56063079184137],[-111.1898771990655,28.56972858075128],[-111.13701778927071,28.680445171500864],[-111.09839235406568,28.687711658614447],[-111.0881879027131,28.752274407250127],[-111.11978104107925,28.812989789310336],[-111.1080955989052,28.831159395270063],[-111.09944320904941,28.83312539266372],[-111.02981593889358,28.805503323093888],[-111.02425912334135,28.808414072030004],[-111.01403318338906,28.844313333468403],[-111.0244874088946,28.88508725311082],[-111.00668803978131,28.903880919353853],[-111.00821298360657,28.91282696289922],[-111.02053817941756,28.935704524575865],[-111.00946610236272,28.98454816056575],[-110.9942210100136,29.005101666101528],[-110.9905474686229,29.007785494450395],[-110.98089495593672,29.003541094654825],[-110.97591432349421,28.998245608973843],[-110.97221472292479,29.004841061483102],[-110.9660914312051,29.005478808595804],[-110.96318788254128,29.00275043237291],[-110.95832974911613,29.00212208133286],[-110.95901659275772,28.993506719156134],[-110.9645721951838,28.981194294829525],[-110.95350348572205,28.97759471627832],[-110.9449459100993,28.971733505337507],[-110.92803771971188,28.95804798140018],[-110.92333772945135,28.950033769220664],[-110.97768884764136,28.89701052037398],[-110.96728329143379,28.88777617097359],[-110.88585837831272,28.879085086968413],[-110.8833342343947,28.865628971060527],[-110.90112377166382,28.820556713732085],[-110.87280372420922,28.776007861036536],[-110.86529920694991,28.7431690355332],[-110.9188767517021,28.730385593271585],[-110.95852313117204,28.68408923954487],[-110.9373401197249,28.62440943587777],[-110.92814688352871,28.61643031879301],[-110.85611110005068,28.518162010854],[-110.86238565008428,28.513864634218088],[-110.91496555576649,28.49612096734831],[-110.96417354460525,28.461218271035968],[-111.07246383623466,28.507020499646114],[-111.07454875622261,28.5114874337982]]],[[[-110.95905707360296,29.012940435649938],[-110.96552381725358,29.010038259777165],[-110.97002333682555,29.01351986005982],[-110.96777586021776,29.01948235086887],[-110.96072299300063,29.025533673341354],[-110.96155307243377,29.03235989950346],[-110.9681527203215,29.039444014687874],[-110.97076435721311,29.039285175432052],[-110.97321151404695,29.042090688344278],[-110.9779619148395,29.0417185238737],[-110.98226431058646,29.045068762632322],[-110.98294473547784,29.047494285028378],[-110.97778826611585,29.051274492272036],[-110.97467713401527,29.05068877127508],[-110.97127053891494,29.055461364136207],[-110.96492528266504,29.056187227408742],[-110.96382245607099,29.05889549713615],[-110.96093757222489,29.059949276695363],[-110.9590027057661,29.06735075270287],[-110.95613313609647,29.068426345556542],[-110.94829407692494,29.061711984250593],[-110.94150000028895,29.046489946569608],[-110.92710000851751,29.049074780314573],[-110.93175561141038,29.034025097321322],[-110.93094099662072,29.03042243740618],[-110.93650931031365,29.0244153121753],[-110.94271141457605,29.022525547578333],[-110.94745948056769,29.02545624092743],[-110.9524721479918,29.021382238561824],[-110.9504706115832,29.018845457529142],[-110.95199417052702,29.010974195815244],[-110.95905707360296,29.012940435649938]]]]}},{"type":"Feature","properties":{"clues":"SRSSA004540"},"geometry":{"type":"Polygon","coordinates":[[[-110.6730298994914,28.12545415990774],[-110.71417481585658,28.13189911198123],[-110.73717832007252,28.114701042234714],[-110.74622210820444,28.116963604599416],[-110.79662255950541,28.14616641670726],[-110.80780995802776,28.163842781816843],[-110.78667822834099,28.189605779913435],[-110.72224452954313,28.190534124709128],[-110.71926759647293,28.194535670215604],[-110.70452138220213,28.205239988982886],[-110.69867753187681,28.213218151892594],[-110.66512872674777,28.21506119675444],[-110.65833363631273,28.217812174312133],[-110.64408906213981,28.22062774232523],[-110.63163008997633,28.181014260011516],[-110.62024401156788,28.17528451298656],[-110.61845307132118,28.162743174546595],[-110.62409379420983,28.140479527969212],[-110.61534508543959,28.118464848239583],[-110.63643809546306,28.103681877981334],[-110.66375425268234,28.122611054117776],[-110.6675246385282,28.127633565493973],[-110.6730298994914,28.12545415990774]]]}},{"type":"Feature","properties":{"clues":"SRIMB001305"},"geometry":{"type":"Polygon","coordinates":[[[-110.2607496049607,29.912658302809344],[-110.27686694372319,29.919194394501115],[-110.28593600767324,29.901941803033534],[-110.33829871593828,29.831420925001925],[-110.35625966570504,29.839064135071997],[-110.45793278020014,29.927978069601107],[-110.4290478527284,30.05487486328445],[-110.4047509107049,30.06120545775622],[-110.35913663313812,30.05665274388748],[-110.31833618286699,30.029032032808857],[-110.3069404045216,30.01602482537967],[-110.29766356746349,30.0003012493553],[-110.27602973855547,29.946800218439492],[-110.23185346218696,29.95426615363051],[-110.220228398819,29.96225754541656],[-110.07293433893248,29.929525532108613],[-110.08526212288223,29.92300979036133],[-110.1339797197744,29.887012804520904],[-110.14157888474647,29.88073793384601],[-110.16383891484195,29.855520725109614],[-110.20916028457131,29.856682596642134],[-110.21886597829841,29.86744142040559],[-110.2290548032901,29.89630620014032],[-110.2607496049607,29.912658302809344]]]}},{"type":"Feature","properties":{"clues":"SRSSA000014"},"geometry":{"type":"Polygon","coordinates":[[[-110.31849123178557,29.78689255358588],[-110.29057707958945,29.770511887046585],[-110.21445913326208,29.81512371371636],[-110.19976252582056,29.814851748085307],[-110.17270629896278,29.820815479183075],[-110.1701977890718,29.80251375382855],[-110.16344510683669,29.78807457969834],[-110.15208835099908,29.77186939326886],[-110.24505645752224,29.725340441341388],[-110.2327359693285,29.698470095137182],[-110.23424565185036,29.687584721592113],[-110.33459523101627,29.66239121549978],[-110.34319351695078,29.745420605425068],[-110.31849123178557,29.78689255358588]]]}},{"type":"Feature","properties":{"clues":"SRIMB000610"},"geometry":{"type":"MultiPolygon","coordinates":[[[[-110.13019323073686,28.426884832075626],[-110.1719580289052,28.41998384079074],[-110.18667705687146,28.480105057109004],[-110.14644621453189,28.49495286225356],[-110.12794074479777,28.44933503443232],[-110.13019323073686,28.426884832075626]]],[[[-110.00718593050071,28.540431114971206],[-110.02255086347024,28.531107761465684],[-110.10505924609045,28.514426137278036],[-110.1322747966717,28.513190129978003],[-110.15292521332928,28.558245138035858],[-110.2055637089799,28.561521595219272],[-110.2202113964706,28.58419296622553],[-110.2234564041471,28.596764909656557],[-110.18373712400188,28.635437388113857],[-110.17607347923233,28.681568695480887],[-110.16074312996602,28.704571174303165],[-110.15507045304682,28.719993541122435],[-110.082731802728,28.725682442185303],[-110.07450802367212,28.72761921846774],[-110.06440087468296,28.765456172568502],[-109.95859103001061,28.807898326025846],[-109.95254902005549,28.814001564348306],[-109.91374693464107,28.811410047889357],[-109.90824324779777,28.808579219094824],[-109.87014101746225,28.82308040241886],[-109.80329771201923,28.81963584988837],[-109.77128698059245,28.78744576596044],[-109.76285949476879,28.785824862369417],[-109.7018737046761,28.7111373709674],[-109.6926777014127,28.690465758571793],[-109.78098620572663,28.666411145148942],[-109.76970655628905,28.60464634339592],[-109.77565676191503,28.59571090546077],[-109.84259002378903,28.62299616772201],[-109.85894639056278,28.605755554755113],[-109.8660712858428,28.572740029869784],[-109.84606360995997,28.532243456133234],[-109.89016317803573,28.47675742743678],[-109.91738464102892,28.472755001141966],[-109.97859969052195,28.553752933840197],[-109.99464866666582,28.55644305829877],[-110.00718593050071,28.540431114971206]]]]}},{"type":"Feature","properties":{"clues":"SRSSA003036"},"geometry":{"type":"Polygon","coordinates":[[[-109.87014101746225,28.82308040241886],[-109.90824324779777,28.808579219094824],[-109.91374693464107,28.811410047889357],[-109.93354769930797,28.94411546437604],[-109.89145702229156,28.943857876066016],[-109.86351802609592,28.96834925013107],[-109.84649110153303,29.052311509088298],[-109.81376585530221,29.049138462922905],[-109.72496198319328,29.098407630699256],[-109.67552283329196,29.095448399151074],[-109.66811066217366,29.088995247984688],[-109.6974709467906,28.998848795488694],[-109.68452075107933,28.979028395195154],[-109.6685368937377,28.89999154347429],[-109.68646707851603,28.872327408085376],[-109.6848590037525,28.849693135708634],[-109.76285949476879,28.785824862369417],[-109.77128698059245,28.78744576596044],[-109.80329771201923,28.81963584988837],[-109.87014101746225,28.82308040241886]]]}},{"type":"Feature","properties":{"clues":"SCCSA002889"},"geometry":{"type":"Polygon","coordinates":[[[-93.33496807634847,18.436882312341098],[-93.28763595245269,18.43904942481479],[-93.30018692504345,18.398066817060535],[-93.31741749154622,18.406792521426212],[-93.33313314381249,18.42703516470115],[-93.33496807634847,18.436882312341098]]]}},{"type":"Feature","properties":{"clues":"SCCSA002738"},"geometry":{"type":"Polygon","coordinates":[[[-93.53739882988427,18.31414292013533],[-93.5401744911117,18.298890945786678],[-93.5429581097331,18.29492146262625],[-93.55721586535434,18.298836069730314],[-93.5688666786203,18.282570152643448],[-93.59878226450424,18.29149853006984],[-93.61485573304248,18.32496160679323],[-93.59909832926108,18.33415787610018],[-93.58150490976126,18.35662282295345],[-93.540235476846,18.33136335478856],[-93.54118438932038,18.317997674585122],[-93.53739882988427,18.31414292013533]]]}},{"type":"Feature","properties":{"clues":"TCIMB001491"},"geometry":{"type":"Polygon","coordinates":[[[-93.35909951242715,18.256124486729686],[-93.38109798978479,18.253745467573296],[-93.38874458164169,18.26482331704913],[-93.38921230384359,18.268994976519615],[-93.41174781660371,18.28359606912907],[-93.40665678295323,18.303693223120597],[-93.40783716923062,18.30527380369686],[-93.40593555023646,18.331127190274934],[-93.39194943750438,18.3386635308509],[-93.38262506212759,18.33423724414439],[-93.38137534084288,18.326408217962978],[-93.37561372372618,18.318955432221305],[-93.37587848370387,18.30350152621507],[-93.36499968986915,18.295695034519248],[-93.36685206494812,18.28471814952527],[-93.3738966172735,18.279352559288313],[-93.35909951242715,18.256124486729686]]]}},{"type":"Feature","properties":{"clues":"TCIMB001824"},"geometry":{"type":"MultiPolygon","coordinates":[[[[-93.29060551248737,18.0360354673427],[-93.3030885978947,18.03590748393009],[-93.30886093912021,18.047759666551414],[-93.29565101722342,18.05532261151361],[-93.29060551248737,18.0360354673427]]],[[[-93.28815397892674,18.080080866862517],[-93.28550548814385,18.081279191680125],[-93.2675892143305,18.067460342042672],[-93.26715236452397,18.064813644083173],[-93.27231151891891,18.056857353761995],[-93.29528246257124,18.058698573485607],[-93.29621173213012,18.060924513705302],[-93.28815397892674,18.080080866862517]]]]}},{"type":"Feature","properties":{"clues":"TCIMB003970"},"geometry":{"type":"Polygon","coordinates":[[[-93.24521767032599,18.222038645140987],[-93.24254809330517,18.223123429313315],[-93.24013847320681,18.242545697211213],[-93.22628120103953,18.24219533172712],[-93.21784119008227,18.230755182401918],[-93.2313202620223,18.22071598974592],[-93.22485707526506,18.20873709431089],[-93.23802484335035,18.19659242715385],[-93.24741435617915,18.195147838676153],[-93.25173388855757,18.2016381684917],[-93.24521767032599,18.222038645140987]]]}},{"type":"Feature","properties":{"clues":"TCIMB001684"},"geometry":{"type":"Polygon","coordinates":[[[-93.17663457843724,18.11189875184298],[-93.17480736312827,18.113191836710843],[-93.15875188862796,18.105338035662516],[-93.14500234474043,18.112903597134057],[-93.13659739917125,18.102203342377383],[-93.13279763645075,18.087146015959167],[-93.14858286308959,18.08539564358197],[-93.1501175537802,18.086219419387273],[-93.15643323281674,18.08463312815826],[-93.16736796587668,18.085208569160237],[-93.18378407995291,18.09236545289378],[-93.17663457843724,18.11189875184298]]]}},{"type":"Feature","properties":{"clues":"TCIMB001334"},"geometry":{"type":"Polygon","coordinates":[[[-93.11482281487694,18.219015126935915],[-93.12231449294626,18.2292576419982],[-93.12596414962093,18.228198848000396],[-93.13137743784483,18.231243447426696],[-93.13549639106074,18.24279868201006],[-93.14688796052785,18.24463699238161],[-93.15296139013023,18.242455174701913],[-93.16485397193237,18.257698913661205],[-93.16439957686889,18.262597955573145],[-93.16158264530857,18.268795341125934],[-93.13754044423706,18.26291510729835],[-93.13406246147524,18.264700337085635],[-93.12790303854983,18.2566142774925],[-93.1115490296058,18.25679007596173],[-93.10599039956502,18.25922841848844],[-93.10248892801697,18.24158004691923],[-93.10946927250771,18.236158997299388],[-93.10736976565482,18.226278366036652],[-93.11482281487694,18.219015126935915]]]}},{"type":"Feature","properties":{"clues":"TCIMB001795"},"geometry":{"type":"Polygon","coordinates":[[[-93.05482509172455,18.07718361324],[-93.03242950084888,18.064847512860037],[-93.02919711223227,18.05822741453077],[-93.04274094244587,18.051618124699715],[-93.05992815065025,18.06774174620366],[-93.06868364986565,18.059735196230513],[-93.07528939341844,18.05987649415075],[-93.0920389621911,18.06553359880055],[-93.09162769219895,18.07032879711928],[-93.08206644244066,18.081721509918356],[-93.05732625766994,18.07425180761739],[-93.05482509172455,18.07718361324]]]}},{"type":"Feature","properties":{"clues":"TCIMB002471"},"geometry":{"type":"Polygon","coordinates":[[[-93.06873032927294,18.192613850530893],[-93.07687399667414,18.193592788624425],[-93.08265727786352,18.216917713756096],[-93.07614392102201,18.225609292676733],[-93.05439439376292,18.22826509339704],[-93.05248644861678,18.21766101988185],[-93.0616502280743,18.20940137406624],[-93.06873032927294,18.192613850530893]]]}},{"type":"Feature","properties":{"clues":"TCIMB004974"},"geometry":{"type":"MultiPolygon","coordinates":[[[[-92.92790850244116,18.097640470507745],[-92.92116164170156,18.08516047469469],[-92.93253643556527,18.07982090746334],[-92.9507716983473,18.09533462494657],[-92.95177684136627,18.09889535706648],[-92.92790850244116,18.097640470507745]]],[[[-92.9709678779654,18.128294985918362],[-92.96618388629606,18.127300130684137],[-92.95105313799478,18.112096380490406],[-92.95458188993084,18.102615219474615],[-92.9913511085948,18.089333609360818],[-92.992150404098,18.09069122632318],[-92.9709678779654,18.128294985918362]]]]}},{"type":"Feature","properties":{"clues":"TCIMB004291"},"geometry":{"type":"Polygon","coordinates":[[[-92.94196777358171,18.183598547745092],[-92.94319479240082,18.198856463149415],[-92.93444152635342,18.21050108091478],[-92.9283258151202,18.21183130251827],[-92.9212117703374,18.232103116015857],[-92.89959704868801,18.213260655806366],[-92.88596532323943,18.194602040175262],[-92.89688325953963,18.185466690500924],[-92.92266456575176,18.19303122847294],[-92.9255625370696,18.189778222384184],[-92.94196777358171,18.183598547745092]]]}},{"type":"Feature","properties":{"clues":"SCCSA002771"},"geometry":{"type":"Polygon","coordinates":[[[-92.89997843610742,18.36021744878229],[-92.88596004976343,18.369371321656274],[-92.8674588560521,18.369277884355018],[-92.85478558654893,18.359545930713875],[-92.86023331764346,18.330505488894172],[-92.88604765086096,18.329268891855605],[-92.89997843610742,18.36021744878229]]]}},{"type":"Feature","properties":{"clues":"TSIMB001383"},"geometry":{"type":"Polygon","coordinates":[[[-98.22686306059462,25.49919328644315],[-98.2279593228125,25.51395944735594],[-98.18373332663157,25.565878974281773],[-98.18045968953857,25.567554548680246],[-98.15940545249414,25.55582324132092],[-98.14394406226707,25.528165696394613],[-98.0945806970036,25.52610345572994],[-98.04836990760606,25.48773730163316],[-98.04886066695502,25.485414540833517],[-98.1275925519842,25.452345806671463],[-98.14499896518703,25.45658117494118],[-98.16554224368271,25.448538491356015],[-98.22686306059462,25.49919328644315]]]}},{"type":"Feature","properties":{"clues":"SCCSA002924"},"geometry":{"type":"Polygon","coordinates":[[[-98.06342299905582,22.453951990765834],[-98.07068518495903,22.448986998963125],[-98.07747176470411,22.463092040378243],[-98.07579407288854,22.46998181354653],[-98.06476102448362,22.494094854296815],[-98.05859171363846,22.49982924564711],[-98.05131475503724,22.50159815976005],[-98.04217916649192,22.50046964141443],[-98.0306418193506,22.5096293121526],[-98.0337090216586,22.51914803329726],[-98.03197989527595,22.525359100820594],[-98.0368550872807,22.556328879937425],[-98.03087740622615,22.568096333017717],[-98.02284799932559,22.56629224863121],[-97.975410370736,22.586445995866434],[-97.98147312511817,22.562083644583687],[-97.98774746352014,22.553889898610336],[-97.97928713196433,22.534880905148178],[-97.98045766240082,22.527039219676425],[-97.98719544823098,22.518421174477286],[-97.98099462289046,22.504649362721022],[-97.96969125886598,22.493184054603947],[-97.97565171594535,22.47841754811248],[-97.9741400529152,22.467545352147017],[-97.99162553737061,22.458668708676225],[-98.00399519791176,22.46787987435444],[-98.00783630354279,22.466423021285955],[-98.01817477279201,22.466934481618456],[-98.02387001911626,22.472269993299932],[-98.04273378550418,22.47166931006951],[-98.04707704355478,22.45949856202379],[-98.06342299905582,22.453951990765834]]]}},{"type":"Feature","properties":{"clues":"TSIMB003676"},"geometry":{"type":"Polygon","coordinates":[[[-97.88405389103649,25.120080190497763],[-97.8618480933527,25.104740688093067],[-97.93529603234506,24.998204583745682],[-97.95451454911499,25.00771023999183],[-97.98575663028755,25.01605281527436],[-97.99145883711316,25.025714832778213],[-97.96137912395498,25.127145360803997],[-97.95232450777158,25.131419834555054],[-97.92646490422662,25.118112702248418],[-97.88405389103649,25.120080190497763]]]}},{"type":"Feature","properties":{"clues":"TSIMS001425"},"geometry":{"type":"Polygon","coordinates":[[[-97.91491249143269,23.899647071783146],[-97.92231896239595,23.88266977149673],[-97.93863858948374,23.874052529092587],[-97.9638692804389,23.869760106504547],[-97.9740394767208,23.87337162774088],[-97.99085912883739,23.9445752416967],[-97.99488912341761,23.947146884737645],[-97.98538794225682,23.99372490791824],[-97.9942317894945,24.052900839089563],[-98.0045804922262,24.06719255852907],[-97.96022294081244,24.09397709057339],[-97.94507407114908,24.107810385769497],[-97.92115209580103,24.10364398870617],[-97.9101716906382,24.090336838890142],[-97.87724969732854,24.09489963791818],[-97.87540182133853,24.138868856432218],[-97.86777401527476,24.146160563619716],[-97.83931812852695,24.15137364811761],[-97.82182608256021,24.134456611665215],[-97.82348268438301,24.106163784245783],[-97.81601186734301,24.090889868934596],[-97.79878146641119,24.065306839660074],[-97.78483817211455,24.063239902714294],[-97.76351339113475,24.05169349454679],[-97.75192131318173,24.0426225478424],[-97.73154103370192,24.03333428009704],[-97.7370250341329,23.954874197665053],[-97.76037154553222,23.95761716026503],[-97.81763038702654,23.92853488345533],[-97.82384203577845,23.91668379589048],[-97.83506142178864,23.910933390255213],[-97.83158251030464,23.899154628018792],[-97.84761567972632,23.867566879707923],[-97.85187467826351,23.870674782226377],[-97.86823931990848,23.871840362043507],[-97.87827836856285,23.88353279635426],[-97.88473225842297,23.88199065237562],[-97.91491249143269,23.899647071783146]]]}},{"type":"Feature","properties":{"clues":"TSDIF000061"},"geometry":{"type":"MultiPolygon","coordinates":[[[[-97.93787716485289,22.39415354894616],[-97.93852718668224,22.398776690137066],[-97.93668213568657,22.402134444671866],[-97.92905956951651,22.4060833034239],[-97.92677050165734,22.399991315671382],[-97.92863297704386,22.396412242538055],[-97.92154457331468,22.392290111445796],[-97.93010816109009,22.3891059108863],[-97.93223841461594,22.386708455050098],[-97.93514003048207,22.372926359025637],[-97.9426085448286,22.392745795587956],[-97.93787716485289,22.39415354894616]]],[[[-97.94909160679572,22.405101942392697],[-97.94004129541287,22.412991421395642],[-97.93826425318498,22.403205921689942],[-97.94425177488172,22.402294939223705],[-97.94909160679572,22.405101942392697]]]]}},{"type":"Feature","properties":{"clues":"TSIMB002433"},"geometry":{"type":"Polygon","coordinates":[[[-97.90016581494933,22.377070822634078],[-97.90039631480279,22.374011367712143],[-97.90646681540424,22.373430037375005],[-97.9078607243974,22.3720558564611],[-97.91181493448556,22.374371745905066],[-97.91416856750553,22.37229717637961],[-97.92599810665922,22.376084568215862],[-97.9349603745186,22.371192265043035],[-97.93223841461594,22.386708455050098],[-97.93010816109009,22.3891059108863],[-97.92154457331468,22.392290111445796],[-97.91881308703533,22.391901229079316],[-97.92008974972683,22.382851593378923],[-97.91374882248938,22.3826809770972],[-97.91087492352844,22.385502960977384],[-97.90925117964584,22.385083745577546],[-97.90814586107115,22.381361611562454],[-97.90459109309208,22.38389043834888],[-97.90016581494933,22.377070822634078]]]}},{"type":"Feature","properties":{"clues":"TSIMB000910"},"geometry":{"type":"Polygon","coordinates":[[[-97.86157157065102,25.94846729376846],[-97.87463708364285,25.948585249956945],[-97.87819744496376,25.95033899557375],[-97.88259563823063,25.965435637831096],[-97.86937082784308,25.983336258127377],[-97.87099230737583,25.98895233707585],[-97.87993441042224,25.999809535768723],[-97.89064861119617,26.007655807013446],[-97.8902838948114,26.03167320273473],[-97.87397655909943,26.036136746572126],[-97.86142914215327,26.02944140918147],[-97.85952631962687,26.020423538368707],[-97.85445457538569,26.01297534884001],[-97.82726082051961,25.999298827336588],[-97.81708816925591,25.99593128510198],[-97.80426397551261,25.982848642291714],[-97.80306097276063,25.97015498465275],[-97.798889355604,25.964798643470864],[-97.80333966627141,25.947907520411192],[-97.80130843318354,25.936596581898588],[-97.80308788885584,25.93429961115377],[-97.83053680447198,25.92815226581302],[-97.83655736615894,25.94242991653398],[-97.86157157065102,25.94846729376846]]]}},{"type":"Feature","properties":{"clues":"TSIMB003454"},"geometry":{"type":"Polygon","coordinates":[[[-97.816466348905,25.683922130461404],[-97.82134229287439,25.68222640597608],[-97.8266705704702,25.69363513799722],[-97.82606932768319,25.695652922431886],[-97.82779069996386,25.698807281187314],[-97.82609975524278,25.708365371258044],[-97.82369871657977,25.71220904451027],[-97.82556653441502,25.71690551960079],[-97.84119036591825,25.717078022268957],[-97.8462944063133,25.711513911152913],[-97.86196008255584,25.721353960181638],[-97.85738557751938,25.741910335997428],[-97.85144642498965,25.742577284141014],[-97.83821141568599,25.7478166244023],[-97.83458292882297,25.75238060645712],[-97.80714004842736,25.73804633166097],[-97.80906828151053,25.73159861910656],[-97.80416227928895,25.722834835108888],[-97.78805374629519,25.72281637219466],[-97.7833244579058,25.710313634694813],[-97.77531691049009,25.701509351381848],[-97.78382608867923,25.691178870318275],[-97.78456298831263,25.681544855852987],[-97.78626853675665,25.67865201719408],[-97.7953812896149,25.67571647466352],[-97.8014214820751,25.677122065421756],[-97.8037792324886,25.67595618302571],[-97.8064405130451,25.679262419291202],[-97.80987119491054,25.680758204578012],[-97.8107200017167,25.683095836066116],[-97.816466348905,25.683922130461404]]]}},{"type":"Feature","properties":{"clues":"TSIMB002404"},"geometry":{"type":"Polygon","coordinates":[[[-97.7956651842281,25.630092956482162],[-97.79144832291024,25.637446903652894],[-97.79071153090625,25.65511425681235],[-97.7848992146707,25.6592445284291],[-97.786252519404,25.665557918101484],[-97.79601227367341,25.665491930188228],[-97.79517735390237,25.67116622263563],[-97.78680010218942,25.671215563564694],[-97.78382608867923,25.691178870318275],[-97.77531691049009,25.701509351381848],[-97.7833244579058,25.710313634694813],[-97.78805374629519,25.72281637219466],[-97.77516163939916,25.747722703917102],[-97.76844569079738,25.74776028789893],[-97.74763821428611,25.73979471389045],[-97.732320083636,25.739346139524542],[-97.70162370736078,25.754650674397883],[-97.69284018940736,25.747184901824138],[-97.68393257681356,25.743812063186112],[-97.66733500316876,25.7232307487046],[-97.67773922005871,25.698889255206012],[-97.66520358742257,25.6759782696036],[-97.66663227313774,25.66942282108807],[-97.66576464615675,25.641732096574202],[-97.66697823078977,25.63854900747096],[-97.66665772947974,25.629844094952727],[-97.66365363584063,25.624724774504138],[-97.68267168348345,25.613979103976543],[-97.68222771630289,25.601387881833222],[-97.71648052922622,25.60302442573979],[-97.71551737449317,25.58714629987069],[-97.73440959130068,25.58692254724453],[-97.74547646540488,25.580226121624],[-97.74837970349299,25.59054156833373],[-97.76372924279,25.59078379067117],[-97.76851948636696,25.578616470461657],[-97.78172264531706,25.579776207396492],[-97.78028829382612,25.59471828334597],[-97.7856327537341,25.60069542620512],[-97.78488646133295,25.604585649089923],[-97.79192530178516,25.619373620670135],[-97.79607194114112,25.62306080974626],[-97.7956651842281,25.630092956482162]]]}},{"type":"Feature","properties":{"clues":"TSIMS001046"},"geometry":{"type":"MultiPolygon","coordinates":[[[[-97.45204467974942,25.85869380007881],[-97.45554752553,25.847750465470646],[-97.46319446475354,25.848213736416184],[-97.46679139288064,25.853046370218273],[-97.4711191220508,25.855325786120975],[-97.47193930079038,25.86027470607556],[-97.46615240615603,25.86296594453478],[-97.45695638059674,25.870459536949088],[-97.45595233947726,25.867708220101637],[-97.45395736860173,25.86724896888379],[-97.45014165896036,25.871995060363602],[-97.44791882983941,25.87212134964085],[-97.44482953937649,25.866269829887372],[-97.44770736986625,25.863444519958097],[-97.44824475002117,25.859314479786924],[-97.45204467974942,25.85869380007881]]],[[[-97.47757053576312,25.860645352745408],[-97.48120018234592,25.856453266727254],[-97.48534444693782,25.859581658302513],[-97.48153612316518,25.864035911119977],[-97.48115221632892,25.86674646377584],[-97.48296305104529,25.86997194090871],[-97.47994821702089,25.87563336858278],[-97.48108292924333,25.88038948038341],[-97.46898941970807,25.88891874890082],[-97.46839746002898,25.883966649179317],[-97.47474274027866,25.87972087965973],[-97.47349121231545,25.876191663998394],[-97.47861390986415,25.875266183452563],[-97.47453662277347,25.867349820757102],[-97.47454807125024,25.86173450974818],[-97.47757053576312,25.860645352745408]]]]}},{"type":"Feature","properties":{"clues":"VZIMB004372"},"geometry":{"type":"Polygon","coordinates":[[[-97.86272410275616,21.49340583931387],[-97.86328810250203,21.512396119034257],[-97.84577573966511,21.523117177337607],[-97.84943017384259,21.53020468875548],[-97.87303034019246,21.530423007763087],[-97.87713800514511,21.5392124025916],[-97.87821175020214,21.54814841943665],[-97.88064404201938,21.550896413060688],[-97.87683241702062,21.557704135759845],[-97.87133655274444,21.560426199692113],[-97.86962082373222,21.56439080387762],[-97.85750479600317,21.56710363692836],[-97.85449056230318,21.570220034890596],[-97.85377807852423,21.580690095945883],[-97.82992985399113,21.573755183001197],[-97.82590749888595,21.570295596095445],[-97.81359914377292,21.565377675058066],[-97.79611832880144,21.560679831718282],[-97.79534094185324,21.558282561406525],[-97.77089993249714,21.55177469753411],[-97.74582520890924,21.55082051993822],[-97.73879136543567,21.546701911729382],[-97.73825874898182,21.53249714911711],[-97.74684175235143,21.51211235838023],[-97.74567659159231,21.510032375646798],[-97.7492451700943,21.49220008649509],[-97.74360664104535,21.4885941172265],[-97.73269026274099,21.494946362024567],[-97.72551137030439,21.477666206333303],[-97.72805431307592,21.4764427992377],[-97.7409266106565,21.47675674853934],[-97.74598577467243,21.47108205026025],[-97.750736263905,21.47076697803002],[-97.7582098604036,21.458039831561013],[-97.75703292038675,21.449778612889755],[-97.75117837409356,21.4466768864418],[-97.7444256573634,21.447504779095155],[-97.7356789351174,21.45080708917428],[-97.73382264664617,21.443901437923362],[-97.72160963952967,21.43619040028961],[-97.72131638457093,21.433414844403195],[-97.72379580445364,21.43088323783573],[-97.73435182292597,21.42811025027889],[-97.74104198171416,21.41911332379395],[-97.74350568640517,21.41135051669059],[-97.74931768305619,21.4102717657861],[-97.7541138977265,21.390692060627842],[-97.75756374449718,21.392161188971777],[-97.76364125135727,21.403252801839933],[-97.7629785178955,21.405529210548806],[-97.77118728682119,21.413813441251616],[-97.78048595721215,21.40960360231497],[-97.78649237870152,21.423526540320633],[-97.78159134934475,21.43195726627612],[-97.77518793474574,21.43399320723479],[-97.77221434101942,21.440454472831043],[-97.77941381897162,21.44537443215426],[-97.78507147292318,21.443558018432313],[-97.79728926629556,21.450000639641328],[-97.7937027991978,21.456884755476768],[-97.80112864714853,21.462776986756896],[-97.8069391033934,21.463857491635704],[-97.80997494093972,21.469926781376294],[-97.81335433331229,21.47094099333959],[-97.82242863069307,21.46349839282541],[-97.82705833406632,21.470656553437358],[-97.8357934373833,21.4788613575507],[-97.84267238432265,21.473896117302864],[-97.85727117885673,21.483129408709683],[-97.85864600879772,21.49158423165547],[-97.86272410275616,21.49340583931387]]]}},{"type":"Feature","properties":{"clues":"SCCSA003071"},"geometry":{"type":"Polygon","coordinates":[[[-97.79820508532234,21.021548008668407],[-97.80615169241138,21.032738564314478],[-97.80393577363293,21.03972308337522],[-97.81901179283547,21.057510273219872],[-97.8264377509981,21.061037235535466],[-97.8302587912424,21.064558152322324],[-97.83118960430836,21.092620949245333],[-97.82638908902113,21.096285656394098],[-97.80873072951933,21.09725259109714],[-97.78846294955672,21.072493927448114],[-97.7823763362302,21.071201308591853],[-97.77534573448357,21.064195622475467],[-97.77970344582214,21.048770291021324],[-97.77638220830444,21.02767175944659],[-97.79820508532234,21.021548008668407]]]}},{"type":"Feature","properties":{"clues":"VZIMB001572"},"geometry":{"type":"Polygon","coordinates":[[[-97.6234929516772,21.339144658428804],[-97.6256423860264,21.338013860518725],[-97.63315194373598,21.348303038090812],[-97.64336416718088,21.348210834307878],[-97.6460987168158,21.353128911382438],[-97.63372532181354,21.359756930055777],[-97.63896266154359,21.36689648111267],[-97.63778518621245,21.37379785797964],[-97.6282293880049,21.376878805590227],[-97.61828194887566,21.37440457585367],[-97.61476841989793,21.375203765077156],[-97.6118195155576,21.378302392054295],[-97.59960780312568,21.381056586014875],[-97.58858915242631,21.394983391956597],[-97.57749523750569,21.393612957703148],[-97.5738693935649,21.386507772628377],[-97.57437815509901,21.374865557175497],[-97.57587513838776,21.373209142016922],[-97.57887123845731,21.348827636455056],[-97.58427454850874,21.34959289247815],[-97.5956353752193,21.33098383356409],[-97.60273063632016,21.322687825075548],[-97.60812991381617,21.32794356308185],[-97.61063443475162,21.336112485788952],[-97.6234929516772,21.339144658428804]]]}},{"type":"Feature","properties":{"clues":"SCCSA003264"},"geometry":{"type":"Polygon","coordinates":[[[-97.44642320185054,20.887030687551828],[-97.45242287065317,20.896862586602342],[-97.44663785034643,20.906995196499462],[-97.44589836294406,20.914431325247005],[-97.44347709563662,20.917862237941314],[-97.437667571463,20.920396517517613],[-97.43071159896036,20.92033328517779],[-97.42415432936822,20.923058653284805],[-97.4255404888526,20.934006244716038],[-97.42095706771117,20.935371429968672],[-97.41649336820471,20.93201440743904],[-97.40943139630933,20.93411776728721],[-97.40673846490218,20.928282022861886],[-97.41062998730462,20.924823473514607],[-97.41111862528767,20.919438084166753],[-97.42035285070824,20.920733167493694],[-97.42113169487489,20.90979343703753],[-97.42619801459908,20.912888302440606],[-97.42840590670582,20.912007263960835],[-97.42721541726866,20.90767509610201],[-97.4302006524508,20.904927376600366],[-97.42883515434679,20.900349449972396],[-97.433510562649,20.899111273660946],[-97.43339535805296,20.89139168630165],[-97.42381701101486,20.884559751041426],[-97.41847456213269,20.88542834825146],[-97.41158609704435,20.87556710957371],[-97.40981002905133,20.86546050003316],[-97.42668377636443,20.857680456650968],[-97.43507281176481,20.859373747970984],[-97.441409575227,20.86416571153662],[-97.44667552258746,20.863290104684456],[-97.45194151323271,20.860399536771702],[-97.464433944886,20.875030975026004],[-97.45456388397,20.87800927905965],[-97.4530977353318,20.876408341283256],[-97.44642320185054,20.887030687551828]]]}},{"type":"Feature","properties":{"clues":"VZIMB007966"},"geometry":{"type":"Polygon","coordinates":[[[-97.41083275823199,20.951010027247598],[-97.41722623268902,20.959460836072687],[-97.41961703499213,20.973767230559318],[-97.43070548784688,20.988924775949865],[-97.42578748042314,20.995325657453254],[-97.40793377159002,20.994002152997773],[-97.40656423312608,20.99008511133311],[-97.395650321489,20.983938358502208],[-97.3990827618722,20.975752476774705],[-97.39624836876456,20.968820674761503],[-97.38866445532699,20.970420384247713],[-97.38322607042929,20.968251569337216],[-97.38057749787487,20.964459738362837],[-97.38129318653452,20.963375928551685],[-97.38612284761719,20.96420079426119],[-97.39011997391103,20.961194059829612],[-97.39047718836308,20.957363579016004],[-97.39264248167814,20.95580883876892],[-97.39760793332042,20.959197839216674],[-97.4000879058309,20.95563127780604],[-97.40498342750837,20.957596337312207],[-97.40842559571931,20.956777086119445],[-97.41083275823199,20.951010027247598]]]}},{"type":"Feature","properties":{"clues":"VZIMB001333"},"geometry":{"type":"Polygon","coordinates":[[[-96.52483113114212,18.759274143432787],[-96.51519264429776,18.7612245232589],[-96.50601350783448,18.7751754811258],[-96.50085488718068,18.772939783013125],[-96.4902495463454,18.772718439595437],[-96.48563877057823,18.777759261458776],[-96.47628505513815,18.78044205376784],[-96.46928189217745,18.771822036771148],[-96.46093271703224,18.765769657487464],[-96.45729822315153,18.754660351119966],[-96.44988927835655,18.75383857766146],[-96.44471599309576,18.750241387861628],[-96.4230402415289,18.75504052391143],[-96.41682623602588,18.750388177489217],[-96.42621054552785,18.739449268107848],[-96.43918195125227,18.734205307980456],[-96.4422702445757,18.731124902710526],[-96.45548773282968,18.728959706245103],[-96.46569261484726,18.735260423688736],[-96.4726510280621,18.74565715278545],[-96.484542377706,18.74638268900142],[-96.5066004892119,18.740047092951457],[-96.51802368199884,18.72813877640346],[-96.53711842159315,18.722831267178663],[-96.55244961882146,18.740904646679766],[-96.57395826704536,18.729616712314822],[-96.58688861588038,18.737716554527566],[-96.59563223826623,18.73390919934763],[-96.60047342007546,18.73008886723995],[-96.61007389146398,18.73239256385798],[-96.6143543129662,18.746747911557552],[-96.61861586443625,18.75004406908863],[-96.62339387223241,18.76185855022621],[-96.61598364362709,18.769566885954383],[-96.59721703459607,18.75802872265049],[-96.58967254442888,18.759514813273185],[-96.58442032197253,18.757316628837035],[-96.5788492842029,18.75955317215367],[-96.56143558177078,18.760763305176255],[-96.56026970505974,18.75915868060985],[-96.54428957247576,18.75457218247489],[-96.53375224350847,18.759009141466528],[-96.53168405456736,18.761622926891377],[-96.52483113114212,18.759274143432787]]]}},{"type":"Feature","properties":{"clues":"VZIMB004150"},"geometry":{"type":"Polygon","coordinates":[[[-96.46367595700647,19.073593016806857],[-96.47274804894685,19.080038564043264],[-96.47527972295858,19.08601104102597],[-96.46950308381868,19.094960807616772],[-96.47835764366832,19.117964277615325],[-96.49848948149432,19.14002618416672],[-96.48797301610796,19.146111188923786],[-96.47621989536987,19.142625367464547],[-96.46269625870531,19.147335001012234],[-96.45767953784431,19.161165652628355],[-96.44792317457649,19.166149953543687],[-96.42920278061037,19.150820219664958],[-96.4238986082086,19.139631430919927],[-96.42691790754095,19.12347337913652],[-96.42323242675528,19.119841476278033],[-96.41936373751841,19.10703940866886],[-96.42189509063314,19.086301254600624],[-96.4287789310336,19.07703410936958],[-96.4387954046203,19.083731155461628],[-96.44083237018086,19.083732602984526],[-96.46367595700647,19.073593016806857]]]}},{"type":"Feature","properties":{"clues":"SCCSA003291"},"geometry":{"type":"MultiPolygon","coordinates":[[[[-96.14915595626063,19.2004815287455],[-96.15105121482863,19.201014352279984],[-96.15525760615402,19.198669413299463],[-96.1585509272093,19.201914234796487],[-96.15875637071856,19.204734696318614],[-96.1535224365146,19.20735258091131],[-96.15244844830565,19.21004895284968],[-96.15467597010041,19.216216249788086],[-96.13255659126514,19.217997719520252],[-96.12712949026148,19.21705914901925],[-96.12296545963633,19.213062059318617],[-96.12352968020777,19.20861617959536],[-96.1215928326724,19.205695327086502],[-96.12374396989489,19.208179179106565],[-96.12344586705119,19.205371461848152],[-96.12410577010101,19.20814254946842],[-96.12541258032705,19.205441999510892],[-96.12546645045443,19.207403509660153],[-96.12669510994617,19.20759562982967],[-96.12691091034642,19.205392509873768],[-96.1269326200363,19.207536979187083],[-96.13256902999494,19.20939071913622],[-96.13194493979053,19.210311419770658],[-96.13313462171908,19.209905188839276],[-96.13538698711945,19.21411886144237],[-96.1364593697621,19.21214310923265],[-96.13677647918222,19.213887061327583],[-96.13933801230537,19.213491093276783],[-96.13832425983448,19.211212879620224],[-96.14027597012887,19.21005765914371],[-96.13674971016385,19.209827549145935],[-96.13880346012219,19.207829289544193],[-96.13656808993437,19.20885767897269],[-96.13868457962371,19.207612619010046],[-96.13808430997597,19.206704109678913],[-96.13487565959517,19.207437999462158],[-96.13768936779144,19.20574697259157],[-96.14085365249676,19.20891144145562],[-96.14256202237013,19.208451725760895],[-96.14915595626063,19.2004815287455]]],[[[-96.13570567984765,19.205425199361805],[-96.13552920833482,19.20515790312003],[-96.13596235680518,19.20527602150231],[-96.13570567984765,19.205425199361805]]],[[[-96.15430973951784,19.217904799666208],[-96.14173896336223,19.217984152687983],[-96.13169819983148,19.21972818284491],[-96.14179045980941,19.21761451941451],[-96.15436631998821,19.217548849721002],[-96.15560429471488,19.216586337018686],[-96.15430973951784,19.217904799666208]]],[[[-96.1577426822239,19.23585734477758],[-96.15378816503691,19.229259789865473],[-96.15742137906763,19.226388378916326],[-96.15577667995616,19.23177908096287],[-96.1577426822239,19.23585734477758]]]]}},{"type":"Feature","properties":{"clues":"VZIMB001222"},"geometry":{"type":"Polygon","coordinates":[[[-96.39791471825765,18.782802911464664],[-96.40935977768464,18.7778997204958],[-96.41572242916763,18.778845439426124],[-96.42263717238235,18.77508091805851],[-96.43146626137165,18.784037915331748],[-96.4297006039819,18.795526205953006],[-96.43246751911887,18.79849164891365],[-96.44255465489555,18.800303869063725],[-96.44467371684246,18.80335188622292],[-96.45204054477675,18.819792856592816],[-96.44829919003811,18.8278293719887],[-96.44265533597606,18.829191030379636],[-96.43667024704322,18.83551053309281],[-96.43790944266682,18.83976016979775],[-96.43724610256777,18.85149991181347],[-96.42449565284005,18.850920435726177],[-96.41895519741915,18.856793495822707],[-96.41834241811482,18.859076047858217],[-96.42130442381622,18.863209178151006],[-96.41670593451958,18.87947427538096],[-96.40900212279993,18.868558081728125],[-96.40528482944666,18.868973419552837],[-96.39532490317089,18.861108609562425],[-96.38901564599765,18.865549793368952],[-96.37290685345768,18.867766159422487],[-96.36525225095959,18.875404984352254],[-96.36347697426503,18.87468698534864],[-96.35622688371545,18.877016802644732],[-96.34721753368933,18.87430830272539],[-96.34286597038593,18.85992503817828],[-96.35564143949345,18.86219276152301],[-96.36658802583061,18.849705427737653],[-96.35742940636172,18.83563843867084],[-96.37033235428439,18.8297940714408],[-96.37586662183368,18.819287844569665],[-96.38493934953244,18.816103648905347],[-96.39389201367179,18.80634866432955],[-96.38008471211941,18.78760938345992],[-96.36773631888379,18.792045268606323],[-96.35871201380176,18.789541473509818],[-96.350985419273,18.766115773382865],[-96.35703127366206,18.763043799333385],[-96.36620842787019,18.764610035952728],[-96.37084823148372,18.767242033830634],[-96.38364975123615,18.7636175831506],[-96.39161858005995,18.766600456103895],[-96.39418850328111,18.7816736234197],[-96.39791471825765,18.782802911464664]]]}},{"type":"Feature","properties":{"clues":"VZIMS001906"},"geometry":{"type":"Polygon","coordinates":[[[-95.87297922364351,18.814699362342985],[-95.88617320373787,18.785382470913174],[-95.91303756586504,18.782497484337956],[-95.92245374044712,18.7698989784977],[-95.94200990868462,18.77681128798562],[-95.96544708078436,18.776431690570195],[-95.97377859504086,18.78839345502435],[-95.97782368688627,18.78977966717532],[-95.99473463590388,18.8085621876143],[-96.0086586470497,18.812951035289235],[-96.01535685291576,18.820649634022356],[-96.01348926134716,18.8276553612419],[-95.98745440347035,18.838844681780103],[-95.98254313182453,18.84628380408485],[-95.98302751608598,18.852696710725958],[-95.97684312195116,18.857903091832203],[-95.94027068248917,18.852640303854592],[-95.93571345153119,18.85524608690447],[-95.92442034266128,18.846365947583475],[-95.90346973662112,18.843211652169472],[-95.89884262347074,18.81444479256437],[-95.87297922364351,18.814699362342985]]]}},{"type":"Feature","properties":{"clues":"SCCSA003084"},"geometry":{"type":"Polygon","coordinates":[[[-95.8041444571108,18.766464918420677],[-95.81120933477925,18.764499151478667],[-95.83353536937278,18.791348127897695],[-95.85222671753776,18.796362351214828],[-95.87296308316706,18.814674385115918],[-95.8612455637184,18.831993206568708],[-95.80560622552596,18.808034271695618],[-95.78088570777435,18.79918416080965],[-95.76400317286136,18.794944025904787],[-95.76211095671488,18.78396051648935],[-95.76780554578023,18.776836422647673],[-95.76638216800437,18.773775502025536],[-95.77912769321296,18.763928153331044],[-95.8041444571108,18.766464918420677]]]}},{"type":"Feature","properties":{"clues":"YNIMS001022"},"geometry":{"type":"Polygon","coordinates":[[[-89.893459545076,20.9428656810779],[-89.92505691086134,20.9600386498482],[-89.92703798693067,20.963603020737608],[-89.93604183973284,20.966460776766144],[-89.93459995427952,20.97027554907457],[-89.93632051425297,20.99963286935509],[-89.94007844636306,21.00937449462154],[-89.93338448683804,21.01094369379476],[-89.90930983553154,20.991402212888612],[-89.89397381427699,20.99257845559668],[-89.88759724307515,20.987436441377398],[-89.87790276292245,20.97510241099479],[-89.891091865578,20.949538250271335],[-89.89131626886137,20.943849847226726],[-89.893459545076,20.9428656810779]]]}},{"type":"Feature","properties":{"clues":"SCCSA003380"},"geometry":{"type":"MultiPolygon","coordinates":[[[[-89.55826987551592,21.017501316362903],[-89.56707302652693,21.020323643458124],[-89.5676377596089,21.02811333172195],[-89.56210171967587,21.03003287567177],[-89.55875080006754,21.028278684231203],[-89.55084519609336,21.032156574588246],[-89.54749227898004,21.048308067531213],[-89.54178829235617,21.054105868009383],[-89.53893355909287,21.047365109574397],[-89.53565675560424,21.04640351029796],[-89.53270288807526,21.051162785272524],[-89.52721897917432,21.04847886783749],[-89.52344138991161,21.05490589705245],[-89.51535501729256,21.0510052306166],[-89.51539949600597,21.040689696023254],[-89.51265810229113,21.03810143382183],[-89.50068016328623,21.004110145987752],[-89.52092106171189,21.0078059192913],[-89.52744839985468,21.01034362853151],[-89.53465119212329,21.017683270906744],[-89.54155853205945,21.016035755293014],[-89.55826987551592,21.017501316362903]]],[[[-89.49172869944331,21.00727688278937],[-89.4902463763172,21.04135447306865],[-89.4845671354084,21.045821810302307],[-89.46078238176726,21.050971118290633],[-89.45829845798035,21.046687073577264],[-89.46731422343152,21.016359698046536],[-89.49172869944331,21.00727688278937]]]]}},{"type":"Feature","properties":{"clues":"ZSIMB002464"},"geometry":{"type":"Polygon","coordinates":[[[-102.4172385340337,22.821675313844896],[-102.42401611965363,22.814439089094165],[-102.42642650202049,22.80908346698989],[-102.43180690760123,22.805469722124016],[-102.43963509154992,22.80355990958852],[-102.44991943483937,22.805362817402326],[-102.4601057937802,22.813858371982157],[-102.46160477988737,22.817013837062788],[-102.46185126365694,22.828278715892207],[-102.46033653558601,22.84493642256189],[-102.46370895573591,22.857476140636493],[-102.47043829233098,22.869317745978318],[-102.46901097911788,22.879617421981134],[-102.46010040170022,22.89028562712629],[-102.41292361853223,22.883049789187353],[-102.41124317757671,22.865936345781606],[-102.38119291256159,22.854155248032107],[-102.39814327497488,22.843715252208806],[-102.40426630555467,22.834876190801264],[-102.41157902601135,22.829116728373144],[-102.41552507923278,22.830154420814868],[-102.4172385340337,22.821675313844896]]]}}]}